o 5b3aea852d36660f8dc55aaa
usemtl Material0
v 0.03172039985656738 0.00014582500443793833 -0.0037724000867456198
v 0.031737200915813446 0.00021719399956054986 -0.003822400001809001
v 0.03172039985656738 0.0001459479972254485 -0.003822400001809001
v 0.03170689940452576 1.0386199712775213e-11 -0.003822400001809001
v 0.03170689940452576 1.0386199712775213e-11 -0.0037724000867456198
v 0.03171030059456825 0.00007346549682551995 -0.0037724000867456198
v 0.031825799494981766 0.0004177000082563609 -0.0037724000867456198
v 0.031825799494981766 0.0004177310038357973 -0.003822400001809001
v 0.031790100038051605 0.00035366800148040056 -0.003822400001809001
v 0.03176039829850197 0.0002864940033759922 -0.003822400001809001
v 0.031737200915813446 0.00021719399956054986 -0.003822400001809001
v 0.03176049888134003 0.0002865940041374415 -0.0037724000867456198
v 0.031965699046850204 0.0005861520185135305 -0.003822400001809001
v 0.03196590021252632 0.0005862889811396599 -0.0037724000867456198
v 0.032022200524806976 0.0006330849719233811 -0.0037724000867456198
v 0.03186729922890663 0.00047825099318288267 -0.003822400001809001
v 0.03186710178852081 0.00047805800568312407 -0.0037724000867456198
v 0.03191399946808815 0.0005344629753381014 -0.0037724000867456198
v 0.032146699726581573 0.0007100829971022904 -0.0037724000867456198
v 0.03221359848976135 0.0007396319997496903 -0.0037724000867456198
v 0.03221369907259941 0.0007396679720841348 -0.003822400001809001
v 0.032022200524806976 0.0006330849719233811 -0.0037724000867456198
v 0.03208250179886818 0.000674369977787137 -0.0037724000867456198
v 0.03208250179886818 0.0006743859848938882 -0.003822400001809001
v 0.0324270986020565 0.0007897610194049776 -0.0037724000867456198
v 0.03242700174450874 0.000789753976278007 -0.003822400001809001
v 0.03235429897904396 0.0007796380086801946 -0.0037724000867456198
v 0.03235410153865814 0.0007796129793860018 -0.003822400001809001
v 0.032283201813697815 0.0007629229803569615 -0.003822400001809001
v 0.032283201813697815 0.0007629240280948579 -0.0037724000867456198
v 0.032645899802446365 0.0007795909768901765 -0.003822400001809001
v 0.03257349878549576 0.0007897089817561209 -0.0037724000867456198
v 0.03264579921960831 0.0007796110003255308 -0.0037724000867456198
v 0.032499998807907104 0.0007931389845907688 -0.003822400001809001
v 0.032499998807907104 0.0007931389845907688 -0.0037724000867456198
v 0.032573599368333817 0.0007896850001998246 -0.003822400001809001
v 0.032786499708890915 0.000739570998121053 -0.003822400001809001
v 0.03278660029172897 0.0007395269931294024 -0.0037724000867456198
v 0.03285370022058487 0.0007099100039340556 -0.003822400001809001
v 0.032717201858758926 0.0007628090097568929 -0.0037724000867456198
v 0.032786499708890915 0.000739570998121053 -0.003822400001809001
v 0.032717201858758926 0.0007628229795955122 -0.003822400001809001
v 0.032917700707912445 0.0006742239929735661 -0.0037724000867456198
v 0.03297809883952141 0.0006328760064207017 -0.0037724000867456198
v 0.032978300005197525 0.0006327040027827024 -0.003822400001809001
v 0.032917700707912445 0.0006742239929735661 -0.0037724000867456198
v 0.032917700707912445 0.000674180977512151 -0.003822400001809001
v 0.03285380080342293 0.0007098509813658893 -0.0037724000867456198
v 0.033086299896240234 0.0005341499927453697 -0.0037724000867456198
v 0.033086199313402176 0.00053432397544384 -0.003822400001809001
v 0.03303449973464012 0.0005859510274603963 -0.003822400001809001
v 0.03303449973464012 0.0005859510274603963 -0.003822400001809001
v 0.032978300005197525 0.0006327040027827024 -0.003822400001809001
v 0.03303449973464012 0.0005859769880771637 -0.0037724000867456198
v 0.033086199313402176 0.00053432397544384 -0.003822400001809001
v 0.03313310071825981 0.0004777570138685405 -0.0037724000867456198
v 0.03313300013542175 0.0004778580041602254 -0.003822400001809001
v 0.03313310071825981 0.0004777570138685405 -0.0037724000867456198
v 0.033086199313402176 0.00053432397544384 -0.003822400001809001
v 0.033086299896240234 0.0005341499927453697 -0.0037724000867456198
v 0.03317439928650856 0.00041745600174181163 -0.003822400001809001
v 0.03313300013542175 0.0004778580041602254 -0.003822400001809001
v 0.03317439928650856 0.0004174899950157851 -0.0037724000867456198
v 0.03313310071825981 0.0004777570138685405 -0.0037724000867456198
v 0.03317439928650856 0.0004174899950157851 -0.0037724000867456198
v 0.03313300013542175 0.0004778580041602254 -0.003822400001809001
v 0.03321009874343872 0.0003532760019879788 -0.0037724000867456198
v 0.03321009874343872 0.00035317300353199244 -0.003822400001809001
v 0.03317439928650856 0.00041745600174181163 -0.003822400001809001
v 0.03317439928650856 0.00041745600174181163 -0.003822400001809001
v 0.03317439928650856 0.0004174899950157851 -0.0037724000867456198
v 0.03321009874343872 0.0003532760019879788 -0.0037724000867456198
v 0.0332396999001503 0.0002862699911929667 -0.003822400001809001
v 0.03321009874343872 0.0003532760019879788 -0.0037724000867456198
v 0.03323959931731224 0.00028636999195441604 -0.0037724000867456198
v 0.03321009874343872 0.0003532760019879788 -0.0037724000867456198
v 0.0332396999001503 0.0002862699911929667 -0.003822400001809001
v 0.03321009874343872 0.00035317300353199244 -0.003822400001809001
v 0.03326290100812912 0.0002168240025639534 -0.003822400001809001
v 0.0332396999001503 0.0002862699911929667 -0.003822400001809001
v 0.03326290100812912 0.00021677199401892722 -0.0037724000867456198
v 0.03323959931731224 0.00028636999195441604 -0.0037724000867456198
v 0.03326290100812912 0.00021677199401892722 -0.0037724000867456198
v 0.0332396999001503 0.0002862699911929667 -0.003822400001809001
v 0.03326290100812912 0.00021677199401892722 -0.0037724000867456198
v 0.033279601484537125 0.00014572299551218748 -0.0037724000867456198
v 0.033279601484537125 0.0001458629994885996 -0.003822400001809001
v 0.033279601484537125 0.0001458629994885996 -0.003822400001809001
v 0.03326290100812912 0.0002168240025639534 -0.003822400001809001
v 0.03326290100812912 0.00021677199401892722 -0.0037724000867456198
v 0.033289700746536255 0.00007358830043813214 -0.003822400001809001
v 0.033279601484537125 0.00014572299551218748 -0.0037724000867456198
v 0.033289700746536255 0.00007346549682551995 -0.0037724000867456198
v 0.033279601484537125 0.00014572299551218748 -0.0037724000867456198
v 0.033289700746536255 0.00007358830043813214 -0.003822400001809001
v 0.033279601484537125 0.0001458629994885996 -0.003822400001809001
v 0.03329309821128845 -1.0386099966175344e-11 -0.003822400001809001
v 0.033289700746536255 0.00007358830043813214 -0.003822400001809001
v 0.03329309821128845 -1.0386099966175344e-11 -0.0037724000867456198
v 0.033289700746536255 0.00007346549682551995 -0.0037724000867456198
v 0.03329309821128845 -1.0386099966175344e-11 -0.0037724000867456198
v 0.033289700746536255 0.00007358830043813214 -0.003822400001809001
v 0.03303449973464012 0.0005859769880771637 -0.0037724000867456198
v 0.032978300005197525 0.0006327040027827024 -0.003822400001809001
v 0.03297809883952141 0.0006328760064207017 -0.0037724000867456198
v 0.03303449973464012 0.0005859769880771637 -0.0037724000867456198
v 0.033086299896240234 0.0005341499927453697 -0.0037724000867456198
v 0.03303449973464012 0.0005859510274603963 -0.003822400001809001
v 0.03285380080342293 0.0007098509813658893 -0.0037724000867456198
v 0.032917700707912445 0.000674180977512151 -0.003822400001809001
v 0.03285370022058487 0.0007099100039340556 -0.003822400001809001
v 0.032917700707912445 0.000674180977512151 -0.003822400001809001
v 0.032917700707912445 0.0006742239929735661 -0.0037724000867456198
v 0.032978300005197525 0.0006327040027827024 -0.003822400001809001
v 0.032786499708890915 0.000739570998121053 -0.003822400001809001
v 0.032717201858758926 0.0007628090097568929 -0.0037724000867456198
v 0.03278660029172897 0.0007395269931294024 -0.0037724000867456198
v 0.03285370022058487 0.0007099100039340556 -0.003822400001809001
v 0.03278660029172897 0.0007395269931294024 -0.0037724000867456198
v 0.03285380080342293 0.0007098509813658893 -0.0037724000867456198
v 0.032717201858758926 0.0007628229795955122 -0.003822400001809001
v 0.032645899802446365 0.0007795909768901765 -0.003822400001809001
v 0.03264579921960831 0.0007796110003255308 -0.0037724000867456198
v 0.032717201858758926 0.0007628229795955122 -0.003822400001809001
v 0.03264579921960831 0.0007796110003255308 -0.0037724000867456198
v 0.032717201858758926 0.0007628090097568929 -0.0037724000867456198
v 0.03257349878549576 0.0007897089817561209 -0.0037724000867456198
v 0.032573599368333817 0.0007896850001998246 -0.003822400001809001
v 0.032499998807907104 0.0007931389845907688 -0.0037724000867456198
v 0.032645899802446365 0.0007795909768901765 -0.003822400001809001
v 0.032573599368333817 0.0007896850001998246 -0.003822400001809001
v 0.03257349878549576 0.0007897089817561209 -0.0037724000867456198
v 0.0324270986020565 0.0007897610194049776 -0.0037724000867456198
v 0.032499998807907104 0.0007931389845907688 -0.003822400001809001
v 0.03242700174450874 0.000789753976278007 -0.003822400001809001
v 0.032499998807907104 0.0007931389845907688 -0.0037724000867456198
v 0.032499998807907104 0.0007931389845907688 -0.003822400001809001
v 0.0324270986020565 0.0007897610194049776 -0.0037724000867456198
v 0.032283201813697815 0.0007629240280948579 -0.0037724000867456198
v 0.03235429897904396 0.0007796380086801946 -0.0037724000867456198
v 0.03235410153865814 0.0007796129793860018 -0.003822400001809001
v 0.03235429897904396 0.0007796380086801946 -0.0037724000867456198
v 0.03242700174450874 0.000789753976278007 -0.003822400001809001
v 0.03235410153865814 0.0007796129793860018 -0.003822400001809001
v 0.03221369907259941 0.0007396679720841348 -0.003822400001809001
v 0.03221359848976135 0.0007396319997496903 -0.0037724000867456198
v 0.032283201813697815 0.0007629229803569615 -0.003822400001809001
v 0.03221359848976135 0.0007396319997496903 -0.0037724000867456198
v 0.032283201813697815 0.0007629240280948579 -0.0037724000867456198
v 0.032283201813697815 0.0007629229803569615 -0.003822400001809001
v 0.03214680030941963 0.0007101239752955735 -0.003822400001809001
v 0.03208250179886818 0.000674369977787137 -0.0037724000867456198
v 0.032146699726581573 0.0007100829971022904 -0.0037724000867456198
v 0.03214680030941963 0.0007101239752955735 -0.003822400001809001
v 0.032146699726581573 0.0007100829971022904 -0.0037724000867456198
v 0.03221369907259941 0.0007396679720841348 -0.003822400001809001
v 0.03208250179886818 0.0006743859848938882 -0.003822400001809001
v 0.03202209994196892 0.0006329959724098444 -0.003822400001809001
v 0.032022200524806976 0.0006330849719233811 -0.0037724000867456198
v 0.03214680030941963 0.0007101239752955735 -0.003822400001809001
v 0.03208250179886818 0.0006743859848938882 -0.003822400001809001
v 0.03208250179886818 0.000674369977787137 -0.0037724000867456198
v 0.031965699046850204 0.0005861520185135305 -0.003822400001809001
v 0.03191399946808815 0.0005345260142348707 -0.003822400001809001
v 0.03196590021252632 0.0005862889811396599 -0.0037724000867456198
v 0.03202209994196892 0.0006329959724098444 -0.003822400001809001
v 0.031965699046850204 0.0005861520185135305 -0.003822400001809001
v 0.032022200524806976 0.0006330849719233811 -0.0037724000867456198
v 0.03186729922890663 0.00047825099318288267 -0.003822400001809001
v 0.03191399946808815 0.0005344629753381014 -0.0037724000867456198
v 0.03191399946808815 0.0005345260142348707 -0.003822400001809001
v 0.03196590021252632 0.0005862889811396599 -0.0037724000867456198
v 0.03191399946808815 0.0005345260142348707 -0.003822400001809001
v 0.03191399946808815 0.0005344629753381014 -0.0037724000867456198
v 0.031825799494981766 0.0004177000082563609 -0.0037724000867456198
v 0.03186710178852081 0.00047805800568312407 -0.0037724000867456198
v 0.031825799494981766 0.0004177310038357973 -0.003822400001809001
v 0.03186710178852081 0.00047805800568312407 -0.0037724000867456198
v 0.03186729922890663 0.00047825099318288267 -0.003822400001809001
v 0.031825799494981766 0.0004177310038357973 -0.003822400001809001
v 0.031790100038051605 0.00035366800148040056 -0.003822400001809001
v 0.03176049888134003 0.0002865940041374415 -0.0037724000867456198
v 0.031790100038051605 0.00035376899177208543 -0.0037724000867456198
v 0.031790100038051605 0.00035376899177208543 -0.0037724000867456198
v 0.031825799494981766 0.0004177000082563609 -0.0037724000867456198
v 0.031790100038051605 0.00035366800148040056 -0.003822400001809001
v 0.031737200915813446 0.00021719399956054986 -0.003822400001809001
v 0.031737200915813446 0.00021722000383306295 -0.0037724000867456198
v 0.03176049888134003 0.0002865940041374415 -0.0037724000867456198
v 0.031790100038051605 0.00035366800148040056 -0.003822400001809001
v 0.03176039829850197 0.0002864940033759922 -0.003822400001809001
v 0.03176049888134003 0.0002865940041374415 -0.0037724000867456198
v 0.03172039985656738 0.00014582500443793833 -0.0037724000867456198
v 0.03172039985656738 0.0001459479972254485 -0.003822400001809001
v 0.03171030059456825 0.00007346549682551995 -0.0037724000867456198
v 0.031737200915813446 0.00021722000383306295 -0.0037724000867456198
v 0.031737200915813446 0.00021719399956054986 -0.003822400001809001
v 0.03172039985656738 0.00014582500443793833 -0.0037724000867456198
v 0.03170689940452576 1.0386199712775213e-11 -0.003822400001809001
v 0.03171030059456825 0.00007346549682551995 -0.0037724000867456198
v 0.03171030059456825 0.00007358830043813214 -0.003822400001809001
v 0.03171030059456825 0.00007346549682551995 -0.0037724000867456198
v 0.03172039985656738 0.0001459479972254485 -0.003822400001809001
v 0.03171030059456825 0.00007358830043813214 -0.003822400001809001
v 0.03234880045056343 -0.00044072000309824944 -0.0037724000867456198
v 0.03240299969911575 -0.00029803698998875916 -0.003729369957000017
v 0.032354600727558136 -0.00027764198603108525 -0.003729369957000017
v 0.032499998807907104 -0.0004659369878936559 -0.0037724000867456198
v 0.03245209902524948 -0.0003097509907092899 -0.003729369957000017
v 0.03242329880595207 -0.00045957599650137126 -0.0037724000867456198
v 0.03240299969911575 -0.00029803698998875916 -0.003729369957000017
v 0.03234880045056343 -0.00044072000309824944 -0.0037724000867456198
v 0.03242329880595207 -0.00045957599650137126 -0.0037724000867456198
v 0.03227829933166504 -0.00040980600169859827 -0.0037724000867456198
v 0.032354600727558136 -0.00027764198603108525 -0.003729369957000017
v 0.03230910003185272 -0.00024860500707291067 -0.003729369957000017
v 0.03227829933166504 -0.00040980600169859827 -0.0037724000867456198
v 0.03234880045056343 -0.00044072000309824944 -0.0037724000867456198
v 0.032354600727558136 -0.00027764198603108525 -0.003729369957000017
v 0.03210999816656113 -0.0002549559867475182 -0.0037724000867456198
v 0.0321572981774807 -0.0003156549937557429 -0.0037724000867456198
v 0.032235801219940186 -0.00016867299564182758 -0.003729369957000017
v 0.03226890042424202 -0.0002117569965776056 -0.003729369957000017
v 0.0321572981774807 -0.0003156549937557429 -0.0037724000867456198
v 0.03221390023827553 -0.0003677709901239723 -0.0037724000867456198
v 0.03218749910593033 -0.000023660599254071712 -0.003729369957000017
v 0.03204840049147606 -0.00011450600140960887 -0.0037724000867456198
v 0.03219500184059143 -0.00007238890248117968 -0.003729369957000017
v 0.032211098819971085 -0.00012145000073360279 -0.003729369957000017
v 0.03219500184059143 -0.00007238890248117968 -0.003729369957000017
v 0.03207340091466904 -0.00018730800366029143 -0.0037724000867456198
v 0.03219500184059143 0.00007238890248117968 -0.003729369957000017
v 0.032048299908638 0.00011424099648138508 -0.0037724000867456198
v 0.0320357009768486 0.000038332898839144036 -0.0037724000867456198
v 0.0320357009768486 -0.000038648500776616856 -0.0037724000867456198
v 0.03218749910593033 0.000023660599254071712 -0.003729369957000017
v 0.0320357009768486 0.000038332898839144036 -0.0037724000867456198
v 0.03215710073709488 0.00031545700039714575 -0.0037724000867456198
v 0.03210990130901337 0.0002547719923313707 -0.0037724000867456198
v 0.03226890042424202 0.0002117569965776056 -0.003729369957000017
v 0.032235801219940186 0.00016867299564182758 -0.003729369957000017
v 0.03207330033183098 0.00018701300723478198 -0.0037724000867456198
v 0.032211098819971085 0.00012145000073360279 -0.003729369957000017
v 0.03227819874882698 0.0004097259952686727 -0.0037724000867456198
v 0.03221379965543747 0.0003676729975268245 -0.0037724000867456198
v 0.032354600727558136 0.00027764198603108525 -0.003729369957000017
v 0.03230910003185272 0.00024860500707291067 -0.003729369957000017
v 0.03215710073709488 0.00031545700039714575 -0.0037724000867456198
v 0.03226890042424202 0.0002117569965776056 -0.003729369957000017
v 0.03234869986772537 0.0004406929947435856 -0.0037724000867456198
v 0.03240299969911575 0.00029803698998875916 -0.003729369957000017
v 0.03245209902524948 0.0003097509907092899 -0.003729369957000017
v 0.03234869986772537 0.0004406929947435856 -0.0037724000867456198
v 0.03227819874882698 0.0004097259952686727 -0.0037724000867456198
v 0.03240299969911575 0.00029803698998875916 -0.003729369957000017
v 0.03245209902524948 0.0003097509907092899 -0.003729369957000017
v 0.032499998807907104 0.00031342700822278857 -0.003729369957000017
v 0.03242329880595207 0.00045957599650137126 -0.0037724000867456198
v 0.03234869986772537 0.0004406929947435856 -0.0037724000867456198
v 0.03245209902524948 0.0003097509907092899 -0.003729369957000017
v 0.03242329880595207 0.00045957599650137126 -0.0037724000867456198
v 0.03242329880595207 0.00045957599650137126 -0.0037724000867456198
v 0.032499998807907104 0.00031342700822278857 -0.003729369957000017
v 0.032499998807907104 0.0004659369878936559 -0.0037724000867456198
v 0.032499998807907104 0.00015799500397406518 -0.003698929911479354
v 0.032499998807907104 0.00031342700822278857 -0.003729369957000017
v 0.03245209902524948 0.0003097509907092899 -0.003729369957000017
v 0.03230910003185272 0.00024860500707291067 -0.003729369957000017
v 0.03221379965543747 0.0003676729975268245 -0.0037724000867456198
v 0.03215710073709488 0.00031545700039714575 -0.0037724000867456198
v 0.03210990130901337 0.0002547719923313707 -0.0037724000867456198
v 0.03207330033183098 0.00018701300723478198 -0.0037724000867456198
v 0.032235801219940186 0.00016867299564182758 -0.003729369957000017
v 0.032211098819971085 0.00012145000073360279 -0.003729369957000017
v 0.03207330033183098 0.00018701300723478198 -0.0037724000867456198
v 0.032048299908638 0.00011424099648138508 -0.0037724000867456198
v 0.032499998807907104 -4.690479775415479e-13 -0.003688239958137274
v 0.032499998807907104 0.00015799500397406518 -0.003698929911479354
v 0.032475899904966354 0.00015614200674463063 -0.003698929911479354
v 0.032475899904966354 0.00015614200674463063 -0.003698929911479354
v 0.032499998807907104 0.00015799500397406518 -0.003698929911479354
v 0.03245209902524948 0.0003097509907092899 -0.003729369957000017
v 0.032354600727558136 0.00027764198603108525 -0.003729369957000017
v 0.03221379965543747 0.0003676729975268245 -0.0037724000867456198
v 0.03230910003185272 0.00024860500707291067 -0.003729369957000017
v 0.03227819874882698 0.0004097259952686727 -0.0037724000867456198
v 0.032354600727558136 0.00027764198603108525 -0.003729369957000017
v 0.03240299969911575 0.00029803698998875916 -0.003729369957000017
v 0.03245110064744949 0.00015023699961602688 -0.003698929911479354
v 0.032499998807907104 -4.690479775415479e-13 -0.003688239958137274
v 0.032475899904966354 0.00015614200674463063 -0.003698929911479354
v 0.03226890042424202 0.0002117569965776056 -0.003729369957000017
v 0.03210990130901337 0.0002547719923313707 -0.0037724000867456198
v 0.032235801219940186 0.00016867299564182758 -0.003729369957000017
v 0.032354600727558136 0.00027764198603108525 -0.003729369957000017
v 0.03245110064744949 0.00015023699961602688 -0.003698929911479354
v 0.03240299969911575 0.00029803698998875916 -0.003729369957000017
v 0.03235429897904396 0.00006122150080045685 -0.003698929911479354
v 0.0323668010532856 0.00008502599666826427 -0.003698929911479354
v 0.032211098819971085 0.00012145000073360279 -0.003729369957000017
v 0.032354600727558136 0.00027764198603108525 -0.003729369957000017
v 0.03242669999599457 0.00013995599874760956 -0.003698929911479354
v 0.03245110064744949 0.00015023699961602688 -0.003698929911479354
v 0.03240380063652992 0.00012531899847090244 -0.003698929911479354
v 0.03242669999599457 0.00013995599874760956 -0.003698929911479354
v 0.03230910003185272 0.00024860500707291067 -0.003729369957000017
v 0.03218749910593033 0.000023660599254071712 -0.003729369957000017
v 0.03219500184059143 0.00007238890248117968 -0.003729369957000017
v 0.0320357009768486 0.000038332898839144036 -0.0037724000867456198
v 0.03219500184059143 0.00007238890248117968 -0.003729369957000017
v 0.032211098819971085 0.00012145000073360279 -0.003729369957000017
v 0.032048299908638 0.00011424099648138508 -0.0037724000867456198
v 0.03240380063652992 0.00012531899847090244 -0.003698929911479354
v 0.03230910003185272 0.00024860500707291067 -0.003729369957000017
v 0.03226890042424202 0.0002117569965776056 -0.003729369957000017
v 0.03218749910593033 -0.000023660599254071712 -0.003729369957000017
v 0.03218749910593033 0.000023660599254071712 -0.003729369957000017
v 0.0320357009768486 -0.000038648500776616856 -0.0037724000867456198
v 0.032383501529693604 0.00010674400255084038 -0.003698929911479354
v 0.03226890042424202 0.0002117569965776056 -0.003729369957000017
v 0.032235801219940186 0.00016867299564182758 -0.003729369957000017
v 0.032235801219940186 0.00016867299564182758 -0.003729369957000017
v 0.0323668010532856 0.00008502599666826427 -0.003698929911479354
v 0.032383501529693604 0.00010674400255084038 -0.003698929911479354
v 0.03219500184059143 -0.00007238890248117968 -0.003729369957000017
v 0.03204840049147606 -0.00011450600140960887 -0.0037724000867456198
v 0.03207340091466904 -0.00018730800366029143 -0.0037724000867456198
v 0.03218749910593033 -0.000023660599254071712 -0.003729369957000017
v 0.0320357009768486 -0.000038648500776616856 -0.0037724000867456198
v 0.03204840049147606 -0.00011450600140960887 -0.0037724000867456198
v 0.032211098819971085 0.00012145000073360279 -0.003729369957000017
v 0.0323668010532856 0.00008502599666826427 -0.003698929911479354
v 0.032235801219940186 0.00016867299564182758 -0.003729369957000017
v 0.032211098819971085 -0.00012145000073360279 -0.003729369957000017
v 0.03207340091466904 -0.00018730800366029143 -0.0037724000867456198
v 0.03210999816656113 -0.0002549559867475182 -0.0037724000867456198
v 0.03235429897904396 0.00006122150080045685 -0.003698929911479354
v 0.03219500184059143 0.00007238890248117968 -0.003729369957000017
v 0.03234630078077316 0.00003649040081654675 -0.003698929911479354
v 0.03234250098466873 0.00001192699983221246 -0.003698929911479354
v 0.03234630078077316 0.00003649040081654675 -0.003698929911479354
v 0.03218749910593033 0.000023660599254071712 -0.003729369957000017
v 0.032235801219940186 -0.00016867299564182758 -0.003729369957000017
v 0.0321572981774807 -0.0003156549937557429 -0.0037724000867456198
v 0.03226890042424202 -0.0002117569965776056 -0.003729369957000017
v 0.032211098819971085 -0.00012145000073360279 -0.003729369957000017
v 0.03210999816656113 -0.0002549559867475182 -0.0037724000867456198
v 0.032235801219940186 -0.00016867299564182758 -0.003729369957000017
v 0.03218749910593033 -0.000023660599254071712 -0.003729369957000017
v 0.03219500184059143 -0.00007238890248117968 -0.003729369957000017
v 0.03234250098466873 -0.00001192699983221246 -0.003698929911479354
v 0.03226890042424202 -0.0002117569965776056 -0.003729369957000017
v 0.03221390023827553 -0.0003677709901239723 -0.0037724000867456198
v 0.03230910003185272 -0.00024860500707291067 -0.003729369957000017
v 0.032211098819971085 -0.00012145000073360279 -0.003729369957000017
v 0.03235429897904396 -0.00006122150080045685 -0.003698929911479354
v 0.03234630078077316 -0.00003649040081654675 -0.003698929911479354
v 0.03235429897904396 -0.00006122150080045685 -0.003698929911479354
v 0.032235801219940186 -0.00016867299564182758 -0.003729369957000017
v 0.0323668010532856 -0.00008502599666826427 -0.003698929911479354
v 0.03245110064744949 -0.00015023699961602688 -0.003698929911479354
v 0.03240299969911575 -0.00029803698998875916 -0.003729369957000017
v 0.03245209902524948 -0.0003097509907092899 -0.003729369957000017
v 0.03221390023827553 -0.0003677709901239723 -0.0037724000867456198
v 0.03227829933166504 -0.00040980600169859827 -0.0037724000867456198
v 0.03230910003185272 -0.00024860500707291067 -0.003729369957000017
v 0.03226890042424202 -0.0002117569965776056 -0.003729369957000017
v 0.03230910003185272 -0.00024860500707291067 -0.003729369957000017
v 0.032383501529693604 -0.00010674400255084038 -0.003698929911479354
v 0.03242669999599457 -0.00013995599874760956 -0.003698929911479354
v 0.03240299969911575 -0.00029803698998875916 -0.003729369957000017
v 0.03245110064744949 -0.00015023699961602688 -0.003698929911479354
v 0.032354600727558136 -0.00027764198603108525 -0.003729369957000017
v 0.03242669999599457 -0.00013995599874760956 -0.003698929911479354
v 0.03240380063652992 -0.00012531899847090244 -0.003698929911479354
v 0.03245209902524948 -0.0003097509907092899 -0.003729369957000017
v 0.032499998807907104 -0.00031342700822278857 -0.003729369957000017
v 0.032475899904966354 -0.00015614200674463063 -0.003698929911479354
v 0.032499998807907104 -0.0004659369878936559 -0.0037724000867456198
v 0.032499998807907104 -0.00031342700822278857 -0.003729369957000017
v 0.03245209902524948 -0.0003097509907092899 -0.003729369957000017
v 0.03242329880595207 -0.00045957599650137126 -0.0037724000867456198
v 0.03245209902524948 -0.0003097509907092899 -0.003729369957000017
v 0.03240299969911575 -0.00029803698998875916 -0.003729369957000017
v 0.03240299969911575 0.00029803698998875916 -0.003729369957000017
v 0.03245110064744949 0.00015023699961602688 -0.003698929911479354
v 0.032475899904966354 0.00015614200674463063 -0.003698929911479354
v 0.03245209902524948 0.0003097509907092899 -0.003729369957000017
v 0.03240299969911575 0.00029803698998875916 -0.003729369957000017
v 0.032475899904966354 0.00015614200674463063 -0.003698929911479354
v 0.03226890042424202 0.0002117569965776056 -0.003729369957000017
v 0.032383501529693604 0.00010674400255084038 -0.003698929911479354
v 0.03240380063652992 0.00012531899847090244 -0.003698929911479354
v 0.032354600727558136 0.00027764198603108525 -0.003729369957000017
v 0.03230910003185272 0.00024860500707291067 -0.003729369957000017
v 0.03242669999599457 0.00013995599874760956 -0.003698929911479354
v 0.03245110064744949 0.00015023699961602688 -0.003698929911479354
v 0.03242669999599457 0.00013995599874760956 -0.003698929911479354
v 0.032499998807907104 -4.690479775415479e-13 -0.003688239958137274
v 0.032499998807907104 -4.690479775415479e-13 -0.003688239958137274
v 0.03242669999599457 0.00013995599874760956 -0.003698929911479354
v 0.03240380063652992 0.00012531899847090244 -0.003698929911479354
v 0.032383501529693604 0.00010674400255084038 -0.003698929911479354
v 0.032499998807907104 -4.690479775415479e-13 -0.003688239958137274
v 0.03240380063652992 0.00012531899847090244 -0.003698929911479354
v 0.03218749910593033 0.000023660599254071712 -0.003729369957000017
v 0.03234630078077316 0.00003649040081654675 -0.003698929911479354
v 0.03219500184059143 0.00007238890248117968 -0.003729369957000017
v 0.03219500184059143 0.00007238890248117968 -0.003729369957000017
v 0.03235429897904396 0.00006122150080045685 -0.003698929911479354
v 0.032211098819971085 0.00012145000073360279 -0.003729369957000017
v 0.032499998807907104 -4.690479775415479e-13 -0.003688239958137274
v 0.032383501529693604 0.00010674400255084038 -0.003698929911479354
v 0.0323668010532856 0.00008502599666826427 -0.003698929911479354
v 0.03218749910593033 -0.000023660599254071712 -0.003729369957000017
v 0.03234250098466873 0.00001192699983221246 -0.003698929911479354
v 0.03218749910593033 0.000023660599254071712 -0.003729369957000017
v 0.032499998807907104 -4.690479775415479e-13 -0.003688239958137274
v 0.0323668010532856 0.00008502599666826427 -0.003698929911479354
v 0.03235429897904396 0.00006122150080045685 -0.003698929911479354
v 0.03234630078077316 0.00003649040081654675 -0.003698929911479354
v 0.032499998807907104 -4.690479775415479e-13 -0.003688239958137274
v 0.03235429897904396 0.00006122150080045685 -0.003698929911479354
v 0.03234630078077316 -0.00003649040081654675 -0.003698929911479354
v 0.03234250098466873 -0.00001192699983221246 -0.003698929911479354
v 0.03219500184059143 -0.00007238890248117968 -0.003729369957000017
v 0.03234250098466873 -0.00001192699983221246 -0.003698929911479354
v 0.03234250098466873 0.00001192699983221246 -0.003698929911479354
v 0.03218749910593033 -0.000023660599254071712 -0.003729369957000017
v 0.032499998807907104 -4.690479775415479e-13 -0.003688239958137274
v 0.03234630078077316 0.00003649040081654675 -0.003698929911479354
v 0.03234250098466873 0.00001192699983221246 -0.003698929911479354
v 0.03234250098466873 -0.00001192699983221246 -0.003698929911479354
v 0.032499998807907104 -4.690479775415479e-13 -0.003688239958137274
v 0.03234250098466873 0.00001192699983221246 -0.003698929911479354
v 0.03235429897904396 -0.00006122150080045685 -0.003698929911479354
v 0.032211098819971085 -0.00012145000073360279 -0.003729369957000017
v 0.032235801219940186 -0.00016867299564182758 -0.003729369957000017
v 0.03234630078077316 -0.00003649040081654675 -0.003698929911479354
v 0.03219500184059143 -0.00007238890248117968 -0.003729369957000017
v 0.032211098819971085 -0.00012145000073360279 -0.003729369957000017
v 0.03234250098466873 -0.00001192699983221246 -0.003698929911479354
v 0.03234630078077316 -0.00003649040081654675 -0.003698929911479354
v 0.032499998807907104 -4.690479775415479e-13 -0.003688239958137274
v 0.0323668010532856 -0.00008502599666826427 -0.003698929911479354
v 0.032235801219940186 -0.00016867299564182758 -0.003729369957000017
v 0.03226890042424202 -0.0002117569965776056 -0.003729369957000017
v 0.03234630078077316 -0.00003649040081654675 -0.003698929911479354
v 0.03235429897904396 -0.00006122150080045685 -0.003698929911479354
v 0.032499998807907104 -4.690479775415479e-13 -0.003688239958137274
v 0.032499998807907104 -4.690479775415479e-13 -0.003688239958137274
v 0.03235429897904396 -0.00006122150080045685 -0.003698929911479354
v 0.0323668010532856 -0.00008502599666826427 -0.003698929911479354
v 0.032383501529693604 -0.00010674400255084038 -0.003698929911479354
v 0.03230910003185272 -0.00024860500707291067 -0.003729369957000017
v 0.03240380063652992 -0.00012531899847090244 -0.003698929911479354
v 0.0323668010532856 -0.00008502599666826427 -0.003698929911479354
v 0.03226890042424202 -0.0002117569965776056 -0.003729369957000017
v 0.032383501529693604 -0.00010674400255084038 -0.003698929911479354
v 0.0323668010532856 -0.00008502599666826427 -0.003698929911479354
v 0.032383501529693604 -0.00010674400255084038 -0.003698929911479354
v 0.032499998807907104 -4.690479775415479e-13 -0.003688239958137274
v 0.032499998807907104 -4.690479775415479e-13 -0.003688239958137274
v 0.032383501529693604 -0.00010674400255084038 -0.003698929911479354
v 0.03240380063652992 -0.00012531899847090244 -0.003698929911479354
v 0.032354600727558136 -0.00027764198603108525 -0.003729369957000017
v 0.03240299969911575 -0.00029803698998875916 -0.003729369957000017
v 0.03242669999599457 -0.00013995599874760956 -0.003698929911479354
v 0.03230910003185272 -0.00024860500707291067 -0.003729369957000017
v 0.032354600727558136 -0.00027764198603108525 -0.003729369957000017
v 0.03240380063652992 -0.00012531899847090244 -0.003698929911479354
v 0.03240380063652992 -0.00012531899847090244 -0.003698929911479354
v 0.03242669999599457 -0.00013995599874760956 -0.003698929911479354
v 0.032499998807907104 -4.690479775415479e-13 -0.003688239958137274
v 0.032499998807907104 -0.00031342700822278857 -0.003729369957000017
v 0.032499998807907104 -0.00015799500397406518 -0.003698929911479354
v 0.032475899904966354 -0.00015614200674463063 -0.003698929911479354
v 0.032499998807907104 -4.690479775415479e-13 -0.003688239958137274
v 0.03242669999599457 -0.00013995599874760956 -0.003698929911479354
v 0.03245110064744949 -0.00015023699961602688 -0.003698929911479354
v 0.03245209902524948 -0.0003097509907092899 -0.003729369957000017
v 0.032475899904966354 -0.00015614200674463063 -0.003698929911479354
v 0.03245110064744949 -0.00015023699961602688 -0.003698929911479354
v 0.03245110064744949 -0.00015023699961602688 -0.003698929911479354
v 0.032475899904966354 -0.00015614200674463063 -0.003698929911479354
v 0.032499998807907104 -4.690479775415479e-13 -0.003688239958137274
v 0.032499998807907104 -4.690479775415479e-13 -0.003688239958137274
v 0.032475899904966354 -0.00015614200674463063 -0.003698929911479354
v 0.032499998807907104 -0.00015799500397406518 -0.003698929911479354
v 0.032440099865198135 -0.000790875987149775 -0.0037724000867456198
v 0.03255990147590637 -0.000790875987149775 -0.0037724000867456198
v 0.032499998807907104 -0.0004659369878936559 -0.0037724000867456198
v 0.03242329880595207 0.00045957599650137126 -0.0037724000867456198
v 0.032283201813697815 0.0007629240280948579 -0.0037724000867456198
v 0.03234869986772537 0.0004406929947435856 -0.0037724000867456198
v 0.032440099865198135 -0.000790875987149775 -0.0037724000867456198
v 0.03242329880595207 -0.00045957599650137126 -0.0037724000867456198
v 0.03231680020689964 -0.0007716959808021784 -0.0037724000867456198
v 0.03219269961118698 -0.0007311740191653371 -0.0037724000867456198
v 0.03227829933166504 -0.00040980600169859827 -0.0037724000867456198
v 0.03207319974899292 -0.0006684929830953479 -0.0037724000867456198
v 0.03255990147590637 -0.000790875987149775 -0.0037724000867456198
v 0.032683201134204865 -0.0007716959808021784 -0.0037724000867456198
v 0.03257099911570549 -0.00046049299999140203 -0.0037724000867456198
v 0.03264399990439415 -0.0004431320121511817 -0.0037724000867456198
v 0.032683201134204865 -0.0007716959808021784 -0.0037724000867456198
v 0.032807301729917526 -0.0007311740191653371 -0.0037724000867456198
v 0.03292680159211159 -0.0006684929830953479 -0.0037724000867456198
v 0.03271590173244476 -0.0004128860018681735 -0.0037724000867456198
v 0.032807301729917526 -0.0007311740191653371 -0.0037724000867456198
v 0.03221390023827553 -0.0003677709901239723 -0.0037724000867456198
v 0.031964100897312164 -0.0005847429856657982 -0.0037724000867456198
v 0.03207319974899292 -0.0006684929830953479 -0.0037724000867456198
v 0.03278350085020065 -0.00036979300784878433 -0.0037724000867456198
v 0.03292680159211159 -0.0006684929830953479 -0.0037724000867456198
v 0.03303590044379234 -0.0005847429856657982 -0.0037724000867456198
v 0.031870901584625244 -0.00048300999333150685 -0.0037724000867456198
v 0.031964100897312164 -0.0005847429856657982 -0.0037724000867456198
v 0.0321572981774807 -0.0003156549937557429 -0.0037724000867456198
v 0.03325419872999191 -0.00024548001238144934 -0.0037724000867456198
v 0.032929401844739914 -0.00018079900473821908 -0.0037724000867456198
v 0.03320259973406792 -0.0003680300142150372 -0.0037724000867456198
v 0.03207340091466904 -0.00018730800366029143 -0.0037724000867456198
v 0.03204840049147606 -0.00011450600140960887 -0.0037724000867456198
v 0.031745798885822296 -0.00024548001238144934 -0.0037724000867456198
v 0.03215710073709488 0.00031545700039714575 -0.0037724000867456198
v 0.03196590021252632 0.0005862889811396599 -0.0037724000867456198
v 0.03191399946808815 0.0005344629753381014 -0.0037724000867456198
v 0.031790100038051605 0.00035376899177208543 -0.0037724000867456198
v 0.03176049888134003 0.0002865940041374415 -0.0037724000867456198
v 0.03207330033183098 0.00018701300723478198 -0.0037724000867456198
v 0.03289330005645752 0.00024988700170069933 -0.0037724000867456198
v 0.03317439928650856 0.0004174899950157851 -0.0037724000867456198
v 0.03313310071825981 0.0004777570138685405 -0.0037724000867456198
v 0.03321009874343872 0.0003532760019879788 -0.0037724000867456198
v 0.03292990103363991 0.00017978899995796382 -0.0037724000867456198
v 0.03323959931731224 0.00028636999195441604 -0.0037724000867456198
v 0.03271700069308281 0.00041229999624192715 -0.0037724000867456198
v 0.03278660029172897 0.0007395269931294024 -0.0037724000867456198
v 0.03264490142464638 0.0004428400134202093 -0.0037724000867456198
v 0.03257349878549576 0.0007897089817561209 -0.0037724000867456198
v 0.032499998807907104 0.0004659369878936559 -0.0037724000867456198
v 0.032571498304605484 0.000460415001725778 -0.0037724000867456198
v 0.03278660029172897 0.0007395269931294024 -0.0037724000867456198
v 0.032717201858758926 0.0007628090097568929 -0.0037724000867456198
v 0.03264490142464638 0.0004428400134202093 -0.0037724000867456198
v 0.032917700707912445 0.0006742239929735661 -0.0037724000867456198
v 0.0327845998108387 0.00036891098716296256 -0.0037724000867456198
v 0.03297809883952141 0.0006328760064207017 -0.0037724000867456198
v 0.03285380080342293 0.0007098509813658893 -0.0037724000867456198
v 0.03271700069308281 0.00041229999624192715 -0.0037724000867456198
v 0.032917700707912445 0.0006742239929735661 -0.0037724000867456198
v 0.03284430131316185 0.0003139770124107599 -0.0037724000867456198
v 0.033086299896240234 0.0005341499927453697 -0.0037724000867456198
v 0.03303449973464012 0.0005859769880771637 -0.0037724000867456198
v 0.032717201858758926 0.0007628090097568929 -0.0037724000867456198
v 0.032571498304605484 0.000460415001725778 -0.0037724000867456198
v 0.03264490142464638 0.0004428400134202093 -0.0037724000867456198
v 0.0327845998108387 0.00036891098716296256 -0.0037724000867456198
v 0.032917700707912445 0.0006742239929735661 -0.0037724000867456198
v 0.03271700069308281 0.00041229999624192715 -0.0037724000867456198
v 0.032717201858758926 0.0007628090097568929 -0.0037724000867456198
v 0.03264579921960831 0.0007796110003255308 -0.0037724000867456198
v 0.032571498304605484 0.000460415001725778 -0.0037724000867456198
v 0.03278660029172897 0.0007395269931294024 -0.0037724000867456198
v 0.03271700069308281 0.00041229999624192715 -0.0037724000867456198
v 0.03285380080342293 0.0007098509813658893 -0.0037724000867456198
v 0.03297809883952141 0.0006328760064207017 -0.0037724000867456198
v 0.0327845998108387 0.00036891098716296256 -0.0037724000867456198
v 0.03303449973464012 0.0005859769880771637 -0.0037724000867456198
v 0.03257349878549576 0.0007897089817561209 -0.0037724000867456198
v 0.032571498304605484 0.000460415001725778 -0.0037724000867456198
v 0.03264579921960831 0.0007796110003255308 -0.0037724000867456198
v 0.032499998807907104 0.0007931389845907688 -0.0037724000867456198
v 0.032499998807907104 0.0004659369878936559 -0.0037724000867456198
v 0.03257349878549576 0.0007897089817561209 -0.0037724000867456198
v 0.03284430131316185 0.0003139770124107599 -0.0037724000867456198
v 0.03289330005645752 0.00024988700170069933 -0.0037724000867456198
v 0.03313310071825981 0.0004777570138685405 -0.0037724000867456198
v 0.03321009874343872 0.0003532760019879788 -0.0037724000867456198
v 0.03289330005645752 0.00024988700170069933 -0.0037724000867456198
v 0.03292990103363991 0.00017978899995796382 -0.0037724000867456198
v 0.032499998807907104 0.0007931389845907688 -0.0037724000867456198
v 0.0324270986020565 0.0007897610194049776 -0.0037724000867456198
v 0.032499998807907104 0.0004659369878936559 -0.0037724000867456198
v 0.03234869986772537 0.0004406929947435856 -0.0037724000867456198
v 0.03221359848976135 0.0007396319997496903 -0.0037724000867456198
v 0.032146699726581573 0.0007100829971022904 -0.0037724000867456198
v 0.03242329880595207 0.00045957599650137126 -0.0037724000867456198
v 0.0324270986020565 0.0007897610194049776 -0.0037724000867456198
v 0.03235429897904396 0.0007796380086801946 -0.0037724000867456198
v 0.033279601484537125 0.00014572299551218748 -0.0037724000867456198
v 0.032953500747680664 0.0001070950020221062 -0.0037724000867456198
v 0.03296459838747978 0.000035001401556655765 -0.0037724000867456198
v 0.03221379965543747 0.0003676729975268245 -0.0037724000867456198
v 0.032022200524806976 0.0006330849719233811 -0.0037724000867456198
v 0.03196590021252632 0.0005862889811396599 -0.0037724000867456198
v 0.033289700746536255 0.00007346549682551995 -0.0037724000867456198
v 0.03296459838747978 0.000035001401556655765 -0.0037724000867456198
v 0.03329309821128845 -1.0386099966175344e-11 -0.0037724000867456198
v 0.03210990130901337 0.0002547719923313707 -0.0037724000867456198
v 0.03215710073709488 0.00031545700039714575 -0.0037724000867456198
v 0.03186710178852081 0.00047805800568312407 -0.0037724000867456198
v 0.03329309821128845 -1.0386099966175344e-11 -0.0037724000867456198
v 0.03296459838747978 -0.00003523120176396333 -0.0037724000867456198
v 0.03328379988670349 -0.00012111200339859352 -0.0037724000867456198
v 0.031825799494981766 0.0004177000082563609 -0.0037724000867456198
v 0.031790100038051605 0.00035376899177208543 -0.0037724000867456198
v 0.03210990130901337 0.0002547719923313707 -0.0037724000867456198
v 0.031737200915813446 0.00021722000383306295 -0.0037724000867456198
v 0.032048299908638 0.00011424099648138508 -0.0037724000867456198
v 0.03176049888134003 0.0002865940041374415 -0.0037724000867456198
v 0.032048299908638 0.00011424099648138508 -0.0037724000867456198
v 0.03172039985656738 0.00014582500443793833 -0.0037724000867456198
v 0.0320357009768486 0.000038332898839144036 -0.0037724000867456198
v 0.03295329958200455 -0.0001077859997167252 -0.0037724000867456198
v 0.03325419872999191 -0.00024548001238144934 -0.0037724000867456198
v 0.03328379988670349 -0.00012111200339859352 -0.0037724000867456198
v 0.0320357009768486 -0.000038648500776616856 -0.0037724000867456198
v 0.03170689940452576 1.0386199712775213e-11 -0.0037724000867456198
v 0.031716201454401016 -0.00012111200339859352 -0.0037724000867456198
v 0.0320357009768486 0.000038332898839144036 -0.0037724000867456198
v 0.03171030059456825 0.00007346549682551995 -0.0037724000867456198
v 0.03170689940452576 1.0386199712775213e-11 -0.0037724000867456198
v 0.031716201454401016 -0.00012111200339859352 -0.0037724000867456198
v 0.03204840049147606 -0.00011450600140960887 -0.0037724000867456198
v 0.0320357009768486 -0.000038648500776616856 -0.0037724000867456198
v 0.03312909975647926 -0.00048300999333150685 -0.0037724000867456198
v 0.03320259973406792 -0.0003680300142150372 -0.0037724000867456198
v 0.03289249911904335 -0.00025103401276282966 -0.0037724000867456198
v 0.03179740160703659 -0.0003680300142150372 -0.0037724000867456198
v 0.03207340091466904 -0.00018730800366029143 -0.0037724000867456198
v 0.031745798885822296 -0.00024548001238144934 -0.0037724000867456198
v 0.032843299210071564 -0.0003150689881294966 -0.0037724000867456198
v 0.03303590044379234 -0.0005847429856657982 -0.0037724000867456198
v 0.03312909975647926 -0.00048300999333150685 -0.0037724000867456198
v 0.03210999816656113 -0.0002549559867475182 -0.0037724000867456198
v 0.03179740160703659 -0.0003680300142150372 -0.0037724000867456198
v 0.031870901584625244 -0.00048300999333150685 -0.0037724000867456198
v 0.03326290100812912 0.00021677199401892722 -0.0037724000867456198
v 0.03323959931731224 0.00028636999195441604 -0.0037724000867456198
v 0.032953500747680664 0.0001070950020221062 -0.0037724000867456198
v 0.03227819874882698 0.0004097259952686727 -0.0037724000867456198
v 0.032146699726581573 0.0007100829971022904 -0.0037724000867456198
v 0.03208250179886818 0.000674369977787137 -0.0037724000867456198
v 0.03172039985656738 0.00014582500443793833 -0.0037724000867456198
v 0.032048299908638 0.00011424099648138508 -0.0037724000867456198
v 0.031737200915813446 0.00021722000383306295 -0.0037724000867456198
v 0.03303449973464012 0.0005859769880771637 -0.0037724000867456198
v 0.0327845998108387 0.00036891098716296256 -0.0037724000867456198
v 0.03284430131316185 0.0003139770124107599 -0.0037724000867456198
v 0.03313310071825981 0.0004777570138685405 -0.0037724000867456198
v 0.033086299896240234 0.0005341499927453697 -0.0037724000867456198
v 0.03284430131316185 0.0003139770124107599 -0.0037724000867456198
v 0.03321009874343872 0.0003532760019879788 -0.0037724000867456198
v 0.03317439928650856 0.0004174899950157851 -0.0037724000867456198
v 0.03289330005645752 0.00024988700170069933 -0.0037724000867456198
v 0.03323959931731224 0.00028636999195441604 -0.0037724000867456198
v 0.03292990103363991 0.00017978899995796382 -0.0037724000867456198
v 0.032953500747680664 0.0001070950020221062 -0.0037724000867456198
v 0.033279601484537125 0.00014572299551218748 -0.0037724000867456198
v 0.03326290100812912 0.00021677199401892722 -0.0037724000867456198
v 0.032953500747680664 0.0001070950020221062 -0.0037724000867456198
v 0.033289700746536255 0.00007346549682551995 -0.0037724000867456198
v 0.033279601484537125 0.00014572299551218748 -0.0037724000867456198
v 0.03296459838747978 0.000035001401556655765 -0.0037724000867456198
v 0.03296459838747978 -0.00003523120176396333 -0.0037724000867456198
v 0.03329309821128845 -1.0386099966175344e-11 -0.0037724000867456198
v 0.03296459838747978 0.000035001401556655765 -0.0037724000867456198
v 0.03295329958200455 -0.0001077859997167252 -0.0037724000867456198
v 0.03328379988670349 -0.00012111200339859352 -0.0037724000867456198
v 0.03296459838747978 -0.00003523120176396333 -0.0037724000867456198
v 0.032929401844739914 -0.00018079900473821908 -0.0037724000867456198
v 0.03325419872999191 -0.00024548001238144934 -0.0037724000867456198
v 0.03295329958200455 -0.0001077859997167252 -0.0037724000867456198
v 0.03289249911904335 -0.00025103401276282966 -0.0037724000867456198
v 0.03320259973406792 -0.0003680300142150372 -0.0037724000867456198
v 0.032929401844739914 -0.00018079900473821908 -0.0037724000867456198
v 0.032843299210071564 -0.0003150689881294966 -0.0037724000867456198
v 0.03312909975647926 -0.00048300999333150685 -0.0037724000867456198
v 0.03289249911904335 -0.00025103401276282966 -0.0037724000867456198
v 0.03278350085020065 -0.00036979300784878433 -0.0037724000867456198
v 0.03303590044379234 -0.0005847429856657982 -0.0037724000867456198
v 0.032843299210071564 -0.0003150689881294966 -0.0037724000867456198
v 0.03271590173244476 -0.0004128860018681735 -0.0037724000867456198
v 0.03292680159211159 -0.0006684929830953479 -0.0037724000867456198
v 0.03278350085020065 -0.00036979300784878433 -0.0037724000867456198
v 0.03264399990439415 -0.0004431320121511817 -0.0037724000867456198
v 0.032807301729917526 -0.0007311740191653371 -0.0037724000867456198
v 0.03271590173244476 -0.0004128860018681735 -0.0037724000867456198
v 0.03257099911570549 -0.00046049299999140203 -0.0037724000867456198
v 0.032683201134204865 -0.0007716959808021784 -0.0037724000867456198
v 0.03264399990439415 -0.0004431320121511817 -0.0037724000867456198
v 0.032499998807907104 -0.0004659369878936559 -0.0037724000867456198
v 0.03255990147590637 -0.000790875987149775 -0.0037724000867456198
v 0.03257099911570549 -0.00046049299999140203 -0.0037724000867456198
v 0.03242329880595207 -0.00045957599650137126 -0.0037724000867456198
v 0.032440099865198135 -0.000790875987149775 -0.0037724000867456198
v 0.032499998807907104 -0.0004659369878936559 -0.0037724000867456198
v 0.03234880045056343 -0.00044072000309824944 -0.0037724000867456198
v 0.03231680020689964 -0.0007716959808021784 -0.0037724000867456198
v 0.03242329880595207 -0.00045957599650137126 -0.0037724000867456198
v 0.03227829933166504 -0.00040980600169859827 -0.0037724000867456198
v 0.03219269961118698 -0.0007311740191653371 -0.0037724000867456198
v 0.03234880045056343 -0.00044072000309824944 -0.0037724000867456198
v 0.03219269961118698 -0.0007311740191653371 -0.0037724000867456198
v 0.03231680020689964 -0.0007716959808021784 -0.0037724000867456198
v 0.03234880045056343 -0.00044072000309824944 -0.0037724000867456198
v 0.03221390023827553 -0.0003677709901239723 -0.0037724000867456198
v 0.03207319974899292 -0.0006684929830953479 -0.0037724000867456198
v 0.03227829933166504 -0.00040980600169859827 -0.0037724000867456198
v 0.0321572981774807 -0.0003156549937557429 -0.0037724000867456198
v 0.031964100897312164 -0.0005847429856657982 -0.0037724000867456198
v 0.03221390023827553 -0.0003677709901239723 -0.0037724000867456198
v 0.03210999816656113 -0.0002549559867475182 -0.0037724000867456198
v 0.031870901584625244 -0.00048300999333150685 -0.0037724000867456198
v 0.0321572981774807 -0.0003156549937557429 -0.0037724000867456198
v 0.03207340091466904 -0.00018730800366029143 -0.0037724000867456198
v 0.03179740160703659 -0.0003680300142150372 -0.0037724000867456198
v 0.03210999816656113 -0.0002549559867475182 -0.0037724000867456198
v 0.031716201454401016 -0.00012111200339859352 -0.0037724000867456198
v 0.031745798885822296 -0.00024548001238144934 -0.0037724000867456198
v 0.03204840049147606 -0.00011450600140960887 -0.0037724000867456198
v 0.03170689940452576 1.0386199712775213e-11 -0.0037724000867456198
v 0.0320357009768486 -0.000038648500776616856 -0.0037724000867456198
v 0.0320357009768486 0.000038332898839144036 -0.0037724000867456198
v 0.03172039985656738 0.00014582500443793833 -0.0037724000867456198
v 0.03171030059456825 0.00007346549682551995 -0.0037724000867456198
v 0.0320357009768486 0.000038332898839144036 -0.0037724000867456198
v 0.03176049888134003 0.0002865940041374415 -0.0037724000867456198
v 0.032048299908638 0.00011424099648138508 -0.0037724000867456198
v 0.03207330033183098 0.00018701300723478198 -0.0037724000867456198
v 0.031790100038051605 0.00035376899177208543 -0.0037724000867456198
v 0.03207330033183098 0.00018701300723478198 -0.0037724000867456198
v 0.03210990130901337 0.0002547719923313707 -0.0037724000867456198
v 0.03186710178852081 0.00047805800568312407 -0.0037724000867456198
v 0.031825799494981766 0.0004177000082563609 -0.0037724000867456198
v 0.03210990130901337 0.0002547719923313707 -0.0037724000867456198
v 0.03191399946808815 0.0005344629753381014 -0.0037724000867456198
v 0.03186710178852081 0.00047805800568312407 -0.0037724000867456198
v 0.03215710073709488 0.00031545700039714575 -0.0037724000867456198
v 0.03221379965543747 0.0003676729975268245 -0.0037724000867456198
v 0.03196590021252632 0.0005862889811396599 -0.0037724000867456198
v 0.03215710073709488 0.00031545700039714575 -0.0037724000867456198
v 0.03221379965543747 0.0003676729975268245 -0.0037724000867456198
v 0.03208250179886818 0.000674369977787137 -0.0037724000867456198
v 0.032022200524806976 0.0006330849719233811 -0.0037724000867456198
v 0.03227819874882698 0.0004097259952686727 -0.0037724000867456198
v 0.03234869986772537 0.0004406929947435856 -0.0037724000867456198
v 0.032146699726581573 0.0007100829971022904 -0.0037724000867456198
v 0.03221379965543747 0.0003676729975268245 -0.0037724000867456198
v 0.03227819874882698 0.0004097259952686727 -0.0037724000867456198
v 0.03208250179886818 0.000674369977787137 -0.0037724000867456198
v 0.03221359848976135 0.0007396319997496903 -0.0037724000867456198
v 0.03234869986772537 0.0004406929947435856 -0.0037724000867456198
v 0.032283201813697815 0.0007629240280948579 -0.0037724000867456198
v 0.032283201813697815 0.0007629240280948579 -0.0037724000867456198
v 0.03242329880595207 0.00045957599650137126 -0.0037724000867456198
v 0.03235429897904396 0.0007796380086801946 -0.0037724000867456198
v 0.0324270986020565 0.0007897610194049776 -0.0037724000867456198
v 0.03242329880595207 0.00045957599650137126 -0.0037724000867456198
v 0.032499998807907104 0.0004659369878936559 -0.0037724000867456198
v 0.03255990147590637 -0.000790875987149775 -0.0037724000867456198
v 0.032440099865198135 -0.000790875987149775 -0.0037724000867456198
v 0.03243419900536537 -0.0007903830264694989 -0.003822400001809001
v 0.032305099070072174 -0.0007688030018471181 -0.003822400001809001
v 0.032440099865198135 -0.000790875987149775 -0.0037724000867456198
v 0.03231680020689964 -0.0007716959808021784 -0.0037724000867456198
v 0.032440099865198135 -0.000790875987149775 -0.0037724000867456198
v 0.032305099070072174 -0.0007688030018471181 -0.003822400001809001
v 0.03243419900536537 -0.0007903830264694989 -0.003822400001809001
v 0.03219269961118698 -0.0007311740191653371 -0.0037724000867456198
v 0.03218119964003563 -0.0007261930149979889 -0.003822400001809001
v 0.03231680020689964 -0.0007716959808021784 -0.0037724000867456198
v 0.032305099070072174 -0.0007688030018471181 -0.003822400001809001
v 0.03231680020689964 -0.0007716959808021784 -0.0037724000867456198
v 0.03218119964003563 -0.0007261930149979889 -0.003822400001809001
v 0.03219269961118698 -0.0007311740191653371 -0.0037724000867456198
v 0.03207319974899292 -0.0006684929830953479 -0.0037724000867456198
v 0.03206599876284599 -0.0006638509803451598 -0.003822400001809001
v 0.03206599876284599 -0.0006638509803451598 -0.003822400001809001
v 0.03218119964003563 -0.0007261930149979889 -0.003822400001809001
v 0.03219269961118698 -0.0007311740191653371 -0.0037724000867456198
v 0.03196270018815994 -0.0005833550239913166 -0.003822400001809001
v 0.03207319974899292 -0.0006684929830953479 -0.0037724000867456198
v 0.031964100897312164 -0.0005847429856657982 -0.0037724000867456198
v 0.03207319974899292 -0.0006684929830953479 -0.0037724000867456198
v 0.03196270018815994 -0.0005833550239913166 -0.003822400001809001
v 0.03206599876284599 -0.0006638509803451598 -0.003822400001809001
v 0.031870901584625244 -0.00048300999333150685 -0.0037724000867456198
v 0.031874001026153564 -0.00048695699661038816 -0.003822400001809001
v 0.031964100897312164 -0.0005847429856657982 -0.0037724000867456198
v 0.03196270018815994 -0.0005833550239913166 -0.003822400001809001
v 0.031964100897312164 -0.0005847429856657982 -0.0037724000867456198
v 0.031874001026153564 -0.00048695699661038816 -0.003822400001809001
v 0.031870901584625244 -0.00048300999333150685 -0.0037724000867456198
v 0.03179740160703659 -0.0003680300142150372 -0.0037724000867456198
v 0.031802400946617126 -0.0003773600037675351 -0.003822400001809001
v 0.031802400946617126 -0.0003773600037675351 -0.003822400001809001
v 0.031874001026153564 -0.00048695699661038816 -0.003822400001809001
v 0.031870901584625244 -0.00048300999333150685 -0.0037724000867456198
v 0.031749799847602844 -0.00025735399685800076 -0.003822400001809001
v 0.03179740160703659 -0.0003680300142150372 -0.0037724000867456198
v 0.031745798885822296 -0.00024548001238144934 -0.0037724000867456198
v 0.03179740160703659 -0.0003680300142150372 -0.0037724000867456198
v 0.031749799847602844 -0.00025735399685800076 -0.003822400001809001
v 0.031802400946617126 -0.0003773600037675351 -0.003822400001809001
v 0.031716201454401016 -0.00012111200339859352 -0.0037724000867456198
v 0.031717699021101 -0.00013061100617051125 -0.003822400001809001
v 0.031745798885822296 -0.00024548001238144934 -0.0037724000867456198
v 0.031749799847602844 -0.00025735399685800076 -0.003822400001809001
v 0.031745798885822296 -0.00024548001238144934 -0.0037724000867456198
v 0.031717699021101 -0.00013061100617051125 -0.003822400001809001
v 0.031716201454401016 -0.00012111200339859352 -0.0037724000867456198
v 0.03170689940452576 1.0386199712775213e-11 -0.0037724000867456198
v 0.03170689940452576 1.0386199712775213e-11 -0.003822400001809001
v 0.03170689940452576 1.0386199712775213e-11 -0.003822400001809001
v 0.031717699021101 -0.00013061100617051125 -0.003822400001809001
v 0.031716201454401016 -0.00012111200339859352 -0.0037724000867456198
v 0.03256529942154884 -0.0007904350059106946 -0.003822400001809001
v 0.032683201134204865 -0.0007716959808021784 -0.0037724000867456198
v 0.03255990147590637 -0.000790875987149775 -0.0037724000867456198
v 0.03255990147590637 -0.000790875987149775 -0.0037724000867456198
v 0.03243419900536537 -0.0007903830264694989 -0.003822400001809001
v 0.03256529942154884 -0.0007904350059106946 -0.003822400001809001
v 0.032683201134204865 -0.0007716959808021784 -0.0037724000867456198
v 0.0326944999396801 -0.0007689199992455542 -0.003822400001809001
v 0.032807301729917526 -0.0007311740191653371 -0.0037724000867456198
v 0.0326944999396801 -0.0007689199992455542 -0.003822400001809001
v 0.032683201134204865 -0.0007716959808021784 -0.0037724000867456198
v 0.03256529942154884 -0.0007904350059106946 -0.003822400001809001
v 0.03292680159211159 -0.0006684929830953479 -0.0037724000867456198
v 0.032807301729917526 -0.0007311740191653371 -0.0037724000867456198
v 0.032818298786878586 -0.0007264299783855677 -0.003822400001809001
v 0.0326944999396801 -0.0007689199992455542 -0.003822400001809001
v 0.032818298786878586 -0.0007264299783855677 -0.003822400001809001
v 0.032807301729917526 -0.0007311740191653371 -0.0037724000867456198
v 0.03293370082974434 -0.0006640690262429416 -0.003822400001809001
v 0.03303590044379234 -0.0005847429856657982 -0.0037724000867456198
v 0.03292680159211159 -0.0006684929830953479 -0.0037724000867456198
v 0.03292680159211159 -0.0006684929830953479 -0.0037724000867456198
v 0.032818298786878586 -0.0007264299783855677 -0.003822400001809001
v 0.03293370082974434 -0.0006640690262429416 -0.003822400001809001
v 0.03303590044379234 -0.0005847429856657982 -0.0037724000867456198
v 0.03303699940443039 -0.0005836919881403446 -0.003822400001809001
v 0.03312909975647926 -0.00048300999333150685 -0.0037724000867456198
v 0.03303699940443039 -0.0005836919881403446 -0.003822400001809001
v 0.03303590044379234 -0.0005847429856657982 -0.0037724000867456198
v 0.03293370082974434 -0.0006640690262429416 -0.003822400001809001
v 0.03320259973406792 -0.0003680300142150372 -0.0037724000867456198
v 0.03312909975647926 -0.00048300999333150685 -0.0037724000867456198
v 0.033125899732112885 -0.00048719800543040037 -0.003822400001809001
v 0.03303699940443039 -0.0005836919881403446 -0.003822400001809001
v 0.033125899732112885 -0.00048719800543040037 -0.003822400001809001
v 0.03312909975647926 -0.00048300999333150685 -0.0037724000867456198
v 0.03319749981164932 -0.00037764699663966894 -0.003822400001809001
v 0.03325419872999191 -0.00024548001238144934 -0.0037724000867456198
v 0.03320259973406792 -0.0003680300142150372 -0.0037724000867456198
v 0.03320259973406792 -0.0003680300142150372 -0.0037724000867456198
v 0.033125899732112885 -0.00048719800543040037 -0.003822400001809001
v 0.03319749981164932 -0.00037764699663966894 -0.003822400001809001
v 0.03325419872999191 -0.00024548001238144934 -0.0037724000867456198
v 0.03325020149350166 -0.00025752800866030157 -0.003822400001809001
v 0.03328379988670349 -0.00012111200339859352 -0.0037724000867456198
v 0.03325020149350166 -0.00025752800866030157 -0.003822400001809001
v 0.03325419872999191 -0.00024548001238144934 -0.0037724000867456198
v 0.03319749981164932 -0.00037764699663966894 -0.003822400001809001
v 0.03329309821128845 -1.0386099966175344e-11 -0.0037724000867456198
v 0.03328379988670349 -0.00012111200339859352 -0.0037724000867456198
v 0.03328229859471321 -0.00013061100617051125 -0.003822400001809001
v 0.03325020149350166 -0.00025752800866030157 -0.003822400001809001
v 0.03328229859471321 -0.00013061100617051125 -0.003822400001809001
v 0.03328379988670349 -0.00012111200339859352 -0.0037724000867456198
v 0.03329309821128845 -1.0386099966175344e-11 -0.0037724000867456198
v 0.03328229859471321 -0.00013061100617051125 -0.003822400001809001
v 0.03329309821128845 -1.0386099966175344e-11 -0.003822400001809001
v 0.032305099070072174 -0.0007688030018471181 -0.003822400001809001
v 0.0323294997215271 -0.0004262140137143433 -0.003822400001809001
v 0.03237070143222809 -0.00044045099639333785 -0.003822400001809001
v 0.0321832001209259 0.0003322809934616089 -0.003822400001809001
v 0.031965699046850204 0.0005861520185135305 -0.003822400001809001
v 0.03221629932522774 0.00036092300433665514 -0.003822400001809001
v 0.03237070143222809 -0.00044045099639333785 -0.003822400001809001
v 0.03241319954395294 -0.0004507369885686785 -0.003822400001809001
v 0.032305099070072174 -0.0007688030018471181 -0.003822400001809001
v 0.03243419900536537 -0.0007903830264694989 -0.003822400001809001
v 0.032305099070072174 -0.0007688030018471181 -0.003822400001809001
v 0.03241319954395294 -0.0004507369885686785 -0.003822400001809001
v 0.032456301152706146 -0.00045695301378145814 -0.003822400001809001
v 0.03243419900536537 -0.0007903830264694989 -0.003822400001809001
v 0.03241319954395294 -0.0004507369885686785 -0.003822400001809001
v 0.03328229859471321 -0.00013061100617051125 -0.003822400001809001
v 0.03325020149350166 -0.00025752800866030157 -0.003822400001809001
v 0.03294669836759567 -0.00010603100236039609 -0.003822400001809001
v 0.03206599876284599 -0.0006638509803451598 -0.003822400001809001
v 0.03228979930281639 -0.0004081130027770996 -0.003822400001809001
v 0.03218119964003563 -0.0007261930149979889 -0.003822400001809001
v 0.03196270018815994 -0.0005833550239913166 -0.003822400001809001
v 0.03221629932522774 -0.00036094398819841444 -0.003822400001809001
v 0.03206599876284599 -0.0006638509803451598 -0.003822400001809001
v 0.032456301152706146 -0.00045695301378145814 -0.003822400001809001
v 0.032499998807907104 -0.00045908900210633874 -0.003822400001809001
v 0.03243419900536537 -0.0007903830264694989 -0.003822400001809001
v 0.03210259974002838 -0.0002296330058015883 -0.003822400001809001
v 0.031802400946617126 -0.0003773600037675351 -0.003822400001809001
v 0.03208259865641594 -0.00019080399943049997 -0.003822400001809001
v 0.03256529942154884 -0.0007904350059106946 -0.003822400001809001
v 0.03243419900536537 -0.0007903830264694989 -0.003822400001809001
v 0.032499998807907104 -0.00045908900210633874 -0.003822400001809001
v 0.03205379843711853 0.00010819699673447758 -0.003822400001809001
v 0.031737200915813446 0.00021719399956054986 -0.003822400001809001
v 0.03206609934568405 0.0001501640072092414 -0.003822400001809001
v 0.033125899732112885 -0.00048719800543040037 -0.003822400001809001
v 0.032838501036167145 -0.00031016900902614 -0.003822400001809001
v 0.03288690000772476 -0.00024706099065952003 -0.003822400001809001
v 0.0332396999001503 0.0002862699911929667 -0.003822400001809001
v 0.03326290100812912 0.0002168240025639534 -0.003822400001809001
v 0.03294669836759567 0.00010603100236039609 -0.003822400001809001
v 0.031825799494981766 0.0004177310038357973 -0.003822400001809001
v 0.03212599828839302 0.00026637600967660546 -0.003822400001809001
v 0.032102398574352264 0.00022956999600864947 -0.003822400001809001
v 0.03237070143222809 0.0004405369982123375 -0.003822400001809001
v 0.032283201813697815 0.0007629229803569615 -0.003822400001809001
v 0.03241309896111488 0.0004508460115175694 -0.003822400001809001
v 0.03321009874343872 0.00035317300353199244 -0.003822400001809001
v 0.032923199236392975 0.0001778919977368787 -0.003822400001809001
v 0.03288690000772476 0.00024706099065952003 -0.003822400001809001
v 0.03277960047125816 0.00036414098576642573 -0.003822400001809001
v 0.032917700707912445 0.000674180977512151 -0.003822400001809001
v 0.032978300005197525 0.0006327040027827024 -0.003822400001809001
v 0.03271299973130226 0.00040667300345376134 -0.003822400001809001
v 0.03285370022058487 0.0007099100039340556 -0.003822400001809001
v 0.032917700707912445 0.000674180977512151 -0.003822400001809001
v 0.032499998807907104 0.00045908900210633874 -0.003822400001809001
v 0.032499998807907104 0.0007931389845907688 -0.003822400001809001
v 0.032573599368333817 0.0007896850001998246 -0.003822400001809001
v 0.03303449973464012 0.0005859510274603963 -0.003822400001809001
v 0.033086199313402176 0.00053432397544384 -0.003822400001809001
v 0.032838501036167145 0.00031016900902614 -0.003822400001809001
v 0.032642100006341934 0.0004365459899418056 -0.003822400001809001
v 0.032786499708890915 0.000739570998121053 -0.003822400001809001
v 0.03271299973130226 0.00040667300345376134 -0.003822400001809001
v 0.032717201858758926 0.0007628229795955122 -0.003822400001809001
v 0.032642100006341934 0.0004365459899418056 -0.003822400001809001
v 0.03257010132074356 0.0004537049971986562 -0.003822400001809001
v 0.032456301152706146 0.0004570689925458282 -0.003822400001809001
v 0.03242700174450874 0.000789753976278007 -0.003822400001809001
v 0.032499998807907104 0.00045908900210633874 -0.003822400001809001
v 0.032645899802446365 0.0007795909768901765 -0.003822400001809001
v 0.03257010132074356 0.0004537049971986562 -0.003822400001809001
v 0.032573599368333817 0.0007896850001998246 -0.003822400001809001
v 0.03241309896111488 0.0004508460115175694 -0.003822400001809001
v 0.03235410153865814 0.0007796129793860018 -0.003822400001809001
v 0.032456301152706146 0.0004570689925458282 -0.003822400001809001
v 0.03277960047125816 0.00036414098576642573 -0.003822400001809001
v 0.032978300005197525 0.0006327040027827024 -0.003822400001809001
v 0.03303449973464012 0.0005859510274603963 -0.003822400001809001
v 0.03288690000772476 0.00024706099065952003 -0.003822400001809001
v 0.03313300013542175 0.0004778580041602254 -0.003822400001809001
v 0.03317439928650856 0.00041745600174181163 -0.003822400001809001
v 0.03313300013542175 0.0004778580041602254 -0.003822400001809001
v 0.032838501036167145 0.00031016900902614 -0.003822400001809001
v 0.033086199313402176 0.00053432397544384 -0.003822400001809001
v 0.03232939913868904 0.00042622900218702853 -0.003822400001809001
v 0.03228960186243057 0.0004080680082552135 -0.003822400001809001
v 0.03214680030941963 0.0007101239752955735 -0.003822400001809001
v 0.03237070143222809 0.0004405369982123375 -0.003822400001809001
v 0.03232939913868904 0.00042622900218702853 -0.003822400001809001
v 0.03221369907259941 0.0007396679720841348 -0.003822400001809001
v 0.032923199236392975 0.0001778919977368787 -0.003822400001809001
v 0.03321009874343872 0.00035317300353199244 -0.003822400001809001
v 0.0332396999001503 0.0002862699911929667 -0.003822400001809001
v 0.03228960186243057 0.0004080680082552135 -0.003822400001809001
v 0.03225180134177208 0.0003862410085275769 -0.003822400001809001
v 0.03208250179886818 0.0006743859848938882 -0.003822400001809001
v 0.0321832001209259 0.0003322809934616089 -0.003822400001809001
v 0.03215299919247627 0.0003006639890372753 -0.003822400001809001
v 0.03191399946808815 0.0005345260142348707 -0.003822400001809001
v 0.03225180134177208 0.0003862410085275769 -0.003822400001809001
v 0.03221629932522774 0.00036092300433665514 -0.003822400001809001
v 0.03202209994196892 0.0006329959724098444 -0.003822400001809001
v 0.033279601484537125 0.0001458629994885996 -0.003822400001809001
v 0.03295779973268509 0.00003465649933787063 -0.003822400001809001
v 0.03294669836759567 0.00010603100236039609 -0.003822400001809001
v 0.03186729922890663 0.00047825099318288267 -0.003822400001809001
v 0.03215299919247627 0.0003006639890372753 -0.003822400001809001
v 0.03212599828839302 0.00026637600967660546 -0.003822400001809001
v 0.03295779973268509 0.00003465649933787063 -0.003822400001809001
v 0.033289700746536255 0.00007358830043813214 -0.003822400001809001
v 0.03329309821128845 -1.0386099966175344e-11 -0.003822400001809001
v 0.032102398574352264 0.00022956999600864947 -0.003822400001809001
v 0.03208230063319206 0.00019069999689236283 -0.003822400001809001
v 0.031790100038051605 0.00035366800148040056 -0.003822400001809001
v 0.03295779973268509 -0.00003465649933787063 -0.003822400001809001
v 0.03329309821128845 -1.0386099966175344e-11 -0.003822400001809001
v 0.03328229859471321 -0.00013061100617051125 -0.003822400001809001
v 0.03208230063319206 0.00019069999689236283 -0.003822400001809001
v 0.03206609934568405 0.0001501640072092414 -0.003822400001809001
v 0.03176039829850197 0.0002864940033759922 -0.003822400001809001
v 0.032045599073171616 0.00006525999924633652 -0.003822400001809001
v 0.03172039985656738 0.0001459479972254485 -0.003822400001809001
v 0.03205379843711853 0.00010819699673447758 -0.003822400001809001
v 0.032045599073171616 0.00006525999924633652 -0.003822400001809001
v 0.03204140067100525 0.000021791000108351 -0.003822400001809001
v 0.03171030059456825 0.00007358830043813214 -0.003822400001809001
v 0.03325020149350166 -0.00025752800866030157 -0.003822400001809001
v 0.032923199236392975 -0.0001778919977368787 -0.003822400001809001
v 0.03294669836759567 -0.00010603100236039609 -0.003822400001809001
v 0.031717699021101 -0.00013061100617051125 -0.003822400001809001
v 0.03204140067100525 -0.000021892199583817273 -0.003822400001809001
v 0.032045599073171616 -0.00006544720235979185 -0.003822400001809001
v 0.03170689940452576 1.0386199712775213e-11 -0.003822400001809001
v 0.03204140067100525 0.000021791000108351 -0.003822400001809001
v 0.03204140067100525 -0.000021892199583817273 -0.003822400001809001
v 0.03206630051136017 -0.0001502149971202016 -0.003822400001809001
v 0.03208259865641594 -0.00019080399943049997 -0.003822400001809001
v 0.031749799847602844 -0.00025735399685800076 -0.003822400001809001
v 0.03205389901995659 -0.00010834800195880234 -0.003822400001809001
v 0.031749799847602844 -0.00025735399685800076 -0.003822400001809001
v 0.031717699021101 -0.00013061100617051125 -0.003822400001809001
v 0.03256529942154884 -0.0007904350059106946 -0.003822400001809001
v 0.03257010132074356 -0.0004537049971986562 -0.003822400001809001
v 0.0326944999396801 -0.0007689199992455542 -0.003822400001809001
v 0.031874001026153564 -0.00048695699661038816 -0.003822400001809001
v 0.031802400946617126 -0.0003773600037675351 -0.003822400001809001
v 0.03212619945406914 -0.00026633701054379344 -0.003822400001809001
v 0.031874001026153564 -0.00048695699661038816 -0.003822400001809001
v 0.03215320035815239 -0.0003007240011356771 -0.003822400001809001
v 0.03196270018815994 -0.0005833550239913166 -0.003822400001809001
v 0.03271299973130226 -0.00040667300345376134 -0.003822400001809001
v 0.032818298786878586 -0.0007264299783855677 -0.003822400001809001
v 0.032642100006341934 -0.0004365459899418056 -0.003822400001809001
v 0.03277960047125816 -0.00036414098576642573 -0.003822400001809001
v 0.03303699940443039 -0.0005836919881403446 -0.003822400001809001
v 0.03293370082974434 -0.0006640690262429416 -0.003822400001809001
v 0.03218119964003563 -0.0007261930149979889 -0.003822400001809001
v 0.03228979930281639 -0.0004081130027770996 -0.003822400001809001
v 0.0323294997215271 -0.0004262140137143433 -0.003822400001809001
v 0.032305099070072174 -0.0007688030018471181 -0.003822400001809001
v 0.03218119964003563 -0.0007261930149979889 -0.003822400001809001
v 0.0323294997215271 -0.0004262140137143433 -0.003822400001809001
v 0.03206599876284599 -0.0006638509803451598 -0.003822400001809001
v 0.03221629932522774 -0.00036094398819841444 -0.003822400001809001
v 0.03225189819931984 -0.0003862729936372489 -0.003822400001809001
v 0.03206599876284599 -0.0006638509803451598 -0.003822400001809001
v 0.03225189819931984 -0.0003862729936372489 -0.003822400001809001
v 0.03228979930281639 -0.0004081130027770996 -0.003822400001809001
v 0.03196270018815994 -0.0005833550239913166 -0.003822400001809001
v 0.03215320035815239 -0.0003007240011356771 -0.003822400001809001
v 0.03218330070376396 -0.00033236300805583596 -0.003822400001809001
v 0.03196270018815994 -0.0005833550239913166 -0.003822400001809001
v 0.03218330070376396 -0.00033236300805583596 -0.003822400001809001
v 0.03221629932522774 -0.00036094398819841444 -0.003822400001809001
v 0.031874001026153564 -0.00048695699661038816 -0.003822400001809001
v 0.03212619945406914 -0.00026633701054379344 -0.003822400001809001
v 0.03215320035815239 -0.0003007240011356771 -0.003822400001809001
v 0.031802400946617126 -0.0003773600037675351 -0.003822400001809001
v 0.03210259974002838 -0.0002296330058015883 -0.003822400001809001
v 0.03212619945406914 -0.00026633701054379344 -0.003822400001809001
v 0.031802400946617126 -0.0003773600037675351 -0.003822400001809001
v 0.031749799847602844 -0.00025735399685800076 -0.003822400001809001
v 0.03208259865641594 -0.00019080399943049997 -0.003822400001809001
v 0.03206630051136017 -0.0001502149971202016 -0.003822400001809001
v 0.031749799847602844 -0.00025735399685800076 -0.003822400001809001
v 0.03205389901995659 -0.00010834800195880234 -0.003822400001809001
v 0.03205389901995659 -0.00010834800195880234 -0.003822400001809001
v 0.031717699021101 -0.00013061100617051125 -0.003822400001809001
v 0.032045599073171616 -0.00006544720235979185 -0.003822400001809001
v 0.03204140067100525 -0.000021892199583817273 -0.003822400001809001
v 0.031717699021101 -0.00013061100617051125 -0.003822400001809001
v 0.03170689940452576 1.0386199712775213e-11 -0.003822400001809001
v 0.03204140067100525 0.000021791000108351 -0.003822400001809001
v 0.03170689940452576 1.0386199712775213e-11 -0.003822400001809001
v 0.03171030059456825 0.00007358830043813214 -0.003822400001809001
v 0.032045599073171616 0.00006525999924633652 -0.003822400001809001
v 0.03171030059456825 0.00007358830043813214 -0.003822400001809001
v 0.03172039985656738 0.0001459479972254485 -0.003822400001809001
v 0.03205379843711853 0.00010819699673447758 -0.003822400001809001
v 0.03172039985656738 0.0001459479972254485 -0.003822400001809001
v 0.031737200915813446 0.00021719399956054986 -0.003822400001809001
v 0.03206609934568405 0.0001501640072092414 -0.003822400001809001
v 0.031737200915813446 0.00021719399956054986 -0.003822400001809001
v 0.03176039829850197 0.0002864940033759922 -0.003822400001809001
v 0.03208230063319206 0.00019069999689236283 -0.003822400001809001
v 0.03176039829850197 0.0002864940033759922 -0.003822400001809001
v 0.031790100038051605 0.00035366800148040056 -0.003822400001809001
v 0.032102398574352264 0.00022956999600864947 -0.003822400001809001
v 0.031790100038051605 0.00035366800148040056 -0.003822400001809001
v 0.031825799494981766 0.0004177310038357973 -0.003822400001809001
v 0.03212599828839302 0.00026637600967660546 -0.003822400001809001
v 0.031825799494981766 0.0004177310038357973 -0.003822400001809001
v 0.03186729922890663 0.00047825099318288267 -0.003822400001809001
v 0.03215299919247627 0.0003006639890372753 -0.003822400001809001
v 0.03186729922890663 0.00047825099318288267 -0.003822400001809001
v 0.03191399946808815 0.0005345260142348707 -0.003822400001809001
v 0.0321832001209259 0.0003322809934616089 -0.003822400001809001
v 0.03191399946808815 0.0005345260142348707 -0.003822400001809001
v 0.031965699046850204 0.0005861520185135305 -0.003822400001809001
v 0.03221629932522774 0.00036092300433665514 -0.003822400001809001
v 0.031965699046850204 0.0005861520185135305 -0.003822400001809001
v 0.03202209994196892 0.0006329959724098444 -0.003822400001809001
v 0.03225180134177208 0.0003862410085275769 -0.003822400001809001
v 0.03202209994196892 0.0006329959724098444 -0.003822400001809001
v 0.03208250179886818 0.0006743859848938882 -0.003822400001809001
v 0.03228960186243057 0.0004080680082552135 -0.003822400001809001
v 0.03208250179886818 0.0006743859848938882 -0.003822400001809001
v 0.03214680030941963 0.0007101239752955735 -0.003822400001809001
v 0.03232939913868904 0.00042622900218702853 -0.003822400001809001
v 0.03214680030941963 0.0007101239752955735 -0.003822400001809001
v 0.03221369907259941 0.0007396679720841348 -0.003822400001809001
v 0.03237070143222809 0.0004405369982123375 -0.003822400001809001
v 0.03221369907259941 0.0007396679720841348 -0.003822400001809001
v 0.032283201813697815 0.0007629229803569615 -0.003822400001809001
v 0.03241309896111488 0.0004508460115175694 -0.003822400001809001
v 0.032283201813697815 0.0007629229803569615 -0.003822400001809001
v 0.03235410153865814 0.0007796129793860018 -0.003822400001809001
v 0.032456301152706146 0.0004570689925458282 -0.003822400001809001
v 0.03235410153865814 0.0007796129793860018 -0.003822400001809001
v 0.03242700174450874 0.000789753976278007 -0.003822400001809001
v 0.032499998807907104 0.00045908900210633874 -0.003822400001809001
v 0.03242700174450874 0.000789753976278007 -0.003822400001809001
v 0.032499998807907104 0.0007931389845907688 -0.003822400001809001
v 0.032499998807907104 0.00045908900210633874 -0.003822400001809001
v 0.032573599368333817 0.0007896850001998246 -0.003822400001809001
v 0.03257010132074356 0.0004537049971986562 -0.003822400001809001
v 0.032645899802446365 0.0007795909768901765 -0.003822400001809001
v 0.032717201858758926 0.0007628229795955122 -0.003822400001809001
v 0.03257010132074356 0.0004537049971986562 -0.003822400001809001
v 0.032717201858758926 0.0007628229795955122 -0.003822400001809001
v 0.032786499708890915 0.000739570998121053 -0.003822400001809001
v 0.032642100006341934 0.0004365459899418056 -0.003822400001809001
v 0.032786499708890915 0.000739570998121053 -0.003822400001809001
v 0.03285370022058487 0.0007099100039340556 -0.003822400001809001
v 0.03271299973130226 0.00040667300345376134 -0.003822400001809001
v 0.032917700707912445 0.000674180977512151 -0.003822400001809001
v 0.03277960047125816 0.00036414098576642573 -0.003822400001809001
v 0.03271299973130226 0.00040667300345376134 -0.003822400001809001
v 0.03303449973464012 0.0005859510274603963 -0.003822400001809001
v 0.032838501036167145 0.00031016900902614 -0.003822400001809001
v 0.03277960047125816 0.00036414098576642573 -0.003822400001809001
v 0.03313300013542175 0.0004778580041602254 -0.003822400001809001
v 0.03288690000772476 0.00024706099065952003 -0.003822400001809001
v 0.032838501036167145 0.00031016900902614 -0.003822400001809001
v 0.03321009874343872 0.00035317300353199244 -0.003822400001809001
v 0.03288690000772476 0.00024706099065952003 -0.003822400001809001
v 0.03317439928650856 0.00041745600174181163 -0.003822400001809001
v 0.0332396999001503 0.0002862699911929667 -0.003822400001809001
v 0.03294669836759567 0.00010603100236039609 -0.003822400001809001
v 0.032923199236392975 0.0001778919977368787 -0.003822400001809001
v 0.033279601484537125 0.0001458629994885996 -0.003822400001809001
v 0.03294669836759567 0.00010603100236039609 -0.003822400001809001
v 0.03326290100812912 0.0002168240025639534 -0.003822400001809001
v 0.033289700746536255 0.00007358830043813214 -0.003822400001809001
v 0.03295779973268509 0.00003465649933787063 -0.003822400001809001
v 0.033279601484537125 0.0001458629994885996 -0.003822400001809001
v 0.03295779973268509 -0.00003465649933787063 -0.003822400001809001
v 0.03295779973268509 0.00003465649933787063 -0.003822400001809001
v 0.03329309821128845 -1.0386099966175344e-11 -0.003822400001809001
v 0.03294669836759567 -0.00010603100236039609 -0.003822400001809001
v 0.03295779973268509 -0.00003465649933787063 -0.003822400001809001
v 0.03328229859471321 -0.00013061100617051125 -0.003822400001809001
v 0.03319749981164932 -0.00037764699663966894 -0.003822400001809001
v 0.032923199236392975 -0.0001778919977368787 -0.003822400001809001
v 0.03325020149350166 -0.00025752800866030157 -0.003822400001809001
v 0.03319749981164932 -0.00037764699663966894 -0.003822400001809001
v 0.033125899732112885 -0.00048719800543040037 -0.003822400001809001
v 0.03288690000772476 -0.00024706099065952003 -0.003822400001809001
v 0.03288690000772476 -0.00024706099065952003 -0.003822400001809001
v 0.032923199236392975 -0.0001778919977368787 -0.003822400001809001
v 0.03319749981164932 -0.00037764699663966894 -0.003822400001809001
v 0.032838501036167145 -0.00031016900902614 -0.003822400001809001
v 0.033125899732112885 -0.00048719800543040037 -0.003822400001809001
v 0.03303699940443039 -0.0005836919881403446 -0.003822400001809001
v 0.03277960047125816 -0.00036414098576642573 -0.003822400001809001
v 0.03293370082974434 -0.0006640690262429416 -0.003822400001809001
v 0.03271299973130226 -0.00040667300345376134 -0.003822400001809001
v 0.032838501036167145 -0.00031016900902614 -0.003822400001809001
v 0.03303699940443039 -0.0005836919881403446 -0.003822400001809001
v 0.03277960047125816 -0.00036414098576642573 -0.003822400001809001
v 0.032818298786878586 -0.0007264299783855677 -0.003822400001809001
v 0.0326944999396801 -0.0007689199992455542 -0.003822400001809001
v 0.032642100006341934 -0.0004365459899418056 -0.003822400001809001
v 0.03293370082974434 -0.0006640690262429416 -0.003822400001809001
v 0.032818298786878586 -0.0007264299783855677 -0.003822400001809001
v 0.03271299973130226 -0.00040667300345376134 -0.003822400001809001
v 0.03256529942154884 -0.0007904350059106946 -0.003822400001809001
v 0.032499998807907104 -0.00045908900210633874 -0.003822400001809001
v 0.03257010132074356 -0.0004537049971986562 -0.003822400001809001
v 0.0326944999396801 -0.0007689199992455542 -0.003822400001809001
v 0.03257010132074356 -0.0004537049971986562 -0.003822400001809001
v 0.032642100006341934 -0.0004365459899418056 -0.003822400001809001
v 0.032499998807907104 -0.0003054350090678781 -0.003778930054977536
v 0.032499998807907104 -0.00015355099458247423 -0.003748779883608222
v 0.032546598464250565 -0.0003018529969267547 -0.003778930054977536
v 0.032642100006341934 0.0004365459899418056 -0.003822400001809001
v 0.03264170140028 0.00027056201361119747 -0.003778930054977536
v 0.03259449824690819 0.00029043699032627046 -0.003778930054977536
v 0.032499998807907104 0.00045908900210633874 -0.003822400001809001
v 0.03257010132074356 0.0004537049971986562 -0.003822400001809001
v 0.032546598464250565 0.0003018529969267547 -0.003778930054977536
v 0.03259449824690819 0.00029043699032627046 -0.003778930054977536
v 0.03257010132074356 0.0004537049971986562 -0.003822400001809001
v 0.032642100006341934 0.0004365459899418056 -0.003822400001809001
v 0.03271299973130226 0.00040667300345376134 -0.003822400001809001
v 0.03268599882721901 0.00024226499954238534 -0.003778930054977536
v 0.03264170140028 0.00027056201361119747 -0.003778930054977536
v 0.03271299973130226 0.00040667300345376134 -0.003822400001809001
v 0.03264170140028 0.00027056201361119747 -0.003778930054977536
v 0.032642100006341934 0.0004365459899418056 -0.003822400001809001
v 0.03288690000772476 0.00024706099065952003 -0.003822400001809001
v 0.03275740146636963 0.00016437200247310102 -0.003778930054977536
v 0.032838501036167145 0.00031016900902614 -0.003822400001809001
v 0.032725200057029724 0.0002063569991150871 -0.003778930054977536
v 0.03277960047125816 0.00036414098576642573 -0.003822400001809001
v 0.032838501036167145 0.00031016900902614 -0.003822400001809001
v 0.03280460089445114 0.000023057200451148674 -0.003778930054977536
v 0.0327971987426281 0.00007054289744701236 -0.003778930054977536
v 0.03294669836759567 0.00010603100236039609 -0.003822400001809001
v 0.03278160095214844 0.00011835299665108323 -0.003778930054977536
v 0.032923199236392975 0.0001778919977368787 -0.003822400001809001
v 0.0327971987426281 0.00007054289744701236 -0.003778930054977536
v 0.0327971987426281 -0.00007054289744701236 -0.003778930054977536
v 0.03295779973268509 -0.00003465649933787063 -0.003822400001809001
v 0.03294669836759567 -0.00010603100236039609 -0.003822400001809001
v 0.03295779973268509 0.00003465649933787063 -0.003822400001809001
v 0.03295779973268509 -0.00003465649933787063 -0.003822400001809001
v 0.03280460089445114 -0.000023057200451148674 -0.003778930054977536
v 0.03275740146636963 -0.00016437200247310102 -0.003778930054977536
v 0.03278160095214844 -0.00011835299665108323 -0.003778930054977536
v 0.032923199236392975 -0.0001778919977368787 -0.003822400001809001
v 0.03294669836759567 -0.00010603100236039609 -0.003822400001809001
v 0.032923199236392975 -0.0001778919977368787 -0.003822400001809001
v 0.03278160095214844 -0.00011835299665108323 -0.003778930054977536
v 0.032838501036167145 -0.00031016900902614 -0.003822400001809001
v 0.032725200057029724 -0.0002063569991150871 -0.003778930054977536
v 0.03288690000772476 -0.00024706099065952003 -0.003822400001809001
v 0.03275740146636963 -0.00016437200247310102 -0.003778930054977536
v 0.032923199236392975 -0.0001778919977368787 -0.003822400001809001
v 0.03288690000772476 -0.00024706099065952003 -0.003822400001809001
v 0.032838501036167145 -0.00031016900902614 -0.003822400001809001
v 0.03277960047125816 -0.00036414098576642573 -0.003822400001809001
v 0.03268599882721901 -0.00024226499954238534 -0.003778930054977536
v 0.03268599882721901 -0.00024226499954238534 -0.003778930054977536
v 0.032725200057029724 -0.0002063569991150871 -0.003778930054977536
v 0.032838501036167145 -0.00031016900902614 -0.003822400001809001
v 0.03259449824690819 -0.00029043699032627046 -0.003778930054977536
v 0.03271299973130226 -0.00040667300345376134 -0.003822400001809001
v 0.032642100006341934 -0.0004365459899418056 -0.003822400001809001
v 0.03271299973130226 -0.00040667300345376134 -0.003822400001809001
v 0.03264170140028 -0.00027056201361119747 -0.003778930054977536
v 0.03277960047125816 -0.00036414098576642573 -0.003822400001809001
v 0.032546598464250565 -0.0003018529969267547 -0.003778930054977536
v 0.03257010132074356 -0.0004537049971986562 -0.003822400001809001
v 0.032499998807907104 -0.0003054350090678781 -0.003778930054977536
v 0.032642100006341934 -0.0004365459899418056 -0.003822400001809001
v 0.032546598464250565 -0.0003018529969267547 -0.003778930054977536
v 0.03259449824690819 -0.00029043699032627046 -0.003778930054977536
v 0.03257010132074356 -0.0004537049971986562 -0.003822400001809001
v 0.032499998807907104 -0.00045908900210633874 -0.003822400001809001
v 0.032499998807907104 -0.0003054350090678781 -0.003778930054977536
v 0.032546598464250565 -0.0003018529969267547 -0.003778930054977536
v 0.032499998807907104 -0.00015355099458247423 -0.003748779883608222
v 0.03252340108156204 -0.0001517509954283014 -0.003748779883608222
v 0.03252340108156204 -0.0001517509954283014 -0.003748779883608222
v 0.032499998807907104 -0.00015355099458247423 -0.003748779883608222
v 0.032499998807907104 1.0064600162050144e-17 -0.0037382401060312986
v 0.032642100006341934 -0.0004365459899418056 -0.003822400001809001
v 0.03257010132074356 -0.0004537049971986562 -0.003822400001809001
v 0.032546598464250565 -0.0003018529969267547 -0.003778930054977536
v 0.03264170140028 -0.00027056201361119747 -0.003778930054977536
v 0.03268599882721901 -0.00024226499954238534 -0.003778930054977536
v 0.03277960047125816 -0.00036414098576642573 -0.003822400001809001
v 0.03271299973130226 -0.00040667300345376134 -0.003822400001809001
v 0.03259449824690819 -0.00029043699032627046 -0.003778930054977536
v 0.03264170140028 -0.00027056201361119747 -0.003778930054977536
v 0.03264170140028 -0.00027056201361119747 -0.003778930054977536
v 0.03254749998450279 -0.00014601199654862285 -0.003748779883608222
v 0.032571300864219666 -0.0001360199967166409 -0.003748779883608222
v 0.032725200057029724 -0.0002063569991150871 -0.003778930054977536
v 0.03275740146636963 -0.00016437200247310102 -0.003778930054977536
v 0.03288690000772476 -0.00024706099065952003 -0.003822400001809001
v 0.03264170140028 -0.00027056201361119747 -0.003778930054977536
v 0.03259449824690819 -0.00029043699032627046 -0.003778930054977536
v 0.03254749998450279 -0.00014601199654862285 -0.003748779883608222
v 0.03264160081744194 -0.00005949970000074245 -0.003748779883608222
v 0.03278160095214844 -0.00011835299665108323 -0.003778930054977536
v 0.03262940049171448 -0.00008263470226665959 -0.003748779883608222
v 0.03268599882721901 -0.00024226499954238534 -0.003778930054977536
v 0.03264170140028 -0.00027056201361119747 -0.003778930054977536
v 0.032571300864219666 -0.0001360199967166409 -0.003748779883608222
v 0.0325934998691082 -0.00012179400073364377 -0.003748779883608222
v 0.03268599882721901 -0.00024226499954238534 -0.003778930054977536
v 0.032571300864219666 -0.0001360199967166409 -0.003748779883608222
v 0.03280460089445114 -0.000023057200451148674 -0.003778930054977536
v 0.03295779973268509 -0.00003465649933787063 -0.003822400001809001
v 0.0327971987426281 -0.00007054289744701236 -0.003778930054977536
v 0.0327971987426281 -0.00007054289744701236 -0.003778930054977536
v 0.03294669836759567 -0.00010603100236039609 -0.003822400001809001
v 0.03278160095214844 -0.00011835299665108323 -0.003778930054977536
v 0.0325934998691082 -0.00012179400073364377 -0.003748779883608222
v 0.032725200057029724 -0.0002063569991150871 -0.003778930054977536
v 0.03268599882721901 -0.00024226499954238534 -0.003778930054977536
v 0.03280460089445114 0.000023057200451148674 -0.003778930054977536
v 0.03295779973268509 0.00003465649933787063 -0.003822400001809001
v 0.03280460089445114 -0.000023057200451148674 -0.003778930054977536
v 0.03261319920420647 -0.00010374200064688921 -0.003748779883608222
v 0.03275740146636963 -0.00016437200247310102 -0.003778930054977536
v 0.032725200057029724 -0.0002063569991150871 -0.003778930054977536
v 0.03275740146636963 -0.00016437200247310102 -0.003778930054977536
v 0.03261319920420647 -0.00010374200064688921 -0.003748779883608222
v 0.03262940049171448 -0.00008263470226665959 -0.003748779883608222
v 0.0327971987426281 0.00007054289744701236 -0.003778930054977536
v 0.032923199236392975 0.0001778919977368787 -0.003822400001809001
v 0.03294669836759567 0.00010603100236039609 -0.003822400001809001
v 0.03280460089445114 0.000023057200451148674 -0.003778930054977536
v 0.03294669836759567 0.00010603100236039609 -0.003822400001809001
v 0.03295779973268509 0.00003465649933787063 -0.003822400001809001
v 0.03278160095214844 -0.00011835299665108323 -0.003778930054977536
v 0.03275740146636963 -0.00016437200247310102 -0.003778930054977536
v 0.03262940049171448 -0.00008263470226665959 -0.003748779883608222
v 0.03278160095214844 0.00011835299665108323 -0.003778930054977536
v 0.03288690000772476 0.00024706099065952003 -0.003822400001809001
v 0.032923199236392975 0.0001778919977368787 -0.003822400001809001
v 0.03264160081744194 -0.00005949970000074245 -0.003748779883608222
v 0.03264940157532692 -0.00003546410152921453 -0.003748779883608222
v 0.0327971987426281 -0.00007054289744701236 -0.003778930054977536
v 0.03265310078859329 -0.000011591600014071446 -0.003748779883608222
v 0.03280460089445114 -0.000023057200451148674 -0.003778930054977536
v 0.03264940157532692 -0.00003546410152921453 -0.003748779883608222
v 0.03275740146636963 0.00016437200247310102 -0.003778930054977536
v 0.032725200057029724 0.0002063569991150871 -0.003778930054977536
v 0.032838501036167145 0.00031016900902614 -0.003822400001809001
v 0.03278160095214844 0.00011835299665108323 -0.003778930054977536
v 0.03275740146636963 0.00016437200247310102 -0.003778930054977536
v 0.03288690000772476 0.00024706099065952003 -0.003822400001809001
v 0.03280460089445114 0.000023057200451148674 -0.003778930054977536
v 0.03265310078859329 0.000011591600014071446 -0.003748779883608222
v 0.0327971987426281 0.00007054289744701236 -0.003778930054977536
v 0.032725200057029724 0.0002063569991150871 -0.003778930054977536
v 0.03268599882721901 0.00024226499954238534 -0.003778930054977536
v 0.03277960047125816 0.00036414098576642573 -0.003822400001809001
v 0.03278160095214844 0.00011835299665108323 -0.003778930054977536
v 0.03264940157532692 0.00003546410152921453 -0.003748779883608222
v 0.03264160081744194 0.00005949970000074245 -0.003748779883608222
v 0.03264160081744194 0.00005949970000074245 -0.003748779883608222
v 0.03262940049171448 0.00008263470226665959 -0.003748779883608222
v 0.03275740146636963 0.00016437200247310102 -0.003778930054977536
v 0.03254749998450279 0.00014601199654862285 -0.003748779883608222
v 0.032546598464250565 0.0003018529969267547 -0.003778930054977536
v 0.03259449824690819 0.00029043699032627046 -0.003778930054977536
v 0.03277960047125816 0.00036414098576642573 -0.003822400001809001
v 0.03268599882721901 0.00024226499954238534 -0.003778930054977536
v 0.03271299973130226 0.00040667300345376134 -0.003822400001809001
v 0.032725200057029724 0.0002063569991150871 -0.003778930054977536
v 0.03261319920420647 0.00010374200064688921 -0.003748779883608222
v 0.03268599882721901 0.00024226499954238534 -0.003778930054977536
v 0.03259449824690819 0.00029043699032627046 -0.003778930054977536
v 0.032571300864219666 0.0001360199967166409 -0.003748779883608222
v 0.03254749998450279 0.00014601199654862285 -0.003748779883608222
v 0.03264170140028 0.00027056201361119747 -0.003778930054977536
v 0.0325934998691082 0.00012179400073364377 -0.003748779883608222
v 0.032571300864219666 0.0001360199967166409 -0.003748779883608222
v 0.032546598464250565 0.0003018529969267547 -0.003778930054977536
v 0.03252340108156204 0.0001517509954283014 -0.003748779883608222
v 0.032499998807907104 0.0003054350090678781 -0.003778930054977536
v 0.032499998807907104 0.00045908900210633874 -0.003822400001809001
v 0.032546598464250565 0.0003018529969267547 -0.003778930054977536
v 0.032499998807907104 0.0003054350090678781 -0.003778930054977536
v 0.03257010132074356 0.0004537049971986562 -0.003822400001809001
v 0.03259449824690819 0.00029043699032627046 -0.003778930054977536
v 0.032546598464250565 0.0003018529969267547 -0.003778930054977536
v 0.03259449824690819 -0.00029043699032627046 -0.003778930054977536
v 0.03252340108156204 -0.0001517509954283014 -0.003748779883608222
v 0.03254749998450279 -0.00014601199654862285 -0.003748779883608222
v 0.032546598464250565 -0.0003018529969267547 -0.003778930054977536
v 0.03252340108156204 -0.0001517509954283014 -0.003748779883608222
v 0.03259449824690819 -0.00029043699032627046 -0.003778930054977536
v 0.032725200057029724 -0.0002063569991150871 -0.003778930054977536
v 0.0325934998691082 -0.00012179400073364377 -0.003748779883608222
v 0.03261319920420647 -0.00010374200064688921 -0.003748779883608222
v 0.03252340108156204 -0.0001517509954283014 -0.003748779883608222
v 0.032499998807907104 1.0064600162050144e-17 -0.0037382401060312986
v 0.03254749998450279 -0.00014601199654862285 -0.003748779883608222
v 0.03254749998450279 -0.00014601199654862285 -0.003748779883608222
v 0.032499998807907104 1.0064600162050144e-17 -0.0037382401060312986
v 0.032571300864219666 -0.0001360199967166409 -0.003748779883608222
v 0.032499998807907104 1.0064600162050144e-17 -0.0037382401060312986
v 0.0325934998691082 -0.00012179400073364377 -0.003748779883608222
v 0.032571300864219666 -0.0001360199967166409 -0.003748779883608222
v 0.03261319920420647 -0.00010374200064688921 -0.003748779883608222
v 0.0325934998691082 -0.00012179400073364377 -0.003748779883608222
v 0.032499998807907104 1.0064600162050144e-17 -0.0037382401060312986
v 0.03280460089445114 -0.000023057200451148674 -0.003778930054977536
v 0.0327971987426281 -0.00007054289744701236 -0.003778930054977536
v 0.03264940157532692 -0.00003546410152921453 -0.003748779883608222
v 0.0327971987426281 -0.00007054289744701236 -0.003778930054977536
v 0.03278160095214844 -0.00011835299665108323 -0.003778930054977536
v 0.03264160081744194 -0.00005949970000074245 -0.003748779883608222
v 0.032499998807907104 1.0064600162050144e-17 -0.0037382401060312986
v 0.03262940049171448 -0.00008263470226665959 -0.003748779883608222
v 0.03261319920420647 -0.00010374200064688921 -0.003748779883608222
v 0.03280460089445114 0.000023057200451148674 -0.003778930054977536
v 0.03280460089445114 -0.000023057200451148674 -0.003778930054977536
v 0.03265310078859329 -0.000011591600014071446 -0.003748779883608222
v 0.032499998807907104 1.0064600162050144e-17 -0.0037382401060312986
v 0.03264160081744194 -0.00005949970000074245 -0.003748779883608222
v 0.03262940049171448 -0.00008263470226665959 -0.003748779883608222
v 0.03264940157532692 -0.00003546410152921453 -0.003748779883608222
v 0.03264160081744194 -0.00005949970000074245 -0.003748779883608222
v 0.032499998807907104 1.0064600162050144e-17 -0.0037382401060312986
v 0.03264940157532692 0.00003546410152921453 -0.003748779883608222
v 0.0327971987426281 0.00007054289744701236 -0.003778930054977536
v 0.03265310078859329 0.000011591600014071446 -0.003748779883608222
v 0.03265310078859329 0.000011591600014071446 -0.003748779883608222
v 0.03280460089445114 0.000023057200451148674 -0.003778930054977536
v 0.03265310078859329 -0.000011591600014071446 -0.003748779883608222
v 0.032499998807907104 1.0064600162050144e-17 -0.0037382401060312986
v 0.03265310078859329 -0.000011591600014071446 -0.003748779883608222
v 0.03264940157532692 -0.00003546410152921453 -0.003748779883608222
v 0.03265310078859329 0.000011591600014071446 -0.003748779883608222
v 0.03265310078859329 -0.000011591600014071446 -0.003748779883608222
v 0.032499998807907104 1.0064600162050144e-17 -0.0037382401060312986
v 0.03264160081744194 0.00005949970000074245 -0.003748779883608222
v 0.03275740146636963 0.00016437200247310102 -0.003778930054977536
v 0.03278160095214844 0.00011835299665108323 -0.003778930054977536
v 0.03264940157532692 0.00003546410152921453 -0.003748779883608222
v 0.03278160095214844 0.00011835299665108323 -0.003778930054977536
v 0.0327971987426281 0.00007054289744701236 -0.003778930054977536
v 0.03265310078859329 0.000011591600014071446 -0.003748779883608222
v 0.032499998807907104 1.0064600162050144e-17 -0.0037382401060312986
v 0.03264940157532692 0.00003546410152921453 -0.003748779883608222
v 0.03262940049171448 0.00008263470226665959 -0.003748779883608222
v 0.032725200057029724 0.0002063569991150871 -0.003778930054977536
v 0.03275740146636963 0.00016437200247310102 -0.003778930054977536
v 0.03264940157532692 0.00003546410152921453 -0.003748779883608222
v 0.032499998807907104 1.0064600162050144e-17 -0.0037382401060312986
v 0.03264160081744194 0.00005949970000074245 -0.003748779883608222
v 0.032499998807907104 1.0064600162050144e-17 -0.0037382401060312986
v 0.03262940049171448 0.00008263470226665959 -0.003748779883608222
v 0.03264160081744194 0.00005949970000074245 -0.003748779883608222
v 0.03261319920420647 0.00010374200064688921 -0.003748779883608222
v 0.0325934998691082 0.00012179400073364377 -0.003748779883608222
v 0.03268599882721901 0.00024226499954238534 -0.003778930054977536
v 0.03262940049171448 0.00008263470226665959 -0.003748779883608222
v 0.03261319920420647 0.00010374200064688921 -0.003748779883608222
v 0.032725200057029724 0.0002063569991150871 -0.003778930054977536
v 0.03262940049171448 0.00008263470226665959 -0.003748779883608222
v 0.032499998807907104 1.0064600162050144e-17 -0.0037382401060312986
v 0.03261319920420647 0.00010374200064688921 -0.003748779883608222
v 0.032499998807907104 1.0064600162050144e-17 -0.0037382401060312986
v 0.0325934998691082 0.00012179400073364377 -0.003748779883608222
v 0.03261319920420647 0.00010374200064688921 -0.003748779883608222
v 0.03264170140028 0.00027056201361119747 -0.003778930054977536
v 0.032571300864219666 0.0001360199967166409 -0.003748779883608222
v 0.03259449824690819 0.00029043699032627046 -0.003778930054977536
v 0.03268599882721901 0.00024226499954238534 -0.003778930054977536
v 0.0325934998691082 0.00012179400073364377 -0.003748779883608222
v 0.03264170140028 0.00027056201361119747 -0.003778930054977536
v 0.0325934998691082 0.00012179400073364377 -0.003748779883608222
v 0.032499998807907104 1.0064600162050144e-17 -0.0037382401060312986
v 0.032571300864219666 0.0001360199967166409 -0.003748779883608222
v 0.032499998807907104 0.00015355099458247423 -0.003748779883608222
v 0.032499998807907104 0.0003054350090678781 -0.003778930054977536
v 0.03252340108156204 0.0001517509954283014 -0.003748779883608222
v 0.032499998807907104 1.0064600162050144e-17 -0.0037382401060312986
v 0.03254749998450279 0.00014601199654862285 -0.003748779883608222
v 0.032571300864219666 0.0001360199967166409 -0.003748779883608222
v 0.032546598464250565 0.0003018529969267547 -0.003778930054977536
v 0.03254749998450279 0.00014601199654862285 -0.003748779883608222
v 0.03252340108156204 0.0001517509954283014 -0.003748779883608222
v 0.03254749998450279 0.00014601199654862285 -0.003748779883608222
v 0.032499998807907104 1.0064600162050144e-17 -0.0037382401060312986
v 0.03252340108156204 0.0001517509954283014 -0.003748779883608222
v 0.032499998807907104 1.0064600162050144e-17 -0.0037382401060312986
v 0.032499998807907104 0.00015355099458247423 -0.003748779883608222
v 0.03252340108156204 0.0001517509954283014 -0.003748779883608222
v 0.032499998807907104 0.0003054350090678781 -0.003778930054977536
v 0.032499998807907104 0.00015355099458247423 -0.003748779883608222
v 0.03247230127453804 0.0003041749878320843 -0.003778930054977536
v 0.03241319954395294 -0.0004507369885686785 -0.003822400001809001
v 0.0324104018509388 -0.00029199200798757374 -0.003778930054977536
v 0.032442301511764526 -0.0002999439893756062 -0.003778930054977536
v 0.032499998807907104 -0.00045908900210633874 -0.003822400001809001
v 0.032456301152706146 -0.00045695301378145814 -0.003822400001809001
v 0.03247230127453804 -0.0003041749878320843 -0.003778930054977536
v 0.032456301152706146 -0.00045695301378145814 -0.003822400001809001
v 0.032442301511764526 -0.0002999439893756062 -0.003778930054977536
v 0.03247230127453804 -0.0003041749878320843 -0.003778930054977536
v 0.0324104018509388 -0.00029199200798757374 -0.003778930054977536
v 0.03241319954395294 -0.0004507369885686785 -0.003822400001809001
v 0.03237070143222809 -0.00044045099639333785 -0.003822400001809001
v 0.0324104018509388 -0.00029199200798757374 -0.003778930054977536
v 0.03237070143222809 -0.00044045099639333785 -0.003822400001809001
v 0.0323294997215271 -0.0004262140137143433 -0.003822400001809001
v 0.03230829909443855 -0.00023776899615768343 -0.003778930054977536
v 0.03234250098466873 -0.0002616760029923171 -0.003778930054977536
v 0.03225189819931984 -0.0003862729936372489 -0.003822400001809001
v 0.03237690031528473 -0.0002795089967548847 -0.003778930054977536
v 0.0323294997215271 -0.0004262140137143433 -0.003822400001809001
v 0.03228979930281639 -0.0004081130027770996 -0.003822400001809001
v 0.03227569907903671 -0.0002072950010187924 -0.003778930054977536
v 0.03218330070376396 -0.00033236300805583596 -0.003822400001809001
v 0.03215320035815239 -0.0003007240011356771 -0.003822400001809001
v 0.03221629932522774 -0.00036094398819841444 -0.003822400001809001
v 0.03218330070376396 -0.00033236300805583596 -0.003822400001809001
v 0.03230829909443855 -0.00023776899615768343 -0.003778930054977536
v 0.03224639967083931 -0.00017015599587466568 -0.003778930054977536
v 0.03210259974002838 -0.0002296330058015883 -0.003822400001809001
v 0.03222209960222244 -0.00012680499639827758 -0.003778930054977536
v 0.03215320035815239 -0.0003007240011356771 -0.003822400001809001
v 0.03212619945406914 -0.00026633701054379344 -0.003822400001809001
v 0.03224639967083931 -0.00017015599587466568 -0.003778930054977536
v 0.03206630051136017 -0.0001502149971202016 -0.003822400001809001
v 0.03205389901995659 -0.00010834800195880234 -0.003822400001809001
v 0.032204799354076385 -0.0000783456998760812 -0.003778930054977536
v 0.03206630051136017 -0.0001502149971202016 -0.003822400001809001
v 0.03222209960222244 -0.00012680499639827758 -0.003778930054977536
v 0.03208259865641594 -0.00019080399943049997 -0.003822400001809001
v 0.03204140067100525 -0.000021892199583817273 -0.003822400001809001
v 0.03219569846987724 0.000026509400413488038 -0.003778930054977536
v 0.03219569846987724 -0.000026509400413488038 -0.003778930054977536
v 0.03219569846987724 -0.000026509400413488038 -0.003778930054977536
v 0.032204799354076385 -0.0000783456998760812 -0.003778930054977536
v 0.032045599073171616 -0.00006544720235979185 -0.003822400001809001
v 0.032045599073171616 0.00006525999924633652 -0.003822400001809001
v 0.032204799354076385 0.0000783456998760812 -0.003778930054977536
v 0.03219569846987724 0.000026509400413488038 -0.003778930054977536
v 0.03204140067100525 0.000021791000108351 -0.003822400001809001
v 0.03219569846987724 0.000026509400413488038 -0.003778930054977536
v 0.03204140067100525 -0.000021892199583817273 -0.003822400001809001
v 0.03206609934568405 0.0001501640072092414 -0.003822400001809001
v 0.03222209960222244 0.00012680499639827758 -0.003778930054977536
v 0.032204799354076385 0.0000783456998760812 -0.003778930054977536
v 0.032204799354076385 0.0000783456998760812 -0.003778930054977536
v 0.03205379843711853 0.00010819699673447758 -0.003822400001809001
v 0.03206609934568405 0.0001501640072092414 -0.003822400001809001
v 0.03208230063319206 0.00019069999689236283 -0.003822400001809001
v 0.032102398574352264 0.00022956999600864947 -0.003822400001809001
v 0.03222209960222244 0.00012680499639827758 -0.003778930054977536
v 0.03208230063319206 0.00019069999689236283 -0.003822400001809001
v 0.03222209960222244 0.00012680499639827758 -0.003778930054977536
v 0.03206609934568405 0.0001501640072092414 -0.003822400001809001
v 0.03224639967083931 0.00017015599587466568 -0.003778930054977536
v 0.032102398574352264 0.00022956999600864947 -0.003822400001809001
v 0.03212599828839302 0.00026637600967660546 -0.003822400001809001
v 0.032102398574352264 0.00022956999600864947 -0.003822400001809001
v 0.03224639967083931 0.00017015599587466568 -0.003778930054977536
v 0.03222209960222244 0.00012680499639827758 -0.003778930054977536
v 0.03227569907903671 0.0002072950010187924 -0.003778930054977536
v 0.03215299919247627 0.0003006639890372753 -0.003822400001809001
v 0.0321832001209259 0.0003322809934616089 -0.003822400001809001
v 0.03212599828839302 0.00026637600967660546 -0.003822400001809001
v 0.03215299919247627 0.0003006639890372753 -0.003822400001809001
v 0.03227569907903671 0.0002072950010187924 -0.003778930054977536
v 0.03234250098466873 0.0002616760029923171 -0.003778930054977536
v 0.03230829909443855 0.00023776899615768343 -0.003778930054977536
v 0.03221629932522774 0.00036092300433665514 -0.003822400001809001
v 0.03227569907903671 0.0002072950010187924 -0.003778930054977536
v 0.0321832001209259 0.0003322809934616089 -0.003822400001809001
v 0.03230829909443855 0.00023776899615768343 -0.003778930054977536
v 0.03228960186243057 0.0004080680082552135 -0.003822400001809001
v 0.03234250098466873 0.0002616760029923171 -0.003778930054977536
v 0.03225180134177208 0.0003862410085275769 -0.003822400001809001
v 0.03234250098466873 0.0002616760029923171 -0.003778930054977536
v 0.03221629932522774 0.00036092300433665514 -0.003822400001809001
v 0.03225180134177208 0.0003862410085275769 -0.003822400001809001
v 0.03232939913868904 0.00042622900218702853 -0.003822400001809001
v 0.0324104018509388 0.00029199200798757374 -0.003778930054977536
v 0.03237690031528473 0.0002795089967548847 -0.003778930054977536
v 0.03237690031528473 0.0002795089967548847 -0.003778930054977536
v 0.03234250098466873 0.0002616760029923171 -0.003778930054977536
v 0.03228960186243057 0.0004080680082552135 -0.003822400001809001
v 0.03237070143222809 0.0004405369982123375 -0.003822400001809001
v 0.03241309896111488 0.0004508460115175694 -0.003822400001809001
v 0.032442301511764526 0.0002999439893756062 -0.003778930054977536
v 0.03237070143222809 0.0004405369982123375 -0.003822400001809001
v 0.0324104018509388 0.00029199200798757374 -0.003778930054977536
v 0.03232939913868904 0.00042622900218702853 -0.003822400001809001
v 0.03247230127453804 0.0003041749878320843 -0.003778930054977536
v 0.032456301152706146 0.0004570689925458282 -0.003822400001809001
v 0.032499998807907104 0.0003054350090678781 -0.003778930054977536
v 0.03247230127453804 0.0003041749878320843 -0.003778930054977536
v 0.032442301511764526 0.0002999439893756062 -0.003778930054977536
v 0.03241309896111488 0.0004508460115175694 -0.003822400001809001
v 0.032456301152706146 0.0004570689925458282 -0.003822400001809001
v 0.032499998807907104 0.00045908900210633874 -0.003822400001809001
v 0.032499998807907104 0.0003054350090678781 -0.003778930054977536
v 0.03237070143222809 0.0004405369982123375 -0.003822400001809001
v 0.032442301511764526 0.0002999439893756062 -0.003778930054977536
v 0.0324104018509388 0.00029199200798757374 -0.003778930054977536
v 0.032499998807907104 1.0064600162050144e-17 -0.0037382401060312986
v 0.03248609974980354 0.0001529180008219555 -0.003748779883608222
v 0.032499998807907104 0.00015355099458247423 -0.003748779883608222
v 0.03241309896111488 0.0004508460115175694 -0.003822400001809001
v 0.032456301152706146 0.0004570689925458282 -0.003822400001809001
v 0.03247230127453804 0.0003041749878320843 -0.003778930054977536
v 0.03248609974980354 0.0001529180008219555 -0.003748779883608222
v 0.03247230127453804 0.0003041749878320843 -0.003778930054977536
v 0.032499998807907104 0.00015355099458247423 -0.003748779883608222
v 0.03228960186243057 0.0004080680082552135 -0.003822400001809001
v 0.03232939913868904 0.00042622900218702853 -0.003822400001809001
v 0.03237690031528473 0.0002795089967548847 -0.003778930054977536
v 0.032499998807907104 1.0064600162050144e-17 -0.0037382401060312986
v 0.03247100114822388 0.00015079100558068603 -0.003748779883608222
v 0.03248609974980354 0.0001529180008219555 -0.003748779883608222
v 0.0321832001209259 0.0003322809934616089 -0.003822400001809001
v 0.03221629932522774 0.00036092300433665514 -0.003822400001809001
v 0.03230829909443855 0.00023776899615768343 -0.003778930054977536
v 0.0324104018509388 0.00029199200798757374 -0.003778930054977536
v 0.032442301511764526 0.0002999439893756062 -0.003778930054977536
v 0.03247100114822388 0.00015079100558068603 -0.003748779883608222
v 0.03224639967083931 0.00017015599587466568 -0.003778930054977536
v 0.03212599828839302 0.00026637600967660546 -0.003822400001809001
v 0.03227569907903671 0.0002072950010187924 -0.003778930054977536
v 0.03237690031528473 0.0002795089967548847 -0.003778930054977536
v 0.0324104018509388 0.00029199200798757374 -0.003778930054977536
v 0.032454900443553925 0.00014679400192108005 -0.003748779883608222
v 0.03222209960222244 0.00012680499639827758 -0.003778930054977536
v 0.03224639967083931 0.00017015599587466568 -0.003778930054977536
v 0.032372500747442245 0.00008554250234737992 -0.003748779883608222
v 0.032454900443553925 0.00014679400192108005 -0.003748779883608222
v 0.03243809938430786 0.00014051799371372908 -0.003748779883608222
v 0.03237690031528473 0.0002795089967548847 -0.003778930054977536
v 0.03205379843711853 0.00010819699673447758 -0.003822400001809001
v 0.032204799354076385 0.0000783456998760812 -0.003778930054977536
v 0.032045599073171616 0.00006525999924633652 -0.003822400001809001
v 0.03243809938430786 0.00014051799371372908 -0.003748779883608222
v 0.03234250098466873 0.0002616760029923171 -0.003778930054977536
v 0.03237690031528473 0.0002795089967548847 -0.003778930054977536
v 0.032045599073171616 0.00006525999924633652 -0.003822400001809001
v 0.03219569846987724 0.000026509400413488038 -0.003778930054977536
v 0.03204140067100525 0.000021791000108351 -0.003822400001809001
v 0.032420799136161804 0.00013155299529898912 -0.003748779883608222
v 0.03230829909443855 0.00023776899615768343 -0.003778930054977536
v 0.03234250098466873 0.0002616760029923171 -0.003778930054977536
v 0.03219569846987724 -0.000026509400413488038 -0.003778930054977536
v 0.032045599073171616 -0.00006544720235979185 -0.003822400001809001
v 0.03204140067100525 -0.000021892199583817273 -0.003822400001809001
v 0.032403599470853806 0.00011953400098718703 -0.003748779883608222
v 0.03230829909443855 0.00023776899615768343 -0.003778930054977536
v 0.032420799136161804 0.00013155299529898912 -0.003748779883608222
v 0.032045599073171616 -0.00006544720235979185 -0.003822400001809001
v 0.032204799354076385 -0.0000783456998760812 -0.003778930054977536
v 0.03205389901995659 -0.00010834800195880234 -0.003822400001809001
v 0.03227569907903671 0.0002072950010187924 -0.003778930054977536
v 0.03230829909443855 0.00023776899615768343 -0.003778930054977536
v 0.032403599470853806 0.00011953400098718703 -0.003748779883608222
v 0.03206630051136017 -0.0001502149971202016 -0.003822400001809001
v 0.032204799354076385 -0.0000783456998760812 -0.003778930054977536
v 0.03222209960222244 -0.00012680499639827758 -0.003778930054977536
v 0.03224639967083931 0.00017015599587466568 -0.003778930054977536
v 0.03227569907903671 0.0002072950010187924 -0.003778930054977536
v 0.032387200742959976 0.0001042139992932789 -0.003748779883608222
v 0.03210259974002838 -0.0002296330058015883 -0.003822400001809001
v 0.03208259865641594 -0.00019080399943049997 -0.003822400001809001
v 0.03222209960222244 -0.00012680499639827758 -0.003778930054977536
v 0.03224639967083931 0.00017015599587466568 -0.003778930054977536
v 0.032387200742959976 0.0001042139992932789 -0.003748779883608222
v 0.032372500747442245 0.00008554250234737992 -0.003748779883608222
v 0.03212619945406914 -0.00026633701054379344 -0.003822400001809001
v 0.03210259974002838 -0.0002296330058015883 -0.003822400001809001
v 0.03224639967083931 -0.00017015599587466568 -0.003778930054977536
v 0.03236030042171478 0.00006374879740178585 -0.003748779883608222
v 0.03222209960222244 0.00012680499639827758 -0.003778930054977536
v 0.032372500747442245 0.00008554250234737992 -0.003748779883608222
v 0.03227569907903671 -0.0002072950010187924 -0.003778930054977536
v 0.03215320035815239 -0.0003007240011356771 -0.003822400001809001
v 0.03224639967083931 -0.00017015599587466568 -0.003778930054977536
v 0.032351598143577576 0.00003938679947168566 -0.003748779883608222
v 0.03219569846987724 0.000026509400413488038 -0.003778930054977536
v 0.032204799354076385 0.0000783456998760812 -0.003778930054977536
v 0.03230829909443855 -0.00023776899615768343 -0.003778930054977536
v 0.03218330070376396 -0.00033236300805583596 -0.003822400001809001
v 0.03227569907903671 -0.0002072950010187924 -0.003778930054977536
v 0.032347001135349274 0.000013327099622983951 -0.003748779883608222
v 0.032347001135349274 -0.000013327099622983951 -0.003748779883608222
v 0.03219569846987724 -0.000026509400413488038 -0.003778930054977536
v 0.03230829909443855 -0.00023776899615768343 -0.003778930054977536
v 0.03225189819931984 -0.0003862729936372489 -0.003822400001809001
v 0.03221629932522774 -0.00036094398819841444 -0.003822400001809001
v 0.032347001135349274 -0.000013327099622983951 -0.003748779883608222
v 0.032351598143577576 -0.00003938679947168566 -0.003748779883608222
v 0.032204799354076385 -0.0000783456998760812 -0.003778930054977536
v 0.03234250098466873 -0.0002616760029923171 -0.003778930054977536
v 0.03228979930281639 -0.0004081130027770996 -0.003822400001809001
v 0.03225189819931984 -0.0003862729936372489 -0.003822400001809001
v 0.03222209960222244 -0.00012680499639827758 -0.003778930054977536
v 0.03236030042171478 -0.00006374879740178585 -0.003748779883608222
v 0.03224639967083931 -0.00017015599587466568 -0.003778930054977536
v 0.032372500747442245 -0.00008554250234737992 -0.003748779883608222
v 0.032387200742959976 -0.0001042139992932789 -0.003748779883608222
v 0.03227569907903671 -0.0002072950010187924 -0.003778930054977536
v 0.03237690031528473 -0.0002795089967548847 -0.003778930054977536
v 0.0324104018509388 -0.00029199200798757374 -0.003778930054977536
v 0.0323294997215271 -0.0004262140137143433 -0.003822400001809001
v 0.03234250098466873 -0.0002616760029923171 -0.003778930054977536
v 0.03237690031528473 -0.0002795089967548847 -0.003778930054977536
v 0.03228979930281639 -0.0004081130027770996 -0.003822400001809001
v 0.03230829909443855 -0.00023776899615768343 -0.003778930054977536
v 0.032387200742959976 -0.0001042139992932789 -0.003748779883608222
v 0.032403599470853806 -0.00011953400098718703 -0.003748779883608222
v 0.03247230127453804 -0.0003041749878320843 -0.003778930054977536
v 0.03247100114822388 -0.00015079100558068603 -0.003748779883608222
v 0.03248609974980354 -0.0001529180008219555 -0.003748779883608222
v 0.03234250098466873 -0.0002616760029923171 -0.003778930054977536
v 0.032420799136161804 -0.00013155299529898912 -0.003748779883608222
v 0.03237690031528473 -0.0002795089967548847 -0.003778930054977536
v 0.032442301511764526 -0.0002999439893756062 -0.003778930054977536
v 0.032454900443553925 -0.00014679400192108005 -0.003748779883608222
v 0.03247100114822388 -0.00015079100558068603 -0.003748779883608222
v 0.0324104018509388 -0.00029199200798757374 -0.003778930054977536
v 0.03243809938430786 -0.00014051799371372908 -0.003748779883608222
v 0.032454900443553925 -0.00014679400192108005 -0.003748779883608222
v 0.03241319954395294 -0.0004507369885686785 -0.003822400001809001
v 0.032442301511764526 -0.0002999439893756062 -0.003778930054977536
v 0.032456301152706146 -0.00045695301378145814 -0.003822400001809001
v 0.032499998807907104 -0.00045908900210633874 -0.003822400001809001
v 0.03247230127453804 -0.0003041749878320843 -0.003778930054977536
v 0.032499998807907104 -0.0003054350090678781 -0.003778930054977536
v 0.032499998807907104 -0.0003054350090678781 -0.003778930054977536
v 0.03247230127453804 -0.0003041749878320843 -0.003778930054977536
v 0.03248609974980354 -0.0001529180008219555 -0.003748779883608222
v 0.032442301511764526 0.0002999439893756062 -0.003778930054977536
v 0.03248609974980354 0.0001529180008219555 -0.003748779883608222
v 0.03247100114822388 0.00015079100558068603 -0.003748779883608222
v 0.03248609974980354 0.0001529180008219555 -0.003748779883608222
v 0.032442301511764526 0.0002999439893756062 -0.003778930054977536
v 0.03247230127453804 0.0003041749878320843 -0.003778930054977536
v 0.03243809938430786 0.00014051799371372908 -0.003748779883608222
v 0.032420799136161804 0.00013155299529898912 -0.003748779883608222
v 0.03234250098466873 0.0002616760029923171 -0.003778930054977536
v 0.03247100114822388 0.00015079100558068603 -0.003748779883608222
v 0.032454900443553925 0.00014679400192108005 -0.003748779883608222
v 0.0324104018509388 0.00029199200798757374 -0.003778930054977536
v 0.03247100114822388 0.00015079100558068603 -0.003748779883608222
v 0.032499998807907104 1.0064600162050144e-17 -0.0037382401060312986
v 0.032454900443553925 0.00014679400192108005 -0.003748779883608222
v 0.032387200742959976 0.0001042139992932789 -0.003748779883608222
v 0.03227569907903671 0.0002072950010187924 -0.003778930054977536
v 0.032403599470853806 0.00011953400098718703 -0.003748779883608222
v 0.032454900443553925 0.00014679400192108005 -0.003748779883608222
v 0.032499998807907104 1.0064600162050144e-17 -0.0037382401060312986
v 0.03243809938430786 0.00014051799371372908 -0.003748779883608222
v 0.032499998807907104 1.0064600162050144e-17 -0.0037382401060312986
v 0.032420799136161804 0.00013155299529898912 -0.003748779883608222
v 0.03243809938430786 0.00014051799371372908 -0.003748779883608222
v 0.03222209960222244 0.00012680499639827758 -0.003778930054977536
v 0.03236030042171478 0.00006374879740178585 -0.003748779883608222
v 0.032204799354076385 0.0000783456998760812 -0.003778930054977536
v 0.032499998807907104 1.0064600162050144e-17 -0.0037382401060312986
v 0.032403599470853806 0.00011953400098718703 -0.003748779883608222
v 0.032420799136161804 0.00013155299529898912 -0.003748779883608222
v 0.032387200742959976 0.0001042139992932789 -0.003748779883608222
v 0.032403599470853806 0.00011953400098718703 -0.003748779883608222
v 0.032499998807907104 1.0064600162050144e-17 -0.0037382401060312986
v 0.03219569846987724 0.000026509400413488038 -0.003778930054977536
v 0.032351598143577576 0.00003938679947168566 -0.003748779883608222
v 0.032347001135349274 0.000013327099622983951 -0.003748779883608222
v 0.032204799354076385 0.0000783456998760812 -0.003778930054977536
v 0.03236030042171478 0.00006374879740178585 -0.003748779883608222
v 0.032351598143577576 0.00003938679947168566 -0.003748779883608222
v 0.032499998807907104 1.0064600162050144e-17 -0.0037382401060312986
v 0.032372500747442245 0.00008554250234737992 -0.003748779883608222
v 0.032387200742959976 0.0001042139992932789 -0.003748779883608222
v 0.03236030042171478 0.00006374879740178585 -0.003748779883608222
v 0.032372500747442245 0.00008554250234737992 -0.003748779883608222
v 0.032499998807907104 1.0064600162050144e-17 -0.0037382401060312986
v 0.032204799354076385 -0.0000783456998760812 -0.003778930054977536
v 0.03219569846987724 -0.000026509400413488038 -0.003778930054977536
v 0.032347001135349274 -0.000013327099622983951 -0.003748779883608222
v 0.03219569846987724 -0.000026509400413488038 -0.003778930054977536
v 0.03219569846987724 0.000026509400413488038 -0.003778930054977536
v 0.032347001135349274 0.000013327099622983951 -0.003748779883608222
v 0.032499998807907104 1.0064600162050144e-17 -0.0037382401060312986
v 0.032351598143577576 0.00003938679947168566 -0.003748779883608222
v 0.03236030042171478 0.00006374879740178585 -0.003748779883608222
v 0.03222209960222244 -0.00012680499639827758 -0.003778930054977536
v 0.032204799354076385 -0.0000783456998760812 -0.003778930054977536
v 0.032351598143577576 -0.00003938679947168566 -0.003748779883608222
v 0.032499998807907104 1.0064600162050144e-17 -0.0037382401060312986
v 0.032347001135349274 0.000013327099622983951 -0.003748779883608222
v 0.032351598143577576 0.00003938679947168566 -0.003748779883608222
v 0.032347001135349274 -0.000013327099622983951 -0.003748779883608222
v 0.032347001135349274 0.000013327099622983951 -0.003748779883608222
v 0.032499998807907104 1.0064600162050144e-17 -0.0037382401060312986
v 0.032372500747442245 -0.00008554250234737992 -0.003748779883608222
v 0.03224639967083931 -0.00017015599587466568 -0.003778930054977536
v 0.03236030042171478 -0.00006374879740178585 -0.003748779883608222
v 0.03236030042171478 -0.00006374879740178585 -0.003748779883608222
v 0.03222209960222244 -0.00012680499639827758 -0.003778930054977536
v 0.032351598143577576 -0.00003938679947168566 -0.003748779883608222
v 0.032347001135349274 -0.000013327099622983951 -0.003748779883608222
v 0.032499998807907104 1.0064600162050144e-17 -0.0037382401060312986
v 0.032351598143577576 -0.00003938679947168566 -0.003748779883608222
v 0.032499998807907104 1.0064600162050144e-17 -0.0037382401060312986
v 0.03236030042171478 -0.00006374879740178585 -0.003748779883608222
v 0.032351598143577576 -0.00003938679947168566 -0.003748779883608222
v 0.032387200742959976 -0.0001042139992932789 -0.003748779883608222
v 0.03230829909443855 -0.00023776899615768343 -0.003778930054977536
v 0.03227569907903671 -0.0002072950010187924 -0.003778930054977536
v 0.032372500747442245 -0.00008554250234737992 -0.003748779883608222
v 0.03227569907903671 -0.0002072950010187924 -0.003778930054977536
v 0.03224639967083931 -0.00017015599587466568 -0.003778930054977536
v 0.03236030042171478 -0.00006374879740178585 -0.003748779883608222
v 0.032499998807907104 1.0064600162050144e-17 -0.0037382401060312986
v 0.032372500747442245 -0.00008554250234737992 -0.003748779883608222
v 0.032403599470853806 -0.00011953400098718703 -0.003748779883608222
v 0.03234250098466873 -0.0002616760029923171 -0.003778930054977536
v 0.03230829909443855 -0.00023776899615768343 -0.003778930054977536
v 0.032372500747442245 -0.00008554250234737992 -0.003748779883608222
v 0.032499998807907104 1.0064600162050144e-17 -0.0037382401060312986
v 0.032387200742959976 -0.0001042139992932789 -0.003748779883608222
v 0.032499998807907104 1.0064600162050144e-17 -0.0037382401060312986
v 0.032403599470853806 -0.00011953400098718703 -0.003748779883608222
v 0.032387200742959976 -0.0001042139992932789 -0.003748779883608222
v 0.032420799136161804 -0.00013155299529898912 -0.003748779883608222
v 0.03243809938430786 -0.00014051799371372908 -0.003748779883608222
v 0.03237690031528473 -0.0002795089967548847 -0.003778930054977536
v 0.032403599470853806 -0.00011953400098718703 -0.003748779883608222
v 0.032420799136161804 -0.00013155299529898912 -0.003748779883608222
v 0.03234250098466873 -0.0002616760029923171 -0.003778930054977536
v 0.032403599470853806 -0.00011953400098718703 -0.003748779883608222
v 0.032499998807907104 1.0064600162050144e-17 -0.0037382401060312986
v 0.032420799136161804 -0.00013155299529898912 -0.003748779883608222
v 0.032499998807907104 1.0064600162050144e-17 -0.0037382401060312986
v 0.03243809938430786 -0.00014051799371372908 -0.003748779883608222
v 0.032420799136161804 -0.00013155299529898912 -0.003748779883608222
v 0.0324104018509388 -0.00029199200798757374 -0.003778930054977536
v 0.032454900443553925 -0.00014679400192108005 -0.003748779883608222
v 0.032442301511764526 -0.0002999439893756062 -0.003778930054977536
v 0.03237690031528473 -0.0002795089967548847 -0.003778930054977536
v 0.03243809938430786 -0.00014051799371372908 -0.003748779883608222
v 0.0324104018509388 -0.00029199200798757374 -0.003778930054977536
v 0.03243809938430786 -0.00014051799371372908 -0.003748779883608222
v 0.032499998807907104 1.0064600162050144e-17 -0.0037382401060312986
v 0.032454900443553925 -0.00014679400192108005 -0.003748779883608222
v 0.03247100114822388 -0.00015079100558068603 -0.003748779883608222
v 0.032499998807907104 1.0064600162050144e-17 -0.0037382401060312986
v 0.03248609974980354 -0.0001529180008219555 -0.003748779883608222
v 0.032454900443553925 -0.00014679400192108005 -0.003748779883608222
v 0.032499998807907104 1.0064600162050144e-17 -0.0037382401060312986
v 0.03247100114822388 -0.00015079100558068603 -0.003748779883608222
v 0.032442301511764526 -0.0002999439893756062 -0.003778930054977536
v 0.03247100114822388 -0.00015079100558068603 -0.003748779883608222
v 0.03247230127453804 -0.0003041749878320843 -0.003778930054977536
v 0.032499998807907104 -0.0003054350090678781 -0.003778930054977536
v 0.03248609974980354 -0.0001529180008219555 -0.003748779883608222
v 0.032499998807907104 -0.00015355099458247423 -0.003748779883608222
v 0.032499998807907104 1.0064600162050144e-17 -0.0037382401060312986
v 0.032499998807907104 -0.00015355099458247423 -0.003748779883608222
v 0.03248609974980354 -0.0001529180008219555 -0.003748779883608222
v 0.03264490142464638 0.0004428400134202093 -0.0037724000867456198
v 0.032571498304605484 0.000460415001725778 -0.0037724000867456198
v 0.03259750083088875 0.0002978899865411222 -0.003729369957000017
v 0.03264490142464638 0.0004428400134202093 -0.0037724000867456198
v 0.03259750083088875 0.0002978899865411222 -0.003729369957000017
v 0.032646000385284424 0.00027734600007534027 -0.003729369957000017
v 0.032571498304605484 0.000460415001725778 -0.0037724000867456198
v 0.032499998807907104 0.0004659369878936559 -0.0037724000867456198
v 0.032548099756240845 0.0003097119915764779 -0.003729369957000017
v 0.03271700069308281 0.00041229999624192715 -0.0037724000867456198
v 0.032646000385284424 0.00027734600007534027 -0.003729369957000017
v 0.03269150108098984 0.0002481600095052272 -0.003729369957000017
v 0.032646000385284424 0.00027734600007534027 -0.003729369957000017
v 0.03271700069308281 0.00041229999624192715 -0.0037724000867456198
v 0.03264490142464638 0.0004428400134202093 -0.0037724000867456198
v 0.03289330005645752 0.00024988700170069933 -0.0037724000867456198
v 0.03284430131316185 0.0003139770124107599 -0.0037724000867456198
v 0.0327644981443882 0.00016809400403872132 -0.003729369957000017
v 0.03273160010576248 0.00021120600285939872 -0.003729369957000017
v 0.03284430131316185 0.0003139770124107599 -0.0037724000867456198
v 0.0327845998108387 0.00036891098716296256 -0.0037724000867456198
v 0.03281249850988388 0.00002354480056965258 -0.003729369957000017
v 0.032953500747680664 0.0001070950020221062 -0.0037724000867456198
v 0.03280499950051308 0.0000720407988410443 -0.003729369957000017
v 0.0327892005443573 0.00012093999976059422 -0.003729369957000017
v 0.03280499950051308 0.0000720407988410443 -0.003729369957000017
v 0.03292990103363991 0.00017978899995796382 -0.0037724000867456198
v 0.03280489891767502 -0.00007250530325109139 -0.003729369957000017
v 0.03295329958200455 -0.0001077859997167252 -0.0037724000867456198
v 0.03296459838747978 -0.00003523120176396333 -0.0037724000867456198
v 0.03296459838747978 0.000035001401556655765 -0.0037724000867456198
v 0.03281249850988388 -0.000023699300072621554 -0.003729369957000017
v 0.03296459838747978 -0.00003523120176396333 -0.0037724000867456198
v 0.032843299210071564 -0.0003150689881294966 -0.0037724000867456198
v 0.03289249911904335 -0.00025103401276282966 -0.0037724000867456198
v 0.03273089975118637 -0.0002119410055456683 -0.003729369957000017
v 0.032763998955488205 -0.0001688659976935014 -0.003729369957000017
v 0.032929401844739914 -0.00018079900473821908 -0.0037724000867456198
v 0.032788898795843124 -0.00012162000348325819 -0.003729369957000017
v 0.03271590173244476 -0.0004128860018681735 -0.0037724000867456198
v 0.03278350085020065 -0.00036979300784878433 -0.0037724000867456198
v 0.032645199447870255 -0.00027774000773206353 -0.003729369957000017
v 0.03269070014357567 -0.00024875300005078316 -0.003729369957000017
v 0.032843299210071564 -0.0003150689881294966 -0.0037724000867456198
v 0.03273089975118637 -0.0002119410055456683 -0.003729369957000017
v 0.03264399990439415 -0.0004431320121511817 -0.0037724000867456198
v 0.032596901059150696 -0.0002980860008392483 -0.003729369957000017
v 0.03254780173301697 -0.0003097649896517396 -0.003729369957000017
v 0.03264399990439415 -0.0004431320121511817 -0.0037724000867456198
v 0.03271590173244476 -0.0004128860018681735 -0.0037724000867456198
v 0.032596901059150696 -0.0002980860008392483 -0.003729369957000017
v 0.03254780173301697 -0.0003097649896517396 -0.003729369957000017
v 0.032499998807907104 -0.00031342700822278857 -0.003729369957000017
v 0.03257099911570549 -0.00046049299999140203 -0.0037724000867456198
v 0.03264399990439415 -0.0004431320121511817 -0.0037724000867456198
v 0.03254780173301697 -0.0003097649896517396 -0.003729369957000017
v 0.03257099911570549 -0.00046049299999140203 -0.0037724000867456198
v 0.03257099911570549 -0.00046049299999140203 -0.0037724000867456198
v 0.032499998807907104 -0.00031342700822278857 -0.003729369957000017
v 0.032499998807907104 -0.0004659369878936559 -0.0037724000867456198
v 0.032499998807907104 -0.00015799500397406518 -0.003698929911479354
v 0.032499998807907104 -0.00031342700822278857 -0.003729369957000017
v 0.03254780173301697 -0.0003097649896517396 -0.003729369957000017
v 0.03269070014357567 -0.00024875300005078316 -0.003729369957000017
v 0.03278350085020065 -0.00036979300784878433 -0.0037724000867456198
v 0.032843299210071564 -0.0003150689881294966 -0.0037724000867456198
v 0.03289249911904335 -0.00025103401276282966 -0.0037724000867456198
v 0.032929401844739914 -0.00018079900473821908 -0.0037724000867456198
v 0.032763998955488205 -0.0001688659976935014 -0.003729369957000017
v 0.032788898795843124 -0.00012162000348325819 -0.003729369957000017
v 0.032929401844739914 -0.00018079900473821908 -0.0037724000867456198
v 0.03295329958200455 -0.0001077859997167252 -0.0037724000867456198
v 0.032499998807907104 -4.690479775415479e-13 -0.003688239958137274
v 0.032499998807907104 -0.00015799500397406518 -0.003698929911479354
v 0.03252410143613815 -0.00015614900621585548 -0.003698929911479354
v 0.03252410143613815 -0.00015614900621585548 -0.003698929911479354
v 0.032499998807907104 -0.00015799500397406518 -0.003698929911479354
v 0.03254780173301697 -0.0003097649896517396 -0.003729369957000017
v 0.032645199447870255 -0.00027774000773206353 -0.003729369957000017
v 0.03278350085020065 -0.00036979300784878433 -0.0037724000867456198
v 0.03269070014357567 -0.00024875300005078316 -0.003729369957000017
v 0.03271590173244476 -0.0004128860018681735 -0.0037724000867456198
v 0.032645199447870255 -0.00027774000773206353 -0.003729369957000017
v 0.032596901059150696 -0.0002980860008392483 -0.003729369957000017
v 0.032548800110816956 -0.0001502619998063892 -0.003698929911479354
v 0.032499998807907104 -4.690479775415479e-13 -0.003688239958137274
v 0.03252410143613815 -0.00015614900621585548 -0.003698929911479354
v 0.03273089975118637 -0.0002119410055456683 -0.003729369957000017
v 0.03289249911904335 -0.00025103401276282966 -0.0037724000867456198
v 0.032763998955488205 -0.0001688659976935014 -0.003729369957000017
v 0.032645199447870255 -0.00027774000773206353 -0.003729369957000017
v 0.032548800110816956 -0.0001502619998063892 -0.003698929911479354
v 0.032596901059150696 -0.0002980860008392483 -0.003729369957000017
v 0.03264560177922249 -0.0000613072988926433 -0.003698929911479354
v 0.03263309970498085 -0.00008512320346198976 -0.003698929911479354
v 0.032788898795843124 -0.00012162000348325819 -0.003729369957000017
v 0.032645199447870255 -0.00027774000773206353 -0.003729369957000017
v 0.03257320076227188 -0.00014000599912833422 -0.003698929911479354
v 0.032548800110816956 -0.0001502619998063892 -0.003698929911479354
v 0.032596100121736526 -0.0001253929949598387 -0.003698929911479354
v 0.03257320076227188 -0.00014000599912833422 -0.003698929911479354
v 0.03269070014357567 -0.00024875300005078316 -0.003729369957000017
v 0.03281249850988388 -0.000023699300072621554 -0.003729369957000017
v 0.03280489891767502 -0.00007250530325109139 -0.003729369957000017
v 0.03296459838747978 -0.00003523120176396333 -0.0037724000867456198
v 0.03280489891767502 -0.00007250530325109139 -0.003729369957000017
v 0.032788898795843124 -0.00012162000348325819 -0.003729369957000017
v 0.03295329958200455 -0.0001077859997167252 -0.0037724000867456198
v 0.032596100121736526 -0.0001253929949598387 -0.003698929911479354
v 0.03269070014357567 -0.00024875300005078316 -0.003729369957000017
v 0.03273089975118637 -0.0002119410055456683 -0.003729369957000017
v 0.03281249850988388 0.00002354480056965258 -0.003729369957000017
v 0.03281249850988388 -0.000023699300072621554 -0.003729369957000017
v 0.03296459838747978 0.000035001401556655765 -0.0037724000867456198
v 0.032616399228572845 -0.00010683699656510726 -0.003698929911479354
v 0.03273089975118637 -0.0002119410055456683 -0.003729369957000017
v 0.032763998955488205 -0.0001688659976935014 -0.003729369957000017
v 0.032763998955488205 -0.0001688659976935014 -0.003729369957000017
v 0.03263309970498085 -0.00008512320346198976 -0.003698929911479354
v 0.032616399228572845 -0.00010683699656510726 -0.003698929911479354
v 0.03280499950051308 0.0000720407988410443 -0.003729369957000017
v 0.032953500747680664 0.0001070950020221062 -0.0037724000867456198
v 0.03292990103363991 0.00017978899995796382 -0.0037724000867456198
v 0.03281249850988388 0.00002354480056965258 -0.003729369957000017
v 0.03296459838747978 0.000035001401556655765 -0.0037724000867456198
v 0.032953500747680664 0.0001070950020221062 -0.0037724000867456198
v 0.032788898795843124 -0.00012162000348325819 -0.003729369957000017
v 0.03263309970498085 -0.00008512320346198976 -0.003698929911479354
v 0.032763998955488205 -0.0001688659976935014 -0.003729369957000017
v 0.0327892005443573 0.00012093999976059422 -0.003729369957000017
v 0.03292990103363991 0.00017978899995796382 -0.0037724000867456198
v 0.03289330005645752 0.00024988700170069933 -0.0037724000867456198
v 0.03264560177922249 -0.0000613072988926433 -0.003698929911479354
v 0.03280489891767502 -0.00007250530325109139 -0.003729369957000017
v 0.032653700560331345 -0.00003654909960459918 -0.003698929911479354
v 0.032657500356435776 -0.000011946600352530368 -0.003698929911479354
v 0.032653700560331345 -0.00003654909960459918 -0.003698929911479354
v 0.03281249850988388 -0.000023699300072621554 -0.003729369957000017
v 0.0327644981443882 0.00016809400403872132 -0.003729369957000017
v 0.03284430131316185 0.0003139770124107599 -0.0037724000867456198
v 0.03273160010576248 0.00021120600285939872 -0.003729369957000017
v 0.0327892005443573 0.00012093999976059422 -0.003729369957000017
v 0.03289330005645752 0.00024988700170069933 -0.0037724000867456198
v 0.0327644981443882 0.00016809400403872132 -0.003729369957000017
v 0.03281249850988388 0.00002354480056965258 -0.003729369957000017
v 0.03280499950051308 0.0000720407988410443 -0.003729369957000017
v 0.032657500356435776 0.000011868600267916918 -0.003698929911479354
v 0.03273160010576248 0.00021120600285939872 -0.003729369957000017
v 0.0327845998108387 0.00036891098716296256 -0.0037724000867456198
v 0.03269150108098984 0.0002481600095052272 -0.003729369957000017
v 0.0327892005443573 0.00012093999976059422 -0.003729369957000017
v 0.03264579921960831 0.00006096460128901526 -0.003698929911479354
v 0.0326538011431694 0.00003631490108091384 -0.003698929911479354
v 0.03264579921960831 0.00006096460128901526 -0.003698929911479354
v 0.0327644981443882 0.00016809400403872132 -0.003729369957000017
v 0.03263330087065697 0.00008473430352751166 -0.003698929911479354
v 0.032548099756240845 0.0003097119915764779 -0.003729369957000017
v 0.03254910185933113 0.00015016300312709063 -0.003698929911479354
v 0.03259750083088875 0.0002978899865411222 -0.003729369957000017
v 0.0327845998108387 0.00036891098716296256 -0.0037724000867456198
v 0.03271700069308281 0.00041229999624192715 -0.0037724000867456198
v 0.03269150108098984 0.0002481600095052272 -0.003729369957000017
v 0.03273160010576248 0.00021120600285939872 -0.003729369957000017
v 0.03269150108098984 0.0002481600095052272 -0.003729369957000017
v 0.03261670097708702 0.00010646600276231766 -0.003698929911479354
v 0.032548099756240845 0.0003097119915764779 -0.003729369957000017
v 0.032499998807907104 0.00031342700822278857 -0.003729369957000017
v 0.03252429887652397 0.00015612199786119163 -0.003698929911479354
v 0.03259649872779846 0.00012509399675764143 -0.003698929911479354
v 0.032646000385284424 0.00027734600007534027 -0.003729369957000017
v 0.032573599368333817 0.0001398070016875863 -0.003698929911479354
v 0.032573599368333817 0.0001398070016875863 -0.003698929911479354
v 0.03259750083088875 0.0002978899865411222 -0.003729369957000017
v 0.03254910185933113 0.00015016300312709063 -0.003698929911479354
v 0.032499998807907104 0.0004659369878936559 -0.0037724000867456198
v 0.032499998807907104 0.00031342700822278857 -0.003729369957000017
v 0.032548099756240845 0.0003097119915764779 -0.003729369957000017
v 0.032571498304605484 0.000460415001725778 -0.0037724000867456198
v 0.032548099756240845 0.0003097119915764779 -0.003729369957000017
v 0.03259750083088875 0.0002978899865411222 -0.003729369957000017
v 0.032596901059150696 -0.0002980860008392483 -0.003729369957000017
v 0.032548800110816956 -0.0001502619998063892 -0.003698929911479354
v 0.03252410143613815 -0.00015614900621585548 -0.003698929911479354
v 0.03254780173301697 -0.0003097649896517396 -0.003729369957000017
v 0.032596901059150696 -0.0002980860008392483 -0.003729369957000017
v 0.03252410143613815 -0.00015614900621585548 -0.003698929911479354
v 0.03273089975118637 -0.0002119410055456683 -0.003729369957000017
v 0.032616399228572845 -0.00010683699656510726 -0.003698929911479354
v 0.032596100121736526 -0.0001253929949598387 -0.003698929911479354
v 0.032645199447870255 -0.00027774000773206353 -0.003729369957000017
v 0.03269070014357567 -0.00024875300005078316 -0.003729369957000017
v 0.03257320076227188 -0.00014000599912833422 -0.003698929911479354
v 0.032548800110816956 -0.0001502619998063892 -0.003698929911479354
v 0.03257320076227188 -0.00014000599912833422 -0.003698929911479354
v 0.032499998807907104 -4.690479775415479e-13 -0.003688239958137274
v 0.032499998807907104 -4.690479775415479e-13 -0.003688239958137274
v 0.03257320076227188 -0.00014000599912833422 -0.003698929911479354
v 0.032596100121736526 -0.0001253929949598387 -0.003698929911479354
v 0.032616399228572845 -0.00010683699656510726 -0.003698929911479354
v 0.032499998807907104 -4.690479775415479e-13 -0.003688239958137274
v 0.032596100121736526 -0.0001253929949598387 -0.003698929911479354
v 0.03281249850988388 -0.000023699300072621554 -0.003729369957000017
v 0.032653700560331345 -0.00003654909960459918 -0.003698929911479354
v 0.03280489891767502 -0.00007250530325109139 -0.003729369957000017
v 0.03280489891767502 -0.00007250530325109139 -0.003729369957000017
v 0.03264560177922249 -0.0000613072988926433 -0.003698929911479354
v 0.032788898795843124 -0.00012162000348325819 -0.003729369957000017
v 0.032499998807907104 -4.690479775415479e-13 -0.003688239958137274
v 0.032616399228572845 -0.00010683699656510726 -0.003698929911479354
v 0.03263309970498085 -0.00008512320346198976 -0.003698929911479354
v 0.03281249850988388 0.00002354480056965258 -0.003729369957000017
v 0.032657500356435776 -0.000011946600352530368 -0.003698929911479354
v 0.03281249850988388 -0.000023699300072621554 -0.003729369957000017
v 0.032499998807907104 -4.690479775415479e-13 -0.003688239958137274
v 0.03263309970498085 -0.00008512320346198976 -0.003698929911479354
v 0.03264560177922249 -0.0000613072988926433 -0.003698929911479354
v 0.032653700560331345 -0.00003654909960459918 -0.003698929911479354
v 0.032499998807907104 -4.690479775415479e-13 -0.003688239958137274
v 0.03264560177922249 -0.0000613072988926433 -0.003698929911479354
v 0.0326538011431694 0.00003631490108091384 -0.003698929911479354
v 0.032657500356435776 0.000011868600267916918 -0.003698929911479354
v 0.03280499950051308 0.0000720407988410443 -0.003729369957000017
v 0.032657500356435776 0.000011868600267916918 -0.003698929911479354
v 0.032657500356435776 -0.000011946600352530368 -0.003698929911479354
v 0.03281249850988388 0.00002354480056965258 -0.003729369957000017
v 0.032499998807907104 -4.690479775415479e-13 -0.003688239958137274
v 0.032653700560331345 -0.00003654909960459918 -0.003698929911479354
v 0.032657500356435776 -0.000011946600352530368 -0.003698929911479354
v 0.032657500356435776 0.000011868600267916918 -0.003698929911479354
v 0.032499998807907104 -4.690479775415479e-13 -0.003688239958137274
v 0.032657500356435776 -0.000011946600352530368 -0.003698929911479354
v 0.03264579921960831 0.00006096460128901526 -0.003698929911479354
v 0.0327892005443573 0.00012093999976059422 -0.003729369957000017
v 0.0327644981443882 0.00016809400403872132 -0.003729369957000017
v 0.0326538011431694 0.00003631490108091384 -0.003698929911479354
v 0.03280499950051308 0.0000720407988410443 -0.003729369957000017
v 0.0327892005443573 0.00012093999976059422 -0.003729369957000017
v 0.032657500356435776 0.000011868600267916918 -0.003698929911479354
v 0.0326538011431694 0.00003631490108091384 -0.003698929911479354
v 0.032499998807907104 -4.690479775415479e-13 -0.003688239958137274
v 0.03263330087065697 0.00008473430352751166 -0.003698929911479354
v 0.0327644981443882 0.00016809400403872132 -0.003729369957000017
v 0.03273160010576248 0.00021120600285939872 -0.003729369957000017
v 0.0326538011431694 0.00003631490108091384 -0.003698929911479354
v 0.03264579921960831 0.00006096460128901526 -0.003698929911479354
v 0.032499998807907104 -4.690479775415479e-13 -0.003688239958137274
v 0.032499998807907104 -4.690479775415479e-13 -0.003688239958137274
v 0.03264579921960831 0.00006096460128901526 -0.003698929911479354
v 0.03263330087065697 0.00008473430352751166 -0.003698929911479354
v 0.03261670097708702 0.00010646600276231766 -0.003698929911479354
v 0.03269150108098984 0.0002481600095052272 -0.003729369957000017
v 0.03259649872779846 0.00012509399675764143 -0.003698929911479354
v 0.03263330087065697 0.00008473430352751166 -0.003698929911479354
v 0.03273160010576248 0.00021120600285939872 -0.003729369957000017
v 0.03261670097708702 0.00010646600276231766 -0.003698929911479354
v 0.03263330087065697 0.00008473430352751166 -0.003698929911479354
v 0.03261670097708702 0.00010646600276231766 -0.003698929911479354
v 0.032499998807907104 -4.690479775415479e-13 -0.003688239958137274
v 0.032499998807907104 -4.690479775415479e-13 -0.003688239958137274
v 0.03261670097708702 0.00010646600276231766 -0.003698929911479354
v 0.03259649872779846 0.00012509399675764143 -0.003698929911479354
v 0.032646000385284424 0.00027734600007534027 -0.003729369957000017
v 0.03259750083088875 0.0002978899865411222 -0.003729369957000017
v 0.032573599368333817 0.0001398070016875863 -0.003698929911479354
v 0.03269150108098984 0.0002481600095052272 -0.003729369957000017
v 0.032646000385284424 0.00027734600007534027 -0.003729369957000017
v 0.03259649872779846 0.00012509399675764143 -0.003698929911479354
v 0.03259649872779846 0.00012509399675764143 -0.003698929911479354
v 0.032573599368333817 0.0001398070016875863 -0.003698929911479354
v 0.032499998807907104 -4.690479775415479e-13 -0.003688239958137274
v 0.03254910185933113 0.00015016300312709063 -0.003698929911479354
v 0.032548099756240845 0.0003097119915764779 -0.003729369957000017
v 0.03252429887652397 0.00015612199786119163 -0.003698929911479354
v 0.032573599368333817 0.0001398070016875863 -0.003698929911479354
v 0.03254910185933113 0.00015016300312709063 -0.003698929911479354
v 0.032499998807907104 -4.690479775415479e-13 -0.003688239958137274
v 0.032499998807907104 -4.690479775415479e-13 -0.003688239958137274
v 0.03254910185933113 0.00015016300312709063 -0.003698929911479354
v 0.03252429887652397 0.00015612199786119163 -0.003698929911479354
v 0.032499998807907104 -4.690479775415479e-13 -0.003688239958137274
v 0.03252429887652397 0.00015612199786119163 -0.003698929911479354
v 0.032499998807907104 0.00015799500397406518 -0.003698929911479354
v 0.03252429887652397 0.00015612199786119163 -0.003698929911479354
v 0.032499998807907104 0.00031342700822278857 -0.003729369957000017
v 0.032499998807907104 0.00015799500397406518 -0.003698929911479354
f 1 2 3
f 4 5 6
f 7 8 9
f 10 11 12
f 13 14 15
f 16 17 18
f 19 20 21
f 22 23 24
f 25 26 27
f 28 29 30
f 31 32 33
f 34 35 36
f 37 38 39
f 40 41 42
f 43 44 45
f 46 47 48
f 49 50 51
f 52 53 54
f 55 56 57
f 58 59 60
f 61 62 63
f 64 65 66
f 67 68 69
f 70 71 72
f 73 74 75
f 76 77 78
f 79 80 81
f 82 83 84
f 85 86 87
f 88 89 90
f 91 92 93
f 94 95 96
f 97 98 99
f 100 101 102
f 103 104 105
f 106 107 108
f 109 110 111
f 112 113 114
f 115 116 117
f 118 119 120
f 121 122 123
f 124 125 126
f 127 128 129
f 130 131 132
f 133 134 135
f 136 137 138
f 139 140 141
f 142 143 144
f 145 146 147
f 148 149 150
f 151 152 153
f 154 155 156
f 157 158 159
f 160 161 162
f 163 164 165
f 166 167 168
f 169 170 171
f 172 173 174
f 175 176 177
f 178 179 180
f 181 182 183
f 184 185 186
f 187 188 189
f 190 191 192
f 193 194 195
f 196 197 198
f 199 200 201
f 202 203 204
f 205 206 207
f 208 209 210
f 211 212 213
f 214 215 216
f 217 218 219
f 220 221 222
f 223 224 225
f 226 227 228
f 229 230 231
f 232 233 234
f 235 236 237
f 238 239 240
f 241 242 243
f 244 245 246
f 247 248 249
f 250 251 252
f 253 254 255
f 256 257 258
f 259 260 261
f 262 263 264
f 265 266 267
f 268 269 270
f 271 272 273
f 274 275 276
f 277 278 279
f 280 281 282
f 283 284 285
f 286 287 288
f 289 290 291
f 292 293 294
f 295 296 297
f 298 299 300
f 301 302 303
f 304 305 306
f 307 308 309
f 310 311 312
f 313 314 315
f 316 317 318
f 319 320 321
f 322 323 324
f 325 326 327
f 328 329 330
f 331 332 333
f 334 335 336
f 337 338 339
f 340 341 342
f 343 344 345
f 346 347 348
f 349 350 351
f 352 353 354
f 355 356 357
f 358 359 360
f 361 362 363
f 364 365 366
f 367 368 369
f 370 371 372
f 373 374 375
f 376 377 378
f 379 380 381
f 382 383 384
f 385 386 387
f 388 389 390
f 391 392 393
f 394 395 396
f 397 398 399
f 400 401 402
f 403 404 405
f 406 407 408
f 409 410 411
f 412 413 414
f 415 416 417
f 418 419 420
f 421 422 423
f 424 425 426
f 427 428 429
f 430 431 432
f 433 434 435
f 436 437 438
f 439 440 441
f 442 443 444
f 445 446 447
f 448 449 450
f 451 452 453
f 454 455 456
f 457 458 459
f 460 461 462
f 463 464 465
f 466 467 468
f 469 470 471
f 472 473 474
f 475 476 477
f 478 479 480
f 481 482 483
f 484 485 486
f 487 488 489
f 490 491 492
f 493 494 495
f 496 497 498
f 499 500 501
f 502 503 504
f 505 506 507
f 508 509 510
f 511 512 513
f 514 515 516
f 517 518 519
f 520 521 522
f 523 524 525
f 526 527 528
f 529 530 531
f 532 533 534
f 535 536 537
f 538 539 540
f 541 542 543
f 544 545 546
f 547 548 549
f 550 551 552
f 553 554 555
f 556 557 558
f 559 560 561
f 562 563 564
f 565 566 567
f 568 569 570
f 571 572 573
f 574 575 576
f 577 578 579
f 580 581 582
f 583 584 585
f 586 587 588
f 589 590 591
f 592 593 594
f 595 596 597
f 598 599 600
f 601 602 603
f 604 605 606
f 607 608 609
f 610 611 612
f 613 614 615
f 616 617 618
f 619 620 621
f 622 623 624
f 625 626 627
f 628 629 630
f 631 632 633
f 634 635 636
f 637 638 639
f 640 641 642
f 643 644 645
f 646 647 648
f 649 650 651
f 652 653 654
f 655 656 657
f 658 659 660
f 661 662 663
f 664 665 666
f 667 668 669
f 670 671 672
f 673 674 675
f 676 677 678
f 679 680 681
f 682 683 684
f 685 686 687
f 688 689 690
f 691 692 693
f 694 695 696
f 697 698 699
f 700 701 702
f 703 704 705
f 706 707 708
f 709 710 711
f 712 713 714
f 715 716 717
f 718 719 720
f 721 722 723
f 724 725 726
f 727 728 729
f 730 731 732
f 733 734 735
f 736 737 738
f 739 740 741
f 742 743 744
f 745 746 747
f 748 749 750
f 751 752 753
f 754 755 756
f 757 758 759
f 760 761 762
f 763 764 765
f 766 767 768
f 769 770 771
f 772 773 774
f 775 776 777
f 778 779 780
f 781 782 783
f 784 785 786
f 787 788 789
f 790 791 792
f 793 794 795
f 796 797 798
f 799 800 801
f 802 803 804
f 805 806 807
f 808 809 810
f 811 812 813
f 814 815 816
f 817 818 819
f 820 821 822
f 823 824 825
f 826 827 828
f 829 830 831
f 832 833 834
f 835 836 837
f 838 839 840
f 841 842 843
f 844 845 846
f 847 848 849
f 850 851 852
f 853 854 855
f 856 857 858
f 859 860 861
f 862 863 864
f 865 866 867
f 868 869 870
f 871 872 873
f 874 875 876
f 877 878 879
f 880 881 882
f 883 884 885
f 886 887 888
f 889 890 891
f 892 893 894
f 895 896 897
f 898 899 900
f 901 902 903
f 904 905 906
f 907 908 909
f 910 911 912
f 913 914 915
f 916 917 918
f 919 920 921
f 922 923 924
f 925 926 927
f 928 929 930
f 931 932 933
f 934 935 936
f 937 938 939
f 940 941 942
f 943 944 945
f 946 947 948
f 949 950 951
f 952 953 954
f 955 956 957
f 958 959 960
f 961 962 963
f 964 965 966
f 967 968 969
f 970 971 972
f 973 974 975
f 976 977 978
f 979 980 981
f 982 983 984
f 985 986 987
f 988 989 990
f 991 992 993
f 994 995 996
f 997 998 999
f 1000 1001 1002
f 1003 1004 1005
f 1006 1007 1008
f 1009 1010 1011
f 1012 1013 1014
f 1015 1016 1017
f 1018 1019 1020
f 1021 1022 1023
f 1024 1025 1026
f 1027 1028 1029
f 1030 1031 1032
f 1033 1034 1035
f 1036 1037 1038
f 1039 1040 1041
f 1042 1043 1044
f 1045 1046 1047
f 1048 1049 1050
f 1051 1052 1053
f 1054 1055 1056
f 1057 1058 1059
f 1060 1061 1062
f 1063 1064 1065
f 1066 1067 1068
f 1069 1070 1071
f 1072 1073 1074
f 1075 1076 1077
f 1078 1079 1080
f 1081 1082 1083
f 1084 1085 1086
f 1087 1088 1089
f 1090 1091 1092
f 1093 1094 1095
f 1096 1097 1098
f 1099 1100 1101
f 1102 1103 1104
f 1105 1106 1107
f 1108 1109 1110
f 1111 1112 1113
f 1114 1115 1116
f 1117 1118 1119
f 1120 1121 1122
f 1123 1124 1125
f 1126 1127 1128
f 1129 1130 1131
f 1132 1133 1134
f 1135 1136 1137
f 1138 1139 1140
f 1141 1142 1143
f 1144 1145 1146
f 1147 1148 1149
f 1150 1151 1152
f 1153 1154 1155
f 1156 1157 1158
f 1159 1160 1161
f 1162 1163 1164
f 1165 1166 1167
f 1168 1169 1170
f 1171 1172 1173
f 1174 1175 1176
f 1177 1178 1179
f 1180 1181 1182
f 1183 1184 1185
f 1186 1187 1188
f 1189 1190 1191
f 1192 1193 1194
f 1195 1196 1197
f 1198 1199 1200
f 1201 1202 1203
f 1204 1205 1206
f 1207 1208 1209
f 1210 1211 1212
f 1213 1214 1215
f 1216 1217 1218
f 1219 1220 1221
f 1222 1223 1224
f 1225 1226 1227
f 1228 1229 1230
f 1231 1232 1233
f 1234 1235 1236
f 1237 1238 1239
f 1240 1241 1242
f 1243 1244 1245
f 1246 1247 1248
f 1249 1250 1251
f 1252 1253 1254
f 1255 1256 1257
f 1258 1259 1260
f 1261 1262 1263
f 1264 1265 1266
f 1267 1268 1269
f 1270 1271 1272
f 1273 1274 1275
f 1276 1277 1278
f 1279 1280 1281
f 1282 1283 1284
f 1285 1286 1287
f 1288 1289 1290
f 1291 1292 1293
f 1294 1295 1296
f 1297 1298 1299
f 1300 1301 1302
f 1303 1304 1305
f 1306 1307 1308
f 1309 1310 1311
f 1312 1313 1314
f 1315 1316 1317
f 1318 1319 1320
f 1321 1322 1323
f 1324 1325 1326
f 1327 1328 1329
f 1330 1331 1332
f 1333 1334 1335
f 1336 1337 1338
f 1339 1340 1341
f 1342 1343 1344
f 1345 1346 1347
f 1348 1349 1350
f 1351 1352 1353
f 1354 1355 1356
f 1357 1358 1359
f 1360 1361 1362
f 1363 1364 1365
f 1366 1367 1368
f 1369 1370 1371
f 1372 1373 1374
f 1375 1376 1377
f 1378 1379 1380
f 1381 1382 1383
f 1384 1385 1386
f 1387 1388 1389
f 1390 1391 1392
f 1393 1394 1395
f 1396 1397 1398
f 1399 1400 1401
f 1402 1403 1404
f 1405 1406 1407
f 1408 1409 1410
f 1411 1412 1413
f 1414 1415 1416
f 1417 1418 1419
f 1420 1421 1422
f 1423 1424 1425
f 1426 1427 1428
f 1429 1430 1431
f 1432 1433 1434
f 1435 1436 1437
f 1438 1439 1440
f 1441 1442 1443
f 1444 1445 1446
f 1447 1448 1449
f 1450 1451 1452
f 1453 1454 1455
f 1456 1457 1458
f 1459 1460 1461
f 1462 1463 1464
f 1465 1466 1467
f 1468 1469 1470
f 1471 1472 1473
f 1474 1475 1476
f 1477 1478 1479
f 1480 1481 1482
f 1483 1484 1485
f 1486 1487 1488
f 1489 1490 1491
f 1492 1493 1494
f 1495 1496 1497
f 1498 1499 1500
f 1501 1502 1503
f 1504 1505 1506
f 1507 1508 1509
f 1510 1511 1512
f 1513 1514 1515
f 1516 1517 1518
f 1519 1520 1521
f 1522 1523 1524
f 1525 1526 1527
f 1528 1529 1530
f 1531 1532 1533
f 1534 1535 1536
f 1537 1538 1539
f 1540 1541 1542
f 1543 1544 1545
f 1546 1547 1548
f 1549 1550 1551
f 1552 1553 1554
f 1555 1556 1557
f 1558 1559 1560
f 1561 1562 1563
f 1564 1565 1566
f 1567 1568 1569
f 1570 1571 1572
f 1573 1574 1575
f 1576 1577 1578
f 1579 1580 1581
f 1582 1583 1584
f 1585 1586 1587
f 1588 1589 1590
f 1591 1592 1593
f 1594 1595 1596
f 1597 1598 1599
f 1600 1601 1602
f 1603 1604 1605
f 1606 1607 1608
f 1609 1610 1611
f 1612 1613 1614
f 1615 1616 1617
f 1618 1619 1620
f 1621 1622 1623
f 1624 1625 1626
f 1627 1628 1629
f 1630 1631 1632
f 1633 1634 1635
f 1636 1637 1638
f 1639 1640 1641
f 1642 1643 1644
f 1645 1646 1647
f 1648 1649 1650
f 1651 1652 1653
f 1654 1655 1656
f 1657 1658 1659
f 1660 1661 1662
f 1663 1664 1665
f 1666 1667 1668
f 1669 1670 1671
f 1672 1673 1674
f 1675 1676 1677
f 1678 1679 1680
f 1681 1682 1683
f 1684 1685 1686
f 1687 1688 1689
f 1690 1691 1692
f 1693 1694 1695
f 1696 1697 1698
f 1699 1700 1701
f 1702 1703 1704
f 1705 1706 1707
f 1708 1709 1710
f 1711 1712 1713
f 1714 1715 1716
f 1717 1718 1719
f 1720 1721 1722
f 1723 1724 1725
f 1726 1727 1728
f 1729 1730 1731
f 1732 1733 1734
f 1735 1736 1737
f 1738 1739 1740
f 1741 1742 1743
f 1744 1745 1746
f 1747 1748 1749
f 1750 1751 1752
f 1753 1754 1755
f 1756 1757 1758
f 1759 1760 1761
f 1762 1763 1764
f 1765 1766 1767
f 1768 1769 1770
f 1771 1772 1773
f 1774 1775 1776
f 1777 1778 1779
f 1780 1781 1782
f 1783 1784 1785
f 1786 1787 1788
f 1789 1790 1791
f 1792 1793 1794
f 1795 1796 1797
f 1798 1799 1800
f 1801 1802 1803
f 1804 1805 1806
f 1807 1808 1809
f 1810 1811 1812
f 1813 1814 1815
f 1816 1817 1818
f 1819 1820 1821
f 1822 1823 1824
f 1825 1826 1827
f 1828 1829 1830
f 1831 1832 1833
f 1834 1835 1836
f 1837 1838 1839
f 1840 1841 1842
f 1843 1844 1845
f 1846 1847 1848
f 1849 1850 1851
f 1852 1853 1854
f 1855 1856 1857
f 1858 1859 1860
f 1861 1862 1863
f 1864 1865 1866
f 1867 1868 1869
f 1870 1871 1872
f 1873 1874 1875
f 1876 1877 1878
f 1879 1880 1881
f 1882 1883 1884
f 1885 1886 1887
f 1888 1889 1890
f 1891 1892 1893
f 1894 1895 1896
f 1897 1898 1899
f 1900 1901 1902
f 1903 1904 1905
f 1906 1907 1908
f 1909 1910 1911
f 1912 1913 1914
f 1915 1916 1917
f 1918 1919 1920
f 1921 1922 1923
f 1924 1925 1926
f 1927 1928 1929
f 1930 1931 1932
f 1933 1934 1935
f 1936 1937 1938
f 1939 1940 1941
f 1942 1943 1944
f 1945 1946 1947
f 1948 1949 1950
f 1951 1952 1953
f 1954 1955 1956
f 1957 1958 1959
f 1960 1961 1962
f 1963 1964 1965
f 1966 1967 1968
f 1969 1970 1971
f 1972 1973 1974
f 1975 1976 1977
f 1978 1979 1980
f 1981 1982 1983
f 1984 1985 1986
f 1987 1988 1989
f 1990 1991 1992
f 1993 1994 1995
f 1996 1997 1998
f 1999 2000 2001
f 2002 2003 2004
f 2005 2006 2007
f 2008 2009 2010
f 2011 2012 2013
f 2014 2015 2016
f 2017 2018 2019
f 2020 2021 2022
f 2023 2024 2025
f 2026 2027 2028
f 2029 2030 2031
f 2032 2033 2034
f 2035 2036 2037
f 2038 2039 2040
f 2041 2042 2043
f 2044 2045 2046
f 2047 2048 2049
f 2050 2051 2052
f 2053 2054 2055
f 2056 2057 2058
f 2059 2060 2061
f 2062 2063 2064
f 2065 2066 2067
f 2068 2069 2070
f 2071 2072 2073
f 2074 2075 2076
f 2077 2078 2079
f 2080 2081 2082
f 2083 2084 2085
f 2086 2087 2088
f 2089 2090 2091
f 2092 2093 2094
f 2095 2096 2097
f 2098 2099 2100
f 2101 2102 2103
f 2104 2105 2106
f 2107 2108 2109
f 2110 2111 2112
f 2113 2114 2115
f 2116 2117 2118
f 2119 2120 2121
f 2122 2123 2124
f 2125 2126 2127
f 2128 2129 2130
f 2131 2132 2133
f 2134 2135 2136
