o node1
usemtl Part__Feature001_006
v 0.0023542039562016726 0.009420095942914486 0.047535769641399384
v -0.0000020026900529046543 0.012805219739675522 0.044993750751018524
v 0.0033674240112304688 0.009420155547559261 0.04579621180891991
v 0.0012096159625798464 0.009421825408935547 0.048204660415649414
v -0.0000020026900529046543 0.012805219739675522 0.044993750751018524
v 0.0023542039562016726 0.009420095942914486 0.047535769641399384
v 0.0012096159625798464 0.009421825408935547 0.048204660415649414
v -0.0009000740246847272 0.009423433803021908 0.04836725816130638
v -0.0000020026900529046543 0.012805219739675522 0.044993750751018524
v -0.0009000740246847272 0.009423433803021908 0.04836725816130638
v -0.0025687809102237225 0.009414196014404297 0.047295570373535156
v -0.0000020026900529046543 0.012805219739675522 0.044993750751018524
v -0.003461061976850033 0.00942599680274725 0.04545509070158005
v -0.0000020026900529046543 0.012805219739675522 0.044993750751018524
v -0.0025687809102237225 0.009414196014404297 0.047295570373535156
v -0.010405359789729118 0.01838725060224533 0.003964126110076904
v 0.010302780196070671 0.019675249233841896 0.003999948035925627
v -0.010306769981980324 0.019704099744558334 0.003999948035925627
v -0.010405359789729118 0.01838725060224533 0.003964126110076904
v 0.010401600040495396 0.01821218989789486 0.003997563850134611
v 0.010302780196070671 0.019675249233841896 0.003999948035925627
v -0.010328349657356739 0.017410870641469955 0.006311534903943539
v 0.010206280276179314 0.01744185946881771 0.005109726916998625
v -0.010402319952845573 0.01741402968764305 0.004769504070281982
v -0.010328349657356739 0.017410870641469955 0.006311534903943539
v 0.0103377103805542 0.017410509288311005 0.006348371040076017
v 0.010206280276179314 0.01744185946881771 0.005109726916998625
v -0.010349630378186703 0.0025631780736148357 0.0017999409465119243
v -0.010464309714734554 0.008072017692029476 0.0017411699518561363
v -0.010366260074079037 0.0025243160780519247 0.00013333199603948742
v -0.01033805962651968 0.008028565905988216 0.003838418982923031
v -0.010497679933905602 0.010668089613318443 0.003808438079431653
v -0.010464309714734554 0.008072017692029476 0.0017411699518561363
v -0.010379070416092873 0.012792220339179039 0.018852049484848976
v -0.010500900447368622 0.01703565940260887 0.017714379355311394
v -0.01037495955824852 0.011576890014111996 0.017772730439901352
v -0.01037495955824852 0.011576890014111996 0.017772730439901352
v -0.010500900447368622 0.01703565940260887 0.017714379355311394
v -0.010403149761259556 0.011444980278611183 0.004798947833478451
v -0.010403149761259556 0.011444980278611183 0.004798947833478451
v -0.010500900447368622 0.01703565940260887 0.017714379355311394
v -0.010402319952845573 0.01741402968764305 0.004769504070281982
v -0.010379070416092873 0.012792220339179039 0.018852049484848976
v -0.01033318042755127 0.016214780509471893 0.018827490508556366
v -0.010500900447368622 0.01703565940260887 0.017714379355311394
v -0.010402319952845573 0.01741402968764305 0.004769504070281982
v -0.010405359789729118 0.01838725060224533 0.003964126110076904
v -0.010497679933905602 0.010668089613318443 0.003808438079431653
v -0.010403149761259556 0.011444980278611183 0.004798947833478451
v -0.010402319952845573 0.01741402968764305 0.004769504070281982
v -0.010497679933905602 0.010668089613318443 0.003808438079431653
v -0.010497679933905602 0.010668089613318443 0.003808438079431653
v -0.010464309714734554 0.02075432986021042 0.0017411699518561363
v -0.010464309714734554 0.008072017692029476 0.0017411699518561363
v -0.010405359789729118 0.01838725060224533 0.003964126110076904
v -0.010464309714734554 0.02075432986021042 0.0017411699518561363
v -0.010497679933905602 0.010668089613318443 0.003808438079431653
v -0.010405359789729118 0.01838725060224533 0.003964126110076904
v -0.010256229899823666 0.02079777978360653 0.003920257091522217
v -0.010464309714734554 0.02075432986021042 0.0017411699518561363
v -0.010464309714734554 0.02075432986021042 0.0017411699518561363
v -0.010390520095825195 0.02630412019789219 0.00016363299801014364
v -0.010464309714734554 0.008072017692029476 0.0017411699518561363
v -0.010464309714734554 0.008072017692029476 0.0017411699518561363
v -0.010390520095825195 0.02630412019789219 0.00016363299801014364
v -0.010366260074079037 0.0025243160780519247 0.00013333199603948742
v -0.010464309714734554 0.02075432986021042 0.0017411699518561363
v -0.010349630378186703 0.026263169944286346 0.0017999409465119243
v -0.010390520095825195 0.02630412019789219 0.00016363299801014364
v 0.010212600231170654 0.010281439870595932 0.00401753094047308
v 0.006783961784094572 0.007870255969464779 0.003922103904187679
v 0.010338779538869858 0.008028565905988216 0.003838418982923031
v 0.010212600231170654 0.010281439870595932 0.00401753094047308
v -0.01020997017621994 0.010257890447974205 0.004015088081359863
v 0.006783961784094572 0.007870255969464779 0.003922103904187679
v 0.006783961784094572 0.007870255969464779 0.003922103904187679
v -0.01020997017621994 0.010257890447974205 0.004015088081359863
v -0.006688237190246582 0.007825790904462337 0.003912924788892269
v -0.01020997017621994 0.010257890447974205 0.004015088081359863
v -0.01033805962651968 0.008028565905988216 0.003838418982923031
v -0.006688237190246582 0.007825790904462337 0.003912924788892269
v -0.0050331950187683105 0.005965054035186768 0.0038749570958316326
v -0.004874587059020996 0.0025882120244205 0.0038749570958316326
v 0.004882394801825285 0.006314395926892757 0.003998159896582365
v 0.004882394801825285 0.006314395926892757 0.003998159896582365
v -0.004874587059020996 0.0025882120244205 0.0038749570958316326
v 0.0048753609880805016 0.0025382039602845907 0.0038249490316957235
v 0.006783961784094572 0.007870255969464779 0.003922103904187679
v -0.006688237190246582 0.007825790904462337 0.003912924788892269
v 0.004882394801825285 0.006314395926892757 0.003998159896582365
v -0.006688237190246582 0.007825790904462337 0.003912924788892269
v -0.0050331950187683105 0.005965054035186768 0.0038749570958316326
v 0.004882394801825285 0.006314395926892757 0.003998159896582365
v 0.01035034004598856 0.0025631780736148357 0.0017999409465119243
v 0.004861890804022551 0.002482414012774825 0.0017614959506317973
v 0.010378300212323666 0.0025352230295538902 0.00015254199388436973
v 0.0048753609880805016 0.0025382039602845907 0.0038249490316957235
v -0.0048611159436404705 0.002482414012774825 0.0017614959506317973
v 0.004861890804022551 0.002482414012774825 0.0017614959506317973
v -0.004874587059020996 0.0025882120244205 0.0038749570958316326
v -0.0048611159436404705 0.002482414012774825 0.0017614959506317973
v 0.0048753609880805016 0.0025382039602845907 0.0038249490316957235
v -0.010349630378186703 0.0025631780736148357 0.0017999409465119243
v -0.010366260074079037 0.0025243160780519247 0.00013333199603948742
v -0.0048611159436404705 0.002482414012774825 0.0017614959506317973
v -0.010366260074079037 0.0025243160780519247 0.00013333199603948742
v 0.010378300212323666 0.0025352230295538902 0.00015254199388436973
v 0.004861890804022551 0.002482414012774825 0.0017614959506317973
v -0.010366260074079037 0.0025243160780519247 0.00013333199603948742
v 0.004861890804022551 0.002482414012774825 0.0017614959506317973
v -0.0048611159436404705 0.002482414012774825 0.0017614959506317973
v 0.010389200411736965 0.026279859244823456 0.00013333300012163818
v 0.004900753032416105 0.02634548954665661 0.0017606009496375918
v 0.01035034004598856 0.026263169944286346 0.0017999999690800905
v 0.004900753032416105 0.02634548954665661 0.0017606009496375918
v -0.004838048946112394 0.02629780024290085 0.003838418982923031
v 0.004838823806494474 0.026251669973134995 0.003884613048285246
v -0.004913091193884611 0.02631508931517601 0.0017788410186767578
v -0.004838048946112394 0.02629780024290085 0.003838418982923031
v 0.004900753032416105 0.02634548954665661 0.0017606009496375918
v -0.010390520095825195 0.02630412019789219 0.00016363299801014364
v -0.010349630378186703 0.026263169944286346 0.0017999409465119243
v -0.004913091193884611 0.02631508931517601 0.0017788410186767578
v 0.010389200411736965 0.026279859244823456 0.00013333300012163818
v -0.010390520095825195 0.02630412019789219 0.00016363299801014364
v 0.004900753032416105 0.02634548954665661 0.0017606009496375918
v 0.004900753032416105 0.02634548954665661 0.0017606009496375918
v -0.010390520095825195 0.02630412019789219 0.00016363299801014364
v -0.004913091193884611 0.02631508931517601 0.0017788410186767578
v -0.004740356933325529 0.02308671921491623 0.003991543781012297
v 0.004838823806494474 0.026251669973134995 0.003884613048285246
v -0.004838048946112394 0.02629780024290085 0.003838418982923031
v -0.004740356933325529 0.02308671921491623 0.003991543781012297
v 0.00473672104999423 0.023112710565328598 0.003989933989942074
v 0.004838823806494474 0.026251669973134995 0.003884613048285246
v -0.010366260074079037 0.0025243160780519247 0.00013333199603948742
v 0.010389200411736965 0.026279859244823456 0.00013333300012163818
v 0.010378300212323666 0.0025352230295538902 0.00015254199388436973
v -0.010366260074079037 0.0025243160780519247 0.00013333199603948742
v -0.010390520095825195 0.02630412019789219 0.00016363299801014364
v 0.010389200411736965 0.026279859244823456 0.00013333300012163818
v 0.010409049689769745 0.011616939678788185 0.017718549817800522
v -0.01037495955824852 0.011576890014111996 0.017772730439901352
v 0.010397789999842644 0.011406599543988705 0.004751801025122404
v -0.01037495955824852 0.011576890014111996 0.017772730439901352
v -0.010403149761259556 0.011444980278611183 0.004798947833478451
v 0.010397789999842644 0.011406599543988705 0.004751801025122404
v -0.01033318042755127 0.016214780509471893 0.018827490508556366
v -0.010379070416092873 0.012792220339179039 0.018852049484848976
v 0.010327870026230812 0.016056180000305176 0.01887344941496849
v 0.010327870026230812 0.016056180000305176 0.01887344941496849
v -0.010379070416092873 0.012792220339179039 0.018852049484848976
v 0.01038271002471447 0.01261192001402378 0.018799899145960808
v 0.010268500074744225 0.020763149484992027 0.003931759856641293
v 0.010401600040495396 0.01821218989789486 0.003997563850134611
v 0.01045851968228817 0.02080255001783371 0.0017450449522584677
v 0.010389200411736965 0.026279859244823456 0.00013333300012163818
v 0.01045851968228817 0.02080255001783371 0.0017450449522584677
v 0.010465020313858986 0.008072017692029476 0.0017411699518561363
v 0.010389200411736965 0.026279859244823456 0.00013333300012163818
v 0.010465020313858986 0.008072017692029476 0.0017411699518561363
v 0.010378300212323666 0.0025352230295538902 0.00015254199388436973
v 0.010465020313858986 0.008072017692029476 0.0017411699518561363
v 0.01035034004598856 0.0025631780736148357 0.0017999409465119243
v 0.010378300212323666 0.0025352230295538902 0.00015254199388436973
v 0.01035034004598856 0.026263169944286346 0.0017999999690800905
v 0.01045851968228817 0.02080255001783371 0.0017450449522584677
v 0.010389200411736965 0.026279859244823456 0.00013333300012163818
v 0.010498099960386753 0.010653669945895672 0.003799079917371273
v 0.010338779538869858 0.008028565905988216 0.003838418982923031
v 0.010465020313858986 0.008072017692029476 0.0017411699518561363
v 0.01050155982375145 0.017035720869898796 0.01771444082260132
v 0.010397789999842644 0.011406599543988705 0.004751801025122404
v 0.01049864012748003 0.017232289537787437 0.004730284214019775
v 0.01050155982375145 0.017035720869898796 0.01771444082260132
v 0.010409049689769745 0.011616939678788185 0.017718549817800522
v 0.010397789999842644 0.011406599543988705 0.004751801025122404
v 0.01050155982375145 0.017035720869898796 0.01771444082260132
v 0.01038271002471447 0.01261192001402378 0.018799899145960808
v 0.010409049689769745 0.011616939678788185 0.017718549817800522
v 0.010327870026230812 0.016056180000305176 0.01887344941496849
v 0.01038271002471447 0.01261192001402378 0.018799899145960808
v 0.01050155982375145 0.017035720869898796 0.01771444082260132
v 0.01049864012748003 0.017232289537787437 0.004730284214019775
v 0.010397789999842644 0.011406599543988705 0.004751801025122404
v 0.010498099960386753 0.010653669945895672 0.003799079917371273
v 0.010401600040495396 0.01821218989789486 0.003997563850134611
v 0.01049864012748003 0.017232289537787437 0.004730284214019775
v 0.010498099960386753 0.010653669945895672 0.003799079917371273
v 0.01045851968228817 0.02080255001783371 0.0017450449522584677
v 0.010498099960386753 0.010653669945895672 0.003799079917371273
v 0.010465020313858986 0.008072017692029476 0.0017411699518561363
v 0.01045851968228817 0.02080255001783371 0.0017450449522584677
v 0.010401600040495396 0.01821218989789486 0.003997563850134611
v 0.010498099960386753 0.010653669945895672 0.003799079917371273
v 0.01035034004598856 0.026263169944286346 0.0017999999690800905
v 0.007072865031659603 0.021005919203162193 0.0018999569583684206
v 0.01045851968228817 0.02080255001783371 0.0017450449522584677
v 0.005206524860113859 0.02254140004515648 0.0018999569583684206
v 0.007072865031659603 0.021005919203162193 0.0018999569583684206
v 0.01035034004598856 0.026263169944286346 0.0017999999690800905
v 0.004900753032416105 0.02634548954665661 0.0017606009496375918
v 0.005206524860113859 0.02254140004515648 0.0018999569583684206
v 0.01035034004598856 0.026263169944286346 0.0017999999690800905
v 0.005030691158026457 0.023348620161414146 0.0037006130442023277
v 0.005556464195251465 0.02213406004011631 0.0037001960445195436
v 0.005206524860113859 0.02254140004515648 0.0018999569583684206
v 0.005206524860113859 0.02254140004515648 0.0018999569583684206
v 0.0069741602055728436 0.02102052979171276 0.0036989450454711914
v 0.007072865031659603 0.021005919203162193 0.0018999569583684206
v 0.005556464195251465 0.02213406004011631 0.0037001960445195436
v 0.0069741602055728436 0.02102052979171276 0.0036989450454711914
v 0.005206524860113859 0.02254140004515648 0.0018999569583684206
v 0.004838823806494474 0.026251669973134995 0.003884613048285246
v 0.005030691158026457 0.023348620161414146 0.0037006130442023277
v 0.004900753032416105 0.02634548954665661 0.0017606009496375918
v 0.004900753032416105 0.02634548954665661 0.0017606009496375918
v 0.005030691158026457 0.023348620161414146 0.0037006130442023277
v 0.005206524860113859 0.02254140004515648 0.0018999569583684206
v 0.0069741602055728436 0.02102052979171276 0.0036989450454711914
v 0.01045851968228817 0.02080255001783371 0.0017450449522584677
v 0.007072865031659603 0.021005919203162193 0.0018999569583684206
v 0.0069741602055728436 0.02102052979171276 0.0036989450454711914
v 0.010268500074744225 0.020763149484992027 0.003931759856641293
v 0.01045851968228817 0.02080255001783371 0.0017450449522584677
v 0.005151450168341398 0.006138801109045744 0.0018999569583684206
v 0.004861890804022551 0.002482414012774825 0.0017614959506317973
v 0.01035034004598856 0.0025631780736148357 0.0017999409465119243
v 0.0069928159937262535 0.007812917232513428 0.0018999569583684206
v 0.01035034004598856 0.0025631780736148357 0.0017999409465119243
v 0.010465020313858986 0.008072017692029476 0.0017411699518561363
v 0.0069928159937262535 0.007812917232513428 0.0018999569583684206
v 0.005151450168341398 0.006138801109045744 0.0018999569583684206
v 0.01035034004598856 0.0025631780736148357 0.0017999409465119243
v 0.0069928159937262535 0.007812917232513428 0.0018999569583684206
v 0.006783961784094572 0.007870255969464779 0.003922103904187679
v 0.005151450168341398 0.006138801109045744 0.0018999569583684206
v 0.006783961784094572 0.007870255969464779 0.003922103904187679
v 0.005121290218085051 0.005962072871625423 0.003693938022479415
v 0.005151450168341398 0.006138801109045744 0.0018999569583684206
v 0.010338779538869858 0.008028565905988216 0.003838418982923031
v 0.0069928159937262535 0.007812917232513428 0.0018999569583684206
v 0.010465020313858986 0.008072017692029476 0.0017411699518561363
v 0.010338779538869858 0.008028565905988216 0.003838418982923031
v 0.006783961784094572 0.007870255969464779 0.003922103904187679
v 0.0069928159937262535 0.007812917232513428 0.0018999569583684206
v 0.005121290218085051 0.005962072871625423 0.003693938022479415
v 0.0048753609880805016 0.0025382039602845907 0.0038249490316957235
v 0.005151450168341398 0.006138801109045744 0.0018999569583684206
v 0.005151450168341398 0.006138801109045744 0.0018999569583684206
v 0.0048753609880805016 0.0025382039602845907 0.0038249490316957235
v 0.004861890804022551 0.002482414012774825 0.0017614959506317973
v -0.010349630378186703 0.026263169944286346 0.0017999409465119243
v -0.010464309714734554 0.02075432986021042 0.0017411699518561363
v -0.00710451602935791 0.020991379395127296 0.0018999569583684206
v -0.010349630378186703 0.026263169944286346 0.0017999409465119243
v -0.005205810070037842 0.02254140004515648 0.0018999569583684206
v -0.004913091193884611 0.02631508931517601 0.0017788410186767578
v -0.010349630378186703 0.026263169944286346 0.0017999409465119243
v -0.00710451602935791 0.020991379395127296 0.0018999569583684206
v -0.005205810070037842 0.02254140004515648 0.0018999569583684206
v -0.00710451602935791 0.020991379395127296 0.0018999569583684206
v -0.0069633121602237225 0.021029770374298096 0.0036888120230287313
v -0.005205810070037842 0.02254140004515648 0.0018999569583684206
v -0.0069633121602237225 0.021029770374298096 0.0036888120230287313
v -0.0055556888692080975 0.02213406004011631 0.0037001960445195436
v -0.005205810070037842 0.02254140004515648 0.0018999569583684206
v -0.0055556888692080975 0.02213406004011631 0.0037001960445195436
v -0.005031466018408537 0.023340219631791115 0.0037029979284852743
v -0.005205810070037842 0.02254140004515648 0.0018999569583684206
v -0.010256229899823666 0.02079777978360653 0.003920257091522217
v -0.0069633121602237225 0.021029770374298096 0.0036888120230287313
v -0.00710451602935791 0.020991379395127296 0.0018999569583684206
v -0.010256229899823666 0.02079777978360653 0.003920257091522217
v -0.00710451602935791 0.020991379395127296 0.0018999569583684206
v -0.010464309714734554 0.02075432986021042 0.0017411699518561363
v -0.005031466018408537 0.023340219631791115 0.0037029979284852743
v -0.004838048946112394 0.02629780024290085 0.003838418982923031
v -0.004913091193884611 0.02631508931517601 0.0017788410186767578
v -0.005031466018408537 0.023340219631791115 0.0037029979284852743
v -0.004913091193884611 0.02631508931517601 0.0017788410186767578
v -0.005205810070037842 0.02254140004515648 0.0018999569583684206
v -0.010349630378186703 0.0025631780736148357 0.0017999409465119243
v -0.0048611159436404705 0.002482414012774825 0.0017614959506317973
v -0.005051195155829191 0.0056448569521307945 0.0018999569583684206
v -0.00715523911640048 0.00784361269325018 0.0018999569583684206
v -0.005051195155829191 0.0056448569521307945 0.0018999569583684206
v -0.005777955055236816 0.006963192950934172 0.0018999569583684206
v -0.00715523911640048 0.00784361269325018 0.0018999569583684206
v -0.010349630378186703 0.0025631780736148357 0.0017999409465119243
v -0.005051195155829191 0.0056448569521307945 0.0018999569583684206
v -0.010464309714734554 0.008072017692029476 0.0017411699518561363
v -0.010349630378186703 0.0025631780736148357 0.0017999409465119243
v -0.00715523911640048 0.00784361269325018 0.0018999569583684206
v -0.005051195155829191 0.0056448569521307945 0.0018999569583684206
v -0.0050331950187683105 0.005965054035186768 0.0038749570958316326
v -0.005777955055236816 0.006963192950934172 0.0018999569583684206
v -0.0050331950187683105 0.005965054035186768 0.0038749570958316326
v -0.006688237190246582 0.007825790904462337 0.003912924788892269
v -0.005777955055236816 0.006963192950934172 0.0018999569583684206
v -0.005777955055236816 0.006963192950934172 0.0018999569583684206
v -0.006688237190246582 0.007825790904462337 0.003912924788892269
v -0.00715523911640048 0.00784361269325018 0.0018999569583684206
v -0.004874587059020996 0.0025882120244205 0.0038749570958316326
v -0.0050331950187683105 0.005965054035186768 0.0038749570958316326
v -0.005051195155829191 0.0056448569521307945 0.0018999569583684206
v -0.004874587059020996 0.0025882120244205 0.0038749570958316326
v -0.005051195155829191 0.0056448569521307945 0.0018999569583684206
v -0.0048611159436404705 0.002482414012774825 0.0017614959506317973
v -0.00715523911640048 0.00784361269325018 0.0018999569583684206
v -0.01033805962651968 0.008028565905988216 0.003838418982923031
v -0.010464309714734554 0.008072017692029476 0.0017411699518561363
v -0.006688237190246582 0.007825790904462337 0.003912924788892269
v -0.01033805962651968 0.008028565905988216 0.003838418982923031
v -0.00715523911640048 0.00784361269325018 0.0018999569583684206
v 0.010397789999842644 0.011406599543988705 0.004751801025122404
v -0.010403149761259556 0.011444980278611183 0.004798947833478451
v 0.010212600231170654 0.010281439870595932 0.00401753094047308
v -0.010403149761259556 0.011444980278611183 0.004798947833478451
v -0.01020997017621994 0.010257890447974205 0.004015088081359863
v 0.010212600231170654 0.010281439870595932 0.00401753094047308
v -0.010405359789729118 0.01838725060224533 0.003964126110076904
v -0.010402319952845573 0.01741402968764305 0.004769504070281982
v 0.010401600040495396 0.01821218989789486 0.003997563850134611
v 0.010401600040495396 0.01821218989789486 0.003997563850134611
v -0.010402319952845573 0.01741402968764305 0.004769504070281982
v 0.010206280276179314 0.01744185946881771 0.005109726916998625
v 0.010198170319199562 0.0173339806497097 0.017770400270819664
v -0.010193579830229282 0.01735031045973301 0.017680879682302475
v -0.01033318042755127 0.016214780509471893 0.018827490508556366
v 0.010327870026230812 0.016056180000305176 0.01887344941496849
v 0.010198170319199562 0.0173339806497097 0.017770400270819664
v -0.01033318042755127 0.016214780509471893 0.018827490508556366
v 0.01038271002471447 0.01261192001402378 0.018799899145960808
v -0.010379070416092873 0.012792220339179039 0.018852049484848976
v -0.01037495955824852 0.011576890014111996 0.017772730439901352
v 0.010409049689769745 0.011616939678788185 0.017718549817800522
v 0.01038271002471447 0.01261192001402378 0.018799899145960808
v -0.01037495955824852 0.011576890014111996 0.017772730439901352
v -0.0069633121602237225 0.021029770374298096 0.0036888120230287313
v -0.010256229899823666 0.02079777978360653 0.003920257091522217
v -0.00656622601673007 0.020818710327148438 0.003997445106506348
v -0.0069633121602237225 0.021029770374298096 0.0036888120230287313
v -0.00656622601673007 0.020818710327148438 0.003997445106506348
v -0.0055556888692080975 0.02213406004011631 0.0037001960445195436
v -0.00656622601673007 0.020818710327148438 0.003997445106506348
v -0.004740356933325529 0.02308671921491623 0.003991543781012297
v -0.0055556888692080975 0.02213406004011631 0.0037001960445195436
v -0.0055556888692080975 0.02213406004011631 0.0037001960445195436
v -0.004740356933325529 0.02308671921491623 0.003991543781012297
v -0.005031466018408537 0.023340219631791115 0.0037029979284852743
v -0.004838048946112394 0.02629780024290085 0.003838418982923031
v -0.005031466018408537 0.023340219631791115 0.0037029979284852743
v -0.004740356933325529 0.02308671921491623 0.003991543781012297
v -0.010306769981980324 0.019704099744558334 0.003999948035925627
v -0.010256229899823666 0.02079777978360653 0.003920257091522217
v -0.010405359789729118 0.01838725060224533 0.003964126110076904
v -0.010193579830229282 0.01735031045973301 0.017680879682302475
v -0.010328349657356739 0.017410870641469955 0.006311534903943539
v -0.010500900447368622 0.01703565940260887 0.017714379355311394
v -0.010328349657356739 0.017410870641469955 0.006311534903943539
v -0.010402319952845573 0.01741402968764305 0.004769504070281982
v -0.010500900447368622 0.01703565940260887 0.017714379355311394
v -0.01033318042755127 0.016214780509471893 0.018827490508556366
v -0.010193579830229282 0.01735031045973301 0.017680879682302475
v -0.010500900447368622 0.01703565940260887 0.017714379355311394
v 0.004838823806494474 0.026251669973134995 0.003884613048285246
v 0.00473672104999423 0.023112710565328598 0.003989933989942074
v 0.005030691158026457 0.023348620161414146 0.0037006130442023277
v 0.005030691158026457 0.023348620161414146 0.0037006130442023277
v 0.00473672104999423 0.023112710565328598 0.003989933989942074
v 0.005556464195251465 0.02213406004011631 0.0037001960445195436
v 0.00473672104999423 0.023112710565328598 0.003989933989942074
v 0.006602584850043058 0.020795339718461037 0.003997147083282471
v 0.005556464195251465 0.02213406004011631 0.0037001960445195436
v 0.005556464195251465 0.02213406004011631 0.0037001960445195436
v 0.006602584850043058 0.020795339718461037 0.003997147083282471
v 0.0069741602055728436 0.02102052979171276 0.0036989450454711914
v 0.006602584850043058 0.020795339718461037 0.003997147083282471
v 0.010268500074744225 0.020763149484992027 0.003931759856641293
v 0.0069741602055728436 0.02102052979171276 0.0036989450454711914
v -0.010403149761259556 0.011444980278611183 0.004798947833478451
v -0.010497679933905602 0.010668089613318443 0.003808438079431653
v -0.01020997017621994 0.010257890447974205 0.004015088081359863
v 0.010401600040495396 0.01821218989789486 0.003997563850134611
v 0.010268500074744225 0.020763149484992027 0.003931759856641293
v 0.010302780196070671 0.019675249233841896 0.003999948035925627
v -0.01033805962651968 0.008028565905988216 0.003838418982923031
v -0.01020997017621994 0.010257890447974205 0.004015088081359863
v -0.010497679933905602 0.010668089613318443 0.003808438079431653
v 0.010206280276179314 0.01744185946881771 0.005109726916998625
v 0.01049864012748003 0.017232289537787437 0.004730284214019775
v 0.010401600040495396 0.01821218989789486 0.003997563850134611
v 0.0103377103805542 0.017410509288311005 0.006348371040076017
v 0.01049864012748003 0.017232289537787437 0.004730284214019775
v 0.010206280276179314 0.01744185946881771 0.005109726916998625
v 0.01050155982375145 0.017035720869898796 0.01771444082260132
v 0.0103377103805542 0.017410509288311005 0.006348371040076017
v 0.010198170319199562 0.0173339806497097 0.017770400270819664
v 0.01050155982375145 0.017035720869898796 0.01771444082260132
v 0.01049864012748003 0.017232289537787437 0.004730284214019775
v 0.0103377103805542 0.017410509288311005 0.006348371040076017
v 0.010198170319199562 0.0173339806497097 0.017770400270819664
v 0.010327870026230812 0.016056180000305176 0.01887344941496849
v 0.01050155982375145 0.017035720869898796 0.01771444082260132
v 0.010212600231170654 0.010281439870595932 0.00401753094047308
v 0.010498099960386753 0.010653669945895672 0.003799079917371273
v 0.010397789999842644 0.011406599543988705 0.004751801025122404
v 0.010338779538869858 0.008028565905988216 0.003838418982923031
v 0.010498099960386753 0.010653669945895672 0.003799079917371273
v 0.010212600231170654 0.010281439870595932 0.00401753094047308
v 0.004882394801825285 0.006314395926892757 0.003998159896582365
v 0.0048753609880805016 0.0025382039602845907 0.0038249490316957235
v 0.005121290218085051 0.005962072871625423 0.003693938022479415
v 0.006783961784094572 0.007870255969464779 0.003922103904187679
v 0.004882394801825285 0.006314395926892757 0.003998159896582365
v 0.005121290218085051 0.005962072871625423 0.003693938022479415
v -0.00656622601673007 0.020818710327148438 0.003997445106506348
v -0.010293000377714634 0.02316557988524437 0.004009007941931486
v -0.004740356933325529 0.02308671921491623 0.003991543781012297
v -0.00656622601673007 0.020818710327148438 0.003997445106506348
v -0.010256229899823666 0.02079777978360653 0.003920257091522217
v -0.010293000377714634 0.02316557988524437 0.004009007941931486
v -0.008802293799817562 0.015651760622859 0.035925500094890594
v 0.008803725242614746 0.015667790547013283 0.03590935096144676
v -0.01038885023444891 0.025220269337296486 0.019187619909644127
v 0.008803725242614746 0.015667790547013283 0.03590935096144676
v 0.010400470346212387 0.025253409519791603 0.019036589190363884
v -0.01038885023444891 0.025220269337296486 0.019187619909644127
v -0.008802293799817562 0.015651760622859 0.035925500094890594
v 0.008746623061597347 0.014411619864404202 0.03600430116057396
v 0.008803725242614746 0.015667790547013283 0.03590935096144676
v -0.00874871015548706 0.014412039890885353 0.036004599183797836
v 0.008746623061597347 0.014411619864404202 0.03600430116057396
v -0.008802293799817562 0.015651760622859 0.035925500094890594
v -0.005330324172973633 0.014301709830760956 0.0538100004196167
v -0.008656798861920834 0.014413289725780487 0.04983228072524071
v -0.007801711093634367 0.014238470233976841 0.05229121074080467
v 0.0048004379495978355 0.014331039972603321 0.053831569850444794
v -0.008656798861920834 0.014413289725780487 0.04983228072524071
v -0.005330324172973633 0.014301709830760956 0.0538100004196167
v 0.008537708781659603 0.014414009638130665 0.050533588975667953
v -0.008656798861920834 0.014413289725780487 0.04983228072524071
v 0.0048004379495978355 0.014331039972603321 0.053831569850444794
v 0.008746623061597347 0.014411619864404202 0.03600430116057396
v -0.00874871015548706 0.014412039890885353 0.036004599183797836
v 0.008537708781659603 0.014414009638130665 0.050533588975667953
v 0.008537708781659603 0.014414009638130665 0.050533588975667953
v -0.00874871015548706 0.014412039890885353 0.036004599183797836
v -0.008656798861920834 0.014413289725780487 0.04983228072524071
v 0.008537708781659603 0.014414009638130665 0.050533588975667953
v 0.0048004379495978355 0.014331039972603321 0.053831569850444794
v 0.006546616088598967 0.01429050974547863 0.053246140480041504
v -0.005330324172973633 0.014301709830760956 0.0538100004196167
v 0.005532205104827881 0.009717047214508057 0.05385756120085716
v 0.0048004379495978355 0.014331039972603321 0.053831569850444794
v -0.005467711947858334 0.009490965865552425 0.053747229278087616
v 0.005532205104827881 0.009717047214508057 0.05385756120085716
v -0.005330324172973633 0.014301709830760956 0.0538100004196167
v -0.008779346011579037 0.00946134328842163 0.05011795833706856
v -0.0025687809102237225 0.009414196014404297 0.047295570373535156
v -0.007084130775183439 0.009504257701337337 0.05282139033079147
v -0.007084130775183439 0.009504257701337337 0.05282139033079147
v -0.0025687809102237225 0.009414196014404297 0.047295570373535156
v -0.005467711947858334 0.009490965865552425 0.053747229278087616
v -0.0025687809102237225 0.009414196014404297 0.047295570373535156
v -0.0009000740246847272 0.009423433803021908 0.04836725816130638
v -0.005467711947858334 0.009490965865552425 0.053747229278087616
v -0.008779346011579037 0.00946134328842163 0.05011795833706856
v -0.003461061976850033 0.00942599680274725 0.04545509070158005
v -0.0025687809102237225 0.009414196014404297 0.047295570373535156
v -0.005467711947858334 0.009490965865552425 0.053747229278087616
v -0.0009000740246847272 0.009423433803021908 0.04836725816130638
v 0.005491076968610287 0.00941228773444891 0.05355769023299217
v -0.008779346011579037 0.00946134328842163 0.05011795833706856
v -0.008745192550122738 0.00941395666450262 0.036004479974508286
v -0.003461061976850033 0.00942599680274725 0.04545509070158005
v -0.008745192550122738 0.00941395666450262 0.036004479974508286
v -0.0030620689503848553 0.009426355361938477 0.043490879237651825
v -0.003461061976850033 0.00942599680274725 0.04545509070158005
v -0.0009000740246847272 0.009423433803021908 0.04836725816130638
v 0.0012096159625798464 0.009421825408935547 0.048204660415649414
v 0.005491076968610287 0.00941228773444891 0.05355769023299217
v 0.0012096159625798464 0.009421825408935547 0.048204660415649414
v 0.0023542039562016726 0.009420095942914486 0.047535769641399384
v 0.005491076968610287 0.00941228773444891 0.05355769023299217
v -0.008745192550122738 0.00941395666450262 0.036004479974508286
v -0.0019537799526005983 0.00941777229309082 0.0421556793153286
v -0.0030620689503848553 0.009426355361938477 0.043490879237651825
v 0.005491076968610287 0.00941228773444891 0.05355769023299217
v 0.0023542039562016726 0.009420095942914486 0.047535769641399384
v 0.007737814914435148 0.009533463977277279 0.05224508047103882
v 0.0023542039562016726 0.009420095942914486 0.047535769641399384
v 0.008802413009107113 0.00950848963111639 0.050202541053295135
v 0.007737814914435148 0.009533463977277279 0.05224508047103882
v -0.008745192550122738 0.00941395666450262 0.036004479974508286
v 0.00014447899593506008 0.009433150291442871 0.04151051864027977
v -0.0019537799526005983 0.00941777229309082 0.0421556793153286
v 0.0033674240112304688 0.009420155547559261 0.04579621180891991
v 0.008802413009107113 0.00950848963111639 0.050202541053295135
v 0.0023542039562016726 0.009420095942914486 0.047535769641399384
v 0.00316786696203053 0.009425044059753418 0.043772220611572266
v 0.008748947642743587 0.009413777850568295 0.03600471839308739
v 0.0033674240112304688 0.009420155547559261 0.04579621180891991
v 0.0019433490233495831 0.00942236091941595 0.04219352826476097
v 0.008748947642743587 0.009413777850568295 0.03600471839308739
v 0.00316786696203053 0.009425044059753418 0.043772220611572266
v 0.0033674240112304688 0.009420155547559261 0.04579621180891991
v 0.008748947642743587 0.009413777850568295 0.03600471839308739
v 0.008802413009107113 0.00950848963111639 0.050202541053295135
v 0.00014447899593506008 0.009433150291442871 0.04151051864027977
v 0.008748947642743587 0.009413777850568295 0.03600471839308739
v 0.0019433490233495831 0.00942236091941595 0.04219352826476097
v -0.008745192550122738 0.00941395666450262 0.036004479974508286
v 0.008748947642743587 0.009413777850568295 0.03600471839308739
v 0.00014447899593506008 0.009433150291442871 0.04151051864027977
v -0.008745192550122738 0.00941395666450262 0.036004479974508286
v 0.009009777568280697 0.00812458898872137 0.03584498167037964
v 0.008748947642743587 0.009413777850568295 0.03600471839308739
v -0.009015201590955257 0.00804358720779419 0.03574204072356224
v 0.009009777568280697 0.00812458898872137 0.03584498167037964
v -0.008745192550122738 0.00941395666450262 0.036004479974508286
v -0.01019250974059105 0.017399480566382408 0.019250810146331787
v 0.008962452411651611 0.00802069902420044 0.03557926043868065
v -0.009015201590955257 0.00804358720779419 0.03574204072356224
v 0.010188279673457146 0.017392510548233986 0.019253430888056755
v 0.008962452411651611 0.00802069902420044 0.03557926043868065
v -0.01019250974059105 0.017399480566382408 0.019250810146331787
v -0.010193579830229282 0.01735031045973301 0.017680879682302475
v 0.010198170319199562 0.0173339806497097 0.017770400270819664
v -0.01019250974059105 0.017399480566382408 0.019250810146331787
v 0.010198170319199562 0.0173339806497097 0.017770400270819664
v 0.010188279673457146 0.017392510548233986 0.019253430888056755
v -0.01019250974059105 0.017399480566382408 0.019250810146331787
v 0.0103377103805542 0.017410509288311005 0.006348371040076017
v 0.010188279673457146 0.017392510548233986 0.019253430888056755
v 0.010198170319199562 0.0173339806497097 0.017770400270819664
v -0.01019250974059105 0.017399480566382408 0.019250810146331787
v -0.010328349657356739 0.017410870641469955 0.006311534903943539
v -0.010193579830229282 0.01735031045973301 0.017680879682302475
v -0.01038885023444891 0.025220269337296486 0.019187619909644127
v 0.010400470346212387 0.025253409519791603 0.019036589190363884
v -0.010361789725720882 0.02530466951429844 0.006144403945654631
v 0.010400470346212387 0.025253409519791603 0.019036589190363884
v 0.010381749831140041 0.025261810049414635 0.006118535064160824
v -0.010361789725720882 0.02530466951429844 0.006144403945654631
v 0.010268500074744225 0.020763149484992027 0.003931759856641293
v 0.006602584850043058 0.020795339718461037 0.003997147083282471
v 0.010293720290064812 0.02316557988524437 0.004009007941931486
v 0.010293720290064812 0.02316557988524437 0.004009007941931486
v 0.006602584850043058 0.020795339718461037 0.003997147083282471
v 0.00473672104999423 0.023112710565328598 0.003989933989942074
v 0.0103377103805542 0.017410509288311005 0.006348371040076017
v 0.010381749831140041 0.025261810049414635 0.006118535064160824
v 0.010400470346212387 0.025253409519791603 0.019036589190363884
v 0.0103377103805542 0.017410509288311005 0.006348371040076017
v 0.010400470346212387 0.025253409519791603 0.019036589190363884
v 0.010479739867150784 0.01767796091735363 0.019324179738759995
v 0.010302780196070671 0.019675249233841896 0.003999948035925627
v 0.010293720290064812 0.02316557988524437 0.004009007941931486
v 0.010381749831140041 0.025261810049414635 0.006118535064160824
v 0.010302780196070671 0.019675249233841896 0.003999948035925627
v 0.010381749831140041 0.025261810049414635 0.006118535064160824
v 0.0103377103805542 0.017410509288311005 0.006348371040076017
v -0.010361789725720882 0.02530466951429844 0.006144403945654631
v -0.010328349657356739 0.017410870641469955 0.006311534903943539
v -0.01038885023444891 0.025220269337296486 0.019187619909644127
v -0.01038885023444891 0.025220269337296486 0.019187619909644127
v -0.010328349657356739 0.017410870641469955 0.006311534903943539
v -0.010479089803993702 0.017678020521998405 0.019323579967021942
v -0.010293000377714634 0.02316557988524437 0.004009007941931486
v -0.010306769981980324 0.019704099744558334 0.003999948035925627
v -0.010361789725720882 0.02530466951429844 0.006144403945654631
v -0.010361789725720882 0.02530466951429844 0.006144403945654631
v -0.010306769981980324 0.019704099744558334 0.003999948035925627
v -0.010328349657356739 0.017410870641469955 0.006311534903943539
v -0.010479089803993702 0.017678020521998405 0.019323579967021942
v -0.009055434726178646 0.015468000434339046 0.03570801019668579
v -0.01038885023444891 0.025220269337296486 0.019187619909644127
v -0.010479089803993702 0.017678020521998405 0.019323579967021942
v -0.009015201590955257 0.00804358720779419 0.03574204072356224
v -0.009055434726178646 0.015468000434339046 0.03570801019668579
v -0.009055495262145996 0.014104540459811687 0.03572820872068405
v -0.009015201590955257 0.00804358720779419 0.03574204072356224
v -0.009049296379089355 0.009711623191833496 0.03573459014296532
v -0.009055495262145996 0.014104540459811687 0.03572820872068405
v -0.009055434726178646 0.015468000434339046 0.03570801019668579
v -0.009015201590955257 0.00804358720779419 0.03574204072356224
v -0.009049296379089355 0.009711623191833496 0.03573459014296532
v -0.008779346011579037 0.00946134328842163 0.05011795833706856
v -0.008945404551923275 0.014109959825873375 0.049960311502218246
v -0.009049296379089355 0.009711623191833496 0.03573459014296532
v -0.008945404551923275 0.014109959825873375 0.049960311502218246
v -0.009055495262145996 0.014104540459811687 0.03572820872068405
v 0.008973120711743832 0.014113299548625946 0.04968111962080002
v 0.009049952030181885 0.009715855121612549 0.035735778510570526
v 0.009056270122528076 0.014108769595623016 0.03572702035307884
v 0.008802413009107113 0.00950848963111639 0.050202541053295135
v 0.009049952030181885 0.009715855121612549 0.035735778510570526
v 0.008973120711743832 0.014113299548625946 0.04968111962080002
v 0.008962452411651611 0.00802069902420044 0.03557926043868065
v 0.009049952030181885 0.009715855121612549 0.035735778510570526
v 0.009009777568280697 0.00812458898872137 0.03584498167037964
v 0.00905614998191595 0.015468000434339046 0.03570801019668579
v 0.009056270122528076 0.014108769595623016 0.03572702035307884
v 0.008962452411651611 0.00802069902420044 0.03557926043868065
v 0.008962452411651611 0.00802069902420044 0.03557926043868065
v 0.009056270122528076 0.014108769595623016 0.03572702035307884
v 0.009049952030181885 0.009715855121612549 0.035735778510570526
v 0.00905614998191595 0.015468000434339046 0.03570801019668579
v 0.010479739867150784 0.01767796091735363 0.019324179738759995
v 0.010400470346212387 0.025253409519791603 0.019036589190363884
v 0.008962452411651611 0.00802069902420044 0.03557926043868065
v 0.010479739867150784 0.01767796091735363 0.019324179738759995
v 0.00905614998191595 0.015468000434339046 0.03570801019668579
v 0.010302780196070671 0.019675249233841896 0.003999948035925627
v -0.010328349657356739 0.017410870641469955 0.006311534903943539
v -0.010306769981980324 0.019704099744558334 0.003999948035925627
v 0.0103377103805542 0.017410509288311005 0.006348371040076017
v -0.010328349657356739 0.017410870641469955 0.006311534903943539
v 0.010302780196070671 0.019675249233841896 0.003999948035925627
v 0.010293720290064812 0.02316557988524437 0.004009007941931486
v 0.00473672104999423 0.023112710565328598 0.003989933989942074
v 0.010381749831140041 0.025261810049414635 0.006118535064160824
v -0.004740356933325529 0.02308671921491623 0.003991543781012297
v -0.010361789725720882 0.02530466951429844 0.006144403945654631
v 0.00473672104999423 0.023112710565328598 0.003989933989942074
v 0.00473672104999423 0.023112710565328598 0.003989933989942074
v -0.010361789725720882 0.02530466951429844 0.006144403945654631
v 0.010381749831140041 0.025261810049414635 0.006118535064160824
v -0.004740356933325529 0.02308671921491623 0.003991543781012297
v -0.010293000377714634 0.02316557988524437 0.004009007941931486
v -0.010361789725720882 0.02530466951429844 0.006144403945654631
v -0.005467711947858334 0.009490965865552425 0.053747229278087616
v -0.005330324172973633 0.014301709830760956 0.0538100004196167
v -0.007801711093634367 0.014238470233976841 0.05229121074080467
v -0.007084130775183439 0.009504257701337337 0.05282139033079147
v -0.005467711947858334 0.009490965865552425 0.053747229278087616
v -0.007801711093634367 0.014238470233976841 0.05229121074080467
v -0.008394657634198666 0.009712696075439453 0.051461100578308105
v -0.007084130775183439 0.009504257701337337 0.05282139033079147
v -0.007801711093634367 0.014238470233976841 0.05229121074080467
v -0.008394657634198666 0.009712696075439453 0.051461100578308105
v -0.007801711093634367 0.014238470233976841 0.05229121074080467
v -0.008945404551923275 0.014109959825873375 0.049960311502218246
v -0.008779346011579037 0.00946134328842163 0.05011795833706856
v -0.008394657634198666 0.009712696075439453 0.051461100578308105
v -0.008945404551923275 0.014109959825873375 0.049960311502218246
v 0.008802413009107113 0.00950848963111639 0.050202541053295135
v 0.008973120711743832 0.014113299548625946 0.04968111962080002
v 0.008197127841413021 0.014114909805357456 0.05185294151306152
v 0.007737814914435148 0.009533463977277279 0.05224508047103882
v 0.008802413009107113 0.00950848963111639 0.050202541053295135
v 0.008197127841413021 0.014114909805357456 0.05185294151306152
v 0.007737814914435148 0.009533463977277279 0.05224508047103882
v 0.008197127841413021 0.014114909805357456 0.05185294151306152
v 0.006546616088598967 0.01429050974547863 0.053246140480041504
v 0.005532205104827881 0.009717047214508057 0.05385756120085716
v 0.007737814914435148 0.009533463977277279 0.05224508047103882
v 0.006546616088598967 0.01429050974547863 0.053246140480041504
v 0.005532205104827881 0.009717047214508057 0.05385756120085716
v 0.006546616088598967 0.01429050974547863 0.053246140480041504
v 0.0048004379495978355 0.014331039972603321 0.053831569850444794
v 0.008748947642743587 0.009413777850568295 0.03600471839308739
v 0.009009777568280697 0.00812458898872137 0.03584498167037964
v 0.009049952030181885 0.009715855121612549 0.035735778510570526
v 0.008962452411651611 0.00802069902420044 0.03557926043868065
v 0.010188279673457146 0.017392510548233986 0.019253430888056755
v 0.010479739867150784 0.01767796091735363 0.019324179738759995
v 0.008802413009107113 0.00950848963111639 0.050202541053295135
v 0.008748947642743587 0.009413777850568295 0.03600471839308739
v 0.009049952030181885 0.009715855121612549 0.035735778510570526
v 0.007737814914435148 0.009533463977277279 0.05224508047103882
v 0.005532205104827881 0.009717047214508057 0.05385756120085716
v 0.005491076968610287 0.00941228773444891 0.05355769023299217
v 0.005532205104827881 0.009717047214508057 0.05385756120085716
v -0.005467711947858334 0.009490965865552425 0.053747229278087616
v 0.005491076968610287 0.00941228773444891 0.05355769023299217
v -0.008394657634198666 0.009712696075439453 0.051461100578308105
v -0.008779346011579037 0.00946134328842163 0.05011795833706856
v -0.007084130775183439 0.009504257701337337 0.05282139033079147
v 0.010188279673457146 0.017392510548233986 0.019253430888056755
v 0.0103377103805542 0.017410509288311005 0.006348371040076017
v 0.010479739867150784 0.01767796091735363 0.019324179738759995
v -0.008745192550122738 0.00941395666450262 0.036004479974508286
v -0.008779346011579037 0.00946134328842163 0.05011795833706856
v -0.009049296379089355 0.009711623191833496 0.03573459014296532
v 0.010302780196070671 0.019675249233841896 0.003999948035925627
v 0.010268500074744225 0.020763149484992027 0.003931759856641293
v 0.010293720290064812 0.02316557988524437 0.004009007941931486
v -0.009015201590955257 0.00804358720779419 0.03574204072356224
v -0.008745192550122738 0.00941395666450262 0.036004479974508286
v -0.009049296379089355 0.009711623191833496 0.03573459014296532
v -0.01019250974059105 0.017399480566382408 0.019250810146331787
v -0.009015201590955257 0.00804358720779419 0.03574204072356224
v -0.010479089803993702 0.017678020521998405 0.019323579967021942
v 0.010400470346212387 0.025253409519791603 0.019036589190363884
v 0.008803725242614746 0.015667790547013283 0.03590935096144676
v 0.00905614998191595 0.015468000434339046 0.03570801019668579
v -0.010479089803993702 0.017678020521998405 0.019323579967021942
v -0.010328349657356739 0.017410870641469955 0.006311534903943539
v -0.01019250974059105 0.017399480566382408 0.019250810146331787
v 0.00905614998191595 0.015468000434339046 0.03570801019668579
v 0.008746623061597347 0.014411619864404202 0.03600430116057396
v 0.009056270122528076 0.014108769595623016 0.03572702035307884
v 0.008803725242614746 0.015667790547013283 0.03590935096144676
v 0.008746623061597347 0.014411619864404202 0.03600430116057396
v 0.00905614998191595 0.015468000434339046 0.03570801019668579
v -0.010306769981980324 0.019704099744558334 0.003999948035925627
v -0.010293000377714634 0.02316557988524437 0.004009007941931486
v -0.010256229899823666 0.02079777978360653 0.003920257091522217
v 0.008746623061597347 0.014411619864404202 0.03600430116057396
v 0.008537708781659603 0.014414009638130665 0.050533588975667953
v 0.008973120711743832 0.014113299548625946 0.04968111962080002
v 0.008746623061597347 0.014411619864404202 0.03600430116057396
v 0.008973120711743832 0.014113299548625946 0.04968111962080002
v 0.009056270122528076 0.014108769595623016 0.03572702035307884
v 0.008197127841413021 0.014114909805357456 0.05185294151306152
v 0.008973120711743832 0.014113299548625946 0.04968111962080002
v 0.008537708781659603 0.014414009638130665 0.050533588975667953
v 0.008197127841413021 0.014114909805357456 0.05185294151306152
v 0.008537708781659603 0.014414009638130665 0.050533588975667953
v 0.006546616088598967 0.01429050974547863 0.053246140480041504
v -0.008945404551923275 0.014109959825873375 0.049960311502218246
v -0.007801711093634367 0.014238470233976841 0.05229121074080467
v -0.008656798861920834 0.014413289725780487 0.04983228072524071
v -0.008656798861920834 0.014413289725780487 0.04983228072524071
v -0.00874871015548706 0.014412039890885353 0.036004599183797836
v -0.009055495262145996 0.014104540459811687 0.03572820872068405
v -0.008656798861920834 0.014413289725780487 0.04983228072524071
v -0.009055495262145996 0.014104540459811687 0.03572820872068405
v -0.008945404551923275 0.014109959825873375 0.049960311502218246
v -0.008802293799817562 0.015651760622859 0.035925500094890594
v -0.01038885023444891 0.025220269337296486 0.019187619909644127
v -0.009055434726178646 0.015468000434339046 0.03570801019668579
v -0.00874871015548706 0.014412039890885353 0.036004599183797836
v -0.009055434726178646 0.015468000434339046 0.03570801019668579
v -0.009055495262145996 0.014104540459811687 0.03572820872068405
v -0.00874871015548706 0.014412039890885353 0.036004599183797836
v -0.008802293799817562 0.015651760622859 0.035925500094890594
v -0.009055434726178646 0.015468000434339046 0.03570801019668579
v 0.0033674240112304688 0.009420155547559261 0.04579621180891991
v -0.0000020026900529046543 0.012805219739675522 0.044993750751018524
v 0.00316786696203053 0.009425044059753418 0.043772220611572266
v 0.0019433490233495831 0.00942236091941595 0.04219352826476097
v 0.00316786696203053 0.009425044059753418 0.043772220611572266
v -0.0000020026900529046543 0.012805219739675522 0.044993750751018524
v -0.0030620689503848553 0.009426355361938477 0.043490879237651825
v -0.0000020026900529046543 0.012805219739675522 0.044993750751018524
v -0.003461061976850033 0.00942599680274725 0.04545509070158005
v -0.0030620689503848553 0.009426355361938477 0.043490879237651825
v -0.0019537799526005983 0.00941777229309082 0.0421556793153286
v -0.0000020026900529046543 0.012805219739675522 0.044993750751018524
v -0.0019537799526005983 0.00941777229309082 0.0421556793153286
v 0.00014447899593506008 0.009433150291442871 0.04151051864027977
v -0.0000020026900529046543 0.012805219739675522 0.044993750751018524
v 0.00014447899593506008 0.009433150291442871 0.04151051864027977
v 0.0019433490233495831 0.00942236091941595 0.04219352826476097
v -0.0000020026900529046543 0.012805219739675522 0.044993750751018524
v 0.009009777568280697 0.00812458898872137 0.03584498167037964
v -0.009015201590955257 0.00804358720779419 0.03574204072356224
v 0.008962452411651611 0.00802069902420044 0.03557926043868065
v -0.009823203086853027 0.01750211976468563 0.011107980273663998
v -0.008970022201538086 0.017535440623760223 0.009497939608991146
v -0.009828627109527588 0.02041321061551571 0.011614440008997917
v -0.009828627109527588 0.02041321061551571 0.011614440008997917
v -0.008970022201538086 0.017535440623760223 0.009497939608991146
v -0.008382201194763184 0.02041316032409668 0.008978067897260189
v -0.005244909785687923 0.02041316032409668 0.01571642979979515
v -0.005418896209448576 0.017719140276312828 0.01575212925672531
v -0.006987034808844328 0.02041316032409668 0.015641620382666588
v -0.005418896209448576 0.017719140276312828 0.01575212925672531
v -0.0075809950940310955 0.01771301031112671 0.015458519570529461
v -0.006987034808844328 0.02041316032409668 0.015641620382666588
v -0.008970022201538086 0.017535440623760223 0.009497939608991146
v -0.00790250301361084 0.017712770029902458 0.008742332458496094
v -0.008382201194763184 0.02041316032409668 0.008978067897260189
v -0.006987034808844328 0.02041316032409668 0.015641620382666588
v -0.0075809950940310955 0.01771301031112671 0.015458519570529461
v -0.008936882019042969 0.02041321061551571 0.014486249536275864
v -0.008382201194763184 0.02041316032409668 0.008978067897260189
v -0.006165741942822933 0.01771925948560238 0.008206783793866634
v -0.0059996237978339195 0.02041316032409668 0.00820779800415039
v -0.00790250301361084 0.017712770029902458 0.008742332458496094
v -0.006165741942822933 0.01771925948560238 0.008206783793866634
v -0.008382201194763184 0.02041316032409668 0.008978067897260189
v -0.0075809950940310955 0.01771301031112671 0.015458519570529461
v -0.009010075591504574 0.017712650820612907 0.014274059794843197
v -0.008936882019042969 0.02041321061551571 0.014486249536275864
v -0.009010075591504574 0.017712650820612907 0.014274059794843197
v -0.009712456725537777 0.017717590555548668 0.012743350118398666
v -0.008936882019042969 0.02041321061551571 0.014486249536275864
v -0.008936882019042969 0.02041321061551571 0.014486249536275864
v -0.009712456725537777 0.017717590555548668 0.012743350118398666
v -0.009828627109527588 0.02041321061551571 0.011614440008997917
v -0.009712456725537777 0.017717590555548668 0.012743350118398666
v -0.009823203086853027 0.01750211976468563 0.011107980273663998
v -0.009828627109527588 0.02041321061551571 0.011614440008997917
v -0.0075809950940310955 0.01771301031112671 0.015458519570529461
v -0.008163808844983578 0.017413610592484474 0.015488860197365284
v -0.009010075591504574 0.017712650820612907 0.014274059794843197
v -0.008163808844983578 0.017413610592484474 0.015488860197365284
v -0.009805201552808285 0.017413850873708725 0.013576320372521877
v -0.009010075591504574 0.017712650820612907 0.014274059794843197
v -0.002160130999982357 0.017714260146021843 0.011790149845182896
v -0.001917063957080245 0.017415400594472885 0.012879719957709312
v -0.002761184936389327 0.01771288923919201 0.013935860246419907
v -0.009010075591504574 0.017712650820612907 0.014274059794843197
v -0.009805201552808285 0.017413850873708725 0.013576320372521877
v -0.009712456725537777 0.017717590555548668 0.012743350118398666
v -0.002761184936389327 0.01771288923919201 0.013935860246419907
v -0.0034530749544501305 0.017413370311260223 0.015198170207440853
v -0.003756344085559249 0.017713120207190514 0.015033479779958725
v -0.001917063957080245 0.017415400594472885 0.012879719957709312
v -0.0034530749544501305 0.017413370311260223 0.015198170207440853
v -0.002761184936389327 0.01771288923919201 0.013935860246419907
v -0.009805201552808285 0.017413850873708725 0.013576320372521877
v -0.009823203086853027 0.01750211976468563 0.011107980273663998
v -0.009712456725537777 0.017717590555548668 0.012743350118398666
v -0.003756344085559249 0.017713120207190514 0.015033479779958725
v -0.0034530749544501305 0.017413370311260223 0.015198170207440853
v -0.005418896209448576 0.017719140276312828 0.01575212925672531
v -0.0034530749544501305 0.017413370311260223 0.015198170207440853
v -0.0056591029278934 0.0174139104783535 0.01611226052045822
v -0.005418896209448576 0.017719140276312828 0.01575212925672531
v -0.005418896209448576 0.017719140276312828 0.01575212925672531
v -0.0056591029278934 0.0174139104783535 0.01611226052045822
v -0.0075809950940310955 0.01771301031112671 0.015458519570529461
v -0.0056591029278934 0.0174139104783535 0.01611226052045822
v -0.008163808844983578 0.017413610592484474 0.015488860197365284
v -0.0075809950940310955 0.01771301031112671 0.015458519570529461
v -0.007441638968884945 0.01741354912519455 0.008155763149261475
v -0.0034530749544501305 0.017413370311260223 0.015198170207440853
v -0.00479966402053833 0.017414269968867302 0.00804436206817627
v -0.00479966402053833 0.017414269968867302 0.00804436206817627
v -0.0034530749544501305 0.017413370311260223 0.015198170207440853
v -0.002533555030822754 0.01741402968764305 0.009761214256286621
v -0.0056591029278934 0.0174139104783535 0.01611226052045822
v -0.0034530749544501305 0.017413370311260223 0.015198170207440853
v -0.007441638968884945 0.01741354912519455 0.008155763149261475
v -0.002533555030822754 0.01741402968764305 0.009761214256286621
v -0.0034530749544501305 0.017413370311260223 0.015198170207440853
v -0.001917063957080245 0.017415400594472885 0.012879719957709312
v -0.009805201552808285 0.017413850873708725 0.013576320372521877
v -0.008163808844983578 0.017413610592484474 0.015488860197365284
v -0.009823203086853027 0.01750211976468563 0.011107980273663998
v -0.008163808844983578 0.017413610592484474 0.015488860197365284
v -0.0056591029278934 0.0174139104783535 0.01611226052045822
v -0.009823203086853027 0.01750211976468563 0.011107980273663998
v -0.009823203086853027 0.01750211976468563 0.011107980273663998
v -0.0056591029278934 0.0174139104783535 0.01611226052045822
v -0.008970022201538086 0.017535440623760223 0.009497939608991146
v -0.008970022201538086 0.017535440623760223 0.009497939608991146
v -0.0056591029278934 0.0174139104783535 0.01611226052045822
v -0.007441638968884945 0.01741354912519455 0.008155763149261475
v -0.004240809939801693 0.017708120867609978 0.008646844886243343
v -0.002533555030822754 0.01741402968764305 0.009761214256286621
v -0.0029891720041632652 0.017712650820612907 0.00972586777061224
v -0.00479966402053833 0.017414269968867302 0.00804436206817627
v -0.002533555030822754 0.01741402968764305 0.009761214256286621
v -0.004240809939801693 0.017708120867609978 0.008646844886243343
v -0.0029891720041632652 0.017712650820612907 0.00972586777061224
v -0.002533555030822754 0.01741402968764305 0.009761214256286621
v -0.002160130999982357 0.017714260146021843 0.011790149845182896
v -0.002533555030822754 0.01741402968764305 0.009761214256286621
v -0.001917063957080245 0.017415400594472885 0.012879719957709312
v -0.002160130999982357 0.017714260146021843 0.011790149845182896
v -0.008970022201538086 0.017535440623760223 0.009497939608991146
v -0.007441638968884945 0.01741354912519455 0.008155763149261475
v -0.00790250301361084 0.017712770029902458 0.008742332458496094
v -0.00790250301361084 0.017712770029902458 0.008742332458496094
v -0.007441638968884945 0.01741354912519455 0.008155763149261475
v -0.006165741942822933 0.01771925948560238 0.008206783793866634
v -0.007441638968884945 0.01741354912519455 0.008155763149261475
v -0.00479966402053833 0.017414269968867302 0.00804436206817627
v -0.006165741942822933 0.01771925948560238 0.008206783793866634
v -0.006165741942822933 0.01771925948560238 0.008206783793866634
v -0.00479966402053833 0.017414269968867302 0.00804436206817627
v -0.004240809939801693 0.017708120867609978 0.008646844886243343
v -0.002160130999982357 0.017714260146021843 0.011790149845182896
v -0.002761184936389327 0.01771288923919201 0.013935860246419907
v -0.0030623669736087322 0.02041316032409668 0.014486249536275864
v -0.002761184936389327 0.01771288923919201 0.013935860246419907
v -0.003756344085559249 0.017713120207190514 0.015033479779958725
v -0.0030623669736087322 0.02041316032409668 0.014486249536275864
v -0.0059996237978339195 0.02041316032409668 0.00820779800415039
v -0.004240809939801693 0.017708120867609978 0.008646844886243343
v -0.003617048030719161 0.02041316032409668 0.008978067897260189
v -0.006165741942822933 0.01771925948560238 0.008206783793866634
v -0.004240809939801693 0.017708120867609978 0.008646844886243343
v -0.0059996237978339195 0.02041316032409668 0.00820779800415039
v -0.0030623669736087322 0.02041316032409668 0.014486249536275864
v -0.003756344085559249 0.017713120207190514 0.015033479779958725
v -0.005244909785687923 0.02041316032409668 0.01571642979979515
v -0.003756344085559249 0.017713120207190514 0.015033479779958725
v -0.005418896209448576 0.017719140276312828 0.01575212925672531
v -0.005244909785687923 0.02041316032409668 0.01571642979979515
v -0.004240809939801693 0.017708120867609978 0.008646844886243343
v -0.0029891720041632652 0.017712650820612907 0.00972586777061224
v -0.003617048030719161 0.02041316032409668 0.008978067897260189
v -0.003617048030719161 0.02041316032409668 0.008978067897260189
v -0.0029891720041632652 0.017712650820612907 0.00972586777061224
v -0.002170562045648694 0.02041321061551571 0.011614440008997917
v -0.0029891720041632652 0.017712650820612907 0.00972586777061224
v -0.002160130999982357 0.017714260146021843 0.011790149845182896
v -0.002170562045648694 0.02041321061551571 0.011614440008997917
v -0.002170562045648694 0.02041321061551571 0.011614440008997917
v -0.002160130999982357 0.017714260146021843 0.011790149845182896
v -0.0030623669736087322 0.02041316032409668 0.014486249536275864
v -0.0030623669736087322 0.02041316032409668 0.014486249536275864
v -0.005244909785687923 0.02041316032409668 0.01571642979979515
v -0.006987034808844328 0.02041316032409668 0.015641620382666588
v -0.0030623669736087322 0.02041316032409668 0.014486249536275864
v -0.006987034808844328 0.02041316032409668 0.015641620382666588
v -0.008936882019042969 0.02041321061551571 0.014486249536275864
v -0.0030623669736087322 0.02041316032409668 0.014486249536275864
v -0.008936882019042969 0.02041321061551571 0.014486249536275864
v -0.009828627109527588 0.02041321061551571 0.011614440008997917
v -0.003617048030719161 0.02041316032409668 0.008978067897260189
v -0.0030623669736087322 0.02041316032409668 0.014486249536275864
v -0.009828627109527588 0.02041321061551571 0.011614440008997917
v -0.003617048030719161 0.02041316032409668 0.008978067897260189
v -0.009828627109527588 0.02041321061551571 0.011614440008997917
v -0.008382201194763184 0.02041316032409668 0.008978067897260189
v -0.003617048030719161 0.02041316032409668 0.008978067897260189
v -0.002170562045648694 0.02041321061551571 0.011614440008997917
v -0.0030623669736087322 0.02041316032409668 0.014486249536275864
v -0.003617048030719161 0.02041316032409668 0.008978067897260189
v -0.008382201194763184 0.02041316032409668 0.008978067897260189
v -0.0059996237978339195 0.02041316032409668 0.00820779800415039
v 0.002171336906030774 0.02041321061551571 0.011614440008997917
v 0.002471982967108488 0.01753764972090721 0.010274049825966358
v 0.003617763053625822 0.02041316032409668 0.008978067897260189
v 0.00675505306571722 0.02041316032409668 0.01571642979979515
v 0.006581007968634367 0.017719140276312828 0.01575212925672531
v 0.00501292897388339 0.02041316032409668 0.015641620382666588
v 0.006581007968634367 0.017719140276312828 0.01575212925672531
v 0.0044189090840518475 0.01771301031112671 0.015458519570529461
v 0.00501292897388339 0.02041316032409668 0.015641620382666588
v 0.002471982967108488 0.01753764972090721 0.010274049825966358
v 0.0040974607691168785 0.017712770029902458 0.008742332458496094
v 0.003617763053625822 0.02041316032409668 0.008978067897260189
v 0.00501292897388339 0.02041316032409668 0.015641620382666588
v 0.0044189090840518475 0.01771301031112671 0.015458519570529461
v 0.0030630819965153933 0.02041316032409668 0.014486249536275864
v 0.003617763053625822 0.02041316032409668 0.008978067897260189
v 0.0058342209085822105 0.01771925948560238 0.008206783793866634
v 0.006000339053571224 0.02041316032409668 0.00820779800415039
v 0.0040974607691168785 0.017712770029902458 0.008742332458496094
v 0.0058342209085822105 0.01771925948560238 0.008206783793866634
v 0.003617763053625822 0.02041316032409668 0.008978067897260189
v 0.0044189090840518475 0.01771301031112671 0.015458519570529461
v 0.002989887958392501 0.017712650820612907 0.014274059794843197
v 0.0030630819965153933 0.02041316032409668 0.014486249536275864
v 0.002989887958392501 0.017712650820612907 0.014274059794843197
v 0.002158104907721281 0.017602739855647087 0.012481859885156155
v 0.0030630819965153933 0.02041316032409668 0.014486249536275864
v 0.0030630819965153933 0.02041316032409668 0.014486249536275864
v 0.002158104907721281 0.017602739855647087 0.012481859885156155
v 0.002171336906030774 0.02041321061551571 0.011614440008997917
v 0.002158104907721281 0.017602739855647087 0.012481859885156155
v 0.002471982967108488 0.01753764972090721 0.010274049825966358
v 0.002171336906030774 0.02041321061551571 0.011614440008997917
v 0.0044189090840518475 0.01771301031112671 0.015458519570529461
v 0.0027787680737674236 0.017414739355444908 0.014643839560449123
v 0.002989887958392501 0.017712650820612907 0.014274059794843197
v 0.009967148303985596 0.0174139104783535 0.010863720439374447
v 0.009844422340393066 0.017413610592484474 0.013441969640552998
v 0.009839831851422787 0.017714260146021843 0.011790149845182896
v 0.009839831851422787 0.017714260146021843 0.011790149845182896
v 0.009844422340393066 0.017413610592484474 0.013441969640552998
v 0.009238719008862972 0.01771288923919201 0.013935860246419907
v 0.002989887958392501 0.017712650820612907 0.014274059794843197
v 0.0027787680737674236 0.017414739355444908 0.014643839560449123
v 0.002158104907721281 0.017602739855647087 0.012481859885156155
v 0.009844422340393066 0.017413610592484474 0.013441969640552998
v 0.008363068103790283 0.017593679949641228 0.015050170011818409
v 0.009238719008862972 0.01771288923919201 0.013935860246419907
v 0.008363068103790283 0.017593679949641228 0.015050170011818409
v 0.005933939944952726 0.017415039241313934 0.01617603935301304
v 0.006581007968634367 0.017719140276312828 0.01575212925672531
v 0.006581007968634367 0.017719140276312828 0.01575212925672531
v 0.005933939944952726 0.017415039241313934 0.01617603935301304
v 0.0044189090840518475 0.01771301031112671 0.015458519570529461
v 0.005933939944952726 0.017415039241313934 0.01617603935301304
v 0.0027787680737674236 0.017414739355444908 0.014643839560449123
v 0.0044189090840518475 0.01771301031112671 0.015458519570529461
v 0.00849610473960638 0.01741367019712925 0.008740006946027279
v 0.009844422340393066 0.017413610592484474 0.013441969640552998
v 0.009967148303985596 0.0174139104783535 0.010863720439374447
v 0.005933939944952726 0.017415039241313934 0.01617603935301304
v 0.009844422340393066 0.017413610592484474 0.013441969640552998
v 0.00849610473960638 0.01741367019712925 0.008740006946027279
v 0.005933939944952726 0.017415039241313934 0.01617603935301304
v 0.008363068103790283 0.017593679949641228 0.015050170011818409
v 0.009844422340393066 0.017413610592484474 0.013441969640552998
v 0.002471982967108488 0.01753764972090721 0.010274049825966358
v 0.0027787680737674236 0.017414739355444908 0.014643839560449123
v 0.004167317878454924 0.017414860427379608 0.00827723741531372
v 0.004167317878454924 0.017414860427379608 0.00827723741531372
v 0.0027787680737674236 0.017414739355444908 0.014643839560449123
v 0.006598711013793945 0.017413249239325523 0.007966159842908382
v 0.006598711013793945 0.017413249239325523 0.007966159842908382
v 0.005933939944952726 0.017415039241313934 0.01617603935301304
v 0.00849610473960638 0.01741367019712925 0.008740006946027279
v 0.0027787680737674236 0.017414739355444908 0.014643839560449123
v 0.005933939944952726 0.017415039241313934 0.01617603935301304
v 0.006598711013793945 0.017413249239325523 0.007966159842908382
v 0.002158104907721281 0.017602739855647087 0.012481859885156155
v 0.0027787680737674236 0.017414739355444908 0.014643839560449123
v 0.002471982967108488 0.01753764972090721 0.010274049825966358
v 0.006598711013793945 0.017413249239325523 0.007966159842908382
v 0.00849610473960638 0.01741367019712925 0.008740006946027279
v 0.007759152911603451 0.017708120867609978 0.008646844886243343
v 0.007759152911603451 0.017708120867609978 0.008646844886243343
v 0.00849610473960638 0.01741367019712925 0.008740006946027279
v 0.009010790847241879 0.017712650820612907 0.00972586777061224
v 0.00849610473960638 0.01741367019712925 0.008740006946027279
v 0.009967148303985596 0.0174139104783535 0.010863720439374447
v 0.009010790847241879 0.017712650820612907 0.00972586777061224
v 0.009010790847241879 0.017712650820612907 0.00972586777061224
v 0.009967148303985596 0.0174139104783535 0.010863720439374447
v 0.009839831851422787 0.017714260146021843 0.011790149845182896
v 0.002471982967108488 0.01753764972090721 0.010274049825966358
v 0.004167317878454924 0.017414860427379608 0.00827723741531372
v 0.0040974607691168785 0.017712770029902458 0.008742332458496094
v 0.0040974607691168785 0.017712770029902458 0.008742332458496094
v 0.004167317878454924 0.017414860427379608 0.00827723741531372
v 0.0058342209085822105 0.01771925948560238 0.008206783793866634
v 0.004167317878454924 0.017414860427379608 0.00827723741531372
v 0.006598711013793945 0.017413249239325523 0.007966159842908382
v 0.0058342209085822105 0.01771925948560238 0.008206783793866634
v 0.0058342209085822105 0.01771925948560238 0.008206783793866634
v 0.006598711013793945 0.017413249239325523 0.007966159842908382
v 0.007759152911603451 0.017708120867609978 0.008646844886243343
v 0.009839831851422787 0.017714260146021843 0.011790149845182896
v 0.009238719008862972 0.01771288923919201 0.013935860246419907
v 0.008937597274780273 0.02041316032409668 0.014486249536275864
v 0.009238719008862972 0.01771288923919201 0.013935860246419907
v 0.008363068103790283 0.017593679949641228 0.015050170011818409
v 0.008937597274780273 0.02041316032409668 0.014486249536275864
v 0.006000339053571224 0.02041316032409668 0.00820779800415039
v 0.007759152911603451 0.017708120867609978 0.008646844886243343
v 0.008382916450500488 0.02041316032409668 0.008978067897260189
v 0.0058342209085822105 0.01771925948560238 0.008206783793866634
v 0.007759152911603451 0.017708120867609978 0.008646844886243343
v 0.006000339053571224 0.02041316032409668 0.00820779800415039
v 0.008937597274780273 0.02041316032409668 0.014486249536275864
v 0.008363068103790283 0.017593679949641228 0.015050170011818409
v 0.00675505306571722 0.02041316032409668 0.01571642979979515
v 0.008363068103790283 0.017593679949641228 0.015050170011818409
v 0.006581007968634367 0.017719140276312828 0.01575212925672531
v 0.00675505306571722 0.02041316032409668 0.01571642979979515
v 0.007759152911603451 0.017708120867609978 0.008646844886243343
v 0.009010790847241879 0.017712650820612907 0.00972586777061224
v 0.008382916450500488 0.02041316032409668 0.008978067897260189
v 0.008382916450500488 0.02041316032409668 0.008978067897260189
v 0.009010790847241879 0.017712650820612907 0.00972586777061224
v 0.009829342365264893 0.02041321061551571 0.011614440008997917
v 0.009010790847241879 0.017712650820612907 0.00972586777061224
v 0.009839831851422787 0.017714260146021843 0.011790149845182896
v 0.009829342365264893 0.02041321061551571 0.011614440008997917
v 0.009829342365264893 0.02041321061551571 0.011614440008997917
v 0.009839831851422787 0.017714260146021843 0.011790149845182896
v 0.008937597274780273 0.02041316032409668 0.014486249536275864
v 0.003617763053625822 0.02041316032409668 0.008978067897260189
v 0.0030630819965153933 0.02041316032409668 0.014486249536275864
v 0.002171336906030774 0.02041321061551571 0.011614440008997917
v 0.008382916450500488 0.02041316032409668 0.008978067897260189
v 0.00675505306571722 0.02041316032409668 0.01571642979979515
v 0.00501292897388339 0.02041316032409668 0.015641620382666588
v 0.008382916450500488 0.02041316032409668 0.008978067897260189
v 0.008937597274780273 0.02041316032409668 0.014486249536275864
v 0.00675505306571722 0.02041316032409668 0.01571642979979515
v 0.008382916450500488 0.02041316032409668 0.008978067897260189
v 0.009829342365264893 0.02041321061551571 0.011614440008997917
v 0.008937597274780273 0.02041316032409668 0.014486249536275864
v 0.008382916450500488 0.02041316032409668 0.008978067897260189
v 0.00501292897388339 0.02041316032409668 0.015641620382666588
v 0.006000339053571224 0.02041316032409668 0.00820779800415039
v 0.006000339053571224 0.02041316032409668 0.00820779800415039
v 0.00501292897388339 0.02041316032409668 0.015641620382666588
v 0.0030630819965153933 0.02041316032409668 0.014486249536275864
v 0.006000339053571224 0.02041316032409668 0.00820779800415039
v 0.0030630819965153933 0.02041316032409668 0.014486249536275864
v 0.003617763053625822 0.02041316032409668 0.008978067897260189
vn -0.6173207537488962 -0.6997167812068928 -0.35959910051105526
vn -0.6173207537488962 -0.6997167812068928 -0.35959910051105526
vn -0.6173207537488962 -0.6997167812068928 -0.35959910051105526
vn -0.3576143130081907 -0.7070459810713621 -0.6100803092892892
vn -0.3576143130081907 -0.7070459810713621 -0.6100803092892892
vn -0.3576143130081907 -0.7070459810713621 -0.6100803092892892
vn -0.05557464581170775 -0.6977122737023291 -0.7142191833520223
vn -0.05557464581170775 -0.6977122737023291 -0.7142191833520223
vn -0.05557464581170775 -0.6977122737023291 -0.7142191833520223
vn 0.3884153911342535 -0.7004420665697434 -0.5987607162377404
vn 0.3884153911342535 -0.7004420665697434 -0.5987607162377404
vn 0.3884153911342535 -0.7004420665697434 -0.5987607162377404
vn 0.6412797689271313 -0.6994921694904731 -0.31539017547519876
vn 0.6412797689271313 -0.6994921694904731 -0.31539017547519876
vn 0.6412797689271313 -0.6994921694904731 -0.31539017547519876
vn -0.00003804529895160302 -0.02722053826311829 0.9996294517716159
vn -0.00003804529895160302 -0.02722053826311829 0.9996294517716159
vn -0.00003804529895160302 -0.02722053826311829 0.9996294517716159
vn -0.0016237489941691632 -0.0017366399557405545 0.9999971737564401
vn -0.0016237489941691632 -0.0017366399557405545 0.9999971737564401
vn -0.0016237489941691632 -0.0017366399557405545 0.9999971737564401
vn -0.0013856289253291734 0.9999967676848978 0.002131818997414815
vn -0.0013856289253291734 0.9999967676848978 0.002131818997414815
vn -0.0013856289253291734 0.9999967676848978 0.002131818997414815
vn -0.000029408199558043583 0.9996800822711208 0.025292928766013432
vn -0.000029408199558043583 0.9996800822711208 0.025292928766013432
vn -0.000029408199558043583 0.9996800822711208 0.025292928766013432
vn -0.9997307309243905 -0.02070354907721877 0.010479918940108263
vn -0.9997307309243905 -0.02070354907721877 0.010479918940108263
vn -0.9997307309243905 -0.02070354907721877 0.010479918940108263
vn -0.9964919269337856 -0.05960284280593287 0.058748112184494494
vn -0.9964919269337856 -0.05960284280593287 0.058748112184494494
vn -0.9964919269337856 -0.05960284280593287 0.058748112184494494
vn -0.9995004417898317 -0.02282529856408142 0.02186029751380177
vn -0.9995004417898317 -0.02282529856408142 0.02186029751380177
vn -0.9995004417898317 -0.02282529856408142 0.02186029751380177
vn -0.9997316832104102 -0.02303813824155496 0.0024095168899304718
vn -0.9997316832104102 -0.02303813824155496 0.0024095168899304718
vn -0.9997316832104102 -0.02303813824155496 0.0024095168899304718
vn -0.9999710416213788 0.00010359299729286783 -0.0076095457910095
vn -0.9999710416213788 0.00010359299729286783 -0.0076095457910095
vn -0.9999710416213788 0.00010359299729286783 -0.0076095457910095
vn -0.9871178927400254 0.014389449820846983 0.15934619407549497
vn -0.9871178927400254 0.014389449820846983 0.15934619407549497
vn -0.9871178927400254 0.014389449820846983 0.15934619407549497
vn -0.9997745268341728 0.011600970420623597 0.017785189872638923
vn -0.9997745268341728 0.011600970420623597 0.017785189872638923
vn -0.9997745268341728 0.011600970420623597 0.017785189872638923
vn -0.9955216049194634 0.000606524932605803 0.09453235565710755
vn -0.9955216049194634 0.000606524932605803 0.09453235565710755
vn -0.9955216049194634 0.000606524932605803 0.09453235565710755
vn -0.9998694936441134 0 -0.016155360716005214
vn -0.9998694936441134 0 -0.016155360716005214
vn -0.9998694936441134 0 -0.016155360716005214
vn -0.9992001268270668 0.01117812958934722 0.03839473880179162
vn -0.9992001268270668 0.01117812958934722 0.03839473880179162
vn -0.9992001268270668 0.01117812958934722 0.03839473880179162
vn -0.9936027985901533 0.0631712517372786 0.09361021091612004
vn -0.9936027985901533 0.0631712517372786 0.09361021091612004
vn -0.9936027985901533 0.0631712517372786 0.09361021091612004
vn -0.9989077311057601 0 -0.04672627459088174
vn -0.9989077311057601 0 -0.04672627459088174
vn -0.9989077311057601 0 -0.04672627459088174
vn -0.9983385062332846 -0.000944457992893343 -0.057613670001080884
vn -0.9983385062332846 -0.000944457992893343 -0.057613670001080884
vn -0.9983385062332846 -0.000944457992893343 -0.057613670001080884
vn -0.9994638495665694 0.020538147402172892 0.02549897862386811
vn -0.9994638495665694 0.020538147402172892 0.02549897862386811
vn -0.9994638495665694 0.020538147402172892 0.02549897862386811
vn 0.02691905814294896 -0.07772468934372494 0.9966113771049967
vn 0.02691905814294896 -0.07772468934372494 0.9966113771049967
vn 0.02691905814294896 -0.07772468934372494 0.9966113771049967
vn -0.00007579249411429192 -0.039441757177124497 0.9992218682786516
vn -0.00007579249411429192 -0.039441757177124497 0.9992218682786516
vn -0.00007579249411429192 -0.039441757177124497 0.9992218682786516
vn -0.0005396869360845833 -0.042738724325915606 0.9990861375181844
vn -0.0005396869360845833 -0.042738724325915606 0.9990861375181844
vn -0.0005396869360845833 -0.042738724325915606 0.9990861375181844
vn -0.024650448659296637 -0.077550402911946 0.9966836460929266
vn -0.024650448659296637 -0.077550402911946 0.9966836460929266
vn -0.024650448659296637 -0.077550402911946 0.9966836460929266
vn -0.012401458798244402 -0.0005804739189757049 0.9999229304649959
vn -0.012401458798244402 -0.0005804739189757049 0.9999229304649959
vn -0.012401458798244402 -0.0005804739189757049 0.9999229304649959
vn 0.004887758778039166 -0.045819215700046184 0.9989377904988681
vn 0.004887758778039166 -0.045819215700046184 0.9989377904988681
vn 0.004887758778039166 -0.045819215700046184 0.9989377904988681
vn -0.0008452579931865774 0.04984575051570528 0.998756570288502
vn -0.0008452579931865774 0.04984575051570528 0.998756570288502
vn -0.0008452579931865774 0.04984575051570528 0.998756570288502
vn -0.011342398885149296 -0.030478228052439684 0.9994710739197576
vn -0.011342398885149296 -0.030478228052439684 0.9994710739197576
vn -0.011342398885149296 -0.030478228052439684 0.9994710739197576
vn 0.014591748990552855 -0.9997452610083783 0.01721899975858557
vn 0.014591748990552855 -0.9997452610083783 0.01721899975858557
vn 0.014591748990552855 -0.9997452610083783 0.01721899975858557
vn 0 -0.9996349761215253 0.027016930146066556
vn 0 -0.9996349761215253 0.027016930146066556
vn 0 -0.9996349761215253 0.027016930146066556
vn -0.004865527194940022 -0.9987397876013749 0.04995160965450007
vn -0.004865527194940022 -0.9987397876013749 0.04995160965450007
vn -0.004865527194940022 -0.9987397876013749 0.04995160965450007
vn -0.014545729036139567 -0.9996187447981211 0.023468847756885486
vn -0.014545729036139567 -0.9996187447981211 0.023468847756885486
vn -0.014545729036139567 -0.9996187447981211 0.023468847756885486
vn 0.0005549089840126884 -0.9995223622275548 -0.030898858928257267
vn 0.0005549089840126884 -0.9995223622275548 -0.030898858928257267
vn 0.0005549089840126884 -0.9995223622275548 -0.030898858928257267
vn 0 -0.9996693594940751 -0.02571325900592619
vn 0 -0.9996693594940751 -0.02571325900592619
vn 0 -0.9996693594940751 -0.02571325900592619
vn 0.015024659756368434 0.9998335572925968 0.010349749312756562
vn 0.015024659756368434 0.9998335572925968 0.010349749312756562
vn 0.015024659756368434 0.9998335572925968 0.010349749312756562
vn 0.004553615677932576 0.9990092132021736 0.04427026678744895
vn 0.004553615677932576 0.9990092132021736 0.04427026678744895
vn 0.004553615677932576 0.9990092132021736 0.04427026678744895
vn -0.0030794136167777045 0.9999590345915141 0.008511542197751888
vn -0.0030794136167777045 0.9999590345915141 0.008511542197751888
vn -0.0030794136167777045 0.9999590345915141 0.008511542197751888
vn -0.009448764853276528 0.9996370681164707 0.025228017961269375
vn -0.009448764853276528 0.9996370681164707 0.025228017961269375
vn -0.009448764853276528 0.9996370681164707 0.025228017961269375
vn 0.0011125200038455336 0.999331004298119 -0.03655552144004726
vn 0.0011125200038455336 0.999331004298119 -0.03655552144004726
vn 0.0011125200038455336 0.999331004298119 -0.03655552144004726
vn -0.0030885326635446495 0.9999885395159633 0.0036581146396814507
vn -0.0030885326635446495 0.9999885395159633 0.0036581146396814507
vn -0.0030885326635446495 0.9999885395159633 0.0036581146396814507
vn -0.00453740319166556 0.04749792146451414 0.9988610310893238
vn -0.00453740319166556 0.04749792146451414 0.9988610310893238
vn -0.00453740319166556 0.04749792146451414 0.9988610310893238
vn 0.00008049189402252189 0.033540300046949904 0.9994373626164952
vn 0.00008049189402252189 0.033540300046949904 0.9994373626164952
vn 0.00008049189402252189 0.033540300046949904 0.9994373626164952
vn 0.0009264699351013355 -0.0008094389487276958 -0.9999992432307374
vn 0.0009264699351013355 -0.0008094389487276958 -0.9999992432307374
vn 0.0009264699351013355 -0.0008094389487276958 -0.9999992432307374
vn -0.0014566768322187506 0.00127273690269847 -0.9999981291149413
vn -0.0014566768322187506 0.00127273690269847 -0.9999981291149413
vn -0.0014566768322187506 0.00127273690269847 -0.9999981291149413
vn 0.0019685020362845466 -0.9998665891886371 0.016215080142086676
vn 0.0019685020362845466 -0.9998665891886371 0.016215080142086676
vn 0.0019685020362845466 -0.9998665891886371 0.016215080142086676
vn -0.001822232821965405 -0.9999466380050314 0.010168609048300739
vn -0.001822232821965405 -0.9999466380050314 0.010168609048300739
vn -0.001822232821965405 -0.9999466380050314 0.010168609048300739
vn -0.002167819957453684 0.007191955904883971 0.9999717877654819
vn -0.002167819957453684 0.007191955904883971 0.9999717877654819
vn -0.002167819957453684 0.007191955904883971 0.9999717877654819
vn 0.002324878535581191 -0.021308176811623416 0.9997702518782798
vn 0.002324878535581191 -0.021308176811623416 0.9997702518782798
vn 0.002324878535581191 -0.021308176811623416 0.9997702518782798
vn 0.9947001347995312 0.05414347728564298 0.08740781256394596
vn 0.9947001347995312 0.05414347728564298 0.08740781256394596
vn 0.9947001347995312 0.05414347728564298 0.08740781256394596
vn 0.9991513730548728 0.0005236989944240734 -0.04118567058973098
vn 0.9991513730548728 0.0005236989944240734 -0.04118567058973098
vn 0.9991513730548728 0.0005236989944240734 -0.04118567058973098
vn 0.9986063741724406 -0.0005020859486443576 -0.05277364277621887
vn 0.9986063741724406 -0.0005020859486443576 -0.05277364277621887
vn 0.9986063741724406 -0.0005020859486443576 -0.05277364277621887
vn 0.9996371590497284 -0.02062957490899499 0.017319667608308692
vn 0.9996371590497284 -0.02062957490899499 0.017319667608308692
vn 0.9996371590497284 -0.02062957490899499 0.017319667608308692
vn 0.9995318906473417 0.01956760001983128 0.02351826116902176
vn 0.9995318906473417 0.01956760001983128 0.02351826116902176
vn 0.9995318906473417 0.01956760001983128 0.02351826116902176
vn 0.9964924722740821 -0.0595934854086932 0.05874835485297962
vn 0.9964924722740821 -0.0595934854086932 0.05874835485297962
vn 0.9964924722740821 -0.0595934854086932 0.05874835485297962
vn 0.999850100756613 -0.017307158671004828 -0.00048813494818748685
vn 0.999850100756613 -0.017307158671004828 -0.00048813494818748685
vn 0.999850100756613 -0.017307158671004828 -0.00048813494818748685
vn 0.999854100422379 -0.017071297607255728 -0.000590479940162304
vn 0.999854100422379 -0.017071297607255728 -0.000590479940162304
vn 0.999854100422379 -0.017071297607255728 -0.000590479940162304
vn 0.9990534272730317 -0.017026780320377178 0.04002921690378945
vn 0.9990534272730317 -0.017026780320377178 0.04002921690378945
vn 0.9990534272730317 -0.017026780320377178 0.04002921690378945
vn 0.9873024747950958 0.012326768507895283 0.15837257982880681
vn 0.9873024747950958 0.012326768507895283 0.15837257982880681
vn 0.9873024747950958 0.012326768507895283 0.15837257982880681
vn 0.9928980631012088 -0.016749080542638056 0.11778329504154705
vn 0.9928980631012088 -0.016749080542638056 0.11778329504154705
vn 0.9928980631012088 -0.016749080542638056 0.11778329504154705
vn 0.9937261676145919 0.015597929765383232 -0.11074749832411634
vn 0.9937261676145919 0.015597929765383232 -0.11074749832411634
vn 0.9937261676145919 0.015597929765383232 -0.11074749832411634
vn 0.9998601745502308 0.0005162740162638441 -0.01671420980848944
vn 0.9998601745502308 0.0005162740162638441 -0.01671420980848944
vn 0.9998601745502308 0.0005162740162638441 -0.01671420980848944
vn 0.9991795639893993 0.01174085799290276 0.038760174916332574
vn 0.9991795639893993 0.01174085799290276 0.038760174916332574
vn 0.9991795639893993 0.01174085799290276 0.038760174916332574
vn 0.04515849846331603 -0.009151576182965077 0.9989379153230223
vn 0.04515849846331603 -0.009151576182965077 0.9989379153230223
vn 0.04515849846331603 -0.009151576182965077 0.9989379153230223
vn 0.010342289646778722 0.012571030239408998 0.9998674943429163
vn 0.010342289646778722 0.012571030239408998 0.9998674943429163
vn 0.010342289646778722 0.012571030239408998 0.9998674943429163
vn -0.0066764947466176955 0.036078211660698536 0.9993266668418611
vn -0.0066764947466176955 0.036078211660698536 0.9993266668418611
vn -0.0066764947466176955 0.036078211660698536 0.9993266668418611
vn 0.9141237629539145 0.3957399977957448 -0.088133989740617
vn 0.9141237629539145 0.3957399977957448 -0.088133989740617
vn 0.9141237629539145 0.3957399977957448 -0.088133989740617
vn 0.6350728958790056 0.771922539604345 0.02860087010271392
vn 0.6350728958790056 0.771922539604345 0.02860087010271392
vn 0.6350728958790056 0.771922539604345 0.02860087010271392
vn 0.616693983020115 0.7850794912845432 0.05778168975712923
vn 0.616693983020115 0.7850794912845432 0.05778168975712923
vn 0.616693983020115 0.7850794912845432 0.05778168975712923
vn 0.997445056000421 0.06390476285100721 0.03193026065150955
vn 0.997445056000421 0.06390476285100721 0.03193026065150955
vn 0.997445056000421 0.06390476285100721 0.03193026065150955
vn 0.9947919461466529 0.08216506417797723 0.06031489128220109
vn 0.9947919461466529 0.08216506417797723 0.06031489128220109
vn 0.9947919461466529 0.08216506417797723 0.06031489128220109
vn 0.0597535227798077 0.9982016170594317 -0.004800855688180063
vn 0.0597535227798077 0.9982016170594317 -0.004800855688180063
vn 0.0597535227798077 0.9982016170594317 -0.004800855688180063
vn 0.07612388613391227 0.9967961353705548 0.024548288539077506
vn 0.07612388613391227 0.9967961353705548 0.024548288539077506
vn 0.07612388613391227 0.9967961353705548 0.024548288539077506
vn -0.006453334493093857 -0.037330319047707165 0.9992821432176783
vn -0.006453334493093857 -0.037330319047707165 0.9992821432176783
vn -0.006453334493093857 -0.037330319047707165 0.9992821432176783
vn 0.04496627640106342 0.009730396720016408 0.9989411160655538
vn 0.04496627640106342 0.009730396720016408 0.9989411160655538
vn 0.04496627640106342 0.009730396720016408 0.9989411160655538
vn 0.010949309293404458 -0.01204328924923709 0.9998675271304976
vn 0.010949309293404458 -0.01204328924923709 0.9998675271304976
vn 0.010949309293404458 -0.01204328924923709 0.9998675271304976
vn 0.669968402980707 -0.7369018537412586 0.09009992763691714
vn 0.669968402980707 -0.7369018537412586 0.09009992763691714
vn 0.669968402980707 -0.7369018537412586 0.09009992763691714
vn 0.7559791717781197 -0.6525620148219975 -0.05155878828214592
vn 0.7559791717781197 -0.6525620148219975 -0.05155878828214592
vn 0.7559791717781197 -0.6525620148219975 -0.05155878828214592
vn 0.07367103504777531 -0.9971507134701573 -0.01621829895352117
vn 0.07367103504777531 -0.9971507134701573 -0.01621829895352117
vn 0.07367103504777531 -0.9971507134701573 -0.01621829895352117
vn 0.04523347337210611 -0.9984308523239033 0.03301160423940715
vn 0.04523347337210611 -0.9984308523239033 0.03301160423940715
vn 0.04523347337210611 -0.9984308523239033 0.03301160423940715
vn 0.9974094760312903 -0.07126808260125571 0.009756921918712498
vn 0.9974094760312903 -0.07126808260125571 0.009756921918712498
vn 0.9974094760312903 -0.07126808260125571 0.009756921918712498
vn 0.9968821807553911 -0.07878314549708344 -0.004374205980630559
vn 0.9968821807553911 -0.07878314549708344 -0.004374205980630559
vn 0.9968821807553911 -0.07878314549708344 -0.004374205980630559
vn -0.046534237893731796 -0.009697019408695334 0.9988696273879974
vn -0.046534237893731796 -0.009697019408695334 0.9988696273879974
vn -0.046534237893731796 -0.009697019408695334 0.9988696273879974
vn 0.003585040045532774 0.0318100410013975 0.9994875030631255
vn 0.003585040045532774 0.0318100410013975 0.9994875030631255
vn 0.003585040045532774 0.0318100410013975 0.9994875030631255
vn -0.01030497930234455 0.012622949046688496 0.9998672254649329
vn -0.01030497930234455 0.012622949046688496 0.9998672254649329
vn -0.01030497930234455 0.012622949046688496 0.9998672254649329
vn -0.6320470777547643 0.7742157830841049 0.033262782883113406
vn -0.6320470777547643 0.7742157830841049 0.033262782883113406
vn -0.6320470777547643 0.7742157830841049 0.033262782883113406
vn -0.6164937833309854 0.7852314392130455 0.05785327981763497
vn -0.6164937833309854 0.7852314392130455 0.05785327981763497
vn -0.6164937833309854 0.7852314392130455 0.05785327981763497
vn -0.9135053288063152 0.3972690162084835 -0.08766608810258154
vn -0.9135053288063152 0.3972690162084835 -0.08766608810258154
vn -0.9135053288063152 0.3972690162084835 -0.08766608810258154
vn -0.071365042897467 0.997325352062144 -0.015785207834027516
vn -0.071365042897467 0.997325352062144 -0.015785207834027516
vn -0.071365042897467 0.997325352062144 -0.015785207834027516
vn -0.06973493184563384 0.9974779012694144 -0.013224059877720398
vn -0.06973493184563384 0.9974779012694144 -0.013224059877720398
vn -0.06973493184563384 0.9974779012694144 -0.013224059877720398
vn -0.997300002484792 0.06351981889482171 0.03685020558155422
vn -0.997300002484792 0.06351981889482171 0.03685020558155422
vn -0.997300002484792 0.06351981889482171 0.03685020558155422
vn -0.9949858587087519 0.07914488605448183 0.061149227149904575
vn -0.9949858587087519 0.07914488605448183 0.061149227149904575
vn -0.9949858587087519 0.07914488605448183 0.061149227149904575
vn 0.006362854686026603 -0.04335837935886532 0.9990393210577936
vn 0.006362854686026603 -0.04335837935886532 0.9990393210577936
vn 0.006362854686026603 -0.04335837935886532 0.9990393210577936
vn 0 0 1
vn 0 0 1
vn 0 0 1
vn -0.012123458936540541 -0.01160119931727045 0.9998592070475797
vn -0.012123458936540541 -0.01160119931727045 0.9998592070475797
vn -0.012123458936540541 -0.01160119931727045 0.9998592070475797
vn -0.04727255668229063 0.009681223196322636 0.998835111168076
vn -0.04727255668229063 0.009681223196322636 0.998835111168076
vn -0.04727255668229063 0.009681223196322636 0.998835111168076
vn -0.8725090256969491 -0.4809786506189788 0.0859507866520555
vn -0.8725090256969491 -0.4809786506189788 0.0859507866520555
vn -0.8725090256969491 -0.4809786506189788 0.0859507866520555
vn -0.7466657775472493 -0.6630427853101409 -0.053520850964199965
vn -0.7466657775472493 -0.6630427853101409 -0.053520850964199965
vn -0.7466657775472493 -0.6630427853101409 -0.053520850964199965
vn -0.5349151954183289 -0.8368086605282113 0.11669189935703288
vn -0.5349151954183289 -0.8368086605282113 0.11669189935703288
vn -0.5349151954183289 -0.8368086605282113 0.11669189935703288
vn -0.9987595672771783 -0.046898715176420976 0.01672833784643565
vn -0.9987595672771783 -0.046898715176420976 0.01672833784643565
vn -0.9987595672771783 -0.046898715176420976 0.01672833784643565
vn -0.9982018010557973 -0.05984859995032518 -0.003362953010145119
vn -0.9982018010557973 -0.05984859995032518 -0.003362953010145119
vn -0.9982018010557973 -0.05984859995032518 -0.003362953010145119
vn -0.06805241102857935 -0.9975442282855574 -0.016564479085352184
vn -0.06805241102857935 -0.9975442282855574 -0.016564479085352184
vn -0.06805241102857935 -0.9975442282855574 -0.016564479085352184
vn -0.05555498007978349 -0.9984474457158646 0.0040425650026341894
vn -0.05555498007978349 -0.9984474457158646 0.0040425650026341894
vn -0.05555498007978349 -0.9984474457158646 0.0040425650026341894
vn 0.0008890699746726966 -0.546599681146442 0.8373935742082023
vn 0.0008890699746726966 -0.546599681146442 0.8373935742082023
vn 0.0008890699746726966 -0.546599681146442 0.8373935742082023
vn 0.0005330589424704754 -0.5509775220189016 0.8345199135299735
vn 0.0005330589424704754 -0.5509775220189016 0.8345199135299735
vn 0.0005330589424704754 -0.5509775220189016 0.8345199135299735
vn 0.004123806028388153 0.6375476727658758 0.7703998696616299
vn 0.004123806028388153 0.6375476727658758 0.7703998696616299
vn 0.004123806028388153 0.6375476727658758 0.7703998696616299
vn -0.010490709118285185 0.8228655562485763 0.5681392622957129
vn -0.010490709118285185 0.8228655562485763 0.5681392622957129
vn -0.010490709118285185 0.8228655562485763 0.5681392622957129
vn -0.0025182360369529347 0.710688082311803 0.7035027421035642
vn -0.0025182360369529347 0.710688082311803 0.7035027421035642
vn -0.0025182360369529347 0.710688082311803 0.7035027421035642
vn 0.003334282852095976 0.6536505133481811 0.7567891971728463
vn 0.003334282852095976 0.6536505133481811 0.7567891971728463
vn 0.003334282852095976 0.6536505133481811 0.7567891971728463
vn -0.0038886067996466386 -0.6640310896040342 0.7476948513775102
vn -0.0038886067996466386 -0.6640310896040342 0.7476948513775102
vn -0.0038886067996466386 -0.6640310896040342 0.7476948513775102
vn 0.0031830654417509666 -0.7358401999433549 0.6771477447660273
vn 0.0031830654417509666 -0.7358401999433549 0.6771477447660273
vn 0.0031830654417509666 -0.7358401999433549 0.6771477447660273
vn -0.016732627810107037 0.8151548047226148 0.5790014365303457
vn -0.016732627810107037 0.8151548047226148 0.5790014365303457
vn -0.016732627810107037 0.8151548047226148 0.5790014365303457
vn -0.37363600265180164 0.4680294932202361 0.8008398909884494
vn -0.37363600265180164 0.4680294932202361 0.8008398909884494
vn -0.37363600265180164 0.4680294932202361 0.8008398909884494
vn -0.7724587201866783 0.6221879624503622 0.12723861438032696
vn -0.7724587201866783 0.6221879624503622 0.12723861438032696
vn -0.7724587201866783 0.6221879624503622 0.12723861438032696
vn -0.5668748599920491 0.24455317780456215 0.7866680598160096
vn -0.5668748599920491 0.24455317780456215 0.7866680598160096
vn -0.5668748599920491 0.24455317780456215 0.7866680598160096
vn -0.6982627985810008 0.012885329089808495 0.7157255286854565
vn -0.6982627985810008 0.012885329089808495 0.7157255286854565
vn -0.6982627985810008 0.012885329089808495 0.7157255286854565
vn -0.9592375193258637 0.0643480422393081 0.27517759897479205
vn -0.9592375193258637 0.0643480422393081 0.27517759897479205
vn -0.9592375193258637 0.0643480422393081 0.27517759897479205
vn -0.7147100718745083 0.6993145494317818 0.012193199504609134
vn -0.7147100718745083 0.6993145494317818 0.012193199504609134
vn -0.7147100718745083 0.6993145494317818 0.012193199504609134
vn -0.4388056394782637 0.8982897395420059 0.022916251779636094
vn -0.4388056394782637 0.8982897395420059 0.022916251779636094
vn -0.4388056394782637 0.8982897395420059 0.022916251779636094
vn -0.5722143440554027 0.616484619457881 0.540848831402192
vn -0.5722143440554027 0.616484619457881 0.540848831402192
vn -0.5722143440554027 0.616484619457881 0.540848831402192
vn 0.7010006937302875 0.001137076998777199 0.7131596836933187
vn 0.7010006937302875 0.001137076998777199 0.7131596836933187
vn 0.7010006937302875 0.001137076998777199 0.7131596836933187
vn 0.571668453030016 0.24720157984121185 0.7823596096005196
vn 0.571668453030016 0.24720157984121185 0.7823596096005196
vn 0.571668453030016 0.24720157984121185 0.7823596096005196
vn 0.77601077724074 0.6250860896609032 0.08411096313004704
vn 0.77601077724074 0.6250860896609032 0.08411096313004704
vn 0.77601077724074 0.6250860896609032 0.08411096313004704
vn 0.36567858234034495 0.46466297384590355 0.8064536534446579
vn 0.36567858234034495 0.46466297384590355 0.8064536534446579
vn 0.36567858234034495 0.46466297384590355 0.8064536534446579
vn 0.01790194997716964 0.7870997959175008 0.6165658370795802
vn 0.01790194997716964 0.7870997959175008 0.6165658370795802
vn 0.01790194997716964 0.7870997959175008 0.6165658370795802
vn -0.8352043485418222 -0.39118316098548156 0.38653516106330793
vn -0.8352043485418222 -0.39118316098548156 0.38653516106330793
vn -0.8352043485418222 -0.39118316098548156 0.38653516106330793
vn 0.8707775901787463 0.05801950655796192 0.48824187172063194
vn 0.8707775901787463 0.05801950655796192 0.48824187172063194
vn 0.8707775901787463 0.05801950655796192 0.48824187172063194
vn -0.6089325450320563 -0.027816347335209598 0.792734133503604
vn -0.6089325450320563 -0.027816347335209598 0.792734133503604
vn -0.6089325450320563 -0.027816347335209598 0.792734133503604
vn 0.820658707844755 0.39206529813466257 0.41569710996969317
vn 0.820658707844755 0.39206529813466257 0.41569710996969317
vn 0.820658707844755 0.39206529813466257 0.41569710996969317
vn 0.5498747699864498 0.8344167876144754 -0.03723388080080482
vn 0.5498747699864498 0.8344167876144754 -0.03723388080080482
vn 0.5498747699864498 0.8344167876144754 -0.03723388080080482
vn 0.7022115696960375 0.7118431439991303 0.013351019678690368
vn 0.7022115696960375 0.7118431439991303 0.013351019678690368
vn 0.7022115696960375 0.7118431439991303 0.013351019678690368
vn 0.7825588579920849 0.6225079294817311 0.009247243399631767
vn 0.7825588579920849 0.6225079294817311 0.009247243399631767
vn 0.7825588579920849 0.6225079294817311 0.009247243399631767
vn 0.6339414481094188 0.5412511625200934 0.5524177942821722
vn 0.6339414481094188 0.5412511625200934 0.5524177942821722
vn 0.6339414481094188 0.5412511625200934 0.5524177942821722
vn 0.8252529707287442 -0.3975812891720099 0.4011067847889202
vn 0.8252529707287442 -0.3975812891720099 0.4011067847889202
vn 0.8252529707287442 -0.3975812891720099 0.4011067847889202
vn 0.629023318491638 -0.02652961036659749 0.7769336165770945
vn 0.629023318491638 -0.02652961036659749 0.7769336165770945
vn 0.629023318491638 -0.02652961036659749 0.7769336165770945
vn 0.7685623104735066 -0.030744125809710882 0.639035815622115
vn 0.7685623104735066 -0.030744125809710882 0.639035815622115
vn 0.7685623104735066 -0.030744125809710882 0.639035815622115
vn 0.389451307626118 -0.4363483032439075 0.8111275098555527
vn 0.389451307626118 -0.4363483032439075 0.8111275098555527
vn 0.389451307626118 -0.4363483032439075 0.8111275098555527
vn -0.003141819762256442 -0.00006498250211923171 -0.9999950623607378
vn -0.003141819762256442 -0.00006498250211923171 -0.9999950623607378
vn -0.003141819762256442 -0.00006498250211923171 -0.9999950623607378
vn 0.020688347767396247 0.03777193696055964 -0.9990722061217111
vn 0.020688347767396247 0.03777193696055964 -0.9990722061217111
vn 0.020688347767396247 0.03777193696055964 -0.9990722061217111
vn -0.000336067002068846 0.8681395253248915 0.49632011003750615
vn -0.000336067002068846 0.8681395253248915 0.49632011003750615
vn -0.000336067002068846 0.8681395253248915 0.49632011003750615
vn 0.0022062060874195946 0.8693922156278674 0.49411770668573224
vn 0.0022062060874195946 0.8693922156278674 0.49411770668573224
vn 0.0022062060874195946 0.8693922156278674 0.49411770668573224
vn 0.0008464119243992241 0.07534264099033637 0.9971573446730738
vn 0.0008464119243992241 0.07534264099033637 0.9971573446730738
vn 0.0008464119243992241 0.07534264099033637 0.9971573446730738
vn 0.000016739199420326186 0.06366979469952626 0.9979710201016457
vn 0.000016739199420326186 0.06366979469952626 0.9979710201016457
vn 0.000016739199420326186 0.06366979469952626 0.9979710201016457
vn -0.08732438290257073 0.9910643926940175 0.10082569952508746
vn -0.08732438290257073 0.9910643926940175 0.10082569952508746
vn -0.08732438290257073 0.9910643926940175 0.10082569952508746
vn -0.002960800704515783 0.9995300327714044 0.030511428140675523
vn -0.002960800704515783 0.9995300327714044 0.030511428140675523
vn -0.002960800704515783 0.9995300327714044 0.030511428140675523
vn -0.0010228749899161606 0.9997115430076846 0.023995510078954767
vn -0.0010228749899161606 0.9997115430076846 0.023995510078954767
vn -0.0010228749899161606 0.9997115430076846 0.023995510078954767
vn 0.000023845599241388704 0.9999999861622 -0.00016464199642996508
vn 0.000023845599241388704 0.9999999861622 -0.00016464199642996508
vn 0.000023845599241388704 0.9999999861622 -0.00016464199642996508
vn -0.00004062079805546393 0.9999999953322327 -0.00008766689966257244
vn -0.00004062079805546393 0.9999999953322327 -0.00008766689966257244
vn -0.00004062079805546393 0.9999999953322327 -0.00008766689966257244
vn 0.05079007020483227 0.9952878700687724 0.08259796887668955
vn 0.05079007020483227 0.9952878700687724 0.08259796887668955
vn 0.05079007020483227 0.9952878700687724 0.08259796887668955
vn -0.002142011606617573 0.005291460431455582 0.9999837059836422
vn -0.002142011606617573 0.005291460431455582 0.9999837059836422
vn -0.002142011606617573 0.005291460431455582 0.9999837059836422
vn -0.009764372159154537 -0.012767548395673928 0.9998708150277723
vn -0.009764372159154537 -0.012767548395673928 0.9998708150277723
vn -0.009764372159154537 -0.012767548395673928 0.9998708150277723
vn -0.0002909660022219121 -0.9998710461826698 0.016056349035790396
vn -0.0002909660022219121 -0.9998710461826698 0.016056349035790396
vn -0.0002909660022219121 -0.9998710461826698 0.016056349035790396
vn -0.011950069309368573 -0.9999072720960246 0.006530164851501827
vn -0.011950069309368573 -0.9999072720960246 0.006530164851501827
vn -0.011950069309368573 -0.9999072720960246 0.006530164851501827
vn -0.001630722857304234 -0.9999363195336756 0.011166808873168326
vn -0.001630722857304234 -0.9999363195336756 0.011166808873168326
vn -0.001630722857304234 -0.9999363195336756 0.011166808873168326
vn -0.008608043290312586 -0.9999604337253423 -0.0022433400405590317
vn -0.008608043290312586 -0.9999604337253423 -0.0022433400405590317
vn -0.008608043290312586 -0.9999604337253423 -0.0022433400405590317
vn -0.007068096614731949 -0.9999535615664826 0.006551085463605826
vn -0.007068096614731949 -0.9999535615664826 0.006551085463605826
vn -0.007068096614731949 -0.9999535615664826 0.006551085463605826
vn -0.0037062158338963566 -0.9999875299709741 0.0033472177614504604
vn -0.0037062158338963566 -0.9999875299709741 0.0033472177614504604
vn -0.0037062158338963566 -0.9999875299709741 0.0033472177614504604
vn 0.0018997779506122992 -0.999998172789347 0.00021274798637309106
vn 0.0018997779506122992 -0.999998172789347 0.00021274798637309106
vn 0.0018997779506122992 -0.999998172789347 0.00021274798637309106
vn -0.0008445809179725365 -0.9999990246900232 -0.001112340808994192
vn -0.0008445809179725365 -0.9999990246900232 -0.001112340808994192
vn -0.0008445809179725365 -0.9999990246900232 -0.001112340808994192
vn -0.0017577999819492003 -0.9999983821154766 -0.0003819759844239134
vn -0.0017577999819492003 -0.9999983821154766 -0.0003819759844239134
vn -0.0017577999819492003 -0.9999983821154766 -0.0003819759844239134
vn -0.0030013904248625753 -0.9999877591188007 0.0039336075143681145
vn -0.0030013904248625753 -0.9999877591188007 0.0039336075143681145
vn -0.0030013904248625753 -0.9999877591188007 0.0039336075143681145
vn 0.040734935046040616 -0.9989162559442805 -0.022516187000813377
vn 0.040734935046040616 -0.9989162559442805 -0.022516187000813377
vn 0.040734935046040616 -0.9989162559442805 -0.022516187000813377
vn 0.007122335954352414 -0.9998477099714139 0.015932017934734196
vn 0.007122335954352414 -0.9998477099714139 0.015932017934734196
vn 0.007122335954352414 -0.9998477099714139 0.015932017934734196
vn 0.005625068776373797 -0.9999685466396029 -0.005591451756118981
vn 0.005625068776373797 -0.9999685466396029 -0.005591451756118981
vn 0.005625068776373797 -0.9999685466396029 -0.005591451756118981
vn 0.011071499129042737 -0.9999183138151468 0.006386517369373902
vn 0.011071499129042737 -0.9999183138151468 0.006386517369373902
vn 0.011071499129042737 -0.9999183138151468 0.006386517369373902
vn -0.004717289428425168 -0.9999869973454003 -0.0019370907513507568
vn -0.004717289428425168 -0.9999869973454003 -0.0019370907513507568
vn -0.004717289428425168 -0.9999869973454003 -0.0019370907513507568
vn 0.00017085498205625897 -0.9999987452912193 0.001574872871775148
vn 0.00017085498205625897 -0.9999987452912193 0.001574872871775148
vn 0.00017085498205625897 -0.9999987452912193 0.001574872871775148
vn 0.010872360607774217 -0.9999189046459787 0.006631433208648069
vn 0.010872360607774217 -0.9999189046459787 0.006631433208648069
vn 0.010872360607774217 -0.9999189046459787 0.006631433208648069
vn -0.004614411941949368 -0.9999825550601604 -0.0036873808839388692
vn -0.004614411941949368 -0.9999825550601604 -0.0036873808839388692
vn -0.004614411941949368 -0.9999825550601604 -0.0036873808839388692
vn -0.000010539799262317085 -0.9999938472034702 0.0035079116458841216
vn -0.000010539799262317085 -0.9999938472034702 0.0035079116458841216
vn -0.000010539799262317085 -0.9999938472034702 0.0035079116458841216
vn -0.000016008298071550874 -0.1229798933761397 0.9924091623765511
vn -0.000016008298071550874 -0.1229798933761397 0.9924091623765511
vn -0.000016008298071550874 -0.1229798933761397 0.9924091623765511
vn -0.004767357869914824 -0.18715720006285957 0.9823184080345695
vn -0.004767357869914824 -0.18715720006285957 0.9823184080345695
vn -0.004767357869914824 -0.18715720006285957 0.9823184080345695
vn -0.005576372610953506 -0.8699347374773183 -0.4931353329449973
vn -0.005576372610953506 -0.8699347374773183 -0.4931353329449973
vn -0.005576372610953506 -0.8699347374773183 -0.4931353329449973
vn -0.00023257700640440392 -0.8672546842527047 -0.4978646990394856
vn -0.00023257700640440392 -0.8672546842527047 -0.4978646990394856
vn -0.00023257700640440392 -0.8672546842527047 -0.4978646990394856
vn -0.0009395859711406632 -0.9995100542359672 0.0312852786373506
vn -0.0009395859711406632 -0.9995100542359672 0.0312852786373506
vn -0.0009395859711406632 -0.9995100542359672 0.0312852786373506
vn -0.0003466889969858237 -0.9992219403857003 0.03943847941509889
vn -0.0003466889969858237 -0.9992219403857003 0.03943847941509889
vn -0.0003466889969858237 -0.9992219403857003 0.03943847941509889
vn 0.992744207313048 -0.11971048264861674 0.01132868882189752
vn 0.992744207313048 -0.11971048264861674 0.01132868882189752
vn 0.992744207313048 -0.11971048264861674 0.01132868882189752
vn -0.956363579532468 -0.2920154098489743 0.009782850023409208
vn -0.956363579532468 -0.2920154098489743 0.009782850023409208
vn -0.956363579532468 -0.2920154098489743 0.009782850023409208
vn -0.0015447730080435527 0.9999778941057822 0.006467223215465457
vn -0.0015447730080435527 0.9999778941057822 0.006467223215465457
vn -0.0015447730080435527 0.9999778941057822 0.006467223215465457
vn 0.0020686380511104143 0.9999976502949615 0.0006481829751415206
vn 0.0020686380511104143 0.9999976502949615 0.0006481829751415206
vn 0.0020686380511104143 0.9999976502949615 0.0006481829751415206
vn -0.017533177388495462 0.03230511747282695 -0.9993242552223629
vn -0.017533177388495462 0.03230511747282695 -0.9993242552223629
vn -0.017533177388495462 0.03230511747282695 -0.9993242552223629
vn 0.003435969110959899 -0.00034671102094676546 -0.9999940369360893
vn 0.003435969110959899 -0.00034671102094676546 -0.9999940369360893
vn 0.003435969110959899 -0.00034671102094676546 -0.9999940369360893
vn 0.9999829827070175 -0.005649565886498176 -0.0014548888861169167
vn 0.9999829827070175 -0.005649565886498176 -0.0014548888861169167
vn 0.9999829827070175 -0.005649565886498176 -0.0014548888861169167
vn 0.9998874779798963 0.010035448823554944 -0.01114993927840588
vn 0.9998874779798963 0.010035448823554944 -0.01114993927840588
vn 0.9998874779798963 0.010035448823554944 -0.01114993927840588
vn 0.999012038697768 0.0027014608107838707 -0.044358185788159595
vn 0.999012038697768 0.0027014608107838707 -0.044358185788159595
vn 0.999012038697768 0.0027014608107838707 -0.044358185788159595
vn 0.9997628611738725 -0.006217002111791831 -0.020870321084608123
vn 0.9997628611738725 -0.006217002111791831 -0.020870321084608123
vn 0.9997628611738725 -0.006217002111791831 -0.020870321084608123
vn -0.9999886164632731 -0.004281519916252596 -0.00210607005483405
vn -0.9999886164632731 -0.004281519916252596 -0.00210607005483405
vn -0.9999886164632731 -0.004281519916252596 -0.00210607005483405
vn -0.9998610429321593 0.01174782846572705 -0.01182722930166816
vn -0.9998610429321593 0.01174782846572705 -0.01182722930166816
vn -0.9998610429321593 0.01174782846572705 -0.01182722930166816
vn -0.9993345329800637 0.004062354175587036 -0.0362489789107255
vn -0.9993345329800637 0.004062354175587036 -0.0362489789107255
vn -0.9993345329800637 0.004062354175587036 -0.0362489789107255
vn -0.9998941430774269 -0.004529296424711639 -0.013827078988549903
vn -0.9998941430774269 -0.004529296424711639 -0.013827078988549903
vn -0.9998941430774269 -0.004529296424711639 -0.013827078988549903
vn -0.9959965206090647 0.013507478677666688 0.08836559825186066
vn -0.9959965206090647 0.013507478677666688 0.08836559825186066
vn -0.9959965206090647 0.013507478677666688 0.08836559825186066
vn -0.9962916609727 -0.005001425395673985 0.08589477295080415
vn -0.9962916609727 -0.005001425395673985 0.08589477295080415
vn -0.9962916609727 -0.005001425395673985 0.08589477295080415
vn 0.15601578379668424 -0.001218973893749814 -0.9877538100705827
vn 0.15601578379668424 -0.001218973893749814 -0.9877538100705827
vn 0.15601578379668424 -0.001218973893749814 -0.9877538100705827
vn -0.8825191864691059 -0.0069377422405562834 -0.47022521545160795
vn -0.8825191864691059 -0.0069377422405562834 -0.47022521545160795
vn -0.8825191864691059 -0.0069377422405562834 -0.47022521545160795
vn -0.9992198752820474 -0.03507833860722611 0.018142519171447734
vn -0.9992198752820474 -0.03507833860722611 0.018142519171447734
vn -0.9992198752820474 -0.03507833860722611 0.018142519171447734
vn -0.9999691204979925 -0.0013960000300410377 0.007733643021737294
vn -0.9999691204979925 -0.0013960000300410377 0.007733643021737294
vn -0.9999691204979925 -0.0013960000300410377 0.007733643021737294
vn 0.9999812101494686 -0.0014305709422562066 0.005960940763271766
vn 0.9999812101494686 -0.0014305709422562066 0.005960940763271766
vn 0.9999812101494686 -0.0014305709422562066 0.005960940763271766
vn 0.9992439079027035 -0.03516071637048198 0.01659326802194855
vn 0.9992439079027035 -0.03516071637048198 0.01659326802194855
vn 0.9992439079027035 -0.03516071637048198 0.01659326802194855
vn 0.9861966634617537 -0.035980989253727676 -0.16162150039282408
vn 0.9861966634617537 -0.035980989253727676 -0.16162150039282408
vn 0.9861966634617537 -0.035980989253727676 -0.16162150039282408
vn 0.9268066321899706 -0.005166350417644318 -0.3755033626374692
vn 0.9268066321899706 -0.005166350417644318 -0.3755033626374692
vn 0.9268066321899706 -0.005166350417644318 -0.3755033626374692
vn 0.8828600637057139 -0.002207457784423627 -0.4696309562237916
vn 0.8828600637057139 -0.002207457784423627 -0.4696309562237916
vn 0.8828600637057139 -0.002207457784423627 -0.4696309562237916
vn 0.9959899695140445 0.013774509419994908 0.08839820992334352
vn 0.9959899695140445 0.013774509419994908 0.08839820992334352
vn 0.9959899695140445 0.013774509419994908 0.08839820992334352
vn 0.9963098646391522 -0.013999580239806235 0.08467978138743387
vn 0.9963098646391522 -0.013999580239806235 0.08467978138743387
vn 0.9963098646391522 -0.013999580239806235 0.08467978138743387
vn -0.0009929550990776118 -0.7099061902841239 -0.7042955452339965
vn -0.0009929550990776118 -0.7099061902841239 -0.7042955452339965
vn -0.0009929550990776118 -0.7099061902841239 -0.7042955452339965
vn 0.0012259478822672701 -0.7197994673110509 -0.6941809734575828
vn 0.0012259478822672701 -0.7197994673110509 -0.6941809734575828
vn 0.0012259478822672701 -0.7197994673110509 -0.6941809734575828
vn -0.004333555266445995 0.7094318921919358 -0.7047606761445491
vn -0.004333555266445995 0.7094318921919358 -0.7047606761445491
vn -0.004333555266445995 0.7094318921919358 -0.7047606761445491
vn -0.002025245871519462 0.6938491887836093 -0.7201174915272418
vn -0.002025245871519462 0.6938491887836093 -0.7201174915272418
vn -0.002025245871519462 0.6938491887836093 -0.7201174915272418
vn 0.0005666809949806612 0.7029645704946302 -0.7112246420800884
vn 0.0005666809949806612 0.7029645704946302 -0.7112246420800884
vn 0.0005666809949806612 0.7029645704946302 -0.7112246420800884
vn 0.007812917138030041 0.7066023860357374 -0.7075676832462013
vn 0.007812917138030041 0.7066023860357374 -0.7075676832462013
vn 0.007812917138030041 0.7066023860357374 -0.7075676832462013
vn -0.5236615503106431 0.003840385677342117 0.8519177379090678
vn -0.5236615503106431 0.003840385677342117 0.8519177379090678
vn -0.5236615503106431 0.003840385677342117 0.8519177379090678
vn -0.4967813685456572 0.02186523704479283 0.8676002439343128
vn -0.4967813685456572 0.02186523704479283 0.8676002439343128
vn -0.4967813685456572 0.02186523704479283 0.8676002439343128
vn -0.7222239132433399 -0.032091605330018334 0.6909144288599126
vn -0.7222239132433399 -0.032091605330018334 0.6909144288599126
vn -0.7222239132433399 -0.032091605330018334 0.6909144288599126
vn -0.8979338903104589 0.03721665549364555 0.43855404363178774
vn -0.8979338903104589 0.03721665549364555 0.43855404363178774
vn -0.8979338903104589 0.03721665549364555 0.43855404363178774
vn -0.9598153649253534 -0.02480667037851059 0.27953370880439954
vn -0.9598153649253534 -0.02480667037851059 0.27953370880439954
vn -0.9598153649253534 -0.02480667037851059 0.27953370880439954
vn 0.941690491339026 0.003191292008314752 0.3364652050019156
vn 0.941690491339026 0.003191292008314752 0.3364652050019156
vn 0.941690491339026 0.003191292008314752 0.3364652050019156
vn 0.8854465649489803 -0.04922210516790318 0.4621272173145523
vn 0.8854465649489803 -0.04922210516790318 0.4621272173145523
vn 0.8854465649489803 -0.04922210516790318 0.4621272173145523
vn 0.6450627014012317 0.0007234938859348016 0.7641293004574177
vn 0.6450627014012317 0.0007234938859348016 0.7641293004574177
vn 0.6450627014012317 0.0007234938859348016 0.7641293004574177
vn 0.5888193129943745 -0.022582228767532467 0.8079491689386925
vn 0.5888193129943745 -0.022582228767532467 0.8079491689386925
vn 0.5888193129943745 -0.022582228767532467 0.8079491689386925
vn 0.31855415998154213 0.055851444076452435 0.9462578207618837
vn 0.31855415998154213 0.055851444076452435 0.9462578207618837
vn 0.31855415998154213 0.055851444076452435 0.9462578207618837
vn 0.645474034099422 0.036069386681543004 0.7629300561963959
vn 0.645474034099422 0.036069386681543004 0.7629300561963959
vn 0.645474034099422 0.036069386681543004 0.7629300561963959
vn 0.7021592060557036 -0.6389970002409894 -0.31409438555033253
vn 0.7021592060557036 -0.6389970002409894 -0.31409438555033253
vn 0.7021592060557036 -0.6389970002409894 -0.31409438555033253
vn 0.7092591228287645 -0.7049449388198691 0.0020322195803598384
vn 0.7092591228287645 -0.7049449388198691 0.0020322195803598384
vn 0.7092591228287645 -0.7049449388198691 0.0020322195803598384
vn 0.40138997211433003 -0.6693209670512418 0.6252163892218818
vn 0.40138997211433003 -0.6693209670512418 0.6252163892218818
vn 0.40138997211433003 -0.6693209670512418 0.6252163892218818
vn 0.007280707013060004 -0.701825987882071 0.7123112199304075
vn 0.007280707013060004 -0.701825987882071 0.7123112199304075
vn 0.007280707013060004 -0.701825987882071 0.7123112199304075
vn -0.4307133549782414 -0.8567410100228798 0.28369146548383006
vn -0.4307133549782414 -0.8567410100228798 0.28369146548383006
vn -0.4307133549782414 -0.8567410100228798 0.28369146548383006
vn 0.6988440391398862 -0.71523889328409 0.007094680570642144
vn 0.6988440391398862 -0.71523889328409 0.007094680570642144
vn 0.6988440391398862 -0.71523889328409 0.007094680570642144
vn -0.699852785159875 -0.7142867655718729 0.0007040119587445623
vn -0.699852785159875 -0.7142867655718729 0.0007040119587445623
vn -0.699852785159875 -0.7142867655718729 0.0007040119587445623
vn 0.9143518398682015 0.003415345983479639 -0.4049062216630511
vn 0.9143518398682015 0.003415345983479639 -0.4049062216630511
vn 0.9143518398682015 0.003415345983479639 -0.4049062216630511
vn -0.6693443493807714 -0.01035510909802312 0.7428801475794058
vn -0.6693443493807714 -0.01035510909802312 0.7428801475794058
vn -0.6693443493807714 -0.01035510909802312 0.7428801475794058
vn -0.7015901444530781 -0.6401233888973316 -0.3130707846364857
vn -0.7015901444530781 -0.6401233888973316 -0.3130707846364857
vn -0.7015901444530781 -0.6401233888973316 -0.3130707846364857
vn 0.7415133160408947 0.550812903169851 0.38309678651175944
vn 0.7415133160408947 0.550812903169851 0.38309678651175944
vn 0.7415133160408947 0.550812903169851 0.38309678651175944
vn -0.6960385592033719 -0.7179733669774455 0.006675957846213973
vn -0.6960385592033719 -0.7179733669774455 0.006675957846213973
vn -0.6960385592033719 -0.7179733669774455 0.006675957846213973
vn 0.6727005319978169 0.010420848734248055 0.7398414696146144
vn 0.6727005319978169 0.010420848734248055 0.7398414696146144
vn 0.6727005319978169 0.010420848734248055 0.7398414696146144
vn 0.6373301271206805 0.029249188122423386 0.7700355797354539
vn 0.6373301271206805 0.029249188122423386 0.7700355797354539
vn 0.6373301271206805 0.029249188122423386 0.7700355797354539
vn -0.8728792064563589 0.004739581603601348 -0.48791333995120484
vn -0.8728792064563589 0.004739581603601348 -0.48791333995120484
vn -0.8728792064563589 0.004739581603601348 -0.48791333995120484
vn 0.5790941623234036 0.8152195085703198 0.008191703688588726
vn 0.5790941623234036 0.8152195085703198 0.008191703688588726
vn 0.5790941623234036 0.8152195085703198 0.008191703688588726
vn 0.7009997619685845 0.7131505864750672 0.003946483276996744
vn 0.7009997619685845 0.7131505864750672 0.003946483276996744
vn 0.7009997619685845 0.7131505864750672 0.003946483276996744
vn 0.871238225705218 0.37975087502371363 0.3110196569169659
vn 0.871238225705218 0.37975087502371363 0.3110196569169659
vn 0.871238225705218 0.37975087502371363 0.3110196569169659
vn 0.340474455702087 0.8942071177182286 0.29063856529446613
vn 0.340474455702087 0.8942071177182286 0.29063856529446613
vn 0.340474455702087 0.8942071177182286 0.29063856529446613
vn -0.6368296573848607 0.7211553859530979 0.2727322804251806
vn -0.6368296573848607 0.7211553859530979 0.2727322804251806
vn -0.6368296573848607 0.7211553859530979 0.2727322804251806
vn -0.7100140357718315 0.7041721250106413 0.004656969507531793
vn -0.7100140357718315 0.7041721250106413 0.004656969507531793
vn -0.7100140357718315 0.7041721250106413 0.004656969507531793
vn -0.7232720960003214 0.6905425890185098 0.005329906088801924
vn -0.7232720960003214 0.6905425890185098 0.005329906088801924
vn -0.7232720960003214 0.6905425890185098 0.005329906088801924
vn -0.735888668449547 0.5554174248919429 0.38727167695812165
vn -0.735888668449547 0.5554174248919429 0.38727167695812165
vn -0.735888668449547 0.5554174248919429 0.38727167695812165
vn -0.6753373882498578 0.010951509926894925 0.7374276076078123
vn -0.6753373882498578 0.010951509926894925 0.7374276076078123
vn -0.6753373882498578 0.010951509926894925 0.7374276076078123
vn -0.6596332220179878 0.0194257405472699 0.7513365777162445
vn -0.6596332220179878 0.0194257405472699 0.7513365777162445
vn -0.6596332220179878 0.0194257405472699 0.7513365777162445
vn -0.7151692832511132 -0.6955537530326916 0.06883220856711081
vn -0.7151692832511132 -0.6955537530326916 0.06883220856711081
vn -0.7151692832511132 -0.6955537530326916 0.06883220856711081
vn -0.568833577126379 -0.6933216897173241 0.44241767155158057
vn -0.568833577126379 -0.6933216897173241 0.44241767155158057
vn -0.568833577126379 -0.6933216897173241 0.44241767155158057
vn 0.7013343697557033 -0.6984757309413498 0.14234379187487428
vn 0.7013343697557033 -0.6984757309413498 0.14234379187487428
vn 0.7013343697557033 -0.6984757309413498 0.14234379187487428
vn 0.5473927292576645 -0.6998477620522084 0.4588837651370558
vn 0.5473927292576645 -0.6998477620522084 0.4588837651370558
vn 0.5473927292576645 -0.6998477620522084 0.4588837651370558
vn 0.21539799608081706 -0.697067788738233 0.6838861024965768
vn 0.21539799608081706 -0.697067788738233 0.6838861024965768
vn 0.21539799608081706 -0.697067788738233 0.6838861024965768
vn -0.2572833963641349 -0.6996731346880779 0.6665303883178129
vn -0.2572833963641349 -0.6996731346880779 0.6665303883178129
vn -0.2572833963641349 -0.6996731346880779 0.6665303883178129
vn 0.002106963641180677 -0.931445651283075 0.363874373115314
vn 0.002106963641180677 -0.931445651283075 0.363874373115314
vn 0.002106963641180677 -0.931445651283075 0.363874373115314
vn 0.8814939706165528 -0.07933794571726573 0.4654824058286504
vn 0.8814939706165528 -0.07933794571726573 0.4654824058286504
vn 0.8814939706165528 -0.07933794571726573 0.4654824058286504
vn 0.8730120607849635 -0.09179597294322847 0.47898167091799787
vn 0.8730120607849635 -0.09179597294322847 0.47898167091799787
vn 0.8730120607849635 -0.09179597294322847 0.47898167091799787
vn 0.042909611651971685 -0.01601724909124477 -0.9989505558131623
vn 0.042909611651971685 -0.01601724909124477 -0.9989505558131623
vn 0.042909611651971685 -0.01601724909124477 -0.9989505558131623
vn 0.13438260226420454 0.0375853693228463 -0.990216469375038
vn 0.13438260226420454 0.0375853693228463 -0.990216469375038
vn 0.13438260226420454 0.0375853693228463 -0.990216469375038
vn 0.5740846525654818 0.030548688716913148 0.8182258791473458
vn 0.5740846525654818 0.030548688716913148 0.8182258791473458
vn 0.5740846525654818 0.030548688716913148 0.8182258791473458
vn 0.5090356550016653 -0.053722613413200004 -0.8590672748656427
vn 0.5090356550016653 -0.053722613413200004 -0.8590672748656427
vn 0.5090356550016653 -0.053722613413200004 -0.8590672748656427
vn 0.3075677744255937 -0.01931773866008717 0.9513300631788884
vn 0.3075677744255937 -0.01931773866008717 0.9513300631788884
vn 0.3075677744255937 -0.01931773866008717 0.9513300631788884
vn 0.29463664060478784 -0.031039104248281973 0.9551051376788786
vn 0.29463664060478784 -0.031039104248281973 0.9551051376788786
vn 0.29463664060478784 -0.031039104248281973 0.9551051376788786
vn 0.6375394862148098 0.04316060856432492 -0.7692077517714662
vn 0.6375394862148098 0.04316060856432492 -0.7692077517714662
vn 0.6375394862148098 0.04316060856432492 -0.7692077517714662
vn 0.9088559644644708 0.008138894943360682 -0.41703068741575533
vn 0.9088559644644708 0.008138894943360682 -0.41703068741575533
vn 0.9088559644644708 0.008138894943360682 -0.41703068741575533
vn 0.951740430308917 -0.08275150391199705 -0.2955373782040103
vn 0.951740430308917 -0.08275150391199705 -0.2955373782040103
vn 0.951740430308917 -0.08275150391199705 -0.2955373782040103
vn 0.9974928122812041 0.013932999531591746 -0.06938271377935022
vn 0.9974928122812041 0.013932999531591746 -0.06938271377935022
vn 0.9974928122812041 0.013932999531591746 -0.06938271377935022
vn 0.38532006599016405 -0.7972645134247248 -0.46464797683727443
vn 0.38532006599016405 -0.7972645134247248 -0.46464797683727443
vn 0.38532006599016405 -0.7972645134247248 -0.46464797683727443
vn 0.6791376487317372 -0.4461135576611952 -0.5828848494737181
vn 0.6791376487317372 -0.4461135576611952 -0.5828848494737181
vn 0.6791376487317372 -0.4461135576611952 -0.5828848494737181
vn -0.4734978917695098 -0.8706647054383297 -0.13320179125603454
vn -0.4734978917695098 -0.8706647054383297 -0.13320179125603454
vn -0.4734978917695098 -0.8706647054383297 -0.13320179125603454
vn 0.5195621948015083 -0.8197226085934329 -0.24106009768067602
vn 0.5195621948015083 -0.8197226085934329 -0.24106009768067602
vn 0.5195621948015083 -0.8197226085934329 -0.24106009768067602
vn -0.4938720683261693 -0.7454801081866683 -0.44760450000555735
vn -0.4938720683261693 -0.7454801081866683 -0.44760450000555735
vn -0.4938720683261693 -0.7454801081866683 -0.44760450000555735
vn -0.7729855238129466 -0.3740035025691964 -0.5124595203931697
vn -0.7729855238129466 -0.3740035025691964 -0.5124595203931697
vn -0.7729855238129466 -0.3740035025691964 -0.5124595203931697
vn 0.9405060748099028 -0.3392457868812861 -0.018989979698958267
vn 0.9405060748099028 -0.3392457868812861 -0.018989979698958267
vn 0.9405060748099028 -0.3392457868812861 -0.018989979698958267
vn -0.29584721629712146 -0.6721334661624948 -0.6787569729097702
vn -0.29584721629712146 -0.6721334661624948 -0.6787569729097702
vn -0.29584721629712146 -0.6721334661624948 -0.6787569729097702
vn -0.3007574876995912 -0.6191047823335122 -0.7254338026894008
vn -0.3007574876995912 -0.6191047823335122 -0.7254338026894008
vn -0.3007574876995912 -0.6191047823335122 -0.7254338026894008
vn 0.08517628345909144 -0.7873172928987977 -0.610636128179954
vn 0.08517628345909144 -0.7873172928987977 -0.610636128179954
vn 0.08517628345909144 -0.7873172928987977 -0.610636128179954
vn 0.20997959853553183 -0.4943600111528073 -0.8435145212572531
vn 0.20997959853553183 -0.4943600111528073 -0.8435145212572531
vn 0.20997959853553183 -0.4943600111528073 -0.8435145212572531
vn -0.00026410201349566666 0.9999999498915627 0.00017454798382685917
vn -0.00026410201349566666 0.9999999498915627 0.00017454798382685917
vn -0.00026410201349566666 0.9999999498915627 0.00017454798382685917
vn -0.000011961999820773836 0.9999999919706611 0.0001261569986002011
vn -0.000011961999820773836 0.9999999919706611 0.0001261569986002011
vn -0.000011961999820773836 0.9999999919706611 0.0001261569986002011
vn 0.00020648899423699797 0.9999999743273218 -0.00009331479429053174
vn 0.00020648899423699797 0.9999999743273218 -0.00009331479429053174
vn 0.00020648899423699797 0.9999999743273218 -0.00009331479429053174
vn -0.0015111558341461486 0.9999988500731979 -0.00012751598620072373
vn -0.0015111558341461486 0.9999988500731979 -0.00012751598620072373
vn -0.0015111558341461486 0.9999988500731979 -0.00012751598620072373
vn -0.041817058433404136 0.998476280127761 0.0360062723175588
vn -0.041817058433404136 0.998476280127761 0.0360062723175588
vn -0.041817058433404136 0.998476280127761 0.0360062723175588
vn -0.005665897381607014 0.9997343999155553 0.022338917438981504
vn -0.005665897381607014 0.9997343999155553 0.022338917438981504
vn -0.005665897381607014 0.9997343999155553 0.022338917438981504
vn -0.002253531949585537 0.9998073006585694 0.01950084981679581
vn -0.002253531949585537 0.9998073006585694 0.01950084981679581
vn -0.002253531949585537 0.9998073006585694 0.01950084981679581
vn 0.06646537165417304 0.9976769284405159 -0.014936560125087732
vn 0.06646537165417304 0.9976769284405159 -0.014936560125087732
vn 0.06646537165417304 0.9976769284405159 -0.014936560125087732
vn -0.4830842067228932 -0.6704126068546222 0.5631843266509664
vn -0.4830842067228932 -0.6704126068546222 0.5631843266509664
vn -0.4830842067228932 -0.6704126068546222 0.5631843266509664
vn -0.5432407386644085 -0.4368380410037351 0.7169811892841866
vn -0.5432407386644085 -0.4368380410037351 0.7169811892841866
vn -0.5432407386644085 -0.4368380410037351 0.7169811892841866
vn -0.5465891298808777 -0.8079432752837725 0.2201544617303839
vn -0.5465891298808777 -0.8079432752837725 0.2201544617303839
vn -0.5465891298808777 -0.8079432752837725 0.2201544617303839
vn -0.977003251882175 -0.09024523717672149 0.19318499677400577
vn -0.977003251882175 -0.09024523717672149 0.19318499677400577
vn -0.977003251882175 -0.09024523717672149 0.19318499677400577
vn 0.5602739924590534 -0.4717365994303017 0.6808506694804137
vn 0.5602739924590534 -0.4717365994303017 0.6808506694804137
vn 0.5602739924590534 -0.4717365994303017 0.6808506694804137
vn 0.17332258758417812 -0.8155051440576505 0.55218714277737
vn 0.17332258758417812 -0.8155051440576505 0.55218714277737
vn 0.17332258758417812 -0.8155051440576505 0.55218714277737
vn 0.03994672782961574 -0.3244243592673088 0.945067772199276
vn 0.03994672782961574 -0.3244243592673088 0.945067772199276
vn 0.03994672782961574 -0.3244243592673088 0.945067772199276
vn -0.12518568550908318 -0.8410194659913738 0.5263219565695556
vn -0.12518568550908318 -0.8410194659913738 0.5263219565695556
vn -0.12518568550908318 -0.8410194659913738 0.5263219565695556
vn -0.961603923143534 -0.05233085438822717 -0.2694055988170302
vn -0.961603923143534 -0.05233085438822717 -0.2694055988170302
vn -0.961603923143534 -0.05233085438822717 -0.2694055988170302
vn -0.7397415811403519 0.05420135833739048 -0.670704559315317
vn -0.7397415811403519 0.05420135833739048 -0.670704559315317
vn -0.7397415811403519 0.05420135833739048 -0.670704559315317
vn -0.307306206178159 -0.04552447138394546 0.9505211297754508
vn -0.307306206178159 -0.04552447138394546 0.9505211297754508
vn -0.307306206178159 -0.04552447138394546 0.9505211297754508
vn -0.22277029870682802 0.013377899948247207 0.9747791677128955
vn -0.22277029870682802 0.013377899948247207 0.9747791677128955
vn -0.22277029870682802 0.013377899948247207 0.9747791677128955
vn -0.490398237674225 -0.05028861113513068 -0.8700463344420883
vn -0.490398237674225 -0.05028861113513068 -0.8700463344420883
vn -0.490398237674225 -0.05028861113513068 -0.8700463344420883
vn -0.3967095318730102 0.013453178118840278 -0.9178456075613153
vn -0.3967095318730102 0.013453178118840278 -0.9178456075613153
vn -0.3967095318730102 0.013453178118840278 -0.9178456075613153
vn -0.6519777136421285 0.057766019922839494 0.7560344885362418
vn -0.6519777136421285 0.057766019922839494 0.7560344885362418
vn -0.6519777136421285 0.057766019922839494 0.7560344885362418
vn -0.8745345846027628 -0.0704621580132322 0.4798169907598014
vn -0.8745345846027628 -0.0704621580132322 0.4798169907598014
vn -0.8745345846027628 -0.0704621580132322 0.4798169907598014
vn -0.9277642199845269 0.02065651826091189 0.37259476696518334
vn -0.9277642199845269 0.02065651826091189 0.37259476696518334
vn -0.9277642199845269 0.02065651826091189 0.37259476696518334
vn -0.9547635997376612 -0.02300214042751235 -0.2964749064452771
vn -0.9547635997376612 -0.02300214042751235 -0.2964749064452771
vn -0.9547635997376612 -0.02300214042751235 -0.2964749064452771
vn -8.725950237537029e-7 -0.999999999954839 -0.000009463639798496008
vn -8.725950237537029e-7 -0.999999999954839 -0.000009463639798496008
vn -8.725950237537029e-7 -0.999999999954839 -0.000009463639798496008
vn -3.1707099878984307e-7 -0.9999999999999498 0
vn -3.1707099878984307e-7 -0.9999999999999498 0
vn -3.1707099878984307e-7 -0.9999999999999498 0
vn -3.170709987897251e-7 -0.9999999999995777 8.625689815740765e-7
vn -3.170709987897251e-7 -0.9999999999995777 8.625689815740765e-7
vn -3.170709987897251e-7 -0.9999999999995777 8.625689815740765e-7
vn -4.3750699774132405e-7 -0.9999999999999043 0
vn -4.3750699774132405e-7 -0.9999999999999043 0
vn -4.3750699774132405e-7 -0.9999999999999043 0
vn 0 -1 0
vn 0 -1 0
vn 0 -1 0
vn 0.0000039767901398276305 -0.9999999999920925 0
vn 0.0000039767901398276305 -0.9999999999920925 0
vn 0.0000039767901398276305 -0.9999999999920925 0
vn 0 -0.9999999999980353 0.0000019822400645313958
vn 0 -0.9999999999980353 0.0000019822400645313958
vn 0 -0.9999999999980353 0.0000019822400645313958
vn 0.8691138162473723 -0.131388308634037 0.4768419934970242
vn 0.8691138162473723 -0.131388308634037 0.4768419934970242
vn 0.8691138162473723 -0.131388308634037 0.4768419934970242
vn 0.042909611651971685 -0.01601724909124477 -0.9989505558131623
vn 0.042909611651971685 -0.01601724909124477 -0.9989505558131623
vn 0.042909611651971685 -0.01601724909124477 -0.9989505558131623
vn 0.13438260226420454 0.0375853693228463 -0.990216469375038
vn 0.13438260226420454 0.0375853693228463 -0.990216469375038
vn 0.13438260226420454 0.0375853693228463 -0.990216469375038
vn 0.6814060360246551 0.05734359598435329 0.7296557586072693
vn 0.6814060360246551 0.05734359598435329 0.7296557586072693
vn 0.6814060360246551 0.05734359598435329 0.7296557586072693
vn 0.5090351042281545 -0.05372250014195171 -0.8590676083067791
vn 0.5090351042281545 -0.05372250014195171 -0.8590676083067791
vn 0.5090351042281545 -0.05372250014195171 -0.8590676083067791
vn 0.307568393745107 -0.019317678645354733 0.9513298641695264
vn 0.307568393745107 -0.019317678645354733 0.9513298641695264
vn 0.307568393745107 -0.019317678645354733 0.9513298641695264
vn 0.2946355035402518 -0.031039349635342297 0.9551054804720771
vn 0.2946355035402518 -0.031039349635342297 0.9551054804720771
vn 0.2946355035402518 -0.031039349635342297 0.9551054804720771
vn 0.63754056977227 0.043160307538422364 -0.7692068705801047
vn 0.63754056977227 0.043160307538422364 -0.7692068705801047
vn 0.63754056977227 0.043160307538422364 -0.7692068705801047
vn 0.9068412512141213 0.00853621841268413 -0.4213859016051887
vn 0.9068412512141213 0.00853621841268413 -0.4213859016051887
vn 0.9068412512141213 0.00853621841268413 -0.4213859016051887
vn 0.9506450703203201 -0.09556523521205945 -0.29519694458875695
vn 0.9506450703203201 -0.09556523521205945 -0.29519694458875695
vn 0.9506450703203201 -0.09556523521205945 -0.29519694458875695
vn 0.9894705694136929 0.03842525292643506 0.1395402888118042
vn 0.9894705694136929 0.03842525292643506 0.1395402888118042
vn 0.9894705694136929 0.03842525292643506 0.1395402888118042
vn 0.3696854077867319 -0.8152373948304846 -0.4457809880867085
vn 0.3696854077867319 -0.8152373948304846 -0.4457809880867085
vn 0.3696854077867319 -0.8152373948304846 -0.4457809880867085
vn -0.962703421477189 -0.2666467766853266 -0.0458434156606991
vn -0.962703421477189 -0.2666467766853266 -0.0458434156606991
vn -0.962703421477189 -0.2666467766853266 -0.0458434156606991
vn -0.5335695071286263 -0.8323476791678285 -0.1500030734566607
vn -0.5335695071286263 -0.8323476791678285 -0.1500030734566607
vn -0.5335695071286263 -0.8323476791678285 -0.1500030734566607
vn 0.62282521602087 -0.743516219508558 -0.2434591990791441
vn 0.62282521602087 -0.743516219508558 -0.2434591990791441
vn 0.62282521602087 -0.743516219508558 -0.2434591990791441
vn -0.6888185297575344 -0.4255956208554019 -0.5868538153334044
vn -0.6888185297575344 -0.4255956208554019 -0.5868538153334044
vn -0.6888185297575344 -0.4255956208554019 -0.5868538153334044
vn -0.35955177947891276 -0.4060153872001081 -0.8401630932326732
vn -0.35955177947891276 -0.4060153872001081 -0.8401630932326732
vn -0.35955177947891276 -0.4060153872001081 -0.8401630932326732
vn 0.07133810109263605 -0.8588425977225556 -0.5072477379640735
vn 0.07133810109263605 -0.8588425977225556 -0.5072477379640735
vn 0.07133810109263605 -0.8588425977225556 -0.5072477379640735
vn 0.4361645898404366 0.054851651456347086 -0.8981936021269774
vn 0.4361645898404366 0.054851651456347086 -0.8981936021269774
vn 0.4361645898404366 0.054851651456347086 -0.8981936021269774
vn -0.0003437739777584926 0.999999934766196 0.00011084699446103674
vn -0.0003437739777584926 0.999999934766196 0.00011084699446103674
vn -0.0003437739777584926 0.999999934766196 0.00011084699446103674
vn 0.0003185529803764441 0.9999999460672603 -0.00007993419467174652
vn 0.0003185529803764441 0.9999999460672603 -0.00007993419467174652
vn 0.0003185529803764441 0.9999999460672603 -0.00007993419467174652
vn -0.20441628879079296 0.93404364067358 -0.2928761823608115
vn -0.20441628879079296 0.93404364067358 -0.2928761823608115
vn -0.20441628879079296 0.93404364067358 -0.2928761823608115
vn 0.09703636810382113 0.9950554264121428 0.0211811622194863
vn 0.09703636810382113 0.9950554264121428 0.0211811622194863
vn 0.09703636810382113 0.9950554264121428 0.0211811622194863
vn 0.0006659849335966062 0.9999997648768367 0.0001634329824739095
vn 0.0006659849335966062 0.9999997648768367 0.0001634329824739095
vn 0.0006659849335966062 0.9999997648768367 0.0001634329824739095
vn -0.00011208300142785194 0.9999999675460401 -0.00022879099454256173
vn -0.00011208300142785194 0.9999999675460401 -0.00022879099454256173
vn -0.00011208300142785194 0.9999999675460401 -0.00022879099454256173
vn -0.000003815419767887608 0.9999999760765644 -0.00021870599652823913
vn -0.000003815419767887608 0.9999999760765644 -0.00021870599652823913
vn -0.000003815419767887608 0.9999999760765644 -0.00021870599652823913
vn 0.2618118828394953 0.9650790712830396 0.008770642821617262
vn 0.2618118828394953 0.9650790712830396 0.008770642821617262
vn 0.2618118828394953 0.9650790712830396 0.008770642821617262
vn -0.31626375807118756 -0.5461401222026183 0.775698525363558
vn -0.31626375807118756 -0.5461401222026183 0.775698525363558
vn -0.31626375807118756 -0.5461401222026183 0.775698525363558
vn -0.38025643693641786 -0.81106327411592 0.444501302077715
vn -0.38025643693641786 -0.81106327411592 0.444501302077715
vn -0.38025643693641786 -0.81106327411592 0.444501302077715
vn -0.746066143128078 -0.41984426416929893 0.5168327620441008
vn -0.746066143128078 -0.41984426416929893 0.5168327620441008
vn -0.746066143128078 -0.41984426416929893 0.5168327620441008
vn -0.5037702446388824 -0.839651903379761 0.2029783775854582
vn -0.5037702446388824 -0.839651903379761 0.2029783775854582
vn -0.5037702446388824 -0.839651903379761 0.2029783775854582
vn 0.5497424629777335 -0.6634613308437525 0.5075453544996861
vn 0.5497424629777335 -0.6634613308437525 0.5075453544996861
vn 0.5497424629777335 -0.6634613308437525 0.5075453544996861
vn 0.17251078666818648 -0.8174731079619152 0.5495250187591193
vn 0.17251078666818648 -0.8174731079619152 0.5495250187591193
vn 0.17251078666818648 -0.8174731079619152 0.5495250187591193
vn 0.1148755937269705 -0.42076448131921623 0.8998671286506953
vn 0.1148755937269705 -0.42076448131921623 0.8998671286506953
vn 0.1148755937269705 -0.42076448131921623 0.8998671286506953
vn -0.13764918096948792 -0.8015737081040903 0.5818352803454665
vn -0.13764918096948792 -0.8015737081040903 0.5818352803454665
vn -0.13764918096948792 -0.8015737081040903 0.5818352803454665
vn -0.9616036529211279 -0.05233102353922394 -0.2694065304777897
vn -0.9616036529211279 -0.05233102353922394 -0.2694065304777897
vn -0.9616036529211279 -0.05233102353922394 -0.2694065304777897
vn -0.787653761458146 0.037499536649487596 -0.6149758831140517
vn -0.787653761458146 0.037499536649487596 -0.6149758831140517
vn -0.787653761458146 0.037499536649487596 -0.6149758831140517
vn -0.30730736071912856 -0.04552464532455992 0.9505207481775011
vn -0.30730736071912856 -0.04552464532455992 0.9505207481775011
vn -0.30730736071912856 -0.04552464532455992 0.9505207481775011
vn -0.22277029870682802 0.013377899948247207 0.9747791677128955
vn -0.22277029870682802 0.013377899948247207 0.9747791677128955
vn -0.22277029870682802 0.013377899948247207 0.9747791677128955
vn -0.48967350008394644 -0.07398062271741608 -0.8687616075643999
vn -0.48967350008394644 -0.07398062271741608 -0.8687616075643999
vn -0.48967350008394644 -0.07398062271741608 -0.8687616075643999
vn -0.3657974336305933 0.011287388495278381 -0.9306260432688462
vn -0.3657974336305933 0.011287388495278381 -0.9306260432688462
vn -0.3657974336305933 0.011287388495278381 -0.9306260432688462
vn -0.6519764771483305 0.057766483205916236 0.7560355194455304
vn -0.6519764771483305 0.057766483205916236 0.7560355194455304
vn -0.6519764771483305 0.057766483205916236 0.7560355194455304
vn -0.8745354865735276 -0.07046250137653448 0.47981529636242864
vn -0.8745354865735276 -0.07046250137653448 0.47981529636242864
vn -0.8745354865735276 -0.07046250137653448 0.47981529636242864
vn -0.9277645143961897 0.02065676032436526 0.3725940204567218
vn -0.9277645143961897 0.02065676032436526 0.3725940204567218
vn -0.9277645143961897 0.02065676032436526 0.3725940204567218
vn -0.9547632686701656 -0.02300064951532941 -0.2964760882771729
vn -0.9547632686701656 -0.02300064951532941 -0.2964760882771729
vn -0.9547632686701656 -0.02300064951532941 -0.2964760882771729
vn -0.000003976790139825143 -0.999999999991467 0.0000011185400126028124
vn -0.000003976790139825143 -0.999999999991467 0.0000011185400126028124
vn -0.000003976790139825143 -0.999999999991467 0.0000011185400126028124
vn -0.0000010464400475022136 -0.9999999999992644 -6.134379759710135e-7
vn -0.0000010464400475022136 -0.9999999999992644 -6.134379759710135e-7
vn -0.0000010464400475022136 -0.9999999999992644 -6.134379759710135e-7
vn 0.0000017955300108919746 -0.9999999999982241 5.727169991577118e-7
vn 0.0000017955300108919746 -0.9999999999982241 5.727169991577118e-7
vn 0.0000017955300108919746 -0.9999999999982241 5.727169991577118e-7
vn 0.000003976790139827009 -0.9999999999919362 5.592680167820085e-7
vn 0.000003976790139827009 -0.9999999999919362 5.592680167820085e-7
vn 0.000003976790139827009 -0.9999999999919362 5.592680167820085e-7
vn 0 -1 0
vn 0 -1 0
vn 0 -1 0
vn -8.855830060380123e-7 -0.9999999999996079 0
vn -8.855830060380123e-7 -0.9999999999996079 0
vn -8.855830060380123e-7 -0.9999999999996079 0
vn 0 -0.9999999999999076 4.2980698822244116e-7
vn 0 -0.9999999999999076 4.2980698822244116e-7
vn 0 -0.9999999999999076 4.2980698822244116e-7
f 1//1 2//2 3//3
f 4//4 5//5 6//6
f 7//7 8//8 9//9
f 10//10 11//11 12//12
f 13//13 14//14 15//15
f 16//16 17//17 18//18
f 19//19 20//20 21//21
f 22//22 23//23 24//24
f 25//25 26//26 27//27
f 28//28 29//29 30//30
f 31//31 32//32 33//33
f 34//34 35//35 36//36
f 37//37 38//38 39//39
f 40//40 41//41 42//42
f 43//43 44//44 45//45
f 46//46 47//47 48//48
f 49//49 50//50 51//51
f 52//52 53//53 54//54
f 55//55 56//56 57//57
f 58//58 59//59 60//60
f 61//61 62//62 63//63
f 64//64 65//65 66//66
f 67//67 68//68 69//69
f 70//70 71//71 72//72
f 73//73 74//74 75//75
f 76//76 77//77 78//78
f 79//79 80//80 81//81
f 82//82 83//83 84//84
f 85//85 86//86 87//87
f 88//88 89//89 90//90
f 91//91 92//92 93//93
f 94//94 95//95 96//96
f 97//97 98//98 99//99
f 100//100 101//101 102//102
f 103//103 104//104 105//105
f 106//106 107//107 108//108
f 109//109 110//110 111//111
f 112//112 113//113 114//114
f 115//115 116//116 117//117
f 118//118 119//119 120//120
f 121//121 122//122 123//123
f 124//124 125//125 126//126
f 127//127 128//128 129//129
f 130//130 131//131 132//132
f 133//133 134//134 135//135
f 136//136 137//137 138//138
f 139//139 140//140 141//141
f 142//142 143//143 144//144
f 145//145 146//146 147//147
f 148//148 149//149 150//150
f 151//151 152//152 153//153
f 154//154 155//155 156//156
f 157//157 158//158 159//159
f 160//160 161//161 162//162
f 163//163 164//164 165//165
f 166//166 167//167 168//168
f 169//169 170//170 171//171
f 172//172 173//173 174//174
f 175//175 176//176 177//177
f 178//178 179//179 180//180
f 181//181 182//182 183//183
f 184//184 185//185 186//186
f 187//187 188//188 189//189
f 190//190 191//191 192//192
f 193//193 194//194 195//195
f 196//196 197//197 198//198
f 199//199 200//200 201//201
f 202//202 203//203 204//204
f 205//205 206//206 207//207
f 208//208 209//209 210//210
f 211//211 212//212 213//213
f 214//214 215//215 216//216
f 217//217 218//218 219//219
f 220//220 221//221 222//222
f 223//223 224//224 225//225
f 226//226 227//227 228//228
f 229//229 230//230 231//231
f 232//232 233//233 234//234
f 235//235 236//236 237//237
f 238//238 239//239 240//240
f 241//241 242//242 243//243
f 244//244 245//245 246//246
f 247//247 248//248 249//249
f 250//250 251//251 252//252
f 253//253 254//254 255//255
f 256//256 257//257 258//258
f 259//259 260//260 261//261
f 262//262 263//263 264//264
f 265//265 266//266 267//267
f 268//268 269//269 270//270
f 271//271 272//272 273//273
f 274//274 275//275 276//276
f 277//277 278//278 279//279
f 280//280 281//281 282//282
f 283//283 284//284 285//285
f 286//286 287//287 288//288
f 289//289 290//290 291//291
f 292//292 293//293 294//294
f 295//295 296//296 297//297
f 298//298 299//299 300//300
f 301//301 302//302 303//303
f 304//304 305//305 306//306
f 307//307 308//308 309//309
f 310//310 311//311 312//312
f 313//313 314//314 315//315
f 316//316 317//317 318//318
f 319//319 320//320 321//321
f 322//322 323//323 324//324
f 325//325 326//326 327//327
f 328//328 329//329 330//330
f 331//331 332//332 333//333
f 334//334 335//335 336//336
f 337//337 338//338 339//339
f 340//340 341//341 342//342
f 343//343 344//344 345//345
f 346//346 347//347 348//348
f 349//349 350//350 351//351
f 352//352 353//353 354//354
f 355//355 356//356 357//357
f 358//358 359//359 360//360
f 361//361 362//362 363//363
f 364//364 365//365 366//366
f 367//367 368//368 369//369
f 370//370 371//371 372//372
f 373//373 374//374 375//375
f 376//376 377//377 378//378
f 379//379 380//380 381//381
f 382//382 383//383 384//384
f 385//385 386//386 387//387
f 388//388 389//389 390//390
f 391//391 392//392 393//393
f 394//394 395//395 396//396
f 397//397 398//398 399//399
f 400//400 401//401 402//402
f 403//403 404//404 405//405
f 406//406 407//407 408//408
f 409//409 410//410 411//411
f 412//412 413//413 414//414
f 415//415 416//416 417//417
f 418//418 419//419 420//420
f 421//421 422//422 423//423
f 424//424 425//425 426//426
f 427//427 428//428 429//429
f 430//430 431//431 432//432
f 433//433 434//434 435//435
f 436//436 437//437 438//438
f 439//439 440//440 441//441
f 442//442 443//443 444//444
f 445//445 446//446 447//447
f 448//448 449//449 450//450
f 451//451 452//452 453//453
f 454//454 455//455 456//456
f 457//457 458//458 459//459
f 460//460 461//461 462//462
f 463//463 464//464 465//465
f 466//466 467//467 468//468
f 469//469 470//470 471//471
f 472//472 473//473 474//474
f 475//475 476//476 477//477
f 478//478 479//479 480//480
f 481//481 482//482 483//483
f 484//484 485//485 486//486
f 487//487 488//488 489//489
f 490//490 491//491 492//492
f 493//493 494//494 495//495
f 496//496 497//497 498//498
f 499//499 500//500 501//501
f 502//502 503//503 504//504
f 505//505 506//506 507//507
f 508//508 509//509 510//510
f 511//511 512//512 513//513
f 514//514 515//515 516//516
f 517//517 518//518 519//519
f 520//520 521//521 522//522
f 523//523 524//524 525//525
f 526//526 527//527 528//528
f 529//529 530//530 531//531
f 532//532 533//533 534//534
f 535//535 536//536 537//537
f 538//538 539//539 540//540
f 541//541 542//542 543//543
f 544//544 545//545 546//546
f 547//547 548//548 549//549
f 550//550 551//551 552//552
f 553//553 554//554 555//555
f 556//556 557//557 558//558
f 559//559 560//560 561//561
f 562//562 563//563 564//564
f 565//565 566//566 567//567
f 568//568 569//569 570//570
f 571//571 572//572 573//573
f 574//574 575//575 576//576
f 577//577 578//578 579//579
f 580//580 581//581 582//582
f 583//583 584//584 585//585
f 586//586 587//587 588//588
f 589//589 590//590 591//591
f 592//592 593//593 594//594
f 595//595 596//596 597//597
f 598//598 599//599 600//600
f 601//601 602//602 603//603
f 604//604 605//605 606//606
f 607//607 608//608 609//609
f 610//610 611//611 612//612
f 613//613 614//614 615//615
f 616//616 617//617 618//618
f 619//619 620//620 621//621
f 622//622 623//623 624//624
f 625//625 626//626 627//627
f 628//628 629//629 630//630
f 631//631 632//632 633//633
f 634//634 635//635 636//636
f 637//637 638//638 639//639
f 640//640 641//641 642//642
f 643//643 644//644 645//645
f 646//646 647//647 648//648
f 649//649 650//650 651//651
f 652//652 653//653 654//654
f 655//655 656//656 657//657
f 658//658 659//659 660//660
f 661//661 662//662 663//663
f 664//664 665//665 666//666
f 667//667 668//668 669//669
f 670//670 671//671 672//672
f 673//673 674//674 675//675
f 676//676 677//677 678//678
f 679//679 680//680 681//681
f 682//682 683//683 684//684
f 685//685 686//686 687//687
f 688//688 689//689 690//690
f 691//691 692//692 693//693
f 694//694 695//695 696//696
f 697//697 698//698 699//699
f 700//700 701//701 702//702
f 703//703 704//704 705//705
f 706//706 707//707 708//708
f 709//709 710//710 711//711
f 712//712 713//713 714//714
f 715//715 716//716 717//717
f 718//718 719//719 720//720
f 721//721 722//722 723//723
f 724//724 725//725 726//726
f 727//727 728//728 729//729
f 730//730 731//731 732//732
f 733//733 734//734 735//735
f 736//736 737//737 738//738
f 739//739 740//740 741//741
f 742//742 743//743 744//744
f 745//745 746//746 747//747
f 748//748 749//749 750//750
f 751//751 752//752 753//753
f 754//754 755//755 756//756
f 757//757 758//758 759//759
f 760//760 761//761 762//762
f 763//763 764//764 765//765
f 766//766 767//767 768//768
f 769//769 770//770 771//771
f 772//772 773//773 774//774
f 775//775 776//776 777//777
f 778//778 779//779 780//780
f 781//781 782//782 783//783
f 784//784 785//785 786//786
f 787//787 788//788 789//789
f 790//790 791//791 792//792
f 793//793 794//794 795//795
f 796//796 797//797 798//798
f 799//799 800//800 801//801
f 802//802 803//803 804//804
f 805//805 806//806 807//807
f 808//808 809//809 810//810
f 811//811 812//812 813//813
f 814//814 815//815 816//816
f 817//817 818//818 819//819
f 820//820 821//821 822//822
f 823//823 824//824 825//825
f 826//826 827//827 828//828
f 829//829 830//830 831//831
f 832//832 833//833 834//834
f 835//835 836//836 837//837
f 838//838 839//839 840//840
f 841//841 842//842 843//843
f 844//844 845//845 846//846
f 847//847 848//848 849//849
f 850//850 851//851 852//852
f 853//853 854//854 855//855
f 856//856 857//857 858//858
f 859//859 860//860 861//861
f 862//862 863//863 864//864
f 865//865 866//866 867//867
f 868//868 869//869 870//870
f 871//871 872//872 873//873
f 874//874 875//875 876//876
f 877//877 878//878 879//879
f 880//880 881//881 882//882
f 883//883 884//884 885//885
f 886//886 887//887 888//888
f 889//889 890//890 891//891
f 892//892 893//893 894//894
f 895//895 896//896 897//897
f 898//898 899//899 900//900
f 901//901 902//902 903//903
f 904//904 905//905 906//906
f 907//907 908//908 909//909
f 910//910 911//911 912//912
f 913//913 914//914 915//915
f 916//916 917//917 918//918
f 919//919 920//920 921//921
f 922//922 923//923 924//924
f 925//925 926//926 927//927
f 928//928 929//929 930//930
f 931//931 932//932 933//933
f 934//934 935//935 936//936
f 937//937 938//938 939//939
f 940//940 941//941 942//942
f 943//943 944//944 945//945
f 946//946 947//947 948//948
f 949//949 950//950 951//951
f 952//952 953//953 954//954
f 955//955 956//956 957//957
f 958//958 959//959 960//960
f 961//961 962//962 963//963
f 964//964 965//965 966//966
f 967//967 968//968 969//969
f 970//970 971//971 972//972
f 973//973 974//974 975//975
f 976//976 977//977 978//978
f 979//979 980//980 981//981
f 982//982 983//983 984//984
f 985//985 986//986 987//987
f 988//988 989//989 990//990
f 991//991 992//992 993//993
f 994//994 995//995 996//996
f 997//997 998//998 999//999
f 1000//1000 1001//1001 1002//1002
f 1003//1003 1004//1004 1005//1005
f 1006//1006 1007//1007 1008//1008
f 1009//1009 1010//1010 1011//1011
f 1012//1012 1013//1013 1014//1014
f 1015//1015 1016//1016 1017//1017
f 1018//1018 1019//1019 1020//1020
f 1021//1021 1022//1022 1023//1023
f 1024//1024 1025//1025 1026//1026
f 1027//1027 1028//1028 1029//1029
f 1030//1030 1031//1031 1032//1032
f 1033//1033 1034//1034 1035//1035
f 1036//1036 1037//1037 1038//1038
f 1039//1039 1040//1040 1041//1041
f 1042//1042 1043//1043 1044//1044
f 1045//1045 1046//1046 1047//1047
f 1048//1048 1049//1049 1050//1050
f 1051//1051 1052//1052 1053//1053
f 1054//1054 1055//1055 1056//1056
f 1057//1057 1058//1058 1059//1059
f 1060//1060 1061//1061 1062//1062
f 1063//1063 1064//1064 1065//1065
f 1066//1066 1067//1067 1068//1068
f 1069//1069 1070//1070 1071//1071
f 1072//1072 1073//1073 1074//1074
f 1075//1075 1076//1076 1077//1077
f 1078//1078 1079//1079 1080//1080
f 1081//1081 1082//1082 1083//1083
f 1084//1084 1085//1085 1086//1086
