o node2
usemtl Part__Feature002_007_001_002
v 0.009009896777570248 -0.004297375213354826 -0.012202195823192596
v 0.009001134894788265 0.00049998500617221 -0.012023597955703735
v 0.008999823592603207 0.0005000000237487257 -0.012654200196266174
v 0.009001374244689941 -0.001011549960821867 -0.012705698609352112
v 0.009009896777570248 -0.004297375213354826 -0.012202195823192596
v 0.008999823592603207 0.0005000000237487257 -0.012654200196266174
v 0.008997917175292969 -0.010975769720971584 -0.014148101210594177
v 0.009010075591504574 -0.015714280307292938 -0.014140099287033081
v 0.009007452987134457 -0.009599566459655762 -0.01281139999628067
v 0.009040473960340023 -0.016027510166168213 -0.015378698706626892
v 0.009010075591504574 -0.015714280307292938 -0.014140099287033081
v 0.008997917175292969 -0.010975769720971584 -0.014148101210594177
v 0.008997856639325619 -0.0039941067807376385 -0.013294599950313568
v 0.009001374244689941 -0.001011549960821867 -0.012705698609352112
v 0.009001374244689941 -0.001100062974728644 -0.013169199228286743
v 0.008997856639325619 -0.0039941067807376385 -0.013294599950313568
v 0.009009896777570248 -0.004297375213354826 -0.012202195823192596
v 0.009001374244689941 -0.001011549960821867 -0.012705698609352112
v 0.008997917175292969 -0.010975769720971584 -0.014148101210594177
v 0.009009896777570248 -0.004297375213354826 -0.012202195823192596
v 0.008997856639325619 -0.0039941067807376385 -0.013294599950313568
v 0.008997917175292969 -0.010975769720971584 -0.014148101210594177
v 0.009007452987134457 -0.009599566459655762 -0.01281139999628067
v 0.009009896777570248 -0.004297375213354826 -0.012202195823192596
v 0.02452141046524048 0.000500885013025254 -0.0022248998284339905
v 0.02469182014465332 -0.0009814209770411253 -0.0024207010865211487
v 0.025104640051722527 0.0004986500134691596 -0.002827197313308716
v 0.02334517054259777 -0.00502741290256381 -0.0026045963168144226
v 0.02366507053375244 -0.0020831821020692587 -0.0022462978959083557
v 0.023214340209960938 -0.002750277053564787 -0.002469196915626526
v 0.023387840017676353 -0.008990705013275146 -0.0031955018639564514
v 0.023009300231933594 -0.00804150104522705 -0.0032712966203689575
v 0.02307415008544922 -0.011019700206816196 -0.003867998719215393
v 0.024880940094590187 -0.008636057376861572 -0.003616899251937866
v 0.024774370715022087 -0.010360060259699821 -0.0038162022829055786
v 0.025023629888892174 -0.01441735029220581 -0.005041897296905518
v 0.024511629715561867 -0.011475980281829834 -0.0038245990872383118
v 0.025023629888892174 -0.01441735029220581 -0.005041897296905518
v 0.024774370715022087 -0.010360060259699821 -0.0038162022829055786
v 0.025023629888892174 -0.01441735029220581 -0.005041897296905518
v 0.02545326016843319 -0.018256599083542824 -0.006880700588226318
v 0.0252646803855896 -0.015741940587759018 -0.005886897444725037
v 0.025187550112605095 -0.018239250406622887 -0.006378896534442902
v 0.02545326016843319 -0.018256599083542824 -0.006880700588226318
v 0.025023629888892174 -0.01441735029220581 -0.005041897296905518
v 0.024795709177851677 -0.015715470537543297 -0.005166701972484589
v 0.024723049253225327 -0.018346009775996208 -0.006122201681137085
v 0.025187550112605095 -0.018239250406622887 -0.006378896534442902
v 0.02441048063337803 -0.01588754914700985 -0.005020700395107269
v 0.02416658028960228 -0.018293380737304688 -0.005983099341392517
v 0.024723049253225327 -0.018346009775996208 -0.006122201681137085
v 0.023214340209960938 -0.002750277053564787 -0.002469196915626526
v 0.022962570190429688 -0.004266619216650724 -0.0027915015816688538
v 0.02334517054259777 -0.00502741290256381 -0.0026045963168144226
v 0.02441048063337803 -0.01588754914700985 -0.005020700395107269
v 0.024723049253225327 -0.018346009775996208 -0.006122201681137085
v 0.024795709177851677 -0.015715470537543297 -0.005166701972484589
v 0.023484230041503906 -0.016895709559321404 -0.0055963024497032166
v 0.02416658028960228 -0.018293380737304688 -0.005983099341392517
v 0.024059349671006203 -0.01686275005340576 -0.005375400185585022
v 0.024059349671006203 -0.01686275005340576 -0.005375400185585022
v 0.02416658028960228 -0.018293380737304688 -0.005983099341392517
v 0.02441048063337803 -0.01588754914700985 -0.005020700395107269
v 0.023484230041503906 -0.016895709559321404 -0.0055963024497032166
v 0.02371037006378174 -0.01836800016462803 -0.006217695772647858
v 0.02416658028960228 -0.018293380737304688 -0.005983099341392517
v 0.02469182014465332 -0.0009814209770411253 -0.0024207010865211487
v 0.02408342994749546 -0.0013545750407502055 -0.0021945014595985413
v 0.02410167083144188 -0.0023599860724061728 -0.002254702150821686
v 0.024007489904761314 -0.014634490013122559 -0.004558898508548737
v 0.024059349671006203 -0.01686275005340576 -0.005375400185585022
v 0.02441048063337803 -0.01588754914700985 -0.005020700395107269
v 0.02356439083814621 -0.014837440103292465 -0.004709996283054352
v 0.024059349671006203 -0.01686275005340576 -0.005375400185585022
v 0.024007489904761314 -0.014634490013122559 -0.004558898508548737
v 0.023145610466599464 -0.014517179690301418 -0.004898101091384888
v 0.023484230041503906 -0.016895709559321404 -0.0055963024497032166
v 0.02356439083814621 -0.014837440103292465 -0.004709996283054352
v 0.024880940094590187 -0.008636057376861572 -0.003616899251937866
v 0.0252646803855896 -0.015741940587759018 -0.005886897444725037
v 0.02505505084991455 -0.01125525962561369 -0.004568502306938171
v 0.024880940094590187 -0.008636057376861572 -0.003616899251937866
v 0.025023629888892174 -0.01441735029220581 -0.005041897296905518
v 0.0252646803855896 -0.015741940587759018 -0.005886897444725037
v 0.02441048063337803 -0.01588754914700985 -0.005020700395107269
v 0.024795709177851677 -0.015715470537543297 -0.005166701972484589
v 0.024511629715561867 -0.011475980281829834 -0.0038245990872383118
v 0.024007489904761314 -0.014634490013122559 -0.004558898508548737
v 0.02441048063337803 -0.01588754914700985 -0.005020700395107269
v 0.024002250283956528 -0.012067790143191814 -0.003814101219177246
v 0.024511629715561867 -0.011475980281829834 -0.0038245990872383118
v 0.024795709177851677 -0.015715470537543297 -0.005166701972484589
v 0.025023629888892174 -0.01441735029220581 -0.005041897296905518
v 0.02354460023343563 -0.012084539979696274 -0.003877095878124237
v 0.02356439083814621 -0.014837440103292465 -0.004709996283054352
v 0.024007489904761314 -0.014634490013122559 -0.004558898508548737
v 0.024002250283956528 -0.012067790143191814 -0.003814101219177246
v 0.02441048063337803 -0.01588754914700985 -0.005020700395107269
v 0.024511629715561867 -0.011475980281829834 -0.0038245990872383118
v 0.024313390254974365 -0.01030998956412077 -0.0034675002098083496
v 0.024511629715561867 -0.011475980281829834 -0.0038245990872383118
v 0.024774370715022087 -0.010360060259699821 -0.0038162022829055786
v 0.02354460023343563 -0.012084539979696274 -0.003877095878124237
v 0.024007489904761314 -0.014634490013122559 -0.004558898508548737
v 0.024002250283956528 -0.012067790143191814 -0.003814101219177246
v 0.02307415008544922 -0.011019700206816196 -0.003867998719215393
v 0.02356439083814621 -0.014837440103292465 -0.004709996283054352
v 0.02354460023343563 -0.012084539979696274 -0.003877095878124237
v 0.023145610466599464 -0.014517179690301418 -0.004898101091384888
v 0.02356439083814621 -0.014837440103292465 -0.004709996283054352
v 0.02307415008544922 -0.011019700206816196 -0.003867998719215393
v 0.023764610290527344 -0.005369603168219328 -0.0025331005454063416
v 0.024185119196772575 -0.005193113815039396 -0.0025594010949134827
v 0.02410167083144188 -0.0023599860724061728 -0.002254702150821686
v 0.023764610290527344 -0.005369603168219328 -0.0025331005454063416
v 0.02410167083144188 -0.0023599860724061728 -0.002254702150821686
v 0.02366507053375244 -0.0020831821020692587 -0.0022462978959083557
v 0.023764610290527344 -0.005369603168219328 -0.0025331005454063416
v 0.02366507053375244 -0.0020831821020692587 -0.0022462978959083557
v 0.02334517054259777 -0.00502741290256381 -0.0026045963168144226
v 0.02439766936004162 -0.007880507968366146 -0.0030255988240242004
v 0.024774370715022087 -0.010360060259699821 -0.0038162022829055786
v 0.024880940094590187 -0.008636057376861572 -0.003616899251937866
v 0.02439766936004162 -0.007880507968366146 -0.0030255988240242004
v 0.024313390254974365 -0.01030998956412077 -0.0034675002098083496
v 0.024774370715022087 -0.010360060259699821 -0.0038162022829055786
v 0.024577489122748375 -0.0031803250312805176 -0.0025250017642974854
v 0.024863360449671745 -0.004210590850561857 -0.0029304027557373047
v 0.02469182014465332 -0.0009814209770411253 -0.0024207010865211487
v 0.02373689040541649 -0.009111106395721436 -0.0031324997544288635
v 0.024313390254974365 -0.01030998956412077 -0.0034675002098083496
v 0.02439766936004162 -0.007880507968366146 -0.0030255988240242004
v 0.025001460686326027 -0.004980266094207764 -0.0033385977149009705
v 0.024880940094590187 -0.008636057376861572 -0.003616899251937866
v 0.02505505084991455 -0.01125525962561369 -0.004568502306938171
v 0.02469182014465332 -0.0009814209770411253 -0.0024207010865211487
v 0.02410167083144188 -0.0023599860724061728 -0.002254702150821686
v 0.024577489122748375 -0.0031803250312805176 -0.0025250017642974854
v 0.024863360449671745 -0.004210590850561857 -0.0029304027557373047
v 0.024880940094590187 -0.008636057376861572 -0.003616899251937866
v 0.025001460686326027 -0.004980266094207764 -0.0033385977149009705
v 0.02366507053375244 -0.0020831821020692587 -0.0022462978959083557
v 0.023940559476614 0.0004993199836462736 -0.0021210014820098877
v 0.023252010345458984 0.000498786976095289 -0.0023413002490997314
v 0.023764610290527344 -0.005369603168219328 -0.0025331005454063416
v 0.02373689040541649 -0.009111106395721436 -0.0031324997544288635
v 0.02439766936004162 -0.007880507968366146 -0.0030255988240242004
v 0.023764610290527344 -0.005369603168219328 -0.0025331005454063416
v 0.02439766936004162 -0.007880507968366146 -0.0030255988240242004
v 0.024185119196772575 -0.005193113815039396 -0.0025594010949134827
v 0.02439766936004162 -0.007880507968366146 -0.0030255988240242004
v 0.024880940094590187 -0.008636057376861572 -0.003616899251937866
v 0.024863360449671745 -0.004210590850561857 -0.0029304027557373047
v 0.023009300231933594 -0.00804150104522705 -0.0032712966203689575
v 0.023387840017676353 -0.008990705013275146 -0.0031955018639564514
v 0.02334517054259777 -0.00502741290256381 -0.0026045963168144226
v 0.023764610290527344 -0.005369603168219328 -0.0025331005454063416
v 0.023387840017676353 -0.008990705013275146 -0.0031955018639564514
v 0.02373689040541649 -0.009111106395721436 -0.0031324997544288635
v 0.02334517054259777 -0.00502741290256381 -0.0026045963168144226
v 0.023387840017676353 -0.008990705013275146 -0.0031955018639564514
v 0.023764610290527344 -0.005369603168219328 -0.0025331005454063416
v 0.022962570190429688 -0.004266619216650724 -0.0027915015816688538
v 0.023009300231933594 -0.00804150104522705 -0.0032712966203689575
v 0.02334517054259777 -0.00502741290256381 -0.0026045963168144226
v 0.024313390254974365 -0.01030998956412077 -0.0034675002098083496
v 0.024002250283956528 -0.012067790143191814 -0.003814101219177246
v 0.024511629715561867 -0.011475980281829834 -0.0038245990872383118
v 0.024313390254974365 -0.01030998956412077 -0.0034675002098083496
v 0.02373689040541649 -0.009111106395721436 -0.0031324997544288635
v 0.024002250283956528 -0.012067790143191814 -0.003814101219177246
v 0.02469182014465332 -0.0009814209770411253 -0.0024207010865211487
v 0.024863360449671745 -0.004210590850561857 -0.0029304027557373047
v 0.025104640051722527 0.0004986500134691596 -0.002827197313308716
v 0.023214340209960938 -0.002750277053564787 -0.002469196915626526
v 0.02366507053375244 -0.0020831821020692587 -0.0022462978959083557
v 0.023252010345458984 0.000498786976095289 -0.0023413002490997314
v 0.02354460023343563 -0.012084539979696274 -0.003877095878124237
v 0.024002250283956528 -0.012067790143191814 -0.003814101219177246
v 0.02373689040541649 -0.009111106395721436 -0.0031324997544288635
v 0.02354460023343563 -0.012084539979696274 -0.003877095878124237
v 0.02373689040541649 -0.009111106395721436 -0.0031324997544288635
v 0.023387840017676353 -0.008990705013275146 -0.0031955018639564514
v 0.024577489122748375 -0.0031803250312805176 -0.0025250017642974854
v 0.024185119196772575 -0.005193113815039396 -0.0025594010949134827
v 0.02439766936004162 -0.007880507968366146 -0.0030255988240242004
v 0.024185119196772575 -0.005193113815039396 -0.0025594010949134827
v 0.024577489122748375 -0.0031803250312805176 -0.0025250017642974854
v 0.02410167083144188 -0.0023599860724061728 -0.002254702150821686
v 0.023387840017676353 -0.008990705013275146 -0.0031955018639564514
v 0.02307415008544922 -0.011019700206816196 -0.003867998719215393
v 0.02354460023343563 -0.012084539979696274 -0.003877095878124237
v 0.02408342994749546 -0.0013545750407502055 -0.0021945014595985413
v 0.02366507053375244 -0.0020831821020692587 -0.0022462978959083557
v 0.02410167083144188 -0.0023599860724061728 -0.002254702150821686
v 0.024577489122748375 -0.0031803250312805176 -0.0025250017642974854
v 0.02439766936004162 -0.007880507968366146 -0.0030255988240242004
v 0.024863360449671745 -0.004210590850561857 -0.0029304027557373047
v 0.02408342994749546 -0.0013545750407502055 -0.0021945014595985413
v 0.023940559476614 0.0004993199836462736 -0.0021210014820098877
v 0.02366507053375244 -0.0020831821020692587 -0.0022462978959083557
v 0.022962570190429688 -0.004266619216650724 -0.0027915015816688538
v 0.023214340209960938 -0.002750277053564787 -0.002469196915626526
v 0.023252010345458984 0.000498786976095289 -0.0023413002490997314
v 0.024795709177851677 -0.015715470537543297 -0.005166701972484589
v 0.025187550112605095 -0.018239250406622887 -0.006378896534442902
v 0.025023629888892174 -0.01441735029220581 -0.005041897296905518
v 0.02452141046524048 0.000500885013025254 -0.0022248998284339905
v 0.02408342994749546 -0.0013545750407502055 -0.0021945014595985413
v 0.02469182014465332 -0.0009814209770411253 -0.0024207010865211487
v 0.02452141046524048 0.000500885013025254 -0.0022248998284339905
v 0.023940559476614 0.0004993199836462736 -0.0021210014820098877
v 0.02408342994749546 -0.0013545750407502055 -0.0021945014595985413
v 0.024059349671006203 -0.01686275005340576 -0.005375400185585022
v 0.02356439083814621 -0.014837440103292465 -0.004709996283054352
v 0.023484230041503906 -0.016895709559321404 -0.0055963024497032166
v 0.025001460686326027 -0.004980266094207764 -0.0033385977149009705
v 0.025104640051722527 0.0004986500134691596 -0.002827197313308716
v 0.024863360449671745 -0.004210590850561857 -0.0029304027557373047
v 0.010331690311431885 -0.017806049436330795 -0.014428898692131042
v 0.013637780211865902 -0.0168340802192688 -0.013193100690841675
v 0.011968369595706463 -0.013853490352630615 -0.01287040114402771
v 0.01819068007171154 -0.015008330345153809 -0.0101919025182724
v 0.01989758014678955 -0.012500880286097527 -0.008078299462795258
v 0.018136680126190186 -0.01242469996213913 -0.00951489806175232
v 0.01819068007171154 -0.015008330345153809 -0.0101919025182724
v 0.020115429535508156 -0.014935550279915333 -0.00861380249261856
v 0.01989758014678955 -0.012500880286097527 -0.008078299462795258
v 0.022120829671621323 -0.015060660429298878 -0.006518997251987457
v 0.023145610466599464 -0.014517179690301418 -0.004898101091384888
v 0.021861430257558823 -0.012491400353610516 -0.005970701575279236
v 0.009118913672864437 -0.005131542216986418 -0.01214669644832611
v 0.010681499727070332 -0.003163397079333663 -0.01164189726114273
v 0.009115040302276611 -0.002458930015563965 -0.011982999742031097
v 0.010331690311431885 -0.017806049436330795 -0.014428898692131042
v 0.011968369595706463 -0.013853490352630615 -0.01287040114402771
v 0.01051556970924139 -0.013281639665365219 -0.01311039924621582
v 0.016653060913085938 -0.008513331413269043 -0.009726397693157196
v 0.018264170736074448 -0.0084342947229743 -0.008620396256446838
v 0.017206130549311638 -0.004600942134857178 -0.008961699903011322
v 0.012167810462415218 -0.0034469959791749716 -0.011237196624279022
v 0.01368016004562378 -0.003463864093646407 -0.010697901248931885
v 0.014486960135400295 0.0004998670192435384 -0.010300196707248688
v 0.012167810462415218 -0.0034469959791749716 -0.011237196624279022
v 0.014486960135400295 0.0004998670192435384 -0.010300196707248688
v 0.012249410152435303 0.0004996189964003861 -0.011122800409793854
v 0.009218989871442318 -0.016212640330195427 -0.014126896858215332
v 0.01051556970924139 -0.013281639665365219 -0.01311039924621582
v 0.009119330905377865 -0.012539139948785305 -0.013235501945018768
v 0.018979189917445183 -0.0169752798974514 -0.010300301015377045
v 0.020655149593949318 -0.016996320337057114 -0.00888659805059433
v 0.020115429535508156 -0.014935550279915333 -0.00861380249261856
v 0.01989758014678955 -0.012500880286097527 -0.008078299462795258
v 0.0215603094547987 -0.008546531200408936 -0.005387097597122192
v 0.020068999379873276 -0.008493423461914062 -0.007043495774269104
v 0.01989758014678955 -0.012500880286097527 -0.008078299462795258
v 0.021861430257558823 -0.012491400353610516 -0.005970701575279236
v 0.0215603094547987 -0.008546531200408936 -0.005387097597122192
v 0.010331690311431885 -0.017806049436330795 -0.014428898692131042
v 0.013182399794459343 -0.018287060782313347 -0.013854697346687317
v 0.013637780211865902 -0.0168340802192688 -0.013193100690841675
v 0.010275419801473618 -0.008311568759381771 -0.012245096266269684
v 0.012012000195682049 -0.008701980113983154 -0.011830195784568787
v 0.012167810462415218 -0.0034469959791749716 -0.011237196624279022
v 0.010275419801473618 -0.008311568759381771 -0.012245096266269684
v 0.012167810462415218 -0.0034469959791749716 -0.011237196624279022
v 0.010681499727070332 -0.003163397079333663 -0.01164189726114273
v 0.010681499727070332 -0.003163397079333663 -0.01164189726114273
v 0.012249410152435303 0.0004996189964003861 -0.011122800409793854
v 0.009001134894788265 0.00049998500617221 -0.012023597955703735
v 0.010331690311431885 -0.017806049436330795 -0.014428898692131042
v 0.011484920047223568 -0.01832943968474865 -0.014385700225830078
v 0.013182399794459343 -0.018287060782313347 -0.013854697346687317
v 0.014344030059874058 -0.012410219758749008 -0.011695101857185364
v 0.016653060913085938 -0.008513331413269043 -0.009726397693157196
v 0.01511215977370739 -0.008472919464111328 -0.010570302605628967
v 0.014344030059874058 -0.012410219758749008 -0.011695101857185364
v 0.016510600224137306 -0.012476559728384018 -0.010590195655822754
v 0.016653060913085938 -0.008513331413269043 -0.009726397693157196
v 0.009218989871442318 -0.016212640330195427 -0.014126896858215332
v 0.010331690311431885 -0.017806049436330795 -0.014428898692131042
v 0.01051556970924139 -0.013281639665365219 -0.01311039924621582
v 0.01976907067000866 -0.018282940611243248 -0.010262101888656616
v 0.021494150161743164 -0.018248429521918297 -0.008652999997138977
v 0.020655149593949318 -0.016996320337057114 -0.00888659805059433
v 0.009680449031293392 -0.01712374947965145 -0.014318801462650299
v 0.010331690311431885 -0.017806049436330795 -0.014428898692131042
v 0.009218989871442318 -0.016212640330195427 -0.014126896858215332
v 0.018979189917445183 -0.0169752798974514 -0.010300301015377045
v 0.020115429535508156 -0.014935550279915333 -0.00861380249261856
v 0.01819068007171154 -0.015008330345153809 -0.0101919025182724
v 0.022194260731339455 -0.0032862420193850994 -0.003904499113559723
v 0.023252010345458984 0.000498786976095289 -0.0023413002490997314
v 0.021232839673757553 0.0005000170203857124 -0.005233496427536011
v 0.022194260731339455 -0.0032862420193850994 -0.003904499113559723
v 0.022962570190429688 -0.004266619216650724 -0.0027915015816688538
v 0.023252010345458984 0.000498786976095289 -0.0023413002490997314
v 0.02058815024793148 -0.0017257330473512411 -0.005950398743152618
v 0.022194260731339455 -0.0032862420193850994 -0.003904499113559723
v 0.021232839673757553 0.0005000170203857124 -0.005233496427536011
v 0.010275419801473618 -0.008311568759381771 -0.012245096266269684
v 0.010681499727070332 -0.003163397079333663 -0.01164189726114273
v 0.009118913672864437 -0.005131542216986418 -0.01214669644832611
v 0.023484230041503906 -0.016895709559321404 -0.0055963024497032166
v 0.023145610466599464 -0.014517179690301418 -0.004898101091384888
v 0.022120829671621323 -0.015060660429298878 -0.006518997251987457
v 0.02058815024793148 -0.0017257330473512411 -0.005950398743152618
v 0.021232839673757553 0.0005000170203857124 -0.005233496427536011
v 0.019210150465369225 0.0005000180099159479 -0.007335402071475983
v 0.016063030809164047 -0.015968680381774902 -0.01180960237979889
v 0.018136680126190186 -0.01242469996213913 -0.00951489806175232
v 0.016510600224137306 -0.012476559728384018 -0.010590195655822754
v 0.016063030809164047 -0.015968680381774902 -0.01180960237979889
v 0.01819068007171154 -0.015008330345153809 -0.0101919025182724
v 0.018136680126190186 -0.01242469996213913 -0.00951489806175232
v 0.01976907067000866 -0.018282940611243248 -0.010262101888656616
v 0.020655149593949318 -0.016996320337057114 -0.00888659805059433
v 0.018979189917445183 -0.0169752798974514 -0.010300301015377045
v 0.010681499727070332 -0.003163397079333663 -0.01164189726114273
v 0.012167810462415218 -0.0034469959791749716 -0.011237196624279022
v 0.012249410152435303 0.0004996189964003861 -0.011122800409793854
v 0.014344030059874058 -0.012410219758749008 -0.011695101857185364
v 0.01511215977370739 -0.008472919464111328 -0.010570302605628967
v 0.013651429675519466 -0.008504629135131836 -0.011223897337913513
v 0.018508130684494972 -0.0015214680461212993 -0.007883898913860321
v 0.02058815024793148 -0.0017257330473512411 -0.005950398743152618
v 0.019210150465369225 0.0005000180099159479 -0.007335402071475983
v 0.01511215977370739 -0.008472919464111328 -0.010570302605628967
v 0.016653060913085938 -0.008513331413269043 -0.009726397693157196
v 0.017206130549311638 -0.004600942134857178 -0.008961699903011322
v 0.01511215977370739 -0.008472919464111328 -0.010570302605628967
v 0.017206130549311638 -0.004600942134857178 -0.008961699903011322
v 0.01530689001083374 -0.0031725759617984295 -0.009948097169399261
v 0.02089107036590576 -0.004617750179022551 -0.0057082995772361755
v 0.022194260731339455 -0.0032862420193850994 -0.003904499113559723
v 0.02058815024793148 -0.0017257330473512411 -0.005950398743152618
v 0.010275419801473618 -0.008311568759381771 -0.012245096266269684
v 0.009118913672864437 -0.005131542216986418 -0.01214669644832611
v 0.009117484092712402 -0.008131206035614014 -0.012475498020648956
v 0.01717239059507847 -0.01695304922759533 -0.011514000594615936
v 0.018979189917445183 -0.0169752798974514 -0.010300301015377045
v 0.01819068007171154 -0.015008330345153809 -0.0101919025182724
v 0.0215603094547987 -0.008546531200408936 -0.005387097597122192
v 0.022962570190429688 -0.004266619216650724 -0.0027915015816688538
v 0.022194260731339455 -0.0032862420193850994 -0.003904499113559723
v 0.018508130684494972 -0.0015214680461212993 -0.007883898913860321
v 0.019210150465369225 0.0005000180099159479 -0.007335402071475983
v 0.017141640186309814 0.0004967169952578843 -0.008843697607517242
v 0.009115040302276611 -0.002458930015563965 -0.011982999742031097
v 0.010681499727070332 -0.003163397079333663 -0.01164189726114273
v 0.009001134894788265 0.00049998500617221 -0.012023597955703735
v 0.01717239059507847 -0.01695304922759533 -0.011514000594615936
v 0.01819068007171154 -0.015008330345153809 -0.0101919025182724
v 0.016063030809164047 -0.015968680381774902 -0.01180960237979889
v 0.0215603094547987 -0.008546531200408936 -0.005387097597122192
v 0.023009300231933594 -0.00804150104522705 -0.0032712966203689575
v 0.022962570190429688 -0.004266619216650724 -0.0027915015816688538
v 0.014372110366821289 -0.014930300414562225 -0.012324199080467224
v 0.016063030809164047 -0.015968680381774902 -0.01180960237979889
v 0.016510600224137306 -0.012476559728384018 -0.010590195655822754
v 0.019265109673142433 -0.00456500006839633 -0.007368102669715881
v 0.02089107036590576 -0.004617750179022551 -0.0057082995772361755
v 0.02058815024793148 -0.0017257330473512411 -0.005950398743152618
v 0.014372110366821289 -0.014930300414562225 -0.012324199080467224
v 0.016510600224137306 -0.012476559728384018 -0.010590195655822754
v 0.014344030059874058 -0.012410219758749008 -0.011695101857185364
v 0.011968369595706463 -0.013853490352630615 -0.01287040114402771
v 0.014344030059874058 -0.012410219758749008 -0.011695101857185364
v 0.013651429675519466 -0.008504629135131836 -0.011223897337913513
v 0.011968369595706463 -0.013853490352630615 -0.01287040114402771
v 0.013651429675519466 -0.008504629135131836 -0.011223897337913513
v 0.012012000195682049 -0.008701980113983154 -0.011830195784568787
v 0.018136680126190186 -0.01242469996213913 -0.00951489806175232
v 0.01989758014678955 -0.012500880286097527 -0.008078299462795258
v 0.020068999379873276 -0.008493423461914062 -0.007043495774269104
v 0.018136680126190186 -0.01242469996213913 -0.00951489806175232
v 0.020068999379873276 -0.008493423461914062 -0.007043495774269104
v 0.018264170736074448 -0.0084342947229743 -0.008620396256446838
v 0.017571210861206055 -0.018296420574188232 -0.011828802525997162
v 0.01976907067000866 -0.018282940611243248 -0.010262101888656616
v 0.018979189917445183 -0.0169752798974514 -0.010300301015377045
v 0.021494150161743164 -0.018248429521918297 -0.008652999997138977
v 0.023484230041503906 -0.016895709559321404 -0.0055963024497032166
v 0.022120829671621323 -0.015060660429298878 -0.006518997251987457
v 0.0215603094547987 -0.008546531200408936 -0.005387097597122192
v 0.022194260731339455 -0.0032862420193850994 -0.003904499113559723
v 0.02089107036590576 -0.004617750179022551 -0.0057082995772361755
v 0.019265109673142433 -0.00456500006839633 -0.007368102669715881
v 0.02058815024793148 -0.0017257330473512411 -0.005950398743152618
v 0.018508130684494972 -0.0015214680461212993 -0.007883898913860321
v 0.020115429535508156 -0.014935550279915333 -0.00861380249261856
v 0.022120829671621323 -0.015060660429298878 -0.006518997251987457
v 0.021861430257558823 -0.012491400353610516 -0.005970701575279236
v 0.017571210861206055 -0.018296420574188232 -0.011828802525997162
v 0.018979189917445183 -0.0169752798974514 -0.010300301015377045
v 0.01717239059507847 -0.01695304922759533 -0.011514000594615936
v 0.020068999379873276 -0.008493423461914062 -0.007043495774269104
v 0.0215603094547987 -0.008546531200408936 -0.005387097597122192
v 0.02089107036590576 -0.004617750179022551 -0.0057082995772361755
v 0.0215603094547987 -0.008546531200408936 -0.005387097597122192
v 0.02307415008544922 -0.011019700206816196 -0.003867998719215393
v 0.023009300231933594 -0.00804150104522705 -0.0032712966203689575
v 0.023484230041503906 -0.016895709559321404 -0.0055963024497032166
v 0.02263258956372738 -0.018293140456080437 -0.00744909793138504
v 0.02371037006378174 -0.01836800016462803 -0.006217695772647858
v 0.01530689001083374 -0.0031725759617984295 -0.009948097169399261
v 0.017141640186309814 0.0004967169952578843 -0.008843697607517242
v 0.014486960135400295 0.0004998670192435384 -0.010300196707248688
v 0.010275419801473618 -0.008311568759381771 -0.012245096266269684
v 0.009117484092712402 -0.008131206035614014 -0.012475498020648956
v 0.009119330905377865 -0.012539139948785305 -0.013235501945018768
v 0.01051556970924139 -0.013281639665365219 -0.01311039924621582
v 0.012012000195682049 -0.008701980113983154 -0.011830195784568787
v 0.010275419801473618 -0.008311568759381771 -0.012245096266269684
v 0.017206130549311638 -0.004600942134857178 -0.008961699903011322
v 0.019265109673142433 -0.00456500006839633 -0.007368102669715881
v 0.018508130684494972 -0.0015214680461212993 -0.007883898913860321
v 0.020068999379873276 -0.008493423461914062 -0.007043495774269104
v 0.02089107036590576 -0.004617750179022551 -0.0057082995772361755
v 0.019265109673142433 -0.00456500006839633 -0.007368102669715881
v 0.020115429535508156 -0.014935550279915333 -0.00861380249261856
v 0.021861430257558823 -0.012491400353610516 -0.005970701575279236
v 0.01989758014678955 -0.012500880286097527 -0.008078299462795258
v 0.013637780211865902 -0.0168340802192688 -0.013193100690841675
v 0.016063030809164047 -0.015968680381774902 -0.01180960237979889
v 0.014372110366821289 -0.014930300414562225 -0.012324199080467224
v 0.013651429675519466 -0.008504629135131836 -0.011223897337913513
v 0.01530689001083374 -0.0031725759617984295 -0.009948097169399261
v 0.01368016004562378 -0.003463864093646407 -0.010697901248931885
v 0.013651429675519466 -0.008504629135131836 -0.011223897337913513
v 0.01511215977370739 -0.008472919464111328 -0.010570302605628967
v 0.01530689001083374 -0.0031725759617984295 -0.009948097169399261
v 0.01051556970924139 -0.013281639665365219 -0.01311039924621582
v 0.010275419801473618 -0.008311568759381771 -0.012245096266269684
v 0.009119330905377865 -0.012539139948785305 -0.013235501945018768
v 0.01543502975255251 -0.018235260620713234 -0.012930497527122498
v 0.01717239059507847 -0.01695304922759533 -0.011514000594615936
v 0.016063030809164047 -0.015968680381774902 -0.01180960237979889
v 0.01543502975255251 -0.018235260620713234 -0.012930497527122498
v 0.017571210861206055 -0.018296420574188232 -0.011828802525997162
v 0.01717239059507847 -0.01695304922759533 -0.011514000594615936
v 0.017206130549311638 -0.004600942134857178 -0.008961699903011322
v 0.018508130684494972 -0.0015214680461212993 -0.007883898913860321
v 0.017141640186309814 0.0004967169952578843 -0.008843697607517242
v 0.01051556970924139 -0.013281639665365219 -0.01311039924621582
v 0.011968369595706463 -0.013853490352630615 -0.01287040114402771
v 0.012012000195682049 -0.008701980113983154 -0.011830195784568787
v 0.011968369595706463 -0.013853490352630615 -0.01287040114402771
v 0.014372110366821289 -0.014930300414562225 -0.012324199080467224
v 0.014344030059874058 -0.012410219758749008 -0.011695101857185364
v 0.018264170736074448 -0.0084342947229743 -0.008620396256446838
v 0.020068999379873276 -0.008493423461914062 -0.007043495774269104
v 0.019265109673142433 -0.00456500006839633 -0.007368102669715881
v 0.021861430257558823 -0.012491400353610516 -0.005970701575279236
v 0.02307415008544922 -0.011019700206816196 -0.003867998719215393
v 0.0215603094547987 -0.008546531200408936 -0.005387097597122192
v 0.021861430257558823 -0.012491400353610516 -0.005970701575279236
v 0.023145610466599464 -0.014517179690301418 -0.004898101091384888
v 0.02307415008544922 -0.011019700206816196 -0.003867998719215393
v 0.020655149593949318 -0.016996320337057114 -0.00888659805059433
v 0.022120829671621323 -0.015060660429298878 -0.006518997251987457
v 0.020115429535508156 -0.014935550279915333 -0.00861380249261856
v 0.020655149593949318 -0.016996320337057114 -0.00888659805059433
v 0.021494150161743164 -0.018248429521918297 -0.008652999997138977
v 0.022120829671621323 -0.015060660429298878 -0.006518997251987457
v 0.01543502975255251 -0.018235260620713234 -0.012930497527122498
v 0.016063030809164047 -0.015968680381774902 -0.01180960237979889
v 0.013637780211865902 -0.0168340802192688 -0.013193100690841675
v 0.01368016004562378 -0.003463864093646407 -0.010697901248931885
v 0.01530689001083374 -0.0031725759617984295 -0.009948097169399261
v 0.014486960135400295 0.0004998670192435384 -0.010300196707248688
v 0.02263258956372738 -0.018293140456080437 -0.00744909793138504
v 0.023484230041503906 -0.016895709559321404 -0.0055963024497032166
v 0.021494150161743164 -0.018248429521918297 -0.008652999997138977
v 0.016510600224137306 -0.012476559728384018 -0.010590195655822754
v 0.018136680126190186 -0.01242469996213913 -0.00951489806175232
v 0.018264170736074448 -0.0084342947229743 -0.008620396256446838
v 0.016510600224137306 -0.012476559728384018 -0.010590195655822754
v 0.018264170736074448 -0.0084342947229743 -0.008620396256446838
v 0.016653060913085938 -0.008513331413269043 -0.009726397693157196
v 0.013637780211865902 -0.0168340802192688 -0.013193100690841675
v 0.014372110366821289 -0.014930300414562225 -0.012324199080467224
v 0.011968369595706463 -0.013853490352630615 -0.01287040114402771
v 0.01530689001083374 -0.0031725759617984295 -0.009948097169399261
v 0.017206130549311638 -0.004600942134857178 -0.008961699903011322
v 0.017141640186309814 0.0004967169952578843 -0.008843697607517242
v 0.012012000195682049 -0.008701980113983154 -0.011830195784568787
v 0.01368016004562378 -0.003463864093646407 -0.010697901248931885
v 0.012167810462415218 -0.0034469959791749716 -0.011237196624279022
v 0.012012000195682049 -0.008701980113983154 -0.011830195784568787
v 0.013651429675519466 -0.008504629135131836 -0.011223897337913513
v 0.01368016004562378 -0.003463864093646407 -0.010697901248931885
v 0.013182399794459343 -0.018287060782313347 -0.013854697346687317
v 0.01543502975255251 -0.018235260620713234 -0.012930497527122498
v 0.013637780211865902 -0.0168340802192688 -0.013193100690841675
v 0.018264170736074448 -0.0084342947229743 -0.008620396256446838
v 0.019265109673142433 -0.00456500006839633 -0.007368102669715881
v 0.017206130549311638 -0.004600942134857178 -0.008961699903011322
v 0.026547959074378014 -0.018225129693746567 -0.013024702668190002
v 0.027126610279083252 -0.018264170736074448 -0.015340596437454224
v 0.027076900005340576 -0.01278602983802557 -0.01537170261144638
v 0.026547959074378014 -0.018225129693746567 -0.013024702668190002
v 0.027076900005340576 -0.01278602983802557 -0.01537170261144638
v 0.026202259585261345 -0.014630969613790512 -0.011866196990013123
v 0.025804340839385986 -0.006391822826117277 -0.009907200932502747
v 0.026941120624542236 0.0004999670200049877 -0.014545902609825134
v 0.025617480278015137 0.0005000309902243316 -0.007917799055576324
v 0.030404210090637207 -0.018194910138845444 -0.02414359152317047
v 0.029519200325012207 -0.014078970067203045 -0.02211649715900421
v 0.0294908806681633 -0.018189430236816406 -0.02207113802433014
v 0.0252646803855896 -0.015741940587759018 -0.005886897444725037
v 0.025566989555954933 -0.015077290125191212 -0.008363999426364899
v 0.02505505084991455 -0.01125525962561369 -0.004568502306938171
v 0.02586537040770054 -0.01819830946624279 -0.009591802954673767
v 0.026202259585261345 -0.014630969613790512 -0.011866196990013123
v 0.025566989555954933 -0.015077290125191212 -0.008363999426364899
v 0.025104640051722527 0.0004986500134691596 -0.002827197313308716
v 0.025308430194854736 -0.005345702171325684 -0.006637997925281525
v 0.025617480278015137 0.0005000309902243316 -0.007917799055576324
v 0.026202259585261345 -0.014630969613790512 -0.011866196990013123
v 0.026530200615525246 -0.007772088050842285 -0.013320401310920715
v 0.025804340839385986 -0.006391822826117277 -0.009907200932502747
v 0.02586537040770054 -0.01819830946624279 -0.009591802954673767
v 0.026547959074378014 -0.018225129693746567 -0.013024702668190002
v 0.026202259585261345 -0.014630969613790512 -0.011866196990013123
v 0.025804340839385986 -0.006391822826117277 -0.009907200932502747
v 0.026530200615525246 -0.007772088050842285 -0.013320401310920715
v 0.026941120624542236 0.0004999670200049877 -0.014545902609825134
v 0.025001460686326027 -0.004980266094207764 -0.0033385977149009705
v 0.025308430194854736 -0.005345702171325684 -0.006637997925281525
v 0.025104640051722527 0.0004986500134691596 -0.002827197313308716
v 0.028639910742640495 -0.0037389989010989666 -0.01986529678106308
v 0.02859794907271862 -0.0010999439982697368 -0.01973789930343628
v 0.02842533029615879 -0.0010914800222963095 -0.019269496202468872
v 0.02832639031112194 -0.0009413139778189361 -0.019005797803401947
v 0.028639910742640495 -0.0037389989010989666 -0.01986529678106308
v 0.02842533029615879 -0.0010914800222963095 -0.019269496202468872
v 0.02779960073530674 -0.018213920295238495 -0.01749970018863678
v 0.02857184037566185 -0.01824486069381237 -0.019787102937698364
v 0.027076900005340576 -0.01278602983802557 -0.01537170261144638
v 0.02857184037566185 -0.01824486069381237 -0.019787102937698364
v 0.029519200325012207 -0.014078970067203045 -0.02211649715900421
v 0.028881490230560303 -0.00827181339263916 -0.02051989734172821
v 0.02586537040770054 -0.01819830946624279 -0.009591802954673767
v 0.025566989555954933 -0.015077290125191212 -0.008363999426364899
v 0.0252646803855896 -0.015741940587759018 -0.005886897444725037
v 0.02545326016843319 -0.018256599083542824 -0.006880700588226318
v 0.02586537040770054 -0.01819830946624279 -0.009591802954673767
v 0.0252646803855896 -0.015741940587759018 -0.005886897444725037
v 0.026941120624542236 0.0004999670200049877 -0.014545902609825134
v 0.02832639031112194 -0.0009413139778189361 -0.019005797803401947
v 0.02832150086760521 0.000500067020766437 -0.018987096846103668
v 0.025308430194854736 -0.005345702171325684 -0.006637997925281525
v 0.025804340839385986 -0.006391822826117277 -0.009907200932502747
v 0.025617480278015137 0.0005000309902243316 -0.007917799055576324
v 0.02505505084991455 -0.01125525962561369 -0.004568502306938171
v 0.025308430194854736 -0.005345702171325684 -0.006637997925281525
v 0.025001460686326027 -0.004980266094207764 -0.0033385977149009705
v 0.02857184037566185 -0.01824486069381237 -0.019787102937698364
v 0.028639910742640495 -0.0037389989010989666 -0.01986529678106308
v 0.02832639031112194 -0.0009413139778189361 -0.019005797803401947
v 0.02857184037566185 -0.01824486069381237 -0.019787102937698364
v 0.02832639031112194 -0.0009413139778189361 -0.019005797803401947
v 0.027076900005340576 -0.01278602983802557 -0.01537170261144638
v 0.026202259585261345 -0.014630969613790512 -0.011866196990013123
v 0.027076900005340576 -0.01278602983802557 -0.01537170261144638
v 0.026530200615525246 -0.007772088050842285 -0.013320401310920715
v 0.02857184037566185 -0.01824486069381237 -0.019787102937698364
v 0.028881490230560303 -0.00827181339263916 -0.02051989734172821
v 0.028639910742640495 -0.0037389989010989666 -0.01986529678106308
v 0.027076900005340576 -0.01278602983802557 -0.01537170261144638
v 0.02832639031112194 -0.0009413139778189361 -0.019005797803401947
v 0.026941120624542236 0.0004999670200049877 -0.014545902609825134
v 0.02857184037566185 -0.01824486069381237 -0.019787102937698364
v 0.0294908806681633 -0.018189430236816406 -0.02207113802433014
v 0.029519200325012207 -0.014078970067203045 -0.02211649715900421
v 0.025566989555954933 -0.015077290125191212 -0.008363999426364899
v 0.026202259585261345 -0.014630969613790512 -0.011866196990013123
v 0.025804340839385986 -0.006391822826117277 -0.009907200932502747
v 0.025566989555954933 -0.015077290125191212 -0.008363999426364899
v 0.025804340839385986 -0.006391822826117277 -0.009907200932502747
v 0.025308430194854736 -0.005345702171325684 -0.006637997925281525
v 0.026530200615525246 -0.007772088050842285 -0.013320401310920715
v 0.027076900005340576 -0.01278602983802557 -0.01537170261144638
v 0.026941120624542236 0.0004999670200049877 -0.014545902609825134
v 0.02505505084991455 -0.01125525962561369 -0.004568502306938171
v 0.025566989555954933 -0.015077290125191212 -0.008363999426364899
v 0.025308430194854736 -0.005345702171325684 -0.006637997925281525
v 0.027126610279083252 -0.018264170736074448 -0.015340596437454224
v 0.02779960073530674 -0.018213920295238495 -0.01749970018863678
v 0.027076900005340576 -0.01278602983802557 -0.01537170261144638
v 0.021866200491786003 -0.018374020233750343 -0.008496001362800598
v 0.02031010016798973 -0.018386900424957275 -0.01001480221748352
v 0.025735249742865562 -0.01837635040283203 -0.0097322016954422
v 0.02927345037460327 -0.018363110721111298 -0.021875038743019104
v 0.028367159888148308 -0.018396969884634018 -0.022887542843818665
v 0.030251260846853256 -0.01836811937391758 -0.024116650223731995
v 0.025138670578598976 -0.018391430377960205 -0.006600596010684967
v 0.021866200491786003 -0.018374020233750343 -0.008496001362800598
v 0.025735249742865562 -0.01837635040283203 -0.0097322016954422
v 0.025735249742865562 -0.01837635040283203 -0.0097322016954422
v 0.02031010016798973 -0.018386900424957275 -0.01001480221748352
v 0.026522209867835045 -0.018383260816335678 -0.013611897826194763
v 0.02927345037460327 -0.018363110721111298 -0.021875038743019104
v 0.023579349741339684 -0.018397510051727295 -0.020434901118278503
v 0.028367159888148308 -0.018396969884634018 -0.022887542843818665
v 0.02927345037460327 -0.018363110721111298 -0.021875038743019104
v 0.027373189106583595 -0.018379440531134605 -0.016680002212524414
v 0.023579349741339684 -0.018397510051727295 -0.020434901118278503
v 0.02031010016798973 -0.018386900424957275 -0.01001480221748352
v 0.01760374940931797 -0.018376290798187256 -0.011956997215747833
v 0.026522209867835045 -0.018383260816335678 -0.013611897826194763
v 0.027373189106583595 -0.018379440531134605 -0.016680002212524414
v 0.026522209867835045 -0.018383260816335678 -0.013611897826194763
v 0.023579349741339684 -0.018397510051727295 -0.020434901118278503
v 0.026522209867835045 -0.018383260816335678 -0.013611897826194763
v 0.01760374940931797 -0.018376290798187256 -0.011956997215747833
v 0.018038859590888023 -0.01840019039809704 -0.01824980229139328
v 0.025138670578598976 -0.018391430377960205 -0.006600596010684967
v 0.02371037006378174 -0.01836800016462803 -0.006217695772647858
v 0.021866200491786003 -0.018374020233750343 -0.008496001362800598
v 0.026522209867835045 -0.018383260816335678 -0.013611897826194763
v 0.018038859590888023 -0.01840019039809704 -0.01824980229139328
v 0.023579349741339684 -0.018397510051727295 -0.020434901118278503
v 0.024723049253225327 -0.018346009775996208 -0.006122201681137085
v 0.02371037006378174 -0.01836800016462803 -0.006217695772647858
v 0.025138670578598976 -0.018391430377960205 -0.006600596010684967
v 0.01760374940931797 -0.018376290798187256 -0.011956997215747833
v 0.014132440090179443 -0.01837337017059326 -0.013656601309776306
v 0.018038859590888023 -0.01840019039809704 -0.01824980229139328
v 0.018038859590888023 -0.01840019039809704 -0.01824980229139328
v 0.014132440090179443 -0.01837337017059326 -0.013656601309776306
v 0.011500059626996517 -0.01837432011961937 -0.016523197293281555
v 0.011500059626996517 -0.01837432011961937 -0.016523197293281555
v 0.014132440090179443 -0.01837337017059326 -0.013656601309776306
v 0.011484920047223568 -0.01832943968474865 -0.014385700225830078
v 0.030251260846853256 -0.01836811937391758 -0.024116650223731995
v 0.028367159888148308 -0.018396969884634018 -0.022887542843818665
v 0.030404210090637207 -0.018194910138845444 -0.02414359152317047
v 0.01058495044708252 -0.018063120543956757 -0.014590799808502197
v 0.011500059626996517 -0.01837432011961937 -0.016523197293281555
v 0.011484920047223568 -0.01832943968474865 -0.014385700225830078
v 0.01058495044708252 -0.018063120543956757 -0.014590799808502197
v 0.010251459665596485 -0.017859570682048798 -0.016131199896335602
v 0.011500059626996517 -0.01837432011961937 -0.016523197293281555
v 0.00980836059898138 -0.017466720193624496 -0.01456189900636673
v 0.009462176822125912 -0.01700592041015625 -0.015726402401924133
v 0.010251459665596485 -0.017859570682048798 -0.016131199896335602
v 0.00980836059898138 -0.017466720193624496 -0.01456189900636673
v 0.010251459665596485 -0.017859570682048798 -0.016131199896335602
v 0.01058495044708252 -0.018063120543956757 -0.014590799808502197
v 0.009229898452758789 -0.016604360193014145 -0.014417596161365509
v 0.009462176822125912 -0.01700592041015625 -0.015726402401924133
v 0.00980836059898138 -0.017466720193624496 -0.01456189900636673
v 0.009229898452758789 -0.016604360193014145 -0.014417596161365509
v 0.009040473960340023 -0.016027510166168213 -0.015378698706626892
v 0.009462176822125912 -0.01700592041015625 -0.015726402401924133
v 0.009010075591504574 -0.015714280307292938 -0.014140099287033081
v 0.009040473960340023 -0.016027510166168213 -0.015378698706626892
v 0.009229898452758789 -0.016604360193014145 -0.014417596161365509
v 0.009009896777570248 -0.004297375213354826 -0.012202195823192596
v 0.009007452987134457 -0.009599566459655762 -0.01281139999628067
v 0.009117484092712402 -0.008131206035614014 -0.012475498020648956
v 0.009009896777570248 -0.004297375213354826 -0.012202195823192596
v 0.009115040302276611 -0.002458930015563965 -0.011982999742031097
v 0.009001134894788265 0.00049998500617221 -0.012023597955703735
v 0.009119330905377865 -0.012539139948785305 -0.013235501945018768
v 0.009010075591504574 -0.015714280307292938 -0.014140099287033081
v 0.009218989871442318 -0.016212640330195427 -0.014126896858215332
v 0.009009896777570248 -0.004297375213354826 -0.012202195823192596
v 0.009118913672864437 -0.005131542216986418 -0.01214669644832611
v 0.009115040302276611 -0.002458930015563965 -0.011982999742031097
v 0.009007452987134457 -0.009599566459655762 -0.01281139999628067
v 0.009010075591504574 -0.015714280307292938 -0.014140099287033081
v 0.009119330905377865 -0.012539139948785305 -0.013235501945018768
v 0.009007452987134457 -0.009599566459655762 -0.01281139999628067
v 0.009119330905377865 -0.012539139948785305 -0.013235501945018768
v 0.009117484092712402 -0.008131206035614014 -0.012475498020648956
v 0.009009896777570248 -0.004297375213354826 -0.012202195823192596
v 0.009117484092712402 -0.008131206035614014 -0.012475498020648956
v 0.009118913672864437 -0.005131542216986418 -0.01214669644832611
v 0.009218989871442318 -0.016212640330195427 -0.014126896858215332
v 0.009010075591504574 -0.015714280307292938 -0.014140099287033081
v 0.009229898452758789 -0.016604360193014145 -0.014417596161365509
v 0.009680449031293392 -0.01712374947965145 -0.014318801462650299
v 0.009218989871442318 -0.016212640330195427 -0.014126896858215332
v 0.009229898452758789 -0.016604360193014145 -0.014417596161365509
v 0.009680449031293392 -0.01712374947965145 -0.014318801462650299
v 0.009229898452758789 -0.016604360193014145 -0.014417596161365509
v 0.00980836059898138 -0.017466720193624496 -0.01456189900636673
v 0.010331690311431885 -0.017806049436330795 -0.014428898692131042
v 0.009680449031293392 -0.01712374947965145 -0.014318801462650299
v 0.00980836059898138 -0.017466720193624496 -0.01456189900636673
v 0.01058495044708252 -0.018063120543956757 -0.014590799808502197
v 0.010331690311431885 -0.017806049436330795 -0.014428898692131042
v 0.00980836059898138 -0.017466720193624496 -0.01456189900636673
v 0.011484920047223568 -0.01832943968474865 -0.014385700225830078
v 0.010331690311431885 -0.017806049436330795 -0.014428898692131042
v 0.01058495044708252 -0.018063120543956757 -0.014590799808502197
v 0.02263258956372738 -0.018293140456080437 -0.00744909793138504
v 0.021866200491786003 -0.018374020233750343 -0.008496001362800598
v 0.02371037006378174 -0.01836800016462803 -0.006217695772647858
v 0.01543502975255251 -0.018235260620713234 -0.012930497527122498
v 0.014132440090179443 -0.01837337017059326 -0.013656601309776306
v 0.01760374940931797 -0.018376290798187256 -0.011956997215747833
v 0.014132440090179443 -0.01837337017059326 -0.013656601309776306
v 0.013182399794459343 -0.018287060782313347 -0.013854697346687317
v 0.011484920047223568 -0.01832943968474865 -0.014385700225830078
v 0.014132440090179443 -0.01837337017059326 -0.013656601309776306
v 0.01543502975255251 -0.018235260620713234 -0.012930497527122498
v 0.013182399794459343 -0.018287060782313347 -0.013854697346687317
v 0.021494150161743164 -0.018248429521918297 -0.008652999997138977
v 0.021866200491786003 -0.018374020233750343 -0.008496001362800598
v 0.02263258956372738 -0.018293140456080437 -0.00744909793138504
v 0.01760374940931797 -0.018376290798187256 -0.011956997215747833
v 0.017571210861206055 -0.018296420574188232 -0.011828802525997162
v 0.01543502975255251 -0.018235260620713234 -0.012930497527122498
v 0.01760374940931797 -0.018376290798187256 -0.011956997215747833
v 0.02031010016798973 -0.018386900424957275 -0.01001480221748352
v 0.01976907067000866 -0.018282940611243248 -0.010262101888656616
v 0.01976907067000866 -0.018282940611243248 -0.010262101888656616
v 0.02031010016798973 -0.018386900424957275 -0.01001480221748352
v 0.021866200491786003 -0.018374020233750343 -0.008496001362800598
v 0.021866200491786003 -0.018374020233750343 -0.008496001362800598
v 0.021494150161743164 -0.018248429521918297 -0.008652999997138977
v 0.01976907067000866 -0.018282940611243248 -0.010262101888656616
v 0.01976907067000866 -0.018282940611243248 -0.010262101888656616
v 0.017571210861206055 -0.018296420574188232 -0.011828802525997162
v 0.01760374940931797 -0.018376290798187256 -0.011956997215747833
v 0.02545326016843319 -0.018256599083542824 -0.006880700588226318
v 0.025187550112605095 -0.018239250406622887 -0.006378896534442902
v 0.025138670578598976 -0.018391430377960205 -0.006600596010684967
v 0.025187550112605095 -0.018239250406622887 -0.006378896534442902
v 0.024723049253225327 -0.018346009775996208 -0.006122201681137085
v 0.025138670578598976 -0.018391430377960205 -0.006600596010684967
v 0.02416658028960228 -0.018293380737304688 -0.005983099341392517
v 0.02371037006378174 -0.01836800016462803 -0.006217695772647858
v 0.024723049253225327 -0.018346009775996208 -0.006122201681137085
v 0.027126610279083252 -0.018264170736074448 -0.015340596437454224
v 0.026547959074378014 -0.018225129693746567 -0.013024702668190002
v 0.026522209867835045 -0.018383260816335678 -0.013611897826194763
v 0.027126610279083252 -0.018264170736074448 -0.015340596437454224
v 0.026522209867835045 -0.018383260816335678 -0.013611897826194763
v 0.027373189106583595 -0.018379440531134605 -0.016680002212524414
v 0.02779960073530674 -0.018213920295238495 -0.01749970018863678
v 0.027126610279083252 -0.018264170736074448 -0.015340596437454224
v 0.027373189106583595 -0.018379440531134605 -0.016680002212524414
v 0.02857184037566185 -0.01824486069381237 -0.019787102937698364
v 0.02779960073530674 -0.018213920295238495 -0.01749970018863678
v 0.027373189106583595 -0.018379440531134605 -0.016680002212524414
v 0.02857184037566185 -0.01824486069381237 -0.019787102937698364
v 0.027373189106583595 -0.018379440531134605 -0.016680002212524414
v 0.02927345037460327 -0.018363110721111298 -0.021875038743019104
v 0.030251260846853256 -0.01836811937391758 -0.024116650223731995
v 0.030404210090637207 -0.018194910138845444 -0.02414359152317047
v 0.02927345037460327 -0.018363110721111298 -0.021875038743019104
v 0.025735249742865562 -0.01837635040283203 -0.0097322016954422
v 0.02545326016843319 -0.018256599083542824 -0.006880700588226318
v 0.025138670578598976 -0.018391430377960205 -0.006600596010684967
v 0.02586537040770054 -0.01819830946624279 -0.009591802954673767
v 0.02545326016843319 -0.018256599083542824 -0.006880700588226318
v 0.025735249742865562 -0.01837635040283203 -0.0097322016954422
v 0.026522209867835045 -0.018383260816335678 -0.013611897826194763
v 0.026547959074378014 -0.018225129693746567 -0.013024702668190002
v 0.025735249742865562 -0.01837635040283203 -0.0097322016954422
v 0.026547959074378014 -0.018225129693746567 -0.013024702668190002
v 0.02586537040770054 -0.01819830946624279 -0.009591802954673767
v 0.025735249742865562 -0.01837635040283203 -0.0097322016954422
v 0.02927345037460327 -0.018363110721111298 -0.021875038743019104
v 0.0294908806681633 -0.018189430236816406 -0.02207113802433014
v 0.02857184037566185 -0.01824486069381237 -0.019787102937698364
v 0.02927345037460327 -0.018363110721111298 -0.021875038743019104
v 0.030404210090637207 -0.018194910138845444 -0.02414359152317047
v 0.0294908806681633 -0.018189430236816406 -0.02207113802433014
v 0.009001374244689941 -0.001011549960821867 -0.012705698609352112
v 0.008999823592603207 0.0005000000237487257 -0.012654200196266174
v 0.008999942801892757 0.0005000000237487257 -0.012654297053813934
vn -0.9999960259456375 -0.001903830831660208 0.002079307840615774
vn -0.9999960259456375 -0.001903830831660208 0.002079307840615774
vn -0.9999960259456375 -0.001903830831660208 0.002079307840615774
vn -0.9999641082915942 -0.0013109438459653377 0.008370397531154187
vn -0.9999641082915942 -0.0013109438459653377 0.008370397531154187
vn -0.9999641082915942 -0.0013109438459653377 0.008370397531154187
vn -0.9999491371562331 -0.002549051721610985 0.009758352106039843
vn -0.9999491371562331 -0.002549051721610985 0.009758352106039843
vn -0.9999491371562331 -0.002549051721610985 0.009758352106039843
vn -0.9997115188870878 -0.0026051988965084226 -0.02387659823303636
vn -0.9997115188870878 -0.0026051988965084226 -0.02387659823303636
vn -0.9997115188870878 -0.0026051988965084226 -0.02387659823303636
vn -0.99999922208321 0.0012251730039522356 -0.0002340600032888939
vn -0.99999922208321 0.0012251730039522356 -0.0002340600032888939
vn -0.99999922208321 0.0012251730039522356 -0.0002340600032888939
vn -0.9999416771414534 -0.000944965840363789 0.010758687424482993
vn -0.9999416771414534 -0.000944965840363789 0.010758687424482993
vn -0.9999416771414534 -0.000944965840363789 0.010758687424482993
vn -0.9999423537025595 -0.0013114798235525308 0.01065688943631825
vn -0.9999423537025595 -0.0013114798235525308 0.01065688943631825
vn -0.9999423537025595 -0.0013114798235525308 0.01065688943631825
vn -0.9999713965869216 -0.00040706695567763987 0.007552503193988344
vn -0.9999713965869216 -0.00040706695567763987 0.007552503193988344
vn -0.9999713965869216 -0.00040706695567763987 0.007552503193988344
vn 0.7183502318106072 -0.009305298330512612 0.6956194044739027
vn 0.7183502318106072 -0.009305298330512612 0.6956194044739027
vn 0.7183502318106072 -0.009305298330512612 0.6956194044739027
vn -0.34984460979436827 -0.07562214245581553 0.9337505237311615
vn -0.34984460979436827 -0.07562214245581553 0.9337505237311615
vn -0.34984460979436827 -0.07562214245581553 0.9337505237311615
vn -0.5876757610814815 -0.171220082218508 0.7907723334072766
vn -0.5876757610814815 -0.171220082218508 0.7907723334072766
vn -0.5876757610814815 -0.171220082218508 0.7907723334072766
vn 0.8287399597350926 -0.11455729861083068 0.5477834466951934
vn 0.8287399597350926 -0.11455729861083068 0.5477834466951934
vn 0.8287399597350926 -0.11455729861083068 0.5477834466951934
vn 0.6942095768504114 -0.16872349410547358 0.6997181189207643
vn 0.6942095768504114 -0.16872349410547358 0.6997181189207643
vn 0.6942095768504114 -0.16872349410547358 0.6997181189207643
vn 0.9114112080101573 -0.09029625179990178 0.4014675538874272
vn 0.9114112080101573 -0.09029625179990178 0.4014675538874272
vn 0.9114112080101573 -0.09029625179990178 0.4014675538874272
vn 0.8748462590718 -0.1261029958906878 0.467698682289645
vn 0.8748462590718 -0.1261029958906878 0.467698682289645
vn 0.8748462590718 -0.1261029958906878 0.467698682289645
vn 0.5133698552949093 -0.30548554482156315 0.801953847537099
vn 0.5133698552949093 -0.30548554482156315 0.801953847537099
vn 0.5133698552949093 -0.30548554482156315 0.801953847537099
vn 0.19008929559550503 -0.38120447650930794 0.9047370926347992
vn 0.19008929559550503 -0.38120447650930794 0.9047370926347992
vn 0.19008929559550503 -0.38120447650930794 0.9047370926347992
vn -0.5632374904008837 -0.08125684441078153 0.8222900064109477
vn -0.5632374904008837 -0.08125684441078153 0.8222900064109477
vn -0.5632374904008837 -0.08125684441078153 0.8222900064109477
vn 0.4561017976301784 -0.3149343976349844 0.8323385581509543
vn 0.4561017976301784 -0.3149343976349844 0.8323385581509543
vn 0.4561017976301784 -0.3149343976349844 0.8323385581509543
vn -0.310359648416422 -0.3912756635218058 0.8663603429118889
vn -0.310359648416422 -0.3912756635218058 0.8663603429118889
vn -0.310359648416422 -0.3912756635218058 0.8663603429118889
vn 0.1285564020665957 -0.37954560373666096 0.9161977876920819
vn 0.1285564020665957 -0.37954560373666096 0.9161977876920819
vn 0.1285564020665957 -0.37954560373666096 0.9161977876920819
vn -0.36347598494254596 -0.4090856685651053 0.8369791658964318
vn -0.36347598494254596 -0.4090856685651053 0.8369791658964318
vn -0.36347598494254596 -0.4090856685651053 0.8369791658964318
vn 0.37418114869378505 -0.048660743630958125 0.9260780744578082
vn 0.37418114869378505 -0.048660743630958125 0.9260780744578082
vn 0.37418114869378505 -0.048660743630958125 0.9260780744578082
vn 0.006578265279859148 -0.34391618068817514 0.938977309143712
vn 0.006578265279859148 -0.34391618068817514 0.938977309143712
vn 0.006578265279859148 -0.34391618068817514 0.938977309143712
vn -0.1586223672109856 -0.3429526346285829 0.9258630757416006
vn -0.1586223672109856 -0.3429526346285829 0.9258630757416006
vn -0.1586223672109856 -0.3429526346285829 0.9258630757416006
vn -0.5742384125751027 -0.3048079870962534 0.7598304656471443
vn -0.5742384125751027 -0.3048079870962534 0.7598304656471443
vn -0.5742384125751027 -0.3048079870962534 0.7598304656471443
vn 0.9612773752680557 -0.03538994526382654 0.2733008590765514
vn 0.9612773752680557 -0.03538994526382654 0.2733008590765514
vn 0.9612773752680557 -0.03538994526382654 0.2733008590765514
vn 0.9257376390692907 -0.06879758235955913 0.3718557734819983
vn 0.9257376390692907 -0.06879758235955913 0.3718557734819983
vn 0.9257376390692907 -0.06879758235955913 0.3718557734819983
vn 0.43728521154244043 -0.24465529446081322 0.8654047785045885
vn 0.43728521154244043 -0.24465529446081322 0.8654047785045885
vn 0.43728521154244043 -0.24465529446081322 0.8654047785045885
vn 0.22926499270728154 -0.2708255984578885 0.9349283706995187
vn 0.22926499270728154 -0.2708255984578885 0.9349283706995187
vn 0.22926499270728154 -0.2708255984578885 0.9349283706995187
vn 0.660713288917848 -0.1859495864390914 0.7272418450216485
vn 0.660713288917848 -0.1859495864390914 0.7272418450216485
vn 0.660713288917848 -0.1859495864390914 0.7272418450216485
vn -0.18955010454531543 -0.28558561625957957 0.9394208927059776
vn -0.18955010454531543 -0.28558561625957957 0.9394208927059776
vn -0.18955010454531543 -0.28558561625957957 0.9394208927059776
vn 0.3151654571634085 -0.2550654685494525 0.9141183410065832
vn 0.3151654571634085 -0.2550654685494525 0.9141183410065832
vn 0.3151654571634085 -0.2550654685494525 0.9141183410065832
vn 0.5869435672697767 -0.14419958006976694 0.7966829544733162
vn 0.5869435672697767 -0.14419958006976694 0.7966829544733162
vn 0.5869435672697767 -0.14419958006976694 0.7966829544733162
vn -0.12107419354763754 -0.27686047856250406 0.9532519682995313
vn -0.12107419354763754 -0.27686047856250406 0.9532519682995313
vn -0.12107419354763754 -0.27686047856250406 0.9532519682995313
vn -0.5428989631354807 -0.24677059516849434 0.8027234823939109
vn -0.5428989631354807 -0.24677059516849434 0.8027234823939109
vn -0.5428989631354807 -0.24677059516849434 0.8027234823939109
vn -0.5476473548581116 -0.24666967892125488 0.7995226352129117
vn -0.5476473548581116 -0.24666967892125488 0.7995226352129117
vn -0.5476473548581116 -0.24666967892125488 0.7995226352129117
vn 0.10520659230770298 -0.10327409054351304 0.9890733214263798
vn 0.10520659230770298 -0.10327409054351304 0.9890733214263798
vn 0.10520659230770298 -0.10327409054351304 0.9890733214263798
vn -0.03664391821437129 -0.0879803216051457 0.9954479827033422
vn -0.03664391821437129 -0.0879803216051457 0.9954479827033422
vn -0.03664391821437129 -0.0879803216051457 0.9954479827033422
vn -0.23950149562809245 -0.09160469642194893 0.9665648520328833
vn -0.23950149562809245 -0.09160469642194893 0.9665648520328833
vn -0.23950149562809245 -0.09160469642194893 0.9665648520328833
vn 0.6836754095054696 -0.12537239512883874 0.7189365041345356
vn 0.6836754095054696 -0.12537239512883874 0.7189365041345356
vn 0.6836754095054696 -0.12537239512883874 0.7189365041345356
vn 0.5835375732776513 -0.16487720458816507 0.7951725649067768
vn 0.5835375732776513 -0.16487720458816507 0.7951725649067768
vn 0.5835375732776513 -0.16487720458816507 0.7951725649067768
vn 0.7225688561970675 -0.07016996909249519 0.6877284518555414
vn 0.7225688561970675 -0.07016996909249519 0.6877284518555414
vn 0.7225688561970675 -0.07016996909249519 0.6877284518555414
vn 0.18275969763999078 -0.18207498930023874 0.966150915328375
vn 0.18275969763999078 -0.18207498930023874 0.966150915328375
vn 0.18275969763999078 -0.18207498930023874 0.966150915328375
vn 0.9434782091088126 -0.0559706006961984 0.32667439568251205
vn 0.9434782091088126 -0.0559706006961984 0.32667439568251205
vn 0.9434782091088126 -0.0559706006961984 0.32667439568251205
vn 0.40668908686848565 -0.06435929385222663 0.9112968056110589
vn 0.40668908686848565 -0.06435929385222663 0.9112968056110589
vn 0.40668908686848565 -0.06435929385222663 0.9112968056110589
vn 0.9041157803543282 -0.061988818311708486 0.4227671251630175
vn 0.9041157803543282 -0.061988818311708486 0.4227671251630175
vn 0.9041157803543282 -0.061988818311708486 0.4227671251630175
vn -0.3046913964343316 -0.013702389439231312 0.9523525594350826
vn -0.3046913964343316 -0.013702389439231312 0.9523525594350826
vn -0.3046913964343316 -0.013702389439231312 0.9523525594350826
vn 0.13546280871099392 -0.15770560861837288 0.9781506880161345
vn 0.13546280871099392 -0.15770560861837288 0.9781506880161345
vn 0.13546280871099392 -0.15770560861837288 0.9781506880161345
vn 0.1282373095288605 -0.1596576006010328 0.9788077661191296
vn 0.1282373095288605 -0.1596576006010328 0.9788077661191296
vn 0.1282373095288605 -0.1596576006010328 0.9788077661191296
vn 0.6984757721758418 -0.106989501998922 0.7075908720054155
vn 0.6984757721758418 -0.106989501998922 0.7075908720054155
vn 0.6984757721758418 -0.106989501998922 0.7075908720054155
vn -0.503676759489273 -0.13270459736458404 0.8536388063980508
vn -0.503676759489273 -0.13270459736458404 0.8536388063980508
vn -0.503676759489273 -0.13270459736458404 0.8536388063980508
vn -0.2262581888015116 -0.15244908652099903 0.9620636714995389
vn -0.2262581888015116 -0.15244908652099903 0.9620636714995389
vn -0.2262581888015116 -0.15244908652099903 0.9620636714995389
vn -0.2797013883416238 -0.14452797506182058 0.9491463521419117
vn -0.2797013883416238 -0.14452797506182058 0.9491463521419117
vn -0.2797013883416238 -0.14452797506182058 0.9491463521419117
vn -0.6015044391372498 -0.10805798960333225 0.7915275614791116
vn -0.6015044391372498 -0.10805798960333225 0.7915275614791116
vn -0.6015044391372498 -0.10805798960333225 0.7915275614791116
vn 0.29153337712466476 -0.23445908433956372 0.927381921213122
vn 0.29153337712466476 -0.23445908433956372 0.927381921213122
vn 0.29153337712466476 -0.23445908433956372 0.927381921213122
vn 0.12122799937262896 -0.21263759865378432 0.9695818809192249
vn 0.12122799937262896 -0.21263759865378432 0.9695818809192249
vn 0.12122799937262896 -0.21263759865378432 0.9695818809192249
vn 0.7920280107232415 -0.05390821402965592 0.6080999380775481
vn 0.7920280107232415 -0.05390821402965592 0.6080999380775481
vn 0.7920280107232415 -0.05390821402965592 0.6080999380775481
vn -0.4055098933755505 -0.03125989097334475 0.9135559893027269
vn -0.4055098933755505 -0.03125989097334475 0.9135559893027269
vn -0.4055098933755505 -0.03125989097334475 0.9135559893027269
vn -0.12418988959478156 -0.23347377527752194 0.9643997447013852
vn -0.12418988959478156 -0.23347377527752194 0.9643997447013852
vn -0.12418988959478156 -0.23347377527752194 0.9643997447013852
vn -0.24642858874344636 -0.22040149099983647 0.9437669910602736
vn -0.24642858874344636 -0.22040149099983647 0.9437669910602736
vn -0.24642858874344636 -0.22040149099983647 0.9437669910602736
vn 0.49256920926445313 -0.11078610296390412 0.8631929178779577
vn 0.49256920926445313 -0.11078610296390412 0.8631929178779577
vn 0.49256920926445313 -0.11078610296390412 0.8631929178779577
vn 0.37237977333232747 -0.08839200283173371 0.9238615471207573
vn 0.37237977333232747 -0.08839200283173371 0.9238615471207573
vn 0.37237977333232747 -0.08839200283173371 0.9238615471207573
vn -0.4651292112198883 -0.21286790739996053 0.8592683346133071
vn -0.4651292112198883 -0.21286790739996053 0.8592683346133071
vn -0.4651292112198883 -0.21286790739996053 0.8592683346133071
vn -0.018910398220909938 -0.06010078111840037 0.9980131727327475
vn -0.018910398220909938 -0.06010078111840037 0.9980131727327475
vn -0.018910398220909938 -0.06010078111840037 0.9980131727327475
vn 0.6690094531027383 -0.10398719553109946 0.7359436220423081
vn 0.6690094531027383 -0.10398719553109946 0.7359436220423081
vn 0.6690094531027383 -0.10398719553109946 0.7359436220423081
vn -0.048201377971011664 -0.043276007802043256 0.9978997015283716
vn -0.048201377971011664 -0.043276007802043256 0.9978997015283716
vn -0.048201377971011664 -0.043276007802043256 0.9978997015283716
vn -0.746234893867172 -0.0175427701340291 0.6654515267027911
vn -0.746234893867172 -0.0175427701340291 0.6654515267027911
vn -0.746234893867172 -0.0175427701340291 0.6654515267027911
vn 0.7436087490459373 -0.1921475915442478 0.6404102836510991
vn 0.7436087490459373 -0.1921475915442478 0.6404102836510991
vn 0.7436087490459373 -0.1921475915442478 0.6404102836510991
vn 0.38838876162479913 -0.0766458379485073 0.9183025565513395
vn 0.38838876162479913 -0.0766458379485073 0.9183025565513395
vn 0.38838876162479913 -0.0766458379485073 0.9183025565513395
vn 0.17610768652704323 -0.025443367196099298 0.9840420305107994
vn 0.17610768652704323 -0.025443367196099298 0.9840420305107994
vn 0.17610768652704323 -0.025443367196099298 0.9840420305107994
vn -0.315561293524976 -0.36488929271726944 0.8759434194564937
vn -0.315561293524976 -0.36488929271726944 0.8759434194564937
vn -0.315561293524976 -0.36488929271726944 0.8759434194564937
vn 0.9092553476717435 -0.05562669172615542 0.4125050107549483
vn 0.9092553476717435 -0.05562669172615542 0.4125050107549483
vn 0.9092553476717435 -0.05562669172615542 0.4125050107549483
vn -0.2725464160223252 -0.25315329939796216 0.9282412715007405
vn -0.2725464160223252 -0.25315329939796216 0.9282412715007405
vn -0.2725464160223252 -0.25315329939796216 0.9282412715007405
vn -0.6234471246998128 -0.21035848710126767 0.7530358488199628
vn -0.6234471246998128 -0.21035848710126767 0.7530358488199628
vn -0.6234471246998128 -0.21035848710126767 0.7530358488199628
vn -0.6132394620978486 -0.2216291856409939 0.7581674394209048
vn -0.6132394620978486 -0.2216291856409939 0.7581674394209048
vn -0.6132394620978486 -0.2216291856409939 0.7581674394209048
vn -0.7957521109634706 -0.20217250360357758 0.5708807727396693
vn -0.7957521109634706 -0.20217250360357758 0.5708807727396693
vn -0.7957521109634706 -0.20217250360357758 0.5708807727396693
vn -0.23795898893850562 -0.05972259651094702 0.9694373270353038
vn -0.23795898893850562 -0.05972259651094702 0.9694373270353038
vn -0.23795898893850562 -0.05972259651094702 0.9694373270353038
vn -0.2564168900071155 -0.2608068913548272 0.9307148564092604
vn -0.2564168900071155 -0.2608068913548272 0.9307148564092604
vn -0.2564168900071155 -0.2608068913548272 0.9307148564092604
vn -0.5613432540498611 -0.08161275109010842 0.8235490938567156
vn -0.5613432540498611 -0.08161275109010842 0.8235490938567156
vn -0.5613432540498611 -0.08161275109010842 0.8235490938567156
vn -0.3360193683073681 -0.0260648076521132 0.941494349385261
vn -0.3360193683073681 -0.0260648076521132 0.941494349385261
vn -0.3360193683073681 -0.0260648076521132 0.941494349385261
vn -0.34499008013526705 -0.020063039235292072 0.9383918792620198
vn -0.34499008013526705 -0.020063039235292072 0.9383918792620198
vn -0.34499008013526705 -0.020063039235292072 0.9383918792620198
vn -0.2104478065896193 -0.23592339842837548 0.948710635955782
vn -0.2104478065896193 -0.23592339842837548 0.948710635955782
vn -0.2104478065896193 -0.23592339842837548 0.948710635955782
vn -0.6243387985499584 -0.2609775930660159 0.7362688099754486
vn -0.6243387985499584 -0.2609775930660159 0.7362688099754486
vn -0.6243387985499584 -0.2609775930660159 0.7362688099754486
vn -0.73817919780873 -0.13888989218864328 0.660152308009513
vn -0.73817919780873 -0.13888989218864328 0.660152308009513
vn -0.73817919780873 -0.13888989218864328 0.660152308009513
vn -0.7224460372844971 -0.15483729817063868 0.6738672972530596
vn -0.7224460372844971 -0.15483729817063868 0.6738672972530596
vn -0.7224460372844971 -0.15483729817063868 0.6738672972530596
vn -0.24039256736147463 -0.33883998028316764 0.9096146883813285
vn -0.24039256736147463 -0.33883998028316764 0.9096146883813285
vn -0.24039256736147463 -0.33883998028316764 0.9096146883813285
vn -0.2526277921313717 -0.1010965937067845 0.9622674666555623
vn -0.2526277921313717 -0.1010965937067845 0.9622674666555623
vn -0.2526277921313717 -0.1010965937067845 0.9622674666555623
vn -0.2776438601545712 -0.09016124929099664 0.9564438488718279
vn -0.2776438601545712 -0.09016124929099664 0.9564438488718279
vn -0.2776438601545712 -0.09016124929099664 0.9564438488718279
vn -0.2671657189730818 -0.022170482079741663 0.9633955305739944
vn -0.2671657189730818 -0.022170482079741663 0.9633955305739944
vn -0.2671657189730818 -0.022170482079741663 0.9633955305739944
vn -0.250476689850241 -0.4826360079690673 0.8392400798659156
vn -0.250476689850241 -0.4826360079690673 0.8392400798659156
vn -0.250476689850241 -0.4826360079690673 0.8392400798659156
vn -0.4777271048678154 -0.15389579203161222 0.8649236373631941
vn -0.4777271048678154 -0.15389579203161222 0.8649236373631941
vn -0.4777271048678154 -0.15389579203161222 0.8649236373631941
vn -0.4515919071259797 -0.17447650362819833 0.874998685199012
vn -0.4515919071259797 -0.17447650362819833 0.874998685199012
vn -0.4515919071259797 -0.17447650362819833 0.874998685199012
vn -0.1314202991802746 -0.2724275882233393 0.9531589133707884
vn -0.1314202991802746 -0.2724275882233393 0.9531589133707884
vn -0.1314202991802746 -0.2724275882233393 0.9531589133707884
vn -0.6468040402244606 -0.30283928175675573 0.699952071912332
vn -0.6468040402244606 -0.30283928175675573 0.699952071912332
vn -0.6468040402244606 -0.30283928175675573 0.699952071912332
vn -0.1055159946309887 -0.2558586609552815 0.9609384582225875
vn -0.1055159946309887 -0.2558586609552815 0.9609384582225875
vn -0.1055159946309887 -0.2558586609552815 0.9609384582225875
vn -0.6018127043625806 -0.2824237867908926 0.7470329802107064
vn -0.6018127043625806 -0.2824237867908926 0.7470329802107064
vn -0.6018127043625806 -0.2824237867908926 0.7470329802107064
vn -0.8199258444087694 -0.00727504351876443 0.5724235175220936
vn -0.8199258444087694 -0.00727504351876443 0.5724235175220936
vn -0.8199258444087694 -0.00727504351876443 0.5724235175220936
vn -0.8243563058964887 -0.00340759702809973 0.5660610119158435
vn -0.8243563058964887 -0.00340759702809973 0.5660610119158435
vn -0.8243563058964887 -0.00340759702809973 0.5660610119158435
vn -0.7777984984182137 0.022963040302780773 0.6280940969619319
vn -0.7777984984182137 0.022963040302780773 0.6280940969619319
vn -0.7777984984182137 0.022963040302780773 0.6280940969619319
vn -0.19027489695483418 -0.0994239985240421 0.9766833325629748
vn -0.19027489695483418 -0.0994239985240421 0.9766833325629748
vn -0.19027489695483418 -0.0994239985240421 0.9766833325629748
vn -0.7667166628246589 -0.278896869595029 0.5782405166339623
vn -0.7667166628246589 -0.278896869595029 0.5782405166339623
vn -0.7667166628246589 -0.278896869595029 0.5782405166339623
vn -0.7204875489623238 -0.014643189781065429 0.6933132544408039
vn -0.7204875489623238 -0.014643189781065429 0.6933132544408039
vn -0.7204875489623238 -0.014643189781065429 0.6933132544408039
vn -0.5336184586555658 -0.2170354907475983 0.8174025546436757
vn -0.5336184586555658 -0.2170354907475983 0.8174025546436757
vn -0.5336184586555658 -0.2170354907475983 0.8174025546436757
vn -0.5227580558146934 -0.22629756756280098 0.8218962379741139
vn -0.5227580558146934 -0.22629756756280098 0.8218962379741139
vn -0.5227580558146934 -0.22629756756280098 0.8218962379741139
vn -0.6074707737667128 -0.3460329901817287 0.7150107892368915
vn -0.6074707737667128 -0.3460329901817287 0.7150107892368915
vn -0.6074707737667128 -0.3460329901817287 0.7150107892368915
vn -0.26664360746899857 -0.02241240949253566 0.9635345715108813
vn -0.26664360746899857 -0.02241240949253566 0.9635345715108813
vn -0.26664360746899857 -0.02241240949253566 0.9635345715108813
vn -0.3985681126448181 -0.17920529350749873 0.8994603506334445
vn -0.3985681126448181 -0.17920529350749873 0.8994603506334445
vn -0.3985681126448181 -0.17920529350749873 0.8994603506334445
vn -0.6784461965040267 0.03654211137507901 0.7337407120676017
vn -0.6784461965040267 0.03654211137507901 0.7337407120676017
vn -0.6784461965040267 0.03654211137507901 0.7337407120676017
vn -0.47989004367650673 -0.10246718571823095 0.8713242920010585
vn -0.47989004367650673 -0.10246718571823095 0.8713242920010585
vn -0.47989004367650673 -0.10246718571823095 0.8713242920010585
vn -0.5072710402462105 -0.08206836698691865 0.8578699638451204
vn -0.5072710402462105 -0.08206836698691865 0.8578699638451204
vn -0.5072710402462105 -0.08206836698691865 0.8578699638451204
vn -0.7983191136148429 -0.03326361677558905 0.6013153287886637
vn -0.7983191136148429 -0.03326361677558905 0.6013153287886637
vn -0.7983191136148429 -0.03326361677558905 0.6013153287886637
vn -0.2099579681319842 -0.10643248055379607 0.971900086789303
vn -0.2099579681319842 -0.10643248055379607 0.971900086789303
vn -0.2099579681319842 -0.10643248055379607 0.971900086789303
vn -0.5405272399697865 -0.26076880841740563 0.7998937000672098
vn -0.5405272399697865 -0.26076880841740563 0.7998937000672098
vn -0.5405272399697865 -0.26076880841740563 0.7998937000672098
vn -0.8419645945769948 -0.049944567957187505 0.5372161218824011
vn -0.8419645945769948 -0.049944567957187505 0.5372161218824011
vn -0.8419645945769948 -0.049944567957187505 0.5372161218824011
vn -0.5890786096351113 -0.014626499376174024 0.8079433502333953
vn -0.5890786096351113 -0.014626499376174024 0.8079433502333953
vn -0.5890786096351113 -0.014626499376174024 0.8079433502333953
vn -0.21046219580999975 0.005310654127819547 0.9775875720811757
vn -0.21046219580999975 0.005310654127819547 0.9775875720811757
vn -0.21046219580999975 0.005310654127819547 0.9775875720811757
vn -0.4866752229224469 -0.3023569523465554 0.8195898369069065
vn -0.4866752229224469 -0.3023569523465554 0.8195898369069065
vn -0.4866752229224469 -0.3023569523465554 0.8195898369069065
vn -0.8127988566924624 -0.08335243155274516 0.5765504233921531
vn -0.8127988566924624 -0.08335243155274516 0.5765504233921531
vn -0.8127988566924624 -0.08335243155274516 0.5765504233921531
vn -0.4195447590555794 -0.2508553878375255 0.8723839576367051
vn -0.4195447590555794 -0.2508553878375255 0.8723839576367051
vn -0.4195447590555794 -0.2508553878375255 0.8723839576367051
vn -0.7145155953188084 -0.01627469127704225 0.6994301955663953
vn -0.7145155953188084 -0.01627469127704225 0.6994301955663953
vn -0.7145155953188084 -0.01627469127704225 0.6994301955663953
vn -0.44843421712128956 -0.22117691395934658 0.8660182016829876
vn -0.44843421712128956 -0.22117691395934658 0.8660182016829876
vn -0.44843421712128956 -0.22117691395934658 0.8660182016829876
vn -0.3501906673182355 -0.17316828570210227 0.9205320425439867
vn -0.3501906673182355 -0.17316828570210227 0.9205320425439867
vn -0.3501906673182355 -0.17316828570210227 0.9205320425439867
vn -0.32123461952807275 -0.1848207000894333 0.9287893345829862
vn -0.32123461952807275 -0.1848207000894333 0.9287893345829862
vn -0.32123461952807275 -0.1848207000894333 0.9287893345829862
vn -0.62739240125306 -0.1694229963296486 0.7600490926016576
vn -0.62739240125306 -0.1694229963296486 0.7600490926016576
vn -0.62739240125306 -0.1694229963296486 0.7600490926016576
vn -0.6536469488687712 -0.14559228783217998 0.7426631483777405
vn -0.6536469488687712 -0.14559228783217998 0.7426631483777405
vn -0.6536469488687712 -0.14559228783217998 0.7426631483777405
vn -0.550613216598565 -0.3099373832535814 0.7750896104121795
vn -0.550613216598565 -0.3099373832535814 0.7750896104121795
vn -0.550613216598565 -0.3099373832535814 0.7750896104121795
vn -0.7542086387946254 -0.2564123023936735 0.604501497391639
vn -0.7542086387946254 -0.2564123023936735 0.604501497391639
vn -0.7542086387946254 -0.2564123023936735 0.604501497391639
vn -0.7782779944762857 -0.0816770048286476 0.622585118836125
vn -0.7782779944762857 -0.0816770048286476 0.622585118836125
vn -0.7782779944762857 -0.0816770048286476 0.622585118836125
vn -0.6825335497235602 -0.04614334469244323 0.7293961511019584
vn -0.6825335497235602 -0.04614334469244323 0.7293961511019584
vn -0.6825335497235602 -0.04614334469244323 0.7293961511019584
vn -0.7118964859035974 -0.2145794948491457 0.6686995093077265
vn -0.7118964859035974 -0.2145794948491457 0.6686995093077265
vn -0.7118964859035974 -0.2145794948491457 0.6686995093077265
vn -0.527441973677602 -0.3391287296098203 0.7789715457937505
vn -0.527441973677602 -0.3391287296098203 0.7789715457937505
vn -0.527441973677602 -0.3391287296098203 0.7789715457937505
vn -0.7423946241668157 -0.07200281302859272 0.666082440035903
vn -0.7423946241668157 -0.07200281302859272 0.666082440035903
vn -0.7423946241668157 -0.07200281302859272 0.666082440035903
vn -0.802419470347325 -0.13397030310066818 0.581528117544314
vn -0.802419470347325 -0.13397030310066818 0.581528117544314
vn -0.802419470347325 -0.13397030310066818 0.581528117544314
vn -0.7119913569623962 -0.36304017250700027 0.601057518675986
vn -0.7119913569623962 -0.36304017250700027 0.601057518675986
vn -0.7119913569623962 -0.36304017250700027 0.601057518675986
vn -0.4809138848791721 -0.023331398502984595 0.876457347036533
vn -0.4809138848791721 -0.023331398502984595 0.876457347036533
vn -0.4809138848791721 -0.023331398502984595 0.876457347036533
vn -0.2172442098974317 -0.16593842364084724 0.9619092435493233
vn -0.2172442098974317 -0.16593842364084724 0.9619092435493233
vn -0.2172442098974317 -0.16593842364084724 0.9619092435493233
vn -0.26632329726549736 -0.177802815398878 0.9473426308204789
vn -0.26632329726549736 -0.177802815398878 0.9473426308204789
vn -0.26632329726549736 -0.177802815398878 0.9473426308204789
vn -0.6117631163333352 -0.018132440646115792 0.7908331708333568
vn -0.6117631163333352 -0.018132440646115792 0.7908331708333568
vn -0.6117631163333352 -0.018132440646115792 0.7908331708333568
vn -0.7129545273854562 -0.08841674851851807 0.69561362872071
vn -0.7129545273854562 -0.08841674851851807 0.69561362872071
vn -0.7129545273854562 -0.08841674851851807 0.69561362872071
vn -0.714728380386004 -0.2106434925500417 0.6669277781867541
vn -0.714728380386004 -0.2106434925500417 0.6669277781867541
vn -0.714728380386004 -0.2106434925500417 0.6669277781867541
vn -0.4147770045972761 -0.24053209667367664 0.8775558939048134
vn -0.4147770045972761 -0.24053209667367664 0.8775558939048134
vn -0.4147770045972761 -0.24053209667367664 0.8775558939048134
vn -0.4030543500227634 -0.0927089288660701 0.9104681463050938
vn -0.4030543500227634 -0.0927089288660701 0.9104681463050938
vn -0.4030543500227634 -0.0927089288660701 0.9104681463050938
vn -0.40503845277964556 -0.09190480560620326 0.9096688180191496
vn -0.40503845277964556 -0.09190480560620326 0.9096688180191496
vn -0.40503845277964556 -0.09190480560620326 0.9096688180191496
vn -0.1808817867733242 -0.17716998195582653 0.9674154106212397
vn -0.1808817867733242 -0.17716998195582653 0.9674154106212397
vn -0.1808817867733242 -0.17716998195582653 0.9674154106212397
vn -0.47265554640960816 -0.2819502721277996 0.8349256125519773
vn -0.47265554640960816 -0.2819502721277996 0.8349256125519773
vn -0.47265554640960816 -0.2819502721277996 0.8349256125519773
vn -0.44059265740316617 -0.32673946824228056 0.8361336197852398
vn -0.44059265740316617 -0.32673946824228056 0.8361336197852398
vn -0.44059265740316617 -0.32673946824228056 0.8361336197852398
vn -0.6000964230795298 -0.02609890034904947 0.7995018013786612
vn -0.6000964230795298 -0.02609890034904947 0.7995018013786612
vn -0.6000964230795298 -0.02609890034904947 0.7995018013786612
vn -0.23257797296359148 -0.19060538168183602 0.9537175027051084
vn -0.23257797296359148 -0.19060538168183602 0.9537175027051084
vn -0.23257797296359148 -0.19060538168183602 0.9537175027051084
vn -0.31364809789070464 -0.23326169940482613 0.9204422036609987
vn -0.31364809789070464 -0.23326169940482613 0.9204422036609987
vn -0.31364809789070464 -0.23326169940482613 0.9204422036609987
vn -0.6575667514669696 -0.072596433567164 0.749890475468588
vn -0.6575667514669696 -0.072596433567164 0.749890475468588
vn -0.6575667514669696 -0.072596433567164 0.749890475468588
vn -0.8093343540638821 -0.14594579037863475 0.5689268227133911
vn -0.8093343540638821 -0.14594579037863475 0.5689268227133911
vn -0.8093343540638821 -0.14594579037863475 0.5689268227133911
vn -0.7876803491496327 -0.18881498786747142 0.586437181563481
vn -0.7876803491496327 -0.18881498786747142 0.586437181563481
vn -0.7876803491496327 -0.18881498786747142 0.586437181563481
vn -0.7033240086511687 -0.2711864070400301 0.6571097864828753
vn -0.7033240086511687 -0.2711864070400301 0.6571097864828753
vn -0.7033240086511687 -0.2711864070400301 0.6571097864828753
vn -0.665690848241156 -0.3203228457127649 0.673979947092231
vn -0.665690848241156 -0.3203228457127649 0.673979947092231
vn -0.665690848241156 -0.3203228457127649 0.673979947092231
vn -0.3790278425930367 -0.3237109176729759 0.8669193366851313
vn -0.3790278425930367 -0.3237109176729759 0.8669193366851313
vn -0.3790278425930367 -0.3237109176729759 0.8669193366851313
vn -0.4176808770892653 -0.0061377280450056575 0.9085730643203043
vn -0.4176808770892653 -0.0061377280450056575 0.9085730643203043
vn -0.4176808770892653 -0.0061377280450056575 0.9085730643203043
vn -0.669822523312144 -0.41138718100574434 0.6181410636480149
vn -0.669822523312144 -0.41138718100574434 0.6181410636480149
vn -0.669822523312144 -0.41138718100574434 0.6181410636480149
vn -0.5400634428382789 -0.16762328211160582 0.8247629435200141
vn -0.5400634428382789 -0.16762328211160582 0.8247629435200141
vn -0.5400634428382789 -0.16762328211160582 0.8247629435200141
vn -0.5535298596471111 -0.1583113822386473 0.8176442996393595
vn -0.5535298596471111 -0.1583113822386473 0.8176442996393595
vn -0.5535298596471111 -0.1583113822386473 0.8176442996393595
vn -0.33130369086721845 -0.28301319903959304 0.900078548565143
vn -0.33130369086721845 -0.28301319903959304 0.900078548565143
vn -0.33130369086721845 -0.28301319903959304 0.900078548565143
vn -0.4762981569201568 -0.026370335565173018 0.8788883154967085
vn -0.4762981569201568 -0.026370335565173018 0.8788883154967085
vn -0.4762981569201568 -0.026370335565173018 0.8788883154967085
vn -0.33527848187325066 -0.09582112747503368 0.9372335093892994
vn -0.33527848187325066 -0.09582112747503368 0.9372335093892994
vn -0.33527848187325066 -0.09582112747503368 0.9372335093892994
vn -0.33508970711369906 -0.09589510978041499 0.9372934525038877
vn -0.33508970711369906 -0.09589510978041499 0.9372934525038877
vn -0.33508970711369906 -0.09589510978041499 0.9372934525038877
vn -0.3572646184307492 -0.29199732190633204 0.8871863143765583
vn -0.3572646184307492 -0.29199732190633204 0.8871863143765583
vn -0.3572646184307492 -0.29199732190633204 0.8871863143765583
vn -0.6080730575410875 -0.09768668591041231 0.7878479980862259
vn -0.6080730575410875 -0.09768668591041231 0.7878479980862259
vn -0.6080730575410875 -0.09768668591041231 0.7878479980862259
vn 0.9701703030967106 0.010179338809035323 0.2422105779082484
vn 0.9701703030967106 0.010179338809035323 0.2422105779082484
vn 0.9701703030967106 0.010179338809035323 0.2422105779082484
vn 0.9685358876300467 0.013064259494805783 0.24853080190698637
vn 0.9685358876300467 0.013064259494805783 0.24853080190698637
vn 0.9685358876300467 0.013064259494805783 0.24853080190698637
vn 0.9801977431396182 -0.02992831404025566 0.19574646960470843
vn 0.9801977431396182 -0.02992831404025566 0.19574646960470843
vn 0.9801977431396182 -0.02992831404025566 0.19574646960470843
vn 0.9150770517636923 -0.0018411871703302538 0.4032748434570057
vn 0.9150770517636923 -0.0018411871703302538 0.4032748434570057
vn 0.9150770517636923 -0.0018411871703302538 0.4032748434570057
vn 0.9922596410792717 0.009988129334822626 0.1237781966164721
vn 0.9922596410792717 0.009988129334822626 0.1237781966164721
vn 0.9922596410792717 0.009988129334822626 0.1237781966164721
vn 0.9831782928104578 0.022698757598916673 0.18123247763516126
vn 0.9831782928104578 0.022698757598916673 0.18123247763516126
vn 0.9831782928104578 0.022698757598916673 0.18123247763516126
vn 0.9944972764131145 -0.030644704817093516 0.10018018403641722
vn 0.9944972764131145 -0.030644704817093516 0.10018018403641722
vn 0.9944972764131145 -0.030644704817093516 0.10018018403641722
vn 0.977921070362187 -0.0024533267175431087 0.20896019077731473
vn 0.977921070362187 -0.0024533267175431087 0.20896019077731473
vn 0.977921070362187 -0.0024533267175431087 0.20896019077731473
vn 0.9803547953415451 0.03155147687123021 0.19470228441926732
vn 0.9803547953415451 0.03155147687123021 0.19470228441926732
vn 0.9803547953415451 0.03155147687123021 0.19470228441926732
vn 0.9765903846206135 -0.01674186793102517 0.21445496152978694
vn 0.9765903846206135 -0.01674186793102517 0.21445496152978694
vn 0.9765903846206135 -0.01674186793102517 0.21445496152978694
vn 0.9950315100698439 -0.027666087483100784 0.0956393306726031
vn 0.9950315100698439 -0.027666087483100784 0.0956393306726031
vn 0.9950315100698439 -0.027666087483100784 0.0956393306726031
vn 0.9383025169613174 -0.0017756809248113006 0.3458109796135889
vn 0.9383025169613174 -0.0017756809248113006 0.3458109796135889
vn 0.9383025169613174 -0.0017756809248113006 0.3458109796135889
vn 0.9355676241803651 -0.003634928751939719 0.3531288828154323
vn 0.9355676241803651 -0.003634928751939719 0.3531288828154323
vn 0.9355676241803651 -0.003634928751939719 0.3531288828154323
vn 0.9474635107331915 0.0007502110079539195 0.31986299100174015
vn 0.9474635107331915 0.0007502110079539195 0.31986299100174015
vn 0.9474635107331915 0.0007502110079539195 0.31986299100174015
vn 0.9270986925348952 -0.0012492529363838897 0.37481522603436085
vn 0.9270986925348952 -0.0012492529363838897 0.37481522603436085
vn 0.9270986925348952 -0.0012492529363838897 0.37481522603436085
vn 0.9902931633254963 0.04263103086385711 0.13229529802025047
vn 0.9902931633254963 0.04263103086385711 0.13229529802025047
vn 0.9902931633254963 0.04263103086385711 0.13229529802025047
vn 0.9884931676141464 0.014653558253982006 0.15055407935571888
vn 0.9884931676141464 0.014653558253982006 0.15055407935571888
vn 0.9884931676141464 0.014653558253982006 0.15055407935571888
vn 0.9549376459433618 -0.0006107179273318823 0.2968058614376806
vn 0.9549376459433618 -0.0006107179273318823 0.2968058614376806
vn 0.9549376459433618 -0.0006107179273318823 0.2968058614376806
vn 0.9876496065647535 -0.018144069000407225 0.1556247005221082
vn 0.9876496065647535 -0.018144069000407225 0.1556247005221082
vn 0.9876496065647535 -0.018144069000407225 0.1556247005221082
vn 0.9955499623143272 -0.009866416310499818 0.09371726823339122
vn 0.9955499623143272 -0.009866416310499818 0.09371726823339122
vn 0.9955499623143272 -0.009866416310499818 0.09371726823339122
vn 0.9367918764255005 -0.0025097720244260744 0.3498780949238964
vn 0.9367918764255005 -0.0025097720244260744 0.3498780949238964
vn 0.9367918764255005 -0.0025097720244260744 0.3498780949238964
vn 0.9467668722121291 -0.0011056059959091541 0.32191810653805075
vn 0.9467668722121291 -0.0011056059959091541 0.32191810653805075
vn 0.9467668722121291 -0.0011056059959091541 0.32191810653805075
vn 0.9695503546553956 0.005551754868088179 0.24482909918039025
vn 0.9695503546553956 0.005551754868088179 0.24482909918039025
vn 0.9695503546553956 0.005551754868088179 0.24482909918039025
vn 0.932544118196694 -0.0024301998939032688 0.361047866279841
vn 0.932544118196694 -0.0024301998939032688 0.361047866279841
vn 0.932544118196694 -0.0024301998939032688 0.361047866279841
vn 0.9541423834776244 -0.008847651927093884 0.29922237735004914
vn 0.9541423834776244 -0.008847651927093884 0.29922237735004914
vn 0.9541423834776244 -0.008847651927093884 0.29922237735004914
vn 0.9277221780304354 -0.0022597311134388725 0.37326458980964206
vn 0.9277221780304354 -0.0022597311134388725 0.37326458980964206
vn 0.9277221780304354 -0.0022597311134388725 0.37326458980964206
vn 0.9838213093689937 0.004934011377100014 0.1790845799146577
vn 0.9838213093689937 0.004934011377100014 0.1790845799146577
vn 0.9838213093689937 0.004934011377100014 0.1790845799146577
vn 0.98867283998515 -0.0003514209775882102 0.15008628178149455
vn 0.98867283998515 -0.0003514209775882102 0.15008628178149455
vn 0.98867283998515 -0.0003514209775882102 0.15008628178149455
vn 0.9617319166810467 -0.007195948667831009 0.273897679361783
vn 0.9617319166810467 -0.007195948667831009 0.273897679361783
vn 0.9617319166810467 -0.007195948667831009 0.273897679361783
vn 0.9914419675739777 0.0031945698508512722 0.13050907882790405
vn 0.9914419675739777 0.0031945698508512722 0.13050907882790405
vn 0.9914419675739777 0.0031945698508512722 0.13050907882790405
vn 0.954579354149126 0.010353138679181997 0.2977768781348333
vn 0.954579354149126 0.010353138679181997 0.2977768781348333
vn 0.954579354149126 0.010353138679181997 0.2977768781348333
vn 0.0015875688563207096 -0.9999752373878951 0.006855963546369309
vn 0.0015875688563207096 -0.9999752373878951 0.006855963546369309
vn 0.0015875688563207096 -0.9999752373878951 0.006855963546369309
vn 0.023407448312326686 -0.9996488788244238 0.012418149160725861
vn 0.023407448312326686 -0.9996488788244238 0.012418149160725861
vn 0.023407448312326686 -0.9996488788244238 0.012418149160725861
vn -0.0022795198341133516 -0.9999836228280387 -0.0052495585563672
vn -0.0022795198341133516 -0.9999836228280387 -0.0052495585563672
vn -0.0022795198341133516 -0.9999836228280387 -0.0052495585563672
vn 0.001832425009491022 -0.9999960049814032 0.0021522638821196076
vn 0.001832425009491022 -0.9999960049814032 0.0021522638821196076
vn 0.001832425009491022 -0.9999960049814032 0.0021522638821196076
vn 0.011797898219736964 -0.9996701880740215 0.022810626331750947
vn 0.011797898219736964 -0.9996701880740215 0.022810626331750947
vn 0.011797898219736964 -0.9996701880740215 0.022810626331750947
vn 0.0057693705284538755 -0.9999828232978287 -0.00103318585388347
vn 0.0057693705284538755 -0.9999828232978287 -0.00103318585388347
vn 0.0057693705284538755 -0.9999828232978287 -0.00103318585388347
vn -0.0014263388856298582 -0.9999929449078715 -0.003475009620996819
vn -0.0014263388856298582 -0.9999929449078715 -0.003475009620996819
vn -0.0014263388856298582 -0.9999929449078715 -0.003475009620996819
vn 0.004676579169748309 -0.9999890621800211 0.00007160719753074122
vn 0.004676579169748309 -0.9999890621800211 0.00007160719753074122
vn 0.004676579169748309 -0.9999890621800211 0.00007160719753074122
vn -0.00007777929716327341 -0.999992806912663 0.003792106711927585
vn -0.00007777929716327341 -0.999992806912663 0.003792106711927585
vn -0.00007777929716327341 -0.999992806912663 0.003792106711927585
vn -0.012894979626864918 -0.999831314883133 0.013079039700522661
vn -0.012894979626864918 -0.999831314883133 0.013079039700522661
vn -0.012894979626864918 -0.999831314883133 0.013079039700522661
vn 0.0011172889402679663 -0.9999980840310448 0.0016073579761407013
vn 0.0011172889402679663 -0.9999980840310448 0.0016073579761407013
vn 0.0011172889402679663 -0.9999980840310448 0.0016073579761407013
vn 0.011731019578277328 -0.9944449946871755 0.10460179597539133
vn 0.011731019578277328 -0.9944449946871755 0.10460179597539133
vn 0.011731019578277328 -0.9944449946871755 0.10460179597539133
vn -0.0026124108034242944 -0.9999900428536876 0.0036179418560888616
vn -0.0026124108034242944 -0.9999900428536876 0.0036179418560888616
vn -0.0026124108034242944 -0.9999900428536876 0.0036179418560888616
vn -0.0031137457714809735 -0.9999900652091092 0.0031896818575510096
vn -0.0031137457714809735 -0.9999900652091092 0.0031896818575510096
vn -0.0031137457714809735 -0.9999900652091092 0.0031896818575510096
vn -0.022321339598378207 -0.9995338872775056 0.020827049297792482
vn -0.022321339598378207 -0.9995338872775056 0.020827049297792482
vn -0.022321339598378207 -0.9995338872775056 0.020827049297792482
vn -0.5182994169993598 0.3354820415882227 -0.7866495497424005
vn -0.5182994169993598 0.3354820415882227 -0.7866495497424005
vn -0.5182994169993598 0.3354820415882227 -0.7866495497424005
vn -0.2874369889414308 -0.957629074630312 0.018070218896738453
vn -0.2874369889414308 -0.957629074630312 0.018070218896738453
vn -0.2874369889414308 -0.957629074630312 0.018070218896738453
vn -0.39073642866463815 -0.9197608776316639 -0.036945517896429615
vn -0.39073642866463815 -0.9197608776316639 -0.036945517896429615
vn -0.39073642866463815 -0.9197608776316639 -0.036945517896429615
vn -0.7436602377422912 -0.6671778794552364 -0.042931666246408574
vn -0.7436602377422912 -0.6671778794552364 -0.042931666246408574
vn -0.7436602377422912 -0.6671778794552364 -0.042931666246408574
vn -0.6082705851653355 -0.793274938575562 0.026865722595132976
vn -0.6082705851653355 -0.793274938575562 0.026865722595132976
vn -0.6082705851653355 -0.793274938575562 0.026865722595132976
vn -0.8282924944011711 -0.5597494876772188 0.02473974057618398
vn -0.8282924944011711 -0.5597494876772188 0.02473974057618398
vn -0.8282924944011711 -0.5597494876772188 0.02473974057618398
vn -0.92327093600957 -0.38127878111267627 -0.04687504446125339
vn -0.92327093600957 -0.38127878111267627 -0.04687504446125339
vn -0.92327093600957 -0.38127878111267627 -0.04687504446125339
vn -0.967098200938171 -0.2512713138233043 0.0397969419888442
vn -0.967098200938171 -0.2512713138233043 0.0397969419888442
vn -0.967098200938171 -0.2512713138233043 0.0397969419888442
vn -0.8352529459066422 -0.06238506773597549 0.5463154946346056
vn -0.8352529459066422 -0.06238506773597549 0.5463154946346056
vn -0.8352529459066422 -0.06238506773597549 0.5463154946346056
vn -0.8114028417093375 -0.02322446696528826 0.5840257293991336
vn -0.8114028417093375 -0.02322446696528826 0.5840257293991336
vn -0.8114028417093375 -0.02322446696528826 0.5840257293991336
vn -0.553270642293549 -0.21057807072916315 0.8059457007169076
vn -0.553270642293549 -0.21057807072916315 0.8059457007169076
vn -0.553270642293549 -0.21057807072916315 0.8059457007169076
vn -0.702301640531693 -0.044535205979032134 0.7104850604586261
vn -0.702301640531693 -0.044535205979032134 0.7104850604586261
vn -0.702301640531693 -0.044535205979032134 0.7104850604586261
vn -0.8845267971617501 -0.09941583216399505 0.45577279144099464
vn -0.8845267971617501 -0.09941583216399505 0.45577279144099464
vn -0.8845267971617501 -0.09941583216399505 0.45577279144099464
vn -0.5932293487398957 -0.13702328394849303 0.7932865556970004
vn -0.5932293487398957 -0.13702328394849303 0.7932865556970004
vn -0.5932293487398957 -0.13702328394849303 0.7932865556970004
vn -0.800396684334037 -0.06494206218524588 0.5959426786748936
vn -0.800396684334037 -0.06494206218524588 0.5959426786748936
vn -0.800396684334037 -0.06494206218524588 0.5959426786748936
vn -0.8380158988695166 -0.34002985937891284 0.42674236721079517
vn -0.8380158988695166 -0.34002985937891284 0.42674236721079517
vn -0.8380158988695166 -0.34002985937891284 0.42674236721079517
vn -0.6600464986017816 -0.4594509467615513 0.5943428700703346
vn -0.6600464986017816 -0.4594509467615513 0.5943428700703346
vn -0.6600464986017816 -0.4594509467615513 0.5943428700703346
vn -0.7284969779944976 -0.5557271312691613 0.40057397397263944
vn -0.7284969779944976 -0.5557271312691613 0.40057397397263944
vn -0.7284969779944976 -0.5557271312691613 0.40057397397263944
vn -0.5426888667303259 -0.6109988916198155 0.5763411735823768
vn -0.5426888667303259 -0.6109988916198155 0.5763411735823768
vn -0.5426888667303259 -0.6109988916198155 0.5763411735823768
vn -0.5714840918183426 -0.759101335113456 0.31172278682754767
vn -0.5714840918183426 -0.759101335113456 0.31172278682754767
vn -0.5714840918183426 -0.759101335113456 0.31172278682754767
vn -0.34965130461457394 -0.7210357142717554 0.598206873853808
vn -0.34965130461457394 -0.7210357142717554 0.598206873853808
vn -0.34965130461457394 -0.7210357142717554 0.598206873853808
vn -0.6047890598881456 -0.6268539834588744 0.49120695888938104
vn -0.6047890598881456 -0.6268539834588744 0.49120695888938104
vn -0.6047890598881456 -0.6268539834588744 0.49120695888938104
vn -0.3824320798454045 -0.49495188241809857 0.7802360786299868
vn -0.3824320798454045 -0.49495188241809857 0.7802360786299868
vn -0.3824320798454045 -0.49495188241809857 0.7802360786299868
vn -0.21087870351886154 -0.6541693915251107 0.7263556839413254
vn -0.21087870351886154 -0.6541693915251107 0.7263556839413254
vn -0.21087870351886154 -0.6541693915251107 0.7263556839413254
vn -0.17867158669730354 -0.8568995746722906 0.48352826497891005
vn -0.17867158669730354 -0.8568995746722906 0.48352826497891005
vn -0.17867158669730354 -0.8568995746722906 0.48352826497891005
vn -0.43622286237722874 -0.8145902960170076 0.38229865808598007
vn -0.43622286237722874 -0.8145902960170076 0.38229865808598007
vn -0.43622286237722874 -0.8145902960170076 0.38229865808598007
vn -0.26225986778030985 -0.8475090764784571 0.461463028896668
vn -0.26225986778030985 -0.8475090764784571 0.461463028896668
vn -0.26225986778030985 -0.8475090764784571 0.461463028896668
vn -0.3897902118691963 -0.7466428370318883 0.5390622085065324
vn -0.3897902118691963 -0.7466428370318883 0.5390622085065324
vn -0.3897902118691963 -0.7466428370318883 0.5390622085065324
vn -0.32509318421008915 -0.8822345253445416 0.3405534669772667
vn -0.32509318421008915 -0.8822345253445416 0.3405534669772667
vn -0.32509318421008915 -0.8822345253445416 0.3405534669772667
vn -0.46028398439630214 -0.7273121909807259 0.5090733056830624
vn -0.46028398439630214 -0.7273121909807259 0.5090733056830624
vn -0.46028398439630214 -0.7273121909807259 0.5090733056830624
vn -0.31155279540900943 -0.8399770330534256 0.4442673064896809
vn -0.31155279540900943 -0.8399770330534256 0.4442673064896809
vn -0.31155279540900943 -0.8399770330534256 0.4442673064896809
vn 0.6144289789305528 -0.7071991950454917 0.3497804002190046
vn 0.6144289789305528 -0.7071991950454917 0.3497804002190046
vn 0.6144289789305528 -0.7071991950454917 0.3497804002190046
vn 0.42702728348215047 -0.7867639034999103 0.44570198486369655
vn 0.42702728348215047 -0.7867639034999103 0.44570198486369655
vn 0.42702728348215047 -0.7867639034999103 0.44570198486369655
vn -0.009601948879686453 -0.9473684525712998 0.3200012775761569
vn -0.009601948879686453 -0.9473684525712998 0.3200012775761569
vn -0.009601948879686453 -0.9473684525712998 0.3200012775761569
vn 0.6420186326172052 -0.7469182801513854 0.1729888960252376
vn 0.6420186326172052 -0.7469182801513854 0.1729888960252376
vn 0.6420186326172052 -0.7469182801513854 0.1729888960252376
vn 0.6717162215848195 -0.7172297328552074 0.18541528515271233
vn 0.6717162215848195 -0.7172297328552074 0.18541528515271233
vn 0.6717162215848195 -0.7172297328552074 0.18541528515271233
vn 0.6398382670251798 -0.7466277944680476 0.18208220280410106
vn 0.6398382670251798 -0.7466277944680476 0.18208220280410106
vn 0.6398382670251798 -0.7466277944680476 0.18208220280410106
vn 0.7371495334085449 -0.6248277398632568 0.2572952795776453
vn 0.7371495334085449 -0.6248277398632568 0.2572952795776453
vn 0.7371495334085449 -0.6248277398632568 0.2572952795776453
vn 0.8512877064736671 -0.4232799628721097 0.31006985315858915
vn 0.8512877064736671 -0.4232799628721097 0.31006985315858915
vn 0.8512877064736671 -0.4232799628721097 0.31006985315858915
vn 0.7339406775509065 -0.5983276502493725 0.32145778071650505
vn 0.7339406775509065 -0.5983276502493725 0.32145778071650505
vn 0.7339406775509065 -0.5983276502493725 0.32145778071650505
vn 0.45341138026798966 -0.8875109744226761 0.08211206076325563
vn 0.45341138026798966 -0.8875109744226761 0.08211206076325563
vn 0.45341138026798966 -0.8875109744226761 0.08211206076325563
vn 0.763116963709372 -0.6381181544996894 0.10226299720279661
vn 0.763116963709372 -0.6381181544996894 0.10226299720279661
vn 0.763116963709372 -0.6381181544996894 0.10226299720279661
vn 0.7269691251233322 -0.6703862568500304 0.14865449116667184
vn 0.7269691251233322 -0.6703862568500304 0.14865449116667184
vn 0.7269691251233322 -0.6703862568500304 0.14865449116667184
vn 0.7373135927497128 -0.6582832552108373 0.15176238616842633
vn 0.7373135927497128 -0.6582832552108373 0.15176238616842633
vn 0.7373135927497128 -0.6582832552108373 0.15176238616842633
vn 0.741584085315286 -0.6079378314462088 0.2836628941253535
vn 0.741584085315286 -0.6079378314462088 0.2836628941253535
vn 0.741584085315286 -0.6079378314462088 0.2836628941253535
vn 0.7535119137187913 -0.566527432294182 0.3335662817822059
vn 0.7535119137187913 -0.566527432294182 0.3335662817822059
vn 0.7535119137187913 -0.566527432294182 0.3335662817822059
vn -0.6957265926382452 0.023881430464412868 -0.717909594290918
vn -0.6957265926382452 0.023881430464412868 -0.717909594290918
vn -0.6957265926382452 0.023881430464412868 -0.717909594290918
f 1//1 2//2 3//3
f 4//4 5//5 6//6
f 7//7 8//8 9//9
f 10//10 11//11 12//12
f 13//13 14//14 15//15
f 16//16 17//17 18//18
f 19//19 20//20 21//21
f 22//22 23//23 24//24
f 25//25 26//26 27//27
f 28//28 29//29 30//30
f 31//31 32//32 33//33
f 34//34 35//35 36//36
f 37//37 38//38 39//39
f 40//40 41//41 42//42
f 43//43 44//44 45//45
f 46//46 47//47 48//48
f 49//49 50//50 51//51
f 52//52 53//53 54//54
f 55//55 56//56 57//57
f 58//58 59//59 60//60
f 61//61 62//62 63//63
f 64//64 65//65 66//66
f 67//67 68//68 69//69
f 70//70 71//71 72//72
f 73//73 74//74 75//75
f 76//76 77//77 78//78
f 79//79 80//80 81//81
f 82//82 83//83 84//84
f 85//85 86//86 87//87
f 88//88 89//89 90//90
f 91//91 92//92 93//93
f 94//94 95//95 96//96
f 97//97 98//98 99//99
f 100//100 101//101 102//102
f 103//103 104//104 105//105
f 106//106 107//107 108//108
f 109//109 110//110 111//111
f 112//112 113//113 114//114
f 115//115 116//116 117//117
f 118//118 119//119 120//120
f 121//121 122//122 123//123
f 124//124 125//125 126//126
f 127//127 128//128 129//129
f 130//130 131//131 132//132
f 133//133 134//134 135//135
f 136//136 137//137 138//138
f 139//139 140//140 141//141
f 142//142 143//143 144//144
f 145//145 146//146 147//147
f 148//148 149//149 150//150
f 151//151 152//152 153//153
f 154//154 155//155 156//156
f 157//157 158//158 159//159
f 160//160 161//161 162//162
f 163//163 164//164 165//165
f 166//166 167//167 168//168
f 169//169 170//170 171//171
f 172//172 173//173 174//174
f 175//175 176//176 177//177
f 178//178 179//179 180//180
f 181//181 182//182 183//183
f 184//184 185//185 186//186
f 187//187 188//188 189//189
f 190//190 191//191 192//192
f 193//193 194//194 195//195
f 196//196 197//197 198//198
f 199//199 200//200 201//201
f 202//202 203//203 204//204
f 205//205 206//206 207//207
f 208//208 209//209 210//210
f 211//211 212//212 213//213
f 214//214 215//215 216//216
f 217//217 218//218 219//219
f 220//220 221//221 222//222
f 223//223 224//224 225//225
f 226//226 227//227 228//228
f 229//229 230//230 231//231
f 232//232 233//233 234//234
f 235//235 236//236 237//237
f 238//238 239//239 240//240
f 241//241 242//242 243//243
f 244//244 245//245 246//246
f 247//247 248//248 249//249
f 250//250 251//251 252//252
f 253//253 254//254 255//255
f 256//256 257//257 258//258
f 259//259 260//260 261//261
f 262//262 263//263 264//264
f 265//265 266//266 267//267
f 268//268 269//269 270//270
f 271//271 272//272 273//273
f 274//274 275//275 276//276
f 277//277 278//278 279//279
f 280//280 281//281 282//282
f 283//283 284//284 285//285
f 286//286 287//287 288//288
f 289//289 290//290 291//291
f 292//292 293//293 294//294
f 295//295 296//296 297//297
f 298//298 299//299 300//300
f 301//301 302//302 303//303
f 304//304 305//305 306//306
f 307//307 308//308 309//309
f 310//310 311//311 312//312
f 313//313 314//314 315//315
f 316//316 317//317 318//318
f 319//319 320//320 321//321
f 322//322 323//323 324//324
f 325//325 326//326 327//327
f 328//328 329//329 330//330
f 331//331 332//332 333//333
f 334//334 335//335 336//336
f 337//337 338//338 339//339
f 340//340 341//341 342//342
f 343//343 344//344 345//345
f 346//346 347//347 348//348
f 349//349 350//350 351//351
f 352//352 353//353 354//354
f 355//355 356//356 357//357
f 358//358 359//359 360//360
f 361//361 362//362 363//363
f 364//364 365//365 366//366
f 367//367 368//368 369//369
f 370//370 371//371 372//372
f 373//373 374//374 375//375
f 376//376 377//377 378//378
f 379//379 380//380 381//381
f 382//382 383//383 384//384
f 385//385 386//386 387//387
f 388//388 389//389 390//390
f 391//391 392//392 393//393
f 394//394 395//395 396//396
f 397//397 398//398 399//399
f 400//400 401//401 402//402
f 403//403 404//404 405//405
f 406//406 407//407 408//408
f 409//409 410//410 411//411
f 412//412 413//413 414//414
f 415//415 416//416 417//417
f 418//418 419//419 420//420
f 421//421 422//422 423//423
f 424//424 425//425 426//426
f 427//427 428//428 429//429
f 430//430 431//431 432//432
f 433//433 434//434 435//435
f 436//436 437//437 438//438
f 439//439 440//440 441//441
f 442//442 443//443 444//444
f 445//445 446//446 447//447
f 448//448 449//449 450//450
f 451//451 452//452 453//453
f 454//454 455//455 456//456
f 457//457 458//458 459//459
f 460//460 461//461 462//462
f 463//463 464//464 465//465
f 466//466 467//467 468//468
f 469//469 470//470 471//471
f 472//472 473//473 474//474
f 475//475 476//476 477//477
f 478//478 479//479 480//480
f 481//481 482//482 483//483
f 484//484 485//485 486//486
f 487//487 488//488 489//489
f 490//490 491//491 492//492
f 493//493 494//494 495//495
f 496//496 497//497 498//498
f 499//499 500//500 501//501
f 502//502 503//503 504//504
f 505//505 506//506 507//507
f 508//508 509//509 510//510
f 511//511 512//512 513//513
f 514//514 515//515 516//516
f 517//517 518//518 519//519
f 520//520 521//521 522//522
f 523//523 524//524 525//525
f 526//526 527//527 528//528
f 529//529 530//530 531//531
f 532//532 533//533 534//534
f 535//535 536//536 537//537
f 538//538 539//539 540//540
f 541//541 542//542 543//543
f 544//544 545//545 546//546
f 547//547 548//548 549//549
f 550//550 551//551 552//552
f 553//553 554//554 555//555
f 556//556 557//557 558//558
f 559//559 560//560 561//561
f 562//562 563//563 564//564
f 565//565 566//566 567//567
f 568//568 569//569 570//570
f 571//571 572//572 573//573
f 574//574 575//575 576//576
f 577//577 578//578 579//579
f 580//580 581//581 582//582
f 583//583 584//584 585//585
f 586//586 587//587 588//588
f 589//589 590//590 591//591
f 592//592 593//593 594//594
f 595//595 596//596 597//597
f 598//598 599//599 600//600
f 601//601 602//602 603//603
f 604//604 605//605 606//606
f 607//607 608//608 609//609
f 610//610 611//611 612//612
f 613//613 614//614 615//615
f 616//616 617//617 618//618
f 619//619 620//620 621//621
f 622//622 623//623 624//624
f 625//625 626//626 627//627
f 628//628 629//629 630//630
f 631//631 632//632 633//633
f 634//634 635//635 636//636
f 637//637 638//638 639//639
f 640//640 641//641 642//642
f 643//643 644//644 645//645
f 646//646 647//647 648//648
f 649//649 650//650 651//651
f 652//652 653//653 654//654
f 655//655 656//656 657//657
f 658//658 659//659 660//660
f 661//661 662//662 663//663
f 664//664 665//665 666//666
f 667//667 668//668 669//669
f 670//670 671//671 672//672
f 673//673 674//674 675//675
f 676//676 677//677 678//678
f 679//679 680//680 681//681
f 682//682 683//683 684//684
f 685//685 686//686 687//687
f 688//688 689//689 690//690
f 691//691 692//692 693//693
f 694//694 695//695 696//696
f 697//697 698//698 699//699
f 700//700 701//701 702//702
f 703//703 704//704 705//705
f 706//706 707//707 708//708
f 709//709 710//710 711//711
f 712//712 713//713 714//714
f 715//715 716//716 717//717
f 718//718 719//719 720//720
f 721//721 722//722 723//723
f 724//724 725//725 726//726
f 727//727 728//728 729//729
f 730//730 731//731 732//732
f 733//733 734//734 735//735
f 736//736 737//737 738//738
f 739//739 740//740 741//741
f 742//742 743//743 744//744
f 745//745 746//746 747//747
f 748//748 749//749 750//750
f 751//751 752//752 753//753
f 754//754 755//755 756//756
f 757//757 758//758 759//759
f 760//760 761//761 762//762
f 763//763 764//764 765//765
f 766//766 767//767 768//768
f 769//769 770//770 771//771
f 772//772 773//773 774//774
f 775//775 776//776 777//777
