o node1
usemtl Part__Mirroring001_004_002
v 0.054362304508686066 0.008036172017455101 0.08719880133867264
v 0.05479460954666138 0.008667328394949436 0.09003277122974396
v 0.054043710231781006 0.007565947249531746 0.08970822393894196
v 0.060622166842222214 0.016408853232860565 0.07093872129917145
v 0.06635396927595139 0.023051956668496132 0.07233025133609772
v 0.0703086107969284 0.027342671528458595 0.07531960308551788
v 0.06028950214385986 0.016000328585505486 0.06957186013460159
v 0.06635396927595139 0.023051956668496132 0.07233025133609772
v 0.060622166842222214 0.016408853232860565 0.07093872129917145
v 0.05352792888879776 0.006789180915802717 0.08498157560825348
v 0.054362304508686066 0.008036172017455101 0.08719880133867264
v 0.054043710231781006 0.007565947249531746 0.08970822393894196
v 0.05352792888879776 0.006789180915802717 0.08498157560825348
v 0.054112378507852554 0.007666714955121279 0.08337248116731644
v 0.054362304508686066 0.008036172017455101 0.08719880133867264
v 0.07148100435733795 0.028517600148916245 0.09331668168306351
v 0.07266394048929214 0.029739229008555412 0.09217359125614166
v 0.07289743423461914 0.02997921220958233 0.09348900616168976
v 0.07266394048929214 0.029739229008555412 0.09217359125614166
v 0.07380621135234833 0.030906954780220985 0.09176452457904816
v 0.07289743423461914 0.02997921220958233 0.09348900616168976
v 0.07148100435733795 0.028517600148916245 0.09331668168306351
v 0.07289743423461914 0.02997921220958233 0.09348900616168976
v 0.07183533161878586 0.028885334730148315 0.094342902302742
v 0.06028950214385986 0.016000328585505486 0.06957186013460159
v 0.060622166842222214 0.016408853232860565 0.07093872129917145
v 0.058795977383852005 0.01410270668566227 0.07053621113300323
v 0.0534529872238636 0.006674786563962698 0.07814741879701614
v 0.054112378507852554 0.007666714955121279 0.08337248116731644
v 0.05352792888879776 0.006789180915802717 0.08498157560825348
v 0.07353309541940689 0.030628861859440804 0.08940191566944122
v 0.07380621135234833 0.030906954780220985 0.09176452457904816
v 0.07266394048929214 0.029739229008555412 0.09217359125614166
v 0.07353309541940689 0.030628861859440804 0.08940191566944122
v 0.07447440177202225 0.03158508986234665 0.08867742121219635
v 0.07380621135234833 0.030906954780220985 0.09176452457904816
v 0.06995878368616104 0.02697557955980301 0.09370078146457672
v 0.07148100435733795 0.028517600148916245 0.09331668168306351
v 0.07183533161878586 0.028885334730148315 0.094342902302742
v 0.0581631138920784 0.013283546082675457 0.06938524544239044
v 0.06028950214385986 0.016000328585505486 0.06957186013460159
v 0.058795977383852005 0.01410270668566227 0.07053621113300323
v 0.06564084440469742 0.022293565794825554 0.09437908232212067
v 0.06995878368616104 0.02697557955980301 0.09370078146457672
v 0.07183533161878586 0.028885334730148315 0.094342902302742
v 0.0534529872238636 0.006674786563962698 0.07814741879701614
v 0.054139379411935806 0.0077064624056220055 0.07683201134204865
v 0.054112378507852554 0.007666714955121279 0.08337248116731644
v 0.0581631138920784 0.013283546082675457 0.06938524544239044
v 0.058795977383852005 0.01410270668566227 0.07053621113300323
v 0.05736391991376877 0.012232230044901371 0.07073332369327545
v 0.07379230111837387 0.030892448499798775 0.08448733389377594
v 0.07447440177202225 0.03158508986234665 0.08867742121219635
v 0.07353309541940689 0.030628861859440804 0.08940191566944122
v 0.07459115236997604 0.031702764332294464 0.08341057598590851
v 0.07447440177202225 0.03158508986234665 0.08867742121219635
v 0.07379230111837387 0.030892448499798775 0.08448733389377594
v 0.05686650425195694 0.011565306223928928 0.0697333887219429
v 0.0581631138920784 0.013283546082675457 0.06938524544239044
v 0.05736391991376877 0.012232230044901371 0.07073332369327545
v 0.0536375418305397 0.006955197546631098 0.0757373720407486
v 0.054139379411935806 0.0077064624056220055 0.07683201134204865
v 0.0534529872238636 0.006674786563962698 0.07814741879701614
v 0.07341364771127701 0.03050723299384117 0.0801289826631546
v 0.07459115236997604 0.031702764332294464 0.08341057598590851
v 0.07379230111837387 0.030892448499798775 0.08448733389377594
v 0.07341364771127701 0.03050723299384117 0.0801289826631546
v 0.0742790549993515 0.03138730674982071 0.08034408837556839
v 0.07459115236997604 0.031702764332294464 0.08341057598590851
v 0.05686650425195694 0.011565306223928928 0.0697333887219429
v 0.05736391991376877 0.012232230044901371 0.07073332369327545
v 0.056256555020809174 0.01073213666677475 0.0713859349489212
v 0.06092241778969765 0.016787931323051453 0.09370000660419464
v 0.06995878368616104 0.02697557955980301 0.09370078146457672
v 0.06564084440469742 0.022293565794825554 0.09437908232212067
v 0.07367130368947983 0.030769595876336098 0.07799018174409866
v 0.0742790549993515 0.03138730674982071 0.08034408837556839
v 0.07341364771127701 0.03050723299384117 0.0801289826631546
v 0.055788978934288025 0.010082156397402287 0.07050681859254837
v 0.05686650425195694 0.011565306223928928 0.0697333887219429
v 0.056256555020809174 0.01073213666677475 0.0713859349489212
v 0.05407220497727394 0.00760740926489234 0.07364059239625931
v 0.0546593964099884 0.008471261709928513 0.07411076128482819
v 0.054139379411935806 0.0077064624056220055 0.07683201134204865
v 0.05407220497727394 0.00760740926489234 0.07364059239625931
v 0.054139379411935806 0.0077064624056220055 0.07683201134204865
v 0.0536375418305397 0.006955197546631098 0.0757373720407486
v 0.07252798229455948 0.029599392786622047 0.0775873214006424
v 0.07367130368947983 0.030769595876336098 0.07799018174409866
v 0.07341364771127701 0.03050723299384117 0.0801289826631546
v 0.059001240879297256 0.014393104240298271 0.09437890350818634
v 0.06092241778969765 0.016787931323051453 0.09370000660419464
v 0.06564084440469742 0.022293565794825554 0.09437908232212067
v 0.055788978934288025 0.010082156397402287 0.07050681859254837
v 0.056256555020809174 0.01073213666677475 0.0713859349489212
v 0.05535852909088135 0.009476795792579651 0.07247288525104523
v 0.07253839075565338 0.029610805213451385 0.07576866447925568
v 0.07367130368947983 0.030769595876336098 0.07799018174409866
v 0.07252798229455948 0.029599392786622047 0.0775873214006424
v 0.05483106151223183 0.008721824735403061 0.0717543512582779
v 0.055788978934288025 0.010082156397402287 0.07050681859254837
v 0.05535852909088135 0.009476795792579651 0.07247288525104523
v 0.05483106151223183 0.008721824735403061 0.0717543512582779
v 0.0546593964099884 0.008471261709928513 0.07411076128482819
v 0.05407220497727394 0.00760740926489234 0.07364059239625931
v 0.05483106151223183 0.008721824735403061 0.0717543512582779
v 0.05535852909088135 0.009476795792579651 0.07247288525104523
v 0.0546593964099884 0.008471261709928513 0.07411076128482819
v 0.07161722332239151 0.028658542782068253 0.07624860107898712
v 0.07253839075565338 0.029610805213451385 0.07576866447925568
v 0.07252798229455948 0.029599392786622047 0.0775873214006424
v 0.07101638615131378 0.02803426794707775 0.07441700249910355
v 0.07161722332239151 0.028658542782068253 0.07624860107898712
v 0.0703086107969284 0.027342671528458595 0.07531960308551788
v 0.07101638615131378 0.02803426794707775 0.07441700249910355
v 0.07253839075565338 0.029610805213451385 0.07576866447925568
v 0.07161722332239151 0.028658542782068253 0.07624860107898712
v 0.05713371932506561 0.01192472968250513 0.09367312490940094
v 0.06092241778969765 0.016787931323051453 0.09370000660419464
v 0.059001240879297256 0.014393104240298271 0.09437890350818634
v 0.05608990415930748 0.010502270422875881 0.09433425217866898
v 0.05713371932506561 0.01192472968250513 0.09367312490940094
v 0.059001240879297256 0.014393104240298271 0.09437890350818634
v 0.05624133348464966 0.010710936971008778 0.09320522099733353
v 0.05713371932506561 0.01192472968250513 0.09367312490940094
v 0.05608990415930748 0.010502270422875881 0.09433425217866898
v 0.06635396927595139 0.023051956668496132 0.07233025133609772
v 0.07101638615131378 0.02803426794707775 0.07441700249910355
v 0.0703086107969284 0.027342671528458595 0.07531960308551788
v 0.05624133348464966 0.010710936971008778 0.09320522099733353
v 0.05608990415930748 0.010502270422875881 0.09433425217866898
v 0.054952315986156464 0.008897950872778893 0.09287466108798981
v 0.055455975234508514 0.009613854810595512 0.09204931557178497
v 0.05624133348464966 0.010710936971008778 0.09320522099733353
v 0.054952315986156464 0.008897950872778893 0.09287466108798981
v 0.05479460954666138 0.008667328394949436 0.09003277122974396
v 0.055455975234508514 0.009613854810595512 0.09204931557178497
v 0.054952315986156464 0.008897950872778893 0.09287466108798981
v 0.054043710231781006 0.007565947249531746 0.08970822393894196
v 0.05479460954666138 0.008667328394949436 0.09003277122974396
v 0.054952315986156464 0.008897950872778893 0.09287466108798981
v 0.06124240159988403 0.015393545851111412 0.0708855539560318
v 0.0703086107969284 0.027342671528458595 0.07531960308551788
v 0.07151316851377487 0.026626259088516235 0.0754927545785904
v 0.060622166842222214 0.016408853232860565 0.07093872129917145
v 0.0703086107969284 0.027342671528458595 0.07531960308551788
v 0.06124240159988403 0.015393545851111412 0.0708855539560318
v 0.06543263792991638 0.019689394161105156 0.07279731333255768
v 0.06251278519630432 0.01513012032955885 0.07157374173402786
v 0.06181593984365463 0.015417227521538734 0.07112391293048859
v 0.06543263792991638 0.019689394161105156 0.07279731333255768
v 0.0660824179649353 0.019346371293067932 0.07322277128696442
v 0.06251278519630432 0.01513012032955885 0.07157374173402786
v 0.06181593984365463 0.015417227521538734 0.07112391293048859
v 0.06124240159988403 0.015393545851111412 0.0708855539560318
v 0.06543263792991638 0.019689394161105156 0.07279731333255768
v 0.06543263792991638 0.019689394161105156 0.07279731333255768
v 0.06124240159988403 0.015393545851111412 0.0708855539560318
v 0.06818214058876038 0.022725911810994148 0.07404102385044098
v 0.07151316851377487 0.026626259088516235 0.0754927545785904
v 0.06838646531105042 0.021930772811174393 0.07426400482654572
v 0.06818214058876038 0.022725911810994148 0.07404102385044098
v 0.07151316851377487 0.026626259088516235 0.0754927545785904
v 0.07222152501344681 0.026066256687045097 0.07598884403705597
v 0.06838646531105042 0.021930772811174393 0.07426400482654572
v 0.06818214058876038 0.022725911810994148 0.07404102385044098
v 0.06838646531105042 0.021930772811174393 0.07426400482654572
v 0.0660824179649353 0.019346371293067932 0.07322277128696442
v 0.06818214058876038 0.022725911810994148 0.07404102385044098
v 0.0660824179649353 0.019346371293067932 0.07322277128696442
v 0.06543263792991638 0.019689394161105156 0.07279731333255768
v 0.06818214058876038 0.022725911810994148 0.07404102385044098
v 0.06124240159988403 0.015393545851111412 0.0708855539560318
v 0.07151316851377487 0.026626259088516235 0.0754927545785904
v 0.07235749810934067 0.026067519560456276 0.0762486532330513
v 0.06838646531105042 0.021930772811174393 0.07426400482654572
v 0.07222152501344681 0.026066256687045097 0.07598884403705597
v 0.06668006628751755 0.019921505823731422 0.07375121861696243
v 0.06838646531105042 0.021930772811174393 0.07426400482654572
v 0.07235749810934067 0.026067519560456276 0.0762486532330513
v 0.0660824179649353 0.019346371293067932 0.07322277128696442
v 0.06294635683298111 0.015612664632499218 0.07181711494922638
v 0.06251278519630432 0.01513012032955885 0.07157374173402786
v 0.0629492998123169 0.015563352964818478 0.07193142920732498
v 0.06294635683298111 0.015612664632499218 0.07181711494922638
v 0.06668006628751755 0.019921505823731422 0.07375121861696243
v 0.0660824179649353 0.019346371293067932 0.07322277128696442
v 0.06838646531105042 0.021930772811174393 0.07426400482654572
v 0.06668006628751755 0.019921505823731422 0.07375121861696243
v 0.06294635683298111 0.015612664632499218 0.07181711494922638
v 0.0660824179649353 0.019346371293067932 0.07322277128696442
v 0.06668006628751755 0.019921505823731422 0.07375121861696243
v 0.07326782494783401 0.02713387832045555 0.07697804272174835
v 0.07373669743537903 0.027561800554394722 0.07771827280521393
v 0.07333960384130478 0.027083853259682655 0.07724626362323761
v 0.07290755212306976 0.026696644723415375 0.07659686356782913
v 0.07326782494783401 0.02713387832045555 0.07697804272174835
v 0.07333960384130478 0.027083853259682655 0.07724626362323761
v 0.0749601498246193 0.028889929875731468 0.08280177414417267
v 0.07466702163219452 0.02848822809755802 0.0806279331445694
v 0.07477159053087234 0.028684169054031372 0.08106464892625809
v 0.07290755212306976 0.026696644723415375 0.07659686356782913
v 0.07235749810934067 0.026067519560456276 0.0762486532330513
v 0.07222152501344681 0.026066256687045097 0.07598884403705597
v 0.07491476088762283 0.02872163988649845 0.08285470306873322
v 0.07466702163219452 0.02848822809755802 0.0806279331445694
v 0.0749601498246193 0.028889929875731468 0.08280177414417267
v 0.07477159053087234 0.028684169054031372 0.08106464892625809
v 0.07466702163219452 0.02848822809755802 0.0806279331445694
v 0.0745624527335167 0.02847958728671074 0.07996798306703568
v 0.0743442103266716 0.028143756091594696 0.07934357225894928
v 0.0745624527335167 0.02847958728671074 0.07996798306703568
v 0.07466702163219452 0.02848822809755802 0.0806279331445694
v 0.0750112235546112 0.02889338508248329 0.08389343321323395
v 0.07491476088762283 0.02872163988649845 0.08285470306873322
v 0.0749601498246193 0.028889929875731468 0.08280177414417267
v 0.0745624527335167 0.02847958728671074 0.07996798306703568
v 0.0743442103266716 0.028143756091594696 0.07934357225894928
v 0.07427037507295609 0.0281873419880867 0.07892604172229767
v 0.0743442103266716 0.028143756091594696 0.07934357225894928
v 0.07412702590227127 0.027957091107964516 0.07857127487659454
v 0.07427037507295609 0.0281873419880867 0.07892604172229767
v 0.07499415427446365 0.02885296754539013 0.08623053133487701
v 0.07496967911720276 0.028771664947271347 0.08484955132007599
v 0.0750112235546112 0.02889338508248329 0.08389343321323395
v 0.0749034658074379 0.028752319514751434 0.08789648115634918
v 0.0747927874326706 0.028682274743914604 0.08899982273578644
v 0.07460194826126099 0.028452657163143158 0.0900731235742569
v 0.07499415427446365 0.02885296754539013 0.08623053133487701
v 0.07497325539588928 0.028870506212115288 0.08697380125522614
v 0.0749034658074379 0.028752319514751434 0.08789648115634918
v 0.07185325026512146 0.025527963414788246 0.09300775080919266
v 0.07258462905883789 0.02638957090675831 0.09298582375049591
v 0.07178531587123871 0.025623464956879616 0.09320349246263504
v 0.07337255030870438 0.02713114209473133 0.09241820126771927
v 0.07258462905883789 0.02638957090675831 0.09298582375049591
v 0.07185325026512146 0.025527963414788246 0.09300775080919266
v 0.07185325026512146 0.025527963414788246 0.09300775080919266
v 0.07178531587123871 0.025623464956879616 0.09320349246263504
v 0.07121425867080688 0.024945612996816635 0.09318216145038605
v 0.07337255030870438 0.02713114209473133 0.09241820126771927
v 0.07311344146728516 0.027005041018128395 0.09274841099977493
v 0.07258462905883789 0.02638957090675831 0.09298582375049591
v 0.07337255030870438 0.02713114209473133 0.09241820126771927
v 0.07356639206409454 0.02746616117656231 0.09236003458499908
v 0.07311344146728516 0.027005041018128395 0.09274841099977493
v 0.07390424609184265 0.027668559923768044 0.09177406132221222
v 0.07356639206409454 0.02746616117656231 0.09236003458499908
v 0.07337255030870438 0.02713114209473133 0.09241820126771927
v 0.07390424609184265 0.027668559923768044 0.09177406132221222
v 0.07401963323354721 0.02793838083744049 0.09174330532550812
v 0.07356639206409454 0.02746616117656231 0.09236003458499908
v 0.07434374839067459 0.028200866654515266 0.09098847210407257
v 0.07401963323354721 0.02793838083744049 0.09174330532550812
v 0.07390424609184265 0.027668559923768044 0.09177406132221222
v 0.05882212147116661 0.010370609350502491 0.09313394129276276
v 0.06211795285344124 0.014601941220462322 0.09316439181566238
v 0.059105683118104935 0.010954763740301132 0.09327264130115509
v 0.059221673756837845 0.010860102251172066 0.09310074150562286
v 0.060432497411966324 0.012444860301911831 0.09311284124851227
v 0.05882212147116661 0.010370609350502491 0.09313394129276276
v 0.05882212147116661 0.010370609350502491 0.09313394129276276
v 0.060432497411966324 0.012444860301911831 0.09311284124851227
v 0.06211795285344124 0.014601941220462322 0.09316439181566238
v 0.05923422798514366 0.0108552947640419 0.09303976595401764
v 0.060432497411966324 0.012444860301911831 0.09311284124851227
v 0.059221673756837845 0.010860102251172066 0.09310074150562286
v 0.059105344116687775 0.010954845696687698 0.09327264130115509
v 0.059105344116687775 0.010954845696687698 0.09327264130115509
v 0.059105344116687775 0.010954845696687698 0.09327264130115509
v 0.059105344116687775 0.010954845696687698 0.09327264130115509
v 0.059105344116687775 0.010954845696687698 0.09327264130115509
v 0.059105344116687775 0.010954845696687698 0.09327264130115509
v 0.059105344116687775 0.010954845696687698 0.09327264130115509
v 0.059105344116687775 0.010954845696687698 0.09327264130115509
v 0.059105344116687775 0.010954845696687698 0.09327264130115509
v 0.059105344116687775 0.010954845696687698 0.09327264130115509
v 0.059105344116687775 0.010954845696687698 0.09327264130115509
v 0.059105344116687775 0.010954845696687698 0.09327264130115509
v 0.059105344116687775 0.010954845696687698 0.09327264130115509
v 0.059105683118104935 0.010954763740301132 0.09327264130115509
v 0.059105344116687775 0.010954845696687698 0.09327264130115509
v 0.05861854553222656 0.010293475352227688 0.09322608262300491
v 0.059105683118104935 0.010954763740301132 0.09327264130115509
v 0.059105344116687775 0.010954845696687698 0.09327264130115509
v 0.05861854553222656 0.010293475352227688 0.09322608262300491
v 0.05882212147116661 0.010370609350502491 0.09313394129276276
v 0.059105683118104935 0.010954763740301132 0.09327264130115509
v 0.05712305009365082 0.008271822705864906 0.09160776436328888
v 0.057001665234565735 0.00783711951225996 0.090733602643013
v 0.05742380768060684 0.008415532298386097 0.09177602082490921
v 0.05839524790644646 0.009808789007365704 0.09302699565887451
v 0.05882212147116661 0.010370609350502491 0.09313394129276276
v 0.05861854553222656 0.010293475352227688 0.09322608262300491
v 0.059221673756837845 0.010860102251172066 0.09310074150562286
v 0.05882212147116661 0.010370609350502491 0.09313394129276276
v 0.05928737670183182 0.010880451649427414 0.09269477427005768
v 0.059641283005476 0.011440962553024292 0.07112683355808258
v 0.05905110016465187 0.010653200559318066 0.07130534201860428
v 0.058694832026958466 0.010539867915213108 0.07120557129383087
v 0.05905110016465187 0.010653200559318066 0.07130534201860428
v 0.058628279715776443 0.01003524661064148 0.07155454903841019
v 0.058694832026958466 0.010539867915213108 0.07120557129383087
v 0.058694832026958466 0.010539867915213108 0.07120557129383087
v 0.058628279715776443 0.01003524661064148 0.07155454903841019
v 0.058273110538721085 0.009628993459045887 0.07168318331241608
v 0.06181863322854042 0.01418190635740757 0.0714075118303299
v 0.06251278519630432 0.01513012032955885 0.07157374173402786
v 0.06294635683298111 0.015612664632499218 0.07181711494922638
v 0.057963211089372635 0.009189357049763203 0.07195617258548737
v 0.05738035589456558 0.008305827155709267 0.07277502119541168
v 0.05751771479845047 0.00859887432307005 0.07242943346500397
v 0.05655660107731819 0.0071397582069039345 0.07471968233585358
v 0.05671376734972 0.00745176849886775 0.07397206127643585
v 0.05705465003848076 0.007865400053560734 0.07331181317567825
v 0.05621175095438957 0.006650093477219343 0.07647497206926346
v 0.05634366720914841 0.006906604394316673 0.07536782324314117
v 0.05655660107731819 0.0071397582069039345 0.07471968233585358
v 0.06251278519630432 0.01513012032955885 0.07157374173402786
v 0.06181863322854042 0.01418190635740757 0.0714075118303299
v 0.06155340373516083 0.013971888460218906 0.07122369110584259
v 0.06067341938614845 0.012762486934661865 0.07111956179141998
v 0.06155340373516083 0.013971888460218906 0.07122369110584259
v 0.06181863322854042 0.01418190635740757 0.0714075118303299
v 0.06083749607205391 0.013139828108251095 0.07103151828050613
v 0.06155340373516083 0.013971888460218906 0.07122369110584259
v 0.06067341938614845 0.012762486934661865 0.07111956179141998
v 0.07496967911720276 0.028771664947271347 0.08484955132007599
v 0.07491476088762283 0.02872163988649845 0.08285470306873322
v 0.0750112235546112 0.02889338508248329 0.08389343321323395
v 0.07496967911720276 0.028771664947271347 0.08484955132007599
v 0.07362775504589081 0.027535971254110336 0.0826115757226944
v 0.07491476088762283 0.02872163988649845 0.08285470306873322
v 0.07333960384130478 0.027083853259682655 0.07724626362323761
v 0.07235749810934067 0.026067519560456276 0.0762486532330513
v 0.07290755212306976 0.026696644723415375 0.07659686356782913
v 0.0743442103266716 0.028143756091594696 0.07934357225894928
v 0.07466702163219452 0.02848822809755802 0.0806279331445694
v 0.07491476088762283 0.02872163988649845 0.08285470306873322
v 0.07333960384130478 0.027083853259682655 0.07724626362323761
v 0.07373669743537903 0.027561800554394722 0.07771827280521393
v 0.07412702590227127 0.027957091107964516 0.07857127487659454
v 0.07333960384130478 0.027083853259682655 0.07724626362323761
v 0.07412702590227127 0.027957091107964516 0.07857127487659454
v 0.0743442103266716 0.028143756091594696 0.07934357225894928
v 0.07491476088762283 0.02872163988649845 0.08285470306873322
v 0.07333960384130478 0.027083853259682655 0.07724626362323761
v 0.0743442103266716 0.028143756091594696 0.07934357225894928
v 0.07333984971046448 0.027265841141343117 0.08779169619083405
v 0.07319879531860352 0.027186311781406403 0.0846710354089737
v 0.07362775504589081 0.027535971254110336 0.0826115757226944
v 0.0705917477607727 0.02438262850046158 0.0771830826997757
v 0.07235749810934067 0.026067519560456276 0.0762486532330513
v 0.07333960384130478 0.027083853259682655 0.07724626362323761
v 0.07243218272924423 0.02632858417928219 0.07963253557682037
v 0.0705917477607727 0.02438262850046158 0.0771830826997757
v 0.07333960384130478 0.027083853259682655 0.07724626362323761
v 0.0724698156118393 0.026382243260741234 0.08951270580291748
v 0.07333984971046448 0.027265841141343117 0.08779169619083405
v 0.07390424609184265 0.027668559923768044 0.09177406132221222
v 0.07106577605009079 0.024922646582126617 0.09084732085466385
v 0.07390424609184265 0.027668559923768044 0.09177406132221222
v 0.07185325026512146 0.025527963414788246 0.09300775080919266
v 0.07362775504589081 0.027535971254110336 0.0826115757226944
v 0.07333960384130478 0.027083853259682655 0.07724626362323761
v 0.07491476088762283 0.02872163988649845 0.08285470306873322
v 0.07362775504589081 0.027535971254110336 0.0826115757226944
v 0.07243218272924423 0.02632858417928219 0.07963253557682037
v 0.07333960384130478 0.027083853259682655 0.07724626362323761
v 0.07106577605009079 0.024922646582126617 0.09084732085466385
v 0.0724698156118393 0.026382243260741234 0.08951270580291748
v 0.07390424609184265 0.027668559923768044 0.09177406132221222
v 0.06010628491640091 0.014945941045880318 0.08543236553668976
v 0.059828292578458786 0.014794889837503433 0.08303739130496979
v 0.06187009438872337 0.016840144991874695 0.08382417261600494
v 0.07106577605009079 0.024922646582126617 0.09084732085466385
v 0.0639343187212944 0.018701568245887756 0.08602525293827057
v 0.0724698156118393 0.026382243260741234 0.08951270580291748
v 0.0639343187212944 0.018701568245887756 0.08602525293827057
v 0.06187009438872337 0.016840144991874695 0.08382417261600494
v 0.06551171094179153 0.020307360216975212 0.08362026512622833
v 0.07106577605009079 0.024922646582126617 0.09084732085466385
v 0.0675998404622078 0.02159578539431095 0.09043170511722565
v 0.0639343187212944 0.018701568245887756 0.08602525293827057
v 0.06276959180831909 0.017241472378373146 0.08816726505756378
v 0.060604505240917206 0.015061885118484497 0.08794321119785309
v 0.06010628491640091 0.014945941045880318 0.08543236553668976
v 0.06276959180831909 0.017241472378373146 0.08816726505756378
v 0.06010628491640091 0.014945941045880318 0.08543236553668976
v 0.0639343187212944 0.018701568245887756 0.08602525293827057
v 0.06272394210100174 0.017589226365089417 0.08028221875429153
v 0.0599525012075901 0.014645392075181007 0.07802379876375198
v 0.06218956783413887 0.016695499420166016 0.07728046923875809
v 0.06187009438872337 0.016840144991874695 0.08382417261600494
v 0.05989821255207062 0.01488967053592205 0.08114059269428253
v 0.06551171094179153 0.020307360216975212 0.08362026512622833
v 0.07362775504589081 0.027535971254110336 0.0826115757226944
v 0.06709959357976913 0.021630721166729927 0.08096904307603836
v 0.07243218272924423 0.02632858417928219 0.07963253557682037
v 0.05989821255207062 0.01488967053592205 0.08114059269428253
v 0.0599525012075901 0.014645392075181007 0.07802379876375198
v 0.06272394210100174 0.017589226365089417 0.08028221875429153
v 0.06249631196260452 0.01657571829855442 0.08991451561450958
v 0.060604505240917206 0.015061885118484497 0.08794321119785309
v 0.06276959180831909 0.017241472378373146 0.08816726505756378
v 0.06272394210100174 0.017589226365089417 0.08028221875429153
v 0.06218956783413887 0.016695499420166016 0.07728046923875809
v 0.06783302873373032 0.02191411517560482 0.07734103500843048
v 0.06783302873373032 0.02191411517560482 0.07734103500843048
v 0.06218956783413887 0.016695499420166016 0.07728046923875809
v 0.06645255535840988 0.020472362637519836 0.07633931189775467
v 0.0639343187212944 0.018701568245887756 0.08602525293827057
v 0.06010628491640091 0.014945941045880318 0.08543236553668976
v 0.06187009438872337 0.016840144991874695 0.08382417261600494
v 0.07319879531860352 0.027186311781406403 0.0846710354089737
v 0.06709959357976913 0.021630721166729927 0.08096904307603836
v 0.07362775504589081 0.027535971254110336 0.0826115757226944
v 0.06551171094179153 0.020307360216975212 0.08362026512622833
v 0.06272394210100174 0.017589226365089417 0.08028221875429153
v 0.06709959357976913 0.021630721166729927 0.08096904307603836
v 0.06551171094179153 0.020307360216975212 0.08362026512622833
v 0.06709959357976913 0.021630721166729927 0.08096904307603836
v 0.07319879531860352 0.027186311781406403 0.0846710354089737
v 0.06709959357976913 0.021630721166729927 0.08096904307603836
v 0.06783302873373032 0.02191411517560482 0.07734103500843048
v 0.07243218272924423 0.02632858417928219 0.07963253557682037
v 0.06412773579359055 0.01814754493534565 0.09027649462223053
v 0.06249631196260452 0.01657571829855442 0.08991451561450958
v 0.06276959180831909 0.017241472378373146 0.08816726505756378
v 0.06218956783413887 0.016695499420166016 0.07728046923875809
v 0.06074844300746918 0.015125821344554424 0.07622446119785309
v 0.06202330067753792 0.016066880896687508 0.07499875128269196
v 0.06218956783413887 0.016695499420166016 0.07728046923875809
v 0.06202330067753792 0.016066880896687508 0.07499875128269196
v 0.06318292766809464 0.01715131662786007 0.07495929300785065
v 0.06218956783413887 0.016695499420166016 0.07728046923875809
v 0.0599525012075901 0.014645392075181007 0.07802379876375198
v 0.06074844300746918 0.015125821344554424 0.07622446119785309
v 0.06276959180831909 0.017241472378373146 0.08816726505756378
v 0.06560733914375305 0.019611552357673645 0.0904047042131424
v 0.06412773579359055 0.01814754493534565 0.09027649462223053
v 0.06187009438872337 0.016840144991874695 0.08382417261600494
v 0.059828292578458786 0.014794889837503433 0.08303739130496979
v 0.05989821255207062 0.01488967053592205 0.08114059269428253
v 0.07333984971046448 0.027265841141343117 0.08779169619083405
v 0.0639343187212944 0.018701568245887756 0.08602525293827057
v 0.06551171094179153 0.020307360216975212 0.08362026512622833
v 0.0724698156118393 0.026382243260741234 0.08951270580291748
v 0.0639343187212944 0.018701568245887756 0.08602525293827057
v 0.07333984971046448 0.027265841141343117 0.08779169619083405
v 0.06645255535840988 0.020472362637519836 0.07633931189775467
v 0.06218956783413887 0.016695499420166016 0.07728046923875809
v 0.06318292766809464 0.01715131662786007 0.07495929300785065
v 0.0675998404622078 0.02159578539431095 0.09043170511722565
v 0.06560733914375305 0.019611552357673645 0.0904047042131424
v 0.06276959180831909 0.017241472378373146 0.08816726505756378
v 0.0675998404622078 0.02159578539431095 0.09043170511722565
v 0.06276959180831909 0.017241472378373146 0.08816726505756378
v 0.0639343187212944 0.018701568245887756 0.08602525293827057
v 0.07333984971046448 0.027265841141343117 0.08779169619083405
v 0.06551171094179153 0.020307360216975212 0.08362026512622833
v 0.07319879531860352 0.027186311781406403 0.0846710354089737
v 0.06551171094179153 0.020307360216975212 0.08362026512622833
v 0.05989821255207062 0.01488967053592205 0.08114059269428253
v 0.06272394210100174 0.017589226365089417 0.08028221875429153
v 0.06709959357976913 0.021630721166729927 0.08096904307603836
v 0.06272394210100174 0.017589226365089417 0.08028221875429153
v 0.06783302873373032 0.02191411517560482 0.07734103500843048
v 0.06318292766809464 0.01715131662786007 0.07495929300785065
v 0.06260526180267334 0.01579325832426548 0.0738263800740242
v 0.06415959447622299 0.017156163230538368 0.0738147646188736
v 0.0705917477607727 0.02438262850046158 0.0771830826997757
v 0.07243218272924423 0.02632858417928219 0.07963253557682037
v 0.06783302873373032 0.02191411517560482 0.07734103500843048
v 0.06318292766809464 0.01715131662786007 0.07495929300785065
v 0.06415959447622299 0.017156163230538368 0.0738147646188736
v 0.06570693105459213 0.019059132784605026 0.07475854456424713
v 0.06645255535840988 0.020472362637519836 0.07633931189775467
v 0.06318292766809464 0.01715131662786007 0.07495929300785065
v 0.06570693105459213 0.019059132784605026 0.07475854456424713
v 0.06570693105459213 0.019059132784605026 0.07475854456424713
v 0.06415959447622299 0.017156163230538368 0.0738147646188736
v 0.06666825711727142 0.020009171217679977 0.0748947411775589
v 0.06666825711727142 0.020009171217679977 0.0748947411775589
v 0.0705917477607727 0.02438262850046158 0.0771830826997757
v 0.06645255535840988 0.020472362637519836 0.07633931189775467
v 0.06783302873373032 0.02191411517560482 0.07734103500843048
v 0.06645255535840988 0.020472362637519836 0.07633931189775467
v 0.0705917477607727 0.02438262850046158 0.0771830826997757
v 0.0705917477607727 0.02438262850046158 0.0771830826997757
v 0.06666825711727142 0.020009171217679977 0.0748947411775589
v 0.07235749810934067 0.026067519560456276 0.0762486532330513
v 0.06570693105459213 0.019059132784605026 0.07475854456424713
v 0.06666825711727142 0.020009171217679977 0.0748947411775589
v 0.06645255535840988 0.020472362637519836 0.07633931189775467
v 0.05927443504333496 0.01112114917486906 0.07571186125278473
v 0.05942680314183235 0.011719179339706898 0.0761566311120987
v 0.05879012495279312 0.010426617227494717 0.07763518393039703
v 0.060208119451999664 0.012278975918889046 0.07390089333057404
v 0.06138153001666069 0.014136592857539654 0.07373113185167313
v 0.06018940359354019 0.012640935368835926 0.07466860115528107
v 0.059211134910583496 0.010778585448861122 0.07473105937242508
v 0.060208119451999664 0.012278975918889046 0.07390089333057404
v 0.05927443504333496 0.01112114917486906 0.07571186125278473
v 0.06318292766809464 0.01715131662786007 0.07495929300785065
v 0.06202330067753792 0.016066880896687508 0.07499875128269196
v 0.06260526180267334 0.01579325832426548 0.0738263800740242
v 0.060208119451999664 0.012278975918889046 0.07390089333057404
v 0.06018940359354019 0.012640935368835926 0.07466860115528107
v 0.05927443504333496 0.01112114917486906 0.07571186125278473
v 0.05927443504333496 0.01112114917486906 0.07571186125278473
v 0.06018940359354019 0.012640935368835926 0.07466860115528107
v 0.05942680314183235 0.011719179339706898 0.0761566311120987
v 0.0598703995347023 0.013825636357069016 0.07660587131977081
v 0.05942680314183235 0.011719179339706898 0.0761566311120987
v 0.06018940359354019 0.012640935368835926 0.07466860115528107
v 0.06018940359354019 0.012640935368835926 0.07466860115528107
v 0.06051456555724144 0.014642436988651752 0.07581742107868195
v 0.0598703995347023 0.013825636357069016 0.07660587131977081
v 0.05942680314183235 0.011719179339706898 0.0761566311120987
v 0.05912771821022034 0.011470849625766277 0.07796592265367508
v 0.05879012495279312 0.010426617227494717 0.07763518393039703
v 0.06260526180267334 0.01579325832426548 0.0738263800740242
v 0.06202330067753792 0.016066880896687508 0.07499875128269196
v 0.06148744001984596 0.015450779348611832 0.07496537268161774
v 0.06415959447622299 0.017156163230538368 0.0738147646188736
v 0.06260526180267334 0.01579325832426548 0.0738263800740242
v 0.06247489154338837 0.015065514482557774 0.07293058186769485
v 0.06074844300746918 0.015125821344554424 0.07622446119785309
v 0.06148744001984596 0.015450779348611832 0.07496537268161774
v 0.06202330067753792 0.016066880896687508 0.07499875128269196
v 0.059581559151411057 0.013897066935896873 0.0780034214258194
v 0.05942680314183235 0.011719179339706898 0.0761566311120987
v 0.0598703995347023 0.013825636357069016 0.07660587131977081
v 0.05912771821022034 0.011470849625766277 0.07796592265367508
v 0.05942680314183235 0.011719179339706898 0.0761566311120987
v 0.059581559151411057 0.013897066935896873 0.0780034214258194
v 0.06051456555724144 0.014642436988651752 0.07581742107868195
v 0.059581559151411057 0.013897066935896873 0.0780034214258194
v 0.0598703995347023 0.013825636357069016 0.07660587131977081
v 0.0599525012075901 0.014645392075181007 0.07802379876375198
v 0.059581559151411057 0.013897066935896873 0.0780034214258194
v 0.06051456555724144 0.014642436988651752 0.07581742107868195
v 0.06260526180267334 0.01579325832426548 0.0738263800740242
v 0.06138153001666069 0.014136592857539654 0.07373113185167313
v 0.06247489154338837 0.015065514482557774 0.07293058186769485
v 0.06247489154338837 0.015065514482557774 0.07293058186769485
v 0.06138153001666069 0.014136592857539654 0.07373113185167313
v 0.06085650995373726 0.013050598092377186 0.07323433458805084
v 0.06074844300746918 0.015125821344554424 0.07622446119785309
v 0.06051456555724144 0.014642436988651752 0.07581742107868195
v 0.06148744001984596 0.015450779348611832 0.07496537268161774
v 0.06018940359354019 0.012640935368835926 0.07466860115528107
v 0.06138153001666069 0.014136592857539654 0.07373113185167313
v 0.06051456555724144 0.014642436988651752 0.07581742107868195
v 0.06085650995373726 0.013050598092377186 0.07323433458805084
v 0.06138153001666069 0.014136592857539654 0.07373113185167313
v 0.060208119451999664 0.012278975918889046 0.07390089333057404
v 0.06260526180267334 0.01579325832426548 0.0738263800740242
v 0.06148744001984596 0.015450779348611832 0.07496537268161774
v 0.06138153001666069 0.014136592857539654 0.07373113185167313
v 0.06074844300746918 0.015125821344554424 0.07622446119785309
v 0.0599525012075901 0.014645392075181007 0.07802379876375198
v 0.06051456555724144 0.014642436988651752 0.07581742107868195
v 0.06148744001984596 0.015450779348611832 0.07496537268161774
v 0.06051456555724144 0.014642436988651752 0.07581742107868195
v 0.06138153001666069 0.014136592857539654 0.07373113185167313
v 0.05938372761011124 0.013682971708476543 0.0818072035908699
v 0.059569843113422394 0.013716931454837322 0.08545209467411041
v 0.059161990880966187 0.011440295726060867 0.08499462157487869
v 0.059161990880966187 0.011440295726060867 0.08499462157487869
v 0.059569843113422394 0.013716931454837322 0.08545209467411041
v 0.0594470351934433 0.011741600930690765 0.08767636120319366
v 0.05912771821022034 0.011470849625766277 0.07796592265367508
v 0.05906222388148308 0.011310352012515068 0.08189298212528229
v 0.05879012495279312 0.010426617227494717 0.07763518393039703
v 0.05879012495279312 0.010426617227494717 0.07763518393039703
v 0.05906222388148308 0.011310352012515068 0.08189298212528229
v 0.05878021940588951 0.010402553714811802 0.08363325148820877
v 0.059161990880966187 0.011440295726060867 0.08499462157487869
v 0.05878021940588951 0.010402553714811802 0.08363325148820877
v 0.05906222388148308 0.011310352012515068 0.08189298212528229
v 0.059161990880966187 0.011440295726060867 0.08499462157487869
v 0.05906222388148308 0.011310352012515068 0.08189298212528229
v 0.05938372761011124 0.013682971708476543 0.0818072035908699
v 0.059581559151411057 0.013897066935896873 0.0780034214258194
v 0.05938372761011124 0.013682971708476543 0.0818072035908699
v 0.05912771821022034 0.011470849625766277 0.07796592265367508
v 0.05912771821022034 0.011470849625766277 0.07796592265367508
v 0.05938372761011124 0.013682971708476543 0.0818072035908699
v 0.05906222388148308 0.011310352012515068 0.08189298212528229
v 0.059581559151411057 0.013897066935896873 0.0780034214258194
v 0.059532713145017624 0.014254100620746613 0.08141142874956131
v 0.05938372761011124 0.013682971708476543 0.0818072035908699
v 0.0599525012075901 0.014645392075181007 0.07802379876375198
v 0.059532713145017624 0.014254100620746613 0.08141142874956131
v 0.059581559151411057 0.013897066935896873 0.0780034214258194
v 0.0599525012075901 0.014645392075181007 0.07802379876375198
v 0.05989821255207062 0.01488967053592205 0.08114059269428253
v 0.059532713145017624 0.014254100620746613 0.08141142874956131
v 0.059532713145017624 0.014254100620746613 0.08141142874956131
v 0.05968128517270088 0.014364401809871197 0.08475346118211746
v 0.05938372761011124 0.013682971708476543 0.0818072035908699
v 0.05904148519039154 0.010729908011853695 0.08768071234226227
v 0.059161990880966187 0.011440295726060867 0.08499462157487869
v 0.0594470351934433 0.011741600930690765 0.08767636120319366
v 0.059532713145017624 0.014254100620746613 0.08141142874956131
v 0.059828292578458786 0.014794889837503433 0.08303739130496979
v 0.05968128517270088 0.014364401809871197 0.08475346118211746
v 0.05938372761011124 0.013682971708476543 0.0818072035908699
v 0.05968128517270088 0.014364401809871197 0.08475346118211746
v 0.059569843113422394 0.013716931454837322 0.08545209467411041
v 0.0594470351934433 0.011741600930690765 0.08767636120319366
v 0.059569843113422394 0.013716931454837322 0.08545209467411041
v 0.06001478433609009 0.014184979721903801 0.08744998276233673
v 0.059569843113422394 0.013716931454837322 0.08545209467411041
v 0.05968128517270088 0.014364401809871197 0.08475346118211746
v 0.06001478433609009 0.014184979721903801 0.08744998276233673
v 0.06001478433609009 0.014184979721903801 0.08744998276233673
v 0.05968128517270088 0.014364401809871197 0.08475346118211746
v 0.060604505240917206 0.015061885118484497 0.08794321119785309
v 0.05968128517270088 0.014364401809871197 0.08475346118211746
v 0.06010628491640091 0.014945941045880318 0.08543236553668976
v 0.060604505240917206 0.015061885118484497 0.08794321119785309
v 0.05968128517270088 0.014364401809871197 0.08475346118211746
v 0.059828292578458786 0.014794889837503433 0.08303739130496979
v 0.06010628491640091 0.014945941045880318 0.08543236553668976
v 0.059532713145017624 0.014254100620746613 0.08141142874956131
v 0.05989821255207062 0.01488967053592205 0.08114059269428253
v 0.059828292578458786 0.014794889837503433 0.08303739130496979
v 0.05904148519039154 0.010729908011853695 0.08768071234226227
v 0.05878021940588951 0.010402553714811802 0.08363325148820877
v 0.059161990880966187 0.011440295726060867 0.08499462157487869
v 0.0594470351934433 0.011741600930690765 0.08767636120319366
v 0.05962509661912918 0.011485135182738304 0.08993478119373322
v 0.05904148519039154 0.010729908011853695 0.08768071234226227
v 0.05987119674682617 0.012304089963436127 0.08920146524906158
v 0.05962509661912918 0.011485135182738304 0.08993478119373322
v 0.0594470351934433 0.011741600930690765 0.08767636120319366
v 0.06175216659903526 0.01461850292980671 0.09094013273715973
v 0.06349692493677139 0.016435498371720314 0.09158362448215485
v 0.06168127804994583 0.014153203926980495 0.09159769117832184
v 0.06249631196260452 0.01657571829855442 0.08991451561450958
v 0.06171014532446861 0.015756595879793167 0.0896761566400528
v 0.060604505240917206 0.015061885118484497 0.08794321119785309
v 0.0594470351934433 0.011741600930690765 0.08767636120319366
v 0.06001478433609009 0.014184979721903801 0.08744998276233673
v 0.05987119674682617 0.012304089963436127 0.08920146524906158
v 0.06086396798491478 0.013712598010897636 0.09024633467197418
v 0.060546472668647766 0.012702375650405884 0.09099012613296509
v 0.05987119674682617 0.012304089963436127 0.08920146524906158
v 0.06001478433609009 0.014184979721903801 0.08744998276233673
v 0.06036309152841568 0.01433324720710516 0.088478222489357
v 0.05987119674682617 0.012304089963436127 0.08920146524906158
v 0.060604505240917206 0.015061885118484497 0.08794321119785309
v 0.06036309152841568 0.01433324720710516 0.088478222489357
v 0.06001478433609009 0.014184979721903801 0.08744998276233673
v 0.06086396798491478 0.013712598010897636 0.09024633467197418
v 0.06168127804994583 0.014153203926980495 0.09159769117832184
v 0.060546472668647766 0.012702375650405884 0.09099012613296509
v 0.06175216659903526 0.01461850292980671 0.09094013273715973
v 0.06168127804994583 0.014153203926980495 0.09159769117832184
v 0.06086396798491478 0.013712598010897636 0.09024633467197418
v 0.060604505240917206 0.015061885118484497 0.08794321119785309
v 0.06098661199212074 0.014980285428464413 0.08923347294330597
v 0.06036309152841568 0.01433324720710516 0.088478222489357
v 0.05987119674682617 0.012304089963436127 0.08920146524906158
v 0.06036309152841568 0.01433324720710516 0.088478222489357
v 0.06086396798491478 0.013712598010897636 0.09024633467197418
v 0.060604505240917206 0.015061885118484497 0.08794321119785309
v 0.06171014532446861 0.015756595879793167 0.0896761566400528
v 0.06098661199212074 0.014980285428464413 0.08923347294330597
v 0.06036309152841568 0.01433324720710516 0.088478222489357
v 0.06098661199212074 0.014980285428464413 0.08923347294330597
v 0.06086396798491478 0.013712598010897636 0.09024633467197418
v 0.06249631196260452 0.01657571829855442 0.08991451561450958
v 0.06349692493677139 0.016435498371720314 0.09158362448215485
v 0.06171014532446861 0.015756595879793167 0.0896761566400528
v 0.06171014532446861 0.015756595879793167 0.0896761566400528
v 0.06349692493677139 0.016435498371720314 0.09158362448215485
v 0.06175216659903526 0.01461850292980671 0.09094013273715973
v 0.060546472668647766 0.012702375650405884 0.09099012613296509
v 0.05962509661912918 0.011485135182738304 0.08993478119373322
v 0.05987119674682617 0.012304089963436127 0.08920146524906158
v 0.06168127804994583 0.014153203926980495 0.09159769117832184
v 0.06349692493677139 0.016435498371720314 0.09158362448215485
v 0.061953671276569366 0.014334985986351967 0.09254296123981476
v 0.060546472668647766 0.012702375650405884 0.09099012613296509
v 0.06168127804994583 0.014153203926980495 0.09159769117832184
v 0.061953671276569366 0.014334985986351967 0.09254296123981476
v 0.06086396798491478 0.013712598010897636 0.09024633467197418
v 0.06098661199212074 0.014980285428464413 0.08923347294330597
v 0.06175216659903526 0.01461850292980671 0.09094013273715973
v 0.06098661199212074 0.014980285428464413 0.08923347294330597
v 0.06171014532446861 0.015756595879793167 0.0896761566400528
v 0.06175216659903526 0.01461850292980671 0.09094013273715973
v 0.06349692493677139 0.016435498371720314 0.09158362448215485
v 0.06712984293699265 0.020673492923378944 0.09137608110904694
v 0.06596183031797409 0.019134502857923508 0.09220780432224274
v 0.06412773579359055 0.01814754493534565 0.09027649462223053
v 0.06560733914375305 0.019611552357673645 0.0904047042131424
v 0.06712984293699265 0.020673492923378944 0.09137608110904694
v 0.06412773579359055 0.01814754493534565 0.09027649462223053
v 0.06712984293699265 0.020673492923378944 0.09137608110904694
v 0.06349692493677139 0.016435498371720314 0.09158362448215485
v 0.06249631196260452 0.01657571829855442 0.08991451561450958
v 0.06412773579359055 0.01814754493534565 0.09027649462223053
v 0.06349692493677139 0.016435498371720314 0.09158362448215485
v 0.06712984293699265 0.020673492923378944 0.09137608110904694
v 0.0675998404622078 0.02159578539431095 0.09043170511722565
v 0.06941791623830795 0.023068688809871674 0.09157229214906693
v 0.06560733914375305 0.019611552357673645 0.0904047042131424
v 0.0675998404622078 0.02159578539431095 0.09043170511722565
v 0.06712984293699265 0.020673492923378944 0.09137608110904694
v 0.06349692493677139 0.016435498371720314 0.09158362448215485
v 0.06596183031797409 0.019134502857923508 0.09220780432224274
v 0.061953671276569366 0.014334985986351967 0.09254296123981476
v 0.06941791623830795 0.023068688809871674 0.09157229214906693
v 0.07106577605009079 0.024922646582126617 0.09084732085466385
v 0.07185325026512146 0.025527963414788246 0.09300775080919266
v 0.0675998404622078 0.02159578539431095 0.09043170511722565
v 0.07106577605009079 0.024922646582126617 0.09084732085466385
v 0.06941791623830795 0.023068688809871674 0.09157229214906693
v 0.06596183031797409 0.019134502857923508 0.09220780432224274
v 0.06712984293699265 0.020673492923378944 0.09137608110904694
v 0.06941791623830795 0.023068688809871674 0.09157229214906693
v 0.06666825711727142 0.020009171217679977 0.0748947411775589
v 0.06668006628751755 0.019921505823731422 0.07375121861696243
v 0.07235749810934067 0.026067519560456276 0.0762486532330513
v 0.06415959447622299 0.017156163230538368 0.0738147646188736
v 0.06668006628751755 0.019921505823731422 0.07375121861696243
v 0.06666825711727142 0.020009171217679977 0.0748947411775589
v 0.06247489154338837 0.015065514482557774 0.07293058186769485
v 0.0629492998123169 0.015563352964818478 0.07193142920732498
v 0.06415959447622299 0.017156163230538368 0.0738147646188736
v 0.06415959447622299 0.017156163230538368 0.0738147646188736
v 0.0629492998123169 0.015563352964818478 0.07193142920732498
v 0.06668006628751755 0.019921505823731422 0.07375121861696243
v 0.0575188510119915 0.008177542127668858 0.07420386373996735
v 0.058628279715776443 0.01003524661064148 0.07155454903841019
v 0.05951598286628723 0.011125832796096802 0.07241006195545197
v 0.06181863322854042 0.01418190635740757 0.0714075118303299
v 0.06247489154338837 0.015065514482557774 0.07293058186769485
v 0.05951598286628723 0.011125832796096802 0.07241006195545197
v 0.06181863322854042 0.01418190635740757 0.0714075118303299
v 0.0629492998123169 0.015563352964818478 0.07193142920732498
v 0.06247489154338837 0.015065514482557774 0.07293058186769485
v 0.06067341938614845 0.012762486934661865 0.07111956179141998
v 0.059641283005476 0.011440962553024292 0.07112683355808258
v 0.0601363442838192 0.012128891423344612 0.07106234133243561
v 0.0575188510119915 0.008177542127668858 0.07420386373996735
v 0.05655660107731819 0.0071397582069039345 0.07471968233585358
v 0.05705465003848076 0.007865400053560734 0.07331181317567825
v 0.0575188510119915 0.008177542127668858 0.07420386373996735
v 0.056754983961582184 0.0071005141362547874 0.076603002846241
v 0.05655660107731819 0.0071397582069039345 0.07471968233585358
v 0.05793092027306557 0.008751706220209599 0.07685632258653641
v 0.05927443504333496 0.01112114917486906 0.07571186125278473
v 0.05879012495279312 0.010426617227494717 0.07763518393039703
v 0.05738035589456558 0.008305827155709267 0.07277502119541168
v 0.0575188510119915 0.008177542127668858 0.07420386373996735
v 0.05705465003848076 0.007865400053560734 0.07331181317567825
v 0.05951598286628723 0.011125832796096802 0.07241006195545197
v 0.05793092027306557 0.008751706220209599 0.07685632258653641
v 0.05739164724946022 0.007892798632383347 0.07630838453769684
v 0.05793092027306557 0.008751706220209599 0.07685632258653641
v 0.059211134910583496 0.010778585448861122 0.07473105937242508
v 0.05927443504333496 0.01112114917486906 0.07571186125278473
v 0.056153591722249985 0.006542790215462446 0.07736070454120636
v 0.056754983961582184 0.0071005141362547874 0.076603002846241
v 0.056059177964925766 0.006478979717940092 0.07819867879152298
v 0.059211134910583496 0.010778585448861122 0.07473105937242508
v 0.05793092027306557 0.008751706220209599 0.07685632258653641
v 0.05951598286628723 0.011125832796096802 0.07241006195545197
v 0.05951598286628723 0.011125832796096802 0.07241006195545197
v 0.060208119451999664 0.012278975918889046 0.07390089333057404
v 0.059211134910583496 0.010778585448861122 0.07473105937242508
v 0.05951598286628723 0.011125832796096802 0.07241006195545197
v 0.058628279715776443 0.01003524661064148 0.07155454903841019
v 0.06067341938614845 0.012762486934661865 0.07111956179141998
v 0.05951598286628723 0.011125832796096802 0.07241006195545197
v 0.06085650995373726 0.013050598092377186 0.07323433458805084
v 0.060208119451999664 0.012278975918889046 0.07390089333057404
v 0.0575188510119915 0.008177542127668858 0.07420386373996735
v 0.05738035589456558 0.008305827155709267 0.07277502119541168
v 0.058628279715776443 0.01003524661064148 0.07155454903841019
v 0.058628279715776443 0.01003524661064148 0.07155454903841019
v 0.05738035589456558 0.008305827155709267 0.07277502119541168
v 0.057963211089372635 0.009189357049763203 0.07195617258548737
v 0.06181863322854042 0.01418190635740757 0.0714075118303299
v 0.05951598286628723 0.011125832796096802 0.07241006195545197
v 0.06067341938614845 0.012762486934661865 0.07111956179141998
v 0.058628279715776443 0.01003524661064148 0.07155454903841019
v 0.057963211089372635 0.009189357049763203 0.07195617258548737
v 0.058273110538721085 0.009628993459045887 0.07168318331241608
v 0.05951598286628723 0.011125832796096802 0.07241006195545197
v 0.06247489154338837 0.015065514482557774 0.07293058186769485
v 0.06085650995373726 0.013050598092377186 0.07323433458805084
v 0.056754983961582184 0.0071005141362547874 0.076603002846241
v 0.056153591722249985 0.006542790215462446 0.07736070454120636
v 0.05621175095438957 0.006650093477219343 0.07647497206926346
v 0.059641283005476 0.011440962553024292 0.07112683355808258
v 0.058628279715776443 0.01003524661064148 0.07155454903841019
v 0.05905110016465187 0.010653200559318066 0.07130534201860428
v 0.06067341938614845 0.012762486934661865 0.07111956179141998
v 0.058628279715776443 0.01003524661064148 0.07155454903841019
v 0.059641283005476 0.011440962553024292 0.07112683355808258
v 0.0575188510119915 0.008177542127668858 0.07420386373996735
v 0.05739164724946022 0.007892798632383347 0.07630838453769684
v 0.056754983961582184 0.0071005141362547874 0.076603002846241
v 0.056754983961582184 0.0071005141362547874 0.076603002846241
v 0.05621175095438957 0.006650093477219343 0.07647497206926346
v 0.05655660107731819 0.0071397582069039345 0.07471968233585358
v 0.0575188510119915 0.008177542127668858 0.07420386373996735
v 0.05951598286628723 0.011125832796096802 0.07241006195545197
v 0.05739164724946022 0.007892798632383347 0.07630838453769684
v 0.056952062994241714 0.007277367636561394 0.08158118277788162
v 0.05793092027306557 0.008751706220209599 0.07685632258653641
v 0.05795406177639961 0.008796927519142628 0.08355642110109329
v 0.05739164724946022 0.007892798632383347 0.07630838453769684
v 0.05793092027306557 0.008751706220209599 0.07685632258653641
v 0.056952062994241714 0.007277367636561394 0.08158118277788162
v 0.056754983961582184 0.0071005141362547874 0.076603002846241
v 0.05608100816607475 0.006470800843089819 0.08024836331605911
v 0.056059177964925766 0.006478979717940092 0.07819867879152298
v 0.05795406177639961 0.008796927519142628 0.08355642110109329
v 0.05793092027306557 0.008751706220209599 0.07685632258653641
v 0.05878021940588951 0.010402553714811802 0.08363325148820877
v 0.05879012495279312 0.010426617227494717 0.07763518393039703
v 0.05878021940588951 0.010402553714811802 0.08363325148820877
v 0.05793092027306557 0.008751706220209599 0.07685632258653641
v 0.056754983961582184 0.0071005141362547874 0.076603002846241
v 0.056952062994241714 0.007277367636561394 0.08158118277788162
v 0.05608100816607475 0.006470800843089819 0.08024836331605911
v 0.05739164724946022 0.007892798632383347 0.07630838453769684
v 0.056952062994241714 0.007277367636561394 0.08158118277788162
v 0.056754983961582184 0.0071005141362547874 0.076603002846241
v 0.05839524790644646 0.009808789007365704 0.09302699565887451
v 0.05815223604440689 0.009200104512274265 0.0918826013803482
v 0.05882212147116661 0.010370609350502491 0.09313394129276276
v 0.05962509661912918 0.011485135182738304 0.08993478119373322
v 0.059454113245010376 0.011073576286435127 0.09181423485279083
v 0.05827534198760986 0.009187841787934303 0.08982403576374054
v 0.059454113245010376 0.011073576286435127 0.09181423485279083
v 0.05928737670183182 0.010880451649427414 0.09269477427005768
v 0.05815223604440689 0.009200104512274265 0.0918826013803482
v 0.05962509661912918 0.011485135182738304 0.08993478119373322
v 0.060546472668647766 0.012702375650405884 0.09099012613296509
v 0.059454113245010376 0.011073576286435127 0.09181423485279083
v 0.0562148243188858 0.006701636593788862 0.08579565584659576
v 0.05720873549580574 0.007789870724081993 0.0893176943063736
v 0.05638105049729347 0.006950395181775093 0.08760853111743927
v 0.05682540684938431 0.007194127421826124 0.08526034653186798
v 0.05720873549580574 0.007789870724081993 0.0893176943063736
v 0.0562148243188858 0.006701636593788862 0.08579565584659576
v 0.05682540684938431 0.007194127421826124 0.08526034653186798
v 0.057593703269958496 0.008172395639121532 0.08650268614292145
v 0.05720873549580574 0.007789870724081993 0.0893176943063736
v 0.05638105049729347 0.006950395181775093 0.08760853111743927
v 0.05720873549580574 0.007789870724081993 0.0893176943063736
v 0.05652667209506035 0.007164790760725737 0.08863694220781326
v 0.056952062994241714 0.007277367636561394 0.08158118277788162
v 0.0560944564640522 0.006514514796435833 0.08312870562076569
v 0.05608100816607475 0.006470800843089819 0.08024836331605911
v 0.05652667209506035 0.007164790760725737 0.08863694220781326
v 0.05720873549580574 0.007789870724081993 0.0893176943063736
v 0.056716665625572205 0.007430995348840952 0.0896335318684578
v 0.056952062994241714 0.007277367636561394 0.08158118277788162
v 0.05682540684938431 0.007194127421826124 0.08526034653186798
v 0.0560944564640522 0.006514514796435833 0.08312870562076569
v 0.05827534198760986 0.009187841787934303 0.08982403576374054
v 0.05720873549580574 0.007789870724081993 0.0893176943063736
v 0.057593703269958496 0.008172395639121532 0.08650268614292145
v 0.056716665625572205 0.007430995348840952 0.0896335318684578
v 0.05720873549580574 0.007789870724081993 0.0893176943063736
v 0.057001665234565735 0.00783711951225996 0.090733602643013
v 0.05795406177639961 0.008796927519142628 0.08355642110109329
v 0.05827534198760986 0.009187841787934303 0.08982403576374054
v 0.057593703269958496 0.008172395639121532 0.08650268614292145
v 0.056952062994241714 0.007277367636561394 0.08158118277788162
v 0.057593703269958496 0.008172395639121532 0.08650268614292145
v 0.05682540684938431 0.007194127421826124 0.08526034653186798
v 0.05795406177639961 0.008796927519142628 0.08355642110109329
v 0.05878021940588951 0.010402553714811802 0.08363325148820877
v 0.05827534198760986 0.009187841787934303 0.08982403576374054
v 0.057001665234565735 0.00783711951225996 0.090733602643013
v 0.05720873549580574 0.007789870724081993 0.0893176943063736
v 0.05742380768060684 0.008415532298386097 0.09177602082490921
v 0.05904148519039154 0.010729908011853695 0.08768071234226227
v 0.05827534198760986 0.009187841787934303 0.08982403576374054
v 0.05878021940588951 0.010402553714811802 0.08363325148820877
v 0.05882212147116661 0.010370609350502491 0.09313394129276276
v 0.05815223604440689 0.009200104512274265 0.0918826013803482
v 0.05928737670183182 0.010880451649427414 0.09269477427005768
v 0.05720873549580574 0.007789870724081993 0.0893176943063736
v 0.05815223604440689 0.009200104512274265 0.0918826013803482
v 0.05742380768060684 0.008415532298386097 0.09177602082490921
v 0.05614481866359711 0.006579708307981491 0.0842898041009903
v 0.05682540684938431 0.007194127421826124 0.08526034653186798
v 0.0562148243188858 0.006701636593788862 0.08579565584659576
v 0.05827534198760986 0.009187841787934303 0.08982403576374054
v 0.05815223604440689 0.009200104512274265 0.0918826013803482
v 0.05720873549580574 0.007789870724081993 0.0893176943063736
v 0.0560944564640522 0.006514514796435833 0.08312870562076569
v 0.05682540684938431 0.007194127421826124 0.08526034653186798
v 0.05614481866359711 0.006579708307981491 0.0842898041009903
v 0.05742380768060684 0.008415532298386097 0.09177602082490921
v 0.05815223604440689 0.009200104512274265 0.0918826013803482
v 0.05781598389148712 0.008995689451694489 0.09246766567230225
v 0.056952062994241714 0.007277367636561394 0.08158118277788162
v 0.05795406177639961 0.008796927519142628 0.08355642110109329
v 0.057593703269958496 0.008172395639121532 0.08650268614292145
v 0.05781598389148712 0.008995689451694489 0.09246766567230225
v 0.05815223604440689 0.009200104512274265 0.0918826013803482
v 0.05839524790644646 0.009808789007365704 0.09302699565887451
v 0.05962509661912918 0.011485135182738304 0.08993478119373322
v 0.05827534198760986 0.009187841787934303 0.08982403576374054
v 0.05904148519039154 0.010729908011853695 0.08768071234226227
v 0.05815223604440689 0.009200104512274265 0.0918826013803482
v 0.05827534198760986 0.009187841787934303 0.08982403576374054
v 0.059454113245010376 0.011073576286435127 0.09181423485279083
v 0.060546472668647766 0.012702375650405884 0.09099012613296509
v 0.05928737670183182 0.010880451649427414 0.09269477427005768
v 0.059454113245010376 0.011073576286435127 0.09181423485279083
v 0.061953671276569366 0.014334985986351967 0.09254296123981476
v 0.05928737670183182 0.010880451649427414 0.09269477427005768
v 0.060546472668647766 0.012702375650405884 0.09099012613296509
v 0.06282611191272736 0.01549444254487753 0.09318758547306061
v 0.06211795285344124 0.014601941220462322 0.09316439181566238
v 0.061953671276569366 0.014334985986351967 0.09254296123981476
v 0.05923422798514366 0.0108552947640419 0.09303976595401764
v 0.05928737670183182 0.010880451649427414 0.09269477427005768
v 0.060432497411966324 0.012444860301911831 0.09311284124851227
v 0.060432497411966324 0.012444860301911831 0.09311284124851227
v 0.061953671276569366 0.014334985986351967 0.09254296123981476
v 0.06211795285344124 0.014601941220462322 0.09316439181566238
v 0.05928737670183182 0.010880451649427414 0.09269477427005768
v 0.061953671276569366 0.014334985986351967 0.09254296123981476
v 0.060432497411966324 0.012444860301911831 0.09311284124851227
v 0.06596183031797409 0.019134502857923508 0.09220780432224274
v 0.06441176682710648 0.01737983711063862 0.09317858517169952
v 0.06282611191272736 0.01549444254487753 0.09318758547306061
v 0.06596183031797409 0.019134502857923508 0.09220780432224274
v 0.06282611191272736 0.01549444254487753 0.09318758547306061
v 0.061953671276569366 0.014334985986351967 0.09254296123981476
v 0.07185325026512146 0.025527963414788246 0.09300775080919266
v 0.07121425867080688 0.024945612996816635 0.09318216145038605
v 0.06942099332809448 0.023012086749076843 0.0931704118847847
v 0.07185325026512146 0.025527963414788246 0.09300775080919266
v 0.06596183031797409 0.019134502857923508 0.09220780432224274
v 0.06941791623830795 0.023068688809871674 0.09157229214906693
v 0.07185325026512146 0.025527963414788246 0.09300775080919266
v 0.06942099332809448 0.023012086749076843 0.0931704118847847
v 0.06796137243509293 0.021413542330265045 0.09316737204790115
v 0.06596183031797409 0.019134502857923508 0.09220780432224274
v 0.07185325026512146 0.025527963414788246 0.09300775080919266
v 0.06796137243509293 0.021413542330265045 0.09316737204790115
v 0.06596183031797409 0.019134502857923508 0.09220780432224274
v 0.06796137243509293 0.021413542330265045 0.09316737204790115
v 0.06615444272756577 0.01938972994685173 0.09316642582416534
v 0.06596183031797409 0.019134502857923508 0.09220780432224274
v 0.06615444272756577 0.01938972994685173 0.09316642582416534
v 0.06441176682710648 0.01737983711063862 0.09317858517169952
v 0.07496967911720276 0.028771664947271347 0.08484955132007599
v 0.07333984971046448 0.027265841141343117 0.08779169619083405
v 0.07362775504589081 0.027535971254110336 0.0826115757226944
v 0.07390424609184265 0.027668559923768044 0.09177406132221222
v 0.07333984971046448 0.027265841141343117 0.08779169619083405
v 0.07496967911720276 0.028771664947271347 0.08484955132007599
v 0.07496967911720276 0.028771664947271347 0.08484955132007599
v 0.07499415427446365 0.02885296754539013 0.08623053133487701
v 0.0749034658074379 0.028752319514751434 0.08789648115634918
v 0.07496967911720276 0.028771664947271347 0.08484955132007599
v 0.0749034658074379 0.028752319514751434 0.08789648115634918
v 0.07460194826126099 0.028452657163143158 0.0900731235742569
v 0.07390424609184265 0.027668559923768044 0.09177406132221222
v 0.07496967911720276 0.028771664947271347 0.08484955132007599
v 0.07460194826126099 0.028452657163143158 0.0900731235742569
v 0.07390424609184265 0.027668559923768044 0.09177406132221222
v 0.07460194826126099 0.028452657163143158 0.0900731235742569
v 0.07434374839067459 0.028200866654515266 0.09098847210407257
v 0.07185325026512146 0.025527963414788246 0.09300775080919266
v 0.07390424609184265 0.027668559923768044 0.09177406132221222
v 0.07337255030870438 0.02713114209473133 0.09241820126771927
v 0.07361891120672226 0.028838468715548515 0.07801808416843414
v 0.07373669743537903 0.027561800554394722 0.07771827280521393
v 0.07304655015468597 0.02829149179160595 0.07698739320039749
v 0.07361891120672226 0.028838468715548515 0.07801808416843414
v 0.07412702590227127 0.027957091107964516 0.07857127487659454
v 0.07373669743537903 0.027561800554394722 0.07771827280521393
v 0.07361891120672226 0.028838468715548515 0.07801808416843414
v 0.07427037507295609 0.0281873419880867 0.07892604172229767
v 0.07412702590227127 0.027957091107964516 0.07857127487659454
v 0.0750112235546112 0.02889338508248329 0.08389343321323395
v 0.0749601498246193 0.028889929875731468 0.08280177414417267
v 0.0747847706079483 0.029328886419534683 0.08226348459720612
v 0.07480765879154205 0.02961459942162037 0.08516110479831696
v 0.0747847706079483 0.029328886419534683 0.08226348459720612
v 0.07456640899181366 0.030005719512701035 0.0832194834947586
v 0.07480765879154205 0.02961459942162037 0.08516110479831696
v 0.0750112235546112 0.02889338508248329 0.08389343321323395
v 0.0747847706079483 0.029328886419534683 0.08226348459720612
v 0.074123315513134 0.02895740419626236 0.07913102209568024
v 0.07427037507295609 0.0281873419880867 0.07892604172229767
v 0.07361891120672226 0.028838468715548515 0.07801808416843414
v 0.074123315513134 0.02895740419626236 0.07913102209568024
v 0.07361891120672226 0.028838468715548515 0.07801808416843414
v 0.07426463812589645 0.02957826666533947 0.08025284111499786
v 0.074123315513134 0.02895740419626236 0.07913102209568024
v 0.0745624527335167 0.02847958728671074 0.07996798306703568
v 0.07427037507295609 0.0281873419880867 0.07892604172229767
v 0.07426463812589645 0.02957826666533947 0.08025284111499786
v 0.0745624527335167 0.02847958728671074 0.07996798306703568
v 0.074123315513134 0.02895740419626236 0.07913102209568024
v 0.07222152501344681 0.026066256687045097 0.07598884403705597
v 0.07151316851377487 0.026626259088516235 0.0754927545785904
v 0.07240073382854462 0.027541562914848328 0.07616837322711945
v 0.07426463812589645 0.02957826666533947 0.08025284111499786
v 0.07477159053087234 0.028684169054031372 0.08106464892625809
v 0.0745624527335167 0.02847958728671074 0.07996798306703568
v 0.07240073382854462 0.027541562914848328 0.07616837322711945
v 0.07290755212306976 0.026696644723415375 0.07659686356782913
v 0.07222152501344681 0.026066256687045097 0.07598884403705597
v 0.0747847706079483 0.029328886419534683 0.08226348459720612
v 0.07477159053087234 0.028684169054031372 0.08106464892625809
v 0.07426463812589645 0.02957826666533947 0.08025284111499786
v 0.07240073382854462 0.027541562914848328 0.07616837322711945
v 0.07326782494783401 0.02713387832045555 0.07697804272174835
v 0.07290755212306976 0.026696644723415375 0.07659686356782913
v 0.0747847706079483 0.029328886419534683 0.08226348459720612
v 0.07426463812589645 0.02957826666533947 0.08025284111499786
v 0.07456640899181366 0.030005719512701035 0.0832194834947586
v 0.0747847706079483 0.029328886419534683 0.08226348459720612
v 0.0749601498246193 0.028889929875731468 0.08280177414417267
v 0.07477159053087234 0.028684169054031372 0.08106464892625809
v 0.07304655015468597 0.02829149179160595 0.07698739320039749
v 0.07326782494783401 0.02713387832045555 0.07697804272174835
v 0.07240073382854462 0.027541562914848328 0.07616837322711945
v 0.07304655015468597 0.02829149179160595 0.07698739320039749
v 0.07373669743537903 0.027561800554394722 0.07771827280521393
v 0.07326782494783401 0.02713387832045555 0.07697804272174835
v 0.06251278519630432 0.01513012032955885 0.07157374173402786
v 0.06155340373516083 0.013971888460218906 0.07122369110584259
v 0.06181593984365463 0.015417227521538734 0.07112391293048859
v 0.05502751097083092 0.006753353402018547 0.07803691178560257
v 0.056153591722249985 0.006542790215462446 0.07736070454120636
v 0.056059177964925766 0.006478979717940092 0.07819867879152298
v 0.055195972323417664 0.006898296531289816 0.07647474110126495
v 0.056153591722249985 0.006542790215462446 0.07736070454120636
v 0.05502751097083092 0.006753353402018547 0.07803691178560257
v 0.055195972323417664 0.006898296531289816 0.07647474110126495
v 0.05621175095438957 0.006650093477219343 0.07647497206926346
v 0.056153591722249985 0.006542790215462446 0.07736070454120636
v 0.055833783000707626 0.007135627791285515 0.0749320536851883
v 0.055195972323417664 0.006898296531289816 0.07647474110126495
v 0.055344108492136 0.007452825084328651 0.07463253289461136
v 0.055833783000707626 0.007135627791285515 0.0749320536851883
v 0.05634366720914841 0.006906604394316673 0.07536782324314117
v 0.05621175095438957 0.006650093477219343 0.07647497206926346
v 0.055833783000707626 0.007135627791285515 0.0749320536851883
v 0.05621175095438957 0.006650093477219343 0.07647497206926346
v 0.055195972323417664 0.006898296531289816 0.07647474110126495
v 0.055833783000707626 0.007135627791285515 0.0749320536851883
v 0.05655660107731819 0.0071397582069039345 0.07471968233585358
v 0.05634366720914841 0.006906604394316673 0.07536782324314117
v 0.055833783000707626 0.007135627791285515 0.0749320536851883
v 0.05671376734972 0.00745176849886775 0.07397206127643585
v 0.05655660107731819 0.0071397582069039345 0.07471968233585358
v 0.055902935564517975 0.00794977881014347 0.07340367138385773
v 0.055833783000707626 0.007135627791285515 0.0749320536851883
v 0.055344108492136 0.007452825084328651 0.07463253289461136
v 0.055902935564517975 0.00794977881014347 0.07340367138385773
v 0.05671376734972 0.00745176849886775 0.07397206127643585
v 0.055833783000707626 0.007135627791285515 0.0749320536851883
v 0.055902935564517975 0.00794977881014347 0.07340367138385773
v 0.05705465003848076 0.007865400053560734 0.07331181317567825
v 0.05671376734972 0.00745176849886775 0.07397206127643585
v 0.056322477757930756 0.008546574972569942 0.07253993302583694
v 0.05705465003848076 0.007865400053560734 0.07331181317567825
v 0.055902935564517975 0.00794977881014347 0.07340367138385773
v 0.056322477757930756 0.008546574972569942 0.07253993302583694
v 0.05738035589456558 0.008305827155709267 0.07277502119541168
v 0.05705465003848076 0.007865400053560734 0.07331181317567825
v 0.056793373078107834 0.009167434647679329 0.07189375907182693
v 0.05738035589456558 0.008305827155709267 0.07277502119541168
v 0.056322477757930756 0.008546574972569942 0.07253993302583694
v 0.056793373078107834 0.009167434647679329 0.07189375907182693
v 0.05751771479845047 0.00859887432307005 0.07242943346500397
v 0.05738035589456558 0.008305827155709267 0.07277502119541168
v 0.056793373078107834 0.009167434647679329 0.07189375907182693
v 0.057963211089372635 0.009189357049763203 0.07195617258548737
v 0.05751771479845047 0.00859887432307005 0.07242943346500397
v 0.058273110538721085 0.009628993459045887 0.07168318331241608
v 0.056793373078107834 0.009167434647679329 0.07189375907182693
v 0.0575103797018528 0.010200122371315956 0.0712202936410904
v 0.058273110538721085 0.009628993459045887 0.07168318331241608
v 0.057963211089372635 0.009189357049763203 0.07195617258548737
v 0.056793373078107834 0.009167434647679329 0.07189375907182693
v 0.058694832026958466 0.010539867915213108 0.07120557129383087
v 0.0575103797018528 0.010200122371315956 0.0712202936410904
v 0.05856076627969742 0.011774051934480667 0.07065941393375397
v 0.058694832026958466 0.010539867915213108 0.07120557129383087
v 0.058273110538721085 0.009628993459045887 0.07168318331241608
v 0.0575103797018528 0.010200122371315956 0.0712202936410904
v 0.059641283005476 0.011440962553024292 0.07112683355808258
v 0.058694832026958466 0.010539867915213108 0.07120557129383087
v 0.05856076627969742 0.011774051934480667 0.07065941393375397
v 0.0601363442838192 0.012128891423344612 0.07106234133243561
v 0.059641283005476 0.011440962553024292 0.07112683355808258
v 0.05856076627969742 0.011774051934480667 0.07065941393375397
v 0.0601363442838192 0.012128891423344612 0.07106234133243561
v 0.05856076627969742 0.011774051934480667 0.07065941393375397
v 0.05969928205013275 0.013127850368618965 0.07059325277805328
v 0.06067341938614845 0.012762486934661865 0.07111956179141998
v 0.0601363442838192 0.012128891423344612 0.07106234133243561
v 0.05969928205013275 0.013127850368618965 0.07059325277805328
v 0.06083749607205391 0.013139828108251095 0.07103151828050613
v 0.06067341938614845 0.012762486934661865 0.07111956179141998
v 0.05969928205013275 0.013127850368618965 0.07059325277805328
v 0.06083749607205391 0.013139828108251095 0.07103151828050613
v 0.05969928205013275 0.013127850368618965 0.07059325277805328
v 0.06124240159988403 0.015393545851111412 0.0708855539560318
v 0.06181593984365463 0.015417227521538734 0.07112391293048859
v 0.06083749607205391 0.013139828108251095 0.07103151828050613
v 0.06124240159988403 0.015393545851111412 0.0708855539560318
v 0.06155340373516083 0.013971888460218906 0.07122369110584259
v 0.06083749607205391 0.013139828108251095 0.07103151828050613
v 0.06181593984365463 0.015417227521538734 0.07112391293048859
v 0.055902935564517975 0.00794977881014347 0.07340367138385773
v 0.05535852909088135 0.009476795792579651 0.07247288525104523
v 0.056322477757930756 0.008546574972569942 0.07253993302583694
v 0.055902935564517975 0.00794977881014347 0.07340367138385773
v 0.0546593964099884 0.008471261709928513 0.07411076128482819
v 0.05535852909088135 0.009476795792579651 0.07247288525104523
v 0.055344108492136 0.007452825084328651 0.07463253289461136
v 0.0546593964099884 0.008471261709928513 0.07411076128482819
v 0.055902935564517975 0.00794977881014347 0.07340367138385773
v 0.06124240159988403 0.015393545851111412 0.0708855539560318
v 0.058795977383852005 0.01410270668566227 0.07053621113300323
v 0.060622166842222214 0.016408853232860565 0.07093872129917145
v 0.05969928205013275 0.013127850368618965 0.07059325277805328
v 0.058795977383852005 0.01410270668566227 0.07053621113300323
v 0.06124240159988403 0.015393545851111412 0.0708855539560318
v 0.055344108492136 0.007452825084328651 0.07463253289461136
v 0.054139379411935806 0.0077064624056220055 0.07683201134204865
v 0.0546593964099884 0.008471261709928513 0.07411076128482819
v 0.055195972323417664 0.006898296531289816 0.07647474110126495
v 0.054139379411935806 0.0077064624056220055 0.07683201134204865
v 0.055344108492136 0.007452825084328651 0.07463253289461136
v 0.05856076627969742 0.011774051934480667 0.07065941393375397
v 0.058795977383852005 0.01410270668566227 0.07053621113300323
v 0.05969928205013275 0.013127850368618965 0.07059325277805328
v 0.05856076627969742 0.011774051934480667 0.07065941393375397
v 0.05736391991376877 0.012232230044901371 0.07073332369327545
v 0.058795977383852005 0.01410270668566227 0.07053621113300323
v 0.05502751097083092 0.006753353402018547 0.07803691178560257
v 0.054139379411935806 0.0077064624056220055 0.07683201134204865
v 0.055195972323417664 0.006898296531289816 0.07647474110126495
v 0.0575103797018528 0.010200122371315956 0.0712202936410904
v 0.05736391991376877 0.012232230044901371 0.07073332369327545
v 0.05856076627969742 0.011774051934480667 0.07065941393375397
v 0.0575103797018528 0.010200122371315956 0.0712202936410904
v 0.056256555020809174 0.01073213666677475 0.0713859349489212
v 0.05736391991376877 0.012232230044901371 0.07073332369327545
v 0.056793373078107834 0.009167434647679329 0.07189375907182693
v 0.056256555020809174 0.01073213666677475 0.0713859349489212
v 0.0575103797018528 0.010200122371315956 0.0712202936410904
v 0.056793373078107834 0.009167434647679329 0.07189375907182693
v 0.05535852909088135 0.009476795792579651 0.07247288525104523
v 0.056256555020809174 0.01073213666677475 0.0713859349489212
v 0.056322477757930756 0.008546574972569942 0.07253993302583694
v 0.05535852909088135 0.009476795792579651 0.07247288525104523
v 0.056793373078107834 0.009167434647679329 0.07189375907182693
v 0.059105683118104935 0.010954763740301132 0.09327264130115509
v 0.05881567299365997 0.011483917944133282 0.09353043138980865
v 0.059105344116687775 0.010954845696687698 0.09327264130115509
v 0.05861854553222656 0.010293475352227688 0.09322608262300491
v 0.059105344116687775 0.010954845696687698 0.09327264130115509
v 0.05881567299365997 0.011483917944133282 0.09353043138980865
v 0.056059177964925766 0.006478979717940092 0.07819867879152298
v 0.05608100816607475 0.006470800843089819 0.08024836331605911
v 0.05502751097083092 0.006753353402018547 0.07803691178560257
v 0.05861854553222656 0.010293475352227688 0.09322608262300491
v 0.05881567299365997 0.011483917944133282 0.09353043138980865
v 0.057916175574064255 0.011078378185629845 0.09365512430667877
v 0.05839524790644646 0.009808789007365704 0.09302699565887451
v 0.057916175574064255 0.011078378185629845 0.09365512430667877
v 0.05715302377939224 0.009782067500054836 0.09313245117664337
v 0.05839524790644646 0.009808789007365704 0.09302699565887451
v 0.05861854553222656 0.010293475352227688 0.09322608262300491
v 0.057916175574064255 0.011078378185629845 0.09365512430667877
v 0.05715302377939224 0.009782067500054836 0.09313245117664337
v 0.05781598389148712 0.008995689451694489 0.09246766567230225
v 0.05839524790644646 0.009808789007365704 0.09302699565887451
v 0.05667527765035629 0.009035525843501091 0.09244359284639359
v 0.05781598389148712 0.008995689451694489 0.09246766567230225
v 0.05715302377939224 0.009782067500054836 0.09313245117664337
v 0.05667527765035629 0.009035525843501091 0.09244359284639359
v 0.05742380768060684 0.008415532298386097 0.09177602082490921
v 0.05781598389148712 0.008995689451694489 0.09246766567230225
v 0.05667527765035629 0.009035525843501091 0.09244359284639359
v 0.05712305009365082 0.008271822705864906 0.09160776436328888
v 0.05742380768060684 0.008415532298386097 0.09177602082490921
v 0.05712305009365082 0.008271822705864906 0.09160776436328888
v 0.05667527765035629 0.009035525843501091 0.09244359284639359
v 0.05617145821452141 0.008632849901914597 0.09174175560474396
v 0.056113459169864655 0.007832559756934643 0.0904122143983841
v 0.05617145821452141 0.008632849901914597 0.09174175560474396
v 0.055617060512304306 0.007898150943219662 0.09004206210374832
v 0.056113459169864655 0.007832559756934643 0.0904122143983841
v 0.05712305009365082 0.008271822705864906 0.09160776436328888
v 0.05617145821452141 0.008632849901914597 0.09174175560474396
v 0.056113459169864655 0.007832559756934643 0.0904122143983841
v 0.057001665234565735 0.00783711951225996 0.090733602643013
v 0.05712305009365082 0.008271822705864906 0.09160776436328888
v 0.056113459169864655 0.007832559756934643 0.0904122143983841
v 0.056716665625572205 0.007430995348840952 0.0896335318684578
v 0.057001665234565735 0.00783711951225996 0.090733602643013
v 0.055745482444763184 0.007213220000267029 0.08820702135562897
v 0.055617060512304306 0.007898150943219662 0.09004206210374832
v 0.05519150197505951 0.007221470586955547 0.08718521147966385
v 0.055745482444763184 0.007213220000267029 0.08820702135562897
v 0.056113459169864655 0.007832559756934643 0.0904122143983841
v 0.055617060512304306 0.007898150943219662 0.09004206210374832
v 0.05652667209506035 0.007164790760725737 0.08863694220781326
v 0.056716665625572205 0.007430995348840952 0.0896335318684578
v 0.056113459169864655 0.007832559756934643 0.0904122143983841
v 0.05652667209506035 0.007164790760725737 0.08863694220781326
v 0.056113459169864655 0.007832559756934643 0.0904122143983841
v 0.055745482444763184 0.007213220000267029 0.08820702135562897
v 0.05638105049729347 0.006950395181775093 0.08760853111743927
v 0.05652667209506035 0.007164790760725737 0.08863694220781326
v 0.055745482444763184 0.007213220000267029 0.08820702135562897
v 0.05542583763599396 0.006794533226639032 0.08512230217456818
v 0.055745482444763184 0.007213220000267029 0.08820702135562897
v 0.05519150197505951 0.007221470586955547 0.08718521147966385
v 0.0562148243188858 0.006701636593788862 0.08579565584659576
v 0.055745482444763184 0.007213220000267029 0.08820702135562897
v 0.05542583763599396 0.006794533226639032 0.08512230217456818
v 0.0562148243188858 0.006701636593788862 0.08579565584659576
v 0.05638105049729347 0.006950395181775093 0.08760853111743927
v 0.055745482444763184 0.007213220000267029 0.08820702135562897
v 0.05542583763599396 0.006794533226639032 0.08512230217456818
v 0.05519150197505951 0.007221470586955547 0.08718521147966385
v 0.05499054864048958 0.006856823805719614 0.08335818350315094
v 0.0562148243188858 0.006701636593788862 0.08579565584659576
v 0.05542583763599396 0.006794533226639032 0.08512230217456818
v 0.05614481866359711 0.006579708307981491 0.0842898041009903
v 0.05544720217585564 0.006601282395422459 0.08104962855577469
v 0.05542583763599396 0.006794533226639032 0.08512230217456818
v 0.05499054864048958 0.006856823805719614 0.08335818350315094
v 0.05544720217585564 0.006601282395422459 0.08104962855577469
v 0.0560944564640522 0.006514514796435833 0.08312870562076569
v 0.05542583763599396 0.006794533226639032 0.08512230217456818
v 0.0560944564640522 0.006514514796435833 0.08312870562076569
v 0.05544720217585564 0.006601282395422459 0.08104962855577469
v 0.05608100816607475 0.006470800843089819 0.08024836331605911
v 0.05544720217585564 0.006601282395422459 0.08104962855577469
v 0.05502751097083092 0.006753353402018547 0.07803691178560257
v 0.05608100816607475 0.006470800843089819 0.08024836331605911
v 0.05544720217585564 0.006601282395422459 0.08104962855577469
v 0.05499054864048958 0.006856823805719614 0.08335818350315094
v 0.05502751097083092 0.006753353402018547 0.07803691178560257
v 0.05542583763599396 0.006794533226639032 0.08512230217456818
v 0.0560944564640522 0.006514514796435833 0.08312870562076569
v 0.05614481866359711 0.006579708307981491 0.0842898041009903
v 0.054112378507852554 0.007666714955121279 0.08337248116731644
v 0.054139379411935806 0.0077064624056220055 0.07683201134204865
v 0.05502751097083092 0.006753353402018547 0.07803691178560257
v 0.05499054864048958 0.006856823805719614 0.08335818350315094
v 0.054112378507852554 0.007666714955121279 0.08337248116731644
v 0.05502751097083092 0.006753353402018547 0.07803691178560257
v 0.06166307255625725 0.015130673535168171 0.09353537112474442
v 0.06282611191272736 0.01549444254487753 0.09318758547306061
v 0.06441176682710648 0.01737983711063862 0.09317858517169952
v 0.06166307255625725 0.015130673535168171 0.09353537112474442
v 0.06441176682710648 0.01737983711063862 0.09317858517169952
v 0.06294437497854233 0.017129819840192795 0.0936407521367073
v 0.06166307255625725 0.015130673535168171 0.09353537112474442
v 0.06211795285344124 0.014601941220462322 0.09316439181566238
v 0.06282611191272736 0.01549444254487753 0.09318758547306061
v 0.06166307255625725 0.015130673535168171 0.09353537112474442
v 0.06294437497854233 0.017129819840192795 0.0936407521367073
v 0.057916175574064255 0.011078378185629845 0.09365512430667877
v 0.06166307255625725 0.015130673535168171 0.09353537112474442
v 0.057916175574064255 0.011078378185629845 0.09365512430667877
v 0.05881567299365997 0.011483917944133282 0.09353043138980865
v 0.0711136907339096 0.026264475658535957 0.09364153444766998
v 0.06942099332809448 0.023012086749076843 0.0931704118847847
v 0.07121425867080688 0.024945612996816635 0.09318216145038605
v 0.0711136907339096 0.026264475658535957 0.09364153444766998
v 0.06796137243509293 0.021413542330265045 0.09316737204790115
v 0.06942099332809448 0.023012086749076843 0.0931704118847847
v 0.05881567299365997 0.011483917944133282 0.09353043138980865
v 0.059105683118104935 0.010954763740301132 0.09327264130115509
v 0.06211795285344124 0.014601941220462322 0.09316439181566238
v 0.05881567299365997 0.011483917944133282 0.09353043138980865
v 0.06211795285344124 0.014601941220462322 0.09316439181566238
v 0.06166307255625725 0.015130673535168171 0.09353537112474442
v 0.06294437497854233 0.017129819840192795 0.0936407521367073
v 0.06615444272756577 0.01938972994685173 0.09316642582416534
v 0.06796137243509293 0.021413542330265045 0.09316737204790115
v 0.06294437497854233 0.017129819840192795 0.0936407521367073
v 0.06796137243509293 0.021413542330265045 0.09316737204790115
v 0.0711136907339096 0.026264475658535957 0.09364153444766998
v 0.06441176682710648 0.01737983711063862 0.09317858517169952
v 0.06615444272756577 0.01938972994685173 0.09316642582416534
v 0.06294437497854233 0.017129819840192795 0.0936407521367073
v 0.057916175574064255 0.011078378185629845 0.09365512430667877
v 0.05624133348464966 0.010710936971008778 0.09320522099733353
v 0.05715302377939224 0.009782067500054836 0.09313245117664337
v 0.057916175574064255 0.011078378185629845 0.09365512430667877
v 0.05713371932506561 0.01192472968250513 0.09367312490940094
v 0.05624133348464966 0.010710936971008778 0.09320522099733353
v 0.05519150197505951 0.007221470586955547 0.08718521147966385
v 0.054362304508686066 0.008036172017455101 0.08719880133867264
v 0.054112378507852554 0.007666714955121279 0.08337248116731644
v 0.05519150197505951 0.007221470586955547 0.08718521147966385
v 0.054112378507852554 0.007666714955121279 0.08337248116731644
v 0.05499054864048958 0.006856823805719614 0.08335818350315094
v 0.05519150197505951 0.007221470586955547 0.08718521147966385
v 0.05479460954666138 0.008667328394949436 0.09003277122974396
v 0.054362304508686066 0.008036172017455101 0.08719880133867264
v 0.055617060512304306 0.007898150943219662 0.09004206210374832
v 0.05479460954666138 0.008667328394949436 0.09003277122974396
v 0.05519150197505951 0.007221470586955547 0.08718521147966385
v 0.05617145821452141 0.008632849901914597 0.09174175560474396
v 0.055455975234508514 0.009613854810595512 0.09204931557178497
v 0.05479460954666138 0.008667328394949436 0.09003277122974396
v 0.05617145821452141 0.008632849901914597 0.09174175560474396
v 0.05479460954666138 0.008667328394949436 0.09003277122974396
v 0.055617060512304306 0.007898150943219662 0.09004206210374832
v 0.05667527765035629 0.009035525843501091 0.09244359284639359
v 0.055455975234508514 0.009613854810595512 0.09204931557178497
v 0.05617145821452141 0.008632849901914597 0.09174175560474396
v 0.05667527765035629 0.009035525843501091 0.09244359284639359
v 0.05624133348464966 0.010710936971008778 0.09320522099733353
v 0.055455975234508514 0.009613854810595512 0.09204931557178497
v 0.05715302377939224 0.009782067500054836 0.09313245117664337
v 0.05624133348464966 0.010710936971008778 0.09320522099733353
v 0.05667527765035629 0.009035525843501091 0.09244359284639359
v 0.07434530556201935 0.02951369807124138 0.0898054912686348
v 0.07460194826126099 0.028452657163143158 0.0900731235742569
v 0.0747927874326706 0.028682274743914604 0.08899982273578644
v 0.07212138175964355 0.02721593901515007 0.09338225424289703
v 0.07258462905883789 0.02638957090675831 0.09298582375049591
v 0.07311344146728516 0.027005041018128395 0.09274841099977493
v 0.07212138175964355 0.02721593901515007 0.09338225424289703
v 0.07311344146728516 0.027005041018128395 0.09274841099977493
v 0.07275502383708954 0.027940524742007256 0.09301634132862091
v 0.07395684719085693 0.02914866991341114 0.09126926213502884
v 0.07434374839067459 0.028200866654515266 0.09098847210407257
v 0.07460194826126099 0.028452657163143158 0.0900731235742569
v 0.07395684719085693 0.02914866991341114 0.09126926213502884
v 0.07460194826126099 0.028452657163143158 0.0900731235742569
v 0.07434530556201935 0.02951369807124138 0.0898054912686348
v 0.07480765879154205 0.02961459942162037 0.08516110479831696
v 0.07456640899181366 0.030005719512701035 0.0832194834947586
v 0.07457058131694794 0.029847711324691772 0.08776874095201492
v 0.07212138175964355 0.02721593901515007 0.09338225424289703
v 0.07178531587123871 0.025623464956879616 0.09320349246263504
v 0.07258462905883789 0.02638957090675831 0.09298582375049591
v 0.07395684719085693 0.02914866991341114 0.09126926213502884
v 0.07401963323354721 0.02793838083744049 0.09174330532550812
v 0.07434374839067459 0.028200866654515266 0.09098847210407257
v 0.07480765879154205 0.02961459942162037 0.08516110479831696
v 0.07499415427446365 0.02885296754539013 0.08623053133487701
v 0.0750112235546112 0.02889338508248329 0.08389343321323395
v 0.0711136907339096 0.026264475658535957 0.09364153444766998
v 0.07178531587123871 0.025623464956879616 0.09320349246263504
v 0.07212138175964355 0.02721593901515007 0.09338225424289703
v 0.07457058131694794 0.029847711324691772 0.08776874095201492
v 0.07499415427446365 0.02885296754539013 0.08623053133487701
v 0.07480765879154205 0.02961459942162037 0.08516110479831696
v 0.07497325539588928 0.028870506212115288 0.08697380125522614
v 0.07499415427446365 0.02885296754539013 0.08623053133487701
v 0.07457058131694794 0.029847711324691772 0.08776874095201492
v 0.0711136907339096 0.026264475658535957 0.09364153444766998
v 0.07121425867080688 0.024945612996816635 0.09318216145038605
v 0.07178531587123871 0.025623464956879616 0.09320349246263504
v 0.07338431477546692 0.028652848675847054 0.09235300123691559
v 0.07401963323354721 0.02793838083744049 0.09174330532550812
v 0.07395684719085693 0.02914866991341114 0.09126926213502884
v 0.07457058131694794 0.029847711324691772 0.08776874095201492
v 0.0749034658074379 0.028752319514751434 0.08789648115634918
v 0.07497325539588928 0.028870506212115288 0.08697380125522614
v 0.07457058131694794 0.029847711324691772 0.08776874095201492
v 0.0747927874326706 0.028682274743914604 0.08899982273578644
v 0.0749034658074379 0.028752319514751434 0.08789648115634918
v 0.07338431477546692 0.028652848675847054 0.09235300123691559
v 0.07356639206409454 0.02746616117656231 0.09236003458499908
v 0.07401963323354721 0.02793838083744049 0.09174330532550812
v 0.07434530556201935 0.02951369807124138 0.0898054912686348
v 0.0747927874326706 0.028682274743914604 0.08899982273578644
v 0.07457058131694794 0.029847711324691772 0.08776874095201492
v 0.07275502383708954 0.027940524742007256 0.09301634132862091
v 0.07356639206409454 0.02746616117656231 0.09236003458499908
v 0.07338431477546692 0.028652848675847054 0.09235300123691559
v 0.07275502383708954 0.027940524742007256 0.09301634132862091
v 0.07311344146728516 0.027005041018128395 0.09274841099977493
v 0.07356639206409454 0.02746616117656231 0.09236003458499908
v 0.07151316851377487 0.026626259088516235 0.0754927545785904
v 0.07161722332239151 0.028658542782068253 0.07624860107898712
v 0.07240073382854462 0.027541562914848328 0.07616837322711945
v 0.07151316851377487 0.026626259088516235 0.0754927545785904
v 0.0703086107969284 0.027342671528458595 0.07531960308551788
v 0.07161722332239151 0.028658542782068253 0.07624860107898712
v 0.07456640899181366 0.030005719512701035 0.0832194834947586
v 0.07341364771127701 0.03050723299384117 0.0801289826631546
v 0.07379230111837387 0.030892448499798775 0.08448733389377594
v 0.07426463812589645 0.02957826666533947 0.08025284111499786
v 0.07341364771127701 0.03050723299384117 0.0801289826631546
v 0.07456640899181366 0.030005719512701035 0.0832194834947586
v 0.07361891120672226 0.028838468715548515 0.07801808416843414
v 0.07341364771127701 0.03050723299384117 0.0801289826631546
v 0.07426463812589645 0.02957826666533947 0.08025284111499786
v 0.07361891120672226 0.028838468715548515 0.07801808416843414
v 0.07252798229455948 0.029599392786622047 0.0775873214006424
v 0.07341364771127701 0.03050723299384117 0.0801289826631546
v 0.07304655015468597 0.02829149179160595 0.07698739320039749
v 0.07252798229455948 0.029599392786622047 0.0775873214006424
v 0.07361891120672226 0.028838468715548515 0.07801808416843414
v 0.07304655015468597 0.02829149179160595 0.07698739320039749
v 0.07161722332239151 0.028658542782068253 0.07624860107898712
v 0.07252798229455948 0.029599392786622047 0.0775873214006424
v 0.07240073382854462 0.027541562914848328 0.07616837322711945
v 0.07161722332239151 0.028658542782068253 0.07624860107898712
v 0.07304655015468597 0.02829149179160595 0.07698739320039749
v 0.057916175574064255 0.011078378185629845 0.09365512430667877
v 0.06092241778969765 0.016787931323051453 0.09370000660419464
v 0.05713371932506561 0.01192472968250513 0.09367312490940094
v 0.06294437497854233 0.017129819840192795 0.0936407521367073
v 0.06092241778969765 0.016787931323051453 0.09370000660419464
v 0.057916175574064255 0.011078378185629845 0.09365512430667877
v 0.06995878368616104 0.02697557955980301 0.09370078146457672
v 0.06092241778969765 0.016787931323051453 0.09370000660419464
v 0.06294437497854233 0.017129819840192795 0.0936407521367073
v 0.0711136907339096 0.026264475658535957 0.09364153444766998
v 0.06995878368616104 0.02697557955980301 0.09370078146457672
v 0.06294437497854233 0.017129819840192795 0.0936407521367073
v 0.07457058131694794 0.029847711324691772 0.08776874095201492
v 0.07353309541940689 0.030628861859440804 0.08940191566944122
v 0.07434530556201935 0.02951369807124138 0.0898054912686348
v 0.07457058131694794 0.029847711324691772 0.08776874095201492
v 0.07379230111837387 0.030892448499798775 0.08448733389377594
v 0.07353309541940689 0.030628861859440804 0.08940191566944122
v 0.07456640899181366 0.030005719512701035 0.0832194834947586
v 0.07379230111837387 0.030892448499798775 0.08448733389377594
v 0.07457058131694794 0.029847711324691772 0.08776874095201492
v 0.0711136907339096 0.026264475658535957 0.09364153444766998
v 0.07148100435733795 0.028517600148916245 0.09331668168306351
v 0.06995878368616104 0.02697557955980301 0.09370078146457672
v 0.07212138175964355 0.02721593901515007 0.09338225424289703
v 0.07148100435733795 0.028517600148916245 0.09331668168306351
v 0.0711136907339096 0.026264475658535957 0.09364153444766998
v 0.07275502383708954 0.027940524742007256 0.09301634132862091
v 0.07148100435733795 0.028517600148916245 0.09331668168306351
v 0.07212138175964355 0.02721593901515007 0.09338225424289703
v 0.07275502383708954 0.027940524742007256 0.09301634132862091
v 0.07266394048929214 0.029739229008555412 0.09217359125614166
v 0.07148100435733795 0.028517600148916245 0.09331668168306351
v 0.07338431477546692 0.028652848675847054 0.09235300123691559
v 0.07266394048929214 0.029739229008555412 0.09217359125614166
v 0.07275502383708954 0.027940524742007256 0.09301634132862091
v 0.07395684719085693 0.02914866991341114 0.09126926213502884
v 0.07266394048929214 0.029739229008555412 0.09217359125614166
v 0.07338431477546692 0.028652848675847054 0.09235300123691559
v 0.07395684719085693 0.02914866991341114 0.09126926213502884
v 0.07353309541940689 0.030628861859440804 0.08940191566944122
v 0.07266394048929214 0.029739229008555412 0.09217359125614166
v 0.07434530556201935 0.02951369807124138 0.0898054912686348
v 0.07353309541940689 0.030628861859440804 0.08940191566944122
v 0.07395684719085693 0.02914866991341114 0.09126926213502884
vn 0.8263583165479734 -0.5631443249963902 -0.0006339529631966914
vn 0.8263583165479734 -0.5631443249963902 -0.0006339529631966914
vn 0.8263583165479734 -0.5631443249963902 -0.0006339529631966914
vn 0.7633798715925719 -0.6393319366246283 -0.09222714599894581
vn 0.7633798715925719 -0.6393319366246283 -0.09222714599894581
vn 0.7633798715925719 -0.6393319366246283 -0.09222714599894581
vn 0.7558731403723535 -0.6546145052935736 0.011646678620384513
vn 0.7558731403723535 -0.6546145052935736 0.011646678620384513
vn 0.7558731403723535 -0.6546145052935736 0.011646678620384513
vn 0.8303094842738549 -0.5573017422974628 0.000963512894378437
vn 0.8303094842738549 -0.5573017422974628 0.000963512894378437
vn 0.8303094842738549 -0.5573017422974628 0.000963512894378437
vn 0.8316871765366862 -0.5552440446917397 -0.0007008700253004651
vn 0.8316871765366862 -0.5552440446917397 -0.0007008700253004651
vn 0.8316871765366862 -0.5552440446917397 -0.0007008700253004651
vn 0.7181508517244498 -0.6958872652772784 -0.000517872917142064
vn 0.7181508517244498 -0.6958872652772784 -0.000517872917142064
vn 0.7181508517244498 -0.6958872652772784 -0.000517872917142064
vn 0.7149675418224272 -0.6991573503464499 0.0006431150186948866
vn 0.7149675418224272 -0.6991573503464499 0.0006431150186948866
vn 0.7149675418224272 -0.6991573503464499 0.0006431150186948866
vn 0.7180306481867554 -0.6960098904779621 0.001490174943665787
vn 0.7180306481867554 -0.6960098904779621 0.001490174943665787
vn 0.7180306481867554 -0.6960098904779621 0.001490174943665787
vn 0.7844296889802457 -0.6201925432673622 -0.005592166120216045
vn 0.7844296889802457 -0.6201925432673622 -0.005592166120216045
vn 0.7844296889802457 -0.6201925432673622 -0.005592166120216045
vn 0.8324040571784314 -0.5541691647775842 0.00014967498652432347
vn 0.8324040571784314 -0.5541691647775842 0.00014967498652432347
vn 0.8324040571784314 -0.5541691647775842 0.00014967498652432347
vn 0.7147990395658419 -0.6993298462577044 -0.00031491098037180956
vn 0.7147990395658419 -0.6993298462577044 -0.00031491098037180956
vn 0.7147990395658419 -0.6993298462577044 -0.00031491098037180956
vn 0.712711209337581 -0.7014575544704761 0.00017708998206924319
vn 0.712711209337581 -0.7014575544704761 0.00017708998206924319
vn 0.712711209337581 -0.7014575544704761 0.00017708998206924319
vn 0.7123580153402671 -0.7017945223065989 0.005523263612056299
vn 0.7123580153402671 -0.7017945223065989 0.005523263612056299
vn 0.7123580153402671 -0.7017945223065989 0.005523263612056299
vn 0.7872654764851 -0.6165860271176561 0.005894124019186568
vn 0.7872654764851 -0.6165860271176561 0.005894124019186568
vn 0.7872654764851 -0.6165860271176561 0.005894124019186568
vn 0.7254562331413132 -0.6822332100038492 -0.09094559342959034
vn 0.7254562331413132 -0.6822332100038492 -0.09094559342959034
vn 0.7254562331413132 -0.6822332100038492 -0.09094559342959034
vn 0.8325840738464719 -0.5538986859879984 0.00007508649203771775
vn 0.8325840738464719 -0.5538986859879984 0.00007508649203771775
vn 0.8325840738464719 -0.5538986859879984 0.00007508649203771775
vn 0.7938026677166881 -0.6081641829193412 -0.0036947719712579416
vn 0.7938026677166881 -0.6081641829193412 -0.0036947719712579416
vn 0.7938026677166881 -0.6081641829193412 -0.0036947719712579416
vn 0.7126294969728988 -0.7015405892554594 -0.000040880997398797886
vn 0.7126294969728988 -0.7015405892554594 -0.000040880997398797886
vn 0.7126294969728988 -0.7015405892554594 -0.000040880997398797886
vn 0.7121954094135691 -0.7019812592753313 0.00010215898696403562
vn 0.7121954094135691 -0.7019812592753313 0.00010215898696403562
vn 0.7121954094135691 -0.7019812592753313 0.00010215898696403562
vn 0.7986395268293381 -0.6017954281138432 0.004143535578108356
vn 0.7986395268293381 -0.6017954281138432 0.004143535578108356
vn 0.7986395268293381 -0.6017954281138432 0.004143535578108356
vn 0.832072965779438 -0.5546656201145438 -0.0007933989910874516
vn 0.832072965779438 -0.5546656201145438 -0.0007933989910874516
vn 0.832072965779438 -0.5546656201145438 -0.0007933989910874516
vn 0.7122476807173278 -0.7019282091984029 0.0001744829814637436
vn 0.7122476807173278 -0.7019282091984029 0.0001744829814637436
vn 0.7122476807173278 -0.7019282091984029 0.0001744829814637436
vn 0.7130747408257221 -0.7010878891826412 -0.00043085700422923045
vn 0.7130747408257221 -0.7010878891826412 -0.00043085700422923045
vn 0.7130747408257221 -0.7010878891826412 -0.00043085700422923045
vn 0.8038799167383284 -0.594783365778552 -0.0031348457562688165
vn 0.8038799167383284 -0.594783365778552 -0.0031348457562688165
vn 0.8038799167383284 -0.594783365778552 -0.0031348457562688165
vn 0.7360163558586394 -0.6528537475250147 0.17905839341151547
vn 0.7360163558586394 -0.6528537475250147 0.17905839341151547
vn 0.7360163558586394 -0.6528537475250147 0.17905839341151547
vn 0.7130362955272548 -0.7011271087410544 -0.00013656199673365999
vn 0.7130362955272548 -0.7011271087410544 -0.00013656199673365999
vn 0.7130362955272548 -0.7011271087410544 -0.00013656199673365999
vn 0.8097738967879647 -0.5867338594153193 0.0031006928966190042
vn 0.8097738967879647 -0.5867338594153193 0.0031006928966190042
vn 0.8097738967879647 -0.5867338594153193 0.0031006928966190042
vn 0.8269933535544427 -0.562211697323246 0.000023868198907556068
vn 0.8269933535544427 -0.562211697323246 0.000023868198907556068
vn 0.8269933535544427 -0.562211697323246 0.000023868198907556068
vn 0.8317404778433373 -0.555164561760453 -0.0002947579704909064
vn 0.8317404778433373 -0.555164561760453 -0.0002947579704909064
vn 0.8317404778433373 -0.555164561760453 -0.0002947579704909064
vn 0.715207587702387 -0.6989119755945139 0.0003960599775997273
vn 0.715207587702387 -0.6989119755945139 0.0003960599775997273
vn 0.715207587702387 -0.6989119755945139 0.0003960599775997273
vn 0.7615198221845154 -0.6399775515604054 -0.10254898302183518
vn 0.7615198221845154 -0.6399775515604054 -0.10254898302183518
vn 0.7615198221845154 -0.6399775515604054 -0.10254898302183518
vn 0.812712238827141 -0.5826634073179753 -0.0014733068869321791
vn 0.812712238827141 -0.5826634073179753 -0.0014733068869321791
vn 0.812712238827141 -0.5826634073179753 -0.0014733068869321791
vn 0.7153249968097544 -0.6987918604671993 -0.0002910050093409865
vn 0.7153249968097544 -0.6987918604671993 -0.0002910050093409865
vn 0.7153249968097544 -0.6987918604671993 -0.0002910050093409865
vn 0.8186846853864451 -0.5742381728622259 0.0024303788901300083
vn 0.8186846853864451 -0.5742381728622259 0.0024303788901300083
vn 0.8186846853864451 -0.5742381728622259 0.0024303788901300083
vn 0.8268930926820202 -0.5623589764171515 0.00044149498068598035
vn 0.8268930926820202 -0.5623589764171515 0.00044149498068598035
vn 0.8268930926820202 -0.5623589764171515 0.00044149498068598035
vn 0.8202540761308071 -0.5719983498807794 -0.0010669228939281653
vn 0.8202540761308071 -0.5719983498807794 -0.0010669228939281653
vn 0.8202540761308071 -0.5719983498807794 -0.0010669228939281653
vn 0.7186831715897355 -0.6953376419335483 -0.00025016796604085146
vn 0.7186831715897355 -0.6953376419335483 -0.00025016796604085146
vn 0.7186831715897355 -0.6953376419335483 -0.00025016796604085146
vn 0.7054324203957401 -0.7087046558142533 0.010139579962141135
vn 0.7054324203957401 -0.7087046558142533 0.010139579962141135
vn 0.7054324203957401 -0.7087046558142533 0.010139579962141135
vn 0.7190035807010623 -0.6950056174738556 0.0010210870852449996
vn 0.7190035807010623 -0.6950056174738556 0.0010210870852449996
vn 0.7190035807010623 -0.6950056174738556 0.0010210870852449996
vn 0.7871193282804544 -0.6135697359387775 0.0630503147283608
vn 0.7871193282804544 -0.6135697359387775 0.0630503147283608
vn 0.7871193282804544 -0.6135697359387775 0.0630503147283608
vn 0.8005608300064802 -0.5987580403500069 -0.024313917322288815
vn 0.8005608300064802 -0.5987580403500069 -0.024313917322288815
vn 0.8005608300064802 -0.5987580403500069 -0.024313917322288815
vn 0.8059293809397078 -0.592010213367682 -0.0013191688637500623
vn 0.8059293809397078 -0.592010213367682 -0.0013191688637500623
vn 0.8059293809397078 -0.592010213367682 -0.0013191688637500623
vn 0.7219549472169022 -0.690966849791374 0.03668605564004628
vn 0.7219549472169022 -0.690966849791374 0.03668605564004628
vn 0.7219549472169022 -0.690966849791374 0.03668605564004628
vn 0.8148133359174025 -0.5797194385121246 0.0021448128918802748
vn 0.8148133359174025 -0.5797194385121246 0.0021448128918802748
vn 0.8148133359174025 -0.5797194385121246 0.0021448128918802748
vn 0.8153849779499678 -0.5789011673772501 -0.0045580854300290175
vn 0.8153849779499678 -0.5789011673772501 -0.0045580854300290175
vn 0.8153849779499678 -0.5789011673772501 -0.0045580854300290175
vn 0.8185173795050262 -0.5744805284003197 0.0011924500469224979
vn 0.8185173795050262 -0.5744805284003197 0.0011924500469224979
vn 0.8185173795050262 -0.5744805284003197 0.0011924500469224979
vn 0.8262926466038452 -0.5632410135282067 -0.0001511559844702978
vn 0.8262926466038452 -0.5632410135282067 -0.0001511559844702978
vn 0.8262926466038452 -0.5632410135282067 -0.0001511559844702978
vn 0.23991079950343855 0.1724802129759687 -0.9553498753929816
vn 0.23991079950343855 0.1724802129759687 -0.9553498753929816
vn 0.23991079950343855 0.1724802129759687 -0.9553498753929816
vn 0.2226590098393966 0.1861640986102527 -0.956956578809076
vn 0.2226590098393966 0.1861640986102527 -0.956956578809076
vn 0.2226590098393966 0.1861640986102527 -0.956956578809076
vn 0.5109388194494154 -0.09803841935704519 -0.8540081914768791
vn 0.5109388194494154 -0.09803841935704519 -0.8540081914768791
vn 0.5109388194494154 -0.09803841935704519 -0.8540081914768791
vn 0.5090716477433044 -0.09649622433181061 -0.8552979224537038
vn 0.5090716477433044 -0.09649622433181061 -0.8552979224537038
vn 0.5090716477433044 -0.09649622433181061 -0.8552979224537038
vn 0.3821762765798954 0.03811790014748171 -0.9233029401598774
vn 0.3821762765798954 0.03811790014748171 -0.9233029401598774
vn 0.3821762765798954 0.03811790014748171 -0.9233029401598774
vn 0.4515461036268084 -0.0438466072922061 -0.8911697881595911
vn 0.4515461036268084 -0.0438466072922061 -0.8911697881595911
vn 0.4515461036268084 -0.0438466072922061 -0.8911697881595911
vn 0.5033757655031508 -0.1109529503178859 -0.8569143956778142
vn 0.5033757655031508 -0.1109529503178859 -0.8569143956778142
vn 0.5033757655031508 -0.1109529503178859 -0.8569143956778142
vn 0.5075532806775347 -0.11450225888704077 -0.8539782784024643
vn 0.5075532806775347 -0.11450225888704077 -0.8539782784024643
vn 0.5075532806775347 -0.11450225888704077 -0.8539782784024643
vn 0.508274263744184 -0.10894986382694911 -0.8542758336669702
vn 0.508274263744184 -0.10894986382694911 -0.8542758336669702
vn 0.508274263744184 -0.10894986382694911 -0.8542758336669702
vn 0.5048255294792429 -0.10623293307780161 -0.8566596457845376
vn 0.5048255294792429 -0.10623293307780161 -0.8566596457845376
vn 0.5048255294792429 -0.10623293307780161 -0.8566596457845376
vn 0.5274147950387735 -0.13842369518980338 -0.8382556379674454
vn 0.5274147950387735 -0.13842369518980338 -0.8382556379674454
vn 0.5274147950387735 -0.13842369518980338 -0.8382556379674454
vn 0.7505705497193784 -0.5333340267902693 -0.3901264740588962
vn 0.7505705497193784 -0.5333340267902693 -0.3901264740588962
vn 0.7505705497193784 -0.5333340267902693 -0.3901264740588962
vn 0.7524271610533492 -0.5443622472169775 -0.37084108606528426
vn 0.7524271610533492 -0.5443622472169775 -0.37084108606528426
vn 0.7524271610533492 -0.5443622472169775 -0.37084108606528426
vn 0.7772234553606324 -0.5187599575759994 -0.3561064543827121
vn 0.7772234553606324 -0.5187599575759994 -0.3561064543827121
vn 0.7772234553606324 -0.5187599575759994 -0.3561064543827121
vn 0.7844317169223955 -0.5616735370208391 -0.2630393873485166
vn 0.7844317169223955 -0.5616735370208391 -0.2630393873485166
vn 0.7844317169223955 -0.5616735370208391 -0.2630393873485166
vn 0.7705119297317513 -0.5981360708924622 -0.22032840678945667
vn 0.7705119297317513 -0.5981360708924622 -0.22032840678945667
vn 0.7705119297317513 -0.5981360708924622 -0.22032840678945667
vn 0.7839385201603478 -0.5501238654978357 -0.28775706632248527
vn 0.7839385201603478 -0.5501238654978357 -0.28775706632248527
vn 0.7839385201603478 -0.5501238654978357 -0.28775706632248527
vn 0.8586477743767631 -0.4108804515291469 -0.30643311522914046
vn 0.8586477743767631 -0.4108804515291469 -0.30643311522914046
vn 0.8586477743767631 -0.4108804515291469 -0.30643311522914046
vn 0.8483364607006294 -0.43105039127257433 -0.3074423679808788
vn 0.8483364607006294 -0.43105039127257433 -0.3074423679808788
vn 0.8483364607006294 -0.43105039127257433 -0.3074423679808788
vn 0.9279938030506686 -0.36819497887030417 -0.05709605095147278
vn 0.9279938030506686 -0.36819497887030417 -0.05709605095147278
vn 0.9279938030506686 -0.36819497887030417 -0.05709605095147278
vn 0.7870026851752384 -0.4614212527565293 -0.40953290592034197
vn 0.7870026851752384 -0.4614212527565293 -0.40953290592034197
vn 0.7870026851752384 -0.4614212527565293 -0.40953290592034197
vn 0.9563017601736529 -0.28210938313758827 -0.07681952508641952
vn 0.9563017601736529 -0.28210938313758827 -0.07681952508641952
vn 0.9563017601736529 -0.28210938313758827 -0.07681952508641952
vn 0.9717572285072144 -0.18082947942778996 -0.15161988066824283
vn 0.9717572285072144 -0.18082947942778996 -0.15161988066824283
vn 0.9717572285072144 -0.18082947942778996 -0.15161988066824283
vn 0.930018073094213 -0.33858010381605047 -0.1429331907502219
vn 0.930018073094213 -0.33858010381605047 -0.1429331907502219
vn 0.930018073094213 -0.33858010381605047 -0.1429331907502219
vn 0.9609660279889994 -0.2731220061817317 -0.04414366081683391
vn 0.9609660279889994 -0.2731220061817317 -0.04414366081683391
vn 0.9609660279889994 -0.2731220061817317 -0.04414366081683391
vn 0.9473408672903544 -0.25468379829821985 -0.1941170884954515
vn 0.9473408672903544 -0.25468379829821985 -0.1941170884954515
vn 0.9473408672903544 -0.25468379829821985 -0.1941170884954515
vn 0.9389125962522356 -0.28316555204513344 -0.19560267568175307
vn 0.9389125962522356 -0.28316555204513344 -0.19560267568175307
vn 0.9389125962522356 -0.28316555204513344 -0.19560267568175307
vn 0.9498669720370598 -0.31265059822006347 0.0015293350789809695
vn 0.9498669720370598 -0.31265059822006347 0.0015293350789809695
vn 0.9498669720370598 -0.31265059822006347 0.0015293350789809695
vn 0.8874029338795414 -0.4570725766334592 0.06000577165267203
vn 0.8874029338795414 -0.4570725766334592 0.06000577165267203
vn 0.8874029338795414 -0.4570725766334592 0.06000577165267203
vn 0.9536145790970265 -0.2991185146088911 0.03387253683696251
vn 0.9536145790970265 -0.2991185146088911 0.03387253683696251
vn 0.9536145790970265 -0.2991185146088911 0.03387253683696251
vn 0.6661277923259251 -0.5526571202324322 0.5008431608272036
vn 0.6661277923259251 -0.5526571202324322 0.5008431608272036
vn 0.6661277923259251 -0.5526571202324322 0.5008431608272036
vn 0.7471071270630547 -0.6286727012403861 0.2158739803837064
vn 0.7471071270630547 -0.6286727012403861 0.2158739803837064
vn 0.7471071270630547 -0.6286727012403861 0.2158739803837064
vn 0.6531509826707083 -0.5661201537433216 0.5028933936351979
vn 0.6531509826707083 -0.5661201537433216 0.5028933936351979
vn 0.6531509826707083 -0.5661201537433216 0.5028933936351979
vn 0.7640759823028328 -0.4986651162230935 0.40929328742378596
vn 0.7640759823028328 -0.4986651162230935 0.40929328742378596
vn 0.7640759823028328 -0.4986651162230935 0.40929328742378596
vn 0.7932840587068087 -0.3755583167719714 0.47922474154101863
vn 0.7932840587068087 -0.3755583167719714 0.47922474154101863
vn 0.7932840587068087 -0.3755583167719714 0.47922474154101863
vn 0.839327090795152 -0.4269999532437296 0.3364536737608897
vn 0.839327090795152 -0.4269999532437296 0.3364536737608897
vn 0.839327090795152 -0.4269999532437296 0.3364536737608897
vn 0.8634339143419154 -0.3254899446098294 0.3854065016603745
vn 0.8634339143419154 -0.3254899446098294 0.3854065016603745
vn 0.8634339143419154 -0.3254899446098294 0.3854065016603745
vn 0.89766567524789 -0.35418325496624803 0.26220327492856255
vn 0.89766567524789 -0.35418325496624803 0.26220327492856255
vn 0.89766567524789 -0.35418325496624803 0.26220327492856255
vn 0.5549169707510732 -0.4373329225604708 0.707677236045621
vn 0.5549169707510732 -0.4373329225604708 0.707677236045621
vn 0.5549169707510732 -0.4373329225604708 0.707677236045621
vn 0.6953005722605098 -0.5349284358079937 0.48000904447543563
vn 0.6953005722605098 -0.5349284358079937 0.48000904447543563
vn 0.6953005722605098 -0.5349284358079937 0.48000904447543563
vn 0.7841700845345425 -0.6100262352007755 -0.11377728634422946
vn 0.7841700845345425 -0.6100262352007755 -0.11377728634422946
vn 0.7841700845345425 -0.6100262352007755 -0.11377728634422946
vn 0.7766461286108987 -0.5950052076052638 0.20685645708152386
vn 0.7766461286108987 -0.5950052076052638 0.20685645708152386
vn 0.7766461286108987 -0.5950052076052638 0.20685645708152386
vn -0.00390603872057695 -0.010854871660053982 0.9999334550972665
vn 0 0 1
vn 0 0 1
vn -0.00390603872057695 -0.010854871660053982 0.9999334550972665
vn 0 0 1
vn 0 0 1
vn -0.00390603872057695 -0.010854871660053982 0.9999334550972665
vn 0.044584895708540837 -0.23664983731789205 0.9705715025551047
vn 0 0 1
vn 0 0 1
vn 0 0 1
vn 0 0 1
vn 0 0 1
vn 0 0 1
vn 0 0 1
vn -0.019564235594448375 -0.05426726120920189 0.9983347660211265
vn -0.019564235594448375 -0.05426726120920189 0.9983347660211265
vn -0.019564235594448375 -0.05426726120920189 0.9983347660211265
vn 0.501802567780123 -0.42272782672216724 0.754649168477663
vn 0.501802567780123 -0.42272782672216724 0.754649168477663
vn 0.501802567780123 -0.42272782672216724 0.754649168477663
vn 0.19261070693844362 -0.8890354452355941 0.41535176981375915
vn 0.19261070693844362 -0.8890354452355941 0.41535176981375915
vn 0.19261070693844362 -0.8890354452355941 0.41535176981375915
vn 0.5078043763044898 -0.5169189990607934 0.6891512633783643
vn 0.5078043763044898 -0.5169189990607934 0.6891512633783643
vn 0.5078043763044898 -0.5169189990607934 0.6891512633783643
vn 0.7743759068146587 -0.6257070828609933 0.0939819206154084
vn 0.7743759068146587 -0.6257070828609933 0.0939819206154084
vn 0.7743759068146587 -0.6257070828609933 0.0939819206154084
vn 0.37242644730404123 -0.46152704588757426 -0.8051654036673329
vn 0.37242644730404123 -0.46152704588757426 -0.8051654036673329
vn 0.37242644730404123 -0.46152704588757426 -0.8051654036673329
vn 0.38376613304861923 -0.5589028429899253 -0.7350858230320377
vn 0.38376613304861923 -0.5589028429899253 -0.7350858230320377
vn 0.38376613304861923 -0.5589028429899253 -0.7350858230320377
vn 0.3732777242479446 -0.5604304678174794 -0.7393114575888545
vn 0.3732777242479446 -0.5604304678174794 -0.7393114575888545
vn 0.3732777242479446 -0.5604304678174794 -0.7393114575888545
vn 0.773848315267457 -0.497837794808486 -0.3915562731178528
vn 0.773848315267457 -0.497837794808486 -0.3915562731178528
vn 0.773848315267457 -0.497837794808486 -0.3915562731178528
vn 0.5405457137010383 -0.7353913347432763 -0.4086684673227647
vn 0.5405457137010383 -0.7353913347432763 -0.4086684673227647
vn 0.5405457137010383 -0.7353913347432763 -0.4086684673227647
vn 0.550300839447448 -0.8053430361043513 -0.22043497975970094
vn 0.550300839447448 -0.8053430361043513 -0.22043497975970094
vn 0.550300839447448 -0.8053430361043513 -0.22043497975970094
vn 0.5175427278260084 -0.8450877200812884 -0.13407561389836842
vn 0.5175427278260084 -0.8450877200812884 -0.13407561389836842
vn 0.5175427278260084 -0.8450877200812884 -0.13407561389836842
vn 0.7189890094429721 -0.43068992781135695 -0.5454915126581363
vn 0.7189890094429721 -0.43068992781135695 -0.5454915126581363
vn 0.7189890094429721 -0.43068992781135695 -0.5454915126581363
vn 0.7239130231291244 -0.4843753637796632 -0.4912539484903613
vn 0.7239130231291244 -0.4843753637796632 -0.4912539484903613
vn 0.7239130231291244 -0.4843753637796632 -0.4912539484903613
vn 0.6651352005779525 -0.4314297112310705 -0.6094781121740156
vn 0.6651352005779525 -0.4314297112310705 -0.6094781121740156
vn 0.6651352005779525 -0.4314297112310705 -0.6094781121740156
vn 0.906249158209081 -0.42250024930830726 -0.014352789963986519
vn 0.906249158209081 -0.42250024930830726 -0.014352789963986519
vn 0.906249158209081 -0.42250024930830726 -0.014352789963986519
vn 0.6776054232372707 -0.7354256218606214 -0.00021239199006571675
vn 0.6776054232372707 -0.7354256218606214 -0.00021239199006571675
vn 0.6776054232372707 -0.7354256218606214 -0.00021239199006571675
vn 0.786462082241049 -0.5940538152101026 -0.16904868479640583
vn 0.786462082241049 -0.5940538152101026 -0.16904868479640583
vn 0.786462082241049 -0.5940538152101026 -0.16904868479640583
vn 0.7590627064897792 -0.6508151880836002 -0.01622955871610777
vn 0.7590627064897792 -0.6508151880836002 -0.01622955871610777
vn 0.7590627064897792 -0.6508151880836002 -0.01622955871610777
vn 0.8147260451761359 -0.569548898260026 -0.10879119358865166
vn 0.8147260451761359 -0.569548898260026 -0.10879119358865166
vn 0.8147260451761359 -0.569548898260026 -0.10879119358865166
vn 0.7974018014633447 -0.5981661198432707 -0.07967220402786943
vn 0.7974018014633447 -0.5981661198432707 -0.07967220402786943
vn 0.7974018014633447 -0.5981661198432707 -0.07967220402786943
vn 0.7327062472053462 -0.6805084333283833 -0.007058857925157771
vn 0.7327062472053462 -0.6805084333283833 -0.007058857925157771
vn 0.7327062472053462 -0.6805084333283833 -0.007058857925157771
vn 0.6101649325225684 -0.7922399538358118 -0.007389902973654648
vn 0.6101649325225684 -0.7922399538358118 -0.007389902973654648
vn 0.6101649325225684 -0.7922399538358118 -0.007389902973654648
vn 0.7001217152515861 -0.7130540756914721 0.03719501274307152
vn 0.7001217152515861 -0.7130540756914721 0.03719501274307152
vn 0.7001217152515861 -0.7130540756914721 0.03719501274307152
vn 0.6999912256655998 -0.7130011910755056 0.04051648449806293
vn 0.6999912256655998 -0.7130011910755056 0.04051648449806293
vn 0.6999912256655998 -0.7130011910755056 0.04051648449806293
vn 0.6883626673901918 -0.7249613502917444 -0.024246210562288435
vn 0.6883626673901918 -0.7249613502917444 -0.024246210562288435
vn 0.6883626673901918 -0.7249613502917444 -0.024246210562288435
vn 0.7038713329563949 -0.7079407210032697 -0.0581814591391328
vn 0.7038713329563949 -0.7079407210032697 -0.0581814591391328
vn 0.7038713329563949 -0.7079407210032697 -0.0581814591391328
vn 0.6747040734747228 -0.7376334056018714 0.02591085056112475
vn 0.6747040734747228 -0.7376334056018714 0.02591085056112475
vn 0.6747040734747228 -0.7376334056018714 0.02591085056112475
vn 0.6782139303533455 -0.7344236118141407 0.025452368937683722
vn 0.6782139303533455 -0.7344236118141407 0.025452368937683722
vn 0.6782139303533455 -0.7344236118141407 0.025452368937683722
vn 0.7014892648639653 -0.7115454624374391 -0.040197837818773105
vn 0.7014892648639653 -0.7115454624374391 -0.040197837818773105
vn 0.7014892648639653 -0.7115454624374391 -0.040197837818773105
vn 0.7146131977224608 -0.6984361395367689 -0.03892218685858032
vn 0.7146131977224608 -0.6984361395367689 -0.03892218685858032
vn 0.7146131977224608 -0.6984361395367689 -0.03892218685858032
vn 0.6837136756503975 -0.7259250891021092 -0.07462154340884421
vn 0.6837136756503975 -0.7259250891021092 -0.07462154340884421
vn 0.6837136756503975 -0.7259250891021092 -0.07462154340884421
vn 0.6882308794777136 -0.7247614341610221 -0.03254412521779503
vn 0.6882308794777136 -0.7247614341610221 -0.03254412521779503
vn 0.6882308794777136 -0.7247614341610221 -0.03254412521779503
vn 0.6950809929194685 -0.7101972076142476 -0.11172439115524951
vn 0.6950809929194685 -0.7101972076142476 -0.11172439115524951
vn 0.6950809929194685 -0.7101972076142476 -0.11172439115524951
vn 0.7108169907340667 -0.6948903909777367 -0.10893369639635866
vn 0.7108169907340667 -0.6948903909777367 -0.10893369639635866
vn 0.7108169907340667 -0.6948903909777367 -0.10893369639635866
vn 0.704625243956087 -0.703047568624617 -0.09605926207731896
vn 0.704625243956087 -0.703047568624617 -0.09605926207731896
vn 0.704625243956087 -0.703047568624617 -0.09605926207731896
vn 0.689130600091163 -0.7188587145159681 0.09132997636287658
vn 0.689130600091163 -0.7188587145159681 0.09132997636287658
vn 0.689130600091163 -0.7188587145159681 0.09132997636287658
vn 0.6899839113651142 -0.7235776259433061 0.018910877598543988
vn 0.6899839113651142 -0.7235776259433061 0.018910877598543988
vn 0.6899839113651142 -0.7235776259433061 0.018910877598543988
vn 0.6655616117529285 -0.7455205865072421 0.035025648527069346
vn 0.6655616117529285 -0.7455205865072421 0.035025648527069346
vn 0.6655616117529285 -0.7455205865072421 0.035025648527069346
vn 0.6998825706871046 -0.7110215463671886 0.06791721320859793
vn 0.6998825706871046 -0.7110215463671886 0.06791721320859793
vn 0.6998825706871046 -0.7110215463671886 0.06791721320859793
vn 0.7090152932107712 -0.6887208658142117 -0.15152848902225266
vn 0.7090152932107712 -0.6887208658142117 -0.15152848902225266
vn 0.7090152932107712 -0.6887208658142117 -0.15152848902225266
vn 0.6751310660997397 -0.7312257707927007 0.09750341386664134
vn 0.6751310660997397 -0.7312257707927007 0.09750341386664134
vn 0.6751310660997397 -0.7312257707927007 0.09750341386664134
vn 0.673143985133696 -0.7293626094363 0.12209569703555363
vn 0.673143985133696 -0.7293626094363 0.12209569703555363
vn 0.673143985133696 -0.7293626094363 0.12209569703555363
vn 0.7038394356112445 -0.7076807166266958 -0.06162833920503753
vn 0.7038394356112445 -0.7076807166266958 -0.06162833920503753
vn 0.7038394356112445 -0.7076807166266958 -0.06162833920503753
vn 0.6689499541999254 -0.7431905186717342 0.013183767760251985
vn 0.6689499541999254 -0.7431905186717342 0.013183767760251985
vn 0.6689499541999254 -0.7431905186717342 0.013183767760251985
vn 0.6749676918967239 -0.7369485341269731 0.03640704524834069
vn 0.6749676918967239 -0.7369485341269731 0.03640704524834069
vn 0.6749676918967239 -0.7369485341269731 0.03640704524834069
vn 0.664705044802091 -0.7466738299644575 0.025404626760857297
vn 0.664705044802091 -0.7466738299644575 0.025404626760857297
vn 0.664705044802091 -0.7466738299644575 0.025404626760857297
vn 0.669939504816627 -0.7383321378651176 0.07776062037803692
vn 0.669939504816627 -0.7383321378651176 0.07776062037803692
vn 0.669939504816627 -0.7383321378651176 0.07776062037803692
vn 0.7030640184805891 -0.6941354811876026 -0.15452158319918044
vn 0.7030640184805891 -0.6941354811876026 -0.15452158319918044
vn 0.7030640184805891 -0.6941354811876026 -0.15452158319918044
vn 0.6762305385821562 -0.721369075716299 0.14946208646041087
vn 0.6762305385821562 -0.721369075716299 0.14946208646041087
vn 0.6762305385821562 -0.721369075716299 0.14946208646041087
vn 0.6781180416554489 -0.7197176724470182 0.14887039178031813
vn 0.6781180416554489 -0.7197176724470182 0.14887039178031813
vn 0.6781180416554489 -0.7197176724470182 0.14887039178031813
vn 0.6917093408696913 -0.7128520620840769 0.11567249170004332
vn 0.6917093408696913 -0.7128520620840769 0.11567249170004332
vn 0.6917093408696913 -0.7128520620840769 0.11567249170004332
vn 0.7017235650719706 -0.695843030511235 -0.15292650231933178
vn 0.7017235650719706 -0.695843030511235 -0.15292650231933178
vn 0.7017235650719706 -0.695843030511235 -0.15292650231933178
vn 0.7094183651063907 -0.7047293272491318 -0.009064136183995805
vn 0.7094183651063907 -0.7047293272491318 -0.009064136183995805
vn 0.7094183651063907 -0.7047293272491318 -0.009064136183995805
vn 0.677272434825292 -0.7342871978288563 -0.04609078140438303
vn 0.677272434825292 -0.7342871978288563 -0.04609078140438303
vn 0.677272434825292 -0.7342871978288563 -0.04609078140438303
vn 0.6764980730877975 -0.7355786157613337 -0.03569953981688707
vn 0.6764980730877975 -0.7355786157613337 -0.03569953981688707
vn 0.6764980730877975 -0.7355786157613337 -0.03569953981688707
vn 0.6739009975791799 -0.7242154222167873 0.14618299383015315
vn 0.6739009975791799 -0.7242154222167873 0.14618299383015315
vn 0.6739009975791799 -0.7242154222167873 0.14618299383015315
vn 0.6991565314374625 -0.7000707474903861 -0.14519329549462262
vn 0.6991565314374625 -0.7000707474903861 -0.14519329549462262
vn 0.6991565314374625 -0.7000707474903861 -0.14519329549462262
vn 0.6932278947884408 -0.7124763805656182 -0.1086852935005598
vn 0.6932278947884408 -0.7124763805656182 -0.1086852935005598
vn 0.6932278947884408 -0.7124763805656182 -0.1086852935005598
vn 0.6676590500010054 -0.7443828050660456 -0.011208589285037467
vn 0.6676590500010054 -0.7443828050660456 -0.011208589285037467
vn 0.6676590500010054 -0.7443828050660456 -0.011208589285037467
vn 0.6922423155452128 -0.7216027883276496 0.009486434860535771
vn 0.6922423155452128 -0.7216027883276496 0.009486434860535771
vn 0.6922423155452128 -0.7216027883276496 0.009486434860535771
vn 0.6698427228547927 -0.738422754538782 0.07773391935207734
vn 0.6698427228547927 -0.738422754538782 0.07773391935207734
vn 0.6698427228547927 -0.738422754538782 0.07773391935207734
vn 0.5769480540892787 -0.6538047278395434 0.4895613554369414
vn 0.5769480540892787 -0.6538047278395434 0.4895613554369414
vn 0.5769480540892787 -0.6538047278395434 0.4895613554369414
vn 0.6670523452980477 -0.7399513906843945 0.08667818674040552
vn 0.6670523452980477 -0.7399513906843945 0.08667818674040552
vn 0.6670523452980477 -0.7399513906843945 0.08667818674040552
vn 0.555435532915961 -0.6852604680493297 0.4710726692381717
vn 0.555435532915961 -0.6852604680493297 0.4710726692381717
vn 0.555435532915961 -0.6852604680493297 0.4710726692381717
vn 0.5777010256968962 -0.7247762598946956 0.3754475968784599
vn 0.5777010256968962 -0.7247762598946956 0.3754475968784599
vn 0.5777010256968962 -0.7247762598946956 0.3754475968784599
vn 0.6308931203845076 -0.6894591550746014 0.35583696285703065
vn 0.6308931203845076 -0.6894591550746014 0.35583696285703065
vn 0.6308931203845076 -0.6894591550746014 0.35583696285703065
vn 0.6144058679089804 -0.7200084895065291 0.3226347850395844
vn 0.6144058679089804 -0.7200084895065291 0.3226347850395844
vn 0.6144058679089804 -0.7200084895065291 0.3226347850395844
vn 0.6646675402494753 -0.7338569688560289 0.14025337856947925
vn 0.6646675402494753 -0.7338569688560289 0.14025337856947925
vn 0.6646675402494753 -0.7338569688560289 0.14025337856947925
vn 0.714080096291512 -0.692896069066858 0.09992323829821122
vn 0.714080096291512 -0.692896069066858 0.09992323829821122
vn 0.714080096291512 -0.692896069066858 0.09992323829821122
vn 0.6428303813014252 -0.6962978346130841 0.319277976673923
vn 0.6428303813014252 -0.6962978346130841 0.319277976673923
vn 0.6428303813014252 -0.6962978346130841 0.319277976673923
vn 0.9377033858914132 -0.32673538248378653 0.118136996410749
vn 0.9377033858914132 -0.32673538248378653 0.118136996410749
vn 0.9377033858914132 -0.32673538248378653 0.118136996410749
vn 0.8277385447457881 -0.49950958581392724 0.2556150919294939
vn 0.8277385447457881 -0.49950958581392724 0.2556150919294939
vn 0.8277385447457881 -0.49950958581392724 0.2556150919294939
vn 0.8562219616305203 -0.502427451565775 0.12021068311387498
vn 0.8562219616305203 -0.502427451565775 0.12021068311387498
vn 0.8562219616305203 -0.502427451565775 0.12021068311387498
vn 0.6161854970047852 -0.6423203460527752 0.45578504399289904
vn 0.6161854970047852 -0.6423203460527752 0.45578504399289904
vn 0.6161854970047852 -0.6423203460527752 0.45578504399289904
vn 0.8945057265849038 -0.3955892566628196 0.20825139884229169
vn 0.8945057265849038 -0.3955892566628196 0.20825139884229169
vn 0.8945057265849038 -0.3955892566628196 0.20825139884229169
vn 0.8949592793445214 -0.38962898023631615 0.21734108234556862
vn 0.8949592793445214 -0.38962898023631615 0.21734108234556862
vn 0.8949592793445214 -0.38962898023631615 0.21734108234556862
vn 0.915260066728132 -0.2586207660178354 0.308892067941479
vn 0.915260066728132 -0.2586207660178354 0.308892067941479
vn 0.915260066728132 -0.2586207660178354 0.308892067941479
vn 0.8696081568037123 -0.34437426646313607 0.3538191885955694
vn 0.8696081568037123 -0.34437426646313607 0.3538191885955694
vn 0.8696081568037123 -0.34437426646313607 0.3538191885955694
vn 0.9353364968641954 -0.3367585932388459 0.10834799266072694
vn 0.9353364968641954 -0.3367585932388459 0.10834799266072694
vn 0.9353364968641954 -0.3367585932388459 0.10834799266072694
vn 0.65565002798385 -0.5953457431211725 0.4644205927306363
vn 0.65565002798385 -0.5953457431211725 0.4644205927306363
vn 0.65565002798385 -0.5953457431211725 0.4644205927306363
vn 0.5885047297082724 -0.6672691084722154 0.4565239533580774
vn 0.5885047297082724 -0.6672691084722154 0.4565239533580774
vn 0.5885047297082724 -0.6672691084722154 0.4565239533580774
vn 0.7220447199687204 -0.6418872596740495 0.2581320751736052
vn 0.7220447199687204 -0.6418872596740495 0.2581320751736052
vn 0.7220447199687204 -0.6418872596740495 0.2581320751736052
vn 0.9471940889024929 -0.2438704493368777 0.20820797748502734
vn 0.9471940889024929 -0.2438704493368777 0.20820797748502734
vn 0.9471940889024929 -0.2438704493368777 0.20820797748502734
vn 0.9734961302272667 -0.18417283725725755 0.13559369619989176
vn 0.9734961302272667 -0.18417283725725755 0.13559369619989176
vn 0.9734961302272667 -0.18417283725725755 0.13559369619989176
vn 0.8541253824142779 -0.47964149820112745 0.20103199824665097
vn 0.8541253824142779 -0.47964149820112745 0.20103199824665097
vn 0.8541253824142779 -0.47964149820112745 0.20103199824665097
vn 0.8710866461718054 -0.4378250484640622 0.2225247891777388
vn 0.8710866461718054 -0.4378250484640622 0.2225247891777388
vn 0.8710866461718054 -0.4378250484640622 0.2225247891777388
vn 0.742400941706629 -0.5687389950472159 0.3540858614316495
vn 0.742400941706629 -0.5687389950472159 0.3540858614316495
vn 0.742400941706629 -0.5687389950472159 0.3540858614316495
vn 0.7452301223543774 -0.5395437363560082 0.3918221807078794
vn 0.7452301223543774 -0.5395437363560082 0.3918221807078794
vn 0.7452301223543774 -0.5395437363560082 0.3918221807078794
vn 0.7475242311127477 -0.6005758282046214 0.2837537638087438
vn 0.7475242311127477 -0.6005758282046214 0.2837537638087438
vn 0.7475242311127477 -0.6005758282046214 0.2837537638087438
vn 0.8175234047757406 -0.38080026996988214 0.4320261994772373
vn 0.8175234047757406 -0.38080026996988214 0.4320261994772373
vn 0.8175234047757406 -0.38080026996988214 0.4320261994772373
vn 0.8329321949122492 -0.505593372039282 0.22494288348069877
vn 0.8329321949122492 -0.505593372039282 0.22494288348069877
vn 0.8329321949122492 -0.505593372039282 0.22494288348069877
vn 0.6791783067671615 -0.5308168602738522 0.5069026419993302
vn 0.6791783067671615 -0.5308168602738522 0.5069026419993302
vn 0.6791783067671615 -0.5308168602738522 0.5069026419993302
vn 0.8021449483771359 -0.5607910182182385 0.20512658452475924
vn 0.8021449483771359 -0.5607910182182385 0.20512658452475924
vn 0.8021449483771359 -0.5607910182182385 0.20512658452475924
vn 0.76943422739653 -0.46912721638290705 0.4334635216019106
vn 0.76943422739653 -0.46912721638290705 0.4334635216019106
vn 0.76943422739653 -0.46912721638290705 0.4334635216019106
vn 0.984810956585612 -0.16664736111872008 -0.04874460812334869
vn 0.984810956585612 -0.16664736111872008 -0.04874460812334869
vn 0.984810956585612 -0.16664736111872008 -0.04874460812334869
vn 0.9834987365697759 -0.15878833579340235 -0.08669774842299095
vn 0.9834987365697759 -0.15878833579340235 -0.08669774842299095
vn 0.9834987365697759 -0.15878833579340235 -0.08669774842299095
vn 0.9511896112037869 -0.30858980766476457 0.003264068536714098
vn 0.9511896112037869 -0.30858980766476457 0.003264068536714098
vn 0.9511896112037869 -0.30858980766476457 0.003264068536714098
vn 0.9552032764337357 -0.2959502580624631 0.0003813699222133909
vn 0.9552032764337357 -0.2959502580624631 0.0003813699222133909
vn 0.9552032764337357 -0.2959502580624631 0.0003813699222133909
vn 0.9453167957309586 -0.32572311307546525 -0.016751397475458736
vn 0.9453167957309586 -0.32572311307546525 -0.016751397475458736
vn 0.9453167957309586 -0.32572311307546525 -0.016751397475458736
vn 0.990479580553287 -0.13514619957142565 -0.026185974268401503
vn 0.990479580553287 -0.13514619957142565 -0.026185974268401503
vn 0.990479580553287 -0.13514619957142565 -0.026185974268401503
vn 0.9820255279770066 -0.1843057766642455 0.040709250664572635
vn 0.9820255279770066 -0.1843057766642455 0.040709250664572635
vn 0.9820255279770066 -0.1843057766642455 0.040709250664572635
vn 0.9909380832224415 -0.1338627657757769 0.011066849519780065
vn 0.9909380832224415 -0.1338627657757769 0.011066849519780065
vn 0.9909380832224415 -0.1338627657757769 0.011066849519780065
vn 0.9730144964882692 -0.22762671641090257 0.037800365073239174
vn 0.9730144964882692 -0.22762671641090257 0.037800365073239174
vn 0.9730144964882692 -0.22762671641090257 0.037800365073239174
vn 0.8937473066951206 -0.4446210746702197 0.05939572151524636
vn 0.8937473066951206 -0.4446210746702197 0.05939572151524636
vn 0.8937473066951206 -0.4446210746702197 0.05939572151524636
vn 0.875238188664944 -0.48078826536999086 0.052922178574044965
vn 0.875238188664944 -0.48078826536999086 0.052922178574044965
vn 0.875238188664944 -0.48078826536999086 0.052922178574044965
vn 0.9611223640052602 -0.27406106254624135 -0.03367989615430893
vn 0.9611223640052602 -0.27406106254624135 -0.03367989615430893
vn 0.9611223640052602 -0.27406106254624135 -0.03367989615430893
vn 0.9266458583124536 -0.3716287844105107 -0.05674063684822782
vn 0.9266458583124536 -0.3716287844105107 -0.05674063684822782
vn 0.9266458583124536 -0.3716287844105107 -0.05674063684822782
vn 0.9087183086602889 -0.41655842419367456 -0.02664797813843392
vn 0.9087183086602889 -0.41655842419367456 -0.02664797813843392
vn 0.9087183086602889 -0.41655842419367456 -0.02664797813843392
vn 0.9745177003182601 -0.21917374370506304 -0.04772967459261988
vn 0.9745177003182601 -0.21917374370506304 -0.04772967459261988
vn 0.9745177003182601 -0.21917374370506304 -0.04772967459261988
vn 0.958502733267709 -0.2373775301715609 -0.15787469236068555
vn 0.958502733267709 -0.2373775301715609 -0.15787469236068555
vn 0.958502733267709 -0.2373775301715609 -0.15787469236068555
vn 0.9409050157988179 -0.3097202716164829 -0.13700768078629194
vn 0.9409050157988179 -0.3097202716164829 -0.13700768078629194
vn 0.9409050157988179 -0.3097202716164829 -0.13700768078629194
vn 0.856220071053192 -0.4975512947993439 -0.13903200699537913
vn 0.856220071053192 -0.4975512947993439 -0.13903200699537913
vn 0.856220071053192 -0.4975512947993439 -0.13903200699537913
vn 0.8740796937940614 -0.46135222358124944 -0.15211447890821053
vn 0.8740796937940614 -0.46135222358124944 -0.15211447890821053
vn 0.8740796937940614 -0.46135222358124944 -0.15211447890821053
vn 0.839526175391775 -0.5396023981905105 -0.06344330302804561
vn 0.839526175391775 -0.5396023981905105 -0.06344330302804561
vn 0.839526175391775 -0.5396023981905105 -0.06344330302804561
vn 0.86816891296549 -0.49621636960841514 0.007214782946440764
vn 0.86816891296549 -0.49621636960841514 0.007214782946440764
vn 0.86816891296549 -0.49621636960841514 0.007214782946440764
vn 0.9526706444733511 -0.30173305015285146 -0.03709190752963113
vn 0.9526706444733511 -0.30173305015285146 -0.03709190752963113
vn 0.9526706444733511 -0.30173305015285146 -0.03709190752963113
vn 0.9219281869842545 -0.36998594595452833 -0.11471189057834602
vn 0.9219281869842545 -0.36998594595452833 -0.11471189057834602
vn 0.9219281869842545 -0.36998594595452833 -0.11471189057834602
vn 0.9180628599107233 -0.37924906370880573 -0.1154587932057917
vn 0.9180628599107233 -0.37924906370880573 -0.1154587932057917
vn 0.9180628599107233 -0.37924906370880573 -0.1154587932057917
vn 0.7359453332850926 -0.5875446711103885 -0.3364160012033897
vn 0.7359453332850926 -0.5875446711103885 -0.3364160012033897
vn 0.7359453332850926 -0.5875446711103885 -0.3364160012033897
vn 0.7352100231648813 -0.6442097019522184 -0.2108555945393162
vn 0.7352100231648813 -0.6442097019522184 -0.2108555945393162
vn 0.7352100231648813 -0.6442097019522184 -0.2108555945393162
vn 0.9547948294495961 -0.23835082485122686 -0.1776392916813625
vn 0.9547948294495961 -0.23835082485122686 -0.1776392916813625
vn 0.9547948294495961 -0.23835082485122686 -0.1776392916813625
vn 0.8675290277077096 -0.44141694551938543 -0.22922579761635084
vn 0.8675290277077096 -0.44141694551938543 -0.22922579761635084
vn 0.8675290277077096 -0.44141694551938543 -0.22922579761635084
vn 0.9118284415883667 -0.3149359168474905 -0.26340892427926804
vn 0.9118284415883667 -0.3149359168474905 -0.26340892427926804
vn 0.9118284415883667 -0.3149359168474905 -0.26340892427926804
vn 0.8624967544457718 -0.45235429303939356 -0.22688089857751545
vn 0.8624967544457718 -0.45235429303939356 -0.22688089857751545
vn 0.8624967544457718 -0.45235429303939356 -0.22688089857751545
vn 0.8060038143238941 -0.49371236890358433 -0.32650566317744717
vn 0.8060038143238941 -0.49371236890358433 -0.32650566317744717
vn 0.8060038143238941 -0.49371236890358433 -0.32650566317744717
vn 0.7857465570504696 -0.54169868226697 -0.2986048990113212
vn 0.7857465570504696 -0.54169868226697 -0.2986048990113212
vn 0.7857465570504696 -0.54169868226697 -0.2986048990113212
vn 0.8328183948715222 -0.47928434951787136 -0.2769477089106391
vn 0.8328183948715222 -0.47928434951787136 -0.2769477089106391
vn 0.8328183948715222 -0.47928434951787136 -0.2769477089106391
vn 0.8666748808862922 -0.34016679965106 -0.3649125912542436
vn 0.8666748808862922 -0.34016679965106 -0.3649125912542436
vn 0.8666748808862922 -0.34016679965106 -0.3649125912542436
vn 0.7761239414757296 -0.5717294220068029 -0.26600205916485936
vn 0.7761239414757296 -0.5717294220068029 -0.26600205916485936
vn 0.7761239414757296 -0.5717294220068029 -0.26600205916485936
vn 0.8463600685438499 -0.38003682243759035 -0.37315767172334663
vn 0.8463600685438499 -0.38003682243759035 -0.37315767172334663
vn 0.8463600685438499 -0.38003682243759035 -0.37315767172334663
vn 0.7021598247292125 -0.5382106325186794 -0.4661554414356704
vn 0.7021598247292125 -0.5382106325186794 -0.4661554414356704
vn 0.7021598247292125 -0.5382106325186794 -0.4661554414356704
vn 0.7105652789869557 -0.5110116672860328 -0.483698315270726
vn 0.7105652789869557 -0.5110116672860328 -0.483698315270726
vn 0.7105652789869557 -0.5110116672860328 -0.483698315270726
vn 0.8604987374374647 -0.45812431567155587 -0.222854289299079
vn 0.8604987374374647 -0.45812431567155587 -0.222854289299079
vn 0.8604987374374647 -0.45812431567155587 -0.222854289299079
vn 0.7779229216121115 -0.6195086187243549 -0.1050951918820202
vn 0.7779229216121115 -0.6195086187243549 -0.1050951918820202
vn 0.7779229216121115 -0.6195086187243549 -0.1050951918820202
vn 0.8058195129720331 -0.5797115575557964 -0.12078668200488042
vn 0.8058195129720331 -0.5797115575557964 -0.12078668200488042
vn 0.8058195129720331 -0.5797115575557964 -0.12078668200488042
vn 0.7858795549596908 -0.43062752627488593 -0.4437941625469297
vn 0.7858795549596908 -0.43062752627488593 -0.4437941625469297
vn 0.7858795549596908 -0.43062752627488593 -0.4437941625469297
vn 0.7677947240346092 -0.4632477436682566 -0.442597774204624
vn 0.7677947240346092 -0.4632477436682566 -0.442597774204624
vn 0.7677947240346092 -0.4632477436682566 -0.442597774204624
vn 0.747067573400337 -0.6477366113352268 -0.14942330176277507
vn 0.747067573400337 -0.6477366113352268 -0.14942330176277507
vn 0.747067573400337 -0.6477366113352268 -0.14942330176277507
vn 0.6750402022644706 -0.6520300073897594 -0.34522108103366583
vn 0.6750402022644706 -0.6520300073897594 -0.34522108103366583
vn 0.6750402022644706 -0.6520300073897594 -0.34522108103366583
vn 0.6649839873966875 -0.592331468692413 -0.45490628452758375
vn 0.6649839873966875 -0.592331468692413 -0.45490628452758375
vn 0.6649839873966875 -0.592331468692413 -0.45490628452758375
vn 0.669185144536163 -0.5907423941740058 -0.45079337401705233
vn 0.669185144536163 -0.5907423941740058 -0.45079337401705233
vn 0.669185144536163 -0.5907423941740058 -0.45079337401705233
vn 0.7048289733515702 -0.650007184416156 -0.2840893847568979
vn 0.7048289733515702 -0.650007184416156 -0.2840893847568979
vn 0.7048289733515702 -0.650007184416156 -0.2840893847568979
vn 0.6707693922896428 -0.6691883790896966 -0.31977388207714474
vn 0.6707693922896428 -0.6691883790896966 -0.31977388207714474
vn 0.6707693922896428 -0.6691883790896966 -0.31977388207714474
vn 0.7462989639995739 -0.6367809731600317 -0.1937726723625538
vn 0.7462989639995739 -0.6367809731600317 -0.1937726723625538
vn 0.7462989639995739 -0.6367809731600317 -0.1937726723625538
vn 0.7303184485159234 -0.6788695653801077 -0.07596760466092409
vn 0.7303184485159234 -0.6788695653801077 -0.07596760466092409
vn 0.7303184485159234 -0.6788695653801077 -0.07596760466092409
vn 0.6904823805835182 -0.6937876369625863 -0.204677299429097
vn 0.6904823805835182 -0.6937876369625863 -0.204677299429097
vn 0.6904823805835182 -0.6937876369625863 -0.204677299429097
vn 0.7136943524345156 -0.6633038095815742 -0.22509648486293218
vn 0.7136943524345156 -0.6633038095815742 -0.22509648486293218
vn 0.7136943524345156 -0.6633038095815742 -0.22509648486293218
vn 0.7208784318244061 -0.6904314251948702 0.060321916695056696
vn 0.7208784318244061 -0.6904314251948702 0.060321916695056696
vn 0.7208784318244061 -0.6904314251948702 0.060321916695056696
vn 0.7384563671733475 -0.6717089999063617 0.059069562601542815
vn 0.7384563671733475 -0.6717089999063617 0.059069562601542815
vn 0.7384563671733475 -0.6717089999063617 0.059069562601542815
vn 0.768121774724696 -0.6386122072252175 0.04651223469926231
vn 0.768121774724696 -0.6386122072252175 0.04651223469926231
vn 0.768121774724696 -0.6386122072252175 0.04651223469926231
vn 0.7369468679751342 -0.6695613744404012 0.0927193595702694
vn 0.7369468679751342 -0.6695613744404012 0.0927193595702694
vn 0.7369468679751342 -0.6695613744404012 0.0927193595702694
vn 0.8024993930663608 -0.5914441196597268 -0.07866751202404496
vn 0.8024993930663608 -0.5914441196597268 -0.07866751202404496
vn 0.8024993930663608 -0.5914441196597268 -0.07866751202404496
vn 0.7993169942951018 -0.600895219986641 0.004156588535125664
vn 0.7993169942951018 -0.600895219986641 0.004156588535125664
vn 0.7993169942951018 -0.600895219986641 0.004156588535125664
vn 0.7650372977401076 -0.6425428386619246 0.04308867079395396
vn 0.7650372977401076 -0.6425428386619246 0.04308867079395396
vn 0.7650372977401076 -0.6425428386619246 0.04308867079395396
vn 0.6899248399328886 -0.5415149360715642 -0.4803803589396508
vn 0.6899248399328886 -0.5415149360715642 -0.4803803589396508
vn 0.6899248399328886 -0.5415149360715642 -0.4803803589396508
vn 0.6986772460844807 -0.7058622284283228 -0.11665599119637328
vn 0.6986772460844807 -0.7058622284283228 -0.11665599119637328
vn 0.6986772460844807 -0.7058622284283228 -0.11665599119637328
vn 0.7078549183142199 -0.7007078446520124 -0.0891623859118868
vn 0.7078549183142199 -0.7007078446520124 -0.0891623859118868
vn 0.7078549183142199 -0.7007078446520124 -0.0891623859118868
vn 0.8789967754406142 -0.47418790299630076 0.05010490412098587
vn 0.8789967754406142 -0.47418790299630076 0.05010490412098587
vn 0.8789967754406142 -0.47418790299630076 0.05010490412098587
vn 0.7140456618127533 -0.687733429131713 -0.13100199731730153
vn 0.7140456618127533 -0.687733429131713 -0.13100199731730153
vn 0.7140456618127533 -0.687733429131713 -0.13100199731730153
vn 0.8429739714293086 -0.5377887639912714 0.013346490828670987
vn 0.8429739714293086 -0.5377887639912714 0.013346490828670987
vn 0.8429739714293086 -0.5377887639912714 0.013346490828670987
vn 0.8856078497531379 -0.45328629586164243 0.10114479937028506
vn 0.8856078497531379 -0.45328629586164243 0.10114479937028506
vn 0.8856078497531379 -0.45328629586164243 0.10114479937028506
vn 0.6956393153168446 -0.7180024416928036 0.023631265490533706
vn 0.6956393153168446 -0.7180024416928036 0.023631265490533706
vn 0.6956393153168446 -0.7180024416928036 0.023631265490533706
vn 0.8622566152795391 -0.5050675441215348 0.037686937812911665
vn 0.8622566152795391 -0.5050675441215348 0.037686937812911665
vn 0.8622566152795391 -0.5050675441215348 0.037686937812911665
vn 0.8399124756435578 -0.5419337163036573 0.02923833770269873
vn 0.8399124756435578 -0.5419337163036573 0.02923833770269873
vn 0.8399124756435578 -0.5419337163036573 0.02923833770269873
vn 0.7947334666962692 -0.6045615092068651 -0.05388968823854373
vn 0.7947334666962692 -0.6045615092068651 -0.05388968823854373
vn 0.7947334666962692 -0.6045615092068651 -0.05388968823854373
vn 0.7990750346284655 -0.594614645209826 0.08895230595948371
vn 0.7990750346284655 -0.594614645209826 0.08895230595948371
vn 0.7990750346284655 -0.594614645209826 0.08895230595948371
vn 0.757801665437332 -0.639222752499959 -0.13088509673290644
vn 0.757801665437332 -0.639222752499959 -0.13088509673290644
vn 0.757801665437332 -0.639222752499959 -0.13088509673290644
vn 0.7210008135313852 -0.6628403874487917 -0.20199120687251837
vn 0.7210008135313852 -0.6628403874487917 -0.20199120687251837
vn 0.7210008135313852 -0.6628403874487917 -0.20199120687251837
vn 0.7836194485112455 -0.6162397744051176 -0.07867083548597402
vn 0.7836194485112455 -0.6162397744051176 -0.07867083548597402
vn 0.7836194485112455 -0.6162397744051176 -0.07867083548597402
vn 0.6438644015097806 -0.6762550560131613 -0.3579353736152492
vn 0.6438644015097806 -0.6762550560131613 -0.3579353736152492
vn 0.6438644015097806 -0.6762550560131613 -0.3579353736152492
vn 0.7819833129594644 -0.6063840366103108 0.14422377888935448
vn 0.7819833129594644 -0.6063840366103108 0.14422377888935448
vn 0.7819833129594644 -0.6063840366103108 0.14422377888935448
vn 0.644445252280996 -0.7630060454644546 -0.05012076812239049
vn 0.644445252280996 -0.7630060454644546 -0.05012076812239049
vn 0.644445252280996 -0.7630060454644546 -0.05012076812239049
vn 0.7393059541849843 -0.6156955800279661 -0.27266400356603016
vn 0.7393059541849843 -0.6156955800279661 -0.27266400356603016
vn 0.7393059541849843 -0.6156955800279661 -0.27266400356603016
vn 0.7778427547960192 -0.6084101754772765 -0.15747287762357506
vn 0.7778427547960192 -0.6084101754772765 -0.15747287762357506
vn 0.7778427547960192 -0.6084101754772765 -0.15747287762357506
vn 0.7716896502244827 -0.6347874376906171 -0.03924274055919844
vn 0.7716896502244827 -0.6347874376906171 -0.03924274055919844
vn 0.7716896502244827 -0.6347874376906171 -0.03924274055919844
vn 0.6476793376903468 -0.7572681410353796 -0.08400260770841578
vn 0.6476793376903468 -0.7572681410353796 -0.08400260770841578
vn 0.6476793376903468 -0.7572681410353796 -0.08400260770841578
vn 0.8196647029607967 -0.5721651815685657 -0.02787076821329949
vn 0.8196647029607967 -0.5721651815685657 -0.02787076821329949
vn 0.8196647029607967 -0.5721651815685657 -0.02787076821329949
vn 0.8343324595757382 -0.5512609438535953 0.0008477499292736512
vn 0.8343324595757382 -0.5512609438535953 0.0008477499292736512
vn 0.8343324595757382 -0.5512609438535953 0.0008477499292736512
vn 0.8445972720271624 -0.5353432843056147 0.00793826386265572
vn 0.8445972720271624 -0.5353432843056147 0.00793826386265572
vn 0.8445972720271624 -0.5353432843056147 0.00793826386265572
vn 0.653374182856296 -0.756969378115959 -0.009976861811497659
vn 0.653374182856296 -0.756969378115959 -0.009976861811497659
vn 0.653374182856296 -0.756969378115959 -0.009976861811497659
vn 0.8891764181071541 -0.4575645275023569 0.000025567098125232634
vn 0.8891764181071541 -0.4575645275023569 0.000025567098125232634
vn 0.8891764181071541 -0.4575645275023569 0.000025567098125232634
vn 0.8898378505288282 -0.4562767392035438 -0.00037017295397396866
vn 0.8898378505288282 -0.4562767392035438 -0.00037017295397396866
vn 0.8898378505288282 -0.4562767392035438 -0.00037017295397396866
vn 0.6801852494724517 -0.7330397271388421 -0.0008859098772805996
vn 0.6801852494724517 -0.7330397271388421 -0.0008859098772805996
vn 0.6801852494724517 -0.7330397271388421 -0.0008859098772805996
vn 0.7779022801983879 -0.6283281244156104 -0.008474109422809682
vn 0.7779022801983879 -0.6283281244156104 -0.008474109422809682
vn 0.7779022801983879 -0.6283281244156104 -0.008474109422809682
vn 0.7701805969872099 -0.6163284294478144 0.16419840157204751
vn 0.7701805969872099 -0.6163284294478144 0.16419840157204751
vn 0.7701805969872099 -0.6163284294478144 0.16419840157204751
vn 0.8624330574154322 -0.5051486979906289 -0.032156094219330536
vn 0.8624330574154322 -0.5051486979906289 -0.032156094219330536
vn 0.8624330574154322 -0.5051486979906289 -0.032156094219330536
vn 0.8213303082648135 -0.5696322317388083 0.030588319500938498
vn 0.8213303082648135 -0.5696322317388083 0.030588319500938498
vn 0.8213303082648135 -0.5696322317388083 0.030588319500938498
vn 0.8172083277725771 -0.574049457402549 -0.051359219960851535
vn 0.8172083277725771 -0.574049457402549 -0.051359219960851535
vn 0.8172083277725771 -0.574049457402549 -0.051359219960851535
vn 0.669172340793453 -0.7420068914967098 0.040424637146184786
vn 0.669172340793453 -0.7420068914967098 0.040424637146184786
vn 0.669172340793453 -0.7420068914967098 0.040424637146184786
vn 0.6528460923947359 -0.755882972011733 0.049324560491035375
vn 0.6528460923947359 -0.755882972011733 0.049324560491035375
vn 0.6528460923947359 -0.755882972011733 0.049324560491035375
vn 0.7739347880445093 -0.6329547219927896 0.019830878990372447
vn 0.7739347880445093 -0.6329547219927896 0.019830878990372447
vn 0.7739347880445093 -0.6329547219927896 0.019830878990372447
vn 0.6347472568818129 -0.7694887399017815 0.07059036085318025
vn 0.6347472568818129 -0.7694887399017815 0.07059036085318025
vn 0.6347472568818129 -0.7694887399017815 0.07059036085318025
vn 0.6727506407190154 -0.739825117283169 0.00808524885823619
vn 0.6727506407190154 -0.739825117283169 0.00808524885823619
vn 0.6727506407190154 -0.739825117283169 0.00808524885823619
vn 0.6235069157970872 -0.7767851504044231 0.08856611126374331
vn 0.6235069157970872 -0.7767851504044231 0.08856611126374331
vn 0.6235069157970872 -0.7767851504044231 0.08856611126374331
vn 0.6709802584848644 -0.741448384511803 0.006307600845170363
vn 0.6709802584848644 -0.741448384511803 0.006307600845170363
vn 0.6709802584848644 -0.741448384511803 0.006307600845170363
vn 0.7903871534289747 -0.6121008990673266 0.024912588292126763
vn 0.7903871534289747 -0.6121008990673266 0.024912588292126763
vn 0.7903871534289747 -0.6121008990673266 0.024912588292126763
vn 0.633608090236471 -0.7645820227670242 0.11813178424275904
vn 0.633608090236471 -0.7645820227670242 0.11813178424275904
vn 0.633608090236471 -0.7645820227670242 0.11813178424275904
vn 0.8450155228919645 -0.5346486549938463 -0.009979067335742527
vn 0.8450155228919645 -0.5346486549938463 -0.009979067335742527
vn 0.8450155228919645 -0.5346486549938463 -0.009979067335742527
vn 0.7785897474828216 -0.6274069128795023 0.012592489255456082
vn 0.7785897474828216 -0.6274069128795023 0.012592489255456082
vn 0.7785897474828216 -0.6274069128795023 0.012592489255456082
vn 0.8893786820872315 -0.456851132576213 -0.01710562809752216
vn 0.8893786820872315 -0.456851132576213 -0.01710562809752216
vn 0.8893786820872315 -0.456851132576213 -0.01710562809752216
vn 0.6820507443311491 -0.7207571650352327 0.12375738849741445
vn 0.6820507443311491 -0.7207571650352327 0.12375738849741445
vn 0.6820507443311491 -0.7207571650352327 0.12375738849741445
vn 0.884396924339516 -0.46633333688673667 -0.019372638614448486
vn 0.884396924339516 -0.46633333688673667 -0.019372638614448486
vn 0.884396924339516 -0.46633333688673667 -0.019372638614448486
vn 0.7881626947899293 -0.5995852248545785 0.13891409099713845
vn 0.7881626947899293 -0.5995852248545785 0.13891409099713845
vn 0.7881626947899293 -0.5995852248545785 0.13891409099713845
vn 0.7207451997618152 -0.6842412294486299 0.11108688915857183
vn 0.7207451997618152 -0.6842412294486299 0.11108688915857183
vn 0.7207451997618152 -0.6842412294486299 0.11108688915857183
vn 0.6442564714090222 -0.7641414985983117 0.03195886680597924
vn 0.6442564714090222 -0.7641414985983117 0.03195886680597924
vn 0.6442564714090222 -0.7641414985983117 0.03195886680597924
vn 0.7850520025234742 -0.6173552878985372 0.050653744556521926
vn 0.7850520025234742 -0.6173552878985372 0.050653744556521926
vn 0.7850520025234742 -0.6173552878985372 0.050653744556521926
vn 0.6592640830427878 -0.7517880744540171 0.01362203797063277
vn 0.6592640830427878 -0.7517880744540171 0.01362203797063277
vn 0.6592640830427878 -0.7517880744540171 0.01362203797063277
vn 0.7106012138283073 -0.682795229681522 0.1698133953193735
vn 0.7106012138283073 -0.682795229681522 0.1698133953193735
vn 0.7106012138283073 -0.682795229681522 0.1698133953193735
vn 0.8416024796703411 -0.5399744948971572 -0.011524368672214541
vn 0.8416024796703411 -0.5399744948971572 -0.011524368672214541
vn 0.8416024796703411 -0.5399744948971572 -0.011524368672214541
vn 0.7319196511217276 -0.6537174625876243 0.19221629329962267
vn 0.7319196511217276 -0.6537174625876243 0.19221629329962267
vn 0.7319196511217276 -0.6537174625876243 0.19221629329962267
vn 0.8620723962007276 -0.503861718317454 -0.05435579566999436
vn 0.8620723962007276 -0.503861718317454 -0.05435579566999436
vn 0.8620723962007276 -0.503861718317454 -0.05435579566999436
vn 0.8209567275709113 -0.5685708069213273 0.05250989404761125
vn 0.8209567275709113 -0.5685708069213273 0.05250989404761125
vn 0.8209567275709113 -0.5685708069213273 0.05250989404761125
vn 0.8390789591164552 -0.5425453758245271 0.0398875361418671
vn 0.8390789591164552 -0.5425453758245271 0.0398875361418671
vn 0.8390789591164552 -0.5425453758245271 0.0398875361418671
vn 0.7880836917847389 -0.6114152819340196 -0.07138240511834727
vn 0.7880836917847389 -0.6114152819340196 -0.07138240511834727
vn 0.7880836917847389 -0.6114152819340196 -0.07138240511834727
vn 0.7812126013188716 -0.6213378694934473 0.06038313898718585
vn 0.7812126013188716 -0.6213378694934473 0.06038313898718585
vn 0.7812126013188716 -0.6213378694934473 0.06038313898718585
vn 0.7943115838980443 -0.6024220592314375 0.07846508928647616
vn 0.7943115838980443 -0.6024220592314375 0.07846508928647616
vn 0.7943115838980443 -0.6024220592314375 0.07846508928647616
vn 0.7860606318463544 -0.6155519489946435 0.05660813678444044
vn 0.7860606318463544 -0.6155519489946435 0.05660813678444044
vn 0.7860606318463544 -0.6155519489946435 0.05660813678444044
vn 0.7897156820405038 -0.6050963208234962 0.10103258912435348
vn 0.7897156820405038 -0.6050963208234962 0.10103258912435348
vn 0.7897156820405038 -0.6050963208234962 0.10103258912435348
vn 0.7641224536186376 -0.6423579682311402 0.05910259322394055
vn 0.7641224536186376 -0.6423579682311402 0.05910259322394055
vn 0.7641224536186376 -0.6423579682311402 0.05910259322394055
vn 0.7670630916847576 -0.633507737182623 0.10140098769131392
vn 0.7670630916847576 -0.633507737182623 0.10140098769131392
vn 0.7670630916847576 -0.633507737182623 0.10140098769131392
vn 0.6779891890328174 -0.6310868302119477 0.3769085728497812
vn 0.6779891890328174 -0.6310868302119477 0.3769085728497812
vn 0.6779891890328174 -0.6310868302119477 0.3769085728497812
vn 0.7377395058797955 -0.6659491084696852 -0.11068968512317076
vn 0.7377395058797955 -0.6659491084696852 -0.11068968512317076
vn 0.7377395058797955 -0.6659491084696852 -0.11068968512317076
vn 0.6341374507694312 -0.5799990884368139 0.5113421075406486
vn 0.6341374507694312 -0.5799990884368139 0.5113421075406486
vn 0.6341374507694312 -0.5799990884368139 0.5113421075406486
vn 0.7243170683610983 -0.6809509345213358 0.10803059407086237
vn 0.7243170683610983 -0.6809509345213358 0.10803059407086237
vn 0.7243170683610983 -0.6809509345213358 0.10803059407086237
vn 0.7456598813005241 -0.665759259628113 0.02749453833610088
vn 0.7456598813005241 -0.665759259628113 0.02749453833610088
vn 0.7456598813005241 -0.665759259628113 0.02749453833610088
vn 0.755417771883793 -0.6548526353801638 0.022627767405989808
vn 0.755417771883793 -0.6548526353801638 0.022627767405989808
vn 0.755417771883793 -0.6548526353801638 0.022627767405989808
vn 0.6779905498117693 -0.7350703413334218 -0.0006384809329007258
vn 0.6779905498117693 -0.7350703413334218 -0.0006384809329007258
vn 0.6779905498117693 -0.7350703413334218 -0.0006384809329007258
vn 0.6609694497208687 -0.7502014194764632 -0.01781057975451324
vn 0.6609694497208687 -0.7502014194764632 -0.01781057975451324
vn 0.6609694497208687 -0.7502014194764632 -0.01781057975451324
vn 0.8552439881315207 -0.5179997130418025 0.015297648626551507
vn 0.8552439881315207 -0.5179997130418025 0.015297648626551507
vn 0.8552439881315207 -0.5179997130418025 0.015297648626551507
vn 0.7471687793520141 -0.6645256876757346 0.0120177194472725
vn 0.7471687793520141 -0.6645256876757346 0.0120177194472725
vn 0.7471687793520141 -0.6645256876757346 0.0120177194472725
vn 0.7619935673850352 -0.6474309992878919 0.014103348003557116
vn 0.7619935673850352 -0.6474309992878919 0.014103348003557116
vn 0.7619935673850352 -0.6474309992878919 0.014103348003557116
vn 0.8210409757535476 -0.5657941018806514 0.0759522903586802
vn 0.8210409757535476 -0.5657941018806514 0.0759522903586802
vn 0.8210409757535476 -0.5657941018806514 0.0759522903586802
vn 0.7320108887605439 -0.680313218209707 0.03652374385451554
vn 0.7320108887605439 -0.680313218209707 0.03652374385451554
vn 0.7320108887605439 -0.680313218209707 0.03652374385451554
vn 0.8054853954927108 0.2049176015795094 -0.5560593980959704
vn 0.8054853954927108 0.2049176015795094 -0.5560593980959704
vn 0.8054853954927108 0.2049176015795094 -0.5560593980959704
vn 0.8557862640804211 0.19180738929020166 -0.48045790203196026
vn 0.8557862640804211 0.19180738929020166 -0.48045790203196026
vn 0.8557862640804211 0.19180738929020166 -0.48045790203196026
vn 0.8580025264395152 0.1968573143794342 -0.474424770009667
vn 0.8580025264395152 0.1968573143794342 -0.474424770009667
vn 0.8580025264395152 0.1968573143794342 -0.474424770009667
vn 0.9455630093315246 0.3222735791558822 -0.045280631201081986
vn 0.9455630093315246 0.3222735791558822 -0.045280631201081986
vn 0.9455630093315246 0.3222735791558822 -0.045280631201081986
vn 0.9314922057736736 0.3612136528601116 -0.04297636059917937
vn 0.9314922057736736 0.3612136528601116 -0.04297636059917937
vn 0.9314922057736736 0.3612136528601116 -0.04297636059917937
vn 0.940628367181524 0.3369948032253447 -0.040654365725363274
vn 0.940628367181524 0.3369948032253447 -0.040654365725363274
vn 0.940628367181524 0.3369948032253447 -0.040654365725363274
vn 0.8637028967799657 0.27701485270000253 -0.4210464077479962
vn 0.8637028967799657 0.27701485270000253 -0.4210464077479962
vn 0.8637028967799657 0.27701485270000253 -0.4210464077479962
vn 0.741350710223005 0.5432568191243623 -0.39404460778790756
vn 0.741350710223005 0.5432568191243623 -0.39404460778790756
vn 0.741350710223005 0.5432568191243623 -0.39404460778790756
vn 0.9081323906444199 0.26064053647313284 -0.3276615201842418
vn 0.9081323906444199 0.26064053647313284 -0.3276615201842418
vn 0.9081323906444199 0.26064053647313284 -0.3276615201842418
vn 0.9018308432167947 0.3197818963265129 -0.2905867667405112
vn 0.9018308432167947 0.3197818963265129 -0.2905867667405112
vn 0.9018308432167947 0.3197818963265129 -0.2905867667405112
vn 0.5876812752284134 0.027019997219171008 -0.8086412297775706
vn 0.5876812752284134 0.027019997219171008 -0.8086412297775706
vn 0.5876812752284134 0.027019997219171008 -0.8086412297775706
vn 0.9214627847124923 0.3103448783735769 -0.23365015056102334
vn 0.9214627847124923 0.3103448783735769 -0.23365015056102334
vn 0.9214627847124923 0.3103448783735769 -0.23365015056102334
vn 0.6571237305270795 0.011892077260390314 -0.7536889154529255
vn 0.6571237305270795 0.011892077260390314 -0.7536889154529255
vn 0.6571237305270795 0.011892077260390314 -0.7536889154529255
vn 0.9185744688898158 0.34380478284029226 -0.19498516969229251
vn 0.9185744688898158 0.34380478284029226 -0.19498516969229251
vn 0.9185744688898158 0.34380478284029226 -0.19498516969229251
vn 0.6947063775034167 0.05286466681025904 -0.7173481554023267
vn 0.6947063775034167 0.05286466681025904 -0.7173481554023267
vn 0.6947063775034167 0.05286466681025904 -0.7173481554023267
vn 0.8520675125601793 0.49884199066032875 -0.1585484859389992
vn 0.8520675125601793 0.49884199066032875 -0.1585484859389992
vn 0.8520675125601793 0.49884199066032875 -0.1585484859389992
vn 0.9655442754345257 0.22463029437949408 -0.13139818500496422
vn 0.9655442754345257 0.22463029437949408 -0.13139818500496422
vn 0.9655442754345257 0.22463029437949408 -0.13139818500496422
vn 0.7103305336810782 0.1413604294774675 -0.6895272017102013
vn 0.7103305336810782 0.1413604294774675 -0.6895272017102013
vn 0.7103305336810782 0.1413604294774675 -0.6895272017102013
vn 0.7911666201462807 0.15600718884790443 -0.5913688664396232
vn 0.7911666201462807 0.15600718884790443 -0.5913688664396232
vn 0.7911666201462807 0.15600718884790443 -0.5913688664396232
vn 0.4923888831681266 -0.14867610007305646 -0.8575830018135338
vn 0.4923888831681266 -0.14867610007305646 -0.8575830018135338
vn 0.4923888831681266 -0.14867610007305646 -0.8575830018135338
vn -0.24096625937902777 -0.9652957277983958 -0.10069468573387774
vn -0.24096625937902777 -0.9652957277983958 -0.10069468573387774
vn -0.24096625937902777 -0.9652957277983958 -0.10069468573387774
vn -0.24949419554265823 -0.9613910934977722 -0.11610259141672928
vn -0.24949419554265823 -0.9613910934977722 -0.11610259141672928
vn -0.24949419554265823 -0.9613910934977722 -0.11610259141672928
vn -0.23524546857269046 -0.9629156089259361 -0.13211017978493841
vn -0.23524546857269046 -0.9629156089259361 -0.13211017978493841
vn -0.23524546857269046 -0.9629156089259361 -0.13211017978493841
vn -0.3863807359614866 -0.8741508214538183 -0.2942282587201209
vn -0.3863807359614866 -0.8741508214538183 -0.2942282587201209
vn -0.3863807359614866 -0.8741508214538183 -0.2942282587201209
vn -0.21557987141142665 -0.9453380881454465 -0.24466552299771357
vn -0.21557987141142665 -0.9453380881454465 -0.24466552299771357
vn -0.21557987141142665 -0.9453380881454465 -0.24466552299771357
vn -0.23034450745814403 -0.9429716008549286 -0.24030390730272805
vn -0.23034450745814403 -0.9429716008549286 -0.24030390730272805
vn -0.23034450745814403 -0.9429716008549286 -0.24030390730272805
vn -0.1023579447295923 -0.9248262498647325 -0.36635946652416307
vn -0.1023579447295923 -0.9248262498647325 -0.36635946652416307
vn -0.1023579447295923 -0.9248262498647325 -0.36635946652416307
vn -0.11318164641934124 -0.9082297346015729 -0.40287549453815624
vn -0.11318164641934124 -0.9082297346015729 -0.40287549453815624
vn -0.11318164641934124 -0.9082297346015729 -0.40287549453815624
vn -0.2651052533307081 -0.8459725566084422 -0.4626549882167456
vn -0.2651052533307081 -0.8459725566084422 -0.4626549882167456
vn -0.2651052533307081 -0.8459725566084422 -0.4626549882167456
vn -0.20086407660756775 -0.8607949018186462 -0.4676384925683689
vn -0.20086407660756775 -0.8607949018186462 -0.4676384925683689
vn -0.20086407660756775 -0.8607949018186462 -0.4676384925683689
vn -0.1050391664860963 -0.8174482744483011 -0.5663436166369328
vn -0.1050391664860963 -0.8174482744483011 -0.5663436166369328
vn -0.1050391664860963 -0.8174482744483011 -0.5663436166369328
vn -0.10591617217189785 -0.7932713620766872 -0.5995851153768331
vn -0.10591617217189785 -0.7932713620766872 -0.5995851153768331
vn -0.10591617217189785 -0.7932713620766872 -0.5995851153768331
vn -0.030408717267465128 -0.7635792983289167 -0.6449976473427376
vn -0.030408717267465128 -0.7635792983289167 -0.6449976473427376
vn -0.030408717267465128 -0.7635792983289167 -0.6449976473427376
vn -0.008667011758973381 -0.7179037939928621 -0.6960883747612975
vn -0.008667011758973381 -0.7179037939928621 -0.6960883747612975
vn -0.008667011758973381 -0.7179037939928621 -0.6960883747612975
vn -0.0905183338327607 -0.7415928311356202 -0.6647153556586429
vn -0.0905183338327607 -0.7415928311356202 -0.6647153556586429
vn -0.0905183338327607 -0.7415928311356202 -0.6647153556586429
vn 0.05264715108310014 -0.6484432224172286 -0.7594403628883534
vn 0.05264715108310014 -0.6484432224172286 -0.7594403628883534
vn 0.05264715108310014 -0.6484432224172286 -0.7594403628883534
vn 0.06354998117948252 -0.5757476151023518 -0.8151540244616605
vn 0.06354998117948252 -0.5757476151023518 -0.8151540244616605
vn 0.06354998117948252 -0.5757476151023518 -0.8151540244616605
vn 0.05467484376215586 -0.5543045256931449 -0.8305161974673833
vn 0.05467484376215586 -0.5543045256931449 -0.8305161974673833
vn 0.05467484376215586 -0.5543045256931449 -0.8305161974673833
vn 0.10147367657649524 -0.3933509979234915 -0.9137713529076311
vn 0.10147367657649524 -0.3933509979234915 -0.9137713529076311
vn 0.10147367657649524 -0.3933509979234915 -0.9137713529076311
vn 0.1352852283848525 -0.5084924097846205 -0.8503724926009119
vn 0.1352852283848525 -0.5084924097846205 -0.8503724926009119
vn 0.1352852283848525 -0.5084924097846205 -0.8503724926009119
vn 0.27285110544881785 -0.36438372189559054 -0.8903801308839246
vn 0.27285110544881785 -0.36438372189559054 -0.8903801308839246
vn 0.27285110544881785 -0.36438372189559054 -0.8903801308839246
vn 0.2992403756056031 -0.3002512405620511 -0.9057065695623318
vn 0.2992403756056031 -0.3002512405620511 -0.9057065695623318
vn 0.2992403756056031 -0.3002512405620511 -0.9057065695623318
vn 0.2986197801705801 -0.2954801650779699 -0.9074787594959841
vn 0.2986197801705801 -0.2954801650779699 -0.9074787594959841
vn 0.2986197801705801 -0.2954801650779699 -0.9074787594959841
vn 0.3869145510433805 -0.24779543266850834 -0.8881973619300645
vn 0.3869145510433805 -0.24779543266850834 -0.8881973619300645
vn 0.3869145510433805 -0.24779543266850834 -0.8881973619300645
vn 0.33963200151015155 -0.35125463891815417 -0.872508041331818
vn 0.33963200151015155 -0.35125463891815417 -0.872508041331818
vn 0.33963200151015155 -0.35125463891815417 -0.872508041331818
vn 0.3576736988308953 -0.1242081428317652 -0.925549492149885
vn 0.3576736988308953 -0.1242081428317652 -0.925549492149885
vn 0.3576736988308953 -0.1242081428317652 -0.925549492149885
vn 0.3851418738403318 -0.12838367935144523 -0.9138836730629032
vn 0.3851418738403318 -0.12838367935144523 -0.9138836730629032
vn 0.3851418738403318 -0.12838367935144523 -0.9138836730629032
vn 0.4006670461340669 -0.13536925769090247 -0.9061683520264961
vn 0.4006670461340669 -0.13536925769090247 -0.9061683520264961
vn 0.4006670461340669 -0.13536925769090247 -0.9061683520264961
vn -0.508297760181636 -0.5730575534702128 -0.6428362368481308
vn -0.508297760181636 -0.5730575534702128 -0.6428362368481308
vn -0.508297760181636 -0.5730575534702128 -0.6428362368481308
vn -0.5738987275833339 -0.5655980060114381 -0.5922323412936139
vn -0.5738987275833339 -0.5655980060114381 -0.5922323412936139
vn -0.5738987275833339 -0.5655980060114381 -0.5922323412936139
vn -0.5639469616839342 -0.644044875330465 -0.5168849223647611
vn -0.5639469616839342 -0.644044875330465 -0.5168849223647611
vn -0.5639469616839342 -0.644044875330465 -0.5168849223647611
vn 0.08627122727734546 0.10463063524531066 -0.9907621841351351
vn 0.08627122727734546 0.10463063524531066 -0.9907621841351351
vn 0.08627122727734546 0.10463063524531066 -0.9907621841351351
vn 0.11571988497808429 0.04917118712978452 -0.9920640617303434
vn 0.11571988497808429 0.04917118712978452 -0.9920640617303434
vn 0.11571988497808429 0.04917118712978452 -0.9920640617303434
vn -0.7058939519966849 -0.6352165505367335 -0.3133905908905299
vn -0.7058939519966849 -0.6352165505367335 -0.3133905908905299
vn -0.7058939519966849 -0.6352165505367335 -0.3133905908905299
vn -0.6408906455486391 -0.7192953686353242 -0.26809206088211907
vn -0.6408906455486391 -0.7192953686353242 -0.26809206088211907
vn -0.6408906455486391 -0.7192953686353242 -0.26809206088211907
vn 0.00544637999657215 -0.05337897308060422 -0.9985594735306421
vn 0.00544637999657215 -0.05337897308060422 -0.9985594735306421
vn 0.00544637999657215 -0.05337897308060422 -0.9985594735306421
vn -0.07863526244902559 -0.04474304729468669 -0.9958988679672038
vn -0.07863526244902559 -0.04474304729468669 -0.9958988679672038
vn -0.07863526244902559 -0.04474304729468669 -0.9958988679672038
vn -0.6308827855386969 -0.763352138640876 -0.13885396408938072
vn -0.6308827855386969 -0.763352138640876 -0.13885396408938072
vn -0.6308827855386969 -0.763352138640876 -0.13885396408938072
vn -0.1513481009974021 -0.2406489581037808 -0.9587397098733551
vn -0.1513481009974021 -0.2406489581037808 -0.9587397098733551
vn -0.1513481009974021 -0.2406489581037808 -0.9587397098733551
vn -0.22746204714773724 -0.2423962289109282 -0.9431357724724059
vn -0.22746204714773724 -0.2423962289109282 -0.9431357724724059
vn -0.22746204714773724 -0.2423962289109282 -0.9431357724724059
vn -0.2783711256898365 -0.3815752270992502 -0.8814249045984172
vn -0.2783711256898365 -0.3815752270992502 -0.8814249045984172
vn -0.2783711256898365 -0.3815752270992502 -0.8814249045984172
vn -0.4159680996669665 -0.4066931100914827 -0.8133703057424518
vn -0.4159680996669665 -0.4066931100914827 -0.8133703057424518
vn -0.4159680996669665 -0.4066931100914827 -0.8133703057424518
vn -0.415189050189364 -0.4856938335169217 -0.769233093858091
vn -0.415189050189364 -0.4856938335169217 -0.769233093858091
vn -0.415189050189364 -0.4856938335169217 -0.769233093858091
vn -0.12280856371681055 -0.4984580995711878 0.8581710666584456
vn -0.12280856371681055 -0.4984580995711878 0.8581710666584456
vn -0.12280856371681055 -0.4984580995711878 0.8581710666584456
vn 0.29638481785223547 -0.28229466695084954 0.9123956163626643
vn 0.29638481785223547 -0.28229466695084954 0.9123956163626643
vn 0.29638481785223547 -0.28229466695084954 0.9123956163626643
vn -0.25688431385531546 -0.9664415391430788 -0.0010957708888812948
vn -0.25688431385531546 -0.9664415391430788 -0.0010957708888812948
vn -0.25688431385531546 -0.9664415391430788 -0.0010957708888812948
vn 0.2540800508995795 -0.27879985481741043 0.9261284838987827
vn 0.2540800508995795 -0.27879985481741043 0.9261284838987827
vn 0.2540800508995795 -0.27879985481741043 0.9261284838987827
vn 0.08578941952864988 -0.41556891710817884 0.9055068473680765
vn 0.08578941952864988 -0.41556891710817884 0.9055068473680765
vn 0.08578941952864988 -0.41556891710817884 0.9055068473680765
vn 0.09078270873972903 -0.4138374893661669 0.9058129123549661
vn 0.09078270873972903 -0.4138374893661669 0.9058129123549661
vn 0.09078270873972903 -0.4138374893661669 0.9058129123549661
vn 0.08032918708266264 -0.6031574597005763 0.7935668217045029
vn 0.08032918708266264 -0.6031574597005763 0.7935668217045029
vn 0.08032918708266264 -0.6031574597005763 0.7935668217045029
vn -0.03890182869389406 -0.6640411098608161 0.7466833680611124
vn -0.03890182869389406 -0.6640411098608161 0.7466833680611124
vn -0.03890182869389406 -0.6640411098608161 0.7466833680611124
vn -0.040119014306384135 -0.7542267967484743 0.6553872166571605
vn -0.040119014306384135 -0.7542267967484743 0.6553872166571605
vn -0.040119014306384135 -0.7542267967484743 0.6553872166571605
vn -0.01897908391811463 -0.743182963885757 0.6688190162993354
vn -0.01897908391811463 -0.743182963885757 0.6688190162993354
vn -0.01897908391811463 -0.743182963885757 0.6688190162993354
vn -0.21027296797739808 -0.775235832334777 0.5956464414417177
vn -0.21027296797739808 -0.775235832334777 0.5956464414417177
vn -0.21027296797739808 -0.775235832334777 0.5956464414417177
vn -0.45310857945293886 -0.7549130925468551 0.4741295581668402
vn -0.45310857945293886 -0.7549130925468551 0.4741295581668402
vn -0.45310857945293886 -0.7549130925468551 0.4741295581668402
vn -0.24208722902756438 -0.8265914284794978 0.5080751754474716
vn -0.24208722902756438 -0.8265914284794978 0.5080751754474716
vn -0.24208722902756438 -0.8265914284794978 0.5080751754474716
vn -0.1610723320197196 -0.8746072234888281 0.45729411594606395
vn -0.1610723320197196 -0.8746072234888281 0.45729411594606395
vn -0.1610723320197196 -0.8746072234888281 0.45729411594606395
vn -0.13031922414328076 -0.9186608289441135 0.3729332127639042
vn -0.13031922414328076 -0.9186608289441135 0.3729332127639042
vn -0.13031922414328076 -0.9186608289441135 0.3729332127639042
vn -0.5091298910406981 -0.817429974515909 0.269434576125276
vn -0.5091298910406981 -0.817429974515909 0.269434576125276
vn -0.5091298910406981 -0.817429974515909 0.269434576125276
vn -0.345722764036854 -0.8867798429818102 0.3067528003260505
vn -0.345722764036854 -0.8867798429818102 0.3067528003260505
vn -0.345722764036854 -0.8867798429818102 0.3067528003260505
vn -0.2386087969903958 -0.9259270606803434 0.29278818333166345
vn -0.2386087969903958 -0.9259270606803434 0.29278818333166345
vn -0.2386087969903958 -0.9259270606803434 0.29278818333166345
vn -0.22151024477730005 -0.9285847476810479 0.2977642991240306
vn -0.22151024477730005 -0.9285847476810479 0.2977642991240306
vn -0.22151024477730005 -0.9285847476810479 0.2977642991240306
vn -0.18346923534053095 -0.9568181008878833 0.2254731946304598
vn -0.18346923534053095 -0.9568181008878833 0.2254731946304598
vn -0.18346923534053095 -0.9568181008878833 0.2254731946304598
vn -0.307655043945616 -0.9380800356551431 0.15923008710688588
vn -0.307655043945616 -0.9380800356551431 0.15923008710688588
vn -0.307655043945616 -0.9380800356551431 0.15923008710688588
vn -0.24512613426558136 -0.9569698213040211 0.15531239298060534
vn -0.24512613426558136 -0.9569698213040211 0.15531239298060534
vn -0.24512613426558136 -0.9569698213040211 0.15531239298060534
vn -0.2503027631865811 -0.9558317118450449 0.15405929174357894
vn -0.2503027631865811 -0.9558317118450449 0.15405929174357894
vn -0.2503027631865811 -0.9558317118450449 0.15405929174357894
vn -0.5547751829136747 -0.8249935574413408 0.10775029746306805
vn -0.5547751829136747 -0.8249935574413408 0.10775029746306805
vn -0.5547751829136747 -0.8249935574413408 0.10775029746306805
vn -0.1901522263741687 -0.9777994078524546 0.0880366333314503
vn -0.1901522263741687 -0.9777994078524546 0.0880366333314503
vn -0.1901522263741687 -0.9777994078524546 0.0880366333314503
vn -0.31171146096674107 -0.9491859097128343 0.04338287570688406
vn -0.31171146096674107 -0.9491859097128343 0.04338287570688406
vn -0.31171146096674107 -0.9491859097128343 0.04338287570688406
vn -0.27096879579242555 -0.9615734850009956 0.044185344287929605
vn -0.27096879579242555 -0.9615734850009956 0.044185344287929605
vn -0.27096879579242555 -0.9615734850009956 0.044185344287929605
vn -0.18253077687222943 -0.9830738967044304 0.015755288406994607
vn -0.18253077687222943 -0.9830738967044304 0.015755288406994607
vn -0.18253077687222943 -0.9830738967044304 0.015755288406994607
vn -0.2234851452492254 -0.974540367022487 -0.018040590251121633
vn -0.2234851452492254 -0.974540367022487 -0.018040590251121633
vn -0.2234851452492254 -0.974540367022487 -0.018040590251121633
vn -0.4311671489984771 -0.9021547896637235 0.01454734035237996
vn -0.4311671489984771 -0.9021547896637235 0.01454734035237996
vn -0.4311671489984771 -0.9021547896637235 0.01454734035237996
vn -0.21672024402971443 -0.9741246956571197 0.06413589586670775
vn -0.21672024402971443 -0.9741246956571197 0.06413589586670775
vn -0.21672024402971443 -0.9741246956571197 0.06413589586670775
vn -0.727074387419977 -0.6865211154971953 -0.007182836093907794
vn -0.727074387419977 -0.6865211154971953 -0.007182836093907794
vn -0.727074387419977 -0.6865211154971953 -0.007182836093907794
vn -0.677834633196676 -0.7351518903934171 0.009586870715353432
vn -0.677834633196676 -0.7351518903934171 0.009586870715353432
vn -0.677834633196676 -0.7351518903934171 0.009586870715353432
vn 0.35759606518634646 -0.2965191268298252 0.885551501374889
vn 0.35759606518634646 -0.2965191268298252 0.885551501374889
vn 0.35759606518634646 -0.2965191268298252 0.885551501374889
vn 0.3300985124681047 -0.2594110390740135 0.9076017215017196
vn 0.3300985124681047 -0.2594110390740135 0.9076017215017196
vn 0.3300985124681047 -0.2594110390740135 0.9076017215017196
vn 0.3598048405039542 -0.3082773401210629 0.8806279341003251
vn 0.3598048405039542 -0.3082773401210629 0.8806279341003251
vn 0.3598048405039542 -0.3082773401210629 0.8806279341003251
vn 0.2714113300265914 -0.22330462975268134 0.9362002629054398
vn 0.2714113300265914 -0.22330462975268134 0.9362002629054398
vn 0.2714113300265914 -0.22330462975268134 0.9362002629054398
vn 0.20726192201134092 -0.16315098267134268 0.9645850157127365
vn 0.20726192201134092 -0.16315098267134268 0.9645850157127365
vn 0.20726192201134092 -0.16315098267134268 0.9645850157127365
vn 0.30871021066583043 -0.29178991270115107 0.9052936831086987
vn 0.30871021066583043 -0.29178991270115107 0.9052936831086987
vn 0.30871021066583043 -0.29178991270115107 0.9052936831086987
vn 0.3263641517408054 -0.29970606441263087 0.8964723729222203
vn 0.3263641517408054 -0.29970606441263087 0.8964723729222203
vn 0.3263641517408054 -0.29970606441263087 0.8964723729222203
vn 0.34049138916780086 -0.2543736434826841 0.9051848780243322
vn 0.34049138916780086 -0.2543736434826841 0.9051848780243322
vn 0.34049138916780086 -0.2543736434826841 0.9051848780243322
vn 0.3750821705933832 -0.29407024821853534 0.8791109454532149
vn 0.3750821705933832 -0.29407024821853534 0.8791109454532149
vn 0.3750821705933832 -0.29407024821853534 0.8791109454532149
vn 0.3516562347754019 -0.31441036445343445 0.8817505402707991
vn 0.3516562347754019 -0.31441036445343445 0.8817505402707991
vn 0.3516562347754019 -0.31441036445343445 0.8817505402707991
vn 0.3520690510010783 -0.31493485056870685 0.8813985609385043
vn 0.3520690510010783 -0.31493485056870685 0.8813985609385043
vn 0.3520690510010783 -0.31493485056870685 0.8813985609385043
vn 0.331641378253921 -0.28210514974009515 0.9002392352702464
vn 0.331641378253921 -0.28210514974009515 0.9002392352702464
vn 0.331641378253921 -0.28210514974009515 0.9002392352702464
vn -0.1953046204338154 -0.26563668679213537 0.9440832886283392
vn -0.1953046204338154 -0.26563668679213537 0.9440832886283392
vn -0.1953046204338154 -0.26563668679213537 0.9440832886283392
vn -0.20936654239601363 -0.21385816955474765 0.9541647311863035
vn -0.20936654239601363 -0.21385816955474765 0.9541647311863035
vn -0.20936654239601363 -0.21385816955474765 0.9541647311863035
vn -0.6953294788304789 -0.7096001419175798 0.11394978920509276
vn -0.6953294788304789 -0.7096001419175798 0.11394978920509276
vn -0.6953294788304789 -0.7096001419175798 0.11394978920509276
vn -0.6732658877326649 -0.7318923022402126 0.10510329365470927
vn -0.6732658877326649 -0.7318923022402126 0.10510329365470927
vn -0.6732658877326649 -0.7318923022402126 0.10510329365470927
vn -0.675164274946926 -0.6914614959526838 0.256971207434351
vn -0.675164274946926 -0.6914614959526838 0.256971207434351
vn -0.675164274946926 -0.6914614959526838 0.256971207434351
vn -0.6602791049477945 -0.702789436254159 0.26479900275284346
vn -0.6602791049477945 -0.702789436254159 0.26479900275284346
vn -0.6602791049477945 -0.702789436254159 0.26479900275284346
vn -0.6238209039356918 -0.6086445480234784 0.49030530689984586
vn -0.6238209039356918 -0.6086445480234784 0.49030530689984586
vn -0.6238209039356918 -0.6086445480234784 0.49030530689984586
vn -0.6043280491483739 -0.6404250996284583 0.4739655058951019
vn -0.6043280491483739 -0.6404250996284583 0.4739655058951019
vn -0.6043280491483739 -0.6404250996284583 0.4739655058951019
vn -0.4837653686827255 -0.562889700973107 0.6701688239553318
vn -0.4837653686827255 -0.562889700973107 0.6701688239553318
vn -0.4837653686827255 -0.562889700973107 0.6701688239553318
vn -0.4639878861454246 -0.46336349769010304 0.754989741995674
vn -0.4639878861454246 -0.46336349769010304 0.754989741995674
vn -0.4639878861454246 -0.46336349769010304 0.754989741995674
vn -0.40932533625322565 -0.4633022303116698 0.7860049697612708
vn -0.40932533625322565 -0.4633022303116698 0.7860049697612708
vn -0.40932533625322565 -0.4633022303116698 0.7860049697612708
vn 0.9322109174997502 0.2825236902172183 0.22619277123798454
vn 0.9322109174997502 0.2825236902172183 0.22619277123798454
vn 0.9322109174997502 0.2825236902172183 0.22619277123798454
vn 0.5168712777429731 -0.11706666744088591 0.8480209181492113
vn 0.5168712777429731 -0.11706666744088591 0.8480209181492113
vn 0.5168712777429731 -0.11706666744088591 0.8480209181492113
vn 0.5321798989496022 -0.03828718935323388 0.845765124774852
vn 0.5321798989496022 -0.03828718935323388 0.845765124774852
vn 0.5321798989496022 -0.03828718935323388 0.845765124774852
vn 0.9042297991249971 0.2713956174861474 0.329716376881222
vn 0.9042297991249971 0.2713956174861474 0.329716376881222
vn 0.9042297991249971 0.2713956174861474 0.329716376881222
vn 0.9019039844676574 0.29718658246891716 0.3134475043796156
vn 0.9019039844676574 0.29718658246891716 0.3134475043796156
vn 0.9019039844676574 0.29718658246891716 0.3134475043796156
vn 0.8037542611290255 0.5946280294025401 0.019914677144915887
vn 0.8037542611290255 0.5946280294025401 0.019914677144915887
vn 0.8037542611290255 0.5946280294025401 0.019914677144915887
vn 0.42229047854231216 -0.18860887186019765 0.8866213651768879
vn 0.42229047854231216 -0.18860887186019765 0.8866213651768879
vn 0.42229047854231216 -0.18860887186019765 0.8866213651768879
vn 0.8660959629854568 0.22060932291501267 0.44856360702053627
vn 0.8660959629854568 0.22060932291501267 0.44856360702053627
vn 0.8660959629854568 0.22060932291501267 0.44856360702053627
vn 0.9674013962347169 0.25298941421173887 0.011440929154644069
vn 0.9674013962347169 0.25298941421173887 0.011440929154644069
vn 0.9674013962347169 0.25298941421173887 0.011440929154644069
vn 0.40594043479219677 -0.18607599644338235 0.8947558812035405
vn 0.40594043479219677 -0.18607599644338235 0.8947558812035405
vn 0.40594043479219677 -0.18607599644338235 0.8947558812035405
vn 0.9477403529626144 0.31370457244459693 0.058117678839159026
vn 0.9477403529626144 0.31370457244459693 0.058117678839159026
vn 0.9477403529626144 0.31370457244459693 0.058117678839159026
vn 0.9293469852267613 0.3687960233503967 0.01742625062551849
vn 0.9293469852267613 0.3687960233503967 0.01742625062551849
vn 0.9293469852267613 0.3687960233503967 0.01742625062551849
vn 0.31184280343392223 -0.291249994430004 0.9043934468421333
vn 0.31184280343392223 -0.291249994430004 0.9043934468421333
vn 0.31184280343392223 -0.291249994430004 0.9043934468421333
vn 0.8027562469019842 0.2531014373372137 0.5399278382132904
vn 0.8027562469019842 0.2531014373372137 0.5399278382132904
vn 0.8027562469019842 0.2531014373372137 0.5399278382132904
vn 0.9473206163171157 0.3007316513896381 0.11020038000397814
vn 0.9473206163171157 0.3007316513896381 0.11020038000397814
vn 0.9473206163171157 0.3007316513896381 0.11020038000397814
vn 0.9467691897901593 0.30101904650638456 0.11408608549894397
vn 0.9467691897901593 0.30101904650638456 0.11408608549894397
vn 0.9467691897901593 0.30101904650638456 0.11408608549894397
vn 0.7541163078158503 0.11952975567450454 0.6457718109321455
vn 0.7541163078158503 0.11952975567450454 0.6457718109321455
vn 0.7541163078158503 0.11952975567450454 0.6457718109321455
vn 0.9253846558238072 0.3441633936409497 0.1587916787599351
vn 0.9253846558238072 0.3441633936409497 0.1587916787599351
vn 0.9253846558238072 0.3441633936409497 0.1587916787599351
vn 0.6620770167189544 0.10598068797048038 0.7419043858273338
vn 0.6620770167189544 0.10598068797048038 0.7419043858273338
vn 0.6620770167189544 0.10598068797048038 0.7419043858273338
vn 0.636972737253741 0.023410624329118165 0.770530774637845
vn 0.636972737253741 0.023410624329118165 0.770530774637845
vn 0.636972737253741 0.023410624329118165 0.770530774637845
vn 0.35206737840727514 0.3103878175930588 -0.8830107381856953
vn 0.35206737840727514 0.3103878175930588 -0.8830107381856953
vn 0.35206737840727514 0.3103878175930588 -0.8830107381856953
vn 0.3166956374465349 0.31636363956790664 -0.8942135767151382
vn 0.3166956374465349 0.31636363956790664 -0.8942135767151382
vn 0.3166956374465349 0.31636363956790664 -0.8942135767151382
vn 0.6539688853225757 0.7464891243688152 -0.12279529400195831
vn 0.6539688853225757 0.7464891243688152 -0.12279529400195831
vn 0.6539688853225757 0.7464891243688152 -0.12279529400195831
vn 0.7378777230058727 0.653381165699724 -0.169202595135353
vn 0.7378777230058727 0.653381165699724 -0.169202595135353
vn 0.7378777230058727 0.653381165699724 -0.169202595135353
vn 0.7022070807219677 0.5901602441516448 -0.39826637067018683
vn 0.7022070807219677 0.5901602441516448 -0.39826637067018683
vn 0.7022070807219677 0.5901602441516448 -0.39826637067018683
vn 0.623763198076446 0.641527050991668 -0.44650029739226194
vn 0.623763198076446 0.641527050991668 -0.44650029739226194
vn 0.623763198076446 0.641527050991668 -0.44650029739226194
vn 0.6013522220982689 0.5175988736867946 -0.6086599304501947
vn 0.6013522220982689 0.5175988736867946 -0.6086599304501947
vn 0.6013522220982689 0.5175988736867946 -0.6086599304501947
vn 0.49412505750201136 0.5166251263217849 -0.6992416652357278
vn 0.49412505750201136 0.5166251263217849 -0.6992416652357278
vn 0.49412505750201136 0.5166251263217849 -0.6992416652357278
vn 0.499764447573749 0.4055379372738911 -0.7653590519311461
vn 0.499764447573749 0.4055379372738911 -0.7653590519311461
vn 0.499764447573749 0.4055379372738911 -0.7653590519311461
vn 0.009238418987640773 -0.012724216841001754 0.9998763653174285
vn 0.009238418987640773 -0.012724216841001754 0.9998763653174285
vn 0.009238418987640773 -0.012724216841001754 0.9998763653174285
vn 0.033565866893705075 -0.025527793306777204 0.9991104365126813
vn 0.033565866893705075 -0.025527793306777204 0.9991104365126813
vn 0.033565866893705075 -0.025527793306777204 0.9991104365126813
vn 0.03442258434463253 -0.030609313813503614 0.998938514421635
vn 0.03442258434463253 -0.030609313813503614 0.998938514421635
vn 0.03442258434463253 -0.030609313813503614 0.998938514421635
vn 0.03302381600668027 -0.029613128294780005 0.9990157607410174
vn 0.03302381600668027 -0.029613128294780005 0.9990157607410174
vn 0.03302381600668027 -0.029613128294780005 0.9990157607410174
vn 0.760931641453697 0.6215724110401257 0.18609345734965346
vn 0.760931641453697 0.6215724110401257 0.18609345734965346
vn 0.760931641453697 0.6215724110401257 0.18609345734965346
vn 0.6724199524322365 0.7363644101731712 0.0749590755102176
vn 0.6724199524322365 0.7363644101731712 0.0749590755102176
vn 0.6724199524322365 0.7363644101731712 0.0749590755102176
vn 0.7681901408988696 0.639860030162667 0.02151857862419683
vn 0.7681901408988696 0.639860030162667 0.02151857862419683
vn 0.7681901408988696 0.639860030162667 0.02151857862419683
vn 0.12533185084288298 0.12150329543676938 0.9846465743414246
vn 0.12533185084288298 0.12150329543676938 0.9846465743414246
vn 0.12533185084288298 0.12150329543676938 0.9846465743414246
vn 0.14079248761789995 0.11873222766591683 0.982893754962281
vn 0.14079248761789995 0.11873222766591683 0.982893754962281
vn 0.14079248761789995 0.11873222766591683 0.982893754962281
vn 0.3094003401342704 0.19901434451900588 0.9298734968803383
vn 0.3094003401342704 0.19901434451900588 0.9298734968803383
vn 0.3094003401342704 0.19901434451900588 0.9298734968803383
vn 0.3805192054416106 0.40808495251724064 0.8298625222403329
vn 0.3805192054416106 0.40808495251724064 0.8298625222403329
vn 0.3805192054416106 0.40808495251724064 0.8298625222403329
vn 0.40594167277026677 0.4045184032333594 0.8194975410298747
vn 0.40594167277026677 0.4045184032333594 0.8194975410298747
vn 0.40594167277026677 0.4045184032333594 0.8194975410298747
vn 0.6365053660724367 0.5166369086231205 0.5726667648897906
vn 0.6365053660724367 0.5166369086231205 0.5726667648897906
vn 0.6365053660724367 0.5166369086231205 0.5726667648897906
vn 0.6000387189702878 0.6875938311341002 0.40886215173677615
vn 0.6000387189702878 0.6875938311341002 0.40886215173677615
vn 0.6000387189702878 0.6875938311341002 0.40886215173677615
vn 0.6962915547982168 0.6309716600949024 0.34212985089548226
vn 0.6962915547982168 0.6309716600949024 0.34212985089548226
vn 0.6962915547982168 0.6309716600949024 0.34212985089548226
f 1//1 2//2 3//3
f 4//4 5//5 6//6
f 7//7 8//8 9//9
f 10//10 11//11 12//12
f 13//13 14//14 15//15
f 16//16 17//17 18//18
f 19//19 20//20 21//21
f 22//22 23//23 24//24
f 25//25 26//26 27//27
f 28//28 29//29 30//30
f 31//31 32//32 33//33
f 34//34 35//35 36//36
f 37//37 38//38 39//39
f 40//40 41//41 42//42
f 43//43 44//44 45//45
f 46//46 47//47 48//48
f 49//49 50//50 51//51
f 52//52 53//53 54//54
f 55//55 56//56 57//57
f 58//58 59//59 60//60
f 61//61 62//62 63//63
f 64//64 65//65 66//66
f 67//67 68//68 69//69
f 70//70 71//71 72//72
f 73//73 74//74 75//75
f 76//76 77//77 78//78
f 79//79 80//80 81//81
f 82//82 83//83 84//84
f 85//85 86//86 87//87
f 88//88 89//89 90//90
f 91//91 92//92 93//93
f 94//94 95//95 96//96
f 97//97 98//98 99//99
f 100//100 101//101 102//102
f 103//103 104//104 105//105
f 106//106 107//107 108//108
f 109//109 110//110 111//111
f 112//112 113//113 114//114
f 115//115 116//116 117//117
f 118//118 119//119 120//120
f 121//121 122//122 123//123
f 124//124 125//125 126//126
f 127//127 128//128 129//129
f 130//130 131//131 132//132
f 133//133 134//134 135//135
f 136//136 137//137 138//138
f 139//139 140//140 141//141
f 142//142 143//143 144//144
f 145//145 146//146 147//147
f 148//148 149//149 150//150
f 151//151 152//152 153//153
f 154//154 155//155 156//156
f 157//157 158//158 159//159
f 160//160 161//161 162//162
f 163//163 164//164 165//165
f 166//166 167//167 168//168
f 169//169 170//170 171//171
f 172//172 173//173 174//174
f 175//175 176//176 177//177
f 178//178 179//179 180//180
f 181//181 182//182 183//183
f 184//184 185//185 186//186
f 187//187 188//188 189//189
f 190//190 191//191 192//192
f 193//193 194//194 195//195
f 196//196 197//197 198//198
f 199//199 200//200 201//201
f 202//202 203//203 204//204
f 205//205 206//206 207//207
f 208//208 209//209 210//210
f 211//211 212//212 213//213
f 214//214 215//215 216//216
f 217//217 218//218 219//219
f 220//220 221//221 222//222
f 223//223 224//224 225//225
f 226//226 227//227 228//228
f 229//229 230//230 231//231
f 232//232 233//233 234//234
f 235//235 236//236 237//237
f 238//238 239//239 240//240
f 241//241 242//242 243//243
f 244//244 245//245 246//246
f 247//247 248//248 249//249
f 250//250 251//251 252//252
f 253//253 254//254 255//255
f 256//256 257//257 258//258
f 259//259 260//260 261//261
f 262//262 263//263 264//264
f 265//265 266//266 267//267
f 268//268 269//269 270//270
f 271//271 272//272 273//273
f 274//274 275//275 276//276
f 277//277 278//278 279//279
f 280//280 281//281 282//282
f 283//283 284//284 285//285
f 286//286 287//287 288//288
f 289//289 290//290 291//291
f 292//292 293//293 294//294
f 295//295 296//296 297//297
f 298//298 299//299 300//300
f 301//301 302//302 303//303
f 304//304 305//305 306//306
f 307//307 308//308 309//309
f 310//310 311//311 312//312
f 313//313 314//314 315//315
f 316//316 317//317 318//318
f 319//319 320//320 321//321
f 322//322 323//323 324//324
f 325//325 326//326 327//327
f 328//328 329//329 330//330
f 331//331 332//332 333//333
f 334//334 335//335 336//336
f 337//337 338//338 339//339
f 340//340 341//341 342//342
f 343//343 344//344 345//345
f 346//346 347//347 348//348
f 349//349 350//350 351//351
f 352//352 353//353 354//354
f 355//355 356//356 357//357
f 358//358 359//359 360//360
f 361//361 362//362 363//363
f 364//364 365//365 366//366
f 367//367 368//368 369//369
f 370//370 371//371 372//372
f 373//373 374//374 375//375
f 376//376 377//377 378//378
f 379//379 380//380 381//381
f 382//382 383//383 384//384
f 385//385 386//386 387//387
f 388//388 389//389 390//390
f 391//391 392//392 393//393
f 394//394 395//395 396//396
f 397//397 398//398 399//399
f 400//400 401//401 402//402
f 403//403 404//404 405//405
f 406//406 407//407 408//408
f 409//409 410//410 411//411
f 412//412 413//413 414//414
f 415//415 416//416 417//417
f 418//418 419//419 420//420
f 421//421 422//422 423//423
f 424//424 425//425 426//426
f 427//427 428//428 429//429
f 430//430 431//431 432//432
f 433//433 434//434 435//435
f 436//436 437//437 438//438
f 439//439 440//440 441//441
f 442//442 443//443 444//444
f 445//445 446//446 447//447
f 448//448 449//449 450//450
f 451//451 452//452 453//453
f 454//454 455//455 456//456
f 457//457 458//458 459//459
f 460//460 461//461 462//462
f 463//463 464//464 465//465
f 466//466 467//467 468//468
f 469//469 470//470 471//471
f 472//472 473//473 474//474
f 475//475 476//476 477//477
f 478//478 479//479 480//480
f 481//481 482//482 483//483
f 484//484 485//485 486//486
f 487//487 488//488 489//489
f 490//490 491//491 492//492
f 493//493 494//494 495//495
f 496//496 497//497 498//498
f 499//499 500//500 501//501
f 502//502 503//503 504//504
f 505//505 506//506 507//507
f 508//508 509//509 510//510
f 511//511 512//512 513//513
f 514//514 515//515 516//516
f 517//517 518//518 519//519
f 520//520 521//521 522//522
f 523//523 524//524 525//525
f 526//526 527//527 528//528
f 529//529 530//530 531//531
f 532//532 533//533 534//534
f 535//535 536//536 537//537
f 538//538 539//539 540//540
f 541//541 542//542 543//543
f 544//544 545//545 546//546
f 547//547 548//548 549//549
f 550//550 551//551 552//552
f 553//553 554//554 555//555
f 556//556 557//557 558//558
f 559//559 560//560 561//561
f 562//562 563//563 564//564
f 565//565 566//566 567//567
f 568//568 569//569 570//570
f 571//571 572//572 573//573
f 574//574 575//575 576//576
f 577//577 578//578 579//579
f 580//580 581//581 582//582
f 583//583 584//584 585//585
f 586//586 587//587 588//588
f 589//589 590//590 591//591
f 592//592 593//593 594//594
f 595//595 596//596 597//597
f 598//598 599//599 600//600
f 601//601 602//602 603//603
f 604//604 605//605 606//606
f 607//607 608//608 609//609
f 610//610 611//611 612//612
f 613//613 614//614 615//615
f 616//616 617//617 618//618
f 619//619 620//620 621//621
f 622//622 623//623 624//624
f 625//625 626//626 627//627
f 628//628 629//629 630//630
f 631//631 632//632 633//633
f 634//634 635//635 636//636
f 637//637 638//638 639//639
f 640//640 641//641 642//642
f 643//643 644//644 645//645
f 646//646 647//647 648//648
f 649//649 650//650 651//651
f 652//652 653//653 654//654
f 655//655 656//656 657//657
f 658//658 659//659 660//660
f 661//661 662//662 663//663
f 664//664 665//665 666//666
f 667//667 668//668 669//669
f 670//670 671//671 672//672
f 673//673 674//674 675//675
f 676//676 677//677 678//678
f 679//679 680//680 681//681
f 682//682 683//683 684//684
f 685//685 686//686 687//687
f 688//688 689//689 690//690
f 691//691 692//692 693//693
f 694//694 695//695 696//696
f 697//697 698//698 699//699
f 700//700 701//701 702//702
f 703//703 704//704 705//705
f 706//706 707//707 708//708
f 709//709 710//710 711//711
f 712//712 713//713 714//714
f 715//715 716//716 717//717
f 718//718 719//719 720//720
f 721//721 722//722 723//723
f 724//724 725//725 726//726
f 727//727 728//728 729//729
f 730//730 731//731 732//732
f 733//733 734//734 735//735
f 736//736 737//737 738//738
f 739//739 740//740 741//741
f 742//742 743//743 744//744
f 745//745 746//746 747//747
f 748//748 749//749 750//750
f 751//751 752//752 753//753
f 754//754 755//755 756//756
f 757//757 758//758 759//759
f 760//760 761//761 762//762
f 763//763 764//764 765//765
f 766//766 767//767 768//768
f 769//769 770//770 771//771
f 772//772 773//773 774//774
f 775//775 776//776 777//777
f 778//778 779//779 780//780
f 781//781 782//782 783//783
f 784//784 785//785 786//786
f 787//787 788//788 789//789
f 790//790 791//791 792//792
f 793//793 794//794 795//795
f 796//796 797//797 798//798
f 799//799 800//800 801//801
f 802//802 803//803 804//804
f 805//805 806//806 807//807
f 808//808 809//809 810//810
f 811//811 812//812 813//813
f 814//814 815//815 816//816
f 817//817 818//818 819//819
f 820//820 821//821 822//822
f 823//823 824//824 825//825
f 826//826 827//827 828//828
f 829//829 830//830 831//831
f 832//832 833//833 834//834
f 835//835 836//836 837//837
f 838//838 839//839 840//840
f 841//841 842//842 843//843
f 844//844 845//845 846//846
f 847//847 848//848 849//849
f 850//850 851//851 852//852
f 853//853 854//854 855//855
f 856//856 857//857 858//858
f 859//859 860//860 861//861
f 862//862 863//863 864//864
f 865//865 866//866 867//867
f 868//868 869//869 870//870
f 871//871 872//872 873//873
f 874//874 875//875 876//876
f 877//877 878//878 879//879
f 880//880 881//881 882//882
f 883//883 884//884 885//885
f 886//886 887//887 888//888
f 889//889 890//890 891//891
f 892//892 893//893 894//894
f 895//895 896//896 897//897
f 898//898 899//899 900//900
f 901//901 902//902 903//903
f 904//904 905//905 906//906
f 907//907 908//908 909//909
f 910//910 911//911 912//912
f 913//913 914//914 915//915
f 916//916 917//917 918//918
f 919//919 920//920 921//921
f 922//922 923//923 924//924
f 925//925 926//926 927//927
f 928//928 929//929 930//930
f 931//931 932//932 933//933
f 934//934 935//935 936//936
f 937//937 938//938 939//939
f 940//940 941//941 942//942
f 943//943 944//944 945//945
f 946//946 947//947 948//948
f 949//949 950//950 951//951
f 952//952 953//953 954//954
f 955//955 956//956 957//957
f 958//958 959//959 960//960
f 961//961 962//962 963//963
f 964//964 965//965 966//966
f 967//967 968//968 969//969
f 970//970 971//971 972//972
f 973//973 974//974 975//975
f 976//976 977//977 978//978
f 979//979 980//980 981//981
f 982//982 983//983 984//984
f 985//985 986//986 987//987
f 988//988 989//989 990//990
f 991//991 992//992 993//993
f 994//994 995//995 996//996
f 997//997 998//998 999//999
f 1000//1000 1001//1001 1002//1002
f 1003//1003 1004//1004 1005//1005
f 1006//1006 1007//1007 1008//1008
f 1009//1009 1010//1010 1011//1011
f 1012//1012 1013//1013 1014//1014
f 1015//1015 1016//1016 1017//1017
f 1018//1018 1019//1019 1020//1020
f 1021//1021 1022//1022 1023//1023
f 1024//1024 1025//1025 1026//1026
f 1027//1027 1028//1028 1029//1029
f 1030//1030 1031//1031 1032//1032
f 1033//1033 1034//1034 1035//1035
f 1036//1036 1037//1037 1038//1038
f 1039//1039 1040//1040 1041//1041
f 1042//1042 1043//1043 1044//1044
f 1045//1045 1046//1046 1047//1047
f 1048//1048 1049//1049 1050//1050
f 1051//1051 1052//1052 1053//1053
f 1054//1054 1055//1055 1056//1056
f 1057//1057 1058//1058 1059//1059
f 1060//1060 1061//1061 1062//1062
f 1063//1063 1064//1064 1065//1065
f 1066//1066 1067//1067 1068//1068
f 1069//1069 1070//1070 1071//1071
f 1072//1072 1073//1073 1074//1074
f 1075//1075 1076//1076 1077//1077
f 1078//1078 1079//1079 1080//1080
f 1081//1081 1082//1082 1083//1083
f 1084//1084 1085//1085 1086//1086
f 1087//1087 1088//1088 1089//1089
f 1090//1090 1091//1091 1092//1092
f 1093//1093 1094//1094 1095//1095
f 1096//1096 1097//1097 1098//1098
f 1099//1099 1100//1100 1101//1101
f 1102//1102 1103//1103 1104//1104
f 1105//1105 1106//1106 1107//1107
f 1108//1108 1109//1109 1110//1110
f 1111//1111 1112//1112 1113//1113
f 1114//1114 1115//1115 1116//1116
f 1117//1117 1118//1118 1119//1119
f 1120//1120 1121//1121 1122//1122
f 1123//1123 1124//1124 1125//1125
f 1126//1126 1127//1127 1128//1128
f 1129//1129 1130//1130 1131//1131
f 1132//1132 1133//1133 1134//1134
f 1135//1135 1136//1136 1137//1137
f 1138//1138 1139//1139 1140//1140
f 1141//1141 1142//1142 1143//1143
f 1144//1144 1145//1145 1146//1146
f 1147//1147 1148//1148 1149//1149
f 1150//1150 1151//1151 1152//1152
f 1153//1153 1154//1154 1155//1155
f 1156//1156 1157//1157 1158//1158
f 1159//1159 1160//1160 1161//1161
f 1162//1162 1163//1163 1164//1164
f 1165//1165 1166//1166 1167//1167
f 1168//1168 1169//1169 1170//1170
f 1171//1171 1172//1172 1173//1173
f 1174//1174 1175//1175 1176//1176
f 1177//1177 1178//1178 1179//1179
f 1180//1180 1181//1181 1182//1182
f 1183//1183 1184//1184 1185//1185
f 1186//1186 1187//1187 1188//1188
f 1189//1189 1190//1190 1191//1191
f 1192//1192 1193//1193 1194//1194
f 1195//1195 1196//1196 1197//1197
f 1198//1198 1199//1199 1200//1200
f 1201//1201 1202//1202 1203//1203
f 1204//1204 1205//1205 1206//1206
f 1207//1207 1208//1208 1209//1209
f 1210//1210 1211//1211 1212//1212
f 1213//1213 1214//1214 1215//1215
f 1216//1216 1217//1217 1218//1218
f 1219//1219 1220//1220 1221//1221
f 1222//1222 1223//1223 1224//1224
f 1225//1225 1226//1226 1227//1227
f 1228//1228 1229//1229 1230//1230
f 1231//1231 1232//1232 1233//1233
f 1234//1234 1235//1235 1236//1236
f 1237//1237 1238//1238 1239//1239
f 1240//1240 1241//1241 1242//1242
f 1243//1243 1244//1244 1245//1245
f 1246//1246 1247//1247 1248//1248
f 1249//1249 1250//1250 1251//1251
f 1252//1252 1253//1253 1254//1254
f 1255//1255 1256//1256 1257//1257
f 1258//1258 1259//1259 1260//1260
f 1261//1261 1262//1262 1263//1263
f 1264//1264 1265//1265 1266//1266
f 1267//1267 1268//1268 1269//1269
f 1270//1270 1271//1271 1272//1272
f 1273//1273 1274//1274 1275//1275
f 1276//1276 1277//1277 1278//1278
f 1279//1279 1280//1280 1281//1281
f 1282//1282 1283//1283 1284//1284
f 1285//1285 1286//1286 1287//1287
f 1288//1288 1289//1289 1290//1290
f 1291//1291 1292//1292 1293//1293
f 1294//1294 1295//1295 1296//1296
f 1297//1297 1298//1298 1299//1299
f 1300//1300 1301//1301 1302//1302
f 1303//1303 1304//1304 1305//1305
f 1306//1306 1307//1307 1308//1308
f 1309//1309 1310//1310 1311//1311
f 1312//1312 1313//1313 1314//1314
f 1315//1315 1316//1316 1317//1317
f 1318//1318 1319//1319 1320//1320
f 1321//1321 1322//1322 1323//1323
f 1324//1324 1325//1325 1326//1326
f 1327//1327 1328//1328 1329//1329
f 1330//1330 1331//1331 1332//1332
f 1333//1333 1334//1334 1335//1335
f 1336//1336 1337//1337 1338//1338
f 1339//1339 1340//1340 1341//1341
f 1342//1342 1343//1343 1344//1344
f 1345//1345 1346//1346 1347//1347
f 1348//1348 1349//1349 1350//1350
f 1351//1351 1352//1352 1353//1353
f 1354//1354 1355//1355 1356//1356
f 1357//1357 1358//1358 1359//1359
f 1360//1360 1361//1361 1362//1362
f 1363//1363 1364//1364 1365//1365
f 1366//1366 1367//1367 1368//1368
f 1369//1369 1370//1370 1371//1371
f 1372//1372 1373//1373 1374//1374
f 1375//1375 1376//1376 1377//1377
f 1378//1378 1379//1379 1380//1380
f 1381//1381 1382//1382 1383//1383
f 1384//1384 1385//1385 1386//1386
f 1387//1387 1388//1388 1389//1389
f 1390//1390 1391//1391 1392//1392
f 1393//1393 1394//1394 1395//1395
f 1396//1396 1397//1397 1398//1398
f 1399//1399 1400//1400 1401//1401
f 1402//1402 1403//1403 1404//1404
f 1405//1405 1406//1406 1407//1407
f 1408//1408 1409//1409 1410//1410
f 1411//1411 1412//1412 1413//1413
f 1414//1414 1415//1415 1416//1416
f 1417//1417 1418//1418 1419//1419
f 1420//1420 1421//1421 1422//1422
f 1423//1423 1424//1424 1425//1425
f 1426//1426 1427//1427 1428//1428
f 1429//1429 1430//1430 1431//1431
f 1432//1432 1433//1433 1434//1434
f 1435//1435 1436//1436 1437//1437
f 1438//1438 1439//1439 1440//1440
f 1441//1441 1442//1442 1443//1443
f 1444//1444 1445//1445 1446//1446
f 1447//1447 1448//1448 1449//1449
f 1450//1450 1451//1451 1452//1452
f 1453//1453 1454//1454 1455//1455
f 1456//1456 1457//1457 1458//1458
f 1459//1459 1460//1460 1461//1461
f 1462//1462 1463//1463 1464//1464
f 1465//1465 1466//1466 1467//1467
f 1468//1468 1469//1469 1470//1470
f 1471//1471 1472//1472 1473//1473
