o node7
usemtl Part__Mirroring007_004_001
v -0.034896619617938995 -0.03720179572701454 0.09039010107517242
v -0.03516484797000885 -0.03690626472234726 0.09052874147891998
v -0.03546107932925224 -0.03662731125950813 0.09060968458652496
v -0.031774409115314484 -0.03121303766965866 0.09069915115833282
v -0.031201152130961418 -0.03175502270460129 0.09071876108646393
v -0.03204769268631935 -0.030915383249521255 0.09065981209278107
v -0.03363128751516342 -0.0393018014729023 0.08627380430698395
v -0.03363322094082832 -0.039299607276916504 0.08537252247333527
v -0.033201344311237335 -0.03896179795265198 0.08572186529636383
v -0.033201344311237335 -0.03896179795265198 0.08572186529636383
v -0.03363322094082832 -0.039299607276916504 0.08537252247333527
v -0.03321724012494087 -0.03894330561161041 0.08534856140613556
v -0.03363322094082832 -0.039299607276916504 0.08537252247333527
v -0.0336926132440567 -0.039244361221790314 0.0849006325006485
v -0.03321724012494087 -0.03894330561161041 0.08534856140613556
v -0.0336926132440567 -0.039244361221790314 0.0849006325006485
v -0.03327944874763489 -0.03888935595750809 0.08486051112413406
v -0.03321724012494087 -0.03894330561161041 0.08534856140613556
v -0.0336926132440567 -0.039244361221790314 0.0849006325006485
v -0.0337710939347744 -0.039165884256362915 0.08450837433338165
v -0.03327944874763489 -0.03888935595750809 0.08486051112413406
v -0.03643588349223137 -0.03650251775979996 0.08982737362384796
v -0.036091409623622894 -0.03684563562273979 0.08979721367359161
v -0.036062322556972504 -0.03606231510639191 0.08985824137926102
v -0.0337710939347744 -0.039165884256362915 0.08450837433338165
v -0.03335307911038399 -0.03881799802184105 0.08452190458774567
v -0.03327944874763489 -0.03888935595750809 0.08486051112413406
v -0.036091409623622894 -0.03684563562273979 0.08979721367359161
v -0.03519203141331673 -0.036932606250047684 0.08968092501163483
v -0.036062322556972504 -0.03606231510639191 0.08985824137926102
v -0.0337710939347744 -0.039165884256362915 0.08450837433338165
v -0.03386785835027695 -0.03906186297535896 0.08412624150514603
v -0.03335307911038399 -0.03881799802184105 0.08452190458774567
v -0.03386785835027695 -0.03906186297535896 0.08412624150514603
v -0.03344828635454178 -0.0387224517762661 0.08417262136936188
v -0.03335307911038399 -0.03881799802184105 0.08452190458774567
v -0.036091409623622894 -0.03684563562273979 0.08979721367359161
v -0.03564915433526039 -0.037287820130586624 0.08965624123811722
v -0.03519203141331673 -0.036932606250047684 0.08968092501163483
v -0.03386785835027695 -0.03906186297535896 0.08412624150514603
v -0.033573925495147705 -0.03860945627093315 0.0838409811258316
v -0.03344828635454178 -0.0387224517762661 0.08417262136936188
v -0.03386785835027695 -0.03906186297535896 0.08412624150514603
v -0.03406468778848648 -0.038884930312633514 0.08366979658603668
v -0.033573925495147705 -0.03860945627093315 0.0838409811258316
v -0.03564915433526039 -0.037287820130586624 0.08965624123811722
v -0.03538822382688522 -0.037546306848526 0.08952778577804565
v -0.03519203141331673 -0.036932606250047684 0.08968092501163483
v -0.03406468778848648 -0.038884930312633514 0.08366979658603668
v -0.03365607187151909 -0.03850210830569267 0.08358760178089142
v -0.033573925495147705 -0.03860945627093315 0.0838409811258316
v -0.03406468778848648 -0.038884930312633514 0.08366979658603668
v -0.034302644431591034 -0.03864207863807678 0.0831950455904007
v -0.03365607187151909 -0.03850210830569267 0.08358760178089142
v -0.034302644431591034 -0.03864207863807678 0.0831950455904007
v -0.03381231054663658 -0.03834781050682068 0.08328010141849518
v -0.03365607187151909 -0.03850210830569267 0.08358760178089142
v -0.034302644431591034 -0.03864207863807678 0.0831950455904007
v -0.03454617038369179 -0.03839004039764404 0.08282293379306793
v -0.03381231054663658 -0.03834781050682068 0.08328010141849518
v -0.03454617038369179 -0.03839004039764404 0.08282293379306793
v -0.034126512706279755 -0.03803781792521477 0.0828065425157547
v -0.03381231054663658 -0.03834781050682068 0.08328010141849518
v -0.03538822382688522 -0.037546306848526 0.08952778577804565
v -0.03513820841908455 -0.037798766046762466 0.0893605425953865
v -0.03519203141331673 -0.036932606250047684 0.08968092501163483
v -0.03454617038369179 -0.03839004039764404 0.08282293379306793
v -0.03460201621055603 -0.037558529525995255 0.08229733258485794
v -0.034126512706279755 -0.03803781792521477 0.0828065425157547
v -0.03454617038369179 -0.03839004039764404 0.08282293379306793
v -0.03487226366996765 -0.03806673362851143 0.0824660211801529
v -0.03460201621055603 -0.037558529525995255 0.08229733258485794
v -0.03487226366996765 -0.03806673362851143 0.0824660211801529
v -0.03518262878060341 -0.0377470888197422 0.08219373971223831
v -0.03460201621055603 -0.037558529525995255 0.08229733258485794
v -0.03513820841908455 -0.037798766046762466 0.0893605425953865
v -0.03477296605706215 -0.038168054074048996 0.08903421461582184
v -0.03459801524877548 -0.03752662241458893 0.08928044140338898
v -0.03459801524877548 -0.03752662241458893 0.08928044140338898
v -0.03477296605706215 -0.038168054074048996 0.08903421461582184
v -0.03164377063512802 -0.03457018733024597 0.0892924815416336
v -0.03518262878060341 -0.0377470888197422 0.08219373971223831
v -0.034843046218156815 -0.037317905575037 0.08211810141801834
v -0.03460201621055603 -0.037558529525995255 0.08229733258485794
v -0.03164377063512802 -0.03457018733024597 0.0892924815416336
v -0.03477296605706215 -0.038168054074048996 0.08903421461582184
v -0.03000236116349697 -0.032930128276348114 0.08929337561130524
v -0.03477296605706215 -0.038168054074048996 0.08903421461582184
v -0.031295765191316605 -0.03492477163672447 0.08893747627735138
v -0.03000236116349697 -0.032930128276348114 0.08929337561130524
v -0.03000236116349697 -0.032930128276348114 0.08929337561130524
v -0.031295765191316605 -0.03492477163672447 0.08893747627735138
v -0.029654396697878838 -0.03327809274196625 0.08893634378910065
v -0.03477296605706215 -0.038168054074048996 0.08903421461582184
v -0.034251775592565536 -0.037910621613264084 0.08894367516040802
v -0.031295765191316605 -0.03492477163672447 0.08893747627735138
v -0.03477296605706215 -0.038168054074048996 0.08903421461582184
v -0.03403817117214203 -0.03812514618039131 0.08866782486438751
v -0.034251775592565536 -0.037910621613264084 0.08894367516040802
v -0.03477296605706215 -0.038168054074048996 0.08903421461582184
v -0.034314315766096115 -0.03862491995096207 0.0884331613779068
v -0.03403817117214203 -0.03812514618039131 0.08866782486438751
v -0.03518262878060341 -0.0377470888197422 0.08219373971223831
v -0.03504708781838417 -0.0371180921792984 0.08199812471866608
v -0.034843046218156815 -0.037317905575037 0.08211810141801834
v -0.034314315766096115 -0.03862491995096207 0.0884331613779068
v -0.033871524035930634 -0.03829070180654526 0.08841527253389359
v -0.03403817117214203 -0.03812514618039131 0.08866782486438751
v -0.0323316864669323 -0.033887237310409546 0.0819023922085762
v -0.03129580616950989 -0.03163668140769005 0.08173568546772003
v -0.030688468366861343 -0.03224401921033859 0.0819021612405777
v -0.03518262878060341 -0.0377470888197422 0.08219373971223831
v -0.03562441095709801 -0.03731702268123627 0.08195710927248001
v -0.03504708781838417 -0.0371180921792984 0.08199812471866608
v -0.034314315766096115 -0.03862491995096207 0.0884331613779068
v -0.03401941806077957 -0.03891788423061371 0.08786101639270782
v -0.033871524035930634 -0.03829070180654526 0.08841527253389359
v -0.033871524035930634 -0.03829070180654526 0.08841527253389359
v -0.03401941806077957 -0.03891788423061371 0.08786101639270782
v -0.03359158709645271 -0.03858151286840439 0.08784295618534088
v -0.0323316864669323 -0.033887237310409546 0.0819023922085762
v -0.03590879589319229 -0.0370238795876503 0.08184856921434402
v -0.03129580616950989 -0.03163668140769005 0.08173568546772003
v -0.03562441095709801 -0.03731702268123627 0.08195710927248001
v -0.03590879589319229 -0.0370238795876503 0.08184856921434402
v -0.035304516553878784 -0.03686006739735603 0.08188106119632721
v -0.035304516553878784 -0.03686006739735603 0.08188106119632721
v -0.03590879589319229 -0.0370238795876503 0.08184856921434402
v -0.0323316864669323 -0.033887237310409546 0.0819023922085762
v -0.03590879589319229 -0.0370238795876503 0.08184856921434402
v -0.03620082139968872 -0.03673960268497467 0.08179302513599396
v -0.03129580616950989 -0.03163668140769005 0.08173568546772003
v -0.03401941806077957 -0.03891788423061371 0.08786101639270782
v -0.03378196805715561 -0.039155010133981705 0.08714266121387482
v -0.03359158709645271 -0.03858151286840439 0.08784295618534088
v -0.03359158709645271 -0.03858151286840439 0.08784295618534088
v -0.03378196805715561 -0.039155010133981705 0.08714266121387482
v -0.03342485800385475 -0.03875288367271423 0.08733244240283966
v -0.03620082139968872 -0.03673960268497467 0.08179302513599396
v -0.036502107977867126 -0.0364362932741642 0.08177252113819122
v -0.03129580616950989 -0.03163668140769005 0.08173568546772003
v -0.03459801524877548 -0.03752662241458893 0.08928044140338898
v -0.03519203141331673 -0.036932606250047684 0.08968092501163483
v -0.03513820841908455 -0.037798766046762466 0.0893605425953865
v -0.035304516553878784 -0.03686006739735603 0.08188106119632721
v -0.03504708781838417 -0.0371180921792984 0.08199812471866608
v -0.03562441095709801 -0.03731702268123627 0.08195710927248001
v -0.03342485800385475 -0.03875288367271423 0.08733244240283966
v -0.03378196805715561 -0.039155010133981705 0.08714266121387482
v -0.03330102190375328 -0.0388774648308754 0.08680643141269684
v -0.03378196805715561 -0.039155010133981705 0.08714266121387482
v -0.03363128751516342 -0.0393018014729023 0.08627380430698395
v -0.03330102190375328 -0.0388774648308754 0.08680643141269684
v -0.03330102190375328 -0.0388774648308754 0.08680643141269684
v -0.03363128751516342 -0.0393018014729023 0.08627380430698395
v -0.03322912007570267 -0.038947347551584244 0.08627916127443314
v -0.03322912007570267 -0.038947347551584244 0.08627916127443314
v -0.03363128751516342 -0.0393018014729023 0.08627380430698395
v -0.033201344311237335 -0.03896179795265198 0.08572186529636383
v -0.034694232046604156 -0.03272824361920357 0.09049071371555328
v -0.03457019478082657 -0.031643763184547424 0.0892924815416336
v -0.0351429283618927 -0.03228789567947388 0.09025587141513824
v -0.034694232046604156 -0.03272824361920357 0.09049071371555328
v -0.03363293036818504 -0.0325876921415329 0.08981282263994217
v -0.03457019478082657 -0.031643763184547424 0.0892924815416336
v -0.034014780074357986 -0.03341333940625191 0.09067167341709137
v -0.03363293036818504 -0.0325876921415329 0.08981282263994217
v -0.03432276099920273 -0.03311556950211525 0.09061749279499054
v -0.03432276099920273 -0.03311556950211525 0.09061749279499054
v -0.03363293036818504 -0.0325876921415329 0.08981282263994217
v -0.034694232046604156 -0.03272824361920357 0.09049071371555328
v -0.03356342390179634 -0.03385583683848381 0.09068860113620758
v -0.03363293036818504 -0.0325876921415329 0.08981282263994217
v -0.034014780074357986 -0.03341333940625191 0.09067167341709137
v -0.027480462566018105 -0.03545202687382698 0.08705086261034012
v -0.02742086537182331 -0.035511620342731476 0.08491827547550201
v -0.02640015445649624 -0.0344109982252121 0.08691830188035965
v -0.026376930996775627 -0.03443422168493271 0.08477611094713211
v -0.027862733229994774 -0.03506975620985031 0.08310975134372711
v -0.027022620663046837 -0.0337885320186615 0.08254982531070709
v -0.02742086537182331 -0.035511620342731476 0.08491827547550201
v -0.027862733229994774 -0.03506975620985031 0.08310975134372711
v -0.026376930996775627 -0.03443422168493271 0.08477611094713211
v -0.029900183901190758 -0.030910968780517578 0.0915338546037674
v -0.02971622534096241 -0.033216264098882675 0.09101660549640656
v -0.02875768020749092 -0.032053474336862564 0.09102804213762283
v -0.0312967412173748 -0.031635746359825134 0.0915953665971756
v -0.02971622534096241 -0.033216264098882675 0.09101660549640656
v -0.029900183901190758 -0.030910968780517578 0.0915338546037674
v -0.027862733229994774 -0.03506975620985031 0.08310975134372711
v -0.028772683814167976 -0.03415980562567711 0.08141763508319855
v -0.027022620663046837 -0.0337885320186615 0.08254982531070709
v -0.02875768020749092 -0.032053474336862564 0.09102804213762283
v -0.02971622534096241 -0.033216264098882675 0.09101660549640656
v -0.0281270369887352 -0.032684117555618286 0.09053344279527664
v -0.02971622534096241 -0.033216264098882675 0.09101660549640656
v -0.02873770147562027 -0.034194786101579666 0.09007960557937622
v -0.0281270369887352 -0.032684117555618286 0.09053344279527664
v -0.027022620663046837 -0.0337885320186615 0.08254982531070709
v -0.028772683814167976 -0.03415980562567711 0.08141763508319855
v -0.028349319472908974 -0.03246183320879936 0.08077408373355865
v -0.0281270369887352 -0.032684117555618286 0.09053344279527664
v -0.02873770147562027 -0.034194786101579666 0.09007960557937622
v -0.027259359136223793 -0.03355179354548454 0.08947956562042236
v -0.02873770147562027 -0.034194786101579666 0.09007960557937622
v -0.02798369526863098 -0.034948792308568954 0.08881331235170364
v -0.027259359136223793 -0.03355179354548454 0.08947956562042236
v -0.028772683814167976 -0.03415980562567711 0.08141763508319855
v -0.030103301629424095 -0.03282918781042099 0.08036918193101883
v -0.028349319472908974 -0.03246183320879936 0.08077408373355865
v -0.027259359136223793 -0.03355179354548454 0.08947956562042236
v -0.02798369526863098 -0.034948792308568954 0.08881331235170364
v -0.02680855616927147 -0.03400259464979172 0.08842940628528595
v -0.028349319472908974 -0.03246183320879936 0.08077408373355865
v -0.030103301629424095 -0.03282918781042099 0.08036918193101883
v -0.02970084920525551 -0.031110303476452827 0.08018267899751663
v -0.02680855616927147 -0.03400259464979172 0.08842940628528595
v -0.027480462566018105 -0.03545202687382698 0.08705086261034012
v -0.02640015445649624 -0.0344109982252121 0.08691830188035965
v -0.02798369526863098 -0.034948792308568954 0.08881331235170364
v -0.027480462566018105 -0.03545202687382698 0.08705086261034012
v -0.02680855616927147 -0.03400259464979172 0.08842940628528595
v -0.030103301629424095 -0.03282918781042099 0.08036918193101883
v -0.031129542738199234 -0.0318029448390007 0.08005382120609283
v -0.02970084920525551 -0.031110303476452827 0.08018267899751663
v -0.02970084920525551 -0.031110303476452827 0.08018267899751663
v -0.031129542738199234 -0.0318029448390007 0.08005382120609283
v -0.03074331022799015 -0.030067842453718185 0.0800359919667244
v -0.02640015445649624 -0.0344109982252121 0.08691830188035965
v -0.02742086537182331 -0.035511620342731476 0.08491827547550201
v -0.026376930996775627 -0.03443422168493271 0.08477611094713211
v -0.02641911990940571 -0.03439203277230263 0.08643557131290436
v -0.02586703561246395 -0.03352966532111168 0.08748234063386917
v -0.02680855616927147 -0.03400259464979172 0.08842940628528595
v -0.030360976234078407 -0.029035722836852074 0.08018428832292557
v -0.028829116374254227 -0.030567582696676254 0.0802612453699112
v -0.02970084920525551 -0.031110303476452827 0.08018267899751663
v -0.02680855616927147 -0.03400259464979172 0.08842940628528595
v -0.02586703561246395 -0.03352966532111168 0.08748234063386917
v -0.027113530784845352 -0.03369762375950813 0.08904226124286652
v -0.02586703561246395 -0.03352966532111168 0.08748234063386917
v -0.026555461809039116 -0.032841239124536514 0.089349165558815
v -0.027113530784845352 -0.03369762375950813 0.08904226124286652
v -0.02970084920525551 -0.031110303476452827 0.08018267899751663
v -0.028829116374254227 -0.030567582696676254 0.0802612453699112
v -0.028392603620886803 -0.03241854906082153 0.0808921530842781
v -0.028829116374254227 -0.030567582696676254 0.0802612453699112
v -0.027604538947343826 -0.031792160123586655 0.0809604600071907
v -0.028392603620886803 -0.03241854906082153 0.0808921530842781
v -0.027113530784845352 -0.03369762375950813 0.08904226124286652
v -0.026555461809039116 -0.032841239124536514 0.089349165558815
v -0.0281270369887352 -0.032684117555618286 0.09053344279527664
v -0.0281270369887352 -0.032684117555618286 0.09053344279527664
v -0.027543341740965843 -0.03185335919260979 0.09057213366031647
v -0.02875768020749092 -0.032053474336862564 0.09102804213762283
v -0.026555461809039116 -0.032841239124536514 0.089349165558815
v -0.027543341740965843 -0.03185335919260979 0.09057213366031647
v -0.0281270369887352 -0.032684117555618286 0.09053344279527664
v -0.028392603620886803 -0.03241854906082153 0.0808921530842781
v -0.027604538947343826 -0.031792160123586655 0.0809604600071907
v -0.027022620663046837 -0.0337885320186615 0.08254982531070709
v -0.027604538947343826 -0.031792160123586655 0.0809604600071907
v -0.026385104283690453 -0.03301159664988518 0.08254440128803253
v -0.027022620663046837 -0.0337885320186615 0.08254982531070709
v -0.027022620663046837 -0.0337885320186615 0.08254982531070709
v -0.026385104283690453 -0.03301159664988518 0.08254440128803253
v -0.026983592659235 -0.033827561885118484 0.08283860236406326
v -0.02875768020749092 -0.032053474336862564 0.09102804213762283
v -0.02859886735677719 -0.03079783171415329 0.0912562757730484
v -0.029742952436208725 -0.03106820024549961 0.09141547232866287
v -0.027543341740965843 -0.03185335919260979 0.09057213366031647
v -0.02859886735677719 -0.03079783171415329 0.0912562757730484
v -0.02875768020749092 -0.032053474336862564 0.09102804213762283
v -0.026983592659235 -0.033827561885118484 0.08283860236406326
v -0.026385104283690453 -0.03301159664988518 0.08254440128803253
v -0.026489125564694405 -0.03432202711701393 0.08457066118717194
v -0.02859886735677719 -0.03079783171415329 0.0912562757730484
v -0.02969835139811039 -0.02969834767282009 0.09145940095186234
v -0.029742952436208725 -0.03106820024549961 0.09141547232866287
v -0.026385104283690453 -0.03301159664988518 0.08254440128803253
v -0.025688838213682175 -0.033707860857248306 0.08516694605350494
v -0.026489125564694405 -0.03432202711701393 0.08457066118717194
v -0.026489125564694405 -0.03432202711701393 0.08457066118717194
v -0.025688838213682175 -0.033707860857248306 0.08516694605350494
v -0.02641911990940571 -0.03439203277230263 0.08643557131290436
v -0.025688838213682175 -0.033707860857248306 0.08516694605350494
v -0.02586703561246395 -0.03352966532111168 0.08748234063386917
v -0.02641911990940571 -0.03439203277230263 0.08643557131290436
v -0.028942065313458443 -0.0239830631762743 0.08772648125886917
v -0.03217051550745964 -0.02722618170082569 0.08780170232057571
v -0.028456326574087143 -0.024503285065293312 0.0886777713894844
v -0.03217051550745964 -0.02722618170082569 0.08780170232057571
v -0.03140466660261154 -0.02799203246831894 0.08901847153902054
v -0.028456326574087143 -0.024503285065293312 0.0886777713894844
v -0.028456326574087143 -0.024503285065293312 0.0886777713894844
v -0.03140466660261154 -0.02799203246831894 0.08901847153902054
v -0.027795758098363876 -0.025163684040308 0.08935423195362091
v -0.03140466660261154 -0.02799203246831894 0.08901847153902054
v -0.030248578637838364 -0.029148120433092117 0.08976621180772781
v -0.027795758098363876 -0.025163684040308 0.08935423195362091
v -0.027795758098363876 -0.025163684040308 0.08935423195362091
v -0.030248578637838364 -0.029148120433092117 0.08976621180772781
v -0.02692211978137493 -0.026031337678432465 0.08976925164461136
v -0.02692211978137493 -0.026031337678432465 0.08976925164461136
v -0.026289578527212143 -0.02603243477642536 0.08935226500034332
v -0.026785295456647873 -0.02554295025765896 0.08924223482608795
v -0.028568986803293228 -0.023753957822918892 0.08683444559574127
v -0.028942065313458443 -0.0239830631762743 0.08772648125886917
v -0.028345569968223572 -0.023978056386113167 0.0875629335641861
v -0.028345569968223572 -0.023978056386113167 0.0875629335641861
v -0.028942065313458443 -0.0239830631762743 0.08772648125886917
v -0.028054118156433105 -0.024272531270980835 0.0881405621767044
v -0.028942065313458443 -0.0239830631762743 0.08772648125886917
v -0.028456326574087143 -0.024503285065293312 0.0886777713894844
v -0.028054118156433105 -0.024272531270980835 0.0881405621767044
v -0.028456326574087143 -0.024503285065293312 0.0886777713894844
v -0.027782445773482323 -0.02454320341348648 0.0885123759508133
v -0.028054118156433105 -0.024272531270980835 0.0881405621767044
v -0.028456326574087143 -0.024503285065293312 0.0886777713894844
v -0.027795758098363876 -0.025163684040308 0.08935423195362091
v -0.027782445773482323 -0.02454320341348648 0.0885123759508133
v -0.027782445773482323 -0.02454320341348648 0.0885123759508133
v -0.027795758098363876 -0.025163684040308 0.08935423195362091
v -0.027478814125061035 -0.024847835302352905 0.08882780373096466
v -0.027795758098363876 -0.025163684040308 0.08935423195362091
v -0.02714412845671177 -0.025181345641613007 0.08906771242618561
v -0.027478814125061035 -0.024847835302352905 0.08882780373096466
v -0.02714412845671177 -0.025181345641613007 0.08906771242618561
v -0.02692211978137493 -0.026031337678432465 0.08976925164461136
v -0.026785295456647873 -0.02554295025765896 0.08924223482608795
v -0.027795758098363876 -0.025163684040308 0.08935423195362091
v -0.02692211978137493 -0.026031337678432465 0.08976925164461136
v -0.02714412845671177 -0.025181345641613007 0.08906771242618561
v -0.03290977329015732 -0.030060220509767532 0.09029103070497513
v -0.033442892134189606 -0.031564150005578995 0.09051372110843658
v -0.03260960802435875 -0.0303554218262434 0.09046049416065216
v -0.033943090587854385 -0.031087636947631836 0.09024853259325027
v -0.033442892134189606 -0.031564150005578995 0.09051372110843658
v -0.03290977329015732 -0.030060220509767532 0.09029103070497513
v -0.03260960802435875 -0.0303554218262434 0.09046049416065216
v -0.033442892134189606 -0.031564150005578995 0.09051372110843658
v -0.03228844702243805 -0.030680455267429352 0.09059156477451324
v -0.03228844702243805 -0.030680455267429352 0.09059156477451324
v -0.033114731311798096 -0.031917933374643326 0.09061212092638016
v -0.03204769268631935 -0.030915383249521255 0.09065981209278107
v -0.033442892134189606 -0.031564150005578995 0.09051372110843658
v -0.033114731311798096 -0.031917933374643326 0.09061212092638016
v -0.03228844702243805 -0.030680455267429352 0.09059156477451324
v -0.03204769268631935 -0.030915383249521255 0.09065981209278107
v -0.03265625238418579 -0.03235568106174469 0.09069056063890457
v -0.031774409115314484 -0.03121303766965866 0.09069915115833282
v -0.033114731311798096 -0.031917933374643326 0.09061212092638016
v -0.03265625238418579 -0.03235568106174469 0.09069056063890457
v -0.03204769268631935 -0.030915383249521255 0.09065981209278107
v -0.031774409115314484 -0.03121303766965866 0.09069915115833282
v -0.03265625238418579 -0.03235568106174469 0.09069056063890457
v -0.031201152130961418 -0.03175502270460129 0.09071876108646393
v -0.0351429283618927 -0.03228789567947388 0.09025587141513824
v -0.03721608966588974 -0.03487145155668259 0.09038813412189484
v -0.034694232046604156 -0.03272824361920357 0.09049071371555328
v -0.037478748708963394 -0.03462245315313339 0.09023137390613556
v -0.03721608966588974 -0.03487145155668259 0.09038813412189484
v -0.0351429283618927 -0.03228789567947388 0.09025587141513824
v -0.03721608966588974 -0.03487145155668259 0.09038813412189484
v -0.0369844026863575 -0.03510245680809021 0.09049351513385773
v -0.034694232046604156 -0.03272824361920357 0.09049071371555328
v -0.034694232046604156 -0.03272824361920357 0.09049071371555328
v -0.03670148923993111 -0.03538748249411583 0.09058774262666702
v -0.03432276099920273 -0.03311556950211525 0.09061749279499054
v -0.0369844026863575 -0.03510245680809021 0.09049351513385773
v -0.03670148923993111 -0.03538748249411583 0.09058774262666702
v -0.034694232046604156 -0.03272824361920357 0.09049071371555328
v -0.03432276099920273 -0.03311556950211525 0.09061749279499054
v -0.03626907989382744 -0.03581880033016205 0.0906691625714302
v -0.034014780074357986 -0.03341333940625191 0.09067167341709137
v -0.03670148923993111 -0.03538748249411583 0.09058774262666702
v -0.03626907989382744 -0.03581880033016205 0.0906691625714302
v -0.03432276099920273 -0.03311556950211525 0.09061749279499054
v -0.034014780074357986 -0.03341333940625191 0.09067167341709137
v -0.03574699908494949 -0.036334387958049774 0.09067042171955109
v -0.03356342390179634 -0.03385583683848381 0.09068860113620758
v -0.03626907989382744 -0.03581880033016205 0.0906691625714302
v -0.03574699908494949 -0.036334387958049774 0.09067042171955109
v -0.034014780074357986 -0.03341333940625191 0.09067167341709137
v -0.03356342390179634 -0.03385583683848381 0.09068860113620758
v -0.03574699908494949 -0.036334387958049774 0.09067042171955109
v -0.033129557967185974 -0.034286342561244965 0.09061963111162186
v -0.033129557967185974 -0.034286342561244965 0.09061963111162186
v -0.03546107932925224 -0.03662731125950813 0.09060968458652496
v -0.03272884339094162 -0.034703079611063004 0.0904926061630249
v -0.03574699908494949 -0.036334387958049774 0.09067042171955109
v -0.03546107932925224 -0.03662731125950813 0.09060968458652496
v -0.033129557967185974 -0.034286342561244965 0.09061963111162186
v -0.03546107932925224 -0.03662731125950813 0.09060968458652496
v -0.03516484797000885 -0.03690626472234726 0.09052874147891998
v -0.03272884339094162 -0.034703079611063004 0.0904926061630249
v -0.03516484797000885 -0.03690626472234726 0.09052874147891998
v -0.034896619617938995 -0.03720179572701454 0.09039010107517242
v -0.03272884339094162 -0.034703079611063004 0.0904926061630249
v -0.03272884339094162 -0.034703079611063004 0.0904926061630249
v -0.03461823984980583 -0.037473682314157486 0.09023739397525787
v -0.03228515759110451 -0.03514060005545616 0.09025134146213531
v -0.034896619617938995 -0.03720179572701454 0.09039010107517242
v -0.03461823984980583 -0.037473682314157486 0.09023739397525787
v -0.03272884339094162 -0.034703079611063004 0.0904926061630249
v -0.03895856440067291 -0.033128976821899414 0.08840341120958328
v -0.038814086467027664 -0.033279694616794586 0.08870072662830353
v -0.038670863956213 -0.03341548517346382 0.08895635604858398
v -0.03787568584084511 -0.0342244990170002 0.08167000114917755
v -0.037594106048345566 -0.034470848739147186 0.08143854886293411
v -0.03737882152199745 -0.03471353277564049 0.08130288869142532
v -0.03933804854750633 -0.03274838626384735 0.08723737299442291
v -0.03924376890063286 -0.032842837274074554 0.08761347085237503
v -0.03681384027004242 -0.030605267733335495 0.08796049654483795
v -0.03924376890063286 -0.032842837274074554 0.08761347085237503
v -0.03911265358328819 -0.03297480195760727 0.0880214124917984
v -0.03681384027004242 -0.030605267733335495 0.08796049654483795
v -0.03681384027004242 -0.030605267733335495 0.08796049654483795
v -0.03911265358328819 -0.03297480195760727 0.0880214124917984
v -0.036504942923784256 -0.030929328873753548 0.08870269358158112
v -0.03682311251759529 -0.035267382860183716 0.08104736357927322
v -0.03710886463522911 -0.03498237952589989 0.08116073161363602
v -0.034489355981349945 -0.032933205366134644 0.08103752881288528
v -0.034489355981349945 -0.032933205366134644 0.08103752881288528
v -0.03710886463522911 -0.03498237952589989 0.08116073161363602
v -0.03491192311048508 -0.03251763805747032 0.08120717108249664
v -0.03911265358328819 -0.03297480195760727 0.0880214124917984
v -0.03895856440067291 -0.033128976821899414 0.08840341120958328
v -0.036504942923784256 -0.030929328873753548 0.08870269358158112
v -0.03895856440067291 -0.033128976821899414 0.08840341120958328
v -0.038670863956213 -0.03341548517346382 0.08895635604858398
v -0.036504942923784256 -0.030929328873753548 0.08870269358158112
v -0.036504942923784256 -0.030929328873753548 0.08870269358158112
v -0.038670863956213 -0.03341548517346382 0.08895635604858398
v -0.0361773781478405 -0.03123675100505352 0.08922018110752106
v -0.03710886463522911 -0.03498237952589989 0.08116073161363602
v -0.03737882152199745 -0.03471353277564049 0.08130288869142532
v -0.03491192311048508 -0.03251763805747032 0.08120717108249664
v -0.038670863956213 -0.03341548517346382 0.08895635604858398
v -0.03850848227739334 -0.03358631581068039 0.08921594172716141
v -0.0361773781478405 -0.03123675100505352 0.08922018110752106
v -0.03491192311048508 -0.03251763805747032 0.08120717108249664
v -0.037594106048345566 -0.034470848739147186 0.08143854886293411
v -0.035579614341259 -0.031845733523368835 0.08166970312595367
v -0.03737882152199745 -0.03471353277564049 0.08130288869142532
v -0.037594106048345566 -0.034470848739147186 0.08143854886293411
v -0.03491192311048508 -0.03251763805747032 0.08120717108249664
v -0.037594106048345566 -0.034470848739147186 0.08143854886293411
v -0.03787568584084511 -0.0342244990170002 0.08167000114917755
v -0.035579614341259 -0.031845733523368835 0.08166970312595367
v -0.03787568584084511 -0.0342244990170002 0.08167000114917755
v -0.03813523054122925 -0.03394894674420357 0.08192135393619537
v -0.035579614341259 -0.031845733523368835 0.08166970312595367
v -0.035579614341259 -0.031845733523368835 0.08166970312595367
v -0.03835780546069145 -0.033732689917087555 0.08218014985322952
v -0.03619512543082237 -0.03123224340379238 0.08238758146762848
v -0.03813523054122925 -0.03394894674420357 0.08192135393619537
v -0.03835780546069145 -0.033732689917087555 0.08218014985322952
v -0.035579614341259 -0.031845733523368835 0.08166970312595367
v -0.03835780546069145 -0.033732689917087555 0.08218014985322952
v -0.03857991471886635 -0.0335066094994545 0.08249105513095856
v -0.03619512543082237 -0.03123224340379238 0.08238758146762848
v -0.03619512543082237 -0.03123224340379238 0.08238758146762848
v -0.038779694586992264 -0.03330371528863907 0.0828305035829544
v -0.03666050732135773 -0.03076525218784809 0.08322013169527054
v -0.03857991471886635 -0.0335066094994545 0.08249105513095856
v -0.038779694586992264 -0.03330371528863907 0.0828305035829544
v -0.03619512543082237 -0.03123224340379238 0.08238758146762848
v -0.038779694586992264 -0.03330371528863907 0.0828305035829544
v -0.03893551230430603 -0.033152539283037186 0.083142951130867
v -0.03666050732135773 -0.03076525218784809 0.08322013169527054
v -0.03893551230430603 -0.033152539283037186 0.083142951130867
v -0.039091795682907104 -0.03299642726778984 0.0835195928812027
v -0.03666050732135773 -0.03076525218784809 0.08322013169527054
v -0.03666050732135773 -0.03076525218784809 0.08322013169527054
v -0.03921540826559067 -0.032872047275304794 0.08388759195804596
v -0.03702748194336891 -0.030393054708838463 0.08438058197498322
v -0.039091795682907104 -0.03299642726778984 0.0835195928812027
v -0.03921540826559067 -0.032872047275304794 0.08388759195804596
v -0.03666050732135773 -0.03076525218784809 0.08322013169527054
v -0.03921540826559067 -0.032872047275304794 0.08388759195804596
v -0.039326805621385574 -0.03276124596595764 0.08430983126163483
v -0.03702748194336891 -0.030393054708838463 0.08438058197498322
v -0.039326805621385574 -0.03276124596595764 0.08430983126163483
v -0.03940549120306969 -0.032682642340660095 0.08471633493900299
v -0.03702748194336891 -0.030393054708838463 0.08438058197498322
v -0.03940549120306969 -0.032682642340660095 0.08471633493900299
v -0.03945787623524666 -0.03262898698449135 0.08512116223573685
v -0.03702748194336891 -0.030393054708838463 0.08438058197498322
v -0.03702748194336891 -0.030393054708838463 0.08438058197498322
v -0.03945787623524666 -0.03262898698449135 0.08512116223573685
v -0.0371699333190918 -0.03026450425386429 0.08545394241809845
v -0.03945787623524666 -0.03262898698449135 0.08512116223573685
v -0.03948822617530823 -0.0325973778963089 0.08559812605381012
v -0.0371699333190918 -0.03026450425386429 0.08545394241809845
v -0.0371699333190918 -0.03026450425386429 0.08545394241809845
v -0.03948822617530823 -0.0325973778963089 0.08559812605381012
v -0.037153370678424835 -0.03027247078716755 0.08632941544055939
v -0.03948822617530823 -0.0325973778963089 0.08559812605381012
v -0.03948881849646568 -0.032597463577985764 0.08600135147571564
v -0.037153370678424835 -0.03027247078716755 0.08632941544055939
v -0.03948881849646568 -0.032597463577985764 0.08600135147571564
v -0.03946714848279953 -0.03261954337358475 0.08637376129627228
v -0.037153370678424835 -0.03027247078716755 0.08632941544055939
v -0.037153370678424835 -0.03027247078716755 0.08632941544055939
v -0.03946714848279953 -0.03261954337358475 0.08637376129627228
v -0.03703945130109787 -0.03038311004638672 0.08713848143815994
v -0.03946714848279953 -0.03261954337358475 0.08637376129627228
v -0.03941623866558075 -0.03267155587673187 0.08681221306324005
v -0.03703945130109787 -0.03038311004638672 0.08713848143815994
v -0.03941623866558075 -0.03267155587673187 0.08681221306324005
v -0.03933804854750633 -0.03274838626384735 0.08723737299442291
v -0.03703945130109787 -0.03038311004638672 0.08713848143815994
v -0.03703945130109787 -0.03038311004638672 0.08713848143815994
v -0.03933804854750633 -0.03274838626384735 0.08723737299442291
v -0.03681384027004242 -0.030605267733335495 0.08796049654483795
v -0.03790805861353874 -0.03421657904982567 0.08894200623035431
v -0.03493615239858627 -0.031292639672756195 0.08893938362598419
v -0.0361773781478405 -0.03123675100505352 0.08922018110752106
v -0.03850848227739334 -0.03358631581068039 0.08921594172716141
v -0.03790805861353874 -0.03421657904982567 0.08894200623035431
v -0.0361773781478405 -0.03123675100505352 0.08922018110752106
v -0.03945787623524666 -0.03262898698449135 0.08512116223573685
v -0.038841988891363144 -0.03328264504671097 0.08472901582717896
v -0.03948822617530823 -0.0325973778963089 0.08559812605381012
v -0.038841988891363144 -0.03328264504671097 0.08472901582717896
v -0.03891899064183235 -0.03320564329624176 0.0863267332315445
v -0.03948822617530823 -0.0325973778963089 0.08559812605381012
v -0.03948822617530823 -0.0325973778963089 0.08559812605381012
v -0.03891899064183235 -0.03320564329624176 0.0863267332315445
v -0.03948881849646568 -0.032597463577985764 0.08600135147571564
v -0.03948881849646568 -0.032597463577985764 0.08600135147571564
v -0.03891899064183235 -0.03320564329624176 0.0863267332315445
v -0.03946714848279953 -0.03261954337358475 0.08637376129627228
v -0.03946714848279953 -0.03261954337358475 0.08637376129627228
v -0.03891899064183235 -0.03320564329624176 0.0863267332315445
v -0.03941623866558075 -0.03267155587673187 0.08681221306324005
v -0.03941623866558075 -0.03267155587673187 0.08681221306324005
v -0.03891899064183235 -0.03320564329624176 0.0863267332315445
v -0.03933804854750633 -0.03274838626384735 0.08723737299442291
v -0.03891899064183235 -0.03320564329624176 0.0863267332315445
v -0.03924376890063286 -0.032842837274074554 0.08761347085237503
v -0.03933804854750633 -0.03274838626384735 0.08723737299442291
v -0.03891899064183235 -0.03320564329624176 0.0863267332315445
v -0.03861388936638832 -0.03351074457168579 0.08766628056764603
v -0.03924376890063286 -0.032842837274074554 0.08761347085237503
v -0.03861388936638832 -0.03351074457168579 0.08766628056764603
v -0.03911265358328819 -0.03297480195760727 0.0880214124917984
v -0.03924376890063286 -0.032842837274074554 0.08761347085237503
v -0.03835780546069145 -0.033732689917087555 0.08218014985322952
v -0.03833555430173874 -0.03378908336162567 0.08329690247774124
v -0.03857991471886635 -0.0335066094994545 0.08249105513095856
v -0.03861388936638832 -0.03351074457168579 0.08766628056764603
v -0.03895856440067291 -0.033128976821899414 0.08840341120958328
v -0.03911265358328819 -0.03297480195760727 0.0880214124917984
v -0.03857991471886635 -0.0335066094994545 0.08249105513095856
v -0.03833555430173874 -0.03378908336162567 0.08329690247774124
v -0.038779694586992264 -0.03330371528863907 0.0828305035829544
v -0.03861388936638832 -0.03351074457168579 0.08766628056764603
v -0.038814086467027664 -0.033279694616794586 0.08870072662830353
v -0.03895856440067291 -0.033128976821899414 0.08840341120958328
v -0.03813523054122925 -0.03394894674420357 0.08192135393619537
v -0.03747820109128952 -0.03464643284678459 0.08225156366825104
v -0.03835780546069145 -0.033732689917087555 0.08218014985322952
v -0.03835780546069145 -0.033732689917087555 0.08218014985322952
v -0.03747820109128952 -0.03464643284678459 0.08225156366825104
v -0.03833555430173874 -0.03378908336162567 0.08329690247774124
v -0.03861388936638832 -0.03351074457168579 0.08766628056764603
v -0.03790805861353874 -0.03421657904982567 0.08894200623035431
v -0.038814086467027664 -0.033279694616794586 0.08870072662830353
v -0.038779694586992264 -0.03330371528863907 0.0828305035829544
v -0.03833555430173874 -0.03378908336162567 0.08329690247774124
v -0.03893551230430603 -0.033152539283037186 0.083142951130867
v -0.03790805861353874 -0.03421657904982567 0.08894200623035431
v -0.038670863956213 -0.03341548517346382 0.08895635604858398
v -0.038814086467027664 -0.033279694616794586 0.08870072662830353
v -0.03787568584084511 -0.0342244990170002 0.08167000114917755
v -0.03747820109128952 -0.03464643284678459 0.08225156366825104
v -0.03813523054122925 -0.03394894674420357 0.08192135393619537
v -0.038670863956213 -0.03341548517346382 0.08895635604858398
v -0.03790805861353874 -0.03421657904982567 0.08894200623035431
v -0.03850848227739334 -0.03358631581068039 0.08921594172716141
v -0.03893551230430603 -0.033152539283037186 0.083142951130867
v -0.03833555430173874 -0.03378908336162567 0.08329690247774124
v -0.039091795682907104 -0.03299642726778984 0.0835195928812027
v -0.03737882152199745 -0.03471353277564049 0.08130288869142532
v -0.03747820109128952 -0.03464643284678459 0.08225156366825104
v -0.03787568584084511 -0.0342244990170002 0.08167000114917755
v -0.039091795682907104 -0.03299642726778984 0.0835195928812027
v -0.038841988891363144 -0.03328264504671097 0.08472901582717896
v -0.03921540826559067 -0.032872047275304794 0.08388759195804596
v -0.03921540826559067 -0.032872047275304794 0.08388759195804596
v -0.038841988891363144 -0.03328264504671097 0.08472901582717896
v -0.039326805621385574 -0.03276124596595764 0.08430983126163483
v -0.03833555430173874 -0.03378908336162567 0.08329690247774124
v -0.038841988891363144 -0.03328264504671097 0.08472901582717896
v -0.039091795682907104 -0.03299642726778984 0.0835195928812027
v -0.03710886463522911 -0.03498237952589989 0.08116073161363602
v -0.03747820109128952 -0.03464643284678459 0.08225156366825104
v -0.03737882152199745 -0.03471353277564049 0.08130288869142532
v -0.039326805621385574 -0.03276124596595764 0.08430983126163483
v -0.038841988891363144 -0.03328264504671097 0.08472901582717896
v -0.03940549120306969 -0.032682642340660095 0.08471633493900299
v -0.03682311251759529 -0.035267382860183716 0.08104736357927322
v -0.03684009984135628 -0.03528453782200813 0.0819021612405777
v -0.03710886463522911 -0.03498237952589989 0.08116073161363602
v -0.03710886463522911 -0.03498237952589989 0.08116073161363602
v -0.03684009984135628 -0.03528453782200813 0.0819021612405777
v -0.03747820109128952 -0.03464643284678459 0.08225156366825104
v -0.03940549120306969 -0.032682642340660095 0.08471633493900299
v -0.038841988891363144 -0.03328264504671097 0.08472901582717896
v -0.03945787623524666 -0.03262898698449135 0.08512116223573685
v -0.03390899673104286 -0.03232249990105629 0.08186805993318558
v -0.03684009984135628 -0.03528453782200813 0.0819021612405777
v -0.034489355981349945 -0.032933205366134644 0.08103752881288528
v -0.03684009984135628 -0.03528453782200813 0.0819021612405777
v -0.03682311251759529 -0.035267382860183716 0.08104736357927322
v -0.034489355981349945 -0.032933205366134644 0.08103752881288528
v -0.03681384027004242 -0.030605267733335495 0.08796049654483795
v -0.03564506396651268 -0.030566701665520668 0.08774568140506744
v -0.03703945130109787 -0.03038311004638672 0.08713848143815994
v -0.034489355981349945 -0.032933205366134644 0.08103752881288528
v -0.03491192311048508 -0.03251763805747032 0.08120717108249664
v -0.03390899673104286 -0.03232249990105629 0.08186805993318558
v -0.03619512543082237 -0.03123224340379238 0.08238758146762848
v -0.034892577677965164 -0.03132812678813934 0.08261603862047195
v -0.035579614341259 -0.031845733523368835 0.08166970312595367
v -0.034892577677965164 -0.03132812678813934 0.08261603862047195
v -0.03619512543082237 -0.03123224340379238 0.08238758146762848
v -0.035513777285814285 -0.030706165358424187 0.08357877284288406
v -0.035513777285814285 -0.030706165358424187 0.08357877284288406
v -0.03666050732135773 -0.03076525218784809 0.08322013169527054
v -0.03592205420136452 -0.030294518917798996 0.08491869270801544
v -0.03666050732135773 -0.03076525218784809 0.08322013169527054
v -0.03702748194336891 -0.030393054708838463 0.08438058197498322
v -0.03592205420136452 -0.030294518917798996 0.08491869270801544
v -0.0371699333190918 -0.03026450425386429 0.08545394241809845
v -0.03592205420136452 -0.030294518917798996 0.08491869270801544
v -0.03702748194336891 -0.030393054708838463 0.08438058197498322
v -0.037153370678424835 -0.03027247078716755 0.08632941544055939
v -0.035971663892269135 -0.030247103422880173 0.08613254129886627
v -0.0371699333190918 -0.03026450425386429 0.08545394241809845
v -0.0371699333190918 -0.03026450425386429 0.08545394241809845
v -0.035971663892269135 -0.030247103422880173 0.08613254129886627
v -0.03592205420136452 -0.030294518917798996 0.08491869270801544
v -0.035971663892269135 -0.030247103422880173 0.08613254129886627
v -0.03703945130109787 -0.03038311004638672 0.08713848143815994
v -0.03564506396651268 -0.030566701665520668 0.08774568140506744
v -0.037153370678424835 -0.03027247078716755 0.08632941544055939
v -0.03703945130109787 -0.03038311004638672 0.08713848143815994
v -0.035971663892269135 -0.030247103422880173 0.08613254129886627
v -0.036504942923784256 -0.030929328873753548 0.08870269358158112
v -0.03564506396651268 -0.030566701665520668 0.08774568140506744
v -0.03681384027004242 -0.030605267733335495 0.08796049654483795
v -0.03564506396651268 -0.030566701665520668 0.08774568140506744
v -0.0361773781478405 -0.03123675100505352 0.08922018110752106
v -0.03493615239858627 -0.031292639672756195 0.08893938362598419
v -0.036504942923784256 -0.030929328873753548 0.08870269358158112
v -0.0361773781478405 -0.03123675100505352 0.08922018110752106
v -0.03564506396651268 -0.030566701665520668 0.08774568140506744
v -0.035579614341259 -0.031845733523368835 0.08166970312595367
v -0.03390899673104286 -0.03232249990105629 0.08186805993318558
v -0.03491192311048508 -0.03251763805747032 0.08120717108249664
v -0.03390899673104286 -0.03232249990105629 0.08186805993318558
v -0.035579614341259 -0.031845733523368835 0.08166970312595367
v -0.034892577677965164 -0.03132812678813934 0.08261603862047195
v -0.03666050732135773 -0.03076525218784809 0.08322013169527054
v -0.035513777285814285 -0.030706165358424187 0.08357877284288406
v -0.03619512543082237 -0.03123224340379238 0.08238758146762848
v -0.035513777285814285 -0.030706165358424187 0.08357877284288406
v -0.03578398376703262 -0.029240595176815987 0.08420957624912262
v -0.035535186529159546 -0.02947581373155117 0.08343388140201569
v -0.03427924960851669 -0.030743800103664398 0.0815945416688919
v -0.03390899673104286 -0.03232249990105629 0.08186805993318558
v -0.034892577677965164 -0.03132812678813934 0.08261603862047195
v -0.033720050007104874 -0.03128968924283981 0.08121611177921295
v -0.03328534588217735 -0.03172978386282921 0.0810367614030838
v -0.03390899673104286 -0.03232249990105629 0.08186805993318558
v -0.035289980471134186 -0.029730383306741714 0.0887114554643631
v -0.03493615239858627 -0.031292639672756195 0.08893938362598419
v -0.03497909754514694 -0.03004378266632557 0.08921857178211212
v -0.035289980471134186 -0.029730383306741714 0.0887114554643631
v -0.03564506396651268 -0.030566701665520668 0.08774568140506744
v -0.03493615239858627 -0.031292639672756195 0.08893938362598419
v -0.03560730442404747 -0.029411036521196365 0.08797652274370193
v -0.03564506396651268 -0.030566701665520668 0.08774568140506744
v -0.035289980471134186 -0.029730383306741714 0.0887114554643631
v -0.03583459556102753 -0.02919275313615799 0.08716447651386261
v -0.03564506396651268 -0.030566701665520668 0.08774568140506744
v -0.03560730442404747 -0.029411036521196365 0.08797652274370193
v -0.03564506396651268 -0.030566701665520668 0.08774568140506744
v -0.03583459556102753 -0.02919275313615799 0.08716447651386261
v -0.035971663892269135 -0.030247103422880173 0.08613254129886627
v -0.035965800285339355 -0.029050759971141815 0.08592541515827179
v -0.035971663892269135 -0.030247103422880173 0.08613254129886627
v -0.03592584654688835 -0.029093584045767784 0.08654065430164337
v -0.0359259694814682 -0.029082411900162697 0.08506317436695099
v -0.03592205420136452 -0.030294518917798996 0.08491869270801544
v -0.035965800285339355 -0.029050759971141815 0.08592541515827179
v -0.035965800285339355 -0.029050759971141815 0.08592541515827179
v -0.03592205420136452 -0.030294518917798996 0.08491869270801544
v -0.035971663892269135 -0.030247103422880173 0.08613254129886627
v -0.03578398376703262 -0.029240595176815987 0.08420957624912262
v -0.03592205420136452 -0.030294518917798996 0.08491869270801544
v -0.0359259694814682 -0.029082411900162697 0.08506317436695099
v -0.03578398376703262 -0.029240595176815987 0.08420957624912262
v -0.035513777285814285 -0.030706165358424187 0.08357877284288406
v -0.03592205420136452 -0.030294518917798996 0.08491869270801544
v -0.035192616283893585 -0.02982487343251705 0.0827111154794693
v -0.035513777285814285 -0.030706165358424187 0.08357877284288406
v -0.035535186529159546 -0.02947581373155117 0.08343388140201569
v -0.035513777285814285 -0.030706165358424187 0.08357877284288406
v -0.035192616283893585 -0.02982487343251705 0.0827111154794693
v -0.034892577677965164 -0.03132812678813934 0.08261603862047195
v -0.03476891666650772 -0.030242931097745895 0.08209670335054398
v -0.034892577677965164 -0.03132812678813934 0.08261603862047195
v -0.035192616283893585 -0.02982487343251705 0.0827111154794693
v -0.03476891666650772 -0.030242931097745895 0.08209670335054398
v -0.03427924960851669 -0.030743800103664398 0.0815945416688919
v -0.034892577677965164 -0.03132812678813934 0.08261603862047195
v -0.033720050007104874 -0.03128968924283981 0.08121611177921295
v -0.03390899673104286 -0.03232249990105629 0.08186805993318558
v -0.03427924960851669 -0.030743800103664398 0.0815945416688919
v -0.035971663892269135 -0.030247103422880173 0.08613254129886627
v -0.03583459556102753 -0.02919275313615799 0.08716447651386261
v -0.03592584654688835 -0.029093584045767784 0.08654065430164337
v -0.0346326120197773 -0.028389310464262962 0.08795656263828278
v -0.03560730442404747 -0.029411036521196365 0.08797652274370193
v -0.03437146916985512 -0.028594817966222763 0.08855481445789337
v -0.03560730442404747 -0.029411036521196365 0.08797652274370193
v -0.035289980471134186 -0.029730383306741714 0.0887114554643631
v -0.03437146916985512 -0.028594817966222763 0.08855481445789337
v -0.03437146916985512 -0.028594817966222763 0.08855481445789337
v -0.035289980471134186 -0.029730383306741714 0.0887114554643631
v -0.03415411338210106 -0.028823966160416603 0.08896084129810333
v -0.03415411338210106 -0.028823966160416603 0.08896084129810333
v -0.035289980471134186 -0.029730383306741714 0.0887114554643631
v -0.03398047015070915 -0.028989436104893684 0.08922971040010452
v -0.03328534588217735 -0.03172978386282921 0.0810367614030838
v -0.033720050007104874 -0.03128968924283981 0.08121611177921295
v -0.032258231192827225 -0.03070266917347908 0.080998495221138
v -0.032258231192827225 -0.03070266917347908 0.080998495221138
v -0.033720050007104874 -0.03128968924283981 0.08121611177921295
v -0.03258422762155533 -0.030389469116926193 0.08112180978059769
v -0.03258422762155533 -0.030389469116926193 0.08112180978059769
v -0.033720050007104874 -0.03128968924283981 0.08121611177921295
v -0.03278906270861626 -0.03017646074295044 0.08123130351305008
v -0.035289980471134186 -0.029730383306741714 0.0887114554643631
v -0.03497909754514694 -0.03004378266632557 0.08921857178211212
v -0.03398047015070915 -0.028989436104893684 0.08922971040010452
v -0.03278906270861626 -0.03017646074295044 0.08123130351305008
v -0.033720050007104874 -0.03128968924283981 0.08121611177921295
v -0.033014968037605286 -0.029950298368930817 0.0813726931810379
v -0.033014968037605286 -0.029950298368930817 0.0813726931810379
v -0.03427924960851669 -0.030743800103664398 0.0815945416688919
v -0.03332888334989548 -0.029637658968567848 0.08161838352680206
v -0.033720050007104874 -0.03128968924283981 0.08121611177921295
v -0.03427924960851669 -0.030743800103664398 0.0815945416688919
v -0.033014968037605286 -0.029950298368930817 0.0813726931810379
v -0.03332888334989548 -0.029637658968567848 0.08161838352680206
v -0.03427924960851669 -0.030743800103664398 0.0815945416688919
v -0.033645737916231155 -0.029351474717259407 0.08193869143724442
v -0.033645737916231155 -0.029351474717259407 0.08193869143724442
v -0.03476891666650772 -0.030242931097745895 0.08209670335054398
v -0.034095361828804016 -0.028948720544576645 0.0825088694691658
v -0.03427924960851669 -0.030743800103664398 0.0815945416688919
v -0.03476891666650772 -0.030242931097745895 0.08209670335054398
v -0.033645737916231155 -0.029351474717259407 0.08193869143724442
v -0.034095361828804016 -0.028948720544576645 0.0825088694691658
v -0.035192616283893585 -0.02982487343251705 0.0827111154794693
v -0.03429889678955078 -0.02866613306105137 0.0828864723443985
v -0.03476891666650772 -0.030242931097745895 0.08209670335054398
v -0.035192616283893585 -0.02982487343251705 0.0827111154794693
v -0.034095361828804016 -0.028948720544576645 0.0825088694691658
v -0.03429889678955078 -0.02866613306105137 0.0828864723443985
v -0.035192616283893585 -0.02982487343251705 0.0827111154794693
v -0.03452809154987335 -0.028436940163373947 0.08339925110340118
v -0.03452809154987335 -0.028436940163373947 0.08339925110340118
v -0.035535186529159546 -0.02947581373155117 0.08343388140201569
v -0.03466637060046196 -0.028298063203692436 0.08379228413105011
v -0.035192616283893585 -0.02982487343251705 0.0827111154794693
v -0.035535186529159546 -0.02947581373155117 0.08343388140201569
v -0.03452809154987335 -0.028436940163373947 0.08339925110340118
v -0.03466637060046196 -0.028298063203692436 0.08379228413105011
v -0.035535186529159546 -0.02947581373155117 0.08343388140201569
v -0.03476950526237488 -0.028195181861519814 0.08415825664997101
v -0.03476950526237488 -0.028195181861519814 0.08415825664997101
v -0.03578398376703262 -0.029240595176815987 0.08420957624912262
v -0.03485788777470589 -0.028106799349188805 0.084568090736866
v -0.035535186529159546 -0.02947581373155117 0.08343388140201569
v -0.03578398376703262 -0.029240595176815987 0.08420957624912262
v -0.03476950526237488 -0.028195181861519814 0.08415825664997101
v -0.03485788777470589 -0.028106799349188805 0.084568090736866
v -0.03578398376703262 -0.029240595176815987 0.08420957624912262
v -0.034920983016490936 -0.02804413065314293 0.08499129116535187
v -0.03578398376703262 -0.029240595176815987 0.08420957624912262
v -0.0359259694814682 -0.029082411900162697 0.08506317436695099
v -0.034920983016490936 -0.02804413065314293 0.08499129116535187
v -0.034920983016490936 -0.02804413065314293 0.08499129116535187
v -0.0359259694814682 -0.029082411900162697 0.08506317436695099
v -0.03495524451136589 -0.02801019698381424 0.08538474142551422
v -0.03495524451136589 -0.02801019698381424 0.08538474142551422
v -0.0359259694814682 -0.029082411900162697 0.08506317436695099
v -0.03496763855218887 -0.028001688420772552 0.0857473760843277
v -0.0359259694814682 -0.029082411900162697 0.08506317436695099
v -0.035965800285339355 -0.029050759971141815 0.08592541515827179
v -0.03496763855218887 -0.028001688420772552 0.0857473760843277
v -0.03496763855218887 -0.028001688420772552 0.0857473760843277
v -0.035965800285339355 -0.029050759971141815 0.08592541515827179
v -0.03493168577551842 -0.028043115511536598 0.08656896650791168
v -0.035965800285339355 -0.029050759971141815 0.08592541515827179
v -0.03592584654688835 -0.029093584045767784 0.08654065430164337
v -0.03493168577551842 -0.028043115511536598 0.08656896650791168
v -0.03493168577551842 -0.028043115511536598 0.08656896650791168
v -0.03592584654688835 -0.029093584045767784 0.08654065430164337
v -0.034865181893110275 -0.02811696007847786 0.08699311316013336
v -0.03592584654688835 -0.029093584045767784 0.08654065430164337
v -0.03583459556102753 -0.02919275313615799 0.08716447651386261
v -0.034865181893110275 -0.02811696007847786 0.08699311316013336
v -0.034865181893110275 -0.02811696007847786 0.08699311316013336
v -0.03583459556102753 -0.02919275313615799 0.08716447651386261
v -0.034790538251399994 -0.02819809317588806 0.08735491335391998
v -0.034790538251399994 -0.02819809317588806 0.08735491335391998
v -0.03583459556102753 -0.02919275313615799 0.08716447651386261
v -0.0346326120197773 -0.028389310464262962 0.08795656263828278
v -0.03583459556102753 -0.02919275313615799 0.08716447651386261
v -0.03560730442404747 -0.029411036521196365 0.08797652274370193
v -0.0346326120197773 -0.028389310464262962 0.08795656263828278
v -0.03415411338210106 -0.028823966160416603 0.08896084129810333
v -0.034201156347990036 -0.02873200923204422 0.08895033597946167
v -0.03437146916985512 -0.028594817966222763 0.08855481445789337
v -0.03415411338210106 -0.028823966160416603 0.08896084129810333
v -0.03398047015070915 -0.028989436104893684 0.08922971040010452
v -0.034201156347990036 -0.02873200923204422 0.08895033597946167
v -0.03388459235429764 -0.029063157737255096 0.08220823109149933
v -0.033645737916231155 -0.029351474717259407 0.08193869143724442
v -0.034095361828804016 -0.028948720544576645 0.0825088694691658
v -0.034095361828804016 -0.028948720544576645 0.0825088694691658
v -0.03429889678955078 -0.02866613306105137 0.0828864723443985
v -0.03388459235429764 -0.029063157737255096 0.08220823109149933
v -0.034865181893110275 -0.02811696007847786 0.08699311316013336
v -0.034942690283060074 -0.027992499992251396 0.08666010200977325
v -0.03493168577551842 -0.028043115511536598 0.08656896650791168
v -0.034865181893110275 -0.02811696007847786 0.08699311316013336
v -0.034790538251399994 -0.02819809317588806 0.08735491335391998
v -0.034942690283060074 -0.027992499992251396 0.08666010200977325
v -0.03437146916985512 -0.028594817966222763 0.08855481445789337
v -0.03467383235692978 -0.028275683522224426 0.08781374245882034
v -0.0346326120197773 -0.028389310464262962 0.08795656263828278
v -0.034790538251399994 -0.02819809317588806 0.08735491335391998
v -0.03467383235692978 -0.028275683522224426 0.08781374245882034
v -0.034942690283060074 -0.027992499992251396 0.08666010200977325
v -0.033645737916231155 -0.029351474717259407 0.08193869143724442
v -0.03388459235429764 -0.029063157737255096 0.08220823109149933
v -0.03332888334989548 -0.029637658968567848 0.08161838352680206
v -0.03493168577551842 -0.028043115511536598 0.08656896650791168
v -0.034942690283060074 -0.027992499992251396 0.08666010200977325
v -0.03496763855218887 -0.028001688420772552 0.0857473760843277
v -0.03467383235692978 -0.028275683522224426 0.08781374245882034
v -0.034790538251399994 -0.02819809317588806 0.08735491335391998
v -0.0346326120197773 -0.028389310464262962 0.08795656263828278
v -0.03224389627575874 -0.030688589438796043 0.08188886195421219
v -0.03328534588217735 -0.03172978386282921 0.0810367614030838
v -0.032258231192827225 -0.03070266917347908 0.080998495221138
v -0.03224389627575874 -0.030688589438796043 0.08188886195421219
v -0.03390899673104286 -0.03232249990105629 0.08186805993318558
v -0.03328534588217735 -0.03172978386282921 0.0810367614030838
v -0.03497909754514694 -0.03004378266632557 0.08921857178211212
v -0.033278096467256546 -0.02965439110994339 0.08893634378910065
v -0.03398047015070915 -0.028989436104893684 0.08922971040010452
v -0.03493615239858627 -0.031292639672756195 0.08893938362598419
v -0.033278096467256546 -0.02965439110994339 0.08893634378910065
v -0.03497909754514694 -0.03004378266632557 0.08921857178211212
v -0.03293013200163841 -0.030002355575561523 0.08929337561130524
v -0.033943090587854385 -0.031087636947631836 0.09024853259325027
v -0.03290977329015732 -0.030060220509767532 0.09029103070497513
v -0.03293013200163841 -0.030002355575561523 0.08929337561130524
v -0.03457019478082657 -0.031643763184547424 0.0892924815416336
v -0.033943090587854385 -0.031087636947631836 0.09024853259325027
v -0.031201152130961418 -0.03175502270460129 0.09071876108646393
v -0.03221303969621658 -0.032813966274261475 0.09066928178071976
v -0.0309081319719553 -0.032090019434690475 0.09063887596130371
v -0.03265625238418579 -0.03235568106174469 0.09069056063890457
v -0.03221303969621658 -0.032813966274261475 0.09066928178071976
v -0.031201152130961418 -0.03175502270460129 0.09071876108646393
v -0.0309081319719553 -0.032090019434690475 0.09063887596130371
v -0.03191084414720535 -0.03311305493116379 0.09061433374881744
v -0.030377214774489403 -0.03259151801466942 0.09047599136829376
v -0.03221303969621658 -0.032813966274261475 0.09066928178071976
v -0.03191084414720535 -0.03311305493116379 0.09061433374881744
v -0.0309081319719553 -0.032090019434690475 0.09063887596130371
v -0.03191084414720535 -0.03311305493116379 0.09061433374881744
v -0.0315110869705677 -0.033497124910354614 0.09048779308795929
v -0.030377214774489403 -0.03259151801466942 0.09047599136829376
v -0.030377214774489403 -0.03259151801466942 0.09047599136829376
v -0.031085025519132614 -0.03394021466374397 0.09025157243013382
v -0.030058924108743668 -0.03290838375687599 0.0902918130159378
v -0.0315110869705677 -0.033497124910354614 0.09048779308795929
v -0.031085025519132614 -0.03394021466374397 0.09025157243013382
v -0.030377214774489403 -0.03259151801466942 0.09047599136829376
v -0.0309081319719553 -0.032090019434690475 0.09063887596130371
v -0.030588120222091675 -0.03235962986946106 0.09059049189090729
v -0.031201152130961418 -0.03175502270460129 0.09071876108646393
v -0.030377214774489403 -0.03259151801466942 0.09047599136829376
v -0.030588120222091675 -0.03235962986946106 0.09059049189090729
v -0.0309081319719553 -0.032090019434690475 0.09063887596130371
v -0.02958890236914158 -0.03338691592216492 0.08167368918657303
v -0.030399926006793976 -0.03461848199367523 0.08191092312335968
v -0.02979373000562191 -0.03319522738456726 0.08151151239871979
v -0.030399926006793976 -0.03461848199367523 0.08191092312335968
v -0.031031502410769463 -0.033975452184677124 0.08136910945177078
v -0.02979373000562191 -0.03319522738456726 0.08151151239871979
v -0.02979373000562191 -0.03319522738456726 0.08151151239871979
v -0.031031502410769463 -0.033975452184677124 0.08136910945177078
v -0.03015447035431862 -0.03281266614794731 0.08124519139528275
v -0.03015447035431862 -0.03281266614794731 0.08124519139528275
v -0.031031502410769463 -0.033975452184677124 0.08136910945177078
v -0.030390029773116112 -0.03258579224348068 0.08112294226884842
v -0.030034901574254036 -0.0349767804145813 0.08922029286623001
v -0.029630204662680626 -0.03537692129611969 0.08854545652866364
v -0.028983671218156815 -0.0339789092540741 0.08923180401325226
v -0.028983671218156815 -0.0339789092540741 0.08923180401325226
v -0.029630204662680626 -0.03537692129611969 0.08854545652866364
v -0.028645867481827736 -0.03433416783809662 0.08865506201982498
v -0.031031502410769463 -0.033975452184677124 0.08136910945177078
v -0.03173829987645149 -0.033299412578344345 0.08103448897600174
v -0.030390029773116112 -0.03258579224348068 0.08112294226884842
v -0.030390029773116112 -0.03258579224348068 0.08112294226884842
v -0.03173829987645149 -0.033299412578344345 0.08103448897600174
v -0.030703729018568993 -0.03225927799940109 0.08100040256977081
v -0.028645867481827736 -0.03433416783809662 0.08865506201982498
v -0.029630204662680626 -0.03537692129611969 0.08854545652866364
v -0.028481870889663696 -0.03448669612407684 0.08830954134464264
v -0.028481870889663696 -0.03448669612407684 0.08830954134464264
v -0.029288392513990402 -0.035726822912693024 0.08759643137454987
v -0.02833920158445835 -0.03462202474474907 0.08795638382434845
v -0.029630204662680626 -0.03537692129611969 0.08854545652866364
v -0.029288392513990402 -0.035726822912693024 0.08759643137454987
v -0.028481870889663696 -0.03448669612407684 0.08830954134464264
v -0.02833920158445835 -0.03462202474474907 0.08795638382434845
v -0.029288392513990402 -0.035726822912693024 0.08759643137454987
v -0.028160203248262405 -0.03480549156665802 0.08729000389575958
v -0.028160203248262405 -0.03480549156665802 0.08729000389575958
v -0.02908625639975071 -0.03593359515070915 0.08656300604343414
v -0.028116201981902122 -0.03486651927232742 0.08698566257953644
v -0.029288392513990402 -0.035726822912693024 0.08759643137454987
v -0.02908625639975071 -0.03593359515070915 0.08656300604343414
v -0.028160203248262405 -0.03480549156665802 0.08729000389575958
v -0.028116201981902122 -0.03486651927232742 0.08698566257953644
v -0.02908625639975071 -0.03593359515070915 0.08656300604343414
v -0.02805631421506405 -0.034911997616291046 0.08668447285890579
v -0.02805631421506405 -0.034911997616291046 0.08668447285890579
v -0.02908625639975071 -0.03593359515070915 0.08656300604343414
v -0.02801252156496048 -0.03495325893163681 0.08624662458896637
v -0.02801252156496048 -0.03495325893163681 0.08624662458896637
v -0.029053594917058945 -0.035958338528871536 0.08544577658176422
v -0.028006240725517273 -0.03495953604578972 0.08545078337192535
v -0.02908625639975071 -0.03593359515070915 0.08656300604343414
v -0.029053594917058945 -0.035958338528871536 0.08544577658176422
v -0.02801252156496048 -0.03495325893163681 0.08624662458896637
v -0.028006240725517273 -0.03495953604578972 0.08545078337192535
v -0.029053594917058945 -0.035958338528871536 0.08544577658176422
v -0.028043076395988464 -0.03492270037531853 0.08499957621097565
v -0.028043076395988464 -0.03492270037531853 0.08499957621097565
v -0.02919634059071541 -0.03582224249839783 0.08436079323291779
v -0.028097912669181824 -0.03486685827374458 0.08462019264698029
v -0.029053594917058945 -0.035958338528871536 0.08544577658176422
v -0.02919634059071541 -0.03582224249839783 0.08436079323291779
v -0.028043076395988464 -0.03492270037531853 0.08499957621097565
v -0.028097912669181824 -0.03486685827374458 0.08462019264698029
v -0.02919634059071541 -0.03582224249839783 0.08436079323291779
v -0.028295880183577538 -0.034669067710638046 0.08379872143268585
v -0.028295880183577538 -0.034669067710638046 0.08379872143268585
v -0.02919634059071541 -0.03582224249839783 0.08436079323291779
v -0.028427205979824066 -0.03453680872917175 0.08342362195253372
v -0.02919634059071541 -0.03582224249839783 0.08436079323291779
v -0.029487494379281998 -0.035519376397132874 0.08339698612689972
v -0.028427205979824066 -0.03453680872917175 0.08342362195253372
v -0.028427205979824066 -0.03453680872917175 0.08342362195253372
v -0.029487494379281998 -0.035519376397132874 0.08339698612689972
v -0.028590865433216095 -0.034380488097667694 0.0830618217587471
v -0.029487494379281998 -0.035519376397132874 0.08339698612689972
v -0.029819484800100327 -0.035208459943532944 0.08273114264011383
v -0.028590865433216095 -0.034380488097667694 0.0830618217587471
v -0.028590865433216095 -0.034380488097667694 0.0830618217587471
v -0.029819484800100327 -0.035208459943532944 0.08273114264011383
v -0.0289396233856678 -0.0340256467461586 0.08242905884981155
v -0.0289396233856678 -0.0340256467461586 0.08242905884981155
v -0.029819484800100327 -0.035208459943532944 0.08273114264011383
v -0.029105940833687782 -0.03386557847261429 0.08220595866441727
v -0.029819484800100327 -0.035208459943532944 0.08273114264011383
v -0.030399926006793976 -0.03461848199367523 0.08191092312335968
v -0.029105940833687782 -0.03386557847261429 0.08220595866441727
v -0.029105940833687782 -0.03386557847261429 0.08220595866441727
v -0.030399926006793976 -0.03461848199367523 0.08191092312335968
v -0.029333570972085 -0.03365336358547211 0.08194740116596222
v -0.029333570972085 -0.03365336358547211 0.08194740116596222
v -0.030399926006793976 -0.03461848199367523 0.08191092312335968
v -0.02958890236914158 -0.03338691592216492 0.08167368918657303
v -0.03438655287027359 -0.037704095244407654 0.08152402192354202
v -0.03468605503439903 -0.037401232868433 0.08131343871355057
v -0.03250044584274292 -0.034930795431137085 0.08121611177921295
v -0.03468605503439903 -0.037401232868433 0.08131343871355057
v -0.0349632166326046 -0.03710570186376572 0.08115418255329132
v -0.03250044584274292 -0.034930795431137085 0.08121611177921295
v -0.033585645258426666 -0.038507044315338135 0.08921511471271515
v -0.03336057811975479 -0.03870807960629463 0.088893361389637
v -0.031232627108693123 -0.0361967608332634 0.08921737223863602
v -0.03250044584274292 -0.034930795431137085 0.08121611177921295
v -0.03527059406042099 -0.03682631254196167 0.08104969561100006
v -0.03292781114578247 -0.03448336198925972 0.08103962242603302
v -0.031232627108693123 -0.0361967608332634 0.08921737223863602
v -0.03336057811975479 -0.03870807960629463 0.088893361389637
v -0.030760793015360832 -0.03666168451309204 0.08835436403751373
v -0.0349632166326046 -0.03710570186376572 0.08115418255329132
v -0.03527059406042099 -0.03682631254196167 0.08104969561100006
v -0.03250044584274292 -0.034930795431137085 0.08121611177921295
v -0.03336057811975479 -0.03870807960629463 0.088893361389637
v -0.03318474441766739 -0.03888610750436783 0.08855833113193512
v -0.030760793015360832 -0.03666168451309204 0.08835436403751373
v -0.030760793015360832 -0.03666168451309204 0.08835436403751373
v -0.033034153282642365 -0.03905423358082771 0.08817829191684723
v -0.030489115044474602 -0.03693142160773277 0.08758294582366943
v -0.03318474441766739 -0.03888610750436783 0.08855833113193512
v -0.033034153282642365 -0.03905423358082771 0.08817829191684723
v -0.030760793015360832 -0.03666168451309204 0.08835436403751373
v -0.033034153282642365 -0.03905423358082771 0.08817829191684723
v -0.03288528323173523 -0.03920106589794159 0.08776034414768219
v -0.030489115044474602 -0.03693142160773277 0.08758294582366943
v -0.030489115044474602 -0.03693142160773277 0.08758294582366943
v -0.03271720930933952 -0.03934985399246216 0.08718527108430862
v -0.03031601943075657 -0.037096429616212845 0.08676411211490631
v -0.03288528323173523 -0.03920106589794159 0.08776034414768219
v -0.03271720930933952 -0.03934985399246216 0.08718527108430862
v -0.030489115044474602 -0.03693142160773277 0.08758294582366943
v -0.03031601943075657 -0.037096429616212845 0.08676411211490631
v -0.032636288553476334 -0.03944569453597069 0.08659107238054276
v -0.030253177508711815 -0.037167277187108994 0.08592410385608673
v -0.03271720930933952 -0.03934985399246216 0.08718527108430862
v -0.032636288553476334 -0.03944569453597069 0.08659107238054276
v -0.03031601943075657 -0.037096429616212845 0.08676411211490631
v -0.032636288553476334 -0.03944569453597069 0.08659107238054276
v -0.032588157802820206 -0.039481014013290405 0.08613498508930206
v -0.030253177508711815 -0.037167277187108994 0.08592410385608673
v -0.030253177508711815 -0.037167277187108994 0.08592410385608673
v -0.03259443864226341 -0.03949184715747833 0.08572734147310257
v -0.030294310301542282 -0.03713785484433174 0.08506317436695099
v -0.032588157802820206 -0.039481014013290405 0.08613498508930206
v -0.03259443864226341 -0.03949184715747833 0.08572734147310257
v -0.030253177508711815 -0.037167277187108994 0.08592410385608673
v -0.03259443864226341 -0.03949184715747833 0.08572734147310257
v -0.03260442614555359 -0.03947325795888901 0.08530570566654205
v -0.030294310301542282 -0.03713785484433174 0.08506317436695099
v -0.030294310301542282 -0.03713785484433174 0.08506317436695099
v -0.0326601006090641 -0.039427779614925385 0.08486463129520416
v -0.030436556786298752 -0.036979932337999344 0.08420957624912262
v -0.03260442614555359 -0.03947325795888901 0.08530570566654205
v -0.0326601006090641 -0.039427779614925385 0.08486463129520416
v -0.030294310301542282 -0.03713785484433174 0.08506317436695099
v -0.0326601006090641 -0.039427779614925385 0.08486463129520416
v -0.03272007405757904 -0.039354488253593445 0.08444328606128693
v -0.030436556786298752 -0.036979932337999344 0.08420957624912262
v -0.03272007405757904 -0.039354488253593445 0.08444328606128693
v -0.03281401842832565 -0.039263322949409485 0.08405603468418121
v -0.030436556786298752 -0.036979932337999344 0.08420957624912262
v -0.030436556786298752 -0.036979932337999344 0.08420957624912262
v -0.03281401842832565 -0.039263322949409485 0.08405603468418121
v -0.030681978911161423 -0.0367407500743866 0.08343560248613358
v -0.03281401842832565 -0.039263322949409485 0.08405603468418121
v -0.0329555906355381 -0.039136502891778946 0.08364494144916534
v -0.030681978911161423 -0.0367407500743866 0.08343560248613358
v -0.0329555906355381 -0.039136502891778946 0.08364494144916534
v -0.033092185854911804 -0.03897756338119507 0.0832417756319046
v -0.030681978911161423 -0.0367407500743866 0.08343560248613358
v -0.030681978911161423 -0.0367407500743866 0.08343560248613358
v -0.033092185854911804 -0.03897756338119507 0.0832417756319046
v -0.031027795746922493 -0.03639552742242813 0.0827111154794693
v -0.033092185854911804 -0.03897756338119507 0.0832417756319046
v -0.03326987847685814 -0.03880729526281357 0.08288504183292389
v -0.031027795746922493 -0.03639552742242813 0.0827111154794693
v -0.03326987847685814 -0.03880729526281357 0.08288504183292389
v -0.03346067667007446 -0.038618773221969604 0.08255720883607864
v -0.031027795746922493 -0.03639552742242813 0.0827111154794693
v -0.031027795746922493 -0.03639552742242813 0.0827111154794693
v -0.03346067667007446 -0.038618773221969604 0.08255720883607864
v -0.03145157918334007 -0.035977553576231 0.08209670335054398
v -0.03346067667007446 -0.038618773221969604 0.08255720883607864
v -0.03371170535683632 -0.03837626054883003 0.08220960199832916
v -0.03145157918334007 -0.035977553576231 0.08209670335054398
v -0.03371170535683632 -0.03837626054883003 0.08220960199832916
v -0.03394153341650963 -0.03812763839960098 0.08191873133182526
v -0.03145157918334007 -0.035977553576231 0.08209670335054398
v -0.03145157918334007 -0.035977553576231 0.08209670335054398
v -0.03394153341650963 -0.03812763839960098 0.08191873133182526
v -0.0319480262696743 -0.03548296168446541 0.08159156143665314
v -0.03394153341650963 -0.03812763839960098 0.08191873133182526
v -0.03414918854832649 -0.03793439269065857 0.08171923458576202
v -0.0319480262696743 -0.03548296168446541 0.08159156143665314
v -0.0319480262696743 -0.03548296168446541 0.08159156143665314
v -0.03438655287027359 -0.037704095244407654 0.08152402192354202
v -0.03250044584274292 -0.034930795431137085 0.08121611177921295
v -0.03414918854832649 -0.03793439269065857 0.08171923458576202
v -0.03438655287027359 -0.037704095244407654 0.08152402192354202
v -0.0319480262696743 -0.03548296168446541 0.08159156143665314
v -0.032636288553476334 -0.03944569453597069 0.08659107238054276
v -0.03271720930933952 -0.03934985399246216 0.08718527108430862
v -0.03288528323173523 -0.03920106589794159 0.08776034414768219
v -0.0326601006090641 -0.039427779614925385 0.08486463129520416
v -0.03260442614555359 -0.03947325795888901 0.08530570566654205
v -0.03259443864226341 -0.03949184715747833 0.08572734147310257
v -0.03527059406042099 -0.03682631254196167 0.08104969561100006
v -0.0349632166326046 -0.03710570186376572 0.08115418255329132
v -0.03468605503439903 -0.037401232868433 0.08131343871355057
v -0.03414918854832649 -0.03793439269065857 0.08171923458576202
v -0.03394153341650963 -0.03812763839960098 0.08191873133182526
v -0.03371170535683632 -0.03837626054883003 0.08220960199832916
v -0.033585645258426666 -0.038507044315338135 0.08921511471271515
v -0.03318474441766739 -0.03888610750436783 0.08855833113193512
v -0.03336057811975479 -0.03870807960629463 0.088893361389637
v -0.033034153282642365 -0.03905423358082771 0.08817829191684723
v -0.03318474441766739 -0.03888610750436783 0.08855833113193512
v -0.033585645258426666 -0.038507044315338135 0.08921511471271515
v -0.03259443864226341 -0.03949184715747833 0.08572734147310257
v -0.032588157802820206 -0.039481014013290405 0.08613498508930206
v -0.032636288553476334 -0.03944569453597069 0.08659107238054276
v -0.0329555906355381 -0.039136502891778946 0.08364494144916534
v -0.03326987847685814 -0.03880729526281357 0.08288504183292389
v -0.033092185854911804 -0.03897756338119507 0.0832417756319046
v -0.0326601006090641 -0.039427779614925385 0.08486463129520416
v -0.03281401842832565 -0.039263322949409485 0.08405603468418121
v -0.03272007405757904 -0.039354488253593445 0.08444328606128693
v -0.0329555906355381 -0.039136502891778946 0.08364494144916534
v -0.03281401842832565 -0.039263322949409485 0.08405603468418121
v -0.0326601006090641 -0.039427779614925385 0.08486463129520416
v -0.03342485800385475 -0.03875288367271423 0.08733244240283966
v -0.03317167982459068 -0.03895278647542 0.08656693249940872
v -0.03346312418580055 -0.03866345062851906 0.0877472311258316
v -0.03330102190375328 -0.0388774648308754 0.08680643141269684
v -0.03317167982459068 -0.03895278647542 0.08656693249940872
v -0.03342485800385475 -0.03875288367271423 0.08733244240283966
v -0.03322912007570267 -0.038947347551584244 0.08627916127443314
v -0.03317167982459068 -0.03895278647542 0.08656693249940872
v -0.03330102190375328 -0.0388774648308754 0.08680643141269684
v -0.03342485800385475 -0.03875288367271423 0.08733244240283966
v -0.03346312418580055 -0.03866345062851906 0.0877472311258316
v -0.03359158709645271 -0.03858151286840439 0.08784295618534088
v -0.033201344311237335 -0.03896179795265198 0.08572186529636383
v -0.03317167982459068 -0.03895278647542 0.08656693249940872
v -0.03322912007570267 -0.038947347551584244 0.08627916127443314
v -0.033573925495147705 -0.03860945627093315 0.0838409811258316
v -0.03365607187151909 -0.03850210830569267 0.08358760178089142
v -0.03344828635454178 -0.0387224517762661 0.08417262136936188
v -0.03359158709645271 -0.03858151286840439 0.08784295618534088
v -0.03346312418580055 -0.03866345062851906 0.0877472311258316
v -0.033871524035930634 -0.03829070180654526 0.08841527253389359
v -0.03395530954003334 -0.038188956677913666 0.08300812542438507
v -0.03381231054663658 -0.03834781050682068 0.08328010141849518
v -0.034126512706279755 -0.03803781792521477 0.0828065425157547
v -0.034381967037916183 -0.0377766378223896 0.08250071108341217
v -0.034126512706279755 -0.03803781792521477 0.0828065425157547
v -0.03460201621055603 -0.037558529525995255 0.08229733258485794
v -0.03317167982459068 -0.03895278647542 0.08656693249940872
v -0.03288528323173523 -0.03920106589794159 0.08776034414768219
v -0.03346312418580055 -0.03866345062851906 0.0877472311258316
v -0.03468605503439903 -0.037401232868433 0.08131343871355057
v -0.03504708781838417 -0.0371180921792984 0.08199812471866608
v -0.03527059406042099 -0.03682631254196167 0.08104969561100006
v -0.032636288553476334 -0.03944569453597069 0.08659107238054276
v -0.03288528323173523 -0.03920106589794159 0.08776034414768219
v -0.03317167982459068 -0.03895278647542 0.08656693249940872
v -0.03527059406042099 -0.03682631254196167 0.08104969561100006
v -0.03504708781838417 -0.0371180921792984 0.08199812471866608
v -0.035304516553878784 -0.03686006739735603 0.08188106119632721
v -0.03438655287027359 -0.037704095244407654 0.08152402192354202
v -0.034843046218156815 -0.037317905575037 0.08211810141801834
v -0.03468605503439903 -0.037401232868433 0.08131343871355057
v -0.03468605503439903 -0.037401232868433 0.08131343871355057
v -0.034843046218156815 -0.037317905575037 0.08211810141801834
v -0.03504708781838417 -0.0371180921792984 0.08199812471866608
v -0.03288528323173523 -0.03920106589794159 0.08776034414768219
v -0.033034153282642365 -0.03905423358082771 0.08817829191684723
v -0.03346312418580055 -0.03866345062851906 0.0877472311258316
v -0.03438655287027359 -0.037704095244407654 0.08152402192354202
v -0.03460201621055603 -0.037558529525995255 0.08229733258485794
v -0.034843046218156815 -0.037317905575037 0.08211810141801834
v -0.03438655287027359 -0.037704095244407654 0.08152402192354202
v -0.03414918854832649 -0.03793439269065857 0.08171923458576202
v -0.03460201621055603 -0.037558529525995255 0.08229733258485794
v -0.03346312418580055 -0.03866345062851906 0.0877472311258316
v -0.033585645258426666 -0.038507044315338135 0.08921511471271515
v -0.033871524035930634 -0.03829070180654526 0.08841527253389359
v -0.03414918854832649 -0.03793439269065857 0.08171923458576202
v -0.034381967037916183 -0.0377766378223896 0.08250071108341217
v -0.03460201621055603 -0.037558529525995255 0.08229733258485794
v -0.033034153282642365 -0.03905423358082771 0.08817829191684723
v -0.033585645258426666 -0.038507044315338135 0.08921511471271515
v -0.03346312418580055 -0.03866345062851906 0.0877472311258316
v -0.03414918854832649 -0.03793439269065857 0.08171923458576202
v -0.03371170535683632 -0.03837626054883003 0.08220960199832916
v -0.034381967037916183 -0.0377766378223896 0.08250071108341217
v -0.033871524035930634 -0.03829070180654526 0.08841527253389359
v -0.033585645258426666 -0.038507044315338135 0.08921511471271515
v -0.03403817117214203 -0.03812514618039131 0.08866782486438751
v -0.03371170535683632 -0.03837626054883003 0.08220960199832916
v -0.034126512706279755 -0.03803781792521477 0.0828065425157547
v -0.034381967037916183 -0.0377766378223896 0.08250071108341217
v -0.03403817117214203 -0.03812514618039131 0.08866782486438751
v -0.033585645258426666 -0.038507044315338135 0.08921511471271515
v -0.034251775592565536 -0.037910621613264084 0.08894367516040802
v -0.03371170535683632 -0.03837626054883003 0.08220960199832916
v -0.03395530954003334 -0.038188956677913666 0.08300812542438507
v -0.034126512706279755 -0.03803781792521477 0.0828065425157547
v -0.03371170535683632 -0.03837626054883003 0.08220960199832916
v -0.03346067667007446 -0.038618773221969604 0.08255720883607864
v -0.03395530954003334 -0.038188956677913666 0.08300812542438507
v -0.03346067667007446 -0.038618773221969604 0.08255720883607864
v -0.03381231054663658 -0.03834781050682068 0.08328010141849518
v -0.03395530954003334 -0.038188956677913666 0.08300812542438507
v -0.03346067667007446 -0.038618773221969604 0.08255720883607864
v -0.03326987847685814 -0.03880729526281357 0.08288504183292389
v -0.03381231054663658 -0.03834781050682068 0.08328010141849518
v -0.03381231054663658 -0.03834781050682068 0.08328010141849518
v -0.0329555906355381 -0.039136502891778946 0.08364494144916534
v -0.03365607187151909 -0.03850210830569267 0.08358760178089142
v -0.03326987847685814 -0.03880729526281357 0.08288504183292389
v -0.0329555906355381 -0.039136502891778946 0.08364494144916534
v -0.03381231054663658 -0.03834781050682068 0.08328010141849518
v -0.03365607187151909 -0.03850210830569267 0.08358760178089142
v -0.0329555906355381 -0.039136502891778946 0.08364494144916534
v -0.03344828635454178 -0.0387224517762661 0.08417262136936188
v -0.03344828635454178 -0.0387224517762661 0.08417262136936188
v -0.0329555906355381 -0.039136502891778946 0.08364494144916534
v -0.03335307911038399 -0.03881799802184105 0.08452190458774567
v -0.0329555906355381 -0.039136502891778946 0.08364494144916534
v -0.0326601006090641 -0.039427779614925385 0.08486463129520416
v -0.03335307911038399 -0.03881799802184105 0.08452190458774567
v -0.03335307911038399 -0.03881799802184105 0.08452190458774567
v -0.0326601006090641 -0.039427779614925385 0.08486463129520416
v -0.03327944874763489 -0.03888935595750809 0.08486051112413406
v -0.03327944874763489 -0.03888935595750809 0.08486051112413406
v -0.0326601006090641 -0.039427779614925385 0.08486463129520416
v -0.03321724012494087 -0.03894330561161041 0.08534856140613556
v -0.03321724012494087 -0.03894330561161041 0.08534856140613556
v -0.0326601006090641 -0.039427779614925385 0.08486463129520416
v -0.033201344311237335 -0.03896179795265198 0.08572186529636383
v -0.0326601006090641 -0.039427779614925385 0.08486463129520416
v -0.03259443864226341 -0.03949184715747833 0.08572734147310257
v -0.033201344311237335 -0.03896179795265198 0.08572186529636383
v -0.033201344311237335 -0.03896179795265198 0.08572186529636383
v -0.03259443864226341 -0.03949184715747833 0.08572734147310257
v -0.03317167982459068 -0.03895278647542 0.08656693249940872
v -0.03259443864226341 -0.03949184715747833 0.08572734147310257
v -0.032636288553476334 -0.03944569453597069 0.08659107238054276
v -0.03317167982459068 -0.03895278647542 0.08656693249940872
v -0.03292781114578247 -0.03448336198925972 0.08103962242603302
v -0.035304516553878784 -0.03686006739735603 0.08188106119632721
v -0.0323316864669323 -0.033887237310409546 0.0819023922085762
v -0.03527059406042099 -0.03682631254196167 0.08104969561100006
v -0.035304516553878784 -0.03686006739735603 0.08188106119632721
v -0.03292781114578247 -0.03448336198925972 0.08103962242603302
v -0.034251775592565536 -0.037910621613264084 0.08894367516040802
v -0.031232627108693123 -0.0361967608332634 0.08921737223863602
v -0.031295765191316605 -0.03492477163672447 0.08893747627735138
v -0.034251775592565536 -0.037910621613264084 0.08894367516040802
v -0.033585645258426666 -0.038507044315338135 0.08921511471271515
v -0.031232627108693123 -0.0361967608332634 0.08921737223863602
v -0.03189155459403992 -0.03432721272110939 0.0821278840303421
v -0.031340982764959335 -0.0348784476518631 0.08259928971529007
v -0.0319480262696743 -0.03548296168446541 0.08159156143665314
v -0.031295765191316605 -0.03492477163672447 0.08893747627735138
v -0.031232627108693123 -0.0361967608332634 0.08921737223863602
v -0.030895201489329338 -0.035325586795806885 0.08838392049074173
v -0.030760793015360832 -0.03666168451309204 0.08835436403751373
v -0.030895201489329338 -0.035325586795806885 0.08838392049074173
v -0.031232627108693123 -0.0361967608332634 0.08921737223863602
v -0.030489115044474602 -0.03693142160773277 0.08758294582366943
v -0.030491553246974945 -0.03573158010840416 0.087465301156044
v -0.030760793015360832 -0.03666168451309204 0.08835436403751373
v -0.030760793015360832 -0.03666168451309204 0.08835436403751373
v -0.030491553246974945 -0.03573158010840416 0.087465301156044
v -0.030895201489329338 -0.035325586795806885 0.08838392049074173
v -0.030491553246974945 -0.03573158010840416 0.087465301156044
v -0.03031601943075657 -0.037096429616212845 0.08676411211490631
v -0.030225234106183052 -0.035986531525850296 0.08591408282518387
v -0.030489115044474602 -0.03693142160773277 0.08758294582366943
v -0.03031601943075657 -0.037096429616212845 0.08676411211490631
v -0.030491553246974945 -0.03573158010840416 0.087465301156044
v -0.030253177508711815 -0.037167277187108994 0.08592410385608673
v -0.030225234106183052 -0.035986531525850296 0.08591408282518387
v -0.03031601943075657 -0.037096429616212845 0.08676411211490631
v -0.030294310301542282 -0.03713785484433174 0.08506317436695099
v -0.030225234106183052 -0.035986531525850296 0.08591408282518387
v -0.030253177508711815 -0.037167277187108994 0.08592410385608673
v -0.030436556786298752 -0.036979932337999344 0.08420957624912262
v -0.03034733235836029 -0.03587733209133148 0.08469082415103912
v -0.030294310301542282 -0.03713785484433174 0.08506317436695099
v -0.030294310301542282 -0.03713785484433174 0.08506317436695099
v -0.03034733235836029 -0.03587733209133148 0.08469082415103912
v -0.030225234106183052 -0.035986531525850296 0.08591408282518387
v -0.03034733235836029 -0.03587733209133148 0.08469082415103912
v -0.030681978911161423 -0.0367407500743866 0.08343560248613358
v -0.030713757500052452 -0.035512421280145645 0.08356918394565582
v -0.030436556786298752 -0.036979932337999344 0.08420957624912262
v -0.030681978911161423 -0.0367407500743866 0.08343560248613358
v -0.03034733235836029 -0.03587733209133148 0.08469082415103912
v -0.031027795746922493 -0.03639552742242813 0.0827111154794693
v -0.030713757500052452 -0.035512421280145645 0.08356918394565582
v -0.030681978911161423 -0.0367407500743866 0.08343560248613358
v -0.030713757500052452 -0.035512421280145645 0.08356918394565582
v -0.031027795746922493 -0.03639552742242813 0.0827111154794693
v -0.031340982764959335 -0.0348784476518631 0.08259928971529007
v -0.03145157918334007 -0.035977553576231 0.08209670335054398
v -0.031340982764959335 -0.0348784476518631 0.08259928971529007
v -0.031027795746922493 -0.03639552742242813 0.0827111154794693
v -0.0319480262696743 -0.03548296168446541 0.08159156143665314
v -0.031340982764959335 -0.0348784476518631 0.08259928971529007
v -0.03145157918334007 -0.035977553576231 0.08209670335054398
v -0.03250044584274292 -0.034930795431137085 0.08121611177921295
v -0.03189155459403992 -0.03432721272110939 0.0821278840303421
v -0.0319480262696743 -0.03548296168446541 0.08159156143665314
v -0.0323316864669323 -0.033887237310409546 0.0819023922085762
v -0.03189155459403992 -0.03432721272110939 0.0821278840303421
v -0.03292781114578247 -0.03448336198925972 0.08103962242603302
v -0.03292781114578247 -0.03448336198925972 0.08103962242603302
v -0.03189155459403992 -0.03432721272110939 0.0821278840303421
v -0.03250044584274292 -0.034930795431137085 0.08121611177921295
v -0.029487494379281998 -0.035519376397132874 0.08339698612689972
v -0.02919634059071541 -0.03582224249839783 0.08436079323291779
v -0.030713757500052452 -0.035512421280145645 0.08356918394565582
v -0.03034733235836029 -0.03587733209133148 0.08469082415103912
v -0.029053594917058945 -0.035958338528871536 0.08544577658176422
v -0.030225234106183052 -0.035986531525850296 0.08591408282518387
v -0.029288392513990402 -0.035726822912693024 0.08759643137454987
v -0.030491553246974945 -0.03573158010840416 0.087465301156044
v -0.02908625639975071 -0.03593359515070915 0.08656300604343414
v -0.0323316864669323 -0.033887237310409546 0.0819023922085762
v -0.03173829987645149 -0.033299412578344345 0.08103448897600174
v -0.03189155459403992 -0.03432721272110939 0.0821278840303421
v -0.031031502410769463 -0.033975452184677124 0.08136910945177078
v -0.03189155459403992 -0.03432721272110939 0.0821278840303421
v -0.03173829987645149 -0.033299412578344345 0.08103448897600174
v -0.031340982764959335 -0.0348784476518631 0.08259928971529007
v -0.029819484800100327 -0.035208459943532944 0.08273114264011383
v -0.030713757500052452 -0.035512421280145645 0.08356918394565582
v -0.030399926006793976 -0.03461848199367523 0.08191092312335968
v -0.029819484800100327 -0.035208459943532944 0.08273114264011383
v -0.031340982764959335 -0.0348784476518631 0.08259928971529007
v -0.029487494379281998 -0.035519376397132874 0.08339698612689972
v -0.030713757500052452 -0.035512421280145645 0.08356918394565582
v -0.029819484800100327 -0.035208459943532944 0.08273114264011383
v -0.030713757500052452 -0.035512421280145645 0.08356918394565582
v -0.02919634059071541 -0.03582224249839783 0.08436079323291779
v -0.03034733235836029 -0.03587733209133148 0.08469082415103912
v -0.02919634059071541 -0.03582224249839783 0.08436079323291779
v -0.029053594917058945 -0.035958338528871536 0.08544577658176422
v -0.03034733235836029 -0.03587733209133148 0.08469082415103912
v -0.02908625639975071 -0.03593359515070915 0.08656300604343414
v -0.030225234106183052 -0.035986531525850296 0.08591408282518387
v -0.029053594917058945 -0.035958338528871536 0.08544577658176422
v -0.030225234106183052 -0.035986531525850296 0.08591408282518387
v -0.02908625639975071 -0.03593359515070915 0.08656300604343414
v -0.030491553246974945 -0.03573158010840416 0.087465301156044
v -0.029630204662680626 -0.03537692129611969 0.08854545652866364
v -0.030491553246974945 -0.03573158010840416 0.087465301156044
v -0.029288392513990402 -0.035726822912693024 0.08759643137454987
v -0.030491553246974945 -0.03573158010840416 0.087465301156044
v -0.029630204662680626 -0.03537692129611969 0.08854545652866364
v -0.030895201489329338 -0.035325586795806885 0.08838392049074173
v -0.031295765191316605 -0.03492477163672447 0.08893747627735138
v -0.030895201489329338 -0.035325586795806885 0.08838392049074173
v -0.030034901574254036 -0.0349767804145813 0.08922029286623001
v -0.030034901574254036 -0.0349767804145813 0.08922029286623001
v -0.030895201489329338 -0.035325586795806885 0.08838392049074173
v -0.029630204662680626 -0.03537692129611969 0.08854545652866364
v -0.031340982764959335 -0.0348784476518631 0.08259928971529007
v -0.03189155459403992 -0.03432721272110939 0.0821278840303421
v -0.030399926006793976 -0.03461848199367523 0.08191092312335968
v -0.031031502410769463 -0.033975452184677124 0.08136910945177078
v -0.030399926006793976 -0.03461848199367523 0.08191092312335968
v -0.03189155459403992 -0.03432721272110939 0.0821278840303421
v -0.030703729018568993 -0.03225927799940109 0.08100040256977081
v -0.03173829987645149 -0.033299412578344345 0.08103448897600174
v -0.030688468366861343 -0.03224401921033859 0.0819021612405777
v -0.03173829987645149 -0.033299412578344345 0.08103448897600174
v -0.0323316864669323 -0.033887237310409546 0.0819023922085762
v -0.030688468366861343 -0.03224401921033859 0.0819021612405777
v -0.027994781732559204 -0.034967973828315735 0.0858621746301651
v -0.02801252156496048 -0.03495325893163681 0.08624662458896637
v -0.028006240725517273 -0.03495953604578972 0.08545078337192535
v -0.02818170189857483 -0.034780628979206085 0.08420021086931229
v -0.028097912669181824 -0.03486685827374458 0.08462019264698029
v -0.028295880183577538 -0.034669067710638046 0.08379872143268585
v -0.029333570972085 -0.03365336358547211 0.08194740116596222
v -0.02958890236914158 -0.03338691592216492 0.08167368918657303
v -0.029105940833687782 -0.03386557847261429 0.08220595866441727
v -0.02805631421506405 -0.034911997616291046 0.08668447285890579
v -0.028160203248262405 -0.03480549156665802 0.08729000389575958
v -0.028116201981902122 -0.03486651927232742 0.08698566257953644
v -0.03015447035431862 -0.03281266614794731 0.08124519139528275
v -0.02958890236914158 -0.03338691592216492 0.08167368918657303
v -0.02979373000562191 -0.03319522738456726 0.08151151239871979
v -0.030034901574254036 -0.0349767804145813 0.08922029286623001
v -0.028983671218156815 -0.0339789092540741 0.08923180401325226
v -0.029654396697878838 -0.03327809274196625 0.08893634378910065
v -0.031295765191316605 -0.03492477163672447 0.08893747627735138
v -0.030034901574254036 -0.0349767804145813 0.08922029286623001
v -0.029654396697878838 -0.03327809274196625 0.08893634378910065
v -0.023978060111403465 -0.028345564380288124 0.0875629335641861
v -0.02399437129497528 -0.028947802260518074 0.08772005140781403
v -0.023821189999580383 -0.028504712507128716 0.0870785266160965
v -0.02438637614250183 -0.028573913499712944 0.08852352201938629
v -0.02399437129497528 -0.028947802260518074 0.08772005140781403
v -0.023978060111403465 -0.028345564380288124 0.0875629335641861
v -0.026289578527212143 -0.02603243477642536 0.08935226500034332
v -0.025960907340049744 -0.026990022510290146 0.08974499255418777
v -0.025907564908266068 -0.02641638182103634 0.08933289349079132
v -0.02692211978137493 -0.026031337678432465 0.08976925164461136
v -0.025960907340049744 -0.026990022510290146 0.08974499255418777
v -0.026289578527212143 -0.02603243477642536 0.08935226500034332
v -0.02399437129497528 -0.028947802260518074 0.08772005140781403
v -0.023713210597634315 -0.028610585257411003 0.0865936428308487
v -0.023821189999580383 -0.028504712507128716 0.0870785266160965
v -0.025907564908266068 -0.02641638182103634 0.08933289349079132
v -0.025960907340049744 -0.026990022510290146 0.08974499255418777
v -0.025541426613926888 -0.026785224676132202 0.08924287557601929
v -0.025960907340049744 -0.026990022510290146 0.08974499255418777
v -0.025181351229548454 -0.02714412473142147 0.08906771242618561
v -0.025541426613926888 -0.026785224676132202 0.08924287557601929
v -0.025163687765598297 -0.027795754373073578 0.08935423195362091
v -0.025181351229548454 -0.02714412473142147 0.08906771242618561
v -0.025960907340049744 -0.026990022510290146 0.08974499255418777
v -0.025181351229548454 -0.02714412473142147 0.08906771242618561
v -0.025163687765598297 -0.027795754373073578 0.08935423195362091
v -0.024847839027643204 -0.027478810399770737 0.08882780373096466
v -0.025163687765598297 -0.027795754373073578 0.08935423195362091
v -0.02454320713877678 -0.027782442048192024 0.0885123759508133
v -0.024847839027643204 -0.027478810399770737 0.08882780373096466
v -0.02438637614250183 -0.028573913499712944 0.08852352201938629
v -0.02454320713877678 -0.027782442048192024 0.0885123759508133
v -0.025163687765598297 -0.027795754373073578 0.08935423195362091
v -0.02454320713877678 -0.027782442048192024 0.0885123759508133
v -0.02438637614250183 -0.028573913499712944 0.08852352201938629
v -0.024272534996271133 -0.028054114431142807 0.0881405621767044
v -0.024272534996271133 -0.028054114431142807 0.0881405621767044
v -0.02438637614250183 -0.028573913499712944 0.08852352201938629
v -0.023978060111403465 -0.028345564380288124 0.0875629335641861
v -0.02692211978137493 -0.026031337678432465 0.08976925164461136
v -0.030248578637838364 -0.029148120433092117 0.08976621180772781
v -0.025960907340049744 -0.026990022510290146 0.08974499255418777
v -0.030248578637838364 -0.029148120433092117 0.08976621180772781
v -0.02897835709154606 -0.030418341979384422 0.08969183266162872
v -0.025960907340049744 -0.026990022510290146 0.08974499255418777
v -0.025960907340049744 -0.026990022510290146 0.08974499255418777
v -0.02897835709154606 -0.030418341979384422 0.08969183266162872
v -0.025163687765598297 -0.027795754373073578 0.08935423195362091
v -0.02897835709154606 -0.030418341979384422 0.08969183266162872
v -0.027992036193609238 -0.03140466287732124 0.08901847153902054
v -0.025163687765598297 -0.027795754373073578 0.08935423195362091
v -0.025163687765598297 -0.027795754373073578 0.08935423195362091
v -0.027992036193609238 -0.03140466287732124 0.08901847153902054
v -0.02438637614250183 -0.028573913499712944 0.08852352201938629
v -0.027992036193609238 -0.03140466287732124 0.08901847153902054
v -0.02722618728876114 -0.03217051178216934 0.08780170232057571
v -0.02438637614250183 -0.028573913499712944 0.08852352201938629
v -0.02438637614250183 -0.028573913499712944 0.08852352201938629
v -0.02722618728876114 -0.03217051178216934 0.08780170232057571
v -0.02399437129497528 -0.028947802260518074 0.08772005140781403
v -0.02722618728876114 -0.03217051178216934 0.08379806578159332
v -0.023997237905859947 -0.028942743316292763 0.08378644287586212
v -0.023724287748336792 -0.028599660843610764 0.08494605123996735
v -0.02722618728876114 -0.03217051178216934 0.08780170232057571
v -0.023713210597634315 -0.028610585257411003 0.0865936428308487
v -0.02399437129497528 -0.028947802260518074 0.08772005140781403
v -0.02722618728876114 -0.03217051178216934 0.08780170232057571
v -0.023724287748336792 -0.028599660843610764 0.08494605123996735
v -0.023713210597634315 -0.028610585257411003 0.0865936428308487
v -0.02722618728876114 -0.03217051178216934 0.08780170232057571
v -0.02722618728876114 -0.03217051178216934 0.08379806578159332
v -0.023724287748336792 -0.028599660843610764 0.08494605123996735
v -0.023997237905859947 -0.028942743316292763 0.08378644287586212
v -0.02387547492980957 -0.028450511395931244 0.08432681113481522
v -0.023724287748336792 -0.028599660843610764 0.08494605123996735
v -0.028943883255124092 -0.024022813886404037 0.08374877274036407
v -0.0286087766289711 -0.02371501736342907 0.08499498665332794
v -0.02845013327896595 -0.02387702651321888 0.08432604372501373
v -0.023997237905859947 -0.028942743316292763 0.08378644287586212
v -0.02414027787744999 -0.028186118230223656 0.08369095623493195
v -0.02387547492980957 -0.028450511395931244 0.08432681113481522
v -0.02414027787744999 -0.028186118230223656 0.08369095623493195
v -0.023997237905859947 -0.028942743316292763 0.08378644287586212
v -0.02449178323149681 -0.02783486619591713 0.08314593136310577
v -0.023997237905859947 -0.028942743316292763 0.08378644287586212
v -0.024824408814311028 -0.028140433132648468 0.0825309231877327
v -0.02449178323149681 -0.02783486619591713 0.08314593136310577
v -0.024824408814311028 -0.028140433132648468 0.0825309231877327
v -0.024915317073464394 -0.027411332353949547 0.0827149823307991
v -0.02449178323149681 -0.02783486619591713 0.08314593136310577
v -0.024915317073464394 -0.027411332353949547 0.0827149823307991
v -0.02590445801615715 -0.02702733688056469 0.08184774219989777
v -0.025391660630702972 -0.026934988796710968 0.08241768181324005
v -0.024824408814311028 -0.028140433132648468 0.0825309231877327
v -0.02590445801615715 -0.02702733688056469 0.08184774219989777
v -0.024915317073464394 -0.027411332353949547 0.0827149823307991
v -0.02590445801615715 -0.02702733688056469 0.08184774219989777
v -0.02577492594718933 -0.026550807058811188 0.08229251205921173
v -0.025391660630702972 -0.026934988796710968 0.08241768181324005
v -0.02577492594718933 -0.026550807058811188 0.08229251205921173
v -0.02590445801615715 -0.02702733688056469 0.08184774219989777
v -0.02616332657635212 -0.02616332285106182 0.08224590122699738
v -0.02590445801615715 -0.02702733688056469 0.08184774219989777
v -0.026550812646746635 -0.025774920359253883 0.08229251205921173
v -0.02616332657635212 -0.02616332285106182 0.08224590122699738
v -0.027187790721654892 -0.025769544765353203 0.08190317451953888
v -0.026550812646746635 -0.025774920359253883 0.08229251205921173
v -0.02590445801615715 -0.02702733688056469 0.08184774219989777
v -0.026550812646746635 -0.025774920359253883 0.08229251205921173
v -0.027187790721654892 -0.025769544765353203 0.08190317451953888
v -0.026934992522001266 -0.025391656905412674 0.08241768181324005
v -0.026934992522001266 -0.025391656905412674 0.08241768181324005
v -0.027187790721654892 -0.025769544765353203 0.08190317451953888
v -0.027411337941884995 -0.024915311485528946 0.0827149823307991
v -0.028140438720583916 -0.02482440508902073 0.0825309231877327
v -0.027411337941884995 -0.024915311485528946 0.0827149823307991
v -0.027187790721654892 -0.025769544765353203 0.08190317451953888
v -0.027411337941884995 -0.024915311485528946 0.0827149823307991
v -0.028140438720583916 -0.02482440508902073 0.0825309231877327
v -0.027834869921207428 -0.024491779506206512 0.08314593136310577
v -0.028140438720583916 -0.02482440508902073 0.0825309231877327
v -0.028943883255124092 -0.024022813886404037 0.08374877274036407
v -0.027834869921207428 -0.024491779506206512 0.08314593136310577
v -0.027834869921207428 -0.024491779506206512 0.08314593136310577
v -0.028943883255124092 -0.024022813886404037 0.08374877274036407
v -0.02818603813648224 -0.0241406112909317 0.08369089663028717
v -0.02818603813648224 -0.0241406112909317 0.08369089663028717
v -0.028943883255124092 -0.024022813886404037 0.08374877274036407
v -0.02845013327896595 -0.02387702651321888 0.08432604372501373
v -0.03140466660261154 -0.02799203246831894 0.0825812891125679
v -0.03217051550745964 -0.02722618170082569 0.08379806578159332
v -0.028943883255124092 -0.024022813886404037 0.08374877274036407
v -0.023997237905859947 -0.028942743316292763 0.08378644287586212
v -0.02820551209151745 -0.031191188842058182 0.08233918249607086
v -0.024824408814311028 -0.028140433132648468 0.0825309231877327
v -0.02722618728876114 -0.03217051178216934 0.08379806578159332
v -0.02820551209151745 -0.031191188842058182 0.08233918249607086
v -0.023997237905859947 -0.028942743316292763 0.08378644287586212
v -0.024824408814311028 -0.028140433132648468 0.0825309231877327
v -0.02820551209151745 -0.031191188842058182 0.08233918249607086
v -0.02590445801615715 -0.02702733688056469 0.08184774219989777
v -0.02820551209151745 -0.031191188842058182 0.08233918249607086
v -0.029423829168081284 -0.029972869902849197 0.0818038135766983
v -0.02590445801615715 -0.02702733688056469 0.08184774219989777
v -0.02590445801615715 -0.02702733688056469 0.08184774219989777
v -0.029423829168081284 -0.029972869902849197 0.0818038135766983
v -0.027187790721654892 -0.025769544765353203 0.08190317451953888
v -0.029423829168081284 -0.029972869902849197 0.0818038135766983
v -0.03041834570467472 -0.02897835336625576 0.08190812170505524
v -0.027187790721654892 -0.025769544765353203 0.08190317451953888
v -0.027187790721654892 -0.025769544765353203 0.08190317451953888
v -0.03041834570467472 -0.02897835336625576 0.08190812170505524
v -0.028140438720583916 -0.02482440508902073 0.0825309231877327
v -0.03041834570467472 -0.02897835336625576 0.08190812170505524
v -0.03140466660261154 -0.02799203246831894 0.0825812891125679
v -0.028140438720583916 -0.02482440508902073 0.0825309231877327
v -0.028140438720583916 -0.02482440508902073 0.0825309231877327
v -0.03140466660261154 -0.02799203246831894 0.0825812891125679
v -0.028943883255124092 -0.024022813886404037 0.08374877274036407
v -0.03217051550745964 -0.02722618170082569 0.08780170232057571
v -0.028942065313458443 -0.0239830631762743 0.08772648125886917
v -0.028568986803293228 -0.023753957822918892 0.08683444559574127
v -0.03217051550745964 -0.02722618170082569 0.08379806578159332
v -0.0286087766289711 -0.02371501736342907 0.08499498665332794
v -0.028943883255124092 -0.024022813886404037 0.08374877274036407
v -0.03217051550745964 -0.02722618170082569 0.08379806578159332
v -0.028568986803293228 -0.023753957822918892 0.08683444559574127
v -0.0286087766289711 -0.02371501736342907 0.08499498665332794
v -0.03217051550745964 -0.02722618170082569 0.08379806578159332
v -0.03217051550745964 -0.02722618170082569 0.08780170232057571
v -0.028568986803293228 -0.023753957822918892 0.08683444559574127
v -0.03140466660261154 -0.02799203246831894 0.08901847153902054
v -0.03217051550745964 -0.02722618170082569 0.08780170232057571
v -0.03226602077484131 -0.027130676433444023 0.09020061045885086
v -0.03226602077484131 -0.027130676433444023 0.09020061045885086
v -0.03217051550745964 -0.02722618170082569 0.08780170232057571
v -0.0332815907895565 -0.02611510641872883 0.08835138380527496
v -0.0332815907895565 -0.02611510641872883 0.08835138380527496
v -0.03217051550745964 -0.02722618170082569 0.08780170232057571
v -0.03370209038257599 -0.025694606825709343 0.08634014427661896
v -0.030797837302088737 -0.028598861768841743 0.0912562757730484
v -0.03140466660261154 -0.02799203246831894 0.08901847153902054
v -0.03226602077484131 -0.027130676433444023 0.09020061045885086
v -0.030797837302088737 -0.028598861768841743 0.0912562757730484
v -0.030248578637838364 -0.029148120433092117 0.08976621180772781
v -0.03140466660261154 -0.02799203246831894 0.08901847153902054
v -0.02969835139811039 -0.02969834767282009 0.09145940095186234
v -0.030248578637838364 -0.029148120433092117 0.08976621180772781
v -0.030797837302088737 -0.028598861768841743 0.0912562757730484
v -0.02969835139811039 -0.02969834767282009 0.09145940095186234
v -0.02897835709154606 -0.030418341979384422 0.08969183266162872
v -0.030248578637838364 -0.029148120433092117 0.08976621180772781
v -0.02859886735677719 -0.03079783171415329 0.0912562757730484
v -0.02897835709154606 -0.030418341979384422 0.08969183266162872
v -0.02969835139811039 -0.02969834767282009 0.09145940095186234
v -0.02859886735677719 -0.03079783171415329 0.0912562757730484
v -0.027992036193609238 -0.03140466287732124 0.08901847153902054
v -0.02897835709154606 -0.030418341979384422 0.08969183266162872
v -0.027543341740965843 -0.03185335919260979 0.09057213366031647
v -0.027992036193609238 -0.03140466287732124 0.08901847153902054
v -0.02859886735677719 -0.03079783171415329 0.0912562757730484
v -0.03217051550745964 -0.02722618170082569 0.08780170232057571
v -0.03217051550745964 -0.02722618170082569 0.08379806578159332
v -0.03370209038257599 -0.025694606825709343 0.08634014427661896
v -0.033589642494916916 -0.025807054713368416 0.08446669578552246
v -0.03217051550745964 -0.02722618170082569 0.08379806578159332
v -0.033011600375175476 -0.026385098695755005 0.08254440128803253
v -0.03370209038257599 -0.025694606825709343 0.08634014427661896
v -0.03217051550745964 -0.02722618170082569 0.08379806578159332
v -0.033589642494916916 -0.025807054713368416 0.08446669578552246
v -0.027543341740965843 -0.03185335919260979 0.09057213366031647
v -0.026555461809039116 -0.032841239124536514 0.089349165558815
v -0.027992036193609238 -0.03140466287732124 0.08901847153902054
v -0.03217051550745964 -0.02722618170082569 0.08379806578159332
v -0.03140466660261154 -0.02799203246831894 0.0825812891125679
v -0.033011600375175476 -0.026385098695755005 0.08254440128803253
v -0.026555461809039116 -0.032841239124536514 0.089349165558815
v -0.02722618728876114 -0.03217051178216934 0.08780170232057571
v -0.027992036193609238 -0.03140466287732124 0.08901847153902054
v -0.03140466660261154 -0.02799203246831894 0.0825812891125679
v -0.03179216384887695 -0.02760453335940838 0.0809604600071907
v -0.033011600375175476 -0.026385098695755005 0.08254440128803253
v -0.026555461809039116 -0.032841239124536514 0.089349165558815
v -0.02586703561246395 -0.03352966532111168 0.08748234063386917
v -0.02722618728876114 -0.03217051178216934 0.08780170232057571
v -0.03041834570467472 -0.02897835336625576 0.08190812170505524
v -0.03179216384887695 -0.02760453335940838 0.0809604600071907
v -0.03140466660261154 -0.02799203246831894 0.0825812891125679
v -0.03041834570467472 -0.02897835336625576 0.08190812170505524
v -0.030360976234078407 -0.029035722836852074 0.08018428832292557
v -0.03179216384887695 -0.02760453335940838 0.0809604600071907
v -0.02586703561246395 -0.03352966532111168 0.08748234063386917
v -0.025688838213682175 -0.033707860857248306 0.08516694605350494
v -0.02722618728876114 -0.03217051178216934 0.08780170232057571
v -0.029423829168081284 -0.029972869902849197 0.0818038135766983
v -0.030360976234078407 -0.029035722836852074 0.08018428832292557
v -0.03041834570467472 -0.02897835336625576 0.08190812170505524
v -0.02722618728876114 -0.03217051178216934 0.08780170232057571
v -0.025688838213682175 -0.033707860857248306 0.08516694605350494
v -0.02722618728876114 -0.03217051178216934 0.08379806578159332
v -0.029423829168081284 -0.029972869902849197 0.0818038135766983
v -0.028829116374254227 -0.030567582696676254 0.0802612453699112
v -0.030360976234078407 -0.029035722836852074 0.08018428832292557
v -0.02820551209151745 -0.031191188842058182 0.08233918249607086
v -0.028829116374254227 -0.030567582696676254 0.0802612453699112
v -0.029423829168081284 -0.029972869902849197 0.0818038135766983
v -0.02820551209151745 -0.031191188842058182 0.08233918249607086
v -0.027604538947343826 -0.031792160123586655 0.0809604600071907
v -0.028829116374254227 -0.030567582696676254 0.0802612453699112
v -0.025688838213682175 -0.033707860857248306 0.08516694605350494
v -0.026385104283690453 -0.03301159664988518 0.08254440128803253
v -0.02722618728876114 -0.03217051178216934 0.08379806578159332
v -0.02820551209151745 -0.031191188842058182 0.08233918249607086
v -0.026385104283690453 -0.03301159664988518 0.08254440128803253
v -0.027604538947343826 -0.031792160123586655 0.0809604600071907
v -0.02722618728876114 -0.03217051178216934 0.08379806578159332
v -0.026385104283690453 -0.03301159664988518 0.08254440128803253
v -0.02820551209151745 -0.031191188842058182 0.08233918249607086
v -0.034392036497592926 -0.02641911432147026 0.08643557131290436
v -0.03370209038257599 -0.025694606825709343 0.08634014427661896
v -0.03432203084230423 -0.026489119976758957 0.08457066118717194
v -0.03370209038257599 -0.025694606825709343 0.08634014427661896
v -0.033589642494916916 -0.025807054713368416 0.08446669578552246
v -0.03432203084230423 -0.026489119976758957 0.08457066118717194
v -0.029742952436208725 -0.03106820024549961 0.09141547232866287
v -0.02969835139811039 -0.02969834767282009 0.09145940095186234
v -0.031274814158678055 -0.029536336660385132 0.09133852273225784
v -0.02969835139811039 -0.02969834767282009 0.09145940095186234
v -0.030797837302088737 -0.028598861768841743 0.0912562757730484
v -0.031274814158678055 -0.029536336660385132 0.09133852273225784
v -0.03432203084230423 -0.026489119976758957 0.08457066118717194
v -0.033011600375175476 -0.026385098695755005 0.08254440128803253
v -0.033937398344278336 -0.02687375247478485 0.08304144442081451
v -0.033589642494916916 -0.025807054713368416 0.08446669578552246
v -0.033011600375175476 -0.026385098695755005 0.08254440128803253
v -0.03432203084230423 -0.026489119976758957 0.08457066118717194
v -0.031274814158678055 -0.029536336660385132 0.09133852273225784
v -0.030797837302088737 -0.028598861768841743 0.0912562757730484
v -0.03235609084367752 -0.028455059975385666 0.09079457074403763
v -0.030797837302088737 -0.028598861768841743 0.0912562757730484
v -0.03226602077484131 -0.027130676433444023 0.09020061045885086
v -0.03235609084367752 -0.028455059975385666 0.09079457074403763
v -0.033937398344278336 -0.02687375247478485 0.08304144442081451
v -0.033011600375175476 -0.026385098695755005 0.08254440128803253
v -0.03363259509205818 -0.027178557589650154 0.08231080323457718
v -0.03235609084367752 -0.028455059975385666 0.09079457074403763
v -0.03226602077484131 -0.027130676433444023 0.09020061045885086
v -0.03306019678711891 -0.027750954031944275 0.09015031158924103
v -0.033011600375175476 -0.026385098695755005 0.08254440128803253
v -0.03179216384887695 -0.02760453335940838 0.0809604600071907
v -0.03363259509205818 -0.027178557589650154 0.08231080323457718
v -0.03363259509205818 -0.027178557589650154 0.08231080323457718
v -0.03179216384887695 -0.02760453335940838 0.0809604600071907
v -0.03241855278611183 -0.028392598032951355 0.0808921530842781
v -0.03306019678711891 -0.027750954031944275 0.09015031158924103
v -0.0332815907895565 -0.02611510641872883 0.08835138380527496
v -0.03403012454509735 -0.026781029999256134 0.0882316306233406
v -0.03226602077484131 -0.027130676433444023 0.09020061045885086
v -0.0332815907895565 -0.02611510641872883 0.08835138380527496
v -0.03306019678711891 -0.027750954031944275 0.09015031158924103
v -0.03241855278611183 -0.028392598032951355 0.0808921530842781
v -0.030360976234078407 -0.029035722836852074 0.08018428832292557
v -0.031182724982500076 -0.02962842769920826 0.08023393899202347
v -0.03179216384887695 -0.02760453335940838 0.0809604600071907
v -0.030360976234078407 -0.029035722836852074 0.08018428832292557
v -0.03241855278611183 -0.028392598032951355 0.0808921530842781
v -0.03403012454509735 -0.026781029999256134 0.0882316306233406
v -0.03370209038257599 -0.025694606825709343 0.08634014427661896
v -0.034392036497592926 -0.02641911432147026 0.08643557131290436
v -0.0332815907895565 -0.02611510641872883 0.08835138380527496
v -0.03370209038257599 -0.025694606825709343 0.08634014427661896
v -0.03403012454509735 -0.026781029999256134 0.0882316306233406
v -0.031182724982500076 -0.02962842769920826 0.08023393899202347
v -0.030360976234078407 -0.029035722836852074 0.08018428832292557
v -0.02970084920525551 -0.031110303476452827 0.08018267899751663
v -0.03306019678711891 -0.027750954031944275 0.09015031158924103
v -0.03403012454509735 -0.026781029999256134 0.0882316306233406
v -0.034029364585876465 -0.02678178809583187 0.08849157392978668
v -0.03129015490412712 -0.029520995914936066 0.09143657237291336
v -0.031274814158678055 -0.029536336660385132 0.09133852273225784
v -0.03235609084367752 -0.028455059975385666 0.09079457074403763
v -0.03403012454509735 -0.026781029999256134 0.0882316306233406
v -0.03446263447403908 -0.026348518207669258 0.08644689619541168
v -0.034029364585876465 -0.02678178809583187 0.08849157392978668
v -0.03403012454509735 -0.026781029999256134 0.0882316306233406
v -0.034392036497592926 -0.02641911432147026 0.08643557131290436
v -0.03446263447403908 -0.026348518207669258 0.08644689619541168
v -0.03129015490412712 -0.029520995914936066 0.09143657237291336
v -0.029742952436208725 -0.03106820024549961 0.09141547232866287
v -0.031274814158678055 -0.029536336660385132 0.09133852273225784
v -0.029900183901190758 -0.030910968780517578 0.0915338546037674
v -0.029742952436208725 -0.03106820024549961 0.09141547232866287
v -0.03129015490412712 -0.029520995914936066 0.09143657237291336
v -0.03446263447403908 -0.026348518207669258 0.08644689619541168
v -0.03432203084230423 -0.026489119976758957 0.08457066118717194
v -0.034391362220048904 -0.026419788599014282 0.08454890549182892
v -0.034392036497592926 -0.02641911432147026 0.08643557131290436
v -0.03432203084230423 -0.026489119976758957 0.08457066118717194
v -0.03446263447403908 -0.026348518207669258 0.08644689619541168
v -0.02875768020749092 -0.032053474336862564 0.09102804213762283
v -0.029742952436208725 -0.03106820024549961 0.09141547232866287
v -0.029900183901190758 -0.030910968780517578 0.0915338546037674
v -0.03432203084230423 -0.026489119976758957 0.08457066118717194
v -0.033937398344278336 -0.02687375247478485 0.08304144442081451
v -0.034391362220048904 -0.026419788599014282 0.08454890549182892
v -0.027259359136223793 -0.03355179354548454 0.08947956562042236
v -0.027113530784845352 -0.03369762375950813 0.08904226124286652
v -0.0281270369887352 -0.032684117555618286 0.09053344279527664
v -0.03363259509205818 -0.027178557589650154 0.08231080323457718
v -0.03241855278611183 -0.028392598032951355 0.0808921530842781
v -0.03246183693408966 -0.028349313884973526 0.08077408373355865
v -0.027259359136223793 -0.03355179354548454 0.08947956562042236
v -0.02680855616927147 -0.03400259464979172 0.08842940628528595
v -0.027113530784845352 -0.03369762375950813 0.08904226124286652
v -0.03241855278611183 -0.028392598032951355 0.0808921530842781
v -0.031182724982500076 -0.02962842769920826 0.08023393899202347
v -0.03246183693408966 -0.028349313884973526 0.08077408373355865
v -0.02640015445649624 -0.0344109982252121 0.08691830188035965
v -0.02641911990940571 -0.03439203277230263 0.08643557131290436
v -0.02680855616927147 -0.03400259464979172 0.08842940628528595
v -0.031182724982500076 -0.02962842769920826 0.08023393899202347
v -0.03074331022799015 -0.030067842453718185 0.0800359919667244
v -0.03246183693408966 -0.028349313884973526 0.08077408373355865
v -0.02640015445649624 -0.0344109982252121 0.08691830188035965
v -0.026376930996775627 -0.03443422168493271 0.08477611094713211
v -0.02641911990940571 -0.03439203277230263 0.08643557131290436
v -0.02970084920525551 -0.031110303476452827 0.08018267899751663
v -0.03074331022799015 -0.030067842453718185 0.0800359919667244
v -0.031182724982500076 -0.02962842769920826 0.08023393899202347
v -0.026376930996775627 -0.03443422168493271 0.08477611094713211
v -0.026489125564694405 -0.03432202711701393 0.08457066118717194
v -0.02641911990940571 -0.03439203277230263 0.08643557131290436
v -0.02970084920525551 -0.031110303476452827 0.08018267899751663
v -0.028392603620886803 -0.03241854906082153 0.0808921530842781
v -0.028349319472908974 -0.03246183320879936 0.08077408373355865
v -0.026376930996775627 -0.03443422168493271 0.08477611094713211
v -0.027022620663046837 -0.0337885320186615 0.08254982531070709
v -0.026489125564694405 -0.03432202711701393 0.08457066118717194
v -0.026489125564694405 -0.03432202711701393 0.08457066118717194
v -0.027022620663046837 -0.0337885320186615 0.08254982531070709
v -0.026983592659235 -0.033827561885118484 0.08283860236406326
v -0.027022620663046837 -0.0337885320186615 0.08254982531070709
v -0.028349319472908974 -0.03246183320879936 0.08077408373355865
v -0.028392603620886803 -0.03241854906082153 0.0808921530842781
v -0.03446263447403908 -0.026348518207669258 0.08644689619541168
v -0.03545203059911728 -0.027480455115437508 0.08705086261034012
v -0.034029364585876465 -0.02678178809583187 0.08849157392978668
v -0.031129542738199234 -0.0318029448390007 0.08005382120609283
v -0.03252021223306656 -0.030412275344133377 0.08020640164613724
v -0.03074331022799015 -0.030067842453718185 0.0800359919667244
v -0.03545203059911728 -0.027480455115437508 0.08705086261034012
v -0.03494879975914955 -0.027983689680695534 0.08881331235170364
v -0.034029364585876465 -0.02678178809583187 0.08849157392978668
v -0.03074331022799015 -0.030067842453718185 0.0800359919667244
v -0.03252021223306656 -0.030412275344133377 0.08020640164613724
v -0.03246183693408966 -0.028349313884973526 0.08077408373355865
v -0.034029364585876465 -0.02678178809583187 0.08849157392978668
v -0.03494879975914955 -0.027983689680695534 0.08881331235170364
v -0.03306019678711891 -0.027750954031944275 0.09015031158924103
v -0.03494879975914955 -0.027983689680695534 0.08881331235170364
v -0.034194789826869965 -0.028737695887684822 0.09007960557937622
v -0.03306019678711891 -0.027750954031944275 0.09015031158924103
v -0.03252021223306656 -0.030412275344133377 0.08020640164613724
v -0.03415980935096741 -0.02877267822623253 0.08141763508319855
v -0.03246183693408966 -0.028349313884973526 0.08077408373355865
v -0.034194789826869965 -0.028737695887684822 0.09007960557937622
v -0.03306369483470917 -0.02986879087984562 0.09112955629825592
v -0.03306019678711891 -0.027750954031944275 0.09015031158924103
v -0.03306019678711891 -0.027750954031944275 0.09015031158924103
v -0.03306369483470917 -0.02986879087984562 0.09112955629825592
v -0.03235609084367752 -0.028455059975385666 0.09079457074403763
v -0.03246183693408966 -0.028349313884973526 0.08077408373355865
v -0.03415980935096741 -0.02877267822623253 0.08141763508319855
v -0.03363259509205818 -0.027178557589650154 0.08231080323457718
v -0.03235609084367752 -0.028455059975385666 0.09079457074403763
v -0.03306369483470917 -0.02986879087984562 0.09112955629825592
v -0.03129015490412712 -0.029520995914936066 0.09143657237291336
v -0.03363259509205818 -0.027178557589650154 0.08231080323457718
v -0.03506975993514061 -0.027862727642059326 0.08310975134372711
v -0.033937398344278336 -0.02687375247478485 0.08304144442081451
v -0.03415980935096741 -0.02877267822623253 0.08141763508319855
v -0.03506975993514061 -0.027862727642059326 0.08310975134372711
v -0.03363259509205818 -0.027178557589650154 0.08231080323457718
v -0.03306369483470917 -0.02986879087984562 0.09112955629825592
v -0.0312967412173748 -0.031635746359825134 0.0915953665971756
v -0.03129015490412712 -0.029520995914936066 0.09143657237291336
v -0.033937398344278336 -0.02687375247478485 0.08304144442081451
v -0.03506975993514061 -0.027862727642059326 0.08310975134372711
v -0.034391362220048904 -0.026419788599014282 0.08454890549182892
v -0.03129015490412712 -0.029520995914936066 0.09143657237291336
v -0.0312967412173748 -0.031635746359825134 0.0915953665971756
v -0.029900183901190758 -0.030910968780517578 0.0915338546037674
v -0.03506975993514061 -0.027862727642059326 0.08310975134372711
v -0.03551162779331207 -0.027420859783887863 0.08491827547550201
v -0.034391362220048904 -0.026419788599014282 0.08454890549182892
v -0.034391362220048904 -0.026419788599014282 0.08454890549182892
v -0.03551162779331207 -0.027420859783887863 0.08491827547550201
v -0.03446263447403908 -0.026348518207669258 0.08644689619541168
v -0.03551162779331207 -0.027420859783887863 0.08491827547550201
v -0.03545203059911728 -0.027480455115437508 0.08705086261034012
v -0.03446263447403908 -0.026348518207669258 0.08644689619541168
v -0.03388459235429764 -0.029063157737255096 0.08220823109149933
v -0.03429889678955078 -0.02866613306105137 0.0828864723443985
v -0.03415980935096741 -0.02877267822623253 0.08141763508319855
v -0.03415980935096741 -0.02877267822623253 0.08141763508319855
v -0.03429889678955078 -0.02866613306105137 0.0828864723443985
v -0.03506975993514061 -0.027862727642059326 0.08310975134372711
v -0.03415980935096741 -0.02877267822623253 0.08141763508319855
v -0.03332888334989548 -0.029637658968567848 0.08161838352680206
v -0.03388459235429764 -0.029063157737255096 0.08220823109149933
v -0.03429889678955078 -0.02866613306105137 0.0828864723443985
v -0.03452809154987335 -0.028436940163373947 0.08339925110340118
v -0.03506975993514061 -0.027862727642059326 0.08310975134372711
v -0.03252021223306656 -0.030412275344133377 0.08020640164613724
v -0.033014968037605286 -0.029950298368930817 0.0813726931810379
v -0.03415980935096741 -0.02877267822623253 0.08141763508319855
v -0.03415980935096741 -0.02877267822623253 0.08141763508319855
v -0.033014968037605286 -0.029950298368930817 0.0813726931810379
v -0.03332888334989548 -0.029637658968567848 0.08161838352680206
v -0.03452809154987335 -0.028436940163373947 0.08339925110340118
v -0.03466637060046196 -0.028298063203692436 0.08379228413105011
v -0.03506975993514061 -0.027862727642059326 0.08310975134372711
v -0.03252021223306656 -0.030412275344133377 0.08020640164613724
v -0.03278906270861626 -0.03017646074295044 0.08123130351305008
v -0.033014968037605286 -0.029950298368930817 0.0813726931810379
v -0.03506975993514061 -0.027862727642059326 0.08310975134372711
v -0.03476950526237488 -0.028195181861519814 0.08415825664997101
v -0.03551162779331207 -0.027420859783887863 0.08491827547550201
v -0.03466637060046196 -0.028298063203692436 0.08379228413105011
v -0.03476950526237488 -0.028195181861519814 0.08415825664997101
v -0.03506975993514061 -0.027862727642059326 0.08310975134372711
v -0.03252021223306656 -0.030412275344133377 0.08020640164613724
v -0.03258422762155533 -0.030389469116926193 0.08112180978059769
v -0.03278906270861626 -0.03017646074295044 0.08123130351305008
v -0.03476950526237488 -0.028195181861519814 0.08415825664997101
v -0.03485788777470589 -0.028106799349188805 0.084568090736866
v -0.03551162779331207 -0.027420859783887863 0.08491827547550201
v -0.03252021223306656 -0.030412275344133377 0.08020640164613724
v -0.032258231192827225 -0.03070266917347908 0.080998495221138
v -0.03258422762155533 -0.030389469116926193 0.08112180978059769
v -0.03485788777470589 -0.028106799349188805 0.084568090736866
v -0.034920983016490936 -0.02804413065314293 0.08499129116535187
v -0.03551162779331207 -0.027420859783887863 0.08491827547550201
v -0.034920983016490936 -0.02804413065314293 0.08499129116535187
v -0.03495524451136589 -0.02801019698381424 0.08538474142551422
v -0.03551162779331207 -0.027420859783887863 0.08491827547550201
v -0.03495524451136589 -0.02801019698381424 0.08538474142551422
v -0.03496763855218887 -0.028001688420772552 0.0857473760843277
v -0.03551162779331207 -0.027420859783887863 0.08491827547550201
v -0.03551162779331207 -0.027420859783887863 0.08491827547550201
v -0.03496763855218887 -0.028001688420772552 0.0857473760843277
v -0.03545203059911728 -0.027480455115437508 0.08705086261034012
v -0.03252021223306656 -0.030412275344133377 0.08020640164613724
v -0.03129580616950989 -0.03163668140769005 0.08173568546772003
v -0.032258231192827225 -0.03070266917347908 0.080998495221138
v -0.032258231192827225 -0.03070266917347908 0.080998495221138
v -0.03129580616950989 -0.03163668140769005 0.08173568546772003
v -0.03224389627575874 -0.030688589438796043 0.08188886195421219
v -0.03496763855218887 -0.028001688420772552 0.0857473760843277
v -0.034942690283060074 -0.027992499992251396 0.08666010200977325
v -0.03545203059911728 -0.027480455115437508 0.08705086261034012
v -0.031129542738199234 -0.0318029448390007 0.08005382120609283
v -0.03129580616950989 -0.03163668140769005 0.08173568546772003
v -0.03252021223306656 -0.030412275344133377 0.08020640164613724
v -0.030103301629424095 -0.03282918781042099 0.08036918193101883
v -0.030703729018568993 -0.03225927799940109 0.08100040256977081
v -0.031129542738199234 -0.0318029448390007 0.08005382120609283
v -0.030703729018568993 -0.03225927799940109 0.08100040256977081
v -0.03129580616950989 -0.03163668140769005 0.08173568546772003
v -0.031129542738199234 -0.0318029448390007 0.08005382120609283
v -0.030103301629424095 -0.03282918781042099 0.08036918193101883
v -0.030390029773116112 -0.03258579224348068 0.08112294226884842
v -0.030703729018568993 -0.03225927799940109 0.08100040256977081
v -0.034942690283060074 -0.027992499992251396 0.08666010200977325
v -0.03467383235692978 -0.028275683522224426 0.08781374245882034
v -0.03545203059911728 -0.027480455115437508 0.08705086261034012
v -0.03467383235692978 -0.028275683522224426 0.08781374245882034
v -0.03494879975914955 -0.027983689680695534 0.08881331235170364
v -0.03545203059911728 -0.027480455115437508 0.08705086261034012
v -0.030703729018568993 -0.03225927799940109 0.08100040256977081
v -0.030688468366861343 -0.03224401921033859 0.0819021612405777
v -0.03129580616950989 -0.03163668140769005 0.08173568546772003
v -0.030103301629424095 -0.03282918781042099 0.08036918193101883
v -0.03015447035431862 -0.03281266614794731 0.08124519139528275
v -0.030390029773116112 -0.03258579224348068 0.08112294226884842
v -0.030103301629424095 -0.03282918781042099 0.08036918193101883
v -0.028772683814167976 -0.03415980562567711 0.08141763508319855
v -0.03015447035431862 -0.03281266614794731 0.08124519139528275
v -0.028772683814167976 -0.03415980562567711 0.08141763508319855
v -0.02958890236914158 -0.03338691592216492 0.08167368918657303
v -0.03015447035431862 -0.03281266614794731 0.08124519139528275
v -0.03467383235692978 -0.028275683522224426 0.08781374245882034
v -0.03437146916985512 -0.028594817966222763 0.08855481445789337
v -0.03494879975914955 -0.027983689680695534 0.08881331235170364
v -0.03437146916985512 -0.028594817966222763 0.08855481445789337
v -0.034201156347990036 -0.02873200923204422 0.08895033597946167
v -0.03494879975914955 -0.027983689680695534 0.08881331235170364
v -0.028772683814167976 -0.03415980562567711 0.08141763508319855
v -0.029105940833687782 -0.03386557847261429 0.08220595866441727
v -0.02958890236914158 -0.03338691592216492 0.08167368918657303
v -0.034201156347990036 -0.02873200923204422 0.08895033597946167
v -0.034194789826869965 -0.028737695887684822 0.09007960557937622
v -0.03494879975914955 -0.027983689680695534 0.08881331235170364
v -0.034201156347990036 -0.02873200923204422 0.08895033597946167
v -0.03398047015070915 -0.028989436104893684 0.08922971040010452
v -0.034194789826869965 -0.028737695887684822 0.09007960557937622
v -0.029105940833687782 -0.03386557847261429 0.08220595866441727
v -0.028772683814167976 -0.03415980562567711 0.08141763508319855
v -0.0289396233856678 -0.0340256467461586 0.08242905884981155
v -0.033278096467256546 -0.02965439110994339 0.08893634378910065
v -0.03293013200163841 -0.030002355575561523 0.08929337561130524
v -0.03398047015070915 -0.028989436104893684 0.08922971040010452
v -0.03293013200163841 -0.030002355575561523 0.08929337561130524
v -0.034194789826869965 -0.028737695887684822 0.09007960557937622
v -0.03398047015070915 -0.028989436104893684 0.08922971040010452
v -0.028772683814167976 -0.03415980562567711 0.08141763508319855
v -0.028590865433216095 -0.034380488097667694 0.0830618217587471
v -0.0289396233856678 -0.0340256467461586 0.08242905884981155
v -0.028772683814167976 -0.03415980562567711 0.08141763508319855
v -0.027862733229994774 -0.03506975620985031 0.08310975134372711
v -0.028590865433216095 -0.034380488097667694 0.0830618217587471
v -0.03293013200163841 -0.030002355575561523 0.08929337561130524
v -0.03306369483470917 -0.02986879087984562 0.09112955629825592
v -0.034194789826869965 -0.028737695887684822 0.09007960557937622
v -0.027862733229994774 -0.03506975620985031 0.08310975134372711
v -0.028427205979824066 -0.03453680872917175 0.08342362195253372
v -0.028590865433216095 -0.034380488097667694 0.0830618217587471
v -0.027862733229994774 -0.03506975620985031 0.08310975134372711
v -0.028295880183577538 -0.034669067710638046 0.08379872143268585
v -0.028427205979824066 -0.03453680872917175 0.08342362195253372
v -0.03293013200163841 -0.030002355575561523 0.08929337561130524
v -0.03290977329015732 -0.030060220509767532 0.09029103070497513
v -0.03306369483470917 -0.02986879087984562 0.09112955629825592
v -0.03290977329015732 -0.030060220509767532 0.09029103070497513
v -0.03260960802435875 -0.0303554218262434 0.09046049416065216
v -0.03306369483470917 -0.02986879087984562 0.09112955629825592
v -0.027862733229994774 -0.03506975620985031 0.08310975134372711
v -0.02818170189857483 -0.034780628979206085 0.08420021086931229
v -0.028295880183577538 -0.034669067710638046 0.08379872143268585
v -0.027862733229994774 -0.03506975620985031 0.08310975134372711
v -0.02742086537182331 -0.035511620342731476 0.08491827547550201
v -0.02818170189857483 -0.034780628979206085 0.08420021086931229
v -0.03260960802435875 -0.0303554218262434 0.09046049416065216
v -0.03228844702243805 -0.030680455267429352 0.09059156477451324
v -0.03306369483470917 -0.02986879087984562 0.09112955629825592
v -0.02818170189857483 -0.034780628979206085 0.08420021086931229
v -0.02742086537182331 -0.035511620342731476 0.08491827547550201
v -0.028097912669181824 -0.03486685827374458 0.08462019264698029
v -0.028097912669181824 -0.03486685827374458 0.08462019264698029
v -0.02742086537182331 -0.035511620342731476 0.08491827547550201
v -0.028043076395988464 -0.03492270037531853 0.08499957621097565
v -0.03228844702243805 -0.030680455267429352 0.09059156477451324
v -0.0312967412173748 -0.031635746359825134 0.0915953665971756
v -0.03306369483470917 -0.02986879087984562 0.09112955629825592
v -0.03204769268631935 -0.030915383249521255 0.09065981209278107
v -0.0312967412173748 -0.031635746359825134 0.0915953665971756
v -0.03228844702243805 -0.030680455267429352 0.09059156477451324
v -0.028043076395988464 -0.03492270037531853 0.08499957621097565
v -0.02742086537182331 -0.035511620342731476 0.08491827547550201
v -0.028006240725517273 -0.03495953604578972 0.08545078337192535
v -0.031201152130961418 -0.03175502270460129 0.09071876108646393
v -0.0312967412173748 -0.031635746359825134 0.0915953665971756
v -0.03204769268631935 -0.030915383249521255 0.09065981209278107
v -0.028006240725517273 -0.03495953604578972 0.08545078337192535
v -0.02742086537182331 -0.035511620342731476 0.08491827547550201
v -0.027994781732559204 -0.034967973828315735 0.0858621746301651
v -0.027994781732559204 -0.034967973828315735 0.0858621746301651
v -0.027480462566018105 -0.03545202687382698 0.08705086261034012
v -0.02801252156496048 -0.03495325893163681 0.08624662458896637
v -0.02742086537182331 -0.035511620342731476 0.08491827547550201
v -0.027480462566018105 -0.03545202687382698 0.08705086261034012
v -0.027994781732559204 -0.034967973828315735 0.0858621746301651
v -0.02801252156496048 -0.03495325893163681 0.08624662458896637
v -0.027480462566018105 -0.03545202687382698 0.08705086261034012
v -0.02805631421506405 -0.034911997616291046 0.08668447285890579
v -0.02805631421506405 -0.034911997616291046 0.08668447285890579
v -0.027480462566018105 -0.03545202687382698 0.08705086261034012
v -0.028160203248262405 -0.03480549156665802 0.08729000389575958
v -0.030588120222091675 -0.03235962986946106 0.09059049189090729
v -0.0312967412173748 -0.031635746359825134 0.0915953665971756
v -0.031201152130961418 -0.03175502270460129 0.09071876108646393
v -0.029654396697878838 -0.03327809274196625 0.08893634378910065
v -0.028983671218156815 -0.0339789092540741 0.08923180401325226
v -0.03000236116349697 -0.032930128276348114 0.08929337561130524
v -0.028160203248262405 -0.03480549156665802 0.08729000389575958
v -0.027480462566018105 -0.03545202687382698 0.08705086261034012
v -0.02833920158445835 -0.03462202474474907 0.08795638382434845
v -0.030588120222091675 -0.03235962986946106 0.09059049189090729
v -0.02971622534096241 -0.033216264098882675 0.09101660549640656
v -0.0312967412173748 -0.031635746359825134 0.0915953665971756
v -0.030377214774489403 -0.03259151801466942 0.09047599136829376
v -0.02971622534096241 -0.033216264098882675 0.09101660549640656
v -0.030588120222091675 -0.03235962986946106 0.09059049189090729
v -0.027480462566018105 -0.03545202687382698 0.08705086261034012
v -0.02798369526863098 -0.034948792308568954 0.08881331235170364
v -0.02833920158445835 -0.03462202474474907 0.08795638382434845
v -0.030058924108743668 -0.03290838375687599 0.0902918130159378
v -0.02971622534096241 -0.033216264098882675 0.09101660549640656
v -0.030377214774489403 -0.03259151801466942 0.09047599136829376
v -0.02833920158445835 -0.03462202474474907 0.08795638382434845
v -0.02798369526863098 -0.034948792308568954 0.08881331235170364
v -0.028481870889663696 -0.03448669612407684 0.08830954134464264
v -0.03000236116349697 -0.032930128276348114 0.08929337561130524
v -0.02971622534096241 -0.033216264098882675 0.09101660549640656
v -0.030058924108743668 -0.03290838375687599 0.0902918130159378
v -0.028983671218156815 -0.0339789092540741 0.08923180401325226
v -0.02873770147562027 -0.034194786101579666 0.09007960557937622
v -0.03000236116349697 -0.032930128276348114 0.08929337561130524
v -0.03000236116349697 -0.032930128276348114 0.08929337561130524
v -0.02873770147562027 -0.034194786101579666 0.09007960557937622
v -0.02971622534096241 -0.033216264098882675 0.09101660549640656
v -0.028481870889663696 -0.03448669612407684 0.08830954134464264
v -0.02798369526863098 -0.034948792308568954 0.08881331235170364
v -0.028645867481827736 -0.03433416783809662 0.08865506201982498
v -0.028645867481827736 -0.03433416783809662 0.08865506201982498
v -0.02873770147562027 -0.034194786101579666 0.09007960557937622
v -0.028983671218156815 -0.0339789092540741 0.08923180401325226
v -0.02798369526863098 -0.034948792308568954 0.08881331235170364
v -0.02873770147562027 -0.034194786101579666 0.09007960557937622
v -0.028645867481827736 -0.03433416783809662 0.08865506201982498
v -0.030058924108743668 -0.03290838375687599 0.0902918130159378
v -0.031085025519132614 -0.03394021466374397 0.09025157243013382
v -0.03000236116349697 -0.032930128276348114 0.08929337561130524
v -0.031085025519132614 -0.03394021466374397 0.09025157243013382
v -0.03164377063512802 -0.03457018733024597 0.0892924815416336
v -0.03000236116349697 -0.032930128276348114 0.08929337561130524
v -0.03265625238418579 -0.03235568106174469 0.09069056063890457
v -0.033114731311798096 -0.031917933374643326 0.09061212092638016
v -0.03363293036818504 -0.0325876921415329 0.08981282263994217
v -0.03164377063512802 -0.03457018733024597 0.0892924815416336
v -0.031085025519132614 -0.03394021466374397 0.09025157243013382
v -0.03246690332889557 -0.033750250935554504 0.08976621180772781
v -0.0315110869705677 -0.033497124910354614 0.09048779308795929
v -0.03246690332889557 -0.033750250935554504 0.08976621180772781
v -0.031085025519132614 -0.03394021466374397 0.09025157243013382
v -0.0315110869705677 -0.033497124910354614 0.09048779308795929
v -0.03191084414720535 -0.03311305493116379 0.09061433374881744
v -0.03246690332889557 -0.033750250935554504 0.08976621180772781
v -0.03246690332889557 -0.033750250935554504 0.08976621180772781
v -0.03221303969621658 -0.032813966274261475 0.09066928178071976
v -0.03363293036818504 -0.0325876921415329 0.08981282263994217
v -0.03191084414720535 -0.03311305493116379 0.09061433374881744
v -0.03221303969621658 -0.032813966274261475 0.09066928178071976
v -0.03246690332889557 -0.033750250935554504 0.08976621180772781
v -0.03265625238418579 -0.03235568106174469 0.09069056063890457
v -0.03363293036818504 -0.0325876921415329 0.08981282263994217
v -0.03221303969621658 -0.032813966274261475 0.09066928178071976
v -0.033442892134189606 -0.031564150005578995 0.09051372110843658
v -0.03363293036818504 -0.0325876921415329 0.08981282263994217
v -0.033114731311798096 -0.031917933374643326 0.09061212092638016
v -0.03363293036818504 -0.0325876921415329 0.08981282263994217
v -0.033943090587854385 -0.031087636947631836 0.09024853259325027
v -0.03457019478082657 -0.031643763184547424 0.0892924815416336
v -0.033442892134189606 -0.031564150005578995 0.09051372110843658
v -0.033943090587854385 -0.031087636947631836 0.09024853259325027
v -0.03363293036818504 -0.0325876921415329 0.08981282263994217
v -0.033129557967185974 -0.034286342561244965 0.09061963111162186
v -0.03246690332889557 -0.033750250935554504 0.08976621180772781
v -0.03356342390179634 -0.03385583683848381 0.09068860113620758
v -0.03272884339094162 -0.034703079611063004 0.0904926061630249
v -0.03246690332889557 -0.033750250935554504 0.08976621180772781
v -0.033129557967185974 -0.034286342561244965 0.09061963111162186
v -0.03228515759110451 -0.03514060005545616 0.09025134146213531
v -0.03164377063512802 -0.03457018733024597 0.0892924815416336
v -0.03272884339094162 -0.034703079611063004 0.0904926061630249
v -0.03272884339094162 -0.034703079611063004 0.0904926061630249
v -0.03164377063512802 -0.03457018733024597 0.0892924815416336
v -0.03246690332889557 -0.033750250935554504 0.08976621180772781
v -0.03363293036818504 -0.0325876921415329 0.08981282263994217
v -0.03356342390179634 -0.03385583683848381 0.09068860113620758
v -0.03246690332889557 -0.033750250935554504 0.08976621180772781
v -0.03457019478082657 -0.031643763184547424 0.0892924815416336
v -0.037526629865169525 -0.034598007798194885 0.08928044140338898
v -0.0351429283618927 -0.03228789567947388 0.09025587141513824
v -0.037526629865169525 -0.034598007798194885 0.08928044140338898
v -0.037478748708963394 -0.03462245315313339 0.09023137390613556
v -0.0351429283618927 -0.03228789567947388 0.09025587141513824
v -0.03670148923993111 -0.03538748249411583 0.09058774262666702
v -0.03643301874399185 -0.035670287907123566 0.09063507616519928
v -0.03626907989382744 -0.03581880033016205 0.0906691625714302
v -0.03461823984980583 -0.037473682314157486 0.09023739397525787
v -0.03459801524877548 -0.03752662241458893 0.08928044140338898
v -0.03228515759110451 -0.03514060005545616 0.09025134146213531
v -0.03228515759110451 -0.03514060005545616 0.09025134146213531
v -0.03459801524877548 -0.03752662241458893 0.08928044140338898
v -0.03164377063512802 -0.03457018733024597 0.0892924815416336
v -0.03693260997533798 -0.03519202396273613 0.08968092501163483
v -0.037478748708963394 -0.03462245315313339 0.09023137390613556
v -0.037526629865169525 -0.034598007798194885 0.08928044140338898
v -0.03693260997533798 -0.03519202396273613 0.08968092501163483
v -0.03721608966588974 -0.03487145155668259 0.09038813412189484
v -0.037478748708963394 -0.03462245315313339 0.09023137390613556
v -0.03693260997533798 -0.03519202396273613 0.08968092501163483
v -0.0369844026863575 -0.03510245680809021 0.09049351513385773
v -0.03721608966588974 -0.03487145155668259 0.09038813412189484
v -0.03693260997533798 -0.03519202396273613 0.08968092501163483
v -0.03670148923993111 -0.03538748249411583 0.09058774262666702
v -0.0369844026863575 -0.03510245680809021 0.09049351513385773
v -0.036062322556972504 -0.03606231510639191 0.08985824137926102
v -0.03643301874399185 -0.035670287907123566 0.09063507616519928
v -0.03693260997533798 -0.03519202396273613 0.08968092501163483
v -0.03693260997533798 -0.03519202396273613 0.08968092501163483
v -0.03643301874399185 -0.035670287907123566 0.09063507616519928
v -0.03670148923993111 -0.03538748249411583 0.09058774262666702
v -0.036062322556972504 -0.03606231510639191 0.08985824137926102
v -0.03626907989382744 -0.03581880033016205 0.0906691625714302
v -0.03643301874399185 -0.035670287907123566 0.09063507616519928
v -0.036062322556972504 -0.03606231510639191 0.08985824137926102
v -0.03574699908494949 -0.036334387958049774 0.09067042171955109
v -0.03626907989382744 -0.03581880033016205 0.0906691625714302
v -0.03519203141331673 -0.036932606250047684 0.08968092501163483
v -0.03546107932925224 -0.03662731125950813 0.09060968458652496
v -0.036062322556972504 -0.03606231510639191 0.08985824137926102
v -0.036062322556972504 -0.03606231510639191 0.08985824137926102
v -0.03546107932925224 -0.03662731125950813 0.09060968458652496
v -0.03574699908494949 -0.036334387958049774 0.09067042171955109
v -0.03519203141331673 -0.036932606250047684 0.08968092501163483
v -0.034896619617938995 -0.03720179572701454 0.09039010107517242
v -0.03546107932925224 -0.03662731125950813 0.09060968458652496
v -0.03459801524877548 -0.03752662241458893 0.08928044140338898
v -0.03461823984980583 -0.037473682314157486 0.09023739397525787
v -0.03519203141331673 -0.036932606250047684 0.08968092501163483
v -0.03519203141331673 -0.036932606250047684 0.08968092501163483
v -0.03461823984980583 -0.037473682314157486 0.09023739397525787
v -0.034896619617938995 -0.03720179572701454 0.09039010107517242
v -0.03921191021800041 -0.033726491034030914 0.0868988111615181
v -0.0390598438680172 -0.033869706094264984 0.0874793604016304
v -0.03861388936638832 -0.03351074457168579 0.08766628056764603
v -0.0390598438680172 -0.033869706094264984 0.0874793604016304
v -0.038877010345458984 -0.034070827066898346 0.08794970065355301
v -0.03861388936638832 -0.03351074457168579 0.08766628056764603
v -0.03129580616950989 -0.03163668140769005 0.08173568546772003
v -0.03684738650918007 -0.036088909953832626 0.08180232346057892
v -0.03224389627575874 -0.030688589438796043 0.08188886195421219
v -0.036502107977867126 -0.0364362932741642 0.08177252113819122
v -0.03684738650918007 -0.036088909953832626 0.08180232346057892
v -0.03129580616950989 -0.03163668140769005 0.08173568546772003
v -0.038877010345458984 -0.034070827066898346 0.08794970065355301
v -0.03790805861353874 -0.03421657904982567 0.08894200623035431
v -0.03861388936638832 -0.03351074457168579 0.08766628056764603
v -0.038877010345458984 -0.034070827066898346 0.08794970065355301
v -0.038641829043626785 -0.034303899854421616 0.08840353041887283
v -0.03790805861353874 -0.03421657904982567 0.08894200623035431
v -0.03224389627575874 -0.030688589438796043 0.08188886195421219
v -0.03684738650918007 -0.036088909953832626 0.08180232346057892
v -0.03390899673104286 -0.03232249990105629 0.08186805993318558
v -0.03684738650918007 -0.036088909953832626 0.08180232346057892
v -0.03684009984135628 -0.03528453782200813 0.0819021612405777
v -0.03390899673104286 -0.03232249990105629 0.08186805993318558
v -0.03684738650918007 -0.036088909953832626 0.08180232346057892
v -0.03728790953755379 -0.03564906492829323 0.08194351941347122
v -0.03684009984135628 -0.03528453782200813 0.0819021612405777
v -0.038641829043626785 -0.034303899854421616 0.08840353041887283
v -0.038389161229133606 -0.034547217190265656 0.08877821266651154
v -0.03790805861353874 -0.03421657904982567 0.08894200623035431
v -0.03728790953755379 -0.03564906492829323 0.08194351941347122
v -0.037546560168266296 -0.035387877374887466 0.08207209408283234
v -0.03747820109128952 -0.03464643284678459 0.08225156366825104
v -0.03493615239858627 -0.031292639672756195 0.08893938362598419
v -0.03293013200163841 -0.030002355575561523 0.08929337561130524
v -0.033278096467256546 -0.02965439110994339 0.08893634378910065
v -0.037546560168266296 -0.035387877374887466 0.08207209408283234
v -0.03779936209321022 -0.03513753041625023 0.08223958313465118
v -0.03747820109128952 -0.03464643284678459 0.08225156366825104
v -0.03779936209321022 -0.03513753041625023 0.08223958313465118
v -0.03816764056682587 -0.0347757413983345 0.08256775885820389
v -0.03747820109128952 -0.03464643284678459 0.08225156366825104
v -0.03816764056682587 -0.0347757413983345 0.08256775885820389
v -0.03833555430173874 -0.03378908336162567 0.08329690247774124
v -0.03747820109128952 -0.03464643284678459 0.08225156366825104
v -0.03816764056682587 -0.0347757413983345 0.08256775885820389
v -0.038626741617918015 -0.03431191295385361 0.08316858112812042
v -0.03833555430173874 -0.03378908336162567 0.08329690247774124
v -0.03790805861353874 -0.03421657904982567 0.08894200623035431
v -0.038066696375608444 -0.034869853407144547 0.08913607150316238
v -0.03493615239858627 -0.031292639672756195 0.08893938362598419
v -0.038389161229133606 -0.034547217190265656 0.08877821266651154
v -0.038066696375608444 -0.034869853407144547 0.08913607150316238
v -0.03790805861353874 -0.03421657904982567 0.08894200623035431
v -0.03493615239858627 -0.031292639672756195 0.08893938362598419
v -0.038066696375608444 -0.034869853407144547 0.08913607150316238
v -0.03293013200163841 -0.030002355575561523 0.08929337561130524
v -0.03293013200163841 -0.030002355575561523 0.08929337561130524
v -0.038066696375608444 -0.034869853407144547 0.08913607150316238
v -0.03457019478082657 -0.031643763184547424 0.0892924815416336
v -0.038066696375608444 -0.034869853407144547 0.08913607150316238
v -0.037526629865169525 -0.034598007798194885 0.08928044140338898
v -0.03457019478082657 -0.031643763184547424 0.0892924815416336
v -0.038066696375608444 -0.034869853407144547 0.08913607150316238
v -0.03776340186595917 -0.035169340670108795 0.08939212560653687
v -0.037526629865169525 -0.034598007798194885 0.08928044140338898
v -0.038626741617918015 -0.03431191295385361 0.08316858112812042
v -0.03892147168517113 -0.03401574492454529 0.0837475061416626
v -0.03833555430173874 -0.03378908336162567 0.08329690247774124
v -0.03892147168517113 -0.03401574492454529 0.0837475061416626
v -0.038841988891363144 -0.03328264504671097 0.08472901582717896
v -0.03833555430173874 -0.03378908336162567 0.08329690247774124
v -0.03776340186595917 -0.035169340670108795 0.08939212560653687
v -0.03713870793581009 -0.03580373898148537 0.08972068130970001
v -0.03693260997533798 -0.03519202396273613 0.08968092501163483
v -0.03892147168517113 -0.03401574492454529 0.0837475061416626
v -0.03915800526738167 -0.03377896919846535 0.08446939289569855
v -0.038841988891363144 -0.03328264504671097 0.08472901582717896
v -0.03915800526738167 -0.03377896919846535 0.08446939289569855
v -0.039262864738702774 -0.033673595637083054 0.0850306823849678
v -0.038841988891363144 -0.03328264504671097 0.08472901582717896
v -0.03713870793581009 -0.03580373898148537 0.08972068130970001
v -0.03673924505710602 -0.03620118275284767 0.08980673551559448
v -0.03693260997533798 -0.03519202396273613 0.08968092501163483
v -0.03693260997533798 -0.03519202396273613 0.08968092501163483
v -0.03673924505710602 -0.03620118275284767 0.08980673551559448
v -0.036062322556972504 -0.03606231510639191 0.08985824137926102
v -0.039262864738702774 -0.033673595637083054 0.0850306823849678
v -0.03931192308664322 -0.03362243250012398 0.08554227650165558
v -0.038841988891363144 -0.03328264504671097 0.08472901582717896
v -0.03931192308664322 -0.03362243250012398 0.08554227650165558
v -0.03891899064183235 -0.03320564329624176 0.0863267332315445
v -0.038841988891363144 -0.03328264504671097 0.08472901582717896
v -0.03673924505710602 -0.03620118275284767 0.08980673551559448
v -0.03643588349223137 -0.03650251775979996 0.08982737362384796
v -0.036062322556972504 -0.03606231510639191 0.08985824137926102
v -0.03747820109128952 -0.03464643284678459 0.08225156366825104
v -0.03684009984135628 -0.03528453782200813 0.0819021612405777
v -0.03728790953755379 -0.03564906492829323 0.08194351941347122
v -0.03693260997533798 -0.03519202396273613 0.08968092501163483
v -0.037526629865169525 -0.034598007798194885 0.08928044140338898
v -0.03776340186595917 -0.035169340670108795 0.08939212560653687
v -0.03931192308664322 -0.03362243250012398 0.08554227650165558
v -0.03929944336414337 -0.033633384853601456 0.08622904121875763
v -0.03891899064183235 -0.03320564329624176 0.0863267332315445
v -0.03929944336414337 -0.033633384853601456 0.08622904121875763
v -0.03921191021800041 -0.033726491034030914 0.0868988111615181
v -0.03891899064183235 -0.03320564329624176 0.0863267332315445
v -0.03921191021800041 -0.033726491034030914 0.0868988111615181
v -0.03861388936638832 -0.03351074457168579 0.08766628056764603
v -0.03891899064183235 -0.03320564329624176 0.0863267332315445
v -0.03816764056682587 -0.0347757413983345 0.08256775885820389
v -0.03827819228172302 -0.03469502925872803 0.08352555334568024
v -0.038626741617918015 -0.03431191295385361 0.08316858112812042
v -0.03816764056682587 -0.0347757413983345 0.08256775885820389
v -0.03791041672229767 -0.03506280109286308 0.0830540731549263
v -0.03827819228172302 -0.03469502925872803 0.08352555334568024
v -0.038626741617918015 -0.03431191295385361 0.08316858112812042
v -0.03857031092047691 -0.034402910619974136 0.08409412205219269
v -0.03892147168517113 -0.03401574492454529 0.0837475061416626
v -0.03827819228172302 -0.03469502925872803 0.08352555334568024
v -0.03857031092047691 -0.034402910619974136 0.08409412205219269
v -0.038626741617918015 -0.03431191295385361 0.08316858112812042
v -0.03779936209321022 -0.03513753041625023 0.08223958313465118
v -0.037484314292669296 -0.035488907247781754 0.08270122110843658
v -0.03816764056682587 -0.0347757413983345 0.08256775885820389
v -0.03816764056682587 -0.0347757413983345 0.08256775885820389
v -0.037484314292669296 -0.035488907247781754 0.08270122110843658
v -0.03791041672229767 -0.03506280109286308 0.0830540731549263
v -0.03892147168517113 -0.03401574492454529 0.0837475061416626
v -0.03877168893814087 -0.03420153260231018 0.08472885191440582
v -0.03915800526738167 -0.03377896919846535 0.08446939289569855
v -0.03857031092047691 -0.034402910619974136 0.08409412205219269
v -0.03877168893814087 -0.03420153260231018 0.08472885191440582
v -0.03892147168517113 -0.03401574492454529 0.0837475061416626
v -0.03728790953755379 -0.03564906492829323 0.08194351941347122
v -0.037484314292669296 -0.035488907247781754 0.08270122110843658
v -0.037546560168266296 -0.035387877374887466 0.08207209408283234
v -0.037546560168266296 -0.035387877374887466 0.08207209408283234
v -0.037484314292669296 -0.035488907247781754 0.08270122110843658
v -0.03779936209321022 -0.03513753041625023 0.08223958313465118
v -0.03728790953755379 -0.03564906492829323 0.08194351941347122
v -0.03702467307448387 -0.03594854846596718 0.08248180896043777
v -0.037484314292669296 -0.035488907247781754 0.08270122110843658
v -0.03684738650918007 -0.036088909953832626 0.08180232346057892
v -0.03702467307448387 -0.03594854846596718 0.08248180896043777
v -0.03728790953755379 -0.03564906492829323 0.08194351941347122
v -0.03915800526738167 -0.03377896919846535 0.08446939289569855
v -0.03887781500816345 -0.0340954065322876 0.08540327101945877
v -0.039262864738702774 -0.033673595637083054 0.0850306823849678
v -0.03877168893814087 -0.03420153260231018 0.08472885191440582
v -0.03887781500816345 -0.0340954065322876 0.08540327101945877
v -0.03915800526738167 -0.03377896919846535 0.08446939289569855
v -0.03684738650918007 -0.036088909953832626 0.08180232346057892
v -0.03658891096711159 -0.03638431057333946 0.08239956200122833
v -0.03702467307448387 -0.03594854846596718 0.08248180896043777
v -0.036502107977867126 -0.0364362932741642 0.08177252113819122
v -0.03658891096711159 -0.03638431057333946 0.08239956200122833
v -0.03684738650918007 -0.036088909953832626 0.08180232346057892
v -0.039262864738702774 -0.033673595637083054 0.0850306823849678
v -0.03887781500816345 -0.0340954065322876 0.08540327101945877
v -0.03931192308664322 -0.03362243250012398 0.08554227650165558
v -0.03620082139968872 -0.03673960268497467 0.08179302513599396
v -0.03658891096711159 -0.03638431057333946 0.08239956200122833
v -0.036502107977867126 -0.0364362932741642 0.08177252113819122
v -0.03931192308664322 -0.03362243250012398 0.08554227650165558
v -0.038883503526449203 -0.03408971428871155 0.08612121641635895
v -0.03929944336414337 -0.033633384853601456 0.08622904121875763
v -0.03887781500816345 -0.0340954065322876 0.08540327101945877
v -0.038883503526449203 -0.03408971428871155 0.08612121641635895
v -0.03931192308664322 -0.03362243250012398 0.08554227650165558
v -0.03620082139968872 -0.03673960268497467 0.08179302513599396
v -0.036128196865320206 -0.036845024675130844 0.08243293315172195
v -0.03658891096711159 -0.03638431057333946 0.08239956200122833
v -0.03929944336414337 -0.033633384853601456 0.08622904121875763
v -0.038883503526449203 -0.03408971428871155 0.08612121641635895
v -0.03921191021800041 -0.033726491034030914 0.0868988111615181
v -0.03590879589319229 -0.0370238795876503 0.08184856921434402
v -0.036128196865320206 -0.036845024675130844 0.08243293315172195
v -0.03620082139968872 -0.03673960268497467 0.08179302513599396
v -0.03590879589319229 -0.0370238795876503 0.08184856921434402
v -0.03562441095709801 -0.03731702268123627 0.08195710927248001
v -0.036128196865320206 -0.036845024675130844 0.08243293315172195
v -0.038883503526449203 -0.03408971428871155 0.08612121641635895
v -0.03878871724009514 -0.03418450430035591 0.08679522573947906
v -0.03921191021800041 -0.033726491034030914 0.0868988111615181
v -0.03562441095709801 -0.03731702268123627 0.08195710927248001
v -0.03576704114675522 -0.03720618039369583 0.08255565911531448
v -0.036128196865320206 -0.036845024675130844 0.08243293315172195
v -0.03878871724009514 -0.03418450430035591 0.08679522573947906
v -0.0390598438680172 -0.033869706094264984 0.0874793604016304
v -0.03921191021800041 -0.033726491034030914 0.0868988111615181
v -0.03562441095709801 -0.03731702268123627 0.08195710927248001
v -0.03543113172054291 -0.03754208981990814 0.08274032175540924
v -0.03576704114675522 -0.03720618039369583 0.08255565911531448
v -0.03562441095709801 -0.03731702268123627 0.08195710927248001
v -0.03518262878060341 -0.0377470888197422 0.08219373971223831
v -0.03543113172054291 -0.03754208981990814 0.08274032175540924
v -0.03878871724009514 -0.03418450430035591 0.08679522573947906
v -0.03865000978112221 -0.034323208034038544 0.08728332072496414
v -0.0390598438680172 -0.033869706094264984 0.0874793604016304
v -0.03865000978112221 -0.034323208034038544 0.08728332072496414
v -0.038877010345458984 -0.034070827066898346 0.08794970065355301
v -0.0390598438680172 -0.033869706094264984 0.0874793604016304
v -0.03518262878060341 -0.0377470888197422 0.08219373971223831
v -0.03487226366996765 -0.03806673362851143 0.0824660211801529
v -0.03543113172054291 -0.03754208981990814 0.08274032175540924
v -0.03865000978112221 -0.034323208034038544 0.08728332072496414
v -0.038466040045022964 -0.034507181495428085 0.08773817121982574
v -0.038877010345458984 -0.034070827066898346 0.08794970065355301
v -0.03487226366996765 -0.03806673362851143 0.0824660211801529
v -0.03502028435468674 -0.03795293718576431 0.08309902250766754
v -0.03543113172054291 -0.03754208981990814 0.08274032175540924
v -0.038466040045022964 -0.034507181495428085 0.08773817121982574
v -0.038641829043626785 -0.034303899854421616 0.08840353041887283
v -0.038877010345458984 -0.034070827066898346 0.08794970065355301
v -0.03454617038369179 -0.03839004039764404 0.08282293379306793
v -0.03502028435468674 -0.03795293718576431 0.08309902250766754
v -0.03487226366996765 -0.03806673362851143 0.0824660211801529
v -0.038466040045022964 -0.034507181495428085 0.08773817121982574
v -0.03823908045887947 -0.03473414108157158 0.088127501308918
v -0.038641829043626785 -0.034303899854421616 0.08840353041887283
v -0.03454617038369179 -0.03839004039764404 0.08282293379306793
v -0.034302644431591034 -0.03864207863807678 0.0831950455904007
v -0.03502028435468674 -0.03795293718576431 0.08309902250766754
v -0.034302644431591034 -0.03864207863807678 0.0831950455904007
v -0.03473435714840889 -0.03823886439204216 0.08347178250551224
v -0.03502028435468674 -0.03795293718576431 0.08309902250766754
v -0.03823908045887947 -0.03473414108157158 0.088127501308918
v -0.037953153252601624 -0.03502006456255913 0.08850063383579254
v -0.038641829043626785 -0.034303899854421616 0.08840353041887283
v -0.037953153252601624 -0.03502006456255913 0.08850063383579254
v -0.038389161229133606 -0.034547217190265656 0.08877821266651154
v -0.038641829043626785 -0.034303899854421616 0.08840353041887283
v -0.034302644431591034 -0.03864207863807678 0.0831950455904007
v -0.03450731188058853 -0.03846590593457222 0.08386130630970001
v -0.03473435714840889 -0.03823886439204216 0.08347178250551224
v -0.037953153252601624 -0.03502006456255913 0.08850063383579254
v -0.038066696375608444 -0.034869853407144547 0.08913607150316238
v -0.038389161229133606 -0.034547217190265656 0.08877821266651154
v -0.034302644431591034 -0.03864207863807678 0.0831950455904007
v -0.03406468778848648 -0.038884930312633514 0.08366979658603668
v -0.03450731188058853 -0.03846590593457222 0.08386130630970001
v -0.037953153252601624 -0.03502006456255913 0.08850063383579254
v -0.03754239156842232 -0.03543082997202873 0.0888594537973404
v -0.038066696375608444 -0.034869853407144547 0.08913607150316238
v -0.03406468778848648 -0.038884930312633514 0.08366979658603668
v -0.03432342782616615 -0.0386497937142849 0.08431585133075714
v -0.03450731188058853 -0.03846590593457222 0.08386130630970001
v -0.03754239156842232 -0.03543082997202873 0.0888594537973404
v -0.03776340186595917 -0.035169340670108795 0.08939212560653687
v -0.038066696375608444 -0.034869853407144547 0.08913607150316238
v -0.03406468778848648 -0.038884930312633514 0.08366979658603668
v -0.03386785835027695 -0.03906186297535896 0.08412624150514603
v -0.03432342782616615 -0.0386497937142849 0.08431585133075714
v -0.03386785835027695 -0.03906186297535896 0.08412624150514603
v -0.034184593707323074 -0.038788627833127975 0.08480431139469147
v -0.03432342782616615 -0.0386497937142849 0.08431585133075714
v -0.03386785835027695 -0.03906186297535896 0.08412624150514603
v -0.0337710939347744 -0.039165884256362915 0.08450837433338165
v -0.034184593707323074 -0.038788627833127975 0.08480431139469147
v -0.03720648214221001 -0.03576673939824104 0.0890439823269844
v -0.03713870793581009 -0.03580373898148537 0.08972068130970001
v -0.03754239156842232 -0.03543082997202873 0.0888594537973404
v -0.03754239156842232 -0.03543082997202873 0.0888594537973404
v -0.03713870793581009 -0.03580373898148537 0.08972068130970001
v -0.03776340186595917 -0.035169340670108795 0.08939212560653687
v -0.03720648214221001 -0.03576673939824104 0.0890439823269844
v -0.03684529662132263 -0.03612792491912842 0.08916671574115753
v -0.03713870793581009 -0.03580373898148537 0.08972068130970001
v -0.0337710939347744 -0.039165884256362915 0.08450837433338165
v -0.0336926132440567 -0.039244361221790314 0.0849006325006485
v -0.034184593707323074 -0.038788627833127975 0.08480431139469147
v -0.034184593707323074 -0.038788627833127975 0.08480431139469147
v -0.0336926132440567 -0.039244361221790314 0.0849006325006485
v -0.034089721739292145 -0.038883499801158905 0.08547826111316681
v -0.0336926132440567 -0.039244361221790314 0.0849006325006485
v -0.03363322094082832 -0.039299607276916504 0.08537252247333527
v -0.034089721739292145 -0.038883499801158905 0.08547826111316681
v -0.03684529662132263 -0.03612792491912842 0.08916671574115753
v -0.03673924505710602 -0.03620118275284767 0.08980673551559448
v -0.03713870793581009 -0.03580373898148537 0.08972068130970001
v -0.03638426959514618 -0.03658895194530487 0.08920039236545563
v -0.03673924505710602 -0.03620118275284767 0.08980673551559448
v -0.03684529662132263 -0.03612792491912842 0.08916671574115753
v -0.03638426959514618 -0.03658895194530487 0.08920039236545563
v -0.03643588349223137 -0.03650251775979996 0.08982737362384796
v -0.03673924505710602 -0.03620118275284767 0.08980673551559448
v -0.03363322094082832 -0.039299607276916504 0.08537252247333527
v -0.03363128751516342 -0.0393018014729023 0.08627380430698395
v -0.034089721739292145 -0.038883499801158905 0.08547826111316681
v -0.034089721739292145 -0.038883499801158905 0.08547826111316681
v -0.03363128751516342 -0.0393018014729023 0.08627380430698395
v -0.03409536927938461 -0.03887785226106644 0.0861959457397461
v -0.03638426959514618 -0.03658895194530487 0.08920039236545563
v -0.036091409623622894 -0.03684563562273979 0.08979721367359161
v -0.03643588349223137 -0.03650251775979996 0.08982737362384796
v -0.03594886139035225 -0.0370243601500988 0.08911813050508499
v -0.036091409623622894 -0.03684563562273979 0.08979721367359161
v -0.03638426959514618 -0.03658895194530487 0.08920039236545563
v -0.03409536927938461 -0.03887785226106644 0.0861959457397461
v -0.03378196805715561 -0.039155010133981705 0.08714266121387482
v -0.03420153632760048 -0.03877168148756027 0.08687080442905426
v -0.03363128751516342 -0.0393018014729023 0.08627380430698395
v -0.03378196805715561 -0.039155010133981705 0.08714266121387482
v -0.03409536927938461 -0.03887785226106644 0.0861959457397461
v -0.03548891469836235 -0.0374843068420887 0.0888986736536026
v -0.03564915433526039 -0.037287820130586624 0.08965624123811722
v -0.03594886139035225 -0.0370243601500988 0.08911813050508499
v -0.03594886139035225 -0.0370243601500988 0.08911813050508499
v -0.03564915433526039 -0.037287820130586624 0.08965624123811722
v -0.036091409623622894 -0.03684563562273979 0.08979721367359161
v -0.03548891469836235 -0.0374843068420887 0.0888986736536026
v -0.03538822382688522 -0.037546306848526 0.08952778577804565
v -0.03564915433526039 -0.037287820130586624 0.08965624123811722
v -0.03420153632760048 -0.03877168148756027 0.08687080442905426
v -0.03401941806077957 -0.03891788423061371 0.08786101639270782
v -0.03440283238887787 -0.03857038915157318 0.08750565350055695
v -0.03378196805715561 -0.039155010133981705 0.08714266121387482
v -0.03401941806077957 -0.03891788423061371 0.08786101639270782
v -0.03420153632760048 -0.03877168148756027 0.08687080442905426
v -0.03548891469836235 -0.0374843068420887 0.0888986736536026
v -0.03513820841908455 -0.037798766046762466 0.0893605425953865
v -0.03538822382688522 -0.037546306848526 0.08952778577804565
v -0.03506280854344368 -0.03791041299700737 0.08854569494724274
v -0.03477296605706215 -0.038168054074048996 0.08903421461582184
v -0.03548891469836235 -0.0374843068420887 0.0888986736536026
v -0.03548891469836235 -0.0374843068420887 0.0888986736536026
v -0.03477296605706215 -0.038168054074048996 0.08903421461582184
v -0.03513820841908455 -0.037798766046762466 0.0893605425953865
v -0.03440283238887787 -0.03857038915157318 0.08750565350055695
v -0.034314315766096115 -0.03862491995096207 0.0884331613779068
v -0.03469495102763176 -0.03827827051281929 0.08807434141635895
v -0.03401941806077957 -0.03891788423061371 0.08786101639270782
v -0.034314315766096115 -0.03862491995096207 0.0884331613779068
v -0.03440283238887787 -0.03857038915157318 0.08750565350055695
v -0.03469495102763176 -0.03827827051281929 0.08807434141635895
v -0.03477296605706215 -0.038168054074048996 0.08903421461582184
v -0.03506280854344368 -0.03791041299700737 0.08854569494724274
v -0.03469495102763176 -0.03827827051281929 0.08807434141635895
v -0.034314315766096115 -0.03862491995096207 0.0884331613779068
v -0.03477296605706215 -0.038168054074048996 0.08903421461582184
vn -0.53679920386114 -0.7047811896698984 0.4638211825925256
vn -0.53679920386114 -0.7047811896698984 0.4638211825925256
vn -0.53679920386114 -0.7047811896698984 0.4638211825925256
vn 0.48013606347541804 0.5330457055807747 0.6966574741666262
vn 0.48013606347541804 0.5330457055807747 0.6966574741666262
vn 0.48013606347541804 0.5330457055807747 0.6966574741666262
vn 0.6177205014413815 -0.7863910410910846 -0.003242312552559535
vn 0.6177205014413815 -0.7863910410910846 -0.003242312552559535
vn 0.6177205014413815 -0.7863910410910846 -0.003242312552559535
vn 0.6469784910404706 -0.7597153110886069 -0.06520336056168434
vn 0.6469784910404706 -0.7597153110886069 -0.06520336056168434
vn 0.6469784910404706 -0.7597153110886069 -0.06520336056168434
vn 0.6356541934175693 -0.7534233122755404 -0.16821729670403412
vn 0.6356541934175693 -0.7534233122755404 -0.16821729670403412
vn 0.6356541934175693 -0.7534233122755404 -0.16821729670403412
vn 0.633633268606324 -0.7559753211238887 -0.16434778601155392
vn 0.633633268606324 -0.7559753211238887 -0.16434778601155392
vn 0.633633268606324 -0.7559753211238887 -0.16434778601155392
vn 0.612052154268801 -0.7429042003878992 -0.27108210841170655
vn 0.612052154268801 -0.7429042003878992 -0.27108210841170655
vn 0.612052154268801 -0.7429042003878992 -0.27108210841170655
vn 0.00948417028162434 -0.07809629519305165 0.9969007067863823
vn 0.00948417028162434 -0.07809629519305165 0.9969007067863823
vn 0.00948417028162434 -0.07809629519305165 0.9969007067863823
vn 0.617987879791603 -0.7313565117824513 -0.2884590666005911
vn 0.617987879791603 -0.7313565117824513 -0.2884590666005911
vn 0.617987879791603 -0.7313565117824513 -0.2884590666005911
vn 0.12003623031928315 -0.08162327912131842 0.9894083806579664
vn 0.12003623031928315 -0.08162327912131842 0.9894083806579664
vn 0.12003623031928315 -0.08162327912131842 0.9894083806579664
vn 0.606282053186567 -0.7149640891935795 -0.34820744269397225
vn 0.606282053186567 -0.7149640891935795 -0.34820744269397225
vn 0.606282053186567 -0.7149640891935795 -0.34820744269397225
vn 0.6105486333605101 -0.7056929676059333 -0.35948268633293684
vn 0.6105486333605101 -0.7056929676059333 -0.35948268633293684
vn 0.6105486333605101 -0.7056929676059333 -0.35948268633293684
vn 0.10610457256510034 -0.204010615843992 0.9732016688763602
vn 0.10610457256510034 -0.204010615843992 0.9732016688763602
vn 0.10610457256510034 -0.204010615843992 0.9732016688763602
vn 0.5907416187675523 -0.6686331453168706 -0.4516127288280975
vn 0.5907416187675523 -0.6686331453168706 -0.4516127288280975
vn 0.5907416187675523 -0.6686331453168706 -0.4516127288280975
vn 0.5500675600379755 -0.6709678368896838 -0.49722011348440753
vn 0.5500675600379755 -0.6709678368896838 -0.49722011348440753
vn 0.5500675600379755 -0.6709678368896838 -0.49722011348440753
vn 0.17515801048248938 -0.29062065739218357 0.9406696045162463
vn 0.17515801048248938 -0.29062065739218357 0.9406696045162463
vn 0.17515801048248938 -0.29062065739218357 0.9406696045162463
vn 0.5509908065793223 -0.6891559195414002 -0.4706094448968431
vn 0.5509908065793223 -0.6891559195414002 -0.4706094448968431
vn 0.5509908065793223 -0.6891559195414002 -0.4706094448968431
vn 0.492287907324872 -0.6497977419552569 -0.5791506806104502
vn 0.492287907324872 -0.6497977419552569 -0.5791506806104502
vn 0.492287907324872 -0.6497977419552569 -0.5791506806104502
vn 0.49156853197171346 -0.6521758985512476 -0.5770848947287108
vn 0.49156853197171346 -0.6521758985512476 -0.5770848947287108
vn 0.49156853197171346 -0.6521758985512476 -0.5770848947287108
vn 0.45891399838370855 -0.5667867495850131 -0.6842154065660414
vn 0.45891399838370855 -0.5667867495850131 -0.6842154065660414
vn 0.45891399838370855 -0.5667867495850131 -0.6842154065660414
vn 0.4561739082512254 -0.57511468186576 -0.679079132453095
vn 0.4561739082512254 -0.57511468186576 -0.679079132453095
vn 0.4561739082512254 -0.57511468186576 -0.679079132453095
vn 0.2852271287709785 -0.31680510430846975 0.9045883101705234
vn 0.2852271287709785 -0.31680510430846975 0.9045883101705234
vn 0.2852271287709785 -0.31680510430846975 0.9045883101705234
vn 0.3703987101566638 -0.4783683547336094 -0.7962213967884432
vn 0.3703987101566638 -0.4783683547336094 -0.7962213967884432
vn 0.3703987101566638 -0.4783683547336094 -0.7962213967884432
vn 0.395127203440906 -0.4716754810752551 -0.7882872152035675
vn 0.395127203440906 -0.4716754810752551 -0.7882872152035675
vn 0.395127203440906 -0.4716754810752551 -0.7882872152035675
vn 0.29394546142943345 -0.438175380107449 -0.8494694826612255
vn 0.29394546142943345 -0.438175380107449 -0.8494694826612255
vn 0.29394546142943345 -0.438175380107449 -0.8494694826612255
vn 0.33497640342610474 -0.4159102719537511 0.845464047036341
vn 0.33497640342610474 -0.4159102719537511 0.845464047036341
vn 0.33497640342610474 -0.4159102719537511 0.845464047036341
vn 0.41984596626974713 -0.42280524746026477 0.803097184235561
vn 0.41984596626974713 -0.42280524746026477 0.803097184235561
vn 0.41984596626974713 -0.42280524746026477 0.803097184235561
vn 0.2800553826048225 -0.3770627198499281 -0.8828321969510632
vn 0.2800553826048225 -0.3770627198499281 -0.8828321969510632
vn 0.2800553826048225 -0.3770627198499281 -0.8828321969510632
vn 0.430762880599766 -0.4315476353412171 0.792596984052296
vn 0.430762880599766 -0.4315476353412171 0.792596984052296
vn 0.430762880599766 -0.4315476353412171 0.792596984052296
vn 0.4028494911540966 -0.4074583308556859 0.8195669564429643
vn 0.4028494911540966 -0.4074583308556859 0.8195669564429643
vn 0.4028494911540966 -0.4074583308556859 0.8195669564429643
vn 0.4161970938179019 -0.414298536858895 0.8094051528462809
vn 0.4161970938179019 -0.414298536858895 0.8094051528462809
vn 0.4161970938179019 -0.414298536858895 0.8094051528462809
vn 0.30536178290374694 -0.30043417742670864 0.9036002913765476
vn 0.30536178290374694 -0.30043417742670864 0.9036002913765476
vn 0.30536178290374694 -0.30043417742670864 0.9036002913765476
vn 0.3985759599723218 -0.5483919955887072 0.7351213663786256
vn 0.3985759599723218 -0.5483919955887072 0.7351213663786256
vn 0.3985759599723218 -0.5483919955887072 0.7351213663786256
vn 0.3955829078199939 -0.560269584940543 0.7277445672976405
vn 0.3955829078199939 -0.560269584940543 0.7277445672976405
vn 0.3955829078199939 -0.560269584940543 0.7277445672976405
vn 0.21518534001640977 -0.33200388498365996 -0.9184055148994799
vn 0.21518534001640977 -0.33200388498365996 -0.9184055148994799
vn 0.21518534001640977 -0.33200388498365996 -0.9184055148994799
vn 0.4596054247651761 -0.572679697431732 0.6788231122140156
vn 0.4596054247651761 -0.572679697431732 0.6788231122140156
vn 0.4596054247651761 -0.572679697431732 0.6788231122140156
vn 0.13446790153293106 -0.1346415298654002 -0.9817280895914278
vn 0.13446790153293106 -0.1346415298654002 -0.9817280895914278
vn 0.13446790153293106 -0.1346415298654002 -0.9817280895914278
vn 0.17862801419425714 -0.32710025017768607 -0.9279533710692103
vn 0.17862801419425714 -0.32710025017768607 -0.9279533710692103
vn 0.17862801419425714 -0.32710025017768607 -0.9279533710692103
vn 0.5034707726992285 -0.6357939766548243 0.5850497417203826
vn 0.5034707726992285 -0.6357939766548243 0.5850497417203826
vn 0.5034707726992285 -0.6357939766548243 0.5850497417203826
vn 0.5204653731005124 -0.631083368172989 0.575195251909106
vn 0.5204653731005124 -0.631083368172989 0.575195251909106
vn 0.5204653731005124 -0.631083368172989 0.575195251909106
vn 0.13181719070420558 -0.13345561806684506 -0.9822493707003572
vn 0.13181719070420558 -0.13345561806684506 -0.9822493707003572
vn 0.13181719070420558 -0.13345561806684506 -0.9822493707003572
vn 0.11760763719516147 -0.24248860561023752 -0.9629993353178257
vn 0.11760763719516147 -0.24248860561023752 -0.9629993353178257
vn 0.11760763719516147 -0.24248860561023752 -0.9629993353178257
vn 0.07087780534118611 -0.06373198329411037 -0.9954469202400579
vn 0.07087780534118611 -0.06373198329411037 -0.9954469202400579
vn 0.07087780534118611 -0.06373198329411037 -0.9954469202400579
vn 0.09177634184909181 -0.09935065429156871 -0.9908110569471031
vn 0.09177634184909181 -0.09935065429156871 -0.9908110569471031
vn 0.09177634184909181 -0.09935065429156871 -0.9908110569471031
vn 0.5714625101877543 -0.7042028881428388 0.42134177549964735
vn 0.5714625101877543 -0.7042028881428388 0.42134177549964735
vn 0.5714625101877543 -0.7042028881428388 0.42134177549964735
vn 0.5693770076694133 -0.705108288131871 0.4226489384171776
vn 0.5693770076694133 -0.705108288131871 0.4226489384171776
vn 0.5693770076694133 -0.705108288131871 0.4226489384171776
vn 0.028798385366316855 -0.038904951068839705 -0.9988278419140229
vn 0.028798385366316855 -0.038904951068839705 -0.9988278419140229
vn 0.028798385366316855 -0.038904951068839705 -0.9988278419140229
vn 0.2929152780445776 -0.31558003311754884 0.9025574123487073
vn 0.2929152780445776 -0.31558003311754884 0.9025574123487073
vn 0.2929152780445776 -0.31558003311754884 0.9025574123487073
vn 0.16056544051911675 -0.27027935569484357 -0.949298588009106
vn 0.16056544051911675 -0.27027935569484357 -0.949298588009106
vn 0.16056544051911675 -0.27027935569484357 -0.949298588009106
vn 0.6302814432919244 -0.7090097608727568 0.31630754216269497
vn 0.6302814432919244 -0.7090097608727568 0.31630754216269497
vn 0.6302814432919244 -0.7090097608727568 0.31630754216269497
vn 0.6032795358194389 -0.7625908912519037 0.23347148485652222
vn 0.6032795358194389 -0.7625908912519037 0.23347148485652222
vn 0.6032795358194389 -0.7625908912519037 0.23347148485652222
vn 0.6482231818832443 -0.7383173934061502 0.1862636117525654
vn 0.6482231818832443 -0.7383173934061502 0.1862636117525654
vn 0.6482231818832443 -0.7383173934061502 0.1862636117525654
vn 0.659901083846451 -0.7495281711434314 0.052326668159385636
vn 0.659901083846451 -0.7495281711434314 0.052326668159385636
vn 0.659901083846451 -0.7495281711434314 0.052326668159385636
vn 0.32892359128015536 0.6829785279858358 0.65218831744341
vn 0.32892359128015536 0.6829785279858358 0.65218831744341
vn 0.32892359128015536 0.6829785279858358 0.65218831744341
vn 0.32628363878308947 0.6837951647286016 0.6526585322787493
vn 0.32628363878308947 0.6837951647286016 0.6526585322787493
vn 0.32628363878308947 0.6837951647286016 0.6526585322787493
vn 0.4127938398945154 0.557894580700094 0.7199686677700685
vn 0.4127938398945154 0.557894580700094 0.7199686677700685
vn 0.4127938398945154 0.557894580700094 0.7199686677700685
vn 0.37594384253398355 0.5934346961393856 0.7116891798241268
vn 0.37594384253398355 0.5934346961393856 0.7116891798241268
vn 0.37594384253398355 0.5934346961393856 0.7116891798241268
vn 0.47946929764088086 0.5162971001702656 0.7096101020810901
vn 0.47946929764088086 0.5162971001702656 0.7096101020810901
vn 0.47946929764088086 0.5162971001702656 0.7096101020810901
vn 0.6958612271135907 -0.7170900772074784 0.03948384189184345
vn 0.6958612271135907 -0.7170900772074784 0.03948384189184345
vn 0.6958612271135907 -0.7170900772074784 0.03948384189184345
vn 0.689196877000844 -0.6175578764246044 -0.37898540077187204
vn 0.689196877000844 -0.6175578764246044 -0.37898540077187204
vn 0.689196877000844 -0.6175578764246044 -0.37898540077187204
vn 0.6569144233424193 -0.6795796859224016 -0.3265499822175877
vn 0.6569144233424193 -0.6795796859224016 -0.3265499822175877
vn 0.6569144233424193 -0.6795796859224016 -0.3265499822175877
vn 0.22634030198817526 -0.19602023966534654 0.9541206073329733
vn 0.22634030198817526 -0.19602023966534654 0.9541206073329733
vn 0.22634030198817526 -0.19602023966534654 0.9541206073329733
vn 0.14907083232662724 -0.20514497597644338 0.9673124757704054
vn 0.14907083232662724 -0.20514497597644338 0.9673124757704054
vn 0.14907083232662724 -0.20514497597644338 0.9673124757704054
vn 0.5191386282274773 -0.6044919421212714 -0.6042222907114123
vn 0.5191386282274773 -0.6044919421212714 -0.6042222907114123
vn 0.5191386282274773 -0.6044919421212714 -0.6042222907114123
vn 0.37091582145141844 -0.3144069836440087 0.8738247547608705
vn 0.37091582145141844 -0.3144069836440087 0.8738247547608705
vn 0.37091582145141844 -0.3144069836440087 0.8738247547608705
vn 0.3874374291381977 -0.4053578038296731 0.8279959476816104
vn 0.3874374291381977 -0.4053578038296731 0.8279959476816104
vn 0.3874374291381977 -0.4053578038296731 0.8279959476816104
vn 0.5549231609515994 -0.4122299434489175 -0.7225833925323689
vn 0.5549231609515994 -0.4122299434489175 -0.7225833925323689
vn 0.5549231609515994 -0.4122299434489175 -0.7225833925323689
vn 0.4933263343304152 -0.42707142076725685 0.7577856751218989
vn 0.4933263343304152 -0.42707142076725685 0.7577856751218989
vn 0.4933263343304152 -0.42707142076725685 0.7577856751218989
vn 0.5096034964445603 -0.5711331919587603 0.6435146878311924
vn 0.5096034964445603 -0.5711331919587603 0.6435146878311924
vn 0.5096034964445603 -0.5711331919587603 0.6435146878311924
vn 0.28493910889342267 -0.401021001772977 -0.8706272798161221
vn 0.28493910889342267 -0.401021001772977 -0.8706272798161221
vn 0.28493910889342267 -0.401021001772977 -0.8706272798161221
vn 0.6326239179948548 -0.5752903883567037 0.5184862075747361
vn 0.6326239179948548 -0.5752903883567037 0.5184862075747361
vn 0.6326239179948548 -0.5752903883567037 0.5184862075747361
vn 0.25417477020382545 -0.16298274777892904 -0.9533267069154533
vn 0.25417477020382545 -0.16298274777892904 -0.9533267069154533
vn 0.25417477020382545 -0.16298274777892904 -0.9533267069154533
vn 0.6705131579507889 -0.6503537344529424 0.3570043768610853
vn 0.6705131579507889 -0.6503537344529424 0.3570043768610853
vn 0.6705131579507889 -0.6503537344529424 0.3570043768610853
vn 0.6526748625846932 -0.6586524336757222 0.3744228830655253
vn 0.6526748625846932 -0.6586524336757222 0.3744228830655253
vn 0.6526748625846932 -0.6586524336757222 0.3744228830655253
vn 0.15737779886698858 -0.14290231873271192 -0.9771443883708263
vn 0.15737779886698858 -0.14290231873271192 -0.9771443883708263
vn 0.15737779886698858 -0.14290231873271192 -0.9771443883708263
vn 0.10598488696280148 -0.03379848535397351 -0.9937931706966292
vn 0.10598488696280148 -0.03379848535397351 -0.9937931706966292
vn 0.10598488696280148 -0.03379848535397351 -0.9937931706966292
vn 0.7190970123916608 -0.6947406473859548 0.015327088410138306
vn 0.7190970123916608 -0.6947406473859548 0.015327088410138306
vn 0.7190970123916608 -0.6947406473859548 0.015327088410138306
vn 0.6326146738819418 -0.7274791617845704 0.2656553096748928
vn 0.6326146738819418 -0.7274791617845704 0.2656553096748928
vn 0.6326146738819418 -0.7274791617845704 0.2656553096748928
vn 0.07458862459300833 0.02450864136566887 -0.9969131675224941
vn 0.07458862459300833 0.02450864136566887 -0.9969131675224941
vn 0.07458862459300833 0.02450864136566887 -0.9969131675224941
vn 0.7445759677197976 -0.37083327291827756 0.5550579357065756
vn 0.7445759677197976 -0.37083327291827756 0.5550579357065756
vn 0.7445759677197976 -0.37083327291827756 0.5550579357065756
vn 0.6581914542916123 -0.5944615113039347 0.4619518601280164
vn 0.6581914542916123 -0.5944615113039347 0.4619518601280164
vn 0.6581914542916123 -0.5944615113039347 0.4619518601280164
vn 0.24614386860046994 -0.2602168384991029 -0.933648966642135
vn 0.24614386860046994 -0.2602168384991029 -0.933648966642135
vn 0.24614386860046994 -0.2602168384991029 -0.933648966642135
vn 0.2791590432566375 -0.25019571543403296 -0.9270773066721518
vn 0.2791590432566375 -0.25019571543403296 -0.9270773066721518
vn 0.2791590432566375 -0.25019571543403296 -0.9270773066721518
vn 0.46611054160420934 -0.5516300368153376 0.6916973799925368
vn 0.46611054160420934 -0.5516300368153376 0.6916973799925368
vn 0.46611054160420934 -0.5516300368153376 0.6916973799925368
vn 0.37846401871623325 -0.306516800706221 0.8733913426534415
vn 0.37846401871623325 -0.306516800706221 0.8733913426534415
vn 0.37846401871623325 -0.306516800706221 0.8733913426534415
vn 0.5246201205893557 -0.4034516252487033 0.7496669361503077
vn 0.5246201205893557 -0.4034516252487033 0.7496669361503077
vn 0.5246201205893557 -0.4034516252487033 0.7496669361503077
vn 0.4436963400893531 -0.47544800188295566 -0.759659631214413
vn 0.4436963400893531 -0.47544800188295566 -0.759659631214413
vn 0.4436963400893531 -0.47544800188295566 -0.759659631214413
vn 0.5216240244372983 -0.4331418538603665 -0.7350486457128138
vn 0.5216240244372983 -0.4331418538603665 -0.7350486457128138
vn 0.5216240244372983 -0.4331418538603665 -0.7350486457128138
vn 0.7588102173396953 -0.623937245229255 -0.18684048832256075
vn 0.7588102173396953 -0.623937245229255 -0.18684048832256075
vn 0.7588102173396953 -0.623937245229255 -0.18684048832256075
vn 0.18088081450967355 -0.19793909757375985 0.9633806332878
vn 0.18088081450967355 -0.19793909757375985 0.9633806332878
vn 0.18088081450967355 -0.19793909757375985 0.9633806332878
vn 0.37392764656978 -0.21138691547930522 0.9030468908616712
vn 0.37392764656978 -0.21138691547930522 0.9030468908616712
vn 0.37392764656978 -0.21138691547930522 0.9030468908616712
vn 0.6782550210877389 -0.6324200625671577 -0.374185770482822
vn 0.6782550210877389 -0.6324200625671577 -0.374185770482822
vn 0.6782550210877389 -0.6324200625671577 -0.374185770482822
vn 0.14623340883148547 -0.03645951653151148 0.9885780160391046
vn 0.14623340883148547 -0.03645951653151148 0.9885780160391046
vn 0.14623340883148547 -0.03645951653151148 0.9885780160391046
vn 0.7203790758326352 -0.5986768780226239 -0.3501999183660712
vn 0.7203790758326352 -0.5986768780226239 -0.3501999183660712
vn 0.7203790758326352 -0.5986768780226239 -0.3501999183660712
vn 0.6324015984137793 -0.7728425421210219 -0.05275057735810353
vn 0.6324015984137793 -0.7728425421210219 -0.05275057735810353
vn 0.6324015984137793 -0.7728425421210219 -0.05275057735810353
vn 0.7728527883546874 -0.6253950080081696 0.10760878909664513
vn 0.7728527883546874 -0.6253950080081696 0.10760878909664513
vn 0.7728527883546874 -0.6253950080081696 0.10760878909664513
vn -0.5605306125633309 0.5718880394018523 0.5989570124545521
vn -0.5605306125633309 0.5718880394018523 0.5989570124545521
vn -0.5605306125633309 0.5718880394018523 0.5989570124545521
vn -0.5372806292477617 0.5189808108647014 0.6648221140947002
vn -0.5372806292477617 0.5189808108647014 0.6648221140947002
vn -0.5372806292477617 0.5189808108647014 0.6648221140947002
vn -0.4066513223494143 0.42275181857241473 0.809886166029022
vn -0.4066513223494143 0.42275181857241473 0.809886166029022
vn -0.4066513223494143 0.42275181857241473 0.809886166029022
vn -0.3058174180698263 0.2822921805851348 0.9092781926262141
vn -0.3058174180698263 0.2822921805851348 0.9092781926262141
vn -0.3058174180698263 0.2822921805851348 0.9092781926262141
vn -0.2189872137281465 0.23279515136613785 0.9475500080333491
vn -0.2189872137281465 0.23279515136613785 0.9475500080333491
vn -0.2189872137281465 0.23279515136613785 0.9475500080333491
vn 0.44195040430680427 0.5979003225004388 0.6687264347152155
vn 0.44195040430680427 0.5979003225004388 0.6687264347152155
vn 0.44195040430680427 0.5979003225004388 0.6687264347152155
vn 0.06716327437533977 0.9592441417997039 0.2744809119012331
vn 0.06716327437533977 0.9592441417997039 0.2744809119012331
vn 0.06716327437533977 0.9592441417997039 0.2744809119012331
vn 0.10459565252842931 0.9063539402379848 0.4093681527515684
vn 0.10459565252842931 0.9063539402379848 0.4093681527515684
vn 0.10459565252842931 0.9063539402379848 0.4093681527515684
vn 0.0831000420062883 0.8915963636891157 0.44514077242474553
vn 0.0831000420062883 0.8915963636891157 0.44514077242474553
vn 0.0831000420062883 0.8915963636891157 0.44514077242474553
vn 0.1718337401745842 0.8519869520628242 0.4945618255105346
vn 0.1718337401745842 0.8519869520628242 0.4945618255105346
vn 0.1718337401745842 0.8519869520628242 0.4945618255105346
vn 0.19016387658732528 0.7888340188067637 0.5844472523799311
vn 0.19016387658732528 0.7888340188067637 0.5844472523799311
vn 0.19016387658732528 0.7888340188067637 0.5844472523799311
vn 0.18470456106719899 0.7897091083142951 0.5850160248800151
vn 0.18470456106719899 0.7897091083142951 0.5850160248800151
vn 0.18470456106719899 0.7897091083142951 0.5850160248800151
vn 0.29011025459676326 0.7334539747410621 0.6147205113824806
vn 0.29011025459676326 0.7334539747410621 0.6147205113824806
vn 0.29011025459676326 0.7334539747410621 0.6147205113824806
vn 0.32222279939647247 0.6512359387467249 0.6870692975484879
vn 0.32222279939647247 0.6512359387467249 0.6870692975484879
vn 0.32222279939647247 0.6512359387467249 0.6870692975484879
vn 0.3200722010414162 0.6513848247090135 0.687932842841008
vn 0.3200722010414162 0.6513848247090135 0.687932842841008
vn 0.3200722010414162 0.6513848247090135 0.687932842841008
vn -0.2879036152963191 0.23934889538445991 0.9272667440265223
vn -0.2879036152963191 0.23934889538445991 0.9272667440265223
vn -0.2879036152963191 0.23934889538445991 0.9272667440265223
vn -0.27150937670310815 0.2344564476354312 0.9334413921208251
vn -0.27150937670310815 0.2344564476354312 0.9334413921208251
vn -0.27150937670310815 0.2344564476354312 0.9334413921208251
vn -0.20578719837924742 0.1842316552632938 0.9610984997294331
vn -0.20578719837924742 0.1842316552632938 0.9610984997294331
vn -0.20578719837924742 0.1842316552632938 0.9610984997294331
vn -0.15854199391913415 0.12218928461367738 0.9797623257146311
vn -0.15854199391913415 0.12218928461367738 0.9797623257146311
vn -0.15854199391913415 0.12218928461367738 0.9797623257146311
vn -0.16052241709813903 0.12349989331685811 0.9792754106785772
vn -0.16052241709813903 0.12349989331685811 0.9792754106785772
vn -0.16052241709813903 0.12349989331685811 0.9792754106785772
vn -0.08221436306154956 0.05602079639588859 0.9950389283226834
vn -0.08221436306154956 0.05602079639588859 0.9950389283226834
vn -0.08221436306154956 0.05602079639588859 0.9950389283226834
vn -0.10651257668663802 0.06622711590522697 0.9921033414551372
vn -0.10651257668663802 0.06622711590522697 0.9921033414551372
vn -0.10651257668663802 0.06622711590522697 0.9921033414551372
vn -0.02384866159254829 0.01094178364049518 0.9996557000842883
vn -0.02384866159254829 0.01094178364049518 0.9996557000842883
vn -0.02384866159254829 0.01094178364049518 0.9996557000842883
vn -0.24795245775431124 0.2469231302570051 0.9367756115728455
vn -0.24795245775431124 0.2469231302570051 0.9367756115728455
vn -0.24795245775431124 0.2469231302570051 0.9367756115728455
vn -0.28573662325948396 0.27626094496003495 0.9176243634614635
vn -0.28573662325948396 0.27626094496003495 0.9176243634614635
vn -0.28573662325948396 0.27626094496003495 0.9176243634614635
vn -0.22012358735769147 0.21345531777437243 0.9518310951017636
vn -0.22012358735769147 0.21345531777437243 0.9518310951017636
vn -0.22012358735769147 0.21345531777437243 0.9518310951017636
vn -0.16514312731198466 0.1601887893851893 0.973173827872968
vn -0.16514312731198466 0.1601887893851893 0.973173827872968
vn -0.16514312731198466 0.1601887893851893 0.973173827872968
vn -0.16393830998943967 0.15928329164661317 0.9735260980169081
vn -0.16393830998943967 0.15928329164661317 0.9735260980169081
vn -0.16393830998943967 0.15928329164661317 0.9735260980169081
vn -0.09205869695930449 0.08526346189942657 0.9920964360278087
vn -0.09205869695930449 0.08526346189942657 0.9920964360278087
vn -0.09205869695930449 0.08526346189942657 0.9920964360278087
vn -0.0976149603314232 0.08925059570244029 0.9912142304700101
vn -0.0976149603314232 0.08925059570244029 0.9912142304700101
vn -0.0976149603314232 0.08925059570244029 0.9912142304700101
vn -0.024031537281732976 0.013818349119082949 0.9996156953767282
vn -0.024031537281732976 0.013818349119082949 0.9996156953767282
vn -0.024031537281732976 0.013818349119082949 0.9996156953767282
vn -0.0017200760994736854 0.0005947964457935131 0.9999983437763286
vn -0.0017200760994736854 0.0005947964457935131 0.9999983437763286
vn -0.0017200760994736854 0.0005947964457935131 0.9999983437763286
vn 0.0803976141057907 -0.07813670559998147 0.9936955665011684
vn 0.0803976141057907 -0.07813670559998147 0.9936955665011684
vn 0.0803976141057907 -0.07813670559998147 0.9936955665011684
vn 0.14994531749789802 -0.15351620193546833 0.9767032187434231
vn 0.14994531749789802 -0.15351620193546833 0.9767032187434231
vn 0.14994531749789802 -0.15351620193546833 0.9767032187434231
vn 0.10186733581005594 -0.10568560945765183 0.9891681342666301
vn 0.10186733581005594 -0.10568560945765183 0.9891681342666301
vn 0.10186733581005594 -0.10568560945765183 0.9891681342666301
vn 0.13869662734832794 -0.13729508371572383 0.9807717907595485
vn 0.13869662734832794 -0.13729508371572383 0.9807717907595485
vn 0.13869662734832794 -0.13729508371572383 0.9807717907595485
vn 0.22778795795636259 -0.23639328919025585 0.9445797261406167
vn 0.22778795795636259 -0.23639328919025585 0.9445797261406167
vn 0.22778795795636259 -0.23639328919025585 0.9445797261406167
vn 0.2525973864140247 -0.258173520027452 0.9324918197675724
vn 0.2525973864140247 -0.258173520027452 0.9324918197675724
vn 0.2525973864140247 -0.258173520027452 0.9324918197675724
vn 0.2562181701063324 -0.2604939987888207 0.9308571995222321
vn 0.2562181701063324 -0.2604939987888207 0.9308571995222321
vn 0.2562181701063324 -0.2604939987888207 0.9308571995222321
vn 0.29540246285502336 0.9023504122925933 0.313848878243293
vn 0.29540246285502336 0.9023504122925933 0.313848878243293
vn 0.29540246285502336 0.9023504122925933 0.313848878243293
vn -0.7638373027677828 -0.39046500404872464 -0.5138965416440043
vn -0.7638373027677828 -0.39046500404872464 -0.5138965416440043
vn -0.7638373027677828 -0.39046500404872464 -0.5138965416440043
vn -0.6637940483769881 0.6690121966690017 0.3343652823595862
vn -0.6637940483769881 0.6690121966690017 0.3343652823595862
vn -0.6637940483769881 0.6690121966690017 0.3343652823595862
vn -0.6476790994672328 0.6390166967174464 0.4149330613841675
vn -0.6476790994672328 0.6390166967174464 0.4149330613841675
vn -0.6476790994672328 0.6390166967174464 0.4149330613841675
vn -0.6079739273313856 0.6031039298771805 0.5163655231054374
vn -0.6079739273313856 0.6031039298771805 0.5163655231054374
vn -0.6079739273313856 0.6031039298771805 0.5163655231054374
vn -0.19327614757780823 0.1891619817701169 -0.9627367633108666
vn -0.19327614757780823 0.1891619817701169 -0.9627367633108666
vn -0.19327614757780823 0.1891619817701169 -0.9627367633108666
vn -0.19619050625201115 0.19296512010875194 -0.96139156834143
vn -0.19619050625201115 0.19296512010875194 -0.96139156834143
vn -0.19619050625201115 0.19296512010875194 -0.96139156834143
vn -0.6125174793956999 0.6158313188492058 0.49555436044816115
vn -0.6125174793956999 0.6158313188492058 0.49555436044816115
vn -0.6125174793956999 0.6158313188492058 0.49555436044816115
vn -0.5768736592031206 0.5629715910863127 0.591844378994468
vn -0.5768736592031206 0.5629715910863127 0.591844378994468
vn -0.5768736592031206 0.5629715910863127 0.591844378994468
vn -0.5350957462795335 0.533057863493728 0.6553791700085159
vn -0.5350957462795335 0.533057863493728 0.6553791700085159
vn -0.5350957462795335 0.533057863493728 0.6553791700085159
vn -0.251952999953934 0.2422075066484723 -0.9369392774013391
vn -0.251952999953934 0.2422075066484723 -0.9369392774013391
vn -0.251952999953934 0.2422075066484723 -0.9369392774013391
vn -0.5262735514918347 0.5209435849174731 0.6720520294839549
vn -0.5262735514918347 0.5209435849174731 0.6720520294839549
vn -0.5262735514918347 0.5209435849174731 0.6720520294839549
vn -0.30631405057732414 0.31418713868398623 -0.8985867483468037
vn -0.30631405057732414 0.31418713868398623 -0.8985867483468037
vn -0.30631405057732414 0.31418713868398623 -0.8985867483468037
vn -0.2764165120124459 0.27032926841871713 -0.922234242762149
vn -0.2764165120124459 0.27032926841871713 -0.922234242762149
vn -0.2764165120124459 0.27032926841871713 -0.922234242762149
vn -0.3789090893121169 0.3656301874515541 -0.8501426163067015
vn -0.3789090893121169 0.3656301874515541 -0.8501426163067015
vn -0.3789090893121169 0.3656301874515541 -0.8501426163067015
vn -0.3983636489041081 0.3844104102114062 -0.8327875117656982
vn -0.3983636489041081 0.3844104102114062 -0.8327875117656982
vn -0.3983636489041081 0.3844104102114062 -0.8327875117656982
vn -0.4486753971605087 0.4520383508466335 -0.7709420972723668
vn -0.4486753971605087 0.4520383508466335 -0.7709420972723668
vn -0.4486753971605087 0.4520383508466335 -0.7709420972723668
vn -0.4504197202581412 0.4554230235061277 -0.7679270442321425
vn -0.4504197202581412 0.4554230235061277 -0.7679270442321425
vn -0.4504197202581412 0.4554230235061277 -0.7679270442321425
vn -0.4992982492991923 0.49108198736004377 -0.7138205236172963
vn -0.4992982492991923 0.49108198736004377 -0.7138205236172963
vn -0.4992982492991923 0.49108198736004377 -0.7138205236172963
vn -0.5523031994286292 0.5563818260940262 -0.6208062817765108
vn -0.5523031994286292 0.5563818260940262 -0.6208062817765108
vn -0.5523031994286292 0.5563818260940262 -0.6208062817765108
vn -0.5431865462596357 0.5403369077929124 -0.6426386247645891
vn -0.5431865462596357 0.5403369077929124 -0.6426386247645891
vn -0.5431865462596357 0.5403369077929124 -0.6426386247645891
vn -0.5852050295316311 0.5761431564019851 -0.5706085670072267
vn -0.5852050295316311 0.5761431564019851 -0.5706085670072267
vn -0.5852050295316311 0.5761431564019851 -0.5706085670072267
vn -0.6162291653741873 0.6036140213496084 -0.5058771876378566
vn -0.6162291653741873 0.6036140213496084 -0.5058771876378566
vn -0.6162291653741873 0.6036140213496084 -0.5058771876378566
vn -0.6415370153935874 0.6478865790389745 -0.4106984764776496
vn -0.6415370153935874 0.6478865790389745 -0.4106984764776496
vn -0.6415370153935874 0.6478865790389745 -0.4106984764776496
vn -0.6385645712264018 0.6381120527741894 -0.43017240320451944
vn -0.6385645712264018 0.6381120527741894 -0.43017240320451944
vn -0.6385645712264018 0.6381120527741894 -0.43017240320451944
vn -0.667189667152327 0.6582065914061568 -0.3487435032723271
vn -0.667189667152327 0.6582065914061568 -0.3487435032723271
vn -0.667189667152327 0.6582065914061568 -0.3487435032723271
vn -0.6880761342364538 0.6759508210295098 -0.2638971789234383
vn -0.6880761342364538 0.6759508210295098 -0.2638971789234383
vn -0.6880761342364538 0.6759508210295098 -0.2638971789234383
vn -0.6952108655193898 0.6953571949205114 -0.18209948911531457
vn -0.6952108655193898 0.6953571949205114 -0.18209948911531457
vn -0.6952108655193898 0.6953571949205114 -0.18209948911531457
vn -0.6949848501238537 0.6972172824791726 -0.17573878089563
vn -0.6949848501238537 0.6972172824791726 -0.17573878089563
vn -0.6949848501238537 0.6972172824791726 -0.17573878089563
vn -0.7091678274125395 0.6990823640406189 -0.09145950388209319
vn -0.7091678274125395 0.6990823640406189 -0.09145950388209319
vn -0.7091678274125395 0.6990823640406189 -0.09145950388209319
vn -0.708568092146082 0.7053639252750464 0.019824018589586406
vn -0.708568092146082 0.7053639252750464 0.019824018589586406
vn -0.708568092146082 0.7053639252750464 0.019824018589586406
vn -0.7054565748094471 0.7087525925493053 -0.0008852190471616517
vn -0.7054565748094471 0.7087525925493053 -0.0008852190471616517
vn -0.7054565748094471 0.7087525925493053 -0.0008852190471616517
vn -0.7089134836966823 0.7004224446766472 0.08276515949493979
vn -0.7089134836966823 0.7004224446766472 0.08276515949493979
vn -0.7089134836966823 0.7004224446766472 0.08276515949493979
vn -0.6969858733270918 0.6907410949365576 0.19258097556175396
vn -0.6969858733270918 0.6907410949365576 0.19258097556175396
vn -0.6969858733270918 0.6907410949365576 0.19258097556175396
vn -0.6958040698005364 0.6993111475463661 0.1637700075300568
vn -0.6958040698005364 0.6993111475463661 0.1637700075300568
vn -0.6958040698005364 0.6993111475463661 0.1637700075300568
vn -0.6891986225672669 0.6802019569668025 0.24966088277884832
vn -0.6891986225672669 0.6802019569668025 0.24966088277884832
vn -0.6891986225672669 0.6802019569668025 0.24966088277884832
vn -0.6616571524809549 0.6580253818815577 0.35946127659377236
vn -0.6616571524809549 0.6580253818815577 0.35946127659377236
vn -0.6616571524809549 0.6580253818815577 0.35946127659377236
vn 0.20678955589756437 -0.20932439246174037 0.9557308084875215
vn 0.20678955589756437 -0.20932439246174037 0.9557308084875215
vn 0.20678955589756437 -0.20932439246174037 0.9557308084875215
vn 0.21234634919153855 -0.21237491471808598 0.9538374723104094
vn 0.21234634919153855 -0.21237491471808598 0.9538374723104094
vn 0.21234634919153855 -0.21237491471808598 0.9538374723104094
vn -0.7280458246810881 -0.6855280432195727 -0.0007610019565730771
vn -0.7280458246810881 -0.6855280432195727 -0.0007610019565730771
vn -0.7280458246810881 -0.6855280432195727 -0.0007610019565730771
vn -0.7289068702644743 -0.6846095327095703 -0.0021359317481364874
vn -0.7289068702644743 -0.6846095327095703 -0.0021359317481364874
vn -0.7289068702644743 -0.6846095327095703 -0.0021359317481364874
vn -0.7294559583297653 -0.6840266683377481 -0.0012336368849341472
vn -0.7294559583297653 -0.6840266683377481 -0.0012336368849341472
vn -0.7294559583297653 -0.6840266683377481 -0.0012336368849341472
vn -0.7302680700716533 -0.6831582868010572 0.0018168678728900083
vn -0.7302680700716533 -0.6831582868010572 0.0018168678728900083
vn -0.7302680700716533 -0.6831582868010572 0.0018168678728900083
vn -0.7301820565260377 -0.6832416699178135 0.0038710225165888346
vn -0.7301820565260377 -0.6832416699178135 0.0038710225165888346
vn -0.7301820565260377 -0.6832416699178135 0.0038710225165888346
vn -0.7275104980220006 -0.6860284078618845 0.00966948159252982
vn -0.7275104980220006 -0.6860284078618845 0.00966948159252982
vn -0.7275104980220006 -0.6860284078618845 0.00966948159252982
vn -0.7272321319439119 -0.6863195648509441 0.009943901202402726
vn -0.7272321319439119 -0.6863195648509441 0.009943901202402726
vn -0.7272321319439119 -0.6863195648509441 0.009943901202402726
vn -0.7278509237857161 -0.6856680008553843 0.009613810236347097
vn -0.7278509237857161 -0.6856680008553843 0.009613810236347097
vn -0.7278509237857161 -0.6856680008553843 0.009613810236347097
vn -0.7279373394768215 -0.6855323302804815 0.012355320134241864
vn -0.7279373394768215 -0.6855323302804815 0.012355320134241864
vn -0.7279373394768215 -0.6855323302804815 0.012355320134241864
vn -0.7269081521639115 -0.6864382670226331 -0.02017532861224206
vn -0.7269081521639115 -0.6864382670226331 -0.02017532861224206
vn -0.7269081521639115 -0.6864382670226331 -0.02017532861224206
vn -0.7267011483492086 -0.6867684797035248 0.01595293934204184
vn -0.7267011483492086 -0.6867684797035248 0.01595293934204184
vn -0.7267011483492086 -0.6867684797035248 0.01595293934204184
vn -0.7284139940204906 -0.6848692250358792 -0.01916240887443131
vn -0.7284139940204906 -0.6848692250358792 -0.01916240887443131
vn -0.7284139940204906 -0.6848692250358792 -0.01916240887443131
vn -0.7321066011241829 -0.6811092264173902 0.01049505976641349
vn -0.7321066011241829 -0.6811092264173902 0.01049505976641349
vn -0.7321066011241829 -0.6811092264173902 0.01049505976641349
vn -0.7184504227372919 -0.6945544439533003 -0.03772418923354573
vn -0.7184504227372919 -0.6945544439533003 -0.03772418923354573
vn -0.7184504227372919 -0.6945544439533003 -0.03772418923354573
vn -0.7194728658851243 -0.6942112856168388 -0.020724048283627675
vn -0.7194728658851243 -0.6942112856168388 -0.020724048283627675
vn -0.7194728658851243 -0.6942112856168388 -0.020724048283627675
vn -0.720759217100457 -0.6930155197750515 0.015350580303408093
vn -0.720759217100457 -0.6930155197750515 0.015350580303408093
vn -0.720759217100457 -0.6930155197750515 0.015350580303408093
vn -0.7241160931880591 -0.6891226827766025 -0.027673302456339796
vn -0.7241160931880591 -0.6891226827766025 -0.027673302456339796
vn -0.7241160931880591 -0.6891226827766025 -0.027673302456339796
vn -0.7233004563710285 -0.6894448393541469 0.03875904154383405
vn -0.7233004563710285 -0.6894448393541469 0.03875904154383405
vn -0.7233004563710285 -0.6894448393541469 0.03875904154383405
vn -0.7279386347597304 -0.6856422857614163 0
vn -0.7279386347597304 -0.6856422857614163 0
vn -0.7279386347597304 -0.6856422857614163 0
vn -0.7241999010853006 -0.6895896887584217 -0.0007512829719421412
vn -0.7241999010853006 -0.6895896887584217 -0.0007512829719421412
vn -0.7241999010853006 -0.6895896887584217 -0.0007512829719421412
vn -0.7257140261339777 -0.6878096444732439 -0.016032630539074107
vn -0.7257140261339777 -0.6878096444732439 -0.016032630539074107
vn -0.7257140261339777 -0.6878096444732439 -0.016032630539074107
vn -0.7104759309388187 -0.7032868954289856 -0.024728410269932208
vn -0.7104759309388187 -0.7032868954289856 -0.024728410269932208
vn -0.7104759309388187 -0.7032868954289856 -0.024728410269932208
vn -0.7271572752926584 -0.6863611156863608 -0.01227663890204629
vn -0.7271572752926584 -0.6863611156863608 -0.01227663890204629
vn -0.7271572752926584 -0.6863611156863608 -0.01227663890204629
vn -0.7275250528387996 -0.6859776949495071 -0.01191215864831825
vn -0.7275250528387996 -0.6859776949495071 -0.01191215864831825
vn -0.7275250528387996 -0.6859776949495071 -0.01191215864831825
vn -0.7253353725385803 -0.6882708195689303 -0.013110159199332885
vn -0.7253353725385803 -0.6882708195689303 -0.013110159199332885
vn -0.7253353725385803 -0.6882708195689303 -0.013110159199332885
vn -0.712125593498615 -0.7016053737827078 -0.025040738077627044
vn -0.712125593498615 -0.7016053737827078 -0.025040738077627044
vn -0.712125593498615 -0.7016053737827078 -0.025040738077627044
vn -0.7288503604329923 -0.6846176941985808 -0.008704302781703902
vn -0.7288503604329923 -0.6846176941985808 -0.008704302781703902
vn -0.7288503604329923 -0.6846176941985808 -0.008704302781703902
vn -0.7114708386168139 -0.7021483741997852 -0.0282295307521382
vn -0.7114708386168139 -0.7021483741997852 -0.0282295307521382
vn -0.7114708386168139 -0.7021483741997852 -0.0282295307521382
vn -0.714020970781945 -0.6996312769784417 -0.026270317035079847
vn -0.714020970781945 -0.6996312769784417 -0.026270317035079847
vn -0.714020970781945 -0.6996312769784417 -0.026270317035079847
vn -0.728926041297595 -0.6845822134375692 -0.003744244000498606
vn -0.728926041297595 -0.6845822134375692 -0.003744244000498606
vn -0.728926041297595 -0.6845822134375692 -0.003744244000498606
vn 0.7107787743579436 -0.7031214848364883 0.020339898808783743
vn 0.7107787743579436 -0.7031214848364883 0.020339898808783743
vn 0.7107787743579436 -0.7031214848364883 0.020339898808783743
vn 0.7071703102805703 -0.707043233177434 -0.0001366590009291555
vn 0.7071703102805703 -0.707043233177434 -0.0001366590009291555
vn 0.7071703102805703 -0.707043233177434 -0.0001366590009291555
vn 0.015341111129565085 0.9663004667781858 0.25695925399481273
vn 0.015341111129565085 0.9663004667781858 0.25695925399481273
vn 0.015341111129565085 0.9663004667781858 0.25695925399481273
vn 0.3383750315351554 0.6295700065559263 -0.6993882647562465
vn 0.3383750315351554 0.6295700065559263 -0.6993882647562465
vn 0.3383750315351554 0.6295700065559263 -0.6993882647562465
vn 0.15802903590528292 0.8135039866673148 -0.5596767705445993
vn 0.15802903590528292 0.8135039866673148 -0.5596767705445993
vn 0.15802903590528292 0.8135039866673148 -0.5596767705445993
vn 0.14628449399588622 0.8712857554544223 -0.46846769275861916
vn 0.14628449399588622 0.8712857554544223 -0.46846769275861916
vn 0.14628449399588622 0.8712857554544223 -0.46846769275861916
vn 0.03895105806463008 0.9584563405009138 -0.2825672635484207
vn 0.03895105806463008 0.9584563405009138 -0.2825672635484207
vn 0.03895105806463008 0.9584563405009138 -0.2825672635484207
vn 0.05553305790118683 0.9557115256588063 -0.28901826794003926
vn 0.05553305790118683 0.9557115256588063 -0.28901826794003926
vn 0.05553305790118683 0.9557115256588063 -0.28901826794003926
vn -0.028724888769842704 0.9920424967567827 -0.12258289192921357
vn -0.028724888769842704 0.9920424967567827 -0.12258289192921357
vn -0.028724888769842704 0.9920424967567827 -0.12258289192921357
vn -0.019891035079393344 0.9997572437347857 0.009476303250452924
vn -0.019891035079393344 0.9997572437347857 0.009476303250452924
vn -0.019891035079393344 0.9997572437347857 0.009476303250452924
vn 0.00741687508057938 0.9992223353641664 -0.038726147154350694
vn 0.00741687508057938 0.9992223353641664 -0.038726147154350694
vn 0.00741687508057938 0.9992223353641664 -0.038726147154350694
vn 0.04888119862621911 0.9816043259513906 0.18456320243856872
vn 0.04888119862621911 0.9816043259513906 0.18456320243856872
vn 0.04888119862621911 0.9816043259513906 0.18456320243856872
vn 0.0012508755338391689 0.9908111112406098 0.13524709665108145
vn 0.0012508755338391689 0.9908111112406098 0.13524709665108145
vn 0.0012508755338391689 0.9908111112406098 0.13524709665108145
vn 0.04046800663309291 0.9217504105070206 0.3856663339848103
vn 0.04046800663309291 0.9217504105070206 0.3856663339848103
vn 0.04046800663309291 0.9217504105070206 0.3856663339848103
vn 0.1418071377798099 0.8809246946087164 0.45151126021754756
vn 0.1418071377798099 0.8809246946087164 0.45151126021754756
vn 0.1418071377798099 0.8809246946087164 0.45151126021754756
vn 0.12433941774927923 0.885670371924716 0.4473563473211322
vn 0.12433941774927923 0.885670371924716 0.4473563473211322
vn 0.12433941774927923 0.885670371924716 0.4473563473211322
vn 0.2804763004081685 0.7175754866362444 -0.6375095810167121
vn 0.2804763004081685 0.7175754866362444 -0.6375095810167121
vn 0.2804763004081685 0.7175754866362444 -0.6375095810167121
vn 0.283546391195027 0.7396109183603156 -0.6103909677268229
vn 0.283546391195027 0.7396109183603156 -0.6103909677268229
vn 0.283546391195027 0.7396109183603156 -0.6103909677268229
vn 0.0937979656578949 0.8897934444070451 -0.4466201606831996
vn 0.0937979656578949 0.8897934444070451 -0.4466201606831996
vn 0.0937979656578949 0.8897934444070451 -0.4466201606831996
vn -0.9553699558466934 -0.050911456693208394 -0.29099187453065184
vn -0.9553699558466934 -0.050911456693208394 -0.29099187453065184
vn -0.9553699558466934 -0.050911456693208394 -0.29099187453065184
vn -0.7441070143898966 -0.2796607935676036 -0.6067079953955545
vn -0.7441070143898966 -0.2796607935676036 -0.6067079953955545
vn -0.7441070143898966 -0.2796607935676036 -0.6067079953955545
vn -0.6262971927208278 -0.3309796243475427 -0.7058358978238284
vn -0.6262971927208278 -0.3309796243475427 -0.7058358978238284
vn -0.6262971927208278 -0.3309796243475427 -0.7058358978238284
vn -0.8794481542536854 -0.13247711637503629 0.45718787999764504
vn -0.8794481542536854 -0.13247711637503629 0.45718787999764504
vn -0.8794481542536854 -0.13247711637503629 0.45718787999764504
vn -0.8859292891302246 -0.1359522942795372 0.44344815744497673
vn -0.8859292891302246 -0.1359522942795372 0.44344815744497673
vn -0.8859292891302246 -0.1359522942795372 0.44344815744497673
vn -0.9241669409530145 -0.0455760035905614 0.3792601918818538
vn -0.9241669409530145 -0.0455760035905614 0.3792601918818538
vn -0.9241669409530145 -0.0455760035905614 0.3792601918818538
vn -0.9642346870555697 -0.021283696836202275 0.264194005472933
vn -0.9642346870555697 -0.021283696836202275 0.264194005472933
vn -0.9642346870555697 -0.021283696836202275 0.264194005472933
vn -0.9806699041255269 -0.05600329795082715 0.1874837853283874
vn -0.9806699041255269 -0.05600329795082715 0.1874837853283874
vn -0.9806699041255269 -0.05600329795082715 0.1874837853283874
vn -0.9976865412745366 0.016314157829430347 0.065995557532068
vn -0.9976865412745366 0.016314157829430347 0.065995557532068
vn -0.9976865412745366 0.016314157829430347 0.065995557532068
vn -0.9989287200836134 0.0022770673839428426 -0.04621933747083574
vn -0.9989287200836134 0.0022770673839428426 -0.04621933747083574
vn -0.9989287200836134 0.0022770673839428426 -0.04621933747083574
vn -0.9991671482242579 -0.0021676544650874085 -0.040746916245575325
vn -0.9991671482242579 -0.0021676544650874085 -0.040746916245575325
vn -0.9991671482242579 -0.0021676544650874085 -0.040746916245575325
vn -0.98579185483477 0.016728503507788164 -0.1671363997213453
vn -0.98579185483477 0.016728503507788164 -0.1671363997213453
vn -0.98579185483477 0.016728503507788164 -0.1671363997213453
vn -0.9598103831018922 -0.05885652122701881 -0.27440834243669177
vn -0.9598103831018922 -0.05885652122701881 -0.27440834243669177
vn -0.9598103831018922 -0.05885652122701881 -0.27440834243669177
vn -0.9133107656073592 -0.06329011167810111 -0.4023155567331107
vn -0.9133107656073592 -0.06329011167810111 -0.4023155567331107
vn -0.9133107656073592 -0.06329011167810111 -0.4023155567331107
vn -0.871336644501306 -0.14425075146444347 -0.4690033823451041
vn -0.871336644501306 -0.14425075146444347 -0.4690033823451041
vn -0.871336644501306 -0.14425075146444347 -0.4690033823451041
vn -0.8570126915732527 -0.1396858249143352 -0.49600112580554767
vn -0.8570126915732527 -0.1396858249143352 -0.49600112580554767
vn -0.8570126915732527 -0.1396858249143352 -0.49600112580554767
vn -0.7905825955611151 -0.1886758055219016 -0.5825638162523589
vn -0.7905825955611151 -0.1886758055219016 -0.5825638162523589
vn -0.7905825955611151 -0.1886758055219016 -0.5825638162523589
vn -0.70975014732956 -0.27858563152836585 -0.6470276456779955
vn -0.70975014732956 -0.27858563152836585 -0.6470276456779955
vn -0.70975014732956 -0.27858563152836585 -0.6470276456779955
vn -0.9896722643879095 -0.011219997194700577 0.1429087847693721
vn -0.9896722643879095 -0.011219997194700577 0.1429087847693721
vn -0.9896722643879095 -0.011219997194700577 0.1429087847693721
vn -0.6285683563393516 0.6091083933375219 0.4836204985054175
vn -0.6285683563393516 0.6091083933375219 0.4836204985054175
vn -0.6285683563393516 0.6091083933375219 0.4836204985054175
vn -0.6265050798721209 0.5787639645512813 0.5220379854295187
vn -0.6265050798721209 0.5787639645512813 0.5220379854295187
vn -0.6265050798721209 0.5787639645512813 0.5220379854295187
vn -0.5704503662870334 0.5460444695915508 0.6135322459589808
vn -0.5704503662870334 0.5460444695915508 0.6135322459589808
vn -0.5704503662870334 0.5460444695915508 0.6135322459589808
vn -0.5493100703641494 0.5052384570494584 0.6655768536501369
vn -0.5493100703641494 0.5052384570494584 0.6655768536501369
vn -0.5493100703641494 0.5052384570494584 0.6655768536501369
vn -0.2148323527858196 0.17905967118752808 -0.9600961901553006
vn -0.2148323527858196 0.17905967118752808 -0.9600961901553006
vn -0.2148323527858196 0.17905967118752808 -0.9600961901553006
vn -0.20877724534134487 0.16239526594217732 -0.9643857316588885
vn -0.20877724534134487 0.16239526594217732 -0.9643857316588885
vn -0.20877724534134487 0.16239526594217732 -0.9643857316588885
vn -0.2609731290148922 0.2310889690698932 -0.9372784614544337
vn -0.2609731290148922 0.2310889690698932 -0.9372784614544337
vn -0.2609731290148922 0.2310889690698932 -0.9372784614544337
vn -0.5512598192734801 0.5151569280706595 0.6562971515368411
vn -0.5512598192734801 0.5151569280706595 0.6562971515368411
vn -0.5512598192734801 0.5151569280706595 0.6562971515368411
vn -0.30450454688063927 0.26717841918076923 -0.9142716627201577
vn -0.30450454688063927 0.26717841918076923 -0.9142716627201577
vn -0.30450454688063927 0.26717841918076923 -0.9142716627201577
vn -0.35865382275480695 0.3269916558280412 -0.8743248209002186
vn -0.35865382275480695 0.3269916558280412 -0.8743248209002186
vn -0.35865382275480695 0.3269916558280412 -0.8743248209002186
vn -0.334303501437608 0.28114316133971556 -0.8995552744320193
vn -0.334303501437608 0.28114316133971556 -0.8995552744320193
vn -0.334303501437608 0.28114316133971556 -0.8995552744320193
vn -0.4465958227549102 0.4009431943038985 -0.799872943684965
vn -0.4465958227549102 0.4009431943038985 -0.799872943684965
vn -0.4465958227549102 0.4009431943038985 -0.799872943684965
vn -0.48698138298370736 0.48478897517742836 -0.7265182600414766
vn -0.48698138298370736 0.48478897517742836 -0.7265182600414766
vn -0.48698138298370736 0.48478897517742836 -0.7265182600414766
vn -0.4283736127539761 0.3957368504988573 -0.8123351482321515
vn -0.4283736127539761 0.3957368504988573 -0.8123351482321515
vn -0.4283736127539761 0.3957368504988573 -0.8123351482321515
vn -0.5337854141111549 0.5133879889800856 -0.6719418906818999
vn -0.5337854141111549 0.5133879889800856 -0.6719418906818999
vn -0.5337854141111549 0.5133879889800856 -0.6719418906818999
vn -0.5221156007623001 0.493274015146824 -0.6957557368944601
vn -0.5221156007623001 0.493274015146824 -0.6957557368944601
vn -0.5221156007623001 0.493274015146824 -0.6957557368944601
vn -0.6286137068061782 0.565620776754365 -0.5337770550699842
vn -0.6286137068061782 0.565620776754365 -0.5337770550699842
vn -0.6286137068061782 0.565620776754365 -0.5337770550699842
vn -0.6499933133781367 0.615240884154631 -0.44607997828678597
vn -0.6499933133781367 0.615240884154631 -0.44607997828678597
vn -0.6499933133781367 0.615240884154631 -0.44607997828678597
vn -0.6040655887261244 0.5669169943822122 -0.5600981039046635
vn -0.6040655887261244 0.5669169943822122 -0.5600981039046635
vn -0.6040655887261244 0.5669169943822122 -0.5600981039046635
vn -0.6905552270631402 0.6218299379365649 -0.36940628941801007
vn -0.6905552270631402 0.6218299379365649 -0.36940628941801007
vn -0.6905552270631402 0.6218299379365649 -0.36940628941801007
vn -0.6935737130797074 0.6587355134754254 -0.291587084438072
vn -0.6935737130797074 0.6587355134754254 -0.291587084438072
vn -0.6935737130797074 0.6587355134754254 -0.291587084438072
vn -0.6663606878882498 0.6268191446698722 -0.40380836236069756
vn -0.6663606878882498 0.6268191446698722 -0.40380836236069756
vn -0.6663606878882498 0.6268191446698722 -0.40380836236069756
vn -0.7251131373331478 0.6572632643454798 -0.20546517809303766
vn -0.7251131373331478 0.6572632643454798 -0.20546517809303766
vn -0.7251131373331478 0.6572632643454798 -0.20546517809303766
vn -0.7056584986497878 0.6663562685889596 -0.2408638756549555
vn -0.7056584986497878 0.6663562685889596 -0.2408638756549555
vn -0.7056584986497878 0.6663562685889596 -0.2408638756549555
vn -0.717393393570028 0.6859682753302113 -0.12163159171273828
vn -0.717393393570028 0.6859682753302113 -0.12163159171273828
vn -0.717393393570028 0.6859682753302113 -0.12163159171273828
vn -0.7345498819437186 0.6773151176953105 -0.04099636908137926
vn -0.7345498819437186 0.6773151176953105 -0.04099636908137926
vn -0.7345498819437186 0.6773151176953105 -0.04099636908137926
vn -0.7281737737633036 0.6828738872631813 -0.0587044231500571
vn -0.7281737737633036 0.6828738872631813 -0.0587044231500571
vn -0.7281737737633036 0.6828738872631813 -0.0587044231500571
vn -0.7172221616826752 0.6936773134698405 0.06636381219079202
vn -0.7172221616826752 0.6936773134698405 0.06636381219079202
vn -0.7172221616826752 0.6936773134698405 0.06636381219079202
vn -0.724320387755092 0.6829460633695839 0.09457616195586281
vn -0.724320387755092 0.6829460633695839 0.09457616195586281
vn -0.724320387755092 0.6829460633695839 0.09457616195586281
vn -0.7103366246971387 0.6661321512563483 0.22735398979667337
vn -0.7103366246971387 0.6661321512563483 0.22735398979667337
vn -0.7103366246971387 0.6661321512563483 0.22735398979667337
vn -0.7092797705691998 0.6727060031675688 0.2106865927476596
vn -0.7092797705691998 0.6727060031675688 0.2106865927476596
vn -0.7092797705691998 0.6727060031675688 0.2106865927476596
vn -0.6872074139794737 0.6656134256235579 0.2910407837422735
vn -0.6872074139794737 0.6656134256235579 0.2910407837422735
vn -0.6872074139794737 0.6656134256235579 0.2910407837422735
vn -0.6737036694320931 0.6346838464197028 0.3785495752046541
vn -0.6737036694320931 0.6346838464197028 0.3785495752046541
vn -0.6737036694320931 0.6346838464197028 0.3785495752046541
vn -0.6710069078365214 0.6472059986761792 0.3617652898126627
vn -0.6710069078365214 0.6472059986761792 0.3617652898126627
vn -0.6710069078365214 0.6472059986761792 0.3617652898126627
vn -0.8767769219461471 -0.4216577354315616 0.2312292872742708
vn -0.8767769219461471 -0.4216577354315616 0.2312292872742708
vn -0.8767769219461471 -0.4216577354315616 0.2312292872742708
vn -0.8612237560042215 -0.4051316374560516 0.30685827091046375
vn -0.8612237560042215 -0.4051316374560516 0.30685827091046375
vn -0.8612237560042215 -0.4051316374560516 0.30685827091046375
vn -0.8359392711891508 -0.22424263797492996 -0.5009199279303987
vn -0.8359392711891508 -0.22424263797492996 -0.5009199279303987
vn -0.8359392711891508 -0.22424263797492996 -0.5009199279303987
vn -0.7161898626593628 0.3158709710881881 -0.6223323953063733
vn -0.7161898626593628 0.3158709710881881 -0.6223323953063733
vn -0.7161898626593628 0.3158709710881881 -0.6223323953063733
vn -0.9313129432615517 -0.3543119226102256 0.08437572642502816
vn -0.9313129432615517 -0.3543119226102256 0.08437572642502816
vn -0.9313129432615517 -0.3543119226102256 0.08437572642502816
vn -0.9717172887504609 -0.17189571097236833 0.16191780412529483
vn -0.9717172887504609 -0.17189571097236833 0.16191780412529483
vn -0.9717172887504609 -0.17189571097236833 0.16191780412529483
vn -0.8428115804594849 0.27530050146621576 0.4624697544011232
vn -0.8428115804594849 0.27530050146621576 0.4624697544011232
vn -0.8428115804594849 0.27530050146621576 0.4624697544011232
vn -0.9250633708314898 0.25781494355999696 0.27890717958316713
vn -0.9250633708314898 0.25781494355999696 0.27890717958316713
vn -0.9250633708314898 0.25781494355999696 0.27890717958316713
vn -0.5258604249854265 0.30610966459794103 -0.7935790361859886
vn -0.5258604249854265 0.30610966459794103 -0.7935790361859886
vn -0.5258604249854265 0.30610966459794103 -0.7935790361859886
vn -0.9646509327789131 -0.2619302283127643 0.0290022996466847
vn -0.9646509327789131 -0.2619302283127643 0.0290022996466847
vn -0.9646509327789131 -0.2619302283127643 0.0290022996466847
vn -0.9698893793219131 -0.05323833845594882 0.23765578300770204
vn -0.9698893793219131 -0.05323833845594882 0.23765578300770204
vn -0.9698893793219131 -0.05323833845594882 0.23765578300770204
vn 0.7071029522009228 -0.7071105815954305 -0.00020095898009156658
vn 0.7071029522009228 -0.7071105815954305 -0.00020095898009156658
vn 0.7071029522009228 -0.7071105815954305 -0.00020095898009156658
vn 0.7001917870622701 -0.7137669235538916 0.016378039289167246
vn 0.7001917870622701 -0.7137669235538916 0.016378039289167246
vn 0.7001917870622701 -0.7137669235538916 0.016378039289167246
vn 0.20569357728887952 -0.20498657677930848 0.9569068165722325
vn 0.20569357728887952 -0.20498657677930848 0.9569068165722325
vn 0.20569357728887952 -0.20498657677930848 0.9569068165722325
vn 0.2060259539030965 -0.2067423570153543 0.9564574763856754
vn 0.2060259539030965 -0.2067423570153543 0.9564574763856754
vn 0.2060259539030965 -0.2067423570153543 0.9564574763856754
vn -0.7051414062951823 0.7069001605015853 0.055387365083430555
vn -0.7051414062951823 0.7069001605015853 0.055387365083430555
vn -0.7051414062951823 0.7069001605015853 0.055387365083430555
vn -0.7064253044613527 0.7058158469725963 0.052794690822483635
vn -0.7064253044613527 0.7058158469725963 0.052794690822483635
vn -0.7064253044613527 0.7058158469725963 0.052794690822483635
vn 0.10301953280100301 -0.144368123147922 0.9841467476348278
vn 0.10301953280100301 -0.144368123147922 0.9841467476348278
vn 0.10301953280100301 -0.144368123147922 0.9841467476348278
vn -0.00012353369667326565 -0.04649846252849171 0.9989183538817937
vn -0.00012353369667326565 -0.04649846252849171 0.9989183538817937
vn -0.00012353369667326565 -0.04649846252849171 0.9989183538817937
vn 0.14399288495094242 -0.1646049011285567 0.9757926396565834
vn 0.14399288495094242 -0.1646049011285567 0.9757926396565834
vn 0.14399288495094242 -0.1646049011285567 0.9757926396565834
vn 0.07964754332276025 -0.10191836499424997 0.991599170894948
vn 0.07964754332276025 -0.10191836499424997 0.991599170894948
vn 0.07964754332276025 -0.10191836499424997 0.991599170894948
vn 0.14560039639071626 -0.16959967065829365 0.9746981462398832
vn 0.14560039639071626 -0.16959967065829365 0.9746981462398832
vn 0.14560039639071626 -0.16959967065829365 0.9746981462398832
vn 0.2509464281032922 -0.28556569927237185 0.9249206028742579
vn 0.2509464281032922 -0.28556569927237185 0.9249206028742579
vn 0.2509464281032922 -0.28556569927237185 0.9249206028742579
vn 0.23017504804689587 -0.2760334610147851 0.9331800338931434
vn 0.23017504804689587 -0.2760334610147851 0.9331800338931434
vn 0.23017504804689587 -0.2760334610147851 0.9331800338931434
vn -0.1715057972535114 -0.3678503405825135 0.9139321027525875
vn -0.1715057972535114 -0.3678503405825135 0.9139321027525875
vn -0.1715057972535114 -0.3678503405825135 0.9139321027525875
vn -0.5277215934481878 -0.7101318369415406 0.46607155456060473
vn -0.5277215934481878 -0.7101318369415406 0.46607155456060473
vn -0.5277215934481878 -0.7101318369415406 0.46607155456060473
vn 0.32705127915454496 -0.38187595877940184 -0.8644120619876197
vn 0.32705127915454496 -0.38187595877940184 -0.8644120619876197
vn 0.32705127915454496 -0.38187595877940184 -0.8644120619876197
vn 0.3419189778871034 -0.386065158397934 -0.8567643235054879
vn 0.3419189778871034 -0.386065158397934 -0.8567643235054879
vn 0.3419189778871034 -0.386065158397934 -0.8567643235054879
vn 0.3098605217905903 -0.3287443755924742 -0.8921398951689009
vn 0.3098605217905903 -0.3287443755924742 -0.8921398951689009
vn 0.3098605217905903 -0.3287443755924742 -0.8921398951689009
vn 0.22575471303470124 -0.269981122015659 -0.9360261766092791
vn 0.22575471303470124 -0.269981122015659 -0.9360261766092791
vn 0.22575471303470124 -0.269981122015659 -0.9360261766092791
vn 0.5227705833304881 -0.5581167933131628 0.6443729992994225
vn 0.5227705833304881 -0.5581167933131628 0.6443729992994225
vn 0.5227705833304881 -0.5581167933131628 0.6443729992994225
vn 0.5188860318852048 -0.5579354190262762 0.6476614502272
vn 0.5188860318852048 -0.5579354190262762 0.6476614502272
vn 0.5188860318852048 -0.5579354190262762 0.6476614502272
vn 0.1993144341130238 -0.2593633581413074 -0.9449891030101188
vn 0.1993144341130238 -0.2593633581413074 -0.9449891030101188
vn 0.1993144341130238 -0.2593633581413074 -0.9449891030101188
vn 0.16914537702495902 -0.19987029018559813 -0.9651122776818296
vn 0.16914537702495902 -0.19987029018559813 -0.9651122776818296
vn 0.16914537702495902 -0.19987029018559813 -0.9651122776818296
vn 0.5812588335576245 -0.6058300735122072 0.5432385207617585
vn 0.5812588335576245 -0.6058300735122072 0.5432385207617585
vn 0.5812588335576245 -0.6058300735122072 0.5432385207617585
vn 0.5789261492341937 -0.6554190552742645 0.48504677683318187
vn 0.5789261492341937 -0.6554190552742645 0.48504677683318187
vn 0.5789261492341937 -0.6554190552742645 0.48504677683318187
vn 0.6015145339402137 -0.6545496753601802 0.45797924401065426
vn 0.6015145339402137 -0.6545496753601802 0.45797924401065426
vn 0.6015145339402137 -0.6545496753601802 0.45797924401065426
vn 0.6469209918999103 -0.672768129388731 0.3589934182098943
vn 0.6469209918999103 -0.672768129388731 0.3589934182098943
vn 0.6469209918999103 -0.672768129388731 0.3589934182098943
vn 0.6699496928997091 -0.7032616551124365 0.2378874806123722
vn 0.6699496928997091 -0.7032616551124365 0.2378874806123722
vn 0.6699496928997091 -0.7032616551124365 0.2378874806123722
vn 0.6519811365799093 -0.7087844841105533 0.2693420736314816
vn 0.6519811365799093 -0.7087844841105533 0.2693420736314816
vn 0.6519811365799093 -0.7087844841105533 0.2693420736314816
vn 0.669376832026903 -0.7033164310999539 0.2393337721477086
vn 0.669376832026903 -0.7033164310999539 0.2393337721477086
vn 0.669376832026903 -0.7033164310999539 0.2393337721477086
vn 0.6895483831304523 -0.7113586766414757 0.1359847803581973
vn 0.6895483831304523 -0.7113586766414757 0.1359847803581973
vn 0.6895483831304523 -0.7113586766414757 0.1359847803581973
vn 0.6900616548477571 -0.7236646090724196 0.011155540544370807
vn 0.6900616548477571 -0.7236646090724196 0.011155540544370807
vn 0.6900616548477571 -0.7236646090724196 0.011155540544370807
vn 0.6795975520716355 -0.7326966475399014 0.03609418099957468
vn 0.6795975520716355 -0.7326966475399014 0.03609418099957468
vn 0.6795975520716355 -0.7326966475399014 0.03609418099957468
vn 0.6858682470329529 -0.7186356613051307 -0.11466269669112854
vn 0.6858682470329529 -0.7186356613051307 -0.11466269669112854
vn 0.6858682470329529 -0.7186356613051307 -0.11466269669112854
vn 0.6694633993944129 -0.7148546015926155 -0.2019941965828223
vn 0.6694633993944129 -0.7148546015926155 -0.2019941965828223
vn 0.6694633993944129 -0.7148546015926155 -0.2019941965828223
vn 0.6647107655082571 -0.7254756747917289 -0.17845067526605832
vn 0.6647107655082571 -0.7254756747917289 -0.17845067526605832
vn 0.6647107655082571 -0.7254756747917289 -0.17845067526605832
vn 0.6634222844442723 -0.675201890749901 -0.32244887847611114
vn 0.6634222844442723 -0.675201890749901 -0.32244887847611114
vn 0.6634222844442723 -0.675201890749901 -0.32244887847611114
vn 0.5881521611759585 -0.6758005515575891 -0.4442641667054725
vn 0.5881521611759585 -0.6758005515575891 -0.4442641667054725
vn 0.5881521611759585 -0.6758005515575891 -0.4442641667054725
vn 0.6284894475048373 -0.6673447029454098 -0.3995648405775553
vn 0.6284894475048373 -0.6673447029454098 -0.3995648405775553
vn 0.6284894475048373 -0.6673447029454098 -0.3995648405775553
vn 0.5835910535101461 -0.6153543096266869 -0.5298684326196281
vn 0.5835910535101461 -0.6153543096266869 -0.5298684326196281
vn 0.5835910535101461 -0.6153543096266869 -0.5298684326196281
vn 0.5607035208339984 -0.6071040086564391 -0.563059752066901
vn 0.5607035208339984 -0.6071040086564391 -0.563059752066901
vn 0.5607035208339984 -0.6071040086564391 -0.563059752066901
vn 0.5469275599136727 -0.5646915318263668 -0.6180564036481357
vn 0.5469275599136727 -0.5646915318263668 -0.6180564036481357
vn 0.5469275599136727 -0.5646915318263668 -0.6180564036481357
vn 0.4582748523350435 -0.5242088563209115 -0.7177668386544589
vn 0.4582748523350435 -0.5242088563209115 -0.7177668386544589
vn 0.4582748523350435 -0.5242088563209115 -0.7177668386544589
vn 0.468094585426867 -0.5263292768104666 -0.7098344535638016
vn 0.468094585426867 -0.5263292768104666 -0.7098344535638016
vn 0.468094585426867 -0.5263292768104666 -0.7098344535638016
vn 0.4434584985171281 -0.46091890438278904 -0.768699111275344
vn 0.4434584985171281 -0.46091890438278904 -0.768699111275344
vn 0.4434584985171281 -0.46091890438278904 -0.768699111275344
vn 0.4146213552183295 -0.427754046667222 -0.8031908909821698
vn 0.4146213552183295 -0.427754046667222 -0.8031908909821698
vn 0.4146213552183295 -0.427754046667222 -0.8031908909821698
vn 0.3138926981720535 -0.3130172251332916 -0.896376924515643
vn 0.3138926981720535 -0.3130172251332916 -0.896376924515643
vn 0.3138926981720535 -0.3130172251332916 -0.896376924515643
vn 0.2550610940105946 -0.2623193305331699 -0.9306623486263685
vn 0.2550610940105946 -0.2623193305331699 -0.9306623486263685
vn 0.2550610940105946 -0.2623193305331699 -0.9306623486263685
vn 0.5111309385003278 -0.5212729670207275 0.6833883651052175
vn 0.5111309385003278 -0.5212729670207275 0.6833883651052175
vn 0.5111309385003278 -0.5212729670207275 0.6833883651052175
vn 0.19190303546252252 -0.1960229233171592 -0.9616383096125409
vn 0.19190303546252252 -0.1960229233171592 -0.9616383096125409
vn 0.19190303546252252 -0.1960229233171592 -0.9616383096125409
vn 0.564757110812349 -0.5570969006509409 0.6088451766023969
vn 0.564757110812349 -0.5570969006509409 0.6088451766023969
vn 0.564757110812349 -0.5570969006509409 0.6088451766023969
vn 0.17482942836628163 -0.1703540581903817 -0.9697495376823787
vn 0.17482942836628163 -0.1703540581903817 -0.9697495376823787
vn 0.17482942836628163 -0.1703540581903817 -0.9697495376823787
vn 0.5685067924424687 -0.564638152870187 0.5983174602751612
vn 0.5685067924424687 -0.564638152870187 0.5983174602751612
vn 0.5685067924424687 -0.564638152870187 0.5983174602751612
vn 0.6327873598840719 -0.6339802276645514 0.4445775838943634
vn 0.6327873598840719 -0.6339802276645514 0.4445775838943634
vn 0.6327873598840719 -0.6339802276645514 0.4445775838943634
vn 0.6044298829426081 -0.6118633567887568 0.5101840346631592
vn 0.6044298829426081 -0.6118633567887568 0.5101840346631592
vn 0.6044298829426081 -0.6118633567887568 0.5101840346631592
vn 0.6322426823912786 -0.6325315265011372 0.44740703899784806
vn 0.6322426823912786 -0.6325315265011372 0.44740703899784806
vn 0.6322426823912786 -0.6325315265011372 0.44740703899784806
vn 0.682570351499097 -0.6749392878896608 0.2802760655450212
vn 0.682570351499097 -0.6749392878896608 0.2802760655450212
vn 0.682570351499097 -0.6749392878896608 0.2802760655450212
vn 0.6548044499279554 -0.6629514509676573 0.36294146361972174
vn 0.6548044499279554 -0.6629514509676573 0.36294146361972174
vn 0.6548044499279554 -0.6629514509676573 0.36294146361972174
vn 0.702892116279558 -0.7024506246809661 0.11182930187283047
vn 0.702892116279558 -0.7024506246809661 0.11182930187283047
vn 0.702892116279558 -0.7024506246809661 0.11182930187283047
vn 0.6886123353770033 -0.6952755385535117 0.2059246878248306
vn 0.6886123353770033 -0.6952755385535117 0.2059246878248306
vn 0.6886123353770033 -0.6952755385535117 0.2059246878248306
vn 0.7038708478682897 -0.698632970388125 0.128365891917754
vn 0.7038708478682897 -0.698632970388125 0.128365891917754
vn 0.7038708478682897 -0.698632970388125 0.128365891917754
vn 0.7058361256468084 -0.7060090387233545 -0.05784981393944055
vn 0.7058361256468084 -0.7060090387233545 -0.05784981393944055
vn 0.7058361256468084 -0.7060090387233545 -0.05784981393944055
vn 0.7042110610065239 -0.7099454451053051 0.008015393333831763
vn 0.7042110610065239 -0.7099454451053051 0.008015393333831763
vn 0.7042110610065239 -0.7099454451053051 0.008015393333831763
vn 0.7076435455141525 -0.7049486407975194 -0.04783331819860862
vn 0.7076435455141525 -0.7049486407975194 -0.04783331819860862
vn 0.7076435455141525 -0.7049486407975194 -0.04783331819860862
vn 0.6853170173810104 -0.6870984213419433 -0.24132207747615075
vn 0.6853170173810104 -0.6870984213419433 -0.24132207747615075
vn 0.6853170173810104 -0.6870984213419433 -0.24132207747615075
vn 0.6934338830852304 -0.7025380157674376 -0.15996807866224624
vn 0.6934338830852304 -0.7025380157674376 -0.15996807866224624
vn 0.6934338830852304 -0.7025380157674376 -0.15996807866224624
vn 0.6926067052970707 -0.6875275549670036 -0.21817839704844844
vn 0.6926067052970707 -0.6875275549670036 -0.21817839704844844
vn 0.6926067052970707 -0.6875275549670036 -0.21817839704844844
vn 0.6669012379026664 -0.672846682072935 -0.3201875720688329
vn 0.6669012379026664 -0.672846682072935 -0.3201875720688329
vn 0.6669012379026664 -0.672846682072935 -0.3201875720688329
vn 0.6468499778349671 -0.6462751506514669 -0.4048623665214221
vn 0.6468499778349671 -0.6462751506514669 -0.4048623665214221
vn 0.6468499778349671 -0.6462751506514669 -0.4048623665214221
vn 0.6400018758506518 -0.6439935391993838 -0.4191299564301014
vn 0.6400018758506518 -0.6439935391993838 -0.4191299564301014
vn 0.6400018758506518 -0.6439935391993838 -0.4191299564301014
vn 0.623511681443711 -0.6319434142257198 -0.46030501226901366
vn 0.623511681443711 -0.6319434142257198 -0.46030501226901366
vn 0.623511681443711 -0.6319434142257198 -0.46030501226901366
vn 0.5876966798051267 -0.5847878538896218 -0.5591384251589229
vn 0.5876966798051267 -0.5847878538896218 -0.5591384251589229
vn 0.5876966798051267 -0.5847878538896218 -0.5591384251589229
vn 0.5820829281782945 -0.582076133248779 -0.5677735814790366
vn 0.5820829281782945 -0.582076133248779 -0.5677735814790366
vn 0.5820829281782945 -0.582076133248779 -0.5677735814790366
vn 0.5435648634561264 -0.5509869531339416 -0.633206614535965
vn 0.5435648634561264 -0.5509869531339416 -0.633206614535965
vn 0.5435648634561264 -0.5509869531339416 -0.633206614535965
vn 0.5079814735176452 -0.5077133122237836 -0.695831887134814
vn 0.5079814735176452 -0.5077133122237836 -0.695831887134814
vn 0.5079814735176452 -0.5077133122237836 -0.695831887134814
vn 0.4967122979262585 -0.501344264285483 -0.7084707628101978
vn 0.4967122979262585 -0.501344264285483 -0.7084707628101978
vn 0.4967122979262585 -0.501344264285483 -0.7084707628101978
vn 0.45621266005272665 -0.4655325911261539 -0.758386059607496
vn 0.45621266005272665 -0.4655325911261539 -0.758386059607496
vn 0.45621266005272665 -0.4655325911261539 -0.758386059607496
vn 0.4143446384489116 -0.41267517195395026 -0.8111829158959268
vn 0.4143446384489116 -0.41267517195395026 -0.8111829158959268
vn 0.4143446384489116 -0.41267517195395026 -0.8111829158959268
vn 0.4064185287292589 -0.40751611845128277 -0.8177741697485588
vn 0.4064185287292589 -0.40751611845128277 -0.8177741697485588
vn 0.4064185287292589 -0.40751611845128277 -0.8177741697485588
vn 0.305105444615149 -0.30758601109112366 -0.9012777116112677
vn 0.305105444615149 -0.30758601109112366 -0.9012777116112677
vn 0.305105444615149 -0.30758601109112366 -0.9012777116112677
vn 0.355124941022385 -0.3637193345253843 -0.8611588250469592
vn 0.355124941022385 -0.3637193345253843 -0.8611588250469592
vn 0.355124941022385 -0.3637193345253843 -0.8611588250469592
vn -0.5287457726404149 -0.8463306461992034 0.06443869349179443
vn -0.5287457726404149 -0.8463306461992034 0.06443869349179443
vn -0.5287457726404149 -0.8463306461992034 0.06443869349179443
vn -0.49877899291103206 -0.8663279907038753 -0.026369087083981255
vn -0.49877899291103206 -0.8663279907038753 -0.026369087083981255
vn -0.49877899291103206 -0.8663279907038753 -0.026369087083981255
vn -0.49200424208388266 -0.7228990742746788 -0.48512756485719977
vn -0.49200424208388266 -0.7228990742746788 -0.48512756485719977
vn -0.49200424208388266 -0.7228990742746788 -0.48512756485719977
vn -0.3769996679030478 -0.8298942263459909 -0.4112746326708965
vn -0.3769996679030478 -0.8298942263459909 -0.4112746326708965
vn -0.3769996679030478 -0.8298942263459909 -0.4112746326708965
vn -0.46100870133958166 -0.8608634538957182 0.2153719829409737
vn -0.46100870133958166 -0.8608634538957182 0.2153719829409737
vn -0.46100870133958166 -0.8608634538957182 0.2153719829409737
vn -0.525619615559614 -0.8352930975220278 0.16127448952335793
vn -0.525619615559614 -0.8352930975220278 0.16127448952335793
vn -0.525619615559614 -0.8352930975220278 0.16127448952335793
vn -0.388948762387913 -0.9207584120107369 0.030377737709991966
vn -0.388948762387913 -0.9207584120107369 0.030377737709991966
vn -0.388948762387913 -0.9207584120107369 0.030377737709991966
vn -0.4557000220916677 -0.8699547282050002 -0.18845758339588742
vn -0.4557000220916677 -0.8699547282050002 -0.18845758339588742
vn -0.4557000220916677 -0.8699547282050002 -0.18845758339588742
vn -0.5212345875435648 -0.8502213613501507 -0.07374375534366603
vn -0.5212345875435648 -0.8502213613501507 -0.07374375534366603
vn -0.5212345875435648 -0.8502213613501507 -0.07374375534366603
vn -0.562676471070596 -0.8244535059074803 -0.06059377443603394
vn -0.562676471070596 -0.8244535059074803 -0.06059377443603394
vn -0.562676471070596 -0.8244535059074803 -0.06059377443603394
vn -0.18411185248865047 -0.9641800137025683 0.19094430326593284
vn -0.18411185248865047 -0.9641800137025683 0.19094430326593284
vn -0.18411185248865047 -0.9641800137025683 0.19094430326593284
vn -0.24262936333188692 -0.9552420942242288 0.1692440057174041
vn -0.24262936333188692 -0.9552420942242288 0.1692440057174041
vn -0.24262936333188692 -0.9552420942242288 0.1692440057174041
vn -0.40961711363198355 -0.9099566662006207 0.06475095255558115
vn -0.40961711363198355 -0.9099566662006207 0.06475095255558115
vn -0.40961711363198355 -0.9099566662006207 0.06475095255558115
vn -0.4509762289056912 -0.8801532507802965 0.14815767311509087
vn -0.4509762289056912 -0.8801532507802965 0.14815767311509087
vn -0.4509762289056912 -0.8801532507802965 0.14815767311509087
vn -0.17627112563490552 -0.9841991660782478 0.0167478881738953
vn -0.17627112563490552 -0.9841991660782478 0.0167478881738953
vn -0.17627112563490552 -0.9841991660782478 0.0167478881738953
vn 0.7457316392021575 -0.4913503444748258 -0.44995462135345776
vn 0.7457316392021575 -0.4913503444748258 -0.44995462135345776
vn 0.7457316392021575 -0.4913503444748258 -0.44995462135345776
vn -0.363153331015443 -0.8903222498256723 0.27467426096695197
vn -0.363153331015443 -0.8903222498256723 0.27467426096695197
vn -0.363153331015443 -0.8903222498256723 0.27467426096695197
vn -0.44034826395220195 -0.8566886712549863 -0.2686595000696012
vn -0.44034826395220195 -0.8566886712549863 -0.2686595000696012
vn -0.44034826395220195 -0.8566886712549863 -0.2686595000696012
vn -0.6605502863902943 -0.745895791777161 -0.08551483472955095
vn -0.6605502863902943 -0.745895791777161 -0.08551483472955095
vn -0.6605502863902943 -0.745895791777161 -0.08551483472955095
vn -0.6813139868147532 -0.7319058725069298 0.011182359342099107
vn -0.6813139868147532 -0.7319058725069298 0.011182359342099107
vn -0.6813139868147532 -0.7319058725069298 0.011182359342099107
vn -0.6855778767148496 -0.7253878789888476 -0.061606817603407624
vn -0.6855778767148496 -0.7253878789888476 -0.061606817603407624
vn -0.6855778767148496 -0.7253878789888476 -0.061606817603407624
vn -0.67751706344791 -0.7354452089767337 0.009537994028582578
vn -0.67751706344791 -0.7354452089767337 0.009537994028582578
vn -0.67751706344791 -0.7354452089767337 0.009537994028582578
vn -0.6937159898547951 -0.7179579141499478 -0.05739824848580387
vn -0.6937159898547951 -0.7179579141499478 -0.05739824848580387
vn -0.6937159898547951 -0.7179579141499478 -0.05739824848580387
vn -0.6888319802529372 -0.7224617550686375 -0.059661674833690864
vn -0.6888319802529372 -0.7224617550686375 -0.059661674833690864
vn -0.6888319802529372 -0.7224617550686375 -0.059661674833690864
vn -0.6811072111590736 -0.7299337259823939 -0.05735610325474191
vn -0.6811072111590736 -0.7299337259823939 -0.05735610325474191
vn -0.6811072111590736 -0.7299337259823939 -0.05735610325474191
vn -0.6813264455307714 -0.7318349444252205 0.014556398542886668
vn -0.6813264455307714 -0.7318349444252205 0.014556398542886668
vn -0.6813264455307714 -0.7318349444252205 0.014556398542886668
vn -0.6849587585870203 -0.7265790132626402 -0.05398552140358128
vn -0.6849587585870203 -0.7265790132626402 -0.05398552140358128
vn -0.6849587585870203 -0.7265790132626402 -0.05398552140358128
vn -0.6742768887293951 -0.7368443612205822 -0.049102593239454435
vn -0.6742768887293951 -0.7368443612205822 -0.049102593239454435
vn -0.6742768887293951 -0.7368443612205822 -0.049102593239454435
vn -0.6496924828463578 -0.7597272478534992 0.026724269903641535
vn -0.6496924828463578 -0.7597272478534992 0.026724269903641535
vn -0.6496924828463578 -0.7597272478534992 0.026724269903641535
vn -0.6774801030333749 -0.7335778490486591 -0.05370520811830578
vn -0.6774801030333749 -0.7335778490486591 -0.05370520811830578
vn -0.6774801030333749 -0.7335778490486591 -0.05370520811830578
vn -0.6844854186221752 -0.7287378727664552 0.020514007152362825
vn -0.6844854186221752 -0.7287378727664552 0.020514007152362825
vn -0.6844854186221752 -0.7287378727664552 0.020514007152362825
vn -0.6787626935340656 -0.732344111656803 -0.05434434642157507
vn -0.6787626935340656 -0.732344111656803 -0.05434434642157507
vn -0.6787626935340656 -0.732344111656803 -0.05434434642157507
vn -0.6724838631422312 -0.7390033025304065 0.040491636944599896
vn -0.6724838631422312 -0.7390033025304065 0.040491636944599896
vn -0.6724838631422312 -0.7390033025304065 0.040491636944599896
vn -0.6793550505228324 -0.7315679464248904 -0.057315400136337326
vn -0.6793550505228324 -0.7315679464248904 -0.057315400136337326
vn -0.6793550505228324 -0.7315679464248904 -0.057315400136337326
vn -0.6769286826738103 -0.7345291198780091 0.04727082212884596
vn -0.6769286826738103 -0.7345291198780091 0.04727082212884596
vn -0.6769286826738103 -0.7345291198780091 0.04727082212884596
vn -0.648820103494051 -0.7606902733542058 -0.01956479814035748
vn -0.648820103494051 -0.7606902733542058 -0.01956479814035748
vn -0.648820103494051 -0.7606902733542058 -0.01956479814035748
vn -0.6716637206266678 -0.7401924343704396 -0.03135293438746054
vn -0.6716637206266678 -0.7401924343704396 -0.03135293438746054
vn -0.6716637206266678 -0.7401924343704396 -0.03135293438746054
vn -0.6862840896294593 -0.7246703762983027 -0.062185159299792035
vn -0.6862840896294593 -0.7246703762983027 -0.062185159299792035
vn -0.6862840896294593 -0.7246703762983027 -0.062185159299792035
vn -0.6638195949527863 -0.7466533598785621 -0.04303841933404545
vn -0.6638195949527863 -0.7466533598785621 -0.04303841933404545
vn -0.6638195949527863 -0.7466533598785621 -0.04303841933404545
vn -0.6694768689266106 -0.7421333218216515 -0.0322312676477805
vn -0.6694768689266106 -0.7421333218216515 -0.0322312676477805
vn -0.6694768689266106 -0.7421333218216515 -0.0322312676477805
vn -0.6655228731294484 -0.7448684570127071 -0.04743719099012005
vn -0.6655228731294484 -0.7448684570127071 -0.04743719099012005
vn -0.6655228731294484 -0.7448684570127071 -0.04743719099012005
vn -0.6687911160526762 -0.7422616490312579 -0.04202484344305977
vn -0.6687911160526762 -0.7422616490312579 -0.04202484344305977
vn -0.6687911160526762 -0.7422616490312579 -0.04202484344305977
vn -0.6592380477274026 -0.7514886343021843 -0.02588491729175163
vn -0.6592380477274026 -0.7514886343021843 -0.02588491729175163
vn -0.6592380477274026 -0.7514886343021843 -0.02588491729175163
vn -0.6542848537260637 -0.7559278229270755 -0.02201037731151918
vn -0.6542848537260637 -0.7559278229270755 -0.02201037731151918
vn -0.6542848537260637 -0.7559278229270755 -0.02201037731151918
vn -0.6559341675106132 -0.7546396995617527 -0.016410110831642705
vn -0.6559341675106132 -0.7546396995617527 -0.016410110831642705
vn -0.6559341675106132 -0.7546396995617527 -0.016410110831642705
vn -0.6560840642240575 -0.7546877901917095 0.00020001699266839062
vn -0.6560840642240575 -0.7546877901917095 0.00020001699266839062
vn -0.6560840642240575 -0.7546877901917095 0.00020001699266839062
vn -0.6607019319272124 -0.7505917565086807 -0.00921803714804103
vn -0.6607019319272124 -0.7505917565086807 -0.00921803714804103
vn -0.6607019319272124 -0.7505917565086807 -0.00921803714804103
vn -0.6577035298214813 -0.753253889708304 -0.005885957838277308
vn -0.6577035298214813 -0.753253889708304 -0.005885957838277308
vn -0.6577035298214813 -0.753253889708304 -0.005885957838277308
vn -0.6575860779888691 -0.7527336252403707 0.031187168318171556
vn -0.6575860779888691 -0.7527336252403707 0.031187168318171556
vn -0.6575860779888691 -0.7527336252403707 0.031187168318171556
vn -0.6774587646531561 -0.7355322258401183 0.0064781899710331355
vn -0.6774587646531561 -0.7355322258401183 0.0064781899710331355
vn -0.6774587646531561 -0.7355322258401183 0.0064781899710331355
vn -0.7071067215818992 0.7071068407911908 0
vn -0.7071067215818992 0.7071068407911908 0
vn -0.7071067215818992 0.7071068407911908 0
vn -0.7071324032665025 0.7070811432716922 -0.00014519000337225173
vn -0.7071324032665025 0.7070811432716922 -0.00014519000337225173
vn -0.7071324032665025 0.7070811432716922 -0.00014519000337225173
vn -0.20104904088987297 0.20103026542712718 0.9587315137928664
vn -0.20104904088987297 0.20103026542712718 0.9587315137928664
vn -0.20104904088987297 0.20103026542712718 0.9587315137928664
vn -0.2043563916416366 0.207175631795349 0.9567218628135389
vn -0.2043563916416366 0.207175631795349 0.9567218628135389
vn -0.2043563916416366 0.207175631795349 0.9567218628135389
vn 0.7596780735261083 0.2428478921390187 -0.6032529534841052
vn 0.7596780735261083 0.2428478921390187 -0.6032529534841052
vn 0.7596780735261083 0.2428478921390187 -0.6032529534841052
vn 0.8499121285277481 0.15315241009657873 0.5041762718167545
vn 0.8499121285277481 0.15315241009657873 0.5041762718167545
vn 0.8499121285277481 0.15315241009657873 0.5041762718167545
vn 0.8921215447128654 0.07988526594147452 0.4446768419252241
vn 0.8921215447128654 0.07988526594147452 0.4446768419252241
vn 0.8921215447128654 0.07988526594147452 0.4446768419252241
vn 0.9462913253963191 0.033506959603085966 0.3215742700183504
vn 0.9462913253963191 0.033506959603085966 0.3215742700183504
vn 0.9462913253963191 0.033506959603085966 0.3215742700183504
vn 0.9255111718891383 0.08492746117280821 0.36907505611614405
vn 0.9255111718891383 0.08492746117280821 0.36907505611614405
vn 0.9255111718891383 0.08492746117280821 0.36907505611614405
vn 0.9858088167663905 0.043524586857956696 0.1621313884616208
vn 0.9858088167663905 0.043524586857956696 0.1621313884616208
vn 0.9858088167663905 0.043524586857956696 0.1621313884616208
vn 0.9790310799128157 0.021894825487022245 0.20253088945056955
vn 0.9790310799128157 0.021894825487022245 0.20253088945056955
vn 0.9790310799128157 0.021894825487022245 0.20253088945056955
vn 0.9968044832179166 -0.02294588106101023 0.07651345488864147
vn 0.9968044832179166 -0.02294588106101023 0.07651345488864147
vn 0.9968044832179166 -0.02294588106101023 0.07651345488864147
vn 0.9985303734171097 -0.024040307501479643 -0.048571153771775885
vn 0.9985303734171097 -0.024040307501479643 -0.048571153771775885
vn 0.9985303734171097 -0.024040307501479643 -0.048571153771775885
vn 0.9861520993268903 -0.007490252044700945 -0.16567417758200506
vn 0.9861520993268903 -0.007490252044700945 -0.16567417758200506
vn 0.9861520993268903 -0.007490252044700945 -0.16567417758200506
vn 0.9950863954612119 0.012825454888946979 -0.09817623579514613
vn 0.9950863954612119 0.012825454888946979 -0.09817623579514613
vn 0.9950863954612119 0.012825454888946979 -0.09817623579514613
vn 0.9543269255271078 0.05657687025527212 -0.2933584445113114
vn 0.9543269255271078 0.05657687025527212 -0.2933584445113114
vn 0.9543269255271078 0.05657687025527212 -0.2933584445113114
vn 0.9563158747243287 0.04844164846660715 -0.28829386820409436
vn 0.9563158747243287 0.04844164846660715 -0.28829386820409436
vn 0.9563158747243287 0.04844164846660715 -0.28829386820409436
vn 0.9125201522797989 0.06746455149397855 -0.4034296790953399
vn 0.9125201522797989 0.06746455149397855 -0.4034296790953399
vn 0.9125201522797989 0.06746455149397855 -0.4034296790953399
vn 0.8713897538653365 0.14536099255972282 -0.4685617127983897
vn 0.8713897538653365 0.14536099255972282 -0.4685617127983897
vn 0.8713897538653365 0.14536099255972282 -0.4685617127983897
vn 0.8571003127261302 0.14041277844612024 -0.4956443337452881
vn 0.8571003127261302 0.14041277844612024 -0.4956443337452881
vn 0.8571003127261302 0.14041277844612024 -0.4956443337452881
vn 0.7866946550286822 0.1895057432035902 -0.5875364610321285
vn 0.7866946550286822 0.1895057432035902 -0.5875364610321285
vn 0.7866946550286822 0.1895057432035902 -0.5875364610321285
vn 0.7100919882346772 0.26755892481401045 -0.6512922462284454
vn 0.7100919882346772 0.26755892481401045 -0.6512922462284454
vn 0.7100919882346772 0.26755892481401045 -0.6512922462284454
vn 0.6637497650397487 0.3168822875612655 -0.6775115240640692
vn 0.6637497650397487 0.3168822875612655 -0.6775115240640692
vn 0.6637497650397487 0.3168822875612655 -0.6775115240640692
vn 0.6504151820918107 0.3568413555502296 -0.670540332771677
vn 0.6504151820918107 0.3568413555502296 -0.670540332771677
vn 0.6504151820918107 0.3568413555502296 -0.670540332771677
vn -0.04571516353596372 -0.9568667232378391 -0.28690799532770267
vn -0.04571516353596372 -0.9568667232378391 -0.28690799532770267
vn -0.04571516353596372 -0.9568667232378391 -0.28690799532770267
vn -0.011132836323411574 -0.9960753305143367 -0.08780658230537729
vn -0.011132836323411574 -0.9960753305143367 -0.08780658230537729
vn -0.011132836323411574 -0.9960753305143367 -0.08780658230537729
vn -0.017114611572039938 -0.9810606968823523 0.19294299443994178
vn -0.017114611572039938 -0.9810606968823523 0.19294299443994178
vn -0.017114611572039938 -0.9810606968823523 0.19294299443994178
vn -0.3223466019755986 -0.66677130109627 -0.6719439710490542
vn -0.3223466019755986 -0.66677130109627 -0.6719439710490542
vn -0.3223466019755986 -0.66677130109627 -0.6719439710490542
vn -0.3200905592992895 -0.6674883307119587 -0.6723104656413069
vn -0.3200905592992895 -0.6674883307119587 -0.6723104656413069
vn -0.3200905592992895 -0.6674883307119587 -0.6723104656413069
vn -0.1474864340076285 -0.8688846267081517 -0.4725328107697384
vn -0.1474864340076285 -0.8688846267081517 -0.4725328107697384
vn -0.1474864340076285 -0.8688846267081517 -0.4725328107697384
vn -0.1396238042902529 -0.8480755590165445 -0.5111487449601072
vn -0.1396238042902529 -0.8480755590165445 -0.5111487449601072
vn -0.1396238042902529 -0.8480755590165445 -0.5111487449601072
vn -0.060969869357025024 -0.9157059611405558 -0.397196762023859
vn -0.060969869357025024 -0.9157059611405558 -0.397196762023859
vn -0.060969869357025024 -0.9157059611405558 -0.397196762023859
vn -0.039652086079655896 -0.9539319700911918 -0.2973911708633418
vn -0.039652086079655896 -0.9539319700911918 -0.2973911708633418
vn -0.039652086079655896 -0.9539319700911918 -0.2973911708633418
vn 0.011344752296001447 -0.99197858760419 -0.12589590275357976
vn 0.011344752296001447 -0.99197858760419 -0.12589590275357976
vn 0.011344752296001447 -0.99197858760419 -0.12589590275357976
vn 0.03327645033777514 -0.9991790190997228 0.02310769663626192
vn 0.03327645033777514 -0.9991790190997228 0.02310769663626192
vn 0.03327645033777514 -0.9991790190997228 0.02310769663626192
vn -0.042379916427353365 -0.9870174097198534 0.15492119155726078
vn -0.042379916427353365 -0.9870174097198534 0.15492119155726078
vn -0.042379916427353365 -0.9870174097198534 0.15492119155726078
vn -0.03278813198270101 -0.9415296487480944 0.3353309692369237
vn -0.03278813198270101 -0.9415296487480944 0.3353309692369237
vn -0.03278813198270101 -0.9415296487480944 0.3353309692369237
vn -0.08492078707400541 -0.9246028743696069 0.37134617896269273
vn -0.08492078707400541 -0.9246028743696069 0.37134617896269273
vn -0.08492078707400541 -0.9246028743696069 0.37134617896269273
vn -0.14878827355149593 -0.848949195192575 0.5070969469790214
vn -0.14878827355149593 -0.848949195192575 0.5070969469790214
vn -0.14878827355149593 -0.848949195192575 0.5070969469790214
vn -0.09506190733594974 -0.8802514825423263 0.46488768671119673
vn -0.09506190733594974 -0.8802514825423263 0.46488768671119673
vn -0.09506190733594974 -0.8802514825423263 0.46488768671119673
vn -0.23642324981044782 -0.7570288642783402 -0.6091070066897222
vn -0.23642324981044782 -0.7570288642783402 -0.6091070066897222
vn -0.23642324981044782 -0.7570288642783402 -0.6091070066897222
vn -0.2363393976732448 -0.7512783765616867 -0.616217891673298
vn -0.2363393976732448 -0.7512783765616867 -0.616217891673298
vn -0.2363393976732448 -0.7512783765616867 -0.616217891673298
vn -0.7089993103099339 0.7052091702940375 0.00006413449361222944
vn -0.7089993103099339 0.7052091702940375 0.00006413449361222944
vn -0.7089993103099339 0.7052091702940375 0.00006413449361222944
vn -0.7070998443453625 0.7070991886942799 -0.004532932235888592
vn -0.7070998443453625 0.7070991886942799 -0.004532932235888592
vn -0.7070998443453625 0.7070991886942799 -0.004532932235888592
vn -0.619522452467993 -0.7849778534420779 0.0013040297201431007
vn -0.619522452467993 -0.7849778534420779 0.0013040297201431007
vn -0.619522452467993 -0.7849778534420779 0.0013040297201431007
vn -0.6493940331888721 -0.7599906896219452 -0.026486625807193066
vn -0.6493940331888721 -0.7599906896219452 -0.026486625807193066
vn -0.6493940331888721 -0.7599906896219452 -0.026486625807193066
vn 0.8227325819564338 0.28043267613818457 -0.4944376732625417
vn 0.8227325819564338 0.28043267613818457 -0.4944376732625417
vn 0.8227325819564338 0.28043267613818457 -0.4944376732625417
vn 0.6543300035190884 -0.7176002732157307 0.23854159883638426
vn 0.6543300035190884 -0.7176002732157307 0.23854159883638426
vn 0.6543300035190884 -0.7176002732157307 0.23854159883638426
vn 0.7385538032586062 0.2646122805536641 -0.6200956544537599
vn 0.7385538032586062 0.2646122805536641 -0.6200956544537599
vn 0.7385538032586062 0.2646122805536641 -0.6200956544537599
vn -0.20605013268136613 0.20609380798587168 0.9565922251052819
vn -0.20605013268136613 0.20609380798587168 0.9565922251052819
vn -0.20605013268136613 0.20609380798587168 0.9565922251052819
vn -0.20610785806168408 0.2061011376378807 0.9565782100328211
vn -0.20610785806168408 0.2061011376378807 0.9565782100328211
vn -0.20610785806168408 0.2061011376378807 0.9565782100328211
vn 0.9548874699363508 0.05051671075370736 0.2926396789452538
vn 0.9548874699363508 0.05051671075370736 0.2926396789452538
vn 0.9548874699363508 0.05051671075370736 0.2926396789452538
vn 0.9101481941100105 0.0813557646339313 0.40621608082289806
vn 0.9101481941100105 0.0813557646339313 0.40621608082289806
vn 0.9101481941100105 0.0813557646339313 0.40621608082289806
vn 0.5093362288940897 0.4704071244135429 0.7206203877472029
vn 0.5093362288940897 0.4704071244135429 0.7206203877472029
vn 0.5093362288940897 0.4704071244135429 0.7206203877472029
vn 0.48664341041997944 0.46928355739187255 0.7368521791081576
vn 0.48664341041997944 0.46928355739187255 0.7368521791081576
vn 0.48664341041997944 0.46928355739187255 0.7368521791081576
vn 0.9724509476481259 -0.05060487115893326 0.22754845952730537
vn 0.9724509476481259 -0.05060487115893326 0.22754845952730537
vn 0.9724509476481259 -0.05060487115893326 0.22754845952730537
vn 0.5989403212443215 0.4297912478989846 0.6756848191406866
vn 0.5989403212443215 0.4297912478989846 0.6756848191406866
vn 0.5989403212443215 0.4297912478989846 0.6756848191406866
vn 0.6559501654543436 0.325778174807683 0.6808802840877345
vn 0.6559501654543436 0.325778174807683 0.6808802840877345
vn 0.6559501654543436 0.325778174807683 0.6808802840877345
vn 0.656814439210353 0.3183037855389633 0.683576983635607
vn 0.656814439210353 0.3183037855389633 0.683576983635607
vn 0.656814439210353 0.3183037855389633 0.683576983635607
vn 0.7334551230228286 0.290111870169139 0.6147183788520821
vn 0.7334551230228286 0.290111870169139 0.6147183788520821
vn 0.7334551230228286 0.290111870169139 0.6147183788520821
vn 0.7897095161634343 0.1847077477210534 0.585014468208035
vn 0.7897095161634343 0.1847077477210534 0.585014468208035
vn 0.7897095161634343 0.1847077477210534 0.585014468208035
vn 0.7926335308465072 0.16532850210619443 0.5868548135349332
vn 0.7926335308465072 0.16532850210619443 0.5868548135349332
vn 0.7926335308465072 0.16532850210619443 0.5868548135349332
vn 0.8526035705544207 0.17587273149368515 0.4920730980197995
vn 0.8526035705544207 0.17587273149368515 0.4920730980197995
vn 0.8526035705544207 0.17587273149368515 0.4920730980197995
vn 0.9062603100980153 0.1035536674924987 0.40984007648093945
vn 0.9062603100980153 0.1035536674924987 0.40984007648093945
vn 0.9062603100980153 0.1035536674924987 0.40984007648093945
vn 0.011752431434251956 -0.013518133377084206 0.9998395573417681
vn 0.011752431434251956 -0.013518133377084206 0.9998395573417681
vn 0.011752431434251956 -0.013518133377084206 0.9998395573417681
vn 0.022893231295876226 -0.03565926094468088 0.9991017551129178
vn 0.022893231295876226 -0.03565926094468088 0.9991017551129178
vn 0.022893231295876226 -0.03565926094468088 0.9991017551129178
vn 0.23740636923303973 -0.22362893462714303 0.9453191606251905
vn 0.23740636923303973 -0.22362893462714303 0.9453191606251905
vn 0.23740636923303973 -0.22362893462714303 0.9453191606251905
vn 0.2976625039125846 -0.317045398430076 0.9004883392353311
vn 0.2976625039125846 -0.317045398430076 0.9004883392353311
vn 0.2976625039125846 -0.317045398430076 0.9004883392353311
vn 0.43618461704337497 -0.4160634597750104 0.7978935877012501
vn 0.43618461704337497 -0.4160634597750104 0.7978935877012501
vn 0.43618461704337497 -0.4160634597750104 0.7978935877012501
vn 0.5156391338001188 -0.5405454118189037 0.6647758580569805
vn 0.5156391338001188 -0.5405454118189037 0.6647758580569805
vn 0.5156391338001188 -0.5405454118189037 0.6647758580569805
vn 0.592511533379927 -0.5800200091880515 0.559023140624125
vn 0.592511533379927 -0.5800200091880515 0.559023140624125
vn 0.592511533379927 -0.5800200091880515 0.559023140624125
vn 0.7064080176877454 -0.7065124450244833 0.04275368489377805
vn 0.7064080176877454 -0.7065124450244833 0.04275368489377805
vn 0.7064080176877454 -0.7065124450244833 0.04275368489377805
vn 0.7051962543834046 -0.7080995966015017 -0.03596114703964549
vn 0.7051962543834046 -0.7080995966015017 -0.03596114703964549
vn 0.7051962543834046 -0.7080995966015017 -0.03596114703964549
vn 0.7101493930246509 -0.7039877033909646 -0.00944208986587888
vn 0.7101493930246509 -0.7039877033909646 -0.00944208986587888
vn 0.7101493930246509 -0.7039877033909646 -0.00944208986587888
vn 0.7139664282514048 -0.7001799335384667 0
vn 0.7139664282514048 -0.7001799335384667 0
vn 0.7139664282514048 -0.7001799335384667 0
vn 0.9722269084374489 0.01586496256006958 -0.23350190892823108
vn 0.9722269084374489 0.01586496256006958 -0.23350190892823108
vn 0.9722269084374489 0.01586496256006958 -0.23350190892823108
vn -0.009254523614506361 0.9713676040405564 -0.23740120390001637
vn -0.009254523614506361 0.9713676040405564 -0.23740120390001637
vn -0.009254523614506361 0.9713676040405564 -0.23740120390001637
vn 0.9333525701891314 0.13451006728708578 -0.33280628227208414
vn 0.9333525701891314 0.13451006728708578 -0.33280628227208414
vn 0.9333525701891314 0.13451006728708578 -0.33280628227208414
vn 0.8645195473316973 0.10136103012060815 -0.49227217456838485
vn 0.8645195473316973 0.10136103012060815 -0.49227217456838485
vn 0.8645195473316973 0.10136103012060815 -0.49227217456838485
vn 0.8569330483705043 0.08907762821989282 -0.50767206616196
vn 0.8569330483705043 0.08907762821989282 -0.50767206616196
vn 0.8569330483705043 0.08907762821989282 -0.50767206616196
vn 0.7995535610389862 0.23886899288827634 -0.5510496413812613
vn 0.7995535610389862 0.23886899288827634 -0.5510496413812613
vn 0.7995535610389862 0.23886899288827634 -0.5510496413812613
vn 0.6920134863764607 0.2754722472935469 -0.6672573533833397
vn 0.6920134863764607 0.2754722472935469 -0.6672573533833397
vn 0.6920134863764607 0.2754722472935469 -0.6672573533833397
vn 0.6916080288745176 0.25671652596078975 -0.6751110721169721
vn 0.6916080288745176 0.25671652596078975 -0.6751110721169721
vn 0.6916080288745176 0.25671652596078975 -0.6751110721169721
vn 0.6370815596258474 0.42618009190710404 -0.6422597727140865
vn 0.6370815596258474 0.42618009190710404 -0.6422597727140865
vn 0.6370815596258474 0.42618009190710404 -0.6422597727140865
vn 0.5591965217318647 0.47927554581284987 -0.6764570949208671
vn 0.5591965217318647 0.47927554581284987 -0.6764570949208671
vn 0.5591965217318647 0.47927554581284987 -0.6764570949208671
vn 0.38528626549457423 0.4789307339938435 -0.7887837762386869
vn 0.38528626549457423 0.4789307339938435 -0.7887837762386869
vn 0.38528626549457423 0.4789307339938435 -0.7887837762386869
vn 0.4554768542167645 0.4972673995654973 -0.738421267707105
vn 0.4554768542167645 0.4972673995654973 -0.738421267707105
vn 0.4554768542167645 0.4972673995654973 -0.738421267707105
vn 0.409944288131743 0.6273019195198809 -0.6621464961734913
vn 0.409944288131743 0.6273019195198809 -0.6621464961734913
vn 0.409944288131743 0.6273019195198809 -0.6621464961734913
vn 0.28931521960571716 0.6981400748785236 -0.6549023893322614
vn 0.28931521960571716 0.6981400748785236 -0.6549023893322614
vn 0.28931521960571716 0.6981400748785236 -0.6549023893322614
vn 0.25562684969444915 0.7003279120508732 -0.6664801042174897
vn 0.25562684969444915 0.7003279120508732 -0.6664801042174897
vn 0.25562684969444915 0.7003279120508732 -0.6664801042174897
vn 0.23886940739121038 0.799554386367451 -0.5510482641775951
vn 0.23886940739121038 0.799554386367451 -0.5510482641775951
vn 0.23886940739121038 0.799554386367451 -0.5510482641775951
vn 0.08708081218246755 0.8575312321730669 -0.5070080058513707
vn 0.08708081218246755 0.8575312321730669 -0.5070080058513707
vn 0.08708081218246755 0.8575312321730669 -0.5070080058513707
vn 0.0965602220884324 0.8638214814312603 -0.49445785637214373
vn 0.0965602220884324 0.8638214814312603 -0.49445785637214373
vn 0.0965602220884324 0.8638214814312603 -0.49445785637214373
vn 0.11936706031654845 0.9335942650980998 -0.3378657323365665
vn 0.11936706031654845 0.9335942650980998 -0.3378657323365665
vn 0.11936706031654845 0.9335942650980998 -0.3378657323365665
vn -0.5313547072765187 0.5249838054318863 -0.6648715508196607
vn -0.5313547072765187 0.5249838054318863 -0.6648715508196607
vn -0.5313547072765187 0.5249838054318863 -0.6648715508196607
vn 0.5143881434687063 -0.5275838369475491 -0.6760622255758116
vn 0.5143881434687063 -0.5275838369475491 -0.6760622255758116
vn 0.5143881434687063 -0.5275838369475491 -0.6760622255758116
vn 0.5114869340868208 -0.5141523941264426 -0.6884972272075695
vn 0.5114869340868208 -0.5141523941264426 -0.6884972272075695
vn 0.5114869340868208 -0.5141523941264426 -0.6884972272075695
vn 0.2978382618854312 -0.27257170469826303 -0.9148754207841351
vn 0.2978382618854312 -0.27257170469826303 -0.9148754207841351
vn 0.2978382618854312 -0.27257170469826303 -0.9148754207841351
vn 0.19765590140360367 -0.22192274044215327 -0.9548206333730821
vn 0.19765590140360367 -0.22192274044215327 -0.9548206333730821
vn 0.19765590140360367 -0.22192274044215327 -0.9548206333730821
vn -0.013155457384129555 0.03062355849069695 -0.9994444114638799
vn -0.013155457384129555 0.03062355849069695 -0.9994444114638799
vn -0.013155457384129555 0.03062355849069695 -0.9994444114638799
vn -0.05288772611574895 0.051707502005383564 -0.9972608598870553
vn -0.05288772611574895 0.051707502005383564 -0.9972608598870553
vn -0.05288772611574895 0.051707502005383564 -0.9972608598870553
vn -0.29932755197729966 0.2999588247693961 -0.9057746519252124
vn -0.29932755197729966 0.2999588247693961 -0.9057746519252124
vn -0.29932755197729966 0.2999588247693961 -0.9057746519252124
vn -0.3097596251903605 0.30490250216150766 -0.900601709290838
vn -0.3097596251903605 0.30490250216150766 -0.900601709290838
vn -0.3097596251903605 0.30490250216150766 -0.900601709290838
vn -0.5148500966984348 0.5197228361713826 -0.6817752939873859
vn -0.5148500966984348 0.5197228361713826 -0.6817752939873859
vn -0.5148500966984348 0.5197228361713826 -0.6817752939873859
vn -0.7053142123434195 0.6994494729807227 -0.11533558259865435
vn -0.7053142123434195 0.6994494729807227 -0.11533558259865435
vn -0.7053142123434195 0.6994494729807227 -0.11533558259865435
vn -0.7043647324054965 0.7096977985087212 0.014119438204394222
vn -0.7043647324054965 0.7096977985087212 0.014119438204394222
vn -0.7043647324054965 0.7096977985087212 0.014119438204394222
vn -0.7068483068194659 0.7067180110690331 0.030251016133086853
vn -0.7068483068194659 0.7067180110690331 0.030251016133086853
vn -0.7068483068194659 0.7067180110690331 0.030251016133086853
vn -0.6940651633441922 0.7199121814721567 0
vn -0.6940651633441922 0.7199121814721567 0
vn -0.6940651633441922 0.7199121814721567 0
vn 0.7071068407905777 0.7071067215812861 -0.000001316900033797806
vn 0.7071068407905777 0.7071067215812861 -0.000001316900033797806
vn 0.7071068407905777 0.7071067215812861 -0.000001316900033797806
vn 0.7071068407911908 0.7071067215818992 0
vn 0.7071068407911908 0.7071067215818992 0
vn 0.7071068407911908 0.7071067215818992 0
vn 0.7071068407850338 0.7071067215757423 -0.000004173070081820797
vn 0.7071068407850338 0.7071067215757423 -0.000004173070081820797
vn 0.7071068407850338 0.7071067215757423 -0.000004173070081820797
vn 0.707106840789853 0.7071067215805613 -0.000001945250038807332
vn 0.707106840789853 0.7071067215805613 -0.000001945250038807332
vn 0.707106840789853 0.7071067215805613 -0.000001945250038807332
vn 0.7071068407911908 0.7071067215818992 0
vn 0.7071068407911908 0.7071067215818992 0
vn 0.7071068407911908 0.7071067215818992 0
vn 0.7071068407881343 0.7071067215788427 0.0000029402099747248444
vn 0.7071068407881343 0.7071067215788427 0.0000029402099747248444
vn 0.7071068407881343 0.7071067215788427 0.0000029402099747248444
vn 0.7071068407911908 0.7071067215818992 0
vn 0.7071068407911908 0.7071067215818992 0
vn 0.7071068407911908 0.7071067215818992 0
vn 0.7071068407882933 0.7071067215790018 0.000002862740124197667
vn 0.7071068407882933 0.7071067215790018 0.000002862740124197667
vn 0.7071068407882933 0.7071067215790018 0.000002862740124197667
vn 0.7071068407882978 0.7071067215790061 -0.000002860570069802125
vn 0.7071068407882978 0.7071067215790061 -0.000002860570069802125
vn 0.7071068407882978 0.7071067215790061 -0.000002860570069802125
vn 0.7071068407911908 0.7071067215818992 0
vn 0.7071068407911908 0.7071067215818992 0
vn 0.7071068407911908 0.7071067215818992 0
vn 0.7071068407911908 0.7071067215818992 0
vn 0.7071068407911908 0.7071067215818992 0
vn 0.7071068407911908 0.7071067215818992 0
vn 0.7071068407894839 0.7071067215801924 0.0000021972200932759712
vn 0.7071068407894839 0.7071067215801924 0.0000021972200932759712
vn 0.7071068407894839 0.7071067215801924 0.0000021972200932759712
vn 0.7071068407911908 0.7071067215818992 0
vn 0.7071068407911908 0.7071067215818992 0
vn 0.7071068407911908 0.7071067215818992 0
vn 0.7071068407911908 0.7071067215818992 0
vn 0.7071068407911908 0.7071067215818992 0
vn 0.7071068407911908 0.7071067215818992 0
vn 0.7071068407816762 0.7071067215723846 -0.000005187620079177979
vn 0.7071068407816762 0.7071067215723846 -0.000005187620079177979
vn 0.7071068407816762 0.7071067215723846 -0.000005187620079177979
vn 0.7071068407911908 0.7071067215818992 0
vn 0.7071068407911908 0.7071067215818992 0
vn 0.7071068407911908 0.7071067215818992 0
vn 0.7071068407856115 0.7071067215763199 0.000003972470107980227
vn 0.7071068407856115 0.7071067215763199 0.000003972470107980227
vn 0.7071068407856115 0.7071067215763199 0.000003972470107980227
vn 0.70710684078422 0.7071067215749285 -0.000004440310097840373
vn 0.70710684078422 0.7071067215749285 -0.000004440310097840373
vn 0.70710684078422 0.7071067215749285 -0.000004440310097840373
vn 0.7071068407905141 0.7071067215812226 -0.0000013834000137926044
vn 0.7071068407905141 0.7071067215812226 -0.0000013834000137926044
vn 0.7071068407905141 0.7071067215812226 -0.0000013834000137926044
vn 0.7071068407911908 0.7071067215818992 0
vn 0.7071068407911908 0.7071067215818992 0
vn 0.7071068407911908 0.7071067215818992 0
vn 0.7071068407872706 0.707106721577979 0.000003329860021621059
vn 0.7071068407872706 0.707106721577979 0.000003329860021621059
vn 0.7071068407872706 0.707106721577979 0.000003329860021621059
vn 0.7071068407903891 0.7071067215810976 0.0000015057600224577212
vn 0.7071068407903891 0.7071067215810976 0.0000015057600224577212
vn 0.7071068407903891 0.7071067215810976 0.0000015057600224577212
vn 0.7071068407911908 0.7071067215818992 0
vn 0.7071068407911908 0.7071067215818992 0
vn 0.7071068407911908 0.7071067215818992 0
vn 0.707106840784739 0.7071067215754474 0.0000042718002808588114
vn 0.707106840784739 0.7071067215754474 0.0000042718002808588114
vn 0.707106840784739 0.7071067215754474 0.0000042718002808588114
vn 0.7071068407911908 0.7071067215818992 0
vn 0.7071068407911908 0.7071067215818992 0
vn 0.7071068407911908 0.7071067215818992 0
vn 0.7071068407911908 0.7071067215818992 0
vn 0.7071068407911908 0.7071067215818992 0
vn 0.7071068407911908 0.7071067215818992 0
vn 0.7071068407911908 0.7071067215818992 0
vn 0.7071068407911908 0.7071067215818992 0
vn 0.7071068407911908 0.7071067215818992 0
vn 0.7071068407857919 0.7071067215765003 0.000003907760013590476
vn 0.7071068407857919 0.7071067215765003 0.000003907760013590476
vn 0.7071068407857919 0.7071067215765003 0.000003907760013590476
vn 0.7071068407911908 0.7071067215818992 0
vn 0.7071068407911908 0.7071067215818992 0
vn 0.7071068407911908 0.7071067215818992 0
vn -0.726628197946951 0.6849843392099594 -0.05298978189672213
vn -0.726628197946951 0.6849843392099594 -0.05298978189672213
vn -0.726628197946951 0.6849843392099594 -0.05298978189672213
vn -0.6854738049141715 0.7231711800213294 -0.08455239300603117
vn -0.6854738049141715 0.7231711800213294 -0.08455239300603117
vn -0.6854738049141715 0.7231711800213294 -0.08455239300603117
vn -0.07942226600551967 -0.029370358477932595 0.996408292671948
vn -0.07942226600551967 -0.029370358477932595 0.996408292671948
vn -0.07942226600551967 -0.029370358477932595 0.996408292671948
vn -0.06369914884959271 0.11940472620703148 0.9908001462430561
vn -0.06369914884959271 0.11940472620703148 0.9908001462430561
vn -0.06369914884959271 0.11940472620703148 0.9908001462430561
vn -0.5736380830788244 0.7485597153578815 -0.33256232827092624
vn -0.5736380830788244 0.7485597153578815 -0.33256232827092624
vn -0.5736380830788244 0.7485597153578815 -0.33256232827092624
vn -0.6562884277638678 0.6450987884893427 -0.3913221852550823
vn -0.6562884277638678 0.6450987884893427 -0.3913221852550823
vn -0.6562884277638678 0.6450987884893427 -0.3913221852550823
vn -0.2591846550832169 0.2145501793722848 0.9416960948738794
vn -0.2591846550832169 0.2145501793722848 0.9416960948738794
vn -0.2591846550832169 0.2145501793722848 0.9416960948738794
vn -0.2237707484116144 0.41146748497231395 0.8835276797960913
vn -0.2237707484116144 0.41146748497231395 0.8835276797960913
vn -0.2237707484116144 0.41146748497231395 0.8835276797960913
vn -0.5992971136598946 0.618591018202439 -0.5081221523986031
vn -0.5992971136598946 0.618591018202439 -0.5081221523986031
vn -0.5992971136598946 0.618591018202439 -0.5081221523986031
vn -0.3666897383826742 0.40135430936269073 0.8393171951776298
vn -0.3666897383826742 0.40135430936269073 0.8393171951776298
vn -0.3666897383826742 0.40135430936269073 0.8393171951776298
vn -0.4133840227944753 0.5394495161764968 -0.7335583611378171
vn -0.4133840227944753 0.5394495161764968 -0.7335583611378171
vn -0.4133840227944753 0.5394495161764968 -0.7335583611378171
vn -0.4645956210888528 0.4360294987125315 -0.7707328883066829
vn -0.4645956210888528 0.4360294987125315 -0.7707328883066829
vn -0.4645956210888528 0.4360294987125315 -0.7707328883066829
vn -0.5906957883520495 0.5594649815787593 0.5814442535705633
vn -0.5906957883520495 0.5594649815787593 0.5814442535705633
vn -0.5906957883520495 0.5594649815787593 0.5814442535705633
vn -0.5105221344164779 0.6039665427324756 0.6120388594939248
vn -0.5105221344164779 0.6039665427324756 0.6120388594939248
vn -0.5105221344164779 0.6039665427324756 0.6120388594939248
vn -0.2417114800356773 0.2567305539707896 -0.9357697275915768
vn -0.2417114800356773 0.2567305539707896 -0.9357697275915768
vn -0.2417114800356773 0.2567305539707896 -0.9357697275915768
vn -0.23700891148529835 0.2692297962532341 -0.9334570652611699
vn -0.23700891148529835 0.2692297962532341 -0.9334570652611699
vn -0.23700891148529835 0.2692297962532341 -0.9334570652611699
vn -0.6781587018501272 0.6819061650840933 0.27405247148175027
vn -0.6781587018501272 0.6819061650840933 0.27405247148175027
vn -0.6781587018501272 0.6819061650840933 0.27405247148175027
vn -0.6623160374124664 0.6935278910575774 0.2834722753841682
vn -0.6623160374124664 0.6935278910575774 0.2834722753841682
vn -0.6623160374124664 0.6935278910575774 0.2834722753841682
vn -0.04953159364459213 -0.014988720334044747 -0.9986600820568403
vn -0.04953159364459213 -0.014988720334044747 -0.9986600820568403
vn -0.04953159364459213 -0.014988720334044747 -0.9986600820568403
vn 0.7071068407846218 0.7071067215753303 0.000004310410150598189
vn 0.7071068407846218 0.7071067215753303 0.000004310410150598189
vn 0.7071068407846218 0.7071067215753303 0.000004310410150598189
vn 0.7071068407911908 0.7071067215818992 0
vn 0.7071068407911908 0.7071067215818992 0
vn 0.7071068407911908 0.7071067215818992 0
vn 0.707106840601463 0.7071067213921715 0.000023165299743664123
vn 0.707106840601463 0.7071067213921715 0.000023165299743664123
vn 0.707106840601463 0.7071067213921715 0.000023165299743664123
vn 0.7071068407911908 0.7071067215818992 0
vn 0.7071068407911908 0.7071067215818992 0
vn 0.7071068407911908 0.7071067215818992 0
vn 0.7071068407911908 0.7071067215818992 0
vn 0.7071068407911908 0.7071067215818992 0
vn 0.7071068407911908 0.7071067215818992 0
vn 0.7071068407911908 0.7071067215818992 0
vn 0.7071068407911908 0.7071067215818992 0
vn 0.7071068407911908 0.7071067215818992 0
vn 0.7071068407829418 0.7071067215736503 0.000004830260050612806
vn 0.7071068407829418 0.7071067215736503 0.000004830260050612806
vn 0.7071068407829418 0.7071067215736503 0.000004830260050612806
vn 0.7071068407911908 0.7071067215818992 0
vn 0.7071068407911908 0.7071067215818992 0
vn 0.7071068407911908 0.7071067215818992 0
vn 0.7071068360713506 0.7071067168620598 -0.00011554100031044828
vn 0.7071068360713506 0.7071067168620598 -0.00011554100031044828
vn 0.7071068360713506 0.7071067168620598 -0.00011554100031044828
vn 0.7071068407911908 0.7071067215818992 0
vn 0.7071068407911908 0.7071067215818992 0
vn 0.7071068407911908 0.7071067215818992 0
vn 0.7071068407911908 0.7071067215818992 0
vn 0.7071068407911908 0.7071067215818992 0
vn 0.7071068407911908 0.7071067215818992 0
vn 0.707106840735421 0.7071067215261294 0.000012559499951064195
vn 0.707106840735421 0.7071067215261294 0.000012559499951064195
vn 0.707106840735421 0.7071067215261294 0.000012559499951064195
vn 0.7071068407911908 0.7071067215818992 0
vn 0.7071068407911908 0.7071067215818992 0
vn 0.7071068407911908 0.7071067215818992 0
vn 0.7071068395615684 0.7071067203522771 0.00005897370010367974
vn 0.7071068395615684 0.7071067203522771 0.00005897370010367974
vn 0.7071068395615684 0.7071067203522771 0.00005897370010367974
vn 0.7071068407453155 0.7071067215360239 0.000011391000237868612
vn 0.7071068407453155 0.7071067215360239 0.000011391000237868612
vn 0.7071068407453155 0.7071067215360239 0.000011391000237868612
vn 0.7071066904038695 0.7071065711945832 0.0006521959263901079
vn 0.7071066904038695 0.7071065711945832 0.0006521959263901079
vn 0.7071066904038695 0.7071065711945832 0.0006521959263901079
vn 0.7071068407911908 0.7071067215818992 0
vn 0.7071068407911908 0.7071067215818992 0
vn 0.7071068407911908 0.7071067215818992 0
vn 0.7071068406635016 0.70710672145421 -0.000019004199524565716
vn 0.7071068406635016 0.70710672145421 -0.000019004199524565716
vn 0.7071068406635016 0.70710672145421 -0.000019004199524565716
vn 0.7071068407873392 0.7071067215780477 0.000003300609989390905
vn 0.7071068407873392 0.7071067215780477 0.000003300609989390905
vn 0.7071068407873392 0.7071067215780477 0.000003300609989390905
vn 0.7071068401776323 0.7071067209683407 0.00004165820132052649
vn 0.7071068401776323 0.7071067209683407 0.00004165820132052649
vn 0.7071068401776323 0.7071067209683407 0.00004165820132052649
vn 0.7071068407911908 0.7071067215818992 0
vn 0.7071068407911908 0.7071067215818992 0
vn 0.7071068407911908 0.7071067215818992 0
vn 0.7071068406296858 0.7071067214203942 0.000021373000342296565
vn 0.7071068406296858 0.7071067214203942 0.000021373000342296565
vn 0.7071068406296858 0.7071067214203942 0.000021373000342296565
vn 0.7071068407483105 0.7071067215390189 0.000011012900546574338
vn 0.7071068407483105 0.7071067215390189 0.000011012900546574338
vn 0.7071068407483105 0.7071067215390189 0.000011012900546574338
vn -0.6402826192297142 0.7126360405503926 0.28668456746221277
vn -0.6402826192297142 0.7126360405503926 0.28668456746221277
vn -0.6402826192297142 0.7126360405503926 0.28668456746221277
vn -0.09767079087998176 0.011521145388422742 -0.995152088787346
vn -0.09767079087998176 0.011521145388422742 -0.995152088787346
vn -0.09767079087998176 0.011521145388422742 -0.995152088787346
vn -0.6855374572680326 0.6245821116550005 0.37407964457192916
vn -0.6855374572680326 0.6245821116550005 0.37407964457192916
vn -0.6855374572680326 0.6245821116550005 0.37407964457192916
vn -0.1430383590757413 0.2663208484880832 -0.9532120611351425
vn -0.1430383590757413 0.2663208484880832 -0.9532120611351425
vn -0.1430383590757413 0.2663208484880832 -0.9532120611351425
vn -0.5207516637746348 0.5688143467268892 0.6366065846608971
vn -0.5207516637746348 0.5688143467268892 0.6366065846608971
vn -0.5207516637746348 0.5688143467268892 0.6366065846608971
vn -0.5244931620507571 0.5569827005028771 0.6439543417840432
vn -0.5244931620507571 0.5569827005028771 0.6439543417840432
vn -0.5244931620507571 0.5569827005028771 0.6439543417840432
vn -0.39750534080139666 0.25386968117159414 -0.8817821097165663
vn -0.39750534080139666 0.25386968117159414 -0.8817821097165663
vn -0.39750534080139666 0.25386968117159414 -0.8817821097165663
vn -0.38879221457678137 0.3871993698611436 0.8360127163288936
vn -0.38879221457678137 0.3871993698611436 0.8360127163288936
vn -0.38879221457678137 0.3871993698611436 0.8360127163288936
vn -0.3794417326622257 0.3888114634766423 0.8395532248663211
vn -0.3794417326622257 0.3888114634766423 0.8395532248663211
vn -0.3794417326622257 0.3888114634766423 0.8395532248663211
vn -0.4125291308161491 0.5453048217633205 -0.7297001902081057
vn -0.4125291308161491 0.5453048217633205 -0.7297001902081057
vn -0.4125291308161491 0.5453048217633205 -0.7297001902081057
vn -0.22340589054096238 0.32917286903092885 0.9174611873891704
vn -0.22340589054096238 0.32917286903092885 0.9174611873891704
vn -0.22340589054096238 0.32917286903092885 0.9174611873891704
vn -0.5838565411421243 0.6334009962993895 -0.5078530469067756
vn -0.5838565411421243 0.6334009962993895 -0.5078530469067756
vn -0.5838565411421243 0.6334009962993895 -0.5078530469067756
vn -0.5905632885963945 0.5342249791823012 -0.6048459917862408
vn -0.5905632885963945 0.5342249791823012 -0.6048459917862408
vn -0.5905632885963945 0.5342249791823012 -0.6048459917862408
vn -0.1842353318978939 0.07413808900904972 0.9800820813781667
vn -0.1842353318978939 0.07413808900904972 0.9800820813781667
vn -0.1842353318978939 0.07413808900904972 0.9800820813781667
vn -0.618612923350946 0.6812419652070316 -0.39144276197684164
vn -0.618612923350946 0.6812419652070316 -0.39144276197684164
vn -0.618612923350946 0.6812419652070316 -0.39144276197684164
vn 0.005084978774022539 0.07483210255416409 0.9971831824786211
vn 0.005084978774022539 0.07483210255416409 0.9971831824786211
vn 0.005084978774022539 0.07483210255416409 0.9971831824786211
vn -0.6873916347392314 0.648776348614618 -0.3264689724442594
vn -0.6873916347392314 0.648776348614618 -0.3264689724442594
vn -0.6873916347392314 0.648776348614618 -0.3264689724442594
vn -0.6750460338887154 0.7358708459944366 -0.052980658230598936
vn -0.6750460338887154 0.7358708459944366 -0.052980658230598936
vn -0.6750460338887154 0.7358708459944366 -0.052980658230598936
vn -0.7418148577766495 0.6694441492010166 0.03943663122448789
vn -0.7418148577766495 0.6694441492010166 0.03943663122448789
vn -0.7418148577766495 0.6694441492010166 0.03943663122448789
vn -0.7047375582240412 -0.7093035721288307 -0.01527797740857183
vn -0.7047375582240412 -0.7093035721288307 -0.01527797740857183
vn -0.7047375582240412 -0.7093035721288307 -0.01527797740857183
vn -0.7240155461092711 -0.6895342585263882 -0.01854711057168046
vn -0.7240155461092711 -0.6895342585263882 -0.01854711057168046
vn -0.7240155461092711 -0.6895342585263882 -0.01854711057168046
vn -0.7207130142047621 -0.6932230542081838 -0.00381421946980284
vn -0.7207130142047621 -0.6932230542081838 -0.00381421946980284
vn -0.7207130142047621 -0.6932230542081838 -0.00381421946980284
vn -0.7235630465170708 -0.6900962318890345 -0.014956886289968344
vn -0.7235630465170708 -0.6900962318890345 -0.014956886289968344
vn -0.7235630465170708 -0.6900962318890345 -0.014956886289968344
vn -0.7172943962501553 -0.6961837423352191 -0.028582267514220404
vn -0.7172943962501553 -0.6961837423352191 -0.028582267514220404
vn -0.7172943962501553 -0.6961837423352191 -0.028582267514220404
vn -0.7172902770115822 -0.6961093494128032 -0.030437348188224543
vn -0.7172902770115822 -0.6961093494128032 -0.030437348188224543
vn -0.7172902770115822 -0.6961093494128032 -0.030437348188224543
vn -0.7245015518221487 -0.6891795412258259 -0.01136051772847038
vn -0.7245015518221487 -0.6891795412258259 -0.01136051772847038
vn -0.7245015518221487 -0.6891795412258259 -0.01136051772847038
vn -0.7156958043506509 -0.6978809295534083 -0.02723460667138945
vn -0.7156958043506509 -0.6978809295534083 -0.02723460667138945
vn -0.7156958043506509 -0.6978809295534083 -0.02723460667138945
vn -0.7266699987494322 -0.6869179937520191 -0.00971507988649202
vn -0.7266699987494322 -0.6869179937520191 -0.00971507988649202
vn -0.7266699987494322 -0.6869179937520191 -0.00971507988649202
vn -0.7250249369529314 -0.6886389836083953 -0.010732709406022323
vn -0.7250249369529314 -0.6886389836083953 -0.010732709406022323
vn -0.7250249369529314 -0.6886389836083953 -0.010732709406022323
vn -0.7290642802329655 -0.6835988112169856 -0.034028526137815165
vn -0.7290642802329655 -0.6835988112169856 -0.034028526137815165
vn -0.7290642802329655 -0.6835988112169856 -0.034028526137815165
vn -0.7259701470550273 -0.687676427868056 -0.008275031089506049
vn -0.7259701470550273 -0.687676427868056 -0.008275031089506049
vn -0.7259701470550273 -0.687676427868056 -0.008275031089506049
vn -0.6984751325345865 -0.714958618471233 -0.031091206224553376
vn -0.6984751325345865 -0.714958618471233 -0.031091206224553376
vn -0.6984751325345865 -0.714958618471233 -0.031091206224553376
vn -0.7254706840013115 -0.6882248132412293 -0.006236432773991414
vn -0.7254706840013115 -0.6882248132412293 -0.006236432773991414
vn -0.7254706840013115 -0.6882248132412293 -0.006236432773991414
vn -0.7256105453479789 -0.6880940710827876 -0.003985702011439328
vn -0.7256105453479789 -0.6880940710827876 -0.003985702011439328
vn -0.7256105453479789 -0.6880940710827876 -0.003985702011439328
vn -0.7238446298369982 -0.6899119448086259 -0.008394061383994287
vn -0.7238446298369982 -0.6899119448086259 -0.008394061383994287
vn -0.7238446298369982 -0.6899119448086259 -0.008394061383994287
vn -0.7308351373447679 -0.6825526930266824 0.0013502830362185593
vn -0.7308351373447679 -0.6825526930266824 0.0013502830362185593
vn -0.7308351373447679 -0.6825526930266824 0.0013502830362185593
vn -0.6778281123626954 -0.7338509335051351 -0.04485373434249447
vn -0.6778281123626954 -0.7338509335051351 -0.04485373434249447
vn -0.6778281123626954 -0.7338509335051351 -0.04485373434249447
vn -0.7051016524035564 -0.7087472512069996 0.022560888375611828
vn -0.7051016524035564 -0.7087472512069996 0.022560888375611828
vn -0.7051016524035564 -0.7087472512069996 0.022560888375611828
vn -0.6986236932161113 -0.7150059696742238 0.02629445963133475
vn -0.6986236932161113 -0.7150059696742238 0.02629445963133475
vn -0.6986236932161113 -0.7150059696742238 0.02629445963133475
vn -0.7071068407911908 -0.7071067215818992 0
vn -0.7071068407911908 -0.7071067215818992 0
vn -0.7071068407911908 -0.7071067215818992 0
vn -0.7027573544363285 -0.7109318333961872 -0.026608815260897083
vn -0.7027573544363285 -0.7109318333961872 -0.026608815260897083
vn -0.7027573544363285 -0.7109318333961872 -0.026608815260897083
vn -0.7269870479556655 -0.6866395919076538 -0.003987847739996894
vn -0.7269870479556655 -0.6866395919076538 -0.003987847739996894
vn -0.7269870479556655 -0.6866395919076538 -0.003987847739996894
vn -0.7120407948086075 -0.7007181174690602 -0.044632122725034494
vn -0.7120407948086075 -0.7007181174690602 -0.044632122725034494
vn -0.7120407948086075 -0.7007181174690602 -0.044632122725034494
vn -0.7114981041755957 -0.7026564104947602 -0.006664573891286275
vn -0.7114981041755957 -0.7026564104947602 -0.006664573891286275
vn -0.7114981041755957 -0.7026564104947602 -0.006664573891286275
vn -0.7175955636580411 -0.696433829000739 0.0060439094688475225
vn -0.7175955636580411 -0.696433829000739 0.0060439094688475225
vn -0.7175955636580411 -0.696433829000739 0.0060439094688475225
vn -0.7101758832458119 -0.7036175244712837 0.023928938817534478
vn -0.7101758832458119 -0.7036175244712837 0.023928938817534478
vn -0.7101758832458119 -0.7036175244712837 0.023928938817534478
vn -0.6862248174586624 -0.7269110671459202 -0.0263780280651313
vn -0.6862248174586624 -0.7269110671459202 -0.0263780280651313
vn -0.6862248174586624 -0.7269110671459202 -0.0263780280651313
vn -0.6960779517034377 -0.717453250475427 -0.02713518996784391
vn -0.6960779517034377 -0.717453250475427 -0.02713518996784391
vn -0.6960779517034377 -0.717453250475427 -0.02713518996784391
vn -0.6943972232119869 -0.7181286341301685 -0.045866777059444815
vn -0.6943972232119869 -0.7181286341301685 -0.045866777059444815
vn -0.6943972232119869 -0.7181286341301685 -0.045866777059444815
vn -0.7267702714949738 -0.6868802211720653 0.0007309129474507344
vn -0.7267702714949738 -0.6868802211720653 0.0007309129474507344
vn -0.7267702714949738 -0.6868802211720653 0.0007309129474507344
vn -0.7118078346574992 -0.6994640109621764 0.06387255974913371
vn -0.7118078346574992 -0.6994640109621764 0.06387255974913371
vn -0.7118078346574992 -0.6994640109621764 0.06387255974913371
vn -0.6911151955919383 -0.7223930307380387 -0.022540975201346212
vn -0.6911151955919383 -0.7223930307380387 -0.022540975201346212
vn -0.6911151955919383 -0.7223930307380387 -0.022540975201346212
vn -0.7074672608738887 -0.7067459850645078 0.000432881964979277
vn -0.7074672608738887 -0.7067459850645078 0.000432881964979277
vn -0.7074672608738887 -0.7067459850645078 0.000432881964979277
vn -0.759862070327303 -0.6500835461580735 0.0010085100141751405
vn -0.759862070327303 -0.6500835461580735 0.0010085100141751405
vn -0.759862070327303 -0.6500835461580735 0.0010085100141751405
vn -0.6824761805176893 -0.7307375858002626 -0.015774781291359268
vn -0.6824761805176893 -0.7307375858002626 -0.015774781291359268
vn -0.6824761805176893 -0.7307375858002626 -0.015774781291359268
vn -0.6930558434048942 -0.7203912477786801 -0.026646726744703173
vn -0.6930558434048942 -0.7203912477786801 -0.026646726744703173
vn -0.6930558434048942 -0.7203912477786801 -0.026646726744703173
vn -0.6948265304366803 -0.7181949482197187 0.037578038173921816
vn -0.6948265304366803 -0.7181949482197187 0.037578038173921816
vn -0.6948265304366803 -0.7181949482197187 0.037578038173921816
vn -0.6953313959831967 -0.71842366592419 -0.019536785818213255
vn -0.6953313959831967 -0.71842366592419 -0.019536785818213255
vn -0.6953313959831967 -0.71842366592419 -0.019536785818213255
vn -0.6865479510158252 -0.726762669341582 -0.021631768477647122
vn -0.6865479510158252 -0.726762669341582 -0.021631768477647122
vn -0.6865479510158252 -0.726762669341582 -0.021631768477647122
vn -0.7071068407911908 -0.7071067215818992 0
vn -0.7071068407911908 -0.7071067215818992 0
vn -0.7071068407911908 -0.7071067215818992 0
vn -0.6873567688947215 -0.7263142454457951 -0.0028790826861331033
vn -0.6873567688947215 -0.7263142454457951 -0.0028790826861331033
vn -0.6873567688947215 -0.7263142454457951 -0.0028790826861331033
vn -0.6903627683101687 -0.7233401117195183 -0.013354059634246584
vn -0.6903627683101687 -0.7233401117195183 -0.013354059634246584
vn -0.6903627683101687 -0.7233401117195183 -0.013354059634246584
vn -0.8145277572186358 -0.5798734477780239 -0.0170680192877296
vn -0.8145277572186358 -0.5798734477780239 -0.0170680192877296
vn -0.8145277572186358 -0.5798734477780239 -0.0170680192877296
vn -0.7094782705837233 -0.7040640825878136 0.030567158508923855
vn -0.7094782705837233 -0.7040640825878136 0.030567158508923855
vn -0.7094782705837233 -0.7040640825878136 0.030567158508923855
vn -0.6853775818592057 -0.7281501719778758 -0.0074092734743484295
vn -0.6853775818592057 -0.7281501719778758 -0.0074092734743484295
vn -0.6853775818592057 -0.7281501719778758 -0.0074092734743484295
vn -0.6883503725130038 -0.7253221200147132 -0.009032545520011724
vn -0.6883503725130038 -0.7253221200147132 -0.009032545520011724
vn -0.6883503725130038 -0.7253221200147132 -0.009032545520011724
vn -0.7156022815832987 -0.6981575517082474 0.022122558295164883
vn -0.7156022815832987 -0.6981575517082474 0.022122558295164883
vn -0.7156022815832987 -0.6981575517082474 0.022122558295164883
vn -0.6867521925404952 -0.7267889896217306 -0.012214360623737274
vn -0.6867521925404952 -0.7267889896217306 -0.012214360623737274
vn -0.6867521925404952 -0.7267889896217306 -0.012214360623737274
vn -0.6878619084251557 -0.72580205235853 -0.007574676880796977
vn -0.6878619084251557 -0.72580205235853 -0.007574676880796977
vn -0.6878619084251557 -0.72580205235853 -0.007574676880796977
vn -0.7112125691442618 -0.7021330532905885 0.03443627401526435
vn -0.7112125691442618 -0.7021330532905885 0.03443627401526435
vn -0.7112125691442618 -0.7021330532905885 0.03443627401526435
vn -0.700290960858467 -0.7137452785765728 0.01265888816506184
vn -0.700290960858467 -0.7137452785765728 0.01265888816506184
vn -0.700290960858467 -0.7137452785765728 0.01265888816506184
vn -0.687573625148375 -0.7261078499333942 -0.0031464687231017585
vn -0.687573625148375 -0.7261078499333942 -0.0031464687231017585
vn -0.687573625148375 -0.7261078499333942 -0.0031464687231017585
vn -0.7047248259555895 -0.709208466007556 0.019653789076748317
vn -0.7047248259555895 -0.709208466007556 0.019653789076748317
vn -0.7047248259555895 -0.709208466007556 0.019653789076748317
vn -0.6840131766164713 -0.7294573663699653 0.0042337765219686106
vn -0.6840131766164713 -0.7294573663699653 0.0042337765219686106
vn -0.6840131766164713 -0.7294573663699653 0.0042337765219686106
vn -0.6809898459831606 -0.7322843504114177 -0.003529845656551209
vn -0.6809898459831606 -0.7322843504114177 -0.003529845656551209
vn -0.6809898459831606 -0.7322843504114177 -0.003529845656551209
vn -0.6867299501987528 -0.7269117648051538 0.0011232488038475557
vn -0.6867299501987528 -0.7269117648051538 0.0011232488038475557
vn -0.6867299501987528 -0.7269117648051538 0.0011232488038475557
vn -0.6841970466517666 -0.7292970785136609 0.00041548097360919503
vn -0.6841970466517666 -0.7292970785136609 0.00041548097360919503
vn -0.6841970466517666 -0.7292970785136609 0.00041548097360919503
vn -0.6873086725351191 -0.7263001239939751 0.009742614861979769
vn -0.6873086725351191 -0.7263001239939751 0.009742614861979769
vn -0.6873086725351191 -0.7263001239939751 0.009742614861979769
vn -0.6998319149122059 -0.7140035751002596 0.020837121067054536
vn -0.6998319149122059 -0.7140035751002596 0.020837121067054536
vn -0.6998319149122059 -0.7140035751002596 0.020837121067054536
vn -0.7177851317437505 -0.6959396118439556 -0.02127348852659926
vn -0.7177851317437505 -0.6959396118439556 -0.02127348852659926
vn -0.7177851317437505 -0.6959396118439556 -0.02127348852659926
vn -0.6861016354129499 -0.7273306462421197 0.015958600211052085
vn -0.6861016354129499 -0.7273306462421197 0.015958600211052085
vn -0.6861016354129499 -0.7273306462421197 0.015958600211052085
vn -0.7043665124852169 -0.7096874787844029 0.014542989584343313
vn -0.7043665124852169 -0.7096874787844029 0.014542989584343313
vn -0.7043665124852169 -0.7096874787844029 0.014542989584343313
vn -0.7179210287624331 -0.6916901567137439 0.07844822219786816
vn -0.7179210287624331 -0.6916901567137439 0.07844822219786816
vn -0.7179210287624331 -0.6916901567137439 0.07844822219786816
vn -0.6894693863805209 -0.7242467887192421 0.009927450525356655
vn -0.6894693863805209 -0.7242467887192421 0.009927450525356655
vn -0.6894693863805209 -0.7242467887192421 0.009927450525356655
vn -0.6977392468793407 -0.7158860002781955 0.025829788422242067
vn -0.6977392468793407 -0.7158860002781955 0.025829788422242067
vn -0.6977392468793407 -0.7158860002781955 0.025829788422242067
vn -0.6825060856559959 -0.7308660162572947 0.00450658659320897
vn -0.6825060856559959 -0.7308660162572947 0.00450658659320897
vn -0.6825060856559959 -0.7308660162572947 0.00450658659320897
vn -0.6445904197482535 -0.7642696886434626 -0.019875456965695825
vn -0.6445904197482535 -0.7642696886434626 -0.019875456965695825
vn -0.6445904197482535 -0.7642696886434626 -0.019875456965695825
vn -0.7161093954388601 -0.6973347071842004 0.030193375440909123
vn -0.7161093954388601 -0.6973347071842004 0.030193375440909123
vn -0.7161093954388601 -0.6973347071842004 0.030193375440909123
vn -0.7071068407911908 -0.7071067215818992 0
vn -0.7071068407911908 -0.7071067215818992 0
vn -0.7071068407911908 -0.7071067215818992 0
vn -0.6803267531978242 -0.7329087782143243 0.00048135194342838
vn -0.6803267531978242 -0.7329087782143243 0.00048135194342838
vn -0.6803267531978242 -0.7329087782143243 0.00048135194342838
vn -0.7048340319675916 -0.7089673159891001 0.023965229803190883
vn -0.7048340319675916 -0.7089673159891001 0.023965229803190883
vn -0.7048340319675916 -0.7089673159891001 0.023965229803190883
vn -0.6835119102684808 -0.7294270965020804 0.027341898428546646
vn -0.6835119102684808 -0.7294270965020804 0.027341898428546646
vn -0.6835119102684808 -0.7294270965020804 0.027341898428546646
vn 0.706904825885045 -0.7051353428022648 0.055405013054477564
vn 0.706904825885045 -0.7051353428022648 0.055405013054477564
vn 0.706904825885045 -0.7051353428022648 0.055405013054477564
vn 0.7058150737562956 -0.7064245312464716 0.05281537003181666
vn 0.7058150737562956 -0.7064245312464716 0.05281537003181666
vn 0.7058150737562956 -0.7064245312464716 0.05281537003181666
vn -0.5410762423090969 -0.43807449887103356 0.7178629628609908
vn -0.5410762423090969 -0.43807449887103356 0.7178629628609908
vn -0.5410762423090969 -0.43807449887103356 0.7178629628609908
vn -0.3215116543001688 -0.6946535072755317 0.6434957350122622
vn -0.3215116543001688 -0.6946535072755317 0.6434957350122622
vn -0.3215116543001688 -0.6946535072755317 0.6434957350122622
vn -0.3264009579474258 -0.6694950307454105 0.6672621811988183
vn -0.3264009579474258 -0.6694950307454105 0.6672621811988183
vn -0.3264009579474258 -0.6694950307454105 0.6672621811988183
vn -0.36663048852822255 -0.6122849482315734 0.7004921320404793
vn -0.36663048852822255 -0.6122849482315734 0.7004921320404793
vn -0.36663048852822255 -0.6122849482315734 0.7004921320404793
vn -0.49880884899539474 -0.5278264755491356 0.6874510483469111
vn -0.49880884899539474 -0.5278264755491356 0.6874510483469111
vn -0.49880884899539474 -0.5278264755491356 0.6874510483469111
vn -0.42952289618294937 -0.563884608558829 0.7053681520206788
vn -0.42952289618294937 -0.563884608558829 0.7053681520206788
vn -0.42952289618294937 -0.563884608558829 0.7053681520206788
vn -0.5011045952099703 -0.5167406221295692 0.694170954521001
vn -0.5011045952099703 -0.5167406221295692 0.694170954521001
vn -0.5011045952099703 -0.5167406221295692 0.694170954521001
vn -0.6081482621280803 -0.36854319875054187 0.7030871936860421
vn -0.6081482621280803 -0.36854319875054187 0.7030871936860421
vn -0.6081482621280803 -0.36854319875054187 0.7030871936860421
vn -0.689937947800527 -0.3298178606588568 0.6443646537289365
vn -0.689937947800527 -0.3298178606588568 0.6443646537289365
vn -0.689937947800527 -0.3298178606588568 0.6443646537289365
vn -0.6686921873763053 -0.3315614242230833 0.665520683757502
vn -0.6686921873763053 -0.3315614242230833 0.665520683757502
vn -0.6686921873763053 -0.3315614242230833 0.665520683757502
vn 0.5517552924500736 0.4429751202861612 0.7066393281305497
vn 0.5517552924500736 0.4429751202861612 0.7066393281305497
vn 0.5517552924500736 0.4429751202861612 0.7066393281305497
vn 0.6071726740856022 0.3694230653239916 0.7034685086415488
vn 0.6071726740856022 0.3694230653239916 0.7034685086415488
vn 0.6071726740856022 0.3694230653239916 0.7034685086415488
vn 0.6814714264466287 0.33093054026765245 0.6527493182340041
vn 0.6814714264466287 0.33093054026765245 0.6527493182340041
vn 0.6814714264466287 0.33093054026765245 0.6527493182340041
vn 0.6875572863430655 0.3111858992386867 0.6560703575925143
vn 0.6875572863430655 0.3111858992386867 0.6560703575925143
vn 0.6875572863430655 0.3111858992386867 0.6560703575925143
vn 0.527920179989945 0.5019916233915492 0.6850581680442186
vn 0.527920179989945 0.5019916233915492 0.6850581680442186
vn 0.527920179989945 0.5019916233915492 0.6850581680442186
vn -0.7059756660709406 0.706285550625418 0.05252694445179436
vn -0.7059756660709406 0.706285550625418 0.05252694445179436
vn -0.7059756660709406 0.706285550625418 0.05252694445179436
vn -0.7061769977963774 0.7059956804665688 0.05370425444824437
vn -0.7061769977963774 0.7059956804665688 0.05370425444824437
vn -0.7061769977963774 0.7059956804665688 0.05370425444824437
vn -0.36900279263132774 -0.19876977982981564 0.9079248392112024
vn -0.36900279263132774 -0.19876977982981564 0.9079248392112024
vn -0.36900279263132774 -0.19876977982981564 0.9079248392112024
vn 0.7059139367925159 -0.706236874746865 0.053990652800953144
vn 0.7059139367925159 -0.706236874746865 0.053990652800953144
vn 0.7059139367925159 -0.706236874746865 0.053990652800953144
vn 0.7062879752787873 -0.7059779119187733 0.05246411973339251
vn 0.7062879752787873 -0.7059779119187733 0.05246411973339251
vn 0.7062879752787873 -0.7059779119187733 0.05246411973339251
vn -0.7130120855992078 -0.7009222373125715 0.017938311799250133
vn -0.7130120855992078 -0.7009222373125715 0.017938311799250133
vn -0.7130120855992078 -0.7009222373125715 0.017938311799250133
vn -0.7005178200470857 -0.7123875483888787 0.042175403933594514
vn -0.7005178200470857 -0.7123875483888787 0.042175403933594514
vn -0.7005178200470857 -0.7123875483888787 0.042175403933594514
vn -0.713041900370941 -0.700402437444677 0.031743880307116806
vn -0.713041900370941 -0.700402437444677 0.031743880307116806
vn -0.713041900370941 -0.700402437444677 0.031743880307116806
vn -0.7145601529800993 -0.6988653558997758 0.03148018577036338
vn -0.7145601529800993 -0.6988653558997758 0.03148018577036338
vn -0.7145601529800993 -0.6988653558997758 0.03148018577036338
vn -0.7087669951279701 -0.705221412842173 0.0176665074691464
vn -0.7087669951279701 -0.705221412842173 0.0176665074691464
vn -0.7087669951279701 -0.705221412842173 0.0176665074691464
vn -0.7277847685066399 -0.6847584394939225 0.037884169142067235
vn -0.7277847685066399 -0.6847584394939225 0.037884169142067235
vn -0.7277847685066399 -0.6847584394939225 0.037884169142067235
vn -0.676099860161981 -0.7352203980530574 0.048372981876803285
vn -0.676099860161981 -0.7352203980530574 0.048372981876803285
vn -0.676099860161981 -0.7352203980530574 0.048372981876803285
vn -0.7022924420476695 -0.7110531923379818 0.03447728975261659
vn -0.7022924420476695 -0.7110531923379818 0.03447728975261659
vn -0.7022924420476695 -0.7110531923379818 0.03447728975261659
vn -0.7038242282415851 -0.7097646060057732 0.029422097165337825
vn -0.7038242282415851 -0.7097646060057732 0.029422097165337825
vn -0.7038242282415851 -0.7097646060057732 0.029422097165337825
vn -0.710856736700231 -0.7021543989462117 0.040766406861321734
vn -0.710856736700231 -0.7021543989462117 0.040766406861321734
vn -0.710856736700231 -0.7021543989462117 0.040766406861321734
vn -0.7078266504471095 -0.7058706644892028 0.026982178014326137
vn -0.7078266504471095 -0.7058706644892028 0.026982178014326137
vn -0.7078266504471095 -0.7058706644892028 0.026982178014326137
vn -0.6984611718046402 -0.7152163353984158 0.02485125873169493
vn -0.6984611718046402 -0.7152163353984158 0.02485125873169493
vn -0.6984611718046402 -0.7152163353984158 0.02485125873169493
vn -0.6941143870561413 -0.7196862101770236 0.016030488536241543
vn -0.6941143870561413 -0.7196862101770236 0.016030488536241543
vn -0.6941143870561413 -0.7196862101770236 0.016030488536241543
vn -0.6720322985636412 0.6586257834041566 0.3385035703246423
vn -0.6720322985636412 0.6586257834041566 0.3385035703246423
vn -0.6720322985636412 0.6586257834041566 0.3385035703246423
vn -0.6608897294340953 0.5621060598687345 0.49725400248502266
vn -0.6608897294340953 0.5621060598687345 0.49725400248502266
vn -0.6608897294340953 0.5621060598687345 0.49725400248502266
vn -0.07808796470748387 0.08249839558366244 -0.9935271936358683
vn -0.07808796470748387 0.08249839558366244 -0.9935271936358683
vn -0.07808796470748387 0.08249839558366244 -0.9935271936358683
vn -0.04487546628904691 0.04101692972502533 -0.9981501911041609
vn -0.04487546628904691 0.04101692972502533 -0.9981501911041609
vn -0.04487546628904691 0.04101692972502533 -0.9981501911041609
vn -0.5455309748647785 0.5680812001226445 0.616181552409921
vn -0.5455309748647785 0.5680812001226445 0.616181552409921
vn -0.5455309748647785 0.5680812001226445 0.616181552409921
vn -0.5058437669348301 0.6322575911960647 0.586832533034878
vn -0.5058437669348301 0.6322575911960647 0.586832533034878
vn -0.5058437669348301 0.6322575911960647 0.586832533034878
vn -0.019615640902815097 0.032747253840769944 -0.999271156392428
vn -0.019615640902815097 0.032747253840769944 -0.999271156392428
vn -0.019615640902815097 0.032747253840769944 -0.999271156392428
vn -0.13597668675741453 0.12324002356472814 -0.9830169058822139
vn -0.13597668675741453 0.12324002356472814 -0.9830169058822139
vn -0.13597668675741453 0.12324002356472814 -0.9830169058822139
vn -0.18979905836003022 0.1226277221123295 -0.9741348773220202
vn -0.18979905836003022 0.1226277221123295 -0.9741348773220202
vn -0.18979905836003022 0.1226277221123295 -0.9741348773220202
vn -0.5572384661979455 0.47258079612621884 0.6827537498410905
vn -0.5572384661979455 0.47258079612621884 0.6827537498410905
vn -0.5572384661979455 0.47258079612621884 0.6827537498410905
vn -0.21810859160372104 0.24853585339817857 -0.9437470910388441
vn -0.21810859160372104 0.24853585339817857 -0.9437470910388441
vn -0.21810859160372104 0.24853585339817857 -0.9437470910388441
vn -0.412001460351558 0.4184849853824139 0.8093979946093667
vn -0.412001460351558 0.4184849853824139 0.8093979946093667
vn -0.412001460351558 0.4184849853824139 0.8093979946093667
vn -0.34975219722521067 0.25074250186802505 -0.9026636130326184
vn -0.34975219722521067 0.25074250186802505 -0.9026636130326184
vn -0.34975219722521067 0.25074250186802505 -0.9026636130326184
vn -0.4437770249810352 0.3107097448564495 -0.8405482773465316
vn -0.4437770249810352 0.3107097448564495 -0.8405482773465316
vn -0.4437770249810352 0.3107097448564495 -0.8405482773465316
vn -0.4380999489967146 0.48487779325966757 -0.7569425079176827
vn -0.4380999489967146 0.48487779325966757 -0.7569425079176827
vn -0.4380999489967146 0.48487779325966757 -0.7569425079176827
vn -0.4990684797976139 0.4585116010531466 -0.7353215379493373
vn -0.4990684797976139 0.4585116010531466 -0.7353215379493373
vn -0.4990684797976139 0.4585116010531466 -0.7353215379493373
vn -0.33603721621236227 0.3423365330512401 0.8774307308606778
vn -0.33603721621236227 0.3423365330512401 0.8774307308606778
vn -0.33603721621236227 0.3423365330512401 0.8774307308606778
vn -0.5112489480851778 0.3565118326052268 0.7819998889349421
vn -0.5112489480851778 0.3565118326052268 0.7819998889349421
vn -0.5112489480851778 0.3565118326052268 0.7819998889349421
vn -0.40048468135591797 0.39592817448116424 0.8263491396808383
vn -0.40048468135591797 0.39592817448116424 0.8263491396808383
vn -0.40048468135591797 0.39592817448116424 0.8263491396808383
vn -0.44213256577314036 0.44134569504913285 0.7808538734900772
vn -0.44213256577314036 0.44134569504913285 0.7808538734900772
vn -0.44213256577314036 0.44134569504913285 0.7808538734900772
vn -0.4268247768404796 0.4238859400376826 0.7988374801631711
vn -0.4268247768404796 0.4238859400376826 0.7988374801631711
vn -0.4268247768404796 0.4238859400376826 0.7988374801631711
vn -0.3957268109441255 0.33151976193869176 0.8564431904943289
vn -0.3957268109441255 0.33151976193869176 0.8564431904943289
vn -0.3957268109441255 0.33151976193869176 0.8564431904943289
vn -0.6411483281283502 0.5000302190458011 -0.5821499818596833
vn -0.6411483281283502 0.5000302190458011 -0.5821499818596833
vn -0.6411483281283502 0.5000302190458011 -0.5821499818596833
vn -0.600259775621495 0.6633398474714454 -0.4468427559303071
vn -0.600259775621495 0.6633398474714454 -0.4468427559303071
vn -0.600259775621495 0.6633398474714454 -0.4468427559303071
vn -0.31948906702800856 0.16832042014142748 0.9325207623495501
vn -0.31948906702800856 0.16832042014142748 0.9325207623495501
vn -0.31948906702800856 0.16832042014142748 0.9325207623495501
vn -0.6493805609935407 0.6335512363613468 -0.4206158792874124
vn -0.6493805609935407 0.6335512363613468 -0.4206158792874124
vn -0.6493805609935407 0.6335512363613468 -0.4206158792874124
vn -0.7498073166937897 0.6106760652617994 -0.2546835902621629
vn -0.7498073166937897 0.6106760652617994 -0.2546835902621629
vn -0.7498073166937897 0.6106760652617994 -0.2546835902621629
vn -0.11158330695724793 0.1019206490181775 0.9885147176001974
vn -0.11158330695724793 0.1019206490181775 0.9885147176001974
vn -0.11158330695724793 0.1019206490181775 0.9885147176001974
vn -0.09681783407575362 0.10490785312721633 0.9897578741071567
vn -0.09681783407575362 0.10490785312721633 0.9897578741071567
vn -0.09681783407575362 0.10490785312721633 0.9897578741071567
vn -0.7251078476524498 0.6748599400826294 -0.13704988341659205
vn -0.7251078476524498 0.6748599400826294 -0.13704988341659205
vn -0.7251078476524498 0.6748599400826294 -0.13704988341659205
vn -0.6590284770551793 0.7490499093944603 -0.06786530532224543
vn -0.6590284770551793 0.7490499093944603 -0.06786530532224543
vn -0.6590284770551793 0.7490499093944603 -0.06786530532224543
vn -0.07445222919912337 -0.0068881316438889496 0.9972007918216559
vn -0.07445222919912337 -0.0068881316438889496 0.9972007918216559
vn -0.07445222919912337 -0.0068881316438889496 0.9972007918216559
vn -0.2764948965364083 0.23389958359966856 -0.9321167078114321
vn -0.2764948965364083 0.23389958359966856 -0.9321167078114321
vn -0.2764948965364083 0.23389958359966856 -0.9321167078114321
vn -0.3054292829970941 0.3031337590911851 0.9026753996798229
vn -0.3054292829970941 0.3031337590911851 0.9026753996798229
vn -0.3054292829970941 0.3031337590911851 0.9026753996798229
vn -0.7497164568287955 0.6613178815030372 0.024163897955660877
vn -0.7497164568287955 0.6613178815030372 0.024163897955660877
vn -0.7497164568287955 0.6613178815030372 0.024163897955660877
vn -0.7548612307930987 0.6289312799303274 0.18609128773461828
vn -0.7548612307930987 0.6289312799303274 0.18609128773461828
vn -0.7548612307930987 0.6289312799303274 0.18609128773461828
vn -0.645550499705809 0.699579250032139 0.30635506402547075
vn -0.645550499705809 0.699579250032139 0.30635506402547075
vn -0.645550499705809 0.699579250032139 0.30635506402547075
vn -0.7271942464162301 -0.6859339445317718 -0.02613717119765665
vn -0.7271942464162301 -0.6859339445317718 -0.02613717119765665
vn -0.7271942464162301 -0.6859339445317718 -0.02613717119765665
vn -0.722878264238755 -0.6905138367802427 -0.025251857480059463
vn -0.722878264238755 -0.6905138367802427 -0.025251857480059463
vn -0.722878264238755 -0.6905138367802427 -0.025251857480059463
vn -0.7302907778836637 -0.6827623912890943 -0.02260302588749829
vn -0.7302907778836637 -0.6827623912890943 -0.02260302588749829
vn -0.7302907778836637 -0.6827623912890943 -0.02260302588749829
vn -0.7288061987017811 -0.6843389282628998 -0.022841978851353334
vn -0.7288061987017811 -0.6843389282628998 -0.022841978851353334
vn -0.7288061987017811 -0.6843389282628998 -0.022841978851353334
vn -0.7178199779827856 -0.695124377336027 -0.03919922501777533
vn -0.7178199779827856 -0.695124377336027 -0.03919922501777533
vn -0.7178199779827856 -0.695124377336027 -0.03919922501777533
vn -0.7189586734283746 -0.6944207525595686 -0.029635187138168196
vn -0.7189586734283746 -0.6944207525595686 -0.029635187138168196
vn -0.7189586734283746 -0.6944207525595686 -0.029635187138168196
vn -0.7326965988346094 -0.6803454216652527 -0.016905658086121947
vn -0.7326965988346094 -0.6803454216652527 -0.016905658086121947
vn -0.7326965988346094 -0.6803454216652527 -0.016905658086121947
vn -0.7329946188631122 -0.680026891474209 -0.016802249541218558
vn -0.7329946188631122 -0.680026891474209 -0.016802249541218558
vn -0.7329946188631122 -0.680026891474209 -0.016802249541218558
vn -0.7197681614980628 -0.693056757361673 -0.04007648648549039
vn -0.7197681614980628 -0.693056757361673 -0.04007648648549039
vn -0.7197681614980628 -0.693056757361673 -0.04007648648549039
vn -0.7166191460639586 -0.6962648151801587 -0.040893845951466994
vn -0.7166191460639586 -0.6962648151801587 -0.040893845951466994
vn -0.7166191460639586 -0.6962648151801587 -0.040893845951466994
vn -0.715623211382019 -0.6974477879461131 -0.0380788973101896
vn -0.715623211382019 -0.6974477879461131 -0.0380788973101896
vn -0.715623211382019 -0.6974477879461131 -0.0380788973101896
vn -0.712546533307276 -0.7004120408091249 -0.0412360395937781
vn -0.712546533307276 -0.7004120408091249 -0.0412360395937781
vn -0.712546533307276 -0.7004120408091249 -0.0412360395937781
vn -0.7342578749966733 -0.6788018328486534 -0.009666681264970344
vn -0.7342578749966733 -0.6788018328486534 -0.009666681264970344
vn -0.7342578749966733 -0.6788018328486534 -0.009666681264970344
vn -0.7351966239990286 -0.6777937768339546 -0.00902885073494772
vn -0.7351966239990286 -0.6777937768339546 -0.00902885073494772
vn -0.7351966239990286 -0.6777937768339546 -0.00902885073494772
vn -0.7103169543509521 -0.702735481972164 -0.04015802209942649
vn -0.7103169543509521 -0.702735481972164 -0.04015802209942649
vn -0.7103169543509521 -0.702735481972164 -0.04015802209942649
vn -0.7104021470470859 -0.7026531854242567 -0.04009102747542869
vn -0.7104021470470859 -0.7026531854242567 -0.04009102747542869
vn -0.7104021470470859 -0.7026531854242567 -0.04009102747542869
vn -0.7371790556873465 -0.6756903068579154 -0.003106295891912036
vn -0.7371790556873465 -0.6756903068579154 -0.003106295891912036
vn -0.7371790556873465 -0.6756903068579154 -0.003106295891912036
vn -0.7075813388153166 -0.7055290912981649 -0.03946327776946448
vn -0.7075813388153166 -0.7055290912981649 -0.03946327776946448
vn -0.7075813388153166 -0.7055290912981649 -0.03946327776946448
vn -0.7386837513853829 -0.674047223661748 0.0025798668778236
vn -0.7386837513853829 -0.674047223661748 0.0025798668778236
vn -0.7386837513853829 -0.674047223661748 0.0025798668778236
vn -0.7367977382249159 -0.6761130582557092 -0.0004747660056275187
vn -0.7367977382249159 -0.6761130582557092 -0.0004747660056275187
vn -0.7367977382249159 -0.6761130582557092 -0.0004747660056275187
vn -0.7053052016907629 -0.7079589792261116 -0.03658765093681457
vn -0.7053052016907629 -0.7079589792261116 -0.03658765093681457
vn -0.7053052016907629 -0.7079589792261116 -0.03658765093681457
vn -0.7386426195117948 -0.6740909096047177 0.0029199707255804846
vn -0.7386426195117948 -0.6740909096047177 0.0029199707255804846
vn -0.7386426195117948 -0.6740909096047177 0.0029199707255804846
vn -0.6931589373088161 -0.7196803821165355 -0.039885275798353534
vn -0.6931589373088161 -0.7196803821165355 -0.039885275798353534
vn -0.6931589373088161 -0.7196803821165355 -0.039885275798353534
vn -0.7075861532257133 -0.7048662741368907 -0.049853498850281064
vn -0.7075861532257133 -0.7048662741368907 -0.049853498850281064
vn -0.7075861532257133 -0.7048662741368907 -0.049853498850281064
vn -0.7335940663657433 -0.6795455276846161 0.007590889065850145
vn -0.7335940663657433 -0.6795455276846161 0.007590889065850145
vn -0.7335940663657433 -0.6795455276846161 0.007590889065850145
vn -0.700720540659983 -0.7125815668121582 -0.034903216710079225
vn -0.700720540659983 -0.7125815668121582 -0.034903216710079225
vn -0.700720540659983 -0.7125815668121582 -0.034903216710079225
vn -0.73160635982704 -0.68132012670592 0.023558845601104966
vn -0.73160635982704 -0.68132012670592 0.023558845601104966
vn -0.73160635982704 -0.68132012670592 0.023558845601104966
vn -0.6974336969664616 -0.7158648236908072 -0.03352301504673244
vn -0.6974336969664616 -0.7158648236908072 -0.03352301504673244
vn -0.6974336969664616 -0.7158648236908072 -0.03352301504673244
vn -0.6860160452292424 -0.726518117912873 -0.03941332303126566
vn -0.6860160452292424 -0.726518117912873 -0.03941332303126566
vn -0.6860160452292424 -0.726518117912873 -0.03941332303126566
vn -0.7379267132590264 -0.6746415419864024 0.017970967835373837
vn -0.7379267132590264 -0.6746415419864024 0.017970967835373837
vn -0.7379267132590264 -0.6746415419864024 0.017970967835373837
vn -0.7416381813927397 -0.6707987765431602 0.001345098014654301
vn -0.7416381813927397 -0.6707987765431602 0.001345098014654301
vn -0.7416381813927397 -0.6707987765431602 0.001345098014654301
vn -0.6960025566649926 -0.7164523146432885 -0.04771291185903557
vn -0.6960025566649926 -0.7164523146432885 -0.04771291185903557
vn -0.6960025566649926 -0.7164523146432885 -0.04771291185903557
vn -0.7243742231784442 -0.6892609486846767 0.014189059620881721
vn -0.7243742231784442 -0.6892609486846767 0.014189059620881721
vn -0.7243742231784442 -0.6892609486846767 0.014189059620881721
vn -0.692469110761251 -0.7207214139835812 -0.03236006902077841
vn -0.692469110761251 -0.7207214139835812 -0.03236006902077841
vn -0.692469110761251 -0.7207214139835812 -0.03236006902077841
vn -0.7229100956447132 -0.6906543869435883 0.019937688194169367
vn -0.7229100956447132 -0.6906543869435883 0.019937688194169367
vn -0.7229100956447132 -0.6906543869435883 0.019937688194169367
vn -0.6869397225057097 -0.726091033777883 -0.030093658985634694
vn -0.6869397225057097 -0.726091033777883 -0.030093658985634694
vn -0.6869397225057097 -0.726091033777883 -0.030093658985634694
vn -0.7235465698362509 -0.6899988105364038 0.01954489029243968
vn -0.7235465698362509 -0.6899988105364038 0.01954489029243968
vn -0.7235465698362509 -0.6899988105364038 0.01954489029243968
vn -0.6894198272663344 -0.723324798004246 -0.03874968856873793
vn -0.6894198272663344 -0.723324798004246 -0.03874968856873793
vn -0.6894198272663344 -0.723324798004246 -0.03874968856873793
vn -0.6907239087510126 -0.7227031721689562 -0.024507280890607476
vn -0.6907239087510126 -0.7227031721689562 -0.024507280890607476
vn -0.6907239087510126 -0.7227031721689562 -0.024507280890607476
vn -0.7221603878708762 -0.6913209451376486 0.023658508071600092
vn -0.7221603878708762 -0.6913209451376486 0.023658508071600092
vn -0.7221603878708762 -0.6913209451376486 0.023658508071600092
vn -0.7228773275172802 -0.6898371614383068 0.039661821191346806
vn -0.7228773275172802 -0.6898371614383068 0.039661821191346806
vn -0.7228773275172802 -0.6898371614383068 0.039661821191346806
vn -0.6893503038091877 -0.7241442766178089 -0.020278690289333785
vn -0.6893503038091877 -0.7241442766178089 -0.020278690289333785
vn -0.6893503038091877 -0.7241442766178089 -0.020278690289333785
vn -0.7250124181483503 -0.6879413095071923 0.03307186423852107
vn -0.7250124181483503 -0.6879413095071923 0.03307186423852107
vn -0.7250124181483503 -0.6879413095071923 0.03307186423852107
vn -0.6923071560403475 -0.7212693501999954 -0.021939146688104542
vn -0.6923071560403475 -0.7212693501999954 -0.021939146688104542
vn -0.6923071560403475 -0.7212693501999954 -0.021939146688104542
vn -0.7215999915788358 -0.6914496378587827 0.03450870119813789
vn -0.7215999915788358 -0.6914496378587827 0.03450870119813789
vn -0.7215999915788358 -0.6914496378587827 0.03450870119813789
vn -0.6904429177220403 -0.7232649305278386 -0.013282230085227949
vn -0.6904429177220403 -0.7232649305278386 -0.013282230085227949
vn -0.6904429177220403 -0.7232649305278386 -0.013282230085227949
vn -0.7196537828953723 -0.6930894233165859 0.04153894619586425
vn -0.7196537828953723 -0.6930894233165859 0.04153894619586425
vn -0.7196537828953723 -0.6930894233165859 0.04153894619586425
vn -0.6704625540458127 -0.7419418155337256 0.0015185469648996857
vn -0.6704625540458127 -0.7419418155337256 0.0015185469648996857
vn -0.6704625540458127 -0.7419418155337256 0.0015185469648996857
vn -0.6747929313722792 -0.7377898539875822 -0.017906175554489392
vn -0.6747929313722792 -0.7377898539875822 -0.017906175554489392
vn -0.6747929313722792 -0.7377898539875822 -0.017906175554489392
vn -0.6836416621838731 -0.7293749345475445 -0.025422088431837776
vn -0.6836416621838731 -0.7293749345475445 -0.025422088431837776
vn -0.6836416621838731 -0.7293749345475445 -0.025422088431837776
vn -0.7158705695214387 -0.697426090744096 0.03355854052933413
vn -0.7158705695214387 -0.697426090744096 0.03355854052933413
vn -0.7158705695214387 -0.697426090744096 0.03355854052933413
vn -0.7220541846849782 -0.6907155525260342 0.0393672437131019
vn -0.7220541846849782 -0.6907155525260342 0.0393672437131019
vn -0.7220541846849782 -0.6907155525260342 0.0393672437131019
vn -0.7123042557954473 -0.7010949463592968 0.03299277746945024
vn -0.7123042557954473 -0.7010949463592968 0.03299277746945024
vn -0.7123042557954473 -0.7010949463592968 0.03299277746945024
vn -0.6783755532006592 -0.734627079994748 -0.01138692926514955
vn -0.6783755532006592 -0.734627079994748 -0.01138692926514955
vn -0.6783755532006592 -0.734627079994748 -0.01138692926514955
vn -0.6787740688863735 -0.734305511875389 -0.007821677368661142
vn -0.6787740688863735 -0.734305511875389 -0.007821677368661142
vn -0.6787740688863735 -0.734305511875389 -0.007821677368661142
vn -0.6739438665090668 -0.7387806059723816 -0.0016973608602157888
vn -0.6739438665090668 -0.7387806059723816 -0.0016973608602157888
vn -0.6739438665090668 -0.7387806059723816 -0.0016973608602157888
vn -0.7088063756062936 -0.7044417660106592 0.03681467370021608
vn -0.7088063756062936 -0.7044417660106592 0.03681467370021608
vn -0.7088063756062936 -0.7044417660106592 0.03681467370021608
vn -0.7079687872934988 -0.705296055357342 0.0365741782620714
vn -0.7079687872934988 -0.705296055357342 0.0365741782620714
vn -0.7079687872934988 -0.705296055357342 0.0365741782620714
vn -0.705533696326987 -0.7075761091225716 0.03947471527625654
vn -0.705533696326987 -0.7075761091225716 0.03947471527625654
vn -0.705533696326987 -0.7075761091225716 0.03947471527625654
vn -0.6737734502769867 -0.7389378954380608 -0.000352686000100266
vn -0.6737734502769867 -0.7389378954380608 -0.000352686000100266
vn -0.6737734502769867 -0.7389378954380608 -0.000352686000100266
vn -0.6745772909330819 -0.7382040566807329 0.0004992569411621492
vn -0.6745772909330819 -0.7382040566807329 0.0004992569411621492
vn -0.6745772909330819 -0.7382040566807329 0.0004992569411621492
vn -0.7034761454356648 -0.7095971253475168 0.03991531662808198
vn -0.7034761454356648 -0.7095971253475168 0.03991531662808198
vn -0.7034761454356648 -0.7095971253475168 0.03991531662808198
vn -0.7028392770607315 -0.7102619629133675 0.039305147998681476
vn -0.7028392770607315 -0.7102619629133675 0.039305147998681476
vn -0.7028392770607315 -0.7102619629133675 0.039305147998681476
vn -0.6776667727114633 -0.7353131655838866 0.009071586511407343
vn -0.6776667727114633 -0.7353131655838866 0.009071586511407343
vn -0.6776667727114633 -0.7353131655838866 0.009071586511407343
vn -0.6752042331864675 -0.7375918202819256 0.007586180875112416
vn -0.6752042331864675 -0.7375918202819256 0.007586180875112416
vn -0.6752042331864675 -0.7375918202819256 0.007586180875112416
vn -0.6974479532633692 -0.7156227803011072 0.03808397041867435
vn -0.6974479532633692 -0.7156227803011072 0.03808397041867435
vn -0.6974479532633692 -0.7156227803011072 0.03808397041867435
vn -0.6998881159768918 -0.7130932867180353 0.04067664627260433
vn -0.6998881159768918 -0.7130932867180353 0.04067664627260433
vn -0.6998881159768918 -0.7130932867180353 0.04067664627260433
vn -0.693194788941584 -0.71963862734206 0.04001537981162091
vn -0.693194788941584 -0.71963862734206 0.04001537981162091
vn -0.693194788941584 -0.71963862734206 0.04001537981162091
vn -0.6800350614485888 -0.7329872919520051 0.01679121905877679
vn -0.6800350614485888 -0.7329872919520051 0.01679121905877679
vn -0.6800350614485888 -0.7329872919520051 0.01679121905877679
vn -0.6803446554361327 -0.7326977406183212 0.016886998321102253
vn -0.6803446554361327 -0.7326977406183212 0.016886998321102253
vn -0.6803446554361327 -0.7326977406183212 0.016886998321102253
vn -0.6962952484554674 -0.7165936098568623 0.04082309751415349
vn -0.6962952484554674 -0.7165936098568623 0.04082309751415349
vn -0.6962952484554674 -0.7165936098568623 0.04082309751415349
vn -0.6934504651265532 -0.7198015599131781 0.03181456839755459
vn -0.6934504651265532 -0.7198015599131781 0.03181456839755459
vn -0.6934504651265532 -0.7198015599131781 0.03181456839755459
vn -0.6938553506089138 -0.7191522176980897 0.037213441271945556
vn -0.6938553506089138 -0.7191522176980897 0.037213441271945556
vn -0.6938553506089138 -0.7191522176980897 0.037213441271945556
vn -0.6847361919138573 -0.728445291186661 0.022445606057531223
vn -0.6847361919138573 -0.728445291186661 0.022445606057531223
vn -0.6847361919138573 -0.728445291186661 0.022445606057531223
vn -0.6826536758315359 -0.730406593364163 0.02213972095241396
vn -0.6826536758315359 -0.730406593364163 0.02213972095241396
vn -0.6826536758315359 -0.730406593364163 0.02213972095241396
vn -0.6892644247352043 -0.724002429348049 0.027111530620222632
vn -0.6892644247352043 -0.724002429348049 0.027111530620222632
vn -0.6892644247352043 -0.724002429348049 0.027111530620222632
vn -0.6872106324502544 -0.7259379166606797 0.027489776311815376
vn -0.6872106324502544 -0.7259379166606797 0.027489776311815376
vn -0.6872106324502544 -0.7259379166606797 0.027489776311815376
f 1//1 2//2 3//3
f 4//4 5//5 6//6
f 7//7 8//8 9//9
f 10//10 11//11 12//12
f 13//13 14//14 15//15
f 16//16 17//17 18//18
f 19//19 20//20 21//21
f 22//22 23//23 24//24
f 25//25 26//26 27//27
f 28//28 29//29 30//30
f 31//31 32//32 33//33
f 34//34 35//35 36//36
f 37//37 38//38 39//39
f 40//40 41//41 42//42
f 43//43 44//44 45//45
f 46//46 47//47 48//48
f 49//49 50//50 51//51
f 52//52 53//53 54//54
f 55//55 56//56 57//57
f 58//58 59//59 60//60
f 61//61 62//62 63//63
f 64//64 65//65 66//66
f 67//67 68//68 69//69
f 70//70 71//71 72//72
f 73//73 74//74 75//75
f 76//76 77//77 78//78
f 79//79 80//80 81//81
f 82//82 83//83 84//84
f 85//85 86//86 87//87
f 88//88 89//89 90//90
f 91//91 92//92 93//93
f 94//94 95//95 96//96
f 97//97 98//98 99//99
f 100//100 101//101 102//102
f 103//103 104//104 105//105
f 106//106 107//107 108//108
f 109//109 110//110 111//111
f 112//112 113//113 114//114
f 115//115 116//116 117//117
f 118//118 119//119 120//120
f 121//121 122//122 123//123
f 124//124 125//125 126//126
f 127//127 128//128 129//129
f 130//130 131//131 132//132
f 133//133 134//134 135//135
f 136//136 137//137 138//138
f 139//139 140//140 141//141
f 142//142 143//143 144//144
f 145//145 146//146 147//147
f 148//148 149//149 150//150
f 151//151 152//152 153//153
f 154//154 155//155 156//156
f 157//157 158//158 159//159
f 160//160 161//161 162//162
f 163//163 164//164 165//165
f 166//166 167//167 168//168
f 169//169 170//170 171//171
f 172//172 173//173 174//174
f 175//175 176//176 177//177
f 178//178 179//179 180//180
f 181//181 182//182 183//183
f 184//184 185//185 186//186
f 187//187 188//188 189//189
f 190//190 191//191 192//192
f 193//193 194//194 195//195
f 196//196 197//197 198//198
f 199//199 200//200 201//201
f 202//202 203//203 204//204
f 205//205 206//206 207//207
f 208//208 209//209 210//210
f 211//211 212//212 213//213
f 214//214 215//215 216//216
f 217//217 218//218 219//219
f 220//220 221//221 222//222
f 223//223 224//224 225//225
f 226//226 227//227 228//228
f 229//229 230//230 231//231
f 232//232 233//233 234//234
f 235//235 236//236 237//237
f 238//238 239//239 240//240
f 241//241 242//242 243//243
f 244//244 245//245 246//246
f 247//247 248//248 249//249
f 250//250 251//251 252//252
f 253//253 254//254 255//255
f 256//256 257//257 258//258
f 259//259 260//260 261//261
f 262//262 263//263 264//264
f 265//265 266//266 267//267
f 268//268 269//269 270//270
f 271//271 272//272 273//273
f 274//274 275//275 276//276
f 277//277 278//278 279//279
f 280//280 281//281 282//282
f 283//283 284//284 285//285
f 286//286 287//287 288//288
f 289//289 290//290 291//291
f 292//292 293//293 294//294
f 295//295 296//296 297//297
f 298//298 299//299 300//300
f 301//301 302//302 303//303
f 304//304 305//305 306//306
f 307//307 308//308 309//309
f 310//310 311//311 312//312
f 313//313 314//314 315//315
f 316//316 317//317 318//318
f 319//319 320//320 321//321
f 322//322 323//323 324//324
f 325//325 326//326 327//327
f 328//328 329//329 330//330
f 331//331 332//332 333//333
f 334//334 335//335 336//336
f 337//337 338//338 339//339
f 340//340 341//341 342//342
f 343//343 344//344 345//345
f 346//346 347//347 348//348
f 349//349 350//350 351//351
f 352//352 353//353 354//354
f 355//355 356//356 357//357
f 358//358 359//359 360//360
f 361//361 362//362 363//363
f 364//364 365//365 366//366
f 367//367 368//368 369//369
f 370//370 371//371 372//372
f 373//373 374//374 375//375
f 376//376 377//377 378//378
f 379//379 380//380 381//381
f 382//382 383//383 384//384
f 385//385 386//386 387//387
f 388//388 389//389 390//390
f 391//391 392//392 393//393
f 394//394 395//395 396//396
f 397//397 398//398 399//399
f 400//400 401//401 402//402
f 403//403 404//404 405//405
f 406//406 407//407 408//408
f 409//409 410//410 411//411
f 412//412 413//413 414//414
f 415//415 416//416 417//417
f 418//418 419//419 420//420
f 421//421 422//422 423//423
f 424//424 425//425 426//426
f 427//427 428//428 429//429
f 430//430 431//431 432//432
f 433//433 434//434 435//435
f 436//436 437//437 438//438
f 439//439 440//440 441//441
f 442//442 443//443 444//444
f 445//445 446//446 447//447
f 448//448 449//449 450//450
f 451//451 452//452 453//453
f 454//454 455//455 456//456
f 457//457 458//458 459//459
f 460//460 461//461 462//462
f 463//463 464//464 465//465
f 466//466 467//467 468//468
f 469//469 470//470 471//471
f 472//472 473//473 474//474
f 475//475 476//476 477//477
f 478//478 479//479 480//480
f 481//481 482//482 483//483
f 484//484 485//485 486//486
f 487//487 488//488 489//489
f 490//490 491//491 492//492
f 493//493 494//494 495//495
f 496//496 497//497 498//498
f 499//499 500//500 501//501
f 502//502 503//503 504//504
f 505//505 506//506 507//507
f 508//508 509//509 510//510
f 511//511 512//512 513//513
f 514//514 515//515 516//516
f 517//517 518//518 519//519
f 520//520 521//521 522//522
f 523//523 524//524 525//525
f 526//526 527//527 528//528
f 529//529 530//530 531//531
f 532//532 533//533 534//534
f 535//535 536//536 537//537
f 538//538 539//539 540//540
f 541//541 542//542 543//543
f 544//544 545//545 546//546
f 547//547 548//548 549//549
f 550//550 551//551 552//552
f 553//553 554//554 555//555
f 556//556 557//557 558//558
f 559//559 560//560 561//561
f 562//562 563//563 564//564
f 565//565 566//566 567//567
f 568//568 569//569 570//570
f 571//571 572//572 573//573
f 574//574 575//575 576//576
f 577//577 578//578 579//579
f 580//580 581//581 582//582
f 583//583 584//584 585//585
f 586//586 587//587 588//588
f 589//589 590//590 591//591
f 592//592 593//593 594//594
f 595//595 596//596 597//597
f 598//598 599//599 600//600
f 601//601 602//602 603//603
f 604//604 605//605 606//606
f 607//607 608//608 609//609
f 610//610 611//611 612//612
f 613//613 614//614 615//615
f 616//616 617//617 618//618
f 619//619 620//620 621//621
f 622//622 623//623 624//624
f 625//625 626//626 627//627
f 628//628 629//629 630//630
f 631//631 632//632 633//633
f 634//634 635//635 636//636
f 637//637 638//638 639//639
f 640//640 641//641 642//642
f 643//643 644//644 645//645
f 646//646 647//647 648//648
f 649//649 650//650 651//651
f 652//652 653//653 654//654
f 655//655 656//656 657//657
f 658//658 659//659 660//660
f 661//661 662//662 663//663
f 664//664 665//665 666//666
f 667//667 668//668 669//669
f 670//670 671//671 672//672
f 673//673 674//674 675//675
f 676//676 677//677 678//678
f 679//679 680//680 681//681
f 682//682 683//683 684//684
f 685//685 686//686 687//687
f 688//688 689//689 690//690
f 691//691 692//692 693//693
f 694//694 695//695 696//696
f 697//697 698//698 699//699
f 700//700 701//701 702//702
f 703//703 704//704 705//705
f 706//706 707//707 708//708
f 709//709 710//710 711//711
f 712//712 713//713 714//714
f 715//715 716//716 717//717
f 718//718 719//719 720//720
f 721//721 722//722 723//723
f 724//724 725//725 726//726
f 727//727 728//728 729//729
f 730//730 731//731 732//732
f 733//733 734//734 735//735
f 736//736 737//737 738//738
f 739//739 740//740 741//741
f 742//742 743//743 744//744
f 745//745 746//746 747//747
f 748//748 749//749 750//750
f 751//751 752//752 753//753
f 754//754 755//755 756//756
f 757//757 758//758 759//759
f 760//760 761//761 762//762
f 763//763 764//764 765//765
f 766//766 767//767 768//768
f 769//769 770//770 771//771
f 772//772 773//773 774//774
f 775//775 776//776 777//777
f 778//778 779//779 780//780
f 781//781 782//782 783//783
f 784//784 785//785 786//786
f 787//787 788//788 789//789
f 790//790 791//791 792//792
f 793//793 794//794 795//795
f 796//796 797//797 798//798
f 799//799 800//800 801//801
f 802//802 803//803 804//804
f 805//805 806//806 807//807
f 808//808 809//809 810//810
f 811//811 812//812 813//813
f 814//814 815//815 816//816
f 817//817 818//818 819//819
f 820//820 821//821 822//822
f 823//823 824//824 825//825
f 826//826 827//827 828//828
f 829//829 830//830 831//831
f 832//832 833//833 834//834
f 835//835 836//836 837//837
f 838//838 839//839 840//840
f 841//841 842//842 843//843
f 844//844 845//845 846//846
f 847//847 848//848 849//849
f 850//850 851//851 852//852
f 853//853 854//854 855//855
f 856//856 857//857 858//858
f 859//859 860//860 861//861
f 862//862 863//863 864//864
f 865//865 866//866 867//867
f 868//868 869//869 870//870
f 871//871 872//872 873//873
f 874//874 875//875 876//876
f 877//877 878//878 879//879
f 880//880 881//881 882//882
f 883//883 884//884 885//885
f 886//886 887//887 888//888
f 889//889 890//890 891//891
f 892//892 893//893 894//894
f 895//895 896//896 897//897
f 898//898 899//899 900//900
f 901//901 902//902 903//903
f 904//904 905//905 906//906
f 907//907 908//908 909//909
f 910//910 911//911 912//912
f 913//913 914//914 915//915
f 916//916 917//917 918//918
f 919//919 920//920 921//921
f 922//922 923//923 924//924
f 925//925 926//926 927//927
f 928//928 929//929 930//930
f 931//931 932//932 933//933
f 934//934 935//935 936//936
f 937//937 938//938 939//939
f 940//940 941//941 942//942
f 943//943 944//944 945//945
f 946//946 947//947 948//948
f 949//949 950//950 951//951
f 952//952 953//953 954//954
f 955//955 956//956 957//957
f 958//958 959//959 960//960
f 961//961 962//962 963//963
f 964//964 965//965 966//966
f 967//967 968//968 969//969
f 970//970 971//971 972//972
f 973//973 974//974 975//975
f 976//976 977//977 978//978
f 979//979 980//980 981//981
f 982//982 983//983 984//984
f 985//985 986//986 987//987
f 988//988 989//989 990//990
f 991//991 992//992 993//993
f 994//994 995//995 996//996
f 997//997 998//998 999//999
f 1000//1000 1001//1001 1002//1002
f 1003//1003 1004//1004 1005//1005
f 1006//1006 1007//1007 1008//1008
f 1009//1009 1010//1010 1011//1011
f 1012//1012 1013//1013 1014//1014
f 1015//1015 1016//1016 1017//1017
f 1018//1018 1019//1019 1020//1020
f 1021//1021 1022//1022 1023//1023
f 1024//1024 1025//1025 1026//1026
f 1027//1027 1028//1028 1029//1029
f 1030//1030 1031//1031 1032//1032
f 1033//1033 1034//1034 1035//1035
f 1036//1036 1037//1037 1038//1038
f 1039//1039 1040//1040 1041//1041
f 1042//1042 1043//1043 1044//1044
f 1045//1045 1046//1046 1047//1047
f 1048//1048 1049//1049 1050//1050
f 1051//1051 1052//1052 1053//1053
f 1054//1054 1055//1055 1056//1056
f 1057//1057 1058//1058 1059//1059
f 1060//1060 1061//1061 1062//1062
f 1063//1063 1064//1064 1065//1065
f 1066//1066 1067//1067 1068//1068
f 1069//1069 1070//1070 1071//1071
f 1072//1072 1073//1073 1074//1074
f 1075//1075 1076//1076 1077//1077
f 1078//1078 1079//1079 1080//1080
f 1081//1081 1082//1082 1083//1083
f 1084//1084 1085//1085 1086//1086
f 1087//1087 1088//1088 1089//1089
f 1090//1090 1091//1091 1092//1092
f 1093//1093 1094//1094 1095//1095
f 1096//1096 1097//1097 1098//1098
f 1099//1099 1100//1100 1101//1101
f 1102//1102 1103//1103 1104//1104
f 1105//1105 1106//1106 1107//1107
f 1108//1108 1109//1109 1110//1110
f 1111//1111 1112//1112 1113//1113
f 1114//1114 1115//1115 1116//1116
f 1117//1117 1118//1118 1119//1119
f 1120//1120 1121//1121 1122//1122
f 1123//1123 1124//1124 1125//1125
f 1126//1126 1127//1127 1128//1128
f 1129//1129 1130//1130 1131//1131
f 1132//1132 1133//1133 1134//1134
f 1135//1135 1136//1136 1137//1137
f 1138//1138 1139//1139 1140//1140
f 1141//1141 1142//1142 1143//1143
f 1144//1144 1145//1145 1146//1146
f 1147//1147 1148//1148 1149//1149
f 1150//1150 1151//1151 1152//1152
f 1153//1153 1154//1154 1155//1155
f 1156//1156 1157//1157 1158//1158
f 1159//1159 1160//1160 1161//1161
f 1162//1162 1163//1163 1164//1164
f 1165//1165 1166//1166 1167//1167
f 1168//1168 1169//1169 1170//1170
f 1171//1171 1172//1172 1173//1173
f 1174//1174 1175//1175 1176//1176
f 1177//1177 1178//1178 1179//1179
f 1180//1180 1181//1181 1182//1182
f 1183//1183 1184//1184 1185//1185
f 1186//1186 1187//1187 1188//1188
f 1189//1189 1190//1190 1191//1191
f 1192//1192 1193//1193 1194//1194
f 1195//1195 1196//1196 1197//1197
f 1198//1198 1199//1199 1200//1200
f 1201//1201 1202//1202 1203//1203
f 1204//1204 1205//1205 1206//1206
f 1207//1207 1208//1208 1209//1209
f 1210//1210 1211//1211 1212//1212
f 1213//1213 1214//1214 1215//1215
f 1216//1216 1217//1217 1218//1218
f 1219//1219 1220//1220 1221//1221
f 1222//1222 1223//1223 1224//1224
f 1225//1225 1226//1226 1227//1227
f 1228//1228 1229//1229 1230//1230
f 1231//1231 1232//1232 1233//1233
f 1234//1234 1235//1235 1236//1236
f 1237//1237 1238//1238 1239//1239
f 1240//1240 1241//1241 1242//1242
f 1243//1243 1244//1244 1245//1245
f 1246//1246 1247//1247 1248//1248
f 1249//1249 1250//1250 1251//1251
f 1252//1252 1253//1253 1254//1254
f 1255//1255 1256//1256 1257//1257
f 1258//1258 1259//1259 1260//1260
f 1261//1261 1262//1262 1263//1263
f 1264//1264 1265//1265 1266//1266
f 1267//1267 1268//1268 1269//1269
f 1270//1270 1271//1271 1272//1272
f 1273//1273 1274//1274 1275//1275
f 1276//1276 1277//1277 1278//1278
f 1279//1279 1280//1280 1281//1281
f 1282//1282 1283//1283 1284//1284
f 1285//1285 1286//1286 1287//1287
f 1288//1288 1289//1289 1290//1290
f 1291//1291 1292//1292 1293//1293
f 1294//1294 1295//1295 1296//1296
f 1297//1297 1298//1298 1299//1299
f 1300//1300 1301//1301 1302//1302
f 1303//1303 1304//1304 1305//1305
f 1306//1306 1307//1307 1308//1308
f 1309//1309 1310//1310 1311//1311
f 1312//1312 1313//1313 1314//1314
f 1315//1315 1316//1316 1317//1317
f 1318//1318 1319//1319 1320//1320
f 1321//1321 1322//1322 1323//1323
f 1324//1324 1325//1325 1326//1326
f 1327//1327 1328//1328 1329//1329
f 1330//1330 1331//1331 1332//1332
f 1333//1333 1334//1334 1335//1335
f 1336//1336 1337//1337 1338//1338
f 1339//1339 1340//1340 1341//1341
f 1342//1342 1343//1343 1344//1344
f 1345//1345 1346//1346 1347//1347
f 1348//1348 1349//1349 1350//1350
f 1351//1351 1352//1352 1353//1353
f 1354//1354 1355//1355 1356//1356
f 1357//1357 1358//1358 1359//1359
f 1360//1360 1361//1361 1362//1362
f 1363//1363 1364//1364 1365//1365
f 1366//1366 1367//1367 1368//1368
f 1369//1369 1370//1370 1371//1371
f 1372//1372 1373//1373 1374//1374
f 1375//1375 1376//1376 1377//1377
f 1378//1378 1379//1379 1380//1380
f 1381//1381 1382//1382 1383//1383
f 1384//1384 1385//1385 1386//1386
f 1387//1387 1388//1388 1389//1389
f 1390//1390 1391//1391 1392//1392
f 1393//1393 1394//1394 1395//1395
f 1396//1396 1397//1397 1398//1398
f 1399//1399 1400//1400 1401//1401
f 1402//1402 1403//1403 1404//1404
f 1405//1405 1406//1406 1407//1407
f 1408//1408 1409//1409 1410//1410
f 1411//1411 1412//1412 1413//1413
f 1414//1414 1415//1415 1416//1416
f 1417//1417 1418//1418 1419//1419
f 1420//1420 1421//1421 1422//1422
f 1423//1423 1424//1424 1425//1425
f 1426//1426 1427//1427 1428//1428
f 1429//1429 1430//1430 1431//1431
f 1432//1432 1433//1433 1434//1434
f 1435//1435 1436//1436 1437//1437
f 1438//1438 1439//1439 1440//1440
f 1441//1441 1442//1442 1443//1443
f 1444//1444 1445//1445 1446//1446
f 1447//1447 1448//1448 1449//1449
f 1450//1450 1451//1451 1452//1452
f 1453//1453 1454//1454 1455//1455
f 1456//1456 1457//1457 1458//1458
f 1459//1459 1460//1460 1461//1461
f 1462//1462 1463//1463 1464//1464
f 1465//1465 1466//1466 1467//1467
f 1468//1468 1469//1469 1470//1470
f 1471//1471 1472//1472 1473//1473
f 1474//1474 1475//1475 1476//1476
f 1477//1477 1478//1478 1479//1479
f 1480//1480 1481//1481 1482//1482
f 1483//1483 1484//1484 1485//1485
f 1486//1486 1487//1487 1488//1488
f 1489//1489 1490//1490 1491//1491
f 1492//1492 1493//1493 1494//1494
f 1495//1495 1496//1496 1497//1497
f 1498//1498 1499//1499 1500//1500
f 1501//1501 1502//1502 1503//1503
f 1504//1504 1505//1505 1506//1506
f 1507//1507 1508//1508 1509//1509
f 1510//1510 1511//1511 1512//1512
f 1513//1513 1514//1514 1515//1515
f 1516//1516 1517//1517 1518//1518
f 1519//1519 1520//1520 1521//1521
f 1522//1522 1523//1523 1524//1524
f 1525//1525 1526//1526 1527//1527
f 1528//1528 1529//1529 1530//1530
f 1531//1531 1532//1532 1533//1533
f 1534//1534 1535//1535 1536//1536
f 1537//1537 1538//1538 1539//1539
f 1540//1540 1541//1541 1542//1542
f 1543//1543 1544//1544 1545//1545
f 1546//1546 1547//1547 1548//1548
f 1549//1549 1550//1550 1551//1551
f 1552//1552 1553//1553 1554//1554
f 1555//1555 1556//1556 1557//1557
f 1558//1558 1559//1559 1560//1560
f 1561//1561 1562//1562 1563//1563
f 1564//1564 1565//1565 1566//1566
f 1567//1567 1568//1568 1569//1569
f 1570//1570 1571//1571 1572//1572
f 1573//1573 1574//1574 1575//1575
f 1576//1576 1577//1577 1578//1578
f 1579//1579 1580//1580 1581//1581
f 1582//1582 1583//1583 1584//1584
f 1585//1585 1586//1586 1587//1587
f 1588//1588 1589//1589 1590//1590
f 1591//1591 1592//1592 1593//1593
f 1594//1594 1595//1595 1596//1596
f 1597//1597 1598//1598 1599//1599
f 1600//1600 1601//1601 1602//1602
f 1603//1603 1604//1604 1605//1605
f 1606//1606 1607//1607 1608//1608
f 1609//1609 1610//1610 1611//1611
f 1612//1612 1613//1613 1614//1614
f 1615//1615 1616//1616 1617//1617
f 1618//1618 1619//1619 1620//1620
f 1621//1621 1622//1622 1623//1623
f 1624//1624 1625//1625 1626//1626
f 1627//1627 1628//1628 1629//1629
f 1630//1630 1631//1631 1632//1632
f 1633//1633 1634//1634 1635//1635
f 1636//1636 1637//1637 1638//1638
f 1639//1639 1640//1640 1641//1641
f 1642//1642 1643//1643 1644//1644
f 1645//1645 1646//1646 1647//1647
f 1648//1648 1649//1649 1650//1650
f 1651//1651 1652//1652 1653//1653
f 1654//1654 1655//1655 1656//1656
f 1657//1657 1658//1658 1659//1659
f 1660//1660 1661//1661 1662//1662
f 1663//1663 1664//1664 1665//1665
f 1666//1666 1667//1667 1668//1668
f 1669//1669 1670//1670 1671//1671
f 1672//1672 1673//1673 1674//1674
f 1675//1675 1676//1676 1677//1677
f 1678//1678 1679//1679 1680//1680
f 1681//1681 1682//1682 1683//1683
f 1684//1684 1685//1685 1686//1686
f 1687//1687 1688//1688 1689//1689
f 1690//1690 1691//1691 1692//1692
f 1693//1693 1694//1694 1695//1695
f 1696//1696 1697//1697 1698//1698
f 1699//1699 1700//1700 1701//1701
f 1702//1702 1703//1703 1704//1704
f 1705//1705 1706//1706 1707//1707
f 1708//1708 1709//1709 1710//1710
f 1711//1711 1712//1712 1713//1713
f 1714//1714 1715//1715 1716//1716
f 1717//1717 1718//1718 1719//1719
f 1720//1720 1721//1721 1722//1722
f 1723//1723 1724//1724 1725//1725
f 1726//1726 1727//1727 1728//1728
f 1729//1729 1730//1730 1731//1731
f 1732//1732 1733//1733 1734//1734
f 1735//1735 1736//1736 1737//1737
f 1738//1738 1739//1739 1740//1740
f 1741//1741 1742//1742 1743//1743
f 1744//1744 1745//1745 1746//1746
f 1747//1747 1748//1748 1749//1749
f 1750//1750 1751//1751 1752//1752
f 1753//1753 1754//1754 1755//1755
f 1756//1756 1757//1757 1758//1758
f 1759//1759 1760//1760 1761//1761
f 1762//1762 1763//1763 1764//1764
f 1765//1765 1766//1766 1767//1767
f 1768//1768 1769//1769 1770//1770
f 1771//1771 1772//1772 1773//1773
f 1774//1774 1775//1775 1776//1776
f 1777//1777 1778//1778 1779//1779
f 1780//1780 1781//1781 1782//1782
f 1783//1783 1784//1784 1785//1785
f 1786//1786 1787//1787 1788//1788
f 1789//1789 1790//1790 1791//1791
f 1792//1792 1793//1793 1794//1794
f 1795//1795 1796//1796 1797//1797
f 1798//1798 1799//1799 1800//1800
f 1801//1801 1802//1802 1803//1803
f 1804//1804 1805//1805 1806//1806
f 1807//1807 1808//1808 1809//1809
f 1810//1810 1811//1811 1812//1812
f 1813//1813 1814//1814 1815//1815
f 1816//1816 1817//1817 1818//1818
f 1819//1819 1820//1820 1821//1821
f 1822//1822 1823//1823 1824//1824
f 1825//1825 1826//1826 1827//1827
f 1828//1828 1829//1829 1830//1830
f 1831//1831 1832//1832 1833//1833
f 1834//1834 1835//1835 1836//1836
f 1837//1837 1838//1838 1839//1839
f 1840//1840 1841//1841 1842//1842
f 1843//1843 1844//1844 1845//1845
f 1846//1846 1847//1847 1848//1848
f 1849//1849 1850//1850 1851//1851
f 1852//1852 1853//1853 1854//1854
f 1855//1855 1856//1856 1857//1857
f 1858//1858 1859//1859 1860//1860
f 1861//1861 1862//1862 1863//1863
f 1864//1864 1865//1865 1866//1866
f 1867//1867 1868//1868 1869//1869
f 1870//1870 1871//1871 1872//1872
f 1873//1873 1874//1874 1875//1875
f 1876//1876 1877//1877 1878//1878
f 1879//1879 1880//1880 1881//1881
f 1882//1882 1883//1883 1884//1884
f 1885//1885 1886//1886 1887//1887
f 1888//1888 1889//1889 1890//1890
f 1891//1891 1892//1892 1893//1893
f 1894//1894 1895//1895 1896//1896
f 1897//1897 1898//1898 1899//1899
f 1900//1900 1901//1901 1902//1902
f 1903//1903 1904//1904 1905//1905
f 1906//1906 1907//1907 1908//1908
f 1909//1909 1910//1910 1911//1911
f 1912//1912 1913//1913 1914//1914
f 1915//1915 1916//1916 1917//1917
f 1918//1918 1919//1919 1920//1920
f 1921//1921 1922//1922 1923//1923
f 1924//1924 1925//1925 1926//1926
f 1927//1927 1928//1928 1929//1929
f 1930//1930 1931//1931 1932//1932
f 1933//1933 1934//1934 1935//1935
f 1936//1936 1937//1937 1938//1938
f 1939//1939 1940//1940 1941//1941
f 1942//1942 1943//1943 1944//1944
f 1945//1945 1946//1946 1947//1947
f 1948//1948 1949//1949 1950//1950
f 1951//1951 1952//1952 1953//1953
f 1954//1954 1955//1955 1956//1956
f 1957//1957 1958//1958 1959//1959
f 1960//1960 1961//1961 1962//1962
f 1963//1963 1964//1964 1965//1965
f 1966//1966 1967//1967 1968//1968
f 1969//1969 1970//1970 1971//1971
f 1972//1972 1973//1973 1974//1974
f 1975//1975 1976//1976 1977//1977
f 1978//1978 1979//1979 1980//1980
f 1981//1981 1982//1982 1983//1983
f 1984//1984 1985//1985 1986//1986
f 1987//1987 1988//1988 1989//1989
f 1990//1990 1991//1991 1992//1992
f 1993//1993 1994//1994 1995//1995
f 1996//1996 1997//1997 1998//1998
f 1999//1999 2000//2000 2001//2001
f 2002//2002 2003//2003 2004//2004
f 2005//2005 2006//2006 2007//2007
f 2008//2008 2009//2009 2010//2010
f 2011//2011 2012//2012 2013//2013
f 2014//2014 2015//2015 2016//2016
f 2017//2017 2018//2018 2019//2019
f 2020//2020 2021//2021 2022//2022
f 2023//2023 2024//2024 2025//2025
f 2026//2026 2027//2027 2028//2028
f 2029//2029 2030//2030 2031//2031
f 2032//2032 2033//2033 2034//2034
f 2035//2035 2036//2036 2037//2037
f 2038//2038 2039//2039 2040//2040
f 2041//2041 2042//2042 2043//2043
f 2044//2044 2045//2045 2046//2046
f 2047//2047 2048//2048 2049//2049
f 2050//2050 2051//2051 2052//2052
f 2053//2053 2054//2054 2055//2055
f 2056//2056 2057//2057 2058//2058
f 2059//2059 2060//2060 2061//2061
f 2062//2062 2063//2063 2064//2064
f 2065//2065 2066//2066 2067//2067
f 2068//2068 2069//2069 2070//2070
f 2071//2071 2072//2072 2073//2073
f 2074//2074 2075//2075 2076//2076
f 2077//2077 2078//2078 2079//2079
f 2080//2080 2081//2081 2082//2082
f 2083//2083 2084//2084 2085//2085
f 2086//2086 2087//2087 2088//2088
f 2089//2089 2090//2090 2091//2091
f 2092//2092 2093//2093 2094//2094
f 2095//2095 2096//2096 2097//2097
f 2098//2098 2099//2099 2100//2100
f 2101//2101 2102//2102 2103//2103
f 2104//2104 2105//2105 2106//2106
f 2107//2107 2108//2108 2109//2109
f 2110//2110 2111//2111 2112//2112
f 2113//2113 2114//2114 2115//2115
f 2116//2116 2117//2117 2118//2118
f 2119//2119 2120//2120 2121//2121
f 2122//2122 2123//2123 2124//2124
f 2125//2125 2126//2126 2127//2127
f 2128//2128 2129//2129 2130//2130
f 2131//2131 2132//2132 2133//2133
f 2134//2134 2135//2135 2136//2136
f 2137//2137 2138//2138 2139//2139
f 2140//2140 2141//2141 2142//2142
f 2143//2143 2144//2144 2145//2145
f 2146//2146 2147//2147 2148//2148
f 2149//2149 2150//2150 2151//2151
f 2152//2152 2153//2153 2154//2154
f 2155//2155 2156//2156 2157//2157
f 2158//2158 2159//2159 2160//2160
f 2161//2161 2162//2162 2163//2163
f 2164//2164 2165//2165 2166//2166
f 2167//2167 2168//2168 2169//2169
f 2170//2170 2171//2171 2172//2172
f 2173//2173 2174//2174 2175//2175
f 2176//2176 2177//2177 2178//2178
f 2179//2179 2180//2180 2181//2181
f 2182//2182 2183//2183 2184//2184
f 2185//2185 2186//2186 2187//2187
f 2188//2188 2189//2189 2190//2190
f 2191//2191 2192//2192 2193//2193
f 2194//2194 2195//2195 2196//2196
f 2197//2197 2198//2198 2199//2199
f 2200//2200 2201//2201 2202//2202
f 2203//2203 2204//2204 2205//2205
f 2206//2206 2207//2207 2208//2208
f 2209//2209 2210//2210 2211//2211
f 2212//2212 2213//2213 2214//2214
f 2215//2215 2216//2216 2217//2217
f 2218//2218 2219//2219 2220//2220
f 2221//2221 2222//2222 2223//2223
f 2224//2224 2225//2225 2226//2226
f 2227//2227 2228//2228 2229//2229
f 2230//2230 2231//2231 2232//2232
f 2233//2233 2234//2234 2235//2235
f 2236//2236 2237//2237 2238//2238
f 2239//2239 2240//2240 2241//2241
f 2242//2242 2243//2243 2244//2244
f 2245//2245 2246//2246 2247//2247
f 2248//2248 2249//2249 2250//2250
f 2251//2251 2252//2252 2253//2253
f 2254//2254 2255//2255 2256//2256
f 2257//2257 2258//2258 2259//2259
f 2260//2260 2261//2261 2262//2262
f 2263//2263 2264//2264 2265//2265
f 2266//2266 2267//2267 2268//2268
f 2269//2269 2270//2270 2271//2271
f 2272//2272 2273//2273 2274//2274
f 2275//2275 2276//2276 2277//2277
f 2278//2278 2279//2279 2280//2280
f 2281//2281 2282//2282 2283//2283
f 2284//2284 2285//2285 2286//2286
f 2287//2287 2288//2288 2289//2289
f 2290//2290 2291//2291 2292//2292
f 2293//2293 2294//2294 2295//2295
f 2296//2296 2297//2297 2298//2298
f 2299//2299 2300//2300 2301//2301
f 2302//2302 2303//2303 2304//2304
f 2305//2305 2306//2306 2307//2307
f 2308//2308 2309//2309 2310//2310
f 2311//2311 2312//2312 2313//2313
f 2314//2314 2315//2315 2316//2316
f 2317//2317 2318//2318 2319//2319
f 2320//2320 2321//2321 2322//2322
f 2323//2323 2324//2324 2325//2325
f 2326//2326 2327//2327 2328//2328
f 2329//2329 2330//2330 2331//2331
f 2332//2332 2333//2333 2334//2334
f 2335//2335 2336//2336 2337//2337
f 2338//2338 2339//2339 2340//2340
f 2341//2341 2342//2342 2343//2343
f 2344//2344 2345//2345 2346//2346
f 2347//2347 2348//2348 2349//2349
f 2350//2350 2351//2351 2352//2352
f 2353//2353 2354//2354 2355//2355
f 2356//2356 2357//2357 2358//2358
f 2359//2359 2360//2360 2361//2361
f 2362//2362 2363//2363 2364//2364
f 2365//2365 2366//2366 2367//2367
f 2368//2368 2369//2369 2370//2370
f 2371//2371 2372//2372 2373//2373
f 2374//2374 2375//2375 2376//2376
f 2377//2377 2378//2378 2379//2379
f 2380//2380 2381//2381 2382//2382
f 2383//2383 2384//2384 2385//2385
f 2386//2386 2387//2387 2388//2388
f 2389//2389 2390//2390 2391//2391
f 2392//2392 2393//2393 2394//2394
f 2395//2395 2396//2396 2397//2397
f 2398//2398 2399//2399 2400//2400
f 2401//2401 2402//2402 2403//2403
f 2404//2404 2405//2405 2406//2406
f 2407//2407 2408//2408 2409//2409
f 2410//2410 2411//2411 2412//2412
f 2413//2413 2414//2414 2415//2415
f 2416//2416 2417//2417 2418//2418
f 2419//2419 2420//2420 2421//2421
f 2422//2422 2423//2423 2424//2424
f 2425//2425 2426//2426 2427//2427
f 2428//2428 2429//2429 2430//2430
f 2431//2431 2432//2432 2433//2433
f 2434//2434 2435//2435 2436//2436
f 2437//2437 2438//2438 2439//2439
f 2440//2440 2441//2441 2442//2442
f 2443//2443 2444//2444 2445//2445
f 2446//2446 2447//2447 2448//2448
f 2449//2449 2450//2450 2451//2451
f 2452//2452 2453//2453 2454//2454
f 2455//2455 2456//2456 2457//2457
f 2458//2458 2459//2459 2460//2460
f 2461//2461 2462//2462 2463//2463
f 2464//2464 2465//2465 2466//2466
f 2467//2467 2468//2468 2469//2469
f 2470//2470 2471//2471 2472//2472
f 2473//2473 2474//2474 2475//2475
f 2476//2476 2477//2477 2478//2478
f 2479//2479 2480//2480 2481//2481
f 2482//2482 2483//2483 2484//2484
f 2485//2485 2486//2486 2487//2487
f 2488//2488 2489//2489 2490//2490
f 2491//2491 2492//2492 2493//2493
f 2494//2494 2495//2495 2496//2496
f 2497//2497 2498//2498 2499//2499
f 2500//2500 2501//2501 2502//2502
f 2503//2503 2504//2504 2505//2505
f 2506//2506 2507//2507 2508//2508
f 2509//2509 2510//2510 2511//2511
f 2512//2512 2513//2513 2514//2514
