o node0
usemtl Part__Feature_002_003_001
v -0.073501817882061 0.01472214050590992 -0.013702799566090107
v -0.073494553565979 0.012682238593697548 -0.008842945098876953
v -0.07350324839353561 0.013780990615487099 -0.008538602851331234
v -0.07348889112472534 0.012145914137363434 -0.003036617999896407
v -0.07349877804517746 0.012023666873574257 0.00049998500617221
v -0.0735001489520073 0.012654222548007965 0.0005000000237487257
v -0.07350122183561325 0.01270017959177494 -0.0010077949846163392
v -0.07348889112472534 0.012145914137363434 -0.003036617999896407
v -0.0735001489520073 0.012654222548007965 0.0005000000237487257
v -0.073501817882061 0.01472214050590992 -0.013702799566090107
v -0.07350151985883713 0.014139510691165924 -0.01564626954495907
v -0.073494553565979 0.012682238593697548 -0.008842945098876953
v -0.07345937937498093 0.015378989279270172 -0.016027560457587242
v -0.07350151985883713 0.014139510691165924 -0.01564626954495907
v -0.073501817882061 0.01472214050590992 -0.013702799566090107
v -0.0735011100769043 0.01325027085840702 -0.0037373900413513184
v -0.07350122183561325 0.01270017959177494 -0.0010077949846163392
v -0.07349859923124313 0.013168910518288612 -0.001100062974728644
v -0.0735011100769043 0.01325027085840702 -0.0037373900413513184
v -0.07348889112472534 0.012145914137363434 -0.003036617999896407
v -0.07350122183561325 0.01270017959177494 -0.0010077949846163392
v -0.0735011100769043 0.01325027085840702 -0.0037373900413513184
v -0.073494553565979 0.012682238593697548 -0.008842945098876953
v -0.07348889112472534 0.012145914137363434 -0.003036617999896407
v -0.07350324839353561 0.013780990615487099 -0.008538602851331234
v -0.073494553565979 0.012682238593697548 -0.008842945098876953
v -0.0735011100769043 0.01325027085840702 -0.0037373900413513184
v -0.058384060859680176 0.00255889305844903 -0.005370199214667082
v -0.05836474150419235 0.0022104999516159296 -0.0016698240069672465
v -0.058813270181417465 0.002513563958927989 -0.005118906032294035
v -0.057714760303497314 0.002410395070910454 0.0004986890126019716
v -0.0579228401184082 0.0023509280290454626 -0.0009443070157431066
v -0.057660218328237534 0.002626982983201742 -0.0016609430313110352
v -0.05922507867217064 0.0026373190339654684 -0.005043088924139738
v -0.05885719880461693 0.002234973944723606 -0.0017301440238952637
v -0.059270258992910385 0.0024389890022575855 -0.002296506892889738
v -0.05922507867217064 0.0026373190339654684 -0.005043088924139738
v -0.058813270181417465 0.002513563958927989 -0.005118906032294035
v -0.05885719880461693 0.002234973944723606 -0.0017301440238952637
v -0.0574113093316555 0.005379179026931524 -0.015327690169215202
v -0.05704563111066818 0.00683156494051218 -0.018215060234069824
v -0.057202041149139404 0.006083527114242315 -0.016305500641465187
v -0.05731058120727539 0.006394246127456427 -0.01825105957686901
v -0.05704563111066818 0.00683156494051218 -0.018215060234069824
v -0.0574113093316555 0.005379179026931524 -0.015327690169215202
v -0.0577043816447258 0.005169907119125128 -0.01572703942656517
v -0.05777692049741745 0.006121972110122442 -0.018346009775996208
v -0.05731058120727539 0.006394246127456427 -0.01825105957686901
v -0.05809009075164795 0.00502107385545969 -0.015889879316091537
v -0.05833296850323677 0.005982974078506231 -0.018293380737304688
v -0.05777692049741745 0.006121972110122442 -0.018346009775996208
v -0.05809009075164795 0.00502107385545969 -0.015889879316091537
v -0.05777692049741745 0.006121972110122442 -0.018346009775996208
v -0.0577043816447258 0.005169907119125128 -0.01572703942656517
v -0.059018608182668686 0.005590059794485569 -0.016877830028533936
v -0.05833296850323677 0.005982974078506231 -0.018293380737304688
v -0.058440979570150375 0.005377510096877813 -0.016867930069565773
v -0.058440979570150375 0.005377510096877813 -0.016867930069565773
v -0.05833296850323677 0.005982974078506231 -0.018293380737304688
v -0.05809009075164795 0.00502107385545969 -0.015889879316091537
v -0.059018608182668686 0.005590059794485569 -0.016877830028533936
v -0.05892384052276611 0.0062744999304413795 -0.01831573061645031
v -0.05833296850323677 0.005982974078506231 -0.018293380737304688
v -0.058492179960012436 0.004559615161269903 -0.014637470245361328
v -0.058440979570150375 0.005377510096877813 -0.016867930069565773
v -0.05809009075164795 0.00502107385545969 -0.015889879316091537
v -0.058932721614837646 0.004714407958090305 -0.014851570129394531
v -0.058440979570150375 0.005377510096877813 -0.016867930069565773
v -0.058492179960012436 0.004559615161269903 -0.014637470245361328
v -0.059300780296325684 0.0051137590780854225 -0.01512913964688778
v -0.059018608182668686 0.005590059794485569 -0.016877830028533936
v -0.058932721614837646 0.004714407958090305 -0.014851570129394531
v -0.0577043816447258 0.005169907119125128 -0.01572703942656517
v -0.0574113093316555 0.005379179026931524 -0.015327690169215202
v -0.0576816201210022 0.003914494067430496 -0.010612130165100098
v -0.05751127004623413 0.003976740874350071 -0.009411275386810303
v -0.0574113093316555 0.005379179026931524 -0.015327690169215202
v -0.057202041149139404 0.006083527114242315 -0.016305500641465187
v -0.05809009075164795 0.00502107385545969 -0.015889879316091537
v -0.0577043816447258 0.005169907119125128 -0.01572703942656517
v -0.057936009019613266 0.0037046419456601143 -0.010763219557702541
v -0.0576816201210022 0.003914494067430496 -0.010612130165100098
v -0.0574113093316555 0.005379179026931524 -0.015327690169215202
v -0.05751127004623413 0.003976740874350071 -0.009411275386810303
v -0.058492179960012436 0.004559615161269903 -0.014637470245361328
v -0.05809009075164795 0.00502107385545969 -0.015889879316091537
v -0.05849874019622803 0.0038155040238052607 -0.012073329649865627
v -0.057936009019613266 0.0037046419456601143 -0.010763219557702541
v -0.0577043816447258 0.005169907119125128 -0.01572703942656517
v -0.0576816201210022 0.003914494067430496 -0.010612130165100098
v -0.05910675972700119 0.0036534860264509916 -0.011084020137786865
v -0.058932721614837646 0.004714407958090305 -0.014851570129394531
v -0.058492179960012436 0.004559615161269903 -0.014637470245361328
v -0.05825150012969971 0.0036087031476199627 -0.011035020463168621
v -0.05809009075164795 0.00502107385545969 -0.015889879316091537
v -0.057936009019613266 0.0037046419456601143 -0.010763219557702541
v -0.05849874019622803 0.0038155040238052607 -0.012073329649865627
v -0.05809009075164795 0.00502107385545969 -0.015889879316091537
v -0.05825150012969971 0.0036087031476199627 -0.011035020463168621
v -0.05944221839308739 0.0039041899144649506 -0.011135280132293701
v -0.059300780296325684 0.0051137590780854225 -0.01512913964688778
v -0.058932721614837646 0.004714407958090305 -0.014851570129394531
v -0.05910675972700119 0.0036534860264509916 -0.011084020137786865
v -0.058492179960012436 0.004559615161269903 -0.014637470245361328
v -0.05849874019622803 0.0038155040238052607 -0.012073329649865627
v -0.05944221839308739 0.0039041899144649506 -0.011135280132293701
v -0.058932721614837646 0.004714407958090305 -0.014851570129394531
v -0.05910675972700119 0.0036534860264509916 -0.011084020137786865
v -0.057726021856069565 0.0031871539540588856 -0.006863594055175781
v -0.0576816201210022 0.003914494067430496 -0.010612130165100098
v -0.05751127004623413 0.003976740874350071 -0.009411275386810303
v -0.05797392129898071 0.0029151486232876778 -0.0066661830060184
v -0.0576816201210022 0.003914494067430496 -0.010612130165100098
v -0.057726021856069565 0.0031871539540588856 -0.006863594055175781
v -0.05797392129898071 0.0029151486232876778 -0.0066661830060184
v -0.057936009019613266 0.0037046419456601143 -0.010763219557702541
v -0.0576816201210022 0.003914494067430496 -0.010612130165100098
v -0.058315210044384 0.003017513547092676 -0.008207379840314388
v -0.05825150012969971 0.0036087031476199627 -0.011035020463168621
v -0.057936009019613266 0.0037046419456601143 -0.010763219557702541
v -0.058315210044384 0.003017513547092676 -0.008207379840314388
v -0.057936009019613266 0.0037046419456601143 -0.010763219557702541
v -0.05797392129898071 0.0029151486232876778 -0.0066661830060184
v -0.05836474150419235 0.0022104999516159296 -0.0016698240069672465
v -0.05885719880461693 0.002234973944723606 -0.0017301440238952637
v -0.058813270181417465 0.002513563958927989 -0.005118906032294035
v -0.058888789266347885 0.002965050982311368 -0.00815647840499878
v -0.05875957012176514 0.00332953711040318 -0.01001030020415783
v -0.05825150012969971 0.0036087031476199627 -0.011035020463168621
v -0.058888789266347885 0.002965050982311368 -0.00815647840499878
v -0.05825150012969971 0.0036087031476199627 -0.011035020463168621
v -0.058315210044384 0.003017513547092676 -0.008207379840314388
v -0.058888789266347885 0.002965050982311368 -0.00815647840499878
v -0.05910675972700119 0.0036534860264509916 -0.011084020137786865
v -0.05875957012176514 0.00332953711040318 -0.01001030020415783
v -0.05954175814986229 0.003201901912689209 -0.0073788161389529705
v -0.05910675972700119 0.0036534860264509916 -0.011084020137786865
v -0.058888789266347885 0.002965050982311368 -0.00815647840499878
v -0.0579228401184082 0.0023509280290454626 -0.0009443070157431066
v -0.05836474150419235 0.0022104999516159296 -0.0016698240069672465
v -0.0578950010240078 0.0024963400792330503 -0.0026390550192445517
v -0.057726021856069565 0.0031871539540588856 -0.006863594055175781
v -0.05751127004623413 0.003976740874350071 -0.009411275386810303
v -0.05748993158340454 0.003288313979282975 -0.0045063490979373455
v -0.05954175814986229 0.003201901912689209 -0.0073788161389529705
v -0.05944221839308739 0.0039041899144649506 -0.011135280132293701
v -0.05910675972700119 0.0036534860264509916 -0.011084020137786865
v -0.058384060859680176 0.00255889305844903 -0.005370199214667082
v -0.058315210044384 0.003017513547092676 -0.008207379840314388
v -0.05797392129898071 0.0029151486232876778 -0.0066661830060184
v -0.05885719880461693 0.002234973944723606 -0.0017301440238952637
v -0.05838751047849655 0.002118868986144662 0.000499051995575428
v -0.05927306041121483 0.0023579669650644064 0.0004990620072931051
v -0.058384060859680176 0.00255889305844903 -0.005370199214667082
v -0.058888789266347885 0.002965050982311368 -0.00815647840499878
v -0.058315210044384 0.003017513547092676 -0.008207379840314388
v -0.05954175814986229 0.003201901912689209 -0.0073788161389529705
v -0.058888789266347885 0.002965050982311368 -0.00815647840499878
v -0.05922507867217064 0.0026373190339654684 -0.005043088924139738
v -0.058813270181417465 0.002513563958927989 -0.005118906032294035
v -0.058888789266347885 0.002965050982311368 -0.00815647840499878
v -0.058384060859680176 0.00255889305844903 -0.005370199214667082
v -0.05922507867217064 0.0026373190339654684 -0.005043088924139738
v -0.058888789266347885 0.002965050982311368 -0.00815647840499878
v -0.058813270181417465 0.002513563958927989 -0.005118906032294035
v -0.05825150012969971 0.0036087031476199627 -0.011035020463168621
v -0.05875957012176514 0.00332953711040318 -0.01001030020415783
v -0.05849874019622803 0.0038155040238052607 -0.012073329649865627
v -0.05748993158340454 0.003288313979282975 -0.0045063490979373455
v -0.057395510375499725 0.0028470661491155624 0.0004988639848306775
v -0.057660218328237534 0.002626982983201742 -0.0016609430313110352
v -0.057714760303497314 0.002410395070910454 0.0004986890126019716
v -0.05838751047849655 0.002118868986144662 0.000499051995575428
v -0.0579228401184082 0.0023509280290454626 -0.0009443070157431066
v -0.059270258992910385 0.0024389890022575855 -0.002296506892889738
v -0.05885719880461693 0.002234973944723606 -0.0017301440238952637
v -0.05927306041121483 0.0023579669650644064 0.0004990620072931051
v -0.05910675972700119 0.0036534860264509916 -0.011084020137786865
v -0.05849874019622803 0.0038155040238052607 -0.012073329649865627
v -0.05875957012176514 0.00332953711040318 -0.01001030020415783
v -0.058384060859680176 0.00255889305844903 -0.005370199214667082
v -0.05797392129898071 0.0029151486232876778 -0.0066661830060184
v -0.0578950010240078 0.0024963400792330503 -0.0026390550192445517
v -0.058384060859680176 0.00255889305844903 -0.005370199214667082
v -0.0578950010240078 0.0024963400792330503 -0.0026390550192445517
v -0.05836474150419235 0.0022104999516159296 -0.0016698240069672465
v -0.057660218328237534 0.002626982983201742 -0.0016609430313110352
v -0.0579228401184082 0.0023509280290454626 -0.0009443070157431066
v -0.0578950010240078 0.0024963400792330503 -0.0026390550192445517
v -0.05922507867217064 0.0026373190339654684 -0.005043088924139738
v -0.05955636128783226 0.0027679679915308952 -0.0034100410994142294
v -0.05954175814986229 0.003201901912689209 -0.0073788161389529705
v -0.05922507867217064 0.0026373190339654684 -0.005043088924139738
v -0.059270258992910385 0.0024389890022575855 -0.002296506892889738
v -0.05955636128783226 0.0027679679915308952 -0.0034100410994142294
v -0.05836474150419235 0.0022104999516159296 -0.0016698240069672465
v -0.05838751047849655 0.002118868986144662 0.000499051995575428
v -0.05885719880461693 0.002234973944723606 -0.0017301440238952637
v -0.057726021856069565 0.0031871539540588856 -0.006863594055175781
v -0.0578950010240078 0.0024963400792330503 -0.0026390550192445517
v -0.05797392129898071 0.0029151486232876778 -0.0066661830060184
v -0.057726021856069565 0.0031871539540588856 -0.006863594055175781
v -0.057660218328237534 0.002626982983201742 -0.0016609430313110352
v -0.0578950010240078 0.0024963400792330503 -0.0026390550192445517
v -0.05955636128783226 0.0027679679915308952 -0.0034100410994142294
v -0.059270258992910385 0.0024389890022575855 -0.002296506892889738
v -0.05927306041121483 0.0023579669650644064 0.0004990620072931051
v -0.057714760303497314 0.002410395070910454 0.0004986890126019716
v -0.057660218328237534 0.002626982983201742 -0.0016609430313110352
v -0.057395510375499725 0.0028470661491155624 0.0004988639848306775
v -0.0577043816447258 0.005169907119125128 -0.01572703942656517
v -0.05731058120727539 0.006394246127456427 -0.01825105957686901
v -0.0574113093316555 0.005379179026931524 -0.015327690169215202
v -0.05838751047849655 0.002118868986144662 0.000499051995575428
v -0.05836474150419235 0.0022104999516159296 -0.0016698240069672465
v -0.0579228401184082 0.0023509280290454626 -0.0009443070157431066
v -0.058440979570150375 0.005377510096877813 -0.016867930069565773
v -0.058932721614837646 0.004714407958090305 -0.014851570129394531
v -0.059018608182668686 0.005590059794485569 -0.016877830028533936
v -0.05748993158340454 0.003288313979282975 -0.0045063490979373455
v -0.057660218328237534 0.002626982983201742 -0.0016609430313110352
v -0.057726021856069565 0.0031871539540588856 -0.006863594055175781
v -0.06529831141233444 0.010671296156942844 -0.014459550380706787
v -0.06372398138046265 0.009249666705727577 -0.013256959617137909
v -0.06389962881803513 0.008716145530343056 -0.010460189543664455
v -0.07033389061689377 0.014168359339237213 -0.01828007958829403
v -0.06873916834592819 0.01283273845911026 -0.01589958928525448
v -0.07040368765592575 0.013000519946217537 -0.014509430155158043
v -0.06529831141233444 0.010671296156942844 -0.014459550380706787
v -0.06389962881803513 0.008716145530343056 -0.010460189543664455
v -0.06543873995542526 0.0098137641325593 -0.010390570387244225
v -0.06183075159788132 0.009494044817984104 -0.018280500546097755
v -0.05988305062055588 0.007466414012014866 -0.018291950225830078
v -0.06059956178069115 0.007183589972555637 -0.01614058017730713
v -0.0719112679362297 0.013805480673909187 -0.016042759642004967
v -0.0719556212425232 0.012917378917336464 -0.012395969592034817
v -0.07338356226682663 0.013230359181761742 -0.012510290369391441
v -0.07195836305618286 0.012208916246891022 -0.00849086046218872
v -0.07048004120588303 0.011871734634041786 -0.009014368057250977
v -0.0703386589884758 0.011242309585213661 -0.003518282901495695
v -0.0719112679362297 0.013805480673909187 -0.016042759642004967
v -0.07033389061689377 0.014168359339237213 -0.01828007958829403
v -0.07040368765592575 0.013000519946217537 -0.014509430155158043
v -0.07338076084852219 0.012159444391727448 -0.005335092078894377
v -0.07177972048521042 0.011639395728707314 -0.0033586618956178427
v -0.07338529080152512 0.011983314529061317 -0.0024616119917482138
v -0.06584388017654419 0.00957725290209055 -0.007348299026489258
v -0.06423377245664597 0.00847110990434885 -0.007285416126251221
v -0.06408219784498215 0.008077600039541721 -0.004517077933996916
v -0.06584388017654419 0.00957725290209055 -0.007348299026489258
v -0.06408219784498215 0.008077600039541721 -0.004517077933996916
v -0.06563621014356613 0.009075382724404335 -0.0032578110694885254
v -0.0703386589884758 0.011242309585213661 -0.003518282901495695
v -0.06882505863904953 0.010700681246817112 -0.0034804940223693848
v -0.0680120512843132 0.01029984001070261 0.0004998670192435384
v -0.0703386589884758 0.011242309585213661 -0.003518282901495695
v -0.0680120512843132 0.01029984001070261 0.0004998670192435384
v -0.07024902105331421 0.01112232357263565 0.000499617017339915
v -0.07338105887174606 0.013932919129729271 -0.01542419008910656
v -0.0719112679362297 0.013805480673909187 -0.016042759642004967
v -0.07338356226682663 0.013230359181761742 -0.012510290369391441
v -0.0616646409034729 0.0071512251161038876 -0.012484610080718994
v -0.06092822179198265 0.005370655097067356 -0.008537410758435726
v -0.062478721141815186 0.0074164061807096004 -0.010187920182943344
v -0.06389962881803513 0.008716145530343056 -0.010460189543664455
v -0.06244570016860962 0.006894567050039768 -0.007272064220160246
v -0.06423377245664597 0.00847110990434885 -0.007285416126251221
v -0.06389962881803513 0.008716145530343056 -0.010460189543664455
v -0.062478721141815186 0.0074164061807096004 -0.010187920182943344
v -0.06244570016860962 0.006894567050039768 -0.007272064220160246
v -0.06183075159788132 0.009494044817984104 -0.018280500546097755
v -0.06059956178069115 0.007183589972555637 -0.01614058017730713
v -0.061928801238536835 0.008612850680947304 -0.01618427038192749
v -0.07195836305618286 0.012208916246891022 -0.00849086046218872
v -0.0703386589884758 0.011242309585213661 -0.003518282901495695
v -0.07177972048521042 0.011639395728707314 -0.0033586618956178427
v -0.07177972048521042 0.011639395728707314 -0.0033586618956178427
v -0.07024902105331421 0.01112232357263565 0.000499617017339915
v -0.07349877804517746 0.012023666873574257 0.00049998500617221
v -0.06674330681562424 0.011014619842171669 -0.012489019893109798
v -0.06543873995542526 0.0098137641325593 -0.010390570387244225
v -0.06741362065076828 0.0106035266071558 -0.00862800981849432
v -0.06536643952131271 0.01202855259180069 -0.01824307069182396
v -0.06343942135572433 0.00992451049387455 -0.016200950369238853
v -0.06372398138046265 0.009249666705727577 -0.013256959617137909
v -0.0719112679362297 0.013805480673909187 -0.016042759642004967
v -0.07223057001829147 0.014423230662941933 -0.017761820927262306
v -0.07033389061689377 0.014168359339237213 -0.01828007958829403
v -0.0719112679362297 0.013805480673909187 -0.016042759642004967
v -0.0730276107788086 0.014255799353122711 -0.016811490058898926
v -0.07223057001829147 0.014423230662941933 -0.017761820927262306
v -0.0730276107788086 0.014255799353122711 -0.016811490058898926
v -0.0719112679362297 0.013805480673909187 -0.016042759642004967
v -0.07338105887174606 0.013932919129729271 -0.01542419008910656
v -0.06059956178069115 0.007183589972555637 -0.01614058017730713
v -0.059300780296325684 0.0051137590780854225 -0.01512913964688778
v -0.0601043701171875 0.005297579802572727 -0.012634930200874805
v -0.06674330681562424 0.011014619842171669 -0.012489019893109798
v -0.06529831141233444 0.010671296156942844 -0.014459550380706787
v -0.06543873995542526 0.0098137641325593 -0.010390570387244225
v -0.07329177111387253 0.012479521334171295 -0.008388400077819824
v -0.07195836305618286 0.012208916246891022 -0.00849086046218872
v -0.07177972048521042 0.011639395728707314 -0.0033586618956178427
v -0.06039363145828247 0.004014411009848118 -0.003136754035949707
v -0.05927306041121483 0.0023579669650644064 0.0004990620072931051
v -0.0612669512629509 0.005233684089034796 0.0005000180099159479
v -0.06039363145828247 0.004014411009848118 -0.003136754035949707
v -0.05955636128783226 0.0027679679915308952 -0.0034100410994142294
v -0.05927306041121483 0.0023579669650644064 0.0004990620072931051
v -0.06859534233808517 0.011870898306369781 -0.01241976022720337
v -0.06674330681562424 0.011014619842171669 -0.012489019893109798
v -0.06741362065076828 0.0106035266071558 -0.00862800981849432
v -0.06151800975203514 0.005475202109664679 -0.0014516710070893168
v -0.06039363145828247 0.004014411009848118 -0.003136754035949707
v -0.0612669512629509 0.005233684089034796 0.0005000180099159479
v -0.07329177111387253 0.012479521334171295 -0.008388400077819824
v -0.07177972048521042 0.011639395728707314 -0.0033586618956178427
v -0.07338076084852219 0.012159444391727448 -0.005335092078894377
v -0.06529831141233444 0.010671296156942844 -0.014459550380706787
v -0.06536643952131271 0.01202855259180069 -0.01824307069182396
v -0.06372398138046265 0.009249666705727577 -0.013256959617137909
v -0.0625501200556755 0.006609240081161261 -0.0031579730566591024
v -0.06151800975203514 0.005475202109664679 -0.0014516710070893168
v -0.0612669512629509 0.005233684089034796 0.0005000180099159479
v -0.0625501200556755 0.006609240081161261 -0.0031579730566591024
v -0.0612669512629509 0.005233684089034796 0.0005000180099159479
v -0.06328927725553513 0.00733510497957468 0.0005000180099159479
v -0.06183075159788132 0.009494044817984104 -0.018280500546097755
v -0.061928801238536835 0.008612850680947304 -0.01618427038192749
v -0.06343942135572433 0.00992451049387455 -0.016200950369238853
v -0.07177972048521042 0.011639395728707314 -0.0033586618956178427
v -0.0703386589884758 0.011242309585213661 -0.003518282901495695
v -0.07024902105331421 0.01112232357263565 0.000499617017339915
v -0.06859534233808517 0.011870898306369781 -0.01241976022720337
v -0.06741362065076828 0.0106035266071558 -0.00862800981849432
v -0.06891047209501266 0.011228002607822418 -0.008341193199157715
v -0.06399159878492355 0.007883706130087376 -0.0015246269758790731
v -0.0625501200556755 0.006609240081161261 -0.0031579730566591024
v -0.06328927725553513 0.00733510497957468 0.0005000180099159479
v -0.06039363145828247 0.004014411009848118 -0.003136754035949707
v -0.05954175814986229 0.003201901912689209 -0.0073788161389529705
v -0.05955636128783226 0.0027679679915308952 -0.0034100410994142294
v -0.06741362065076828 0.0106035266071558 -0.00862800981849432
v -0.06563621014356613 0.009075382724404335 -0.0032578110694885254
v -0.06719344109296799 0.009948291815817356 -0.0031721589621156454
v -0.06741362065076828 0.0106035266071558 -0.00862800981849432
v -0.06584388017654419 0.00957725290209055 -0.007348299026489258
v -0.06563621014356613 0.009075382724404335 -0.0032578110694885254
v -0.06059956178069115 0.007183589972555637 -0.01614058017730713
v -0.0601043701171875 0.005297579802572727 -0.012634930200874805
v -0.0616646409034729 0.0071512251161038876 -0.012484610080718994
v -0.061608850955963135 0.005708255805075169 -0.004617512226104736
v -0.06039363145828247 0.004014411009848118 -0.003136754035949707
v -0.06151800975203514 0.005475202109664679 -0.0014516710070893168
v -0.06401640176773071 0.011215010657906532 -0.018279850482940674
v -0.06183075159788132 0.009494044817984104 -0.018280500546097755
v -0.06343942135572433 0.00992451049387455 -0.016200950369238853
v -0.06543873995542526 0.0098137641325593 -0.010390570387244225
v -0.06389962881803513 0.008716145530343056 -0.010460189543664455
v -0.06423377245664597 0.00847110990434885 -0.007285416126251221
v -0.06698703020811081 0.011804081499576569 -0.014975599944591522
v -0.06529831141233444 0.010671296156942844 -0.014459550380706787
v -0.06674330681562424 0.011014619842171669 -0.012489019893109798
v -0.06092822179198265 0.005370655097067356 -0.008537410758435726
v -0.05954175814986229 0.003201901912689209 -0.0073788161389529705
v -0.06039363145828247 0.004014411009848118 -0.003136754035949707
v -0.06399159878492355 0.007883706130087376 -0.0015246269758790731
v -0.06328927725553513 0.00733510497957468 0.0005000180099159479
v -0.06545262783765793 0.00893727783113718 0.0004999050288461149
v -0.07338529080152512 0.011983314529061317 -0.0024616119917482138
v -0.07177972048521042 0.011639395728707314 -0.0033586618956178427
v -0.07349877804517746 0.012023666873574257 0.00049998500617221
v -0.0625501200556755 0.006609240081161261 -0.0031579730566591024
v -0.061608850955963135 0.005708255805075169 -0.004617512226104736
v -0.06151800975203514 0.005475202109664679 -0.0014516710070893168
v -0.07048004120588303 0.011871734634041786 -0.009014368057250977
v -0.06859534233808517 0.011870898306369781 -0.01241976022720337
v -0.06891047209501266 0.011228002607822418 -0.008341193199157715
v -0.06563621014356613 0.009075382724404335 -0.0032578110694885254
v -0.06399159878492355 0.007883706130087376 -0.0015246269758790731
v -0.06545262783765793 0.00893727783113718 0.0004999050288461149
v -0.06092822179198265 0.005370655097067356 -0.008537410758435726
v -0.06039363145828247 0.004014411009848118 -0.003136754035949707
v -0.061608850955963135 0.005708255805075169 -0.004617512226104736
v -0.06714069098234177 0.012938298285007477 -0.01820920966565609
v -0.06529831141233444 0.010671296156942844 -0.014459550380706787
v -0.06698703020811081 0.011804081499576569 -0.014975599944591522
v -0.06408219784498215 0.008077600039541721 -0.004517077933996916
v -0.0625501200556755 0.006609240081161261 -0.0031579730566591024
v -0.06399159878492355 0.007883706130087376 -0.0015246269758790731
v -0.06698703020811081 0.011804081499576569 -0.014975599944591522
v -0.06674330681562424 0.011014619842171669 -0.012489019893109798
v -0.06859534233808517 0.011870898306369781 -0.01241976022720337
v -0.061928801238536835 0.008612850680947304 -0.01618427038192749
v -0.06059956178069115 0.007183589972555637 -0.01614058017730713
v -0.0616646409034729 0.0071512251161038876 -0.012484610080718994
v -0.06401640176773071 0.011215010657906532 -0.018279850482940674
v -0.06343942135572433 0.00992451049387455 -0.016200950369238853
v -0.06536643952131271 0.01202855259180069 -0.01824307069182396
v -0.06372398138046265 0.009249666705727577 -0.013256959617137909
v -0.0616646409034729 0.0071512251161038876 -0.012484610080718994
v -0.062478721141815186 0.0074164061807096004 -0.010187920182943344
v -0.06543873995542526 0.0098137641325593 -0.010390570387244225
v -0.06423377245664597 0.00847110990434885 -0.007285416126251221
v -0.06584388017654419 0.00957725290209055 -0.007348299026489258
v -0.06244570016860962 0.006894567050039768 -0.007272064220160246
v -0.06092822179198265 0.005370655097067356 -0.008537410758435726
v -0.061608850955963135 0.005708255805075169 -0.004617512226104736
v -0.07040368765592575 0.013000519946217537 -0.014509430155158043
v -0.06859534233808517 0.011870898306369781 -0.01241976022720337
v -0.07048004120588303 0.011871734634041786 -0.009014368057250977
v -0.0719556212425232 0.012917378917336464 -0.012395969592034817
v -0.07048004120588303 0.011871734634041786 -0.009014368057250977
v -0.07195836305618286 0.012208916246891022 -0.00849086046218872
v -0.06092822179198265 0.005370655097067356 -0.008537410758435726
v -0.05944221839308739 0.0039041899144649506 -0.011135280132293701
v -0.05954175814986229 0.003201901912689209 -0.0073788161389529705
v -0.06714069098234177 0.012938298285007477 -0.01820920966565609
v -0.06536643952131271 0.01202855259180069 -0.01824307069182396
v -0.06529831141233444 0.010671296156942844 -0.014459550380706787
v -0.059018608182668686 0.005590059794485569 -0.016877830028533936
v -0.05988305062055588 0.007466414012014866 -0.018291950225830078
v -0.05892384052276611 0.0062744999304413795 -0.01831573061645031
v -0.06719344109296799 0.009948291815817356 -0.0031721589621156454
v -0.06545262783765793 0.00893727783113718 0.0004999050288461149
v -0.0680120512843132 0.01029984001070261 0.0004998670192435384
v -0.06873916834592819 0.01283273845911026 -0.01589958928525448
v -0.06698703020811081 0.011804081499576569 -0.014975599944591522
v -0.06859534233808517 0.011870898306369781 -0.01241976022720337
v -0.07195836305618286 0.012208916246891022 -0.00849086046218872
v -0.07329177111387253 0.012479521334171295 -0.008388400077819824
v -0.07338356226682663 0.013230359181761742 -0.012510290369391441
v -0.06244570016860962 0.006894567050039768 -0.007272064220160246
v -0.061608850955963135 0.005708255805075169 -0.004617512226104736
v -0.0625501200556755 0.006609240081161261 -0.0031579730566591024
v -0.06873916834592819 0.01283273845911026 -0.01589958928525448
v -0.06714069098234177 0.012938298285007477 -0.01820920966565609
v -0.06698703020811081 0.011804081499576569 -0.014975599944591522
v -0.06719344109296799 0.009948291815817356 -0.0031721589621156454
v -0.06563621014356613 0.009075382724404335 -0.0032578110694885254
v -0.06545262783765793 0.00893727783113718 0.0004999050288461149
v -0.06891047209501266 0.011228002607822418 -0.008341193199157715
v -0.06741362065076828 0.0106035266071558 -0.00862800981849432
v -0.06719344109296799 0.009948291815817356 -0.0031721589621156454
v -0.06891047209501266 0.011228002607822418 -0.008341193199157715
v -0.06719344109296799 0.009948291815817356 -0.0031721589621156454
v -0.06882505863904953 0.010700681246817112 -0.0034804940223693848
v -0.0719556212425232 0.012917378917336464 -0.012395969592034817
v -0.07195836305618286 0.012208916246891022 -0.00849086046218872
v -0.07338356226682663 0.013230359181761742 -0.012510290369391441
v -0.06059956178069115 0.007183589972555637 -0.01614058017730713
v -0.059018608182668686 0.005590059794485569 -0.016877830028533936
v -0.059300780296325684 0.0051137590780854225 -0.01512913964688778
v -0.0719556212425232 0.012917378917336464 -0.012395969592034817
v -0.07040368765592575 0.013000519946217537 -0.014509430155158043
v -0.07048004120588303 0.011871734634041786 -0.009014368057250977
v -0.06563621014356613 0.009075382724404335 -0.0032578110694885254
v -0.06408219784498215 0.008077600039541721 -0.004517077933996916
v -0.06399159878492355 0.007883706130087376 -0.0015246269758790731
v -0.07040368765592575 0.013000519946217537 -0.014509430155158043
v -0.06873916834592819 0.01283273845911026 -0.01589958928525448
v -0.06859534233808517 0.011870898306369781 -0.01241976022720337
v -0.06423377245664597 0.00847110990434885 -0.007285416126251221
v -0.0625501200556755 0.006609240081161261 -0.0031579730566591024
v -0.06408219784498215 0.008077600039541721 -0.004517077933996916
v -0.06423377245664597 0.00847110990434885 -0.007285416126251221
v -0.06244570016860962 0.006894567050039768 -0.007272064220160246
v -0.0625501200556755 0.006609240081161261 -0.0031579730566591024
v -0.06372398138046265 0.009249666705727577 -0.013256959617137909
v -0.062478721141815186 0.0074164061807096004 -0.010187920182943344
v -0.06389962881803513 0.008716145530343056 -0.010460189543664455
v -0.0601043701171875 0.005297579802572727 -0.012634930200874805
v -0.05944221839308739 0.0039041899144649506 -0.011135280132293701
v -0.06092822179198265 0.005370655097067356 -0.008537410758435726
v -0.062478721141815186 0.0074164061807096004 -0.010187920182943344
v -0.06092822179198265 0.005370655097067356 -0.008537410758435726
v -0.06244570016860962 0.006894567050039768 -0.007272064220160246
v -0.06741362065076828 0.0106035266071558 -0.00862800981849432
v -0.06543873995542526 0.0098137641325593 -0.010390570387244225
v -0.06584388017654419 0.00957725290209055 -0.007348299026489258
v -0.06343942135572433 0.00992451049387455 -0.016200950369238853
v -0.061928801238536835 0.008612850680947304 -0.01618427038192749
v -0.0616646409034729 0.0071512251161038876 -0.012484610080718994
v -0.06343942135572433 0.00992451049387455 -0.016200950369238853
v -0.0616646409034729 0.0071512251161038876 -0.012484610080718994
v -0.06372398138046265 0.009249666705727577 -0.013256959617137909
v -0.06882505863904953 0.010700681246817112 -0.0034804940223693848
v -0.06719344109296799 0.009948291815817356 -0.0031721589621156454
v -0.0680120512843132 0.01029984001070261 0.0004998670192435384
v -0.0601043701171875 0.005297579802572727 -0.012634930200874805
v -0.059300780296325684 0.0051137590780854225 -0.01512913964688778
v -0.05944221839308739 0.0039041899144649506 -0.011135280132293701
v -0.05988305062055588 0.007466414012014866 -0.018291950225830078
v -0.059018608182668686 0.005590059794485569 -0.016877830028533936
v -0.06059956178069115 0.007183589972555637 -0.01614058017730713
v -0.0719112679362297 0.013805480673909187 -0.016042759642004967
v -0.07040368765592575 0.013000519946217537 -0.014509430155158043
v -0.0719556212425232 0.012917378917336464 -0.012395969592034817
v -0.0616646409034729 0.0071512251161038876 -0.012484610080718994
v -0.0601043701171875 0.005297579802572727 -0.012634930200874805
v -0.06092822179198265 0.005370655097067356 -0.008537410758435726
v -0.07033389061689377 0.014168359339237213 -0.01828007958829403
v -0.06714069098234177 0.012938298285007477 -0.01820920966565609
v -0.06873916834592819 0.01283273845911026 -0.01589958928525448
v -0.07048004120588303 0.011871734634041786 -0.009014368057250977
v -0.06891047209501266 0.011228002607822418 -0.008341193199157715
v -0.06882505863904953 0.010700681246817112 -0.0034804940223693848
v -0.07048004120588303 0.011871734634041786 -0.009014368057250977
v -0.06882505863904953 0.010700681246817112 -0.0034804940223693848
v -0.0703386589884758 0.011242309585213661 -0.003518282901495695
v -0.05572061985731125 0.014261940494179726 -0.014707320369780064
v -0.05542885884642601 0.015104800462722778 -0.01825273036956787
v -0.054616451263427734 0.01777401939034462 -0.018219590187072754
v -0.05640709027647972 0.010874727740883827 -0.018162600696086884
v -0.05572061985731125 0.014261940494179726 -0.014707320369780064
v -0.05656147003173828 0.010720232501626015 -0.009761989116668701
v -0.052153050899505615 0.02416048012673855 -0.01832360029220581
v -0.05298024043440819 0.022115740925073624 -0.014074799604713917
v -0.05285060033202171 0.022472240030765533 -0.018231630325317383
v -0.05572061985731125 0.014261940494179726 -0.014707320369780064
v -0.0550040602684021 0.01667902059853077 -0.0073028202168643475
v -0.05585891008377075 0.013708630576729774 -0.006774187088012695
v -0.05707633122801781 0.007378377951681614 -0.003952205181121826
v -0.05578732118010521 0.013669410720467567 0.0005000020028091967
v -0.056998901069164276 0.007003167178481817 0.0005000759847462177
v -0.05640709027647972 0.010874727740883827 -0.018162600696086884
v -0.05656147003173828 0.010720232501626015 -0.009761989116668701
v -0.05711925029754639 0.007455447223037481 -0.010521049611270428
v -0.05640709027647972 0.010874727740883827 -0.018162600696086884
v -0.05542885884642601 0.015104800462722778 -0.01825273036956787
v -0.05572061985731125 0.014261940494179726 -0.014707320369780064
v -0.057202041149139404 0.006083527114242315 -0.016305500641465187
v -0.05640709027647972 0.010874727740883827 -0.018162600696086884
v -0.05711925029754639 0.007455447223037481 -0.010521049611270428
v -0.05711925029754639 0.007455447223037481 -0.010521049611270428
v -0.05751127004623413 0.003976740874350071 -0.009411275386810303
v -0.057202041149139404 0.006083527114242315 -0.016305500641465187
v -0.05748993158340454 0.003288313979282975 -0.0045063490979373455
v -0.05707633122801781 0.007378377951681614 -0.003952205181121826
v -0.056998901069164276 0.007003167178481817 0.0005000759847462177
v -0.05748993158340454 0.003288313979282975 -0.0045063490979373455
v -0.056998901069164276 0.007003167178481817 0.0005000759847462177
v -0.057395510375499725 0.0028470661491155624 0.0004988639848306775
v -0.05656147003173828 0.010720232501626015 -0.009761989116668701
v -0.05585891008377075 0.013708630576729774 -0.006774187088012695
v -0.05578732118010521 0.013669410720467567 0.0005000020028091967
v -0.054616451263427734 0.01777401939034462 -0.018219590187072754
v -0.05382663011550903 0.02006141096353531 -0.018242349848151207
v -0.0550040602684021 0.01667902059853077 -0.0073028202168643475
v -0.05711925029754639 0.007455447223037481 -0.010521049611270428
v -0.05656147003173828 0.010720232501626015 -0.009761989116668701
v -0.05707633122801781 0.007378377951681614 -0.003952205181121826
v -0.05385756120085716 0.019881101325154305 -0.0042389631271362305
v -0.05390197038650513 0.01973758079111576 -0.0010999439982697368
v -0.054119110107421875 0.019149400293827057 -0.0010653729550540447
v -0.0550040602684021 0.01667902059853077 -0.0073028202168643475
v -0.054119110107421875 0.019149400293827057 -0.0010653729550540447
v -0.05417716130614281 0.018988050520420074 0.0005000309902243316
v -0.05707633122801781 0.007378377951681614 -0.003952205181121826
v -0.05656147003173828 0.010720232501626015 -0.009761989116668701
v -0.05578732118010521 0.013669410720467567 0.0005000020028091967
v -0.05671972036361694 0.009014287032186985 -0.01820128969848156
v -0.05640709027647972 0.010874727740883827 -0.018162600696086884
v -0.057202041149139404 0.006083527114242315 -0.016305500641465187
v -0.05382663011550903 0.02006141096353531 -0.018242349848151207
v -0.05385756120085716 0.019881101325154305 -0.0042389631271362305
v -0.054119110107421875 0.019149400293827057 -0.0010653729550540447
v -0.05656147003173828 0.010720232501626015 -0.009761989116668701
v -0.05572061985731125 0.014261940494179726 -0.014707320369780064
v -0.05585891008377075 0.013708630576729774 -0.006774187088012695
v -0.054616451263427734 0.01777401939034462 -0.018219590187072754
v -0.0550040602684021 0.01667902059853077 -0.0073028202168643475
v -0.05572061985731125 0.014261940494179726 -0.014707320369780064
v -0.05382663011550903 0.02006141096353531 -0.018242349848151207
v -0.05298024043440819 0.022115740925073624 -0.014074799604713917
v -0.05361824855208397 0.020519470795989037 -0.00827014446258545
v -0.05704563111066818 0.00683156494051218 -0.018215060234069824
v -0.05671972036361694 0.009014287032186985 -0.01820128969848156
v -0.057202041149139404 0.006083527114242315 -0.016305500641465187
v -0.05382663011550903 0.02006141096353531 -0.018242349848151207
v -0.054119110107421875 0.019149400293827057 -0.0010653729550540447
v -0.0550040602684021 0.01667902059853077 -0.0073028202168643475
v -0.05751127004623413 0.003976740874350071 -0.009411275386810303
v -0.05707633122801781 0.007378377951681614 -0.003952205181121826
v -0.05748993158340454 0.003288313979282975 -0.0045063490979373455
v -0.05751127004623413 0.003976740874350071 -0.009411275386810303
v -0.05711925029754639 0.007455447223037481 -0.010521049611270428
v -0.05707633122801781 0.007378377951681614 -0.003952205181121826
v -0.05382663011550903 0.02006141096353531 -0.018242349848151207
v -0.05361824855208397 0.020519470795989037 -0.00827014446258545
v -0.05385756120085716 0.019881101325154305 -0.0042389631271362305
v -0.0550040602684021 0.01667902059853077 -0.0073028202168643475
v -0.05417716130614281 0.018988050520420074 0.0005000309902243316
v -0.05578732118010521 0.013669410720467567 0.0005000020028091967
v -0.05382663011550903 0.02006141096353531 -0.018242349848151207
v -0.05285060033202171 0.022472240030765533 -0.018231630325317383
v -0.05298024043440819 0.022115740925073624 -0.014074799604713917
v -0.05585891008377075 0.013708630576729774 -0.006774187088012695
v -0.0550040602684021 0.01667902059853077 -0.0073028202168643475
v -0.05578732118010521 0.013669410720467567 0.0005000020028091967
v -0.060621850192546844 0.008481541648507118 -0.018372830003499985
v -0.062404390424489975 0.010177412070333958 -0.018379390239715576
v -0.05632942169904709 0.012202896177768707 -0.018386060371994972
v -0.05337262153625488 0.02162967063486576 -0.01837765984237194
v -0.054132040590047836 0.022887740284204483 -0.018397029489278793
v -0.052153050899505615 0.02416048012673855 -0.01832360029220581
v -0.057287510484457016 0.006683089770376682 -0.018386900424957275
v -0.060621850192546844 0.008481541648507118 -0.018372830003499985
v -0.05691421031951904 0.008762695826590061 -0.018376169726252556
v -0.05337262153625488 0.02162967063486576 -0.01837765984237194
v -0.05892014130949974 0.020434889942407608 -0.018397510051727295
v -0.054132040590047836 0.022887740284204483 -0.018397029489278793
v -0.05337262153625488 0.02162967063486576 -0.01837765984237194
v -0.05507022142410278 0.016922209411859512 -0.01838349923491478
v -0.05892014130949974 0.020434889942407608 -0.018397510051727295
v -0.05507022142410278 0.016922209411859512 -0.01838349923491478
v -0.05632942169904709 0.012202896177768707 -0.018386060371994972
v -0.05892014130949974 0.020434889942407608 -0.018397510051727295
v -0.05632942169904709 0.012202896177768707 -0.018386060371994972
v -0.062404390424489975 0.010177412070333958 -0.018379390239715576
v -0.06481628865003586 0.01813247986137867 -0.018397510051727295
v -0.057287510484457016 0.006683089770376682 -0.018386900424957275
v -0.05859166011214256 0.0061995768919587135 -0.018392380326986313
v -0.060621850192546844 0.008481541648507118 -0.018372830003499985
v -0.05632942169904709 0.012202896177768707 -0.018386060371994972
v -0.06481628865003586 0.01813247986137867 -0.018397510051727295
v -0.05892014130949974 0.020434889942407608 -0.018397510051727295
v -0.05777692049741745 0.006121972110122442 -0.018346009775996208
v -0.05859166011214256 0.0061995768919587135 -0.018392380326986313
v -0.057287510484457016 0.006683089770376682 -0.018386900424957275
v -0.062404390424489975 0.010177412070333958 -0.018379390239715576
v -0.06507866829633713 0.012070456519722939 -0.01838414929807186
v -0.06481628865003586 0.01813247986137867 -0.018397510051727295
v -0.06507866829633713 0.012070456519722939 -0.01838414929807186
v -0.06811355799436569 0.013558780774474144 -0.018383320420980453
v -0.06481628865003586 0.01813247986137867 -0.018397510051727295
v -0.06481628865003586 0.01813247986137867 -0.018397510051727295
v -0.06811355799436569 0.013558780774474144 -0.018383320420980453
v -0.07101093977689743 0.016522319987416267 -0.0183716993778944
v -0.07101093977689743 0.016522319987416267 -0.0183716993778944
v -0.06811355799436569 0.013558780774474144 -0.018383320420980453
v -0.07104963064193726 0.014454580843448639 -0.018343500792980194
v -0.05691421031951904 0.008762695826590061 -0.018376169726252556
v -0.060621850192546844 0.008481541648507118 -0.018372830003499985
v -0.05632942169904709 0.012202896177768707 -0.018386060371994972
v -0.07191455364227295 0.01459060050547123 -0.01806359924376011
v -0.07101093977689743 0.016522319987416267 -0.0183716993778944
v -0.07104963064193726 0.014454580843448639 -0.018343500792980194
v -0.07191455364227295 0.01459060050547123 -0.01806359924376011
v -0.07224863022565842 0.016130900010466576 -0.017859390005469322
v -0.07101093977689743 0.016522319987416267 -0.0183716993778944
v -0.07269138097763062 0.014561809599399567 -0.017466900870203972
v -0.07303780317306519 0.0157260000705719 -0.01700592041015625
v -0.07224863022565842 0.016130900010466576 -0.017859390005469322
v -0.07269138097763062 0.014561809599399567 -0.017466900870203972
v -0.07224863022565842 0.016130900010466576 -0.017859390005469322
v -0.07191455364227295 0.01459060050547123 -0.01806359924376011
v -0.07332879304885864 0.014330239966511726 -0.01644873060286045
v -0.07303780317306519 0.0157260000705719 -0.01700592041015625
v -0.07269138097763062 0.014561809599399567 -0.017466900870203972
v -0.07332879304885864 0.014330239966511726 -0.01644873060286045
v -0.07345937937498093 0.015378989279270172 -0.016027560457587242
v -0.07303780317306519 0.0157260000705719 -0.01700592041015625
v -0.07350151985883713 0.014139510691165924 -0.01564626954495907
v -0.07345937937498093 0.015378989279270172 -0.016027560457587242
v -0.07332879304885864 0.014330239966511726 -0.01644873060286045
v -0.07338076084852219 0.012159444391727448 -0.005335092078894377
v -0.073494553565979 0.012682238593697548 -0.008842945098876953
v -0.07329177111387253 0.012479521334171295 -0.008388400077819824
v -0.07348889112472534 0.012145914137363434 -0.003036617999896407
v -0.07338529080152512 0.011983314529061317 -0.0024616119917482138
v -0.07349877804517746 0.012023666873574257 0.00049998500617221
v -0.07350151985883713 0.014139510691165924 -0.01564626954495907
v -0.07338105887174606 0.013932919129729271 -0.01542419008910656
v -0.07338356226682663 0.013230359181761742 -0.012510290369391441
v -0.07338076084852219 0.012159444391727448 -0.005335092078894377
v -0.07348889112472534 0.012145914137363434 -0.003036617999896407
v -0.073494553565979 0.012682238593697548 -0.008842945098876953
v -0.07348889112472534 0.012145914137363434 -0.003036617999896407
v -0.07338076084852219 0.012159444391727448 -0.005335092078894377
v -0.07338529080152512 0.011983314529061317 -0.0024616119917482138
v -0.073494553565979 0.012682238593697548 -0.008842945098876953
v -0.07350151985883713 0.014139510691165924 -0.01564626954495907
v -0.07338356226682663 0.013230359181761742 -0.012510290369391441
v -0.073494553565979 0.012682238593697548 -0.008842945098876953
v -0.07338356226682663 0.013230359181761742 -0.012510290369391441
v -0.07329177111387253 0.012479521334171295 -0.008388400077819824
v -0.07332879304885864 0.014330239966511726 -0.01644873060286045
v -0.07338105887174606 0.013932919129729271 -0.01542419008910656
v -0.07350151985883713 0.014139510691165924 -0.01564626954495907
v -0.0730276107788086 0.014255799353122711 -0.016811490058898926
v -0.07338105887174606 0.013932919129729271 -0.01542419008910656
v -0.07332879304885864 0.014330239966511726 -0.01644873060286045
v -0.0730276107788086 0.014255799353122711 -0.016811490058898926
v -0.07332879304885864 0.014330239966511726 -0.01644873060286045
v -0.07269138097763062 0.014561809599399567 -0.017466900870203972
v -0.07223057001829147 0.014423230662941933 -0.017761820927262306
v -0.0730276107788086 0.014255799353122711 -0.016811490058898926
v -0.07269138097763062 0.014561809599399567 -0.017466900870203972
v -0.07191455364227295 0.01459060050547123 -0.01806359924376011
v -0.07223057001829147 0.014423230662941933 -0.017761820927262306
v -0.07269138097763062 0.014561809599399567 -0.017466900870203972
v -0.07104963064193726 0.014454580843448639 -0.018343500792980194
v -0.07223057001829147 0.014423230662941933 -0.017761820927262306
v -0.07191455364227295 0.01459060050547123 -0.01806359924376011
v -0.07033389061689377 0.014168359339237213 -0.01828007958829403
v -0.07223057001829147 0.014423230662941933 -0.017761820927262306
v -0.07104963064193726 0.014454580843448639 -0.018343500792980194
v -0.06401640176773071 0.011215010657906532 -0.018279850482940674
v -0.062404390424489975 0.010177412070333958 -0.018379390239715576
v -0.06183075159788132 0.009494044817984104 -0.018280500546097755
v -0.05988305062055588 0.007466414012014866 -0.018291950225830078
v -0.060621850192546844 0.008481541648507118 -0.018372830003499985
v -0.05859166011214256 0.0061995768919587135 -0.018392380326986313
v -0.05988305062055588 0.007466414012014866 -0.018291950225830078
v -0.05859166011214256 0.0061995768919587135 -0.018392380326986313
v -0.05892384052276611 0.0062744999304413795 -0.01831573061645031
v -0.06714069098234177 0.012938298285007477 -0.01820920966565609
v -0.06811355799436569 0.013558780774474144 -0.018383320420980453
v -0.06507866829633713 0.012070456519722939 -0.01838414929807186
v -0.06811355799436569 0.013558780774474144 -0.018383320420980453
v -0.06714069098234177 0.012938298285007477 -0.01820920966565609
v -0.07033389061689377 0.014168359339237213 -0.01828007958829403
v -0.06183075159788132 0.009494044817984104 -0.018280500546097755
v -0.060621850192546844 0.008481541648507118 -0.018372830003499985
v -0.05988305062055588 0.007466414012014866 -0.018291950225830078
v -0.06507866829633713 0.012070456519722939 -0.01838414929807186
v -0.06536643952131271 0.01202855259180069 -0.01824307069182396
v -0.06714069098234177 0.012938298285007477 -0.01820920966565609
v -0.07033389061689377 0.014168359339237213 -0.01828007958829403
v -0.07104963064193726 0.014454580843448639 -0.018343500792980194
v -0.06811355799436569 0.013558780774474144 -0.018383320420980453
v -0.06183075159788132 0.009494044817984104 -0.018280500546097755
v -0.062404390424489975 0.010177412070333958 -0.018379390239715576
v -0.060621850192546844 0.008481541648507118 -0.018372830003499985
v -0.06401640176773071 0.011215010657906532 -0.018279850482940674
v -0.06536643952131271 0.01202855259180069 -0.01824307069182396
v -0.06507866829633713 0.012070456519722939 -0.01838414929807186
v -0.062404390424489975 0.010177412070333958 -0.018379390239715576
v -0.06401640176773071 0.011215010657906532 -0.018279850482940674
v -0.06507866829633713 0.012070456519722939 -0.01838414929807186
v -0.05704563111066818 0.00683156494051218 -0.018215060234069824
v -0.05731058120727539 0.006394246127456427 -0.01825105957686901
v -0.057287510484457016 0.006683089770376682 -0.018386900424957275
v -0.05731058120727539 0.006394246127456427 -0.01825105957686901
v -0.05777692049741745 0.006121972110122442 -0.018346009775996208
v -0.057287510484457016 0.006683089770376682 -0.018386900424957275
v -0.05833296850323677 0.005982974078506231 -0.018293380737304688
v -0.05892384052276611 0.0062744999304413795 -0.01831573061645031
v -0.05859166011214256 0.0061995768919587135 -0.018392380326986313
v -0.05833296850323677 0.005982974078506231 -0.018293380737304688
v -0.05859166011214256 0.0061995768919587135 -0.018392380326986313
v -0.05777692049741745 0.006121972110122442 -0.018346009775996208
v -0.05382663011550903 0.02006141096353531 -0.018242349848151207
v -0.05337262153625488 0.02162967063486576 -0.01837765984237194
v -0.05285060033202171 0.022472240030765533 -0.018231630325317383
v -0.05629419907927513 0.011707760393619537 -0.018301960080862045
v -0.05542885884642601 0.015104800462722778 -0.01825273036956787
v -0.05640709027647972 0.010874727740883827 -0.018162600696086884
v -0.05542885884642601 0.015104800462722778 -0.01825273036956787
v -0.05629419907927513 0.011707760393619537 -0.018301960080862045
v -0.05632942169904709 0.012202896177768707 -0.018386060371994972
v -0.05542885884642601 0.015104800462722778 -0.01825273036956787
v -0.05632942169904709 0.012202896177768707 -0.018386060371994972
v -0.05507022142410278 0.016922209411859512 -0.01838349923491478
v -0.05382663011550903 0.02006141096353531 -0.018242349848151207
v -0.054616451263427734 0.01777401939034462 -0.018219590187072754
v -0.05507022142410278 0.016922209411859512 -0.01838349923491478
v -0.05382663011550903 0.02006141096353531 -0.018242349848151207
v -0.05507022142410278 0.016922209411859512 -0.01838349923491478
v -0.05337262153625488 0.02162967063486576 -0.01837765984237194
v -0.052153050899505615 0.02416048012673855 -0.01832360029220581
v -0.05285060033202171 0.022472240030765533 -0.018231630325317383
v -0.05337262153625488 0.02162967063486576 -0.01837765984237194
v -0.05704563111066818 0.00683156494051218 -0.018215060234069824
v -0.057287510484457016 0.006683089770376682 -0.018386900424957275
v -0.05691421031951904 0.008762695826590061 -0.018376169726252556
v -0.05671972036361694 0.009014287032186985 -0.01820128969848156
v -0.05704563111066818 0.00683156494051218 -0.018215060234069824
v -0.05691421031951904 0.008762695826590061 -0.018376169726252556
v -0.05671972036361694 0.009014287032186985 -0.01820128969848156
v -0.05691421031951904 0.008762695826590061 -0.018376169726252556
v -0.05629419907927513 0.011707760393619537 -0.018301960080862045
v -0.05632942169904709 0.012202896177768707 -0.018386060371994972
v -0.05629419907927513 0.011707760393619537 -0.018301960080862045
v -0.05691421031951904 0.008762695826590061 -0.018376169726252556
v -0.05629419907927513 0.011707760393619537 -0.018301960080862045
v -0.05640709027647972 0.010874727740883827 -0.018162600696086884
v -0.05671972036361694 0.009014287032186985 -0.01820128969848156
v -0.054616451263427734 0.01777401939034462 -0.018219590187072754
v -0.05542885884642601 0.015104800462722778 -0.01825273036956787
v -0.05507022142410278 0.016922209411859512 -0.01838349923491478
v -0.07350122183561325 0.01270017959177494 -0.0010077949846163392
v -0.0735001489520073 0.012654222548007965 0.0005000000237487257
v -0.07350002974271774 0.012654222548007965 0.0005000000237487257
vn -0.9999708979231688 -0.007451533693726824 -0.0016364450320830116
vn -0.9999708979231688 -0.007451533693726824 -0.0016364450320830116
vn -0.9999708979231688 -0.007451533693726824 -0.0016364450320830116
vn -0.999993528698061 -0.00216835672931171 -0.0028706778110214356
vn -0.999993528698061 -0.00216835672931171 -0.0028706778110214356
vn -0.999993528698061 -0.00216835672931171 -0.0028706778110214356
vn -0.9997512984065526 -0.022301130634506675 0.000030113699673924454
vn -0.9997512984065526 -0.022301130634506675 0.000030113699673924454
vn -0.9997512984065526 -0.022301130634506675 0.000030113699673924454
vn -0.9999972629202806 -0.0022780888356078647 0.0005333509205012078
vn -0.9999972629202806 -0.0022780888356078647 0.0005333509205012078
vn -0.9999972629202806 -0.0022780888356078647 0.0005333509205012078
vn -0.9994724683957249 0.031066709171459615 -0.009468077957687991
vn -0.9994724683957249 0.031066709171459615 -0.009468077957687991
vn -0.9994724683957249 0.031066709171459615 -0.009468077957687991
vn -0.9999825425882665 0.005799530578804438 0.001131354838794972
vn -0.9999825425882665 0.005799530578804438 0.001131354838794972
vn -0.9999825425882665 0.005799530578804438 0.001131354838794972
vn -0.9999155818792042 -0.012729939776204078 -0.0026034109292885676
vn -0.9999155818792042 -0.012729939776204078 -0.0026034109292885676
vn -0.9999155818792042 -0.012729939776204078 -0.0026034109292885676
vn -0.9999383059190651 -0.01110773995607529 -0.000049686801340748056
vn -0.9999383059190651 -0.01110773995607529 -0.000049686801340748056
vn -0.9999383059190651 -0.01110773995607529 -0.000049686801340748056
vn -0.9999694607947017 -0.007804094644978434 -0.00041663500277754506
vn -0.9999694607947017 -0.007804094644978434 -0.00041663500277754506
vn -0.9999694607947017 -0.007804094644978434 -0.00041663500277754506
vn 0.0500487607000543 -0.994324915216366 -0.09387803008348153
vn 0.0500487607000543 -0.994324915216366 -0.09387803008348153
vn 0.0500487607000543 -0.994324915216366 -0.09387803008348153
vn 0.6397649460433072 -0.7661714927880795 -0.060679959237707005
vn 0.6397649460433072 -0.7661714927880795 -0.060679959237707005
vn 0.6397649460433072 -0.7661714927880795 -0.060679959237707005
vn -0.3592933774459429 -0.9303580082035704 -0.07309066626439037
vn -0.3592933774459429 -0.9303580082035704 -0.07309066626439037
vn -0.3592933774459429 -0.9303580082035704 -0.07309066626439037
vn -0.3006572933775036 -0.9501992783143892 -0.08201538532328999
vn -0.3006572933775036 -0.9501992783143892 -0.08201538532328999
vn -0.3006572933775036 -0.9501992783143892 -0.08201538532328999
vn 0.9255259541247464 -0.37215527522916075 -0.07001542230527083
vn 0.9255259541247464 -0.37215527522916075 -0.07001542230527083
vn 0.9255259541247464 -0.37215527522916075 -0.07001542230527083
vn 0.8514715916486869 -0.5037878089039072 -0.14558149681553695
vn 0.8514715916486869 -0.5037878089039072 -0.14558149681553695
vn 0.8514715916486869 -0.5037878089039072 -0.14558149681553695
vn 0.5257092118221753 -0.7946974635061487 -0.30345636605976933
vn 0.5257092118221753 -0.7946974635061487 -0.30345636605976933
vn 0.5257092118221753 -0.7946974635061487 -0.30345636605976933
vn 0.1900673827130527 -0.9047085740218155 -0.38128307872238876
vn 0.1900673827130527 -0.9047085740218155 -0.38128307872238876
vn 0.1900673827130527 -0.9047085740218155 -0.38128307872238876
vn 0.4546365122505694 -0.8329659068871342 -0.3153941021838106
vn 0.4546365122505694 -0.8329659068871342 -0.3153941021838106
vn 0.4546365122505694 -0.8329659068871342 -0.3153941021838106
vn -0.3118712325722365 -0.8657799417824321 -0.39135843762602374
vn -0.3118712325722365 -0.8657799417824321 -0.39135843762602374
vn -0.3118712325722365 -0.8657799417824321 -0.39135843762602374
vn 0.12720909987978665 -0.9163685041831675 -0.37958742003506724
vn 0.12720909987978665 -0.9163685041831675 -0.37958742003506724
vn 0.12720909987978665 -0.9163685041831675 -0.37958742003506724
vn -0.38953559286836437 -0.8213801705074849 -0.4166492978342662
vn -0.38953559286836437 -0.8213801705074849 -0.4166492978342662
vn -0.38953559286836437 -0.8213801705074849 -0.4166492978342662
vn 0.005551874104505437 -0.9388927703300033 -0.3441649931587744
vn 0.005551874104505437 -0.9388927703300033 -0.3441649931587744
vn 0.005551874104505437 -0.9388927703300033 -0.3441649931587744
vn -0.15854379721466566 -0.9258117784830548 -0.3431274037246196
vn -0.15854379721466566 -0.9258117784830548 -0.3431274037246196
vn -0.15854379721466566 -0.9258117784830548 -0.3431274037246196
vn -0.5887182998884695 -0.7508031786985491 -0.2995085144575769
vn -0.5887182998884695 -0.7508031786985491 -0.2995085144575769
vn -0.5887182998884695 -0.7508031786985491 -0.2995085144575769
vn 0.715160948676205 -0.6780671313828628 -0.16961657591982476
vn 0.715160948676205 -0.6780671313828628 -0.16961657591982476
vn 0.715160948676205 -0.6780671313828628 -0.16961657591982476
vn 0.923419338970757 -0.37665411121223197 -0.07367770980244825
vn 0.923419338970757 -0.37665411121223197 -0.07367770980244825
vn 0.923419338970757 -0.37665411121223197 -0.07367770980244825
vn 0.4350515857288338 -0.8688759118343672 -0.2361879920504512
vn 0.4350515857288338 -0.8688759118343672 -0.2361879920504512
vn 0.4350515857288338 -0.8688759118343672 -0.2361879920504512
vn 0.8720898516640535 -0.47925364357898526 -0.0988697918518891
vn 0.8720898516640535 -0.47925364357898526 -0.0988697918518891
vn 0.8720898516640535 -0.47925364357898526 -0.0988697918518891
vn 0.2296846799750397 -0.9348594516798522 -0.27070787463538953
vn 0.2296846799750397 -0.9348594516798522 -0.27070787463538953
vn 0.2296846799750397 -0.9348594516798522 -0.27070787463538953
vn 0.6865906861539689 -0.7053707392156139 -0.17619690674084104
vn 0.6865906861539689 -0.7053707392156139 -0.17619690674084104
vn 0.6865906861539689 -0.7053707392156139 -0.17619690674084104
vn -0.1974678084196617 -0.9411920521862498 -0.2741605105396675
vn -0.1974678084196617 -0.9411920521862498 -0.2741605105396675
vn -0.1974678084196617 -0.9411920521862498 -0.2741605105396675
vn 0.46143716376696403 -0.8558541499788961 -0.233643784121473
vn 0.46143716376696403 -0.8558541499788961 -0.233643784121473
vn 0.46143716376696403 -0.8558541499788961 -0.233643784121473
vn 0.30969833769995664 -0.9156964852420894 -0.2560993684903728
vn 0.30969833769995664 -0.9156964852420894 -0.2560993684903728
vn 0.30969833769995664 -0.9156964852420894 -0.2560993684903728
vn -0.6207198660544946 -0.7440066529258665 -0.24730739634580115
vn -0.6207198660544946 -0.7440066529258665 -0.24730739634580115
vn -0.6207198660544946 -0.7440066529258665 -0.24730739634580115
vn -0.19458948448198587 -0.9418844760918781 -0.27384040283742506
vn -0.19458948448198587 -0.9418844760918781 -0.27384040283742506
vn -0.19458948448198587 -0.9418844760918781 -0.27384040283742506
vn -0.5551071756013349 -0.7935971607655118 -0.24911758272114626
vn -0.5551071756013349 -0.7935971607655118 -0.24911758272114626
vn -0.5551071756013349 -0.7935971607655118 -0.24911758272114626
vn 0.8443204957591776 -0.5278093341979051 -0.09241324133770319
vn 0.8443204957591776 -0.5278093341979051 -0.09241324133770319
vn 0.8443204957591776 -0.5278093341979051 -0.09241324133770319
vn 0.683444924030013 -0.71810705187112 -0.13124518227568654
vn 0.683444924030013 -0.71810705187112 -0.13124518227568654
vn 0.683444924030013 -0.71810705187112 -0.13124518227568654
vn 0.6765929703436476 -0.7241938374166925 -0.13328630210657533
vn 0.6765929703436476 -0.7241938374166925 -0.13328630210657533
vn 0.6765929703436476 -0.7241938374166925 -0.13328630210657533
vn 0.42223185755411435 -0.8891629076365895 -0.17637908648603448
vn 0.42223185755411435 -0.8891629076365895 -0.17637908648603448
vn 0.42223185755411435 -0.8891629076365895 -0.17637908648603448
vn 0.47371762337274687 -0.86557148692694 -0.16241186633113466
vn 0.47371762337274687 -0.86557148692694 -0.16241186633113466
vn 0.47371762337274687 -0.86557148692694 -0.16241186633113466
vn -0.03940349477039792 -0.9958221397949397 -0.08237493850745276
vn -0.03940349477039792 -0.9958221397949397 -0.08237493850745276
vn -0.03940349477039792 -0.9958221397949397 -0.08237493850745276
vn 0.17238730524988402 -0.9687301703552024 -0.17845020042651738
vn 0.17238730524988402 -0.9687301703552024 -0.17845020042651738
vn 0.17238730524988402 -0.9687301703552024 -0.17845020042651738
vn 0.07135987472661372 -0.9766606949721137 -0.20258740132493433
vn 0.07135987472661372 -0.9766606949721137 -0.20258740132493433
vn 0.07135987472661372 -0.9766606949721137 -0.20258740132493433
vn -0.252862876235476 -0.9458384125118169 -0.20359288602269116
vn -0.252862876235476 -0.9458384125118169 -0.20359288602269116
vn -0.252862876235476 -0.9458384125118169 -0.20359288602269116
vn -0.501670605990127 -0.849669229929887 -0.16244630742448918
vn -0.501670605990127 -0.849669229929887 -0.16244630742448918
vn -0.501670605990127 -0.849669229929887 -0.16244630742448918
vn 0.4067003216374114 -0.9107621503522991 -0.0714643538114088
vn 0.4067003216374114 -0.9107621503522991 -0.0714643538114088
vn 0.4067003216374114 -0.9107621503522991 -0.0714643538114088
vn 0.8841127734446482 -0.4621936073005871 -0.06871443227214269
vn 0.8841127734446482 -0.4621936073005871 -0.06871443227214269
vn 0.8841127734446482 -0.4621936073005871 -0.06871443227214269
vn -0.574169532827371 -0.8019102442916413 -0.16513421109182283
vn -0.574169532827371 -0.8019102442916413 -0.16513421109182283
vn -0.574169532827371 -0.8019102442916413 -0.16513421109182283
vn 0.3577592909645389 -0.9231753792342732 -0.14055429166057576
vn 0.3577592909645389 -0.9231753792342732 -0.14055429166057576
vn 0.3577592909645389 -0.9231753792342732 -0.14055429166057576
vn -0.2606767729923693 -0.9654150068041218 0.00463515476356931
vn -0.2606767729923693 -0.9654150068041218 0.00463515476356931
vn -0.2606767729923693 -0.9654150068041218 0.00463515476356931
vn 0.07610511143004921 -0.9846118232621639 -0.1573136024206976
vn 0.07610511143004921 -0.9846118232621639 -0.1573136024206976
vn 0.07610511143004921 -0.9846118232621639 -0.1573136024206976
vn -0.48367313974117676 -0.863465334557045 -0.14313598398446975
vn -0.48367313974117676 -0.863465334557045 -0.14313598398446975
vn -0.48367313974117676 -0.863465334557045 -0.14313598398446975
vn 0.01811872933933573 -0.9889058211173891 -0.14743469268550854
vn 0.01811872933933573 -0.9889058211173891 -0.14743469268550854
vn 0.01811872933933573 -0.9889058211173891 -0.14743469268550854
vn -0.30754787398484956 -0.9422750081845981 -0.13240889002674505
vn -0.30754787398484956 -0.9422750081845981 -0.13240889002674505
vn -0.30754787398484956 -0.9422750081845981 -0.13240889002674505
vn 0.09699588168892219 -0.9714390535234586 -0.21655937805792563
vn 0.09699588168892219 -0.9714390535234586 -0.21655937805792563
vn 0.09699588168892219 -0.9714390535234586 -0.21655937805792563
vn 0.8763528939700082 -0.4780834250340231 -0.05866723053058835
vn 0.8763528939700082 -0.4780834250340231 -0.05866723053058835
vn 0.8763528939700082 -0.4780834250340231 -0.05866723053058835
vn 0.3974907733708814 -0.9173986998234372 -0.019511807893822317
vn 0.3974907733708814 -0.9173986998234372 -0.019511807893822317
vn 0.3974907733708814 -0.9173986998234372 -0.019511807893822317
vn -0.4129112120037743 -0.9103769185651776 -0.02679920046094744
vn -0.4129112120037743 -0.9103769185651776 -0.02679920046094744
vn -0.4129112120037743 -0.9103769185651776 -0.02679920046094744
vn -0.1411069760186907 -0.9594918946779311 -0.2438526714354688
vn -0.1411069760186907 -0.9594918946779311 -0.2438526714354688
vn -0.1411069760186907 -0.9594918946779311 -0.2438526714354688
vn 0.4509649728939209 -0.8868012741474334 -0.10106479799254366
vn 0.4509649728939209 -0.8868012741474334 -0.10106479799254366
vn 0.4509649728939209 -0.8868012741474334 -0.10106479799254366
vn 0.3776923444978327 -0.9216687745015074 -0.08874211523634044
vn 0.3776923444978327 -0.9216687745015074 -0.08874211523634044
vn 0.3776923444978327 -0.9216687745015074 -0.08874211523634044
vn 0.6490519701289651 -0.7587933012641889 -0.054445073498921095
vn 0.6490519701289651 -0.7587933012641889 -0.054445073498921095
vn 0.6490519701289651 -0.7587933012641889 -0.054445073498921095
vn -0.6866755473547552 -0.7223801600243602 -0.08150826380329268
vn -0.6866755473547552 -0.7223801600243602 -0.08150826380329268
vn -0.6866755473547552 -0.7223801600243602 -0.08150826380329268
vn -0.6310842819121271 -0.7728851665207319 -0.066190244716842
vn -0.6310842819121271 -0.7728851665207319 -0.066190244716842
vn -0.6310842819121271 -0.7728851665207319 -0.066190244716842
vn -0.044387445124803526 -0.9981042207624989 -0.042634718380417186
vn -0.044387445124803526 -0.9981042207624989 -0.042634718380417186
vn -0.044387445124803526 -0.9981042207624989 -0.042634718380417186
vn 0.7039840065809458 -0.7048554860729452 -0.0870934109511779
vn 0.7039840065809458 -0.7048554860729452 -0.0870934109511779
vn 0.7039840065809458 -0.7048554860729452 -0.0870934109511779
vn 0.72519327354978 -0.6835521567500651 -0.08277176451235271
vn 0.72519327354978 -0.6835521567500651 -0.08277176451235271
vn 0.72519327354978 -0.6835521567500651 -0.08277176451235271
vn -0.7183418273183475 -0.695377111363079 -0.020873239261735215
vn -0.7183418273183475 -0.695377111363079 -0.020873239261735215
vn -0.7183418273183475 -0.695377111363079 -0.020873239261735215
vn 0.8067131943212228 -0.5896704580004711 -0.03876303741406066
vn 0.8067131943212228 -0.5896704580004711 -0.03876303741406066
vn 0.8067131943212228 -0.5896704580004711 -0.03876303741406066
vn 0.734844292641557 -0.648157976507872 -0.1997375854999517
vn 0.734844292641557 -0.648157976507872 -0.1997375854999517
vn 0.734844292641557 -0.648157976507872 -0.1997375854999517
vn 0.355426390473263 -0.9340211475076723 -0.035729217226219155
vn 0.355426390473263 -0.9340211475076723 -0.035729217226219155
vn 0.355426390473263 -0.9340211475076723 -0.035729217226219155
vn -0.3159810626773777 -0.875724739557458 -0.36505088488633647
vn -0.3159810626773777 -0.875724739557458 -0.36505088488633647
vn -0.3159810626773777 -0.875724739557458 -0.36505088488633647
vn 0.8627911097584611 -0.501378052851123 -0.06489644860067256
vn 0.8627911097584611 -0.501378052851123 -0.06489644860067256
vn 0.8627911097584611 -0.501378052851123 -0.06489644860067256
vn -0.5752657831363421 -0.7960708389672295 -0.1879906862015836
vn -0.5752657831363421 -0.7960708389672295 -0.1879906862015836
vn -0.5752657831363421 -0.7960708389672295 -0.1879906862015836
vn -0.3287664086885672 -0.9004005278778914 -0.2849412885407031
vn -0.3287664086885672 -0.9004005278778914 -0.2849412885407031
vn -0.3287664086885672 -0.9004005278778914 -0.2849412885407031
vn -0.5759324835154063 -0.795687946930186 -0.18756989508394423
vn -0.5759324835154063 -0.795687946930186 -0.18756989508394423
vn -0.5759324835154063 -0.795687946930186 -0.18756989508394423
vn -0.6854545654326641 -0.6566478782736825 -0.3145879887824529
vn -0.6854545654326641 -0.6566478782736825 -0.3145879887824529
vn -0.6854545654326641 -0.6566478782736825 -0.3145879887824529
vn -0.1901820916031136 -0.9533326119881986 -0.23449456913375047
vn -0.1901820916031136 -0.9533326119881986 -0.23449456913375047
vn -0.1901820916031136 -0.9533326119881986 -0.23449456913375047
vn -0.25587117165377415 -0.9611553359471224 -0.10349088702344338
vn -0.25587117165377415 -0.9611553359471224 -0.10349088702344338
vn -0.25587117165377415 -0.9611553359471224 -0.10349088702344338
vn -0.20087149430432555 -0.9347109650908162 -0.2931996836883398
vn -0.20087149430432555 -0.9347109650908162 -0.2931996836883398
vn -0.20087149430432555 -0.9347109650908162 -0.2931996836883398
vn -0.24088920938879946 -0.9687112088779937 -0.059757699036820544
vn -0.24088920938879946 -0.9687112088779937 -0.059757699036820544
vn -0.24088920938879946 -0.9687112088779937 -0.059757699036820544
vn -0.5618500104544882 -0.8227372752446455 -0.08618550733915763
vn -0.5618500104544882 -0.8227372752446455 -0.08618550733915763
vn -0.5618500104544882 -0.8227372752446455 -0.08618550733915763
vn -0.5786709012821465 -0.81252465152705 -0.07031129831082776
vn -0.5786709012821465 -0.81252465152705 -0.07031129831082776
vn -0.5786709012821465 -0.81252465152705 -0.07031129831082776
vn -0.3362236929095492 -0.9414196048218538 -0.02612959975448821
vn -0.3362236929095492 -0.9414196048218538 -0.02612959975448821
vn -0.3362236929095492 -0.9414196048218538 -0.02612959975448821
vn -0.3450179076482555 -0.9383760030580544 -0.02032536068093795
vn -0.3450179076482555 -0.9383760030580544 -0.02032536068093795
vn -0.3450179076482555 -0.9383760030580544 -0.02032536068093795
vn -0.17997878971606912 -0.9562316037397328 -0.23071357840768117
vn -0.17997878971606912 -0.9562316037397328 -0.23071357840768117
vn -0.17997878971606912 -0.9562316037397328 -0.23071357840768117
vn -0.7121941766340543 -0.6800971958800096 -0.17391739109327048
vn -0.7121941766340543 -0.6800971958800096 -0.17391739109327048
vn -0.7121941766340543 -0.6800971958800096 -0.17391739109327048
vn -0.6555062920303789 -0.7445273758961675 -0.12645349995057753
vn -0.6555062920303789 -0.7445273758961675 -0.12645349995057753
vn -0.6555062920303789 -0.7445273758961675 -0.12645349995057753
vn -0.6563654065848518 -0.7438981072923007 -0.12569828561136015
vn -0.6563654065848518 -0.7438981072923007 -0.12569828561136015
vn -0.6563654065848518 -0.7438981072923007 -0.12569828561136015
vn -0.692200700835785 -0.6531758720692105 -0.30695190162153174
vn -0.692200700835785 -0.6531758720692105 -0.30695190162153174
vn -0.692200700835785 -0.6531758720692105 -0.30695190162153174
vn -0.2743419466475509 -0.9567655526085048 -0.09662387723215617
vn -0.2743419466475509 -0.9567655526085048 -0.09662387723215617
vn -0.2743419466475509 -0.9567655526085048 -0.09662387723215617
vn -0.26719915646150283 -0.963364414364109 -0.023100128206542787
vn -0.26719915646150283 -0.963364414364109 -0.023100128206542787
vn -0.26719915646150283 -0.963364414364109 -0.023100128206542787
vn -0.49742429681629874 -0.849303113241042 -0.17678600277138654
vn -0.49742429681629874 -0.849303113241042 -0.17678600277138654
vn -0.49742429681629874 -0.849303113241042 -0.17678600277138654
vn -0.5932023026524477 -0.7703209049734426 -0.23391607787565685
vn -0.5932023026524477 -0.7703209049734426 -0.23391607787565685
vn -0.5932023026524477 -0.7703209049734426 -0.23391607787565685
vn -0.20637688374091837 -0.9324016721654824 -0.29670811178732515
vn -0.20637688374091837 -0.9324016721654824 -0.29670811178732515
vn -0.20637688374091837 -0.9324016721654824 -0.29670811178732515
vn -0.16756419776293793 -0.9372783865085349 -0.30566561110471807
vn -0.16756419776293793 -0.9372783865085349 -0.30566561110471807
vn -0.16756419776293793 -0.9372783865085349 -0.30566561110471807
vn -0.19503958999661133 -0.9431293241072684 -0.26919627847152927
vn -0.19503958999661133 -0.9431293241072684 -0.26919627847152927
vn -0.19503958999661133 -0.9431293241072684 -0.26919627847152927
vn -0.7796898401932096 -0.5907233295077382 -0.20767691512245476
vn -0.7796898401932096 -0.5907233295077382 -0.20767691512245476
vn -0.7796898401932096 -0.5907233295077382 -0.20767691512245476
vn -0.4730570349187485 -0.8586579620901761 -0.19729051131016775
vn -0.4730570349187485 -0.8586579620901761 -0.19729051131016775
vn -0.4730570349187485 -0.8586579620901761 -0.19729051131016775
vn -0.2053155897165108 -0.973482548297838 -0.1008822917013142
vn -0.2053155897165108 -0.973482548297838 -0.1008822917013142
vn -0.2053155897165108 -0.973482548297838 -0.1008822917013142
vn -0.8217660268933606 -0.5697900112488156 -0.006319820011290533
vn -0.8217660268933606 -0.5697900112488156 -0.006319820011290533
vn -0.8217660268933606 -0.5697900112488156 -0.006319820011290533
vn -0.8299384109484889 -0.5578526253332254 0.0016378159619688934
vn -0.8299384109484889 -0.5578526253332254 0.0016378159619688934
vn -0.8299384109484889 -0.5578526253332254 0.0016378159619688934
vn -0.41887674521248003 -0.8924155998715076 -0.16773988621128968
vn -0.41887674521248003 -0.8924155998715076 -0.16773988621128968
vn -0.41887674521248003 -0.8924155998715076 -0.16773988621128968
vn -0.7793809869776049 -0.6261371453052663 0.022749778170044303
vn -0.7793809869776049 -0.6261371453052663 0.022749778170044303
vn -0.7793809869776049 -0.6261371453052663 0.022749778170044303
vn -0.1842740755549916 -0.9769472977231786 -0.10778238515514685
vn -0.1842740755549916 -0.9769472977231786 -0.10778238515514685
vn -0.1842740755549916 -0.9769472977231786 -0.10778238515514685
vn -0.5160580174813006 -0.809157593847628 -0.28097706474370265
vn -0.5160580174813006 -0.809157593847628 -0.28097706474370265
vn -0.5160580174813006 -0.809157593847628 -0.28097706474370265
vn -0.7504167000795651 -0.660800758553262 0.014735458497428312
vn -0.7504167000795651 -0.660800758553262 0.014735458497428312
vn -0.7504167000795651 -0.660800758553262 0.014735458497428312
vn -0.7205237417073568 -0.6933840770058172 -0.008003711065573573
vn -0.7205237417073568 -0.6933840770058172 -0.008003711065573573
vn -0.7205237417073568 -0.6933840770058172 -0.008003711065573573
vn -0.6169889688494193 -0.7147530455407689 -0.32932156960686004
vn -0.6169889688494193 -0.7147530455407689 -0.32932156960686004
vn -0.6169889688494193 -0.7147530455407689 -0.32932156960686004
vn -0.2679237999238545 -0.9631706396636764 -0.02278500217746428
vn -0.2679237999238545 -0.9631706396636764 -0.02278500217746428
vn -0.2679237999238545 -0.9631706396636764 -0.02278500217746428
vn -0.4072587563623305 -0.8968113226709326 -0.17282869233845416
vn -0.4072587563623305 -0.8968113226709326 -0.17282869233845416
vn -0.4072587563623305 -0.8968113226709326 -0.17282869233845416
vn -0.6497589698476578 -0.7598903485979468 0.019492029401816224
vn -0.6497589698476578 -0.7598903485979468 0.019492029401816224
vn -0.6497589698476578 -0.7598903485979468 0.019492029401816224
vn -0.8347927294343871 -0.5469623183422896 -0.06287544192380791
vn -0.8347927294343871 -0.5469623183422896 -0.06287544192380791
vn -0.8347927294343871 -0.5469623183422896 -0.06287544192380791
vn -0.49075438874576427 -0.8672059651098881 -0.08434419959071698
vn -0.49075438874576427 -0.8672059651098881 -0.08434419959071698
vn -0.49075438874576427 -0.8672059651098881 -0.08434419959071698
vn -0.4985866769588161 -0.8630862106078918 -0.08058237163099183
vn -0.4985866769588161 -0.8630862106078918 -0.08058237163099183
vn -0.4985866769588161 -0.8630862106078918 -0.08058237163099183
vn -0.754327592375412 -0.6166591024872522 -0.22521419737825363
vn -0.754327592375412 -0.6166591024872522 -0.22521419737825363
vn -0.754327592375412 -0.6166591024872522 -0.22521419737825363
vn -0.8036830547691717 -0.5946968288415866 -0.02071784840792346
vn -0.8036830547691717 -0.5946968288415866 -0.02071784840792346
vn -0.8036830547691717 -0.5946968288415866 -0.02071784840792346
vn -0.589952488166921 -0.7491184718042688 -0.30129317434567887
vn -0.589952488166921 -0.7491184718042688 -0.30129317434567887
vn -0.589952488166921 -0.7491184718042688 -0.30129317434567887
vn -0.5798913348268064 -0.8053265363723132 -0.12318770071463402
vn -0.5798913348268064 -0.8053265363723132 -0.12318770071463402
vn -0.5798913348268064 -0.8053265363723132 -0.12318770071463402
vn -0.49685218232984546 -0.840011108054193 -0.21798909894679805
vn -0.49685218232984546 -0.840011108054193 -0.21798909894679805
vn -0.49685218232984546 -0.840011108054193 -0.21798909894679805
vn -0.8265449623821316 -0.559794977245494 -0.058762306042545884
vn -0.8265449623821316 -0.559794977245494 -0.058762306042545884
vn -0.8265449623821316 -0.559794977245494 -0.058762306042545884
vn -0.5951143879694416 -0.8035615982209884 -0.011297039270879241
vn -0.5951143879694416 -0.8035615982209884 -0.011297039270879241
vn -0.5951143879694416 -0.8035615982209884 -0.011297039270879241
vn -0.2065554710467706 -0.9784199009945744 0.0054161534703013325
vn -0.2065554710467706 -0.9784199009945744 0.0054161534703013325
vn -0.2065554710467706 -0.9784199009945744 0.0054161534703013325
vn -0.7156824292792013 -0.6977451271328382 -0.030828525482099564
vn -0.7156824292792013 -0.6977451271328382 -0.030828525482099564
vn -0.7156824292792013 -0.6977451271328382 -0.030828525482099564
vn -0.31004079778644655 -0.9351523994650894 -0.17136129517084436
vn -0.31004079778644655 -0.9351523994650894 -0.17136129517084436
vn -0.31004079778644655 -0.9351523994650894 -0.17136129517084436
vn -0.5859512276260246 -0.8103454965698459 -0.001155436075564891
vn -0.5859512276260246 -0.8103454965698459 -0.001155436075564891
vn -0.5859512276260246 -0.8103454965698459 -0.001155436075564891
vn -0.7751536166401031 -0.6266068652149438 -0.08062696245840811
vn -0.7751536166401031 -0.6266068652149438 -0.08062696245840811
vn -0.7751536166401031 -0.6266068652149438 -0.08062696245840811
vn -0.4779522956108051 -0.8357224957448602 -0.27042469048950263
vn -0.4779522956108051 -0.8357224957448602 -0.27042469048950263
vn -0.4779522956108051 -0.8357224957448602 -0.27042469048950263
vn -0.6791113152437329 -0.7335397149224315 -0.026968651049791365
vn -0.6791113152437329 -0.7335397149224315 -0.026968651049791365
vn -0.6791113152437329 -0.7335397149224315 -0.026968651049791365
vn -0.4149136525412973 -0.8781464062082116 -0.23812927203189943
vn -0.4149136525412973 -0.8781464062082116 -0.23812927203189943
vn -0.4149136525412973 -0.8781464062082116 -0.23812927203189943
vn -0.712125499817662 -0.6688389366577411 -0.21338169865287643
vn -0.712125499817662 -0.6688389366577411 -0.21338169865287643
vn -0.712125499817662 -0.6688389366577411 -0.21338169865287643
vn -0.48906120627485905 -0.7953866715249788 -0.3580211994804152
vn -0.48906120627485905 -0.7953866715249788 -0.3580211994804152
vn -0.48906120627485905 -0.7953866715249788 -0.3580211994804152
vn -0.6755915841006073 -0.7205234724202391 -0.15627519695688513
vn -0.6755915841006073 -0.7205234724202391 -0.15627519695688513
vn -0.6755915841006073 -0.7205234724202391 -0.15627519695688513
vn -0.5571786188216922 -0.8188695941365085 -0.13785708007447886
vn -0.5571786188216922 -0.8188695941365085 -0.13785708007447886
vn -0.5571786188216922 -0.8188695941365085 -0.13785708007447886
vn -0.7351748906828907 -0.6742972698112771 -0.06957781280305872
vn -0.7351748906828907 -0.6742972698112771 -0.06957781280305872
vn -0.7351748906828907 -0.6742972698112771 -0.06957781280305872
vn -0.3494798780015758 -0.9168098413937689 -0.19319298536835217
vn -0.3494798780015758 -0.9168098413937689 -0.19319298536835217
vn -0.3494798780015758 -0.9168098413937689 -0.19319298536835217
vn -0.27648127397911226 -0.9455505718574769 -0.1717329939146389
vn -0.27648127397911226 -0.9455505718574769 -0.1717329939146389
vn -0.27648127397911226 -0.9455505718574769 -0.1717329939146389
vn -0.8023606609668853 -0.5824744156806259 -0.1301573079404167
vn -0.8023606609668853 -0.5824744156806259 -0.1301573079404167
vn -0.8023606609668853 -0.5824744156806259 -0.1301573079404167
vn -0.44026200889377903 -0.8476257117435142 -0.2961418854470181
vn -0.44026200889377903 -0.8476257117435142 -0.2961418854470181
vn -0.44026200889377903 -0.8476257117435142 -0.2961418854470181
vn -0.7389432702922731 -0.5881655744629227 -0.3286701999063203
vn -0.7389432702922731 -0.5881655744629227 -0.3286701999063203
vn -0.7389432702922731 -0.5881655744629227 -0.3286701999063203
vn -0.4698286249845206 -0.8825253647599289 -0.020249535809721997
vn -0.4698286249845206 -0.8825253647599289 -0.020249535809721997
vn -0.4698286249845206 -0.8825253647599289 -0.020249535809721997
vn -0.40034275493869975 -0.8873629403070009 -0.2287196771985439
vn -0.40034275493869975 -0.8873629403070009 -0.2287196771985439
vn -0.40034275493869975 -0.8873629403070009 -0.2287196771985439
vn -0.20855368672826902 -0.9629864692238008 -0.17077007888949652
vn -0.20855368672826902 -0.9629864692238008 -0.17077007888949652
vn -0.20855368672826902 -0.9629864692238008 -0.17077007888949652
vn -0.7408871575097917 -0.6684608391264935 -0.06516384266880902
vn -0.7408871575097917 -0.6684608391264935 -0.06516384266880902
vn -0.7408871575097917 -0.6684608391264935 -0.06516384266880902
vn -0.36458668639090247 -0.8839604386150206 -0.2927293819725686
vn -0.36458668639090247 -0.8839604386150206 -0.2927293819725686
vn -0.36458668639090247 -0.8839604386150206 -0.2927293819725686
vn -0.4892963399394277 -0.8720795388089426 -0.008146760869314635
vn -0.4892963399394277 -0.8720795388089426 -0.008146760869314635
vn -0.4892963399394277 -0.8720795388089426 -0.008146760869314635
vn -0.3985510948823455 -0.9123686883218481 -0.09349011358402633
vn -0.3985510948823455 -0.9123686883218481 -0.09349011358402633
vn -0.3985510948823455 -0.9123686883218481 -0.09349011358402633
vn -0.40263958645849957 -0.9107509002164789 -0.09172873688982122
vn -0.40263958645849957 -0.9107509002164789 -0.09172873688982122
vn -0.40263958645849957 -0.9107509002164789 -0.09172873688982122
vn -0.1973928838210905 -0.9645558141538387 -0.1751231874961697
vn -0.1973928838210905 -0.9645558141538387 -0.1751231874961697
vn -0.1973928838210905 -0.9645558141538387 -0.1751231874961697
vn -0.7431358628813373 -0.6054858511378918 -0.2848437701116754
vn -0.7431358628813373 -0.6054858511378918 -0.2848437701116754
vn -0.7431358628813373 -0.6054858511378918 -0.2848437701116754
vn -0.22011229515228048 -0.9549140981958498 -0.1992225955799247
vn -0.22011229515228048 -0.9549140981958498 -0.1992225955799247
vn -0.22011229515228048 -0.9549140981958498 -0.1992225955799247
vn -0.5607662242451931 -0.827164060042001 -0.03661774871046287
vn -0.5607662242451931 -0.827164060042001 -0.03661774871046287
vn -0.5607662242451931 -0.827164060042001 -0.03661774871046287
vn -0.29614489772617064 -0.9236969196439526 -0.24306830355072928
vn -0.29614489772617064 -0.9236969196439526 -0.24306830355072928
vn -0.29614489772617064 -0.9236969196439526 -0.24306830355072928
vn -0.6567675591690318 -0.7507660526560782 -0.07075809072016442
vn -0.6567675591690318 -0.7507660526560782 -0.07075809072016442
vn -0.6567675591690318 -0.7507660526560782 -0.07075809072016442
vn -0.6595004103415295 -0.7485624441083435 -0.0686547597031504
vn -0.6595004103415295 -0.7485624441083435 -0.0686547597031504
vn -0.6595004103415295 -0.7485624441083435 -0.0686547597031504
vn -0.6444179768104247 -0.7426634746141555 -0.1821439942396911
vn -0.6444179768104247 -0.7426634746141555 -0.1821439942396911
vn -0.6444179768104247 -0.7426634746141555 -0.1821439942396911
vn -0.8175356785851153 -0.5547739132792864 -0.15447109563009434
vn -0.8175356785851153 -0.5547739132792864 -0.15447109563009434
vn -0.8175356785851153 -0.5547739132792864 -0.15447109563009434
vn -0.7480676173806728 -0.654661178557617 -0.10869029908853498
vn -0.7480676173806728 -0.654661178557617 -0.10869029908853498
vn -0.7480676173806728 -0.654661178557617 -0.10869029908853498
vn -0.46608127568236596 -0.8751242424556742 -0.1300992110840053
vn -0.46608127568236596 -0.8751242424556742 -0.1300992110840053
vn -0.46608127568236596 -0.8751242424556742 -0.1300992110840053
vn -0.6342018195267688 -0.7334942162213866 -0.24448780517381616
vn -0.6342018195267688 -0.7334942162213866 -0.24448780517381616
vn -0.6342018195267688 -0.7334942162213866 -0.24448780517381616
vn -0.6513676654357915 -0.7234456551356093 -0.22879368105377346
vn -0.6513676654357915 -0.7234456551356093 -0.22879368105377346
vn -0.6513676654357915 -0.7234456551356093 -0.22879368105377346
vn -0.41778782690303046 -0.9085237531764494 -0.006158052112587155
vn -0.41778782690303046 -0.9085237531764494 -0.006158052112587155
vn -0.41778782690303046 -0.9085237531764494 -0.006158052112587155
vn -0.7783095107156821 -0.5927492278519187 -0.20708128454901417
vn -0.7783095107156821 -0.5927492278519187 -0.20708128454901417
vn -0.7783095107156821 -0.5927492278519187 -0.20708128454901417
vn -0.7422823292885464 -0.5863972292811458 -0.32427647635523194
vn -0.7422823292885464 -0.5863972292811458 -0.32427647635523194
vn -0.7422823292885464 -0.5863972292811458 -0.32427647635523194
vn -0.2646976764902229 -0.9361996251073978 -0.23122586795046252
vn -0.2646976764902229 -0.9361996251073978 -0.23122586795046252
vn -0.2646976764902229 -0.9361996251073978 -0.23122586795046252
vn -0.7629401539955715 -0.6306488991084717 -0.14214178651785156
vn -0.7629401539955715 -0.6306488991084717 -0.14214178651785156
vn -0.7629401539955715 -0.6306488991084717 -0.14214178651785156
vn -0.34010571714442994 -0.8988292938322204 -0.27646699932314667
vn -0.34010571714442994 -0.8988292938322204 -0.27646699932314667
vn -0.34010571714442994 -0.8988292938322204 -0.27646699932314667
vn -0.34243580883823066 -0.9346869042308728 -0.09538400224678113
vn -0.34243580883823066 -0.9346869042308728 -0.09538400224678113
vn -0.34243580883823066 -0.9346869042308728 -0.09538400224678113
vn -0.3330802690473173 -0.937705834831203 -0.0988195410578481
vn -0.3330802690473173 -0.937705834831203 -0.0988195410578481
vn -0.3330802690473173 -0.937705834831203 -0.0988195410578481
vn 0.9565924903215832 -0.29127445515905487 0.009486792511031308
vn 0.9565924903215832 -0.29127445515905487 0.009486792511031308
vn 0.9565924903215832 -0.29127445515905487 0.009486792511031308
vn 0.9770939228775528 -0.21234377954925102 0.014056498941544487
vn 0.9770939228775528 -0.21234377954925102 0.014056498941544487
vn 0.9770939228775528 -0.21234377954925102 0.014056498941544487
vn 0.9241342465253407 -0.38204756051282995 -0.00394409751860323
vn 0.9241342465253407 -0.38204756051282995 -0.00394409751860323
vn 0.9241342465253407 -0.38204756051282995 -0.00394409751860323
vn 0.9608760970706686 -0.2769665986858888 -0.002574740881855102
vn 0.9608760970706686 -0.2769665986858888 -0.002574740881855102
vn 0.9608760970706686 -0.2769665986858888 -0.002574740881855102
vn 0.9833717953137259 -0.1787349881722715 -0.03215145695792844
vn 0.9833717953137259 -0.1787349881722715 -0.03215145695792844
vn 0.9833717953137259 -0.1787349881722715 -0.03215145695792844
vn 0.9850267905302055 -0.17175200821117848 0.0149489000662137
vn 0.9850267905302055 -0.17175200821117848 0.0149489000662137
vn 0.9850267905302055 -0.17175200821117848 0.0149489000662137
vn 0.9740640678250185 -0.2246848828098775 0.02675621813503218
vn 0.9740640678250185 -0.2246848828098775 0.02675621813503218
vn 0.9740640678250185 -0.2246848828098775 0.02675621813503218
vn 0.9876409355625546 -0.15508860636412347 0.022647440852250986
vn 0.9876409355625546 -0.15508860636412347 0.022647440852250986
vn 0.9876409355625546 -0.15508860636412347 0.022647440852250986
vn 0.9940454508369803 -0.10836059012626859 0.011472758072550176
vn 0.9940454508369803 -0.10836059012626859 0.011472758072550176
vn 0.9940454508369803 -0.10836059012626859 0.011472758072550176
vn 0.9949427945132983 -0.0971581871341089 -0.025477879010666008
vn 0.9949427945132983 -0.0971581871341089 -0.025477879010666008
vn 0.9949427945132983 -0.0971581871341089 -0.025477879010666008
vn 0.9951119117828342 -0.09495352486250315 -0.027131368268092336
vn 0.9951119117828342 -0.09495352486250315 -0.027131368268092336
vn 0.9951119117828342 -0.09495352486250315 -0.027131368268092336
vn 0.9757486953280744 -0.21862808856855867 -0.010781579402801004
vn 0.9757486953280744 -0.21862808856855867 -0.010781579402801004
vn 0.9757486953280744 -0.21862808856855867 -0.010781579402801004
vn 0.9452380151711754 -0.3263807667208033 0.0008305359699677744
vn 0.9452380151711754 -0.3263807667208033 0.0008305359699677744
vn 0.9452380151711754 -0.3263807667208033 0.0008305359699677744
vn 0.9860075349910655 -0.16648920275086657 -0.0083956124388727
vn 0.9860075349910655 -0.16648920275086657 -0.0083956124388727
vn 0.9860075349910655 -0.16648920275086657 -0.0083956124388727
vn 0.9380485070658934 -0.3464944157422144 -0.0025725961420549922
vn 0.9380485070658934 -0.3464944157422144 -0.0025725961420549922
vn 0.9380485070658934 -0.3464944157422144 -0.0025725961420549922
vn 0.9413430301186071 -0.3374511673554725 0.00009642379366172757
vn 0.9413430301186071 -0.3374511673554725 0.00009642379366172757
vn 0.9413430301186071 -0.3374511673554725 0.00009642379366172757
vn 0.9821859641009724 -0.18679918430284298 -0.020415598615664377
vn 0.9821859641009724 -0.18679918430284298 -0.020415598615664377
vn 0.9821859641009724 -0.18679918430284298 -0.020415598615664377
vn 0.9861785315040492 -0.16560690342788217 -0.005124210919267451
vn 0.9861785315040492 -0.16560690342788217 -0.005124210919267451
vn 0.9861785315040492 -0.16560690342788217 -0.005124210919267451
vn 0.9383295280992838 -0.3457340635902498 -0.0023778078871885306
vn 0.9383295280992838 -0.3457340635902498 -0.0023778078871885306
vn 0.9383295280992838 -0.3457340635902498 -0.0023778078871885306
vn 0.9732477493390533 -0.2297562767298634 0.0009336539496002784
vn 0.9732477493390533 -0.2297562767298634 0.0009336539496002784
vn 0.9732477493390533 -0.2297562767298634 0.0009336539496002784
vn 0.9551508869560323 -0.29608946563889843 0.004220365478972852
vn 0.9551508869560323 -0.29608946563889843 0.004220365478972852
vn 0.9551508869560323 -0.29608946563889843 0.004220365478972852
vn 0.9260300203477897 -0.3774444977680991 -0.002013086997554067
vn 0.9260300203477897 -0.3774444977680991 -0.002013086997554067
vn 0.9260300203477897 -0.3774444977680991 -0.002013086997554067
vn 0.98874763363033 -0.1478057767767255 0.023055787599894944
vn 0.98874763363033 -0.1478057767767255 0.023055787599894944
vn 0.98874763363033 -0.1478057767767255 0.023055787599894944
vn 0.9427340760667783 -0.3335411894029916 -0.001654325891509051
vn 0.9427340760667783 -0.3335411894029916 -0.001654325891509051
vn 0.9427340760667783 -0.3335411894029916 -0.001654325891509051
vn 0.9950056131971355 -0.09816304649448174 -0.01810651841505139
vn 0.9950056131971355 -0.09816304649448174 -0.01810651841505139
vn 0.9950056131971355 -0.09816304649448174 -0.01810651841505139
vn 0.9933984027771212 -0.1144475982378972 -0.00783330182242492
vn 0.9933984027771212 -0.1144475982378972 -0.00783330182242492
vn 0.9933984027771212 -0.1144475982378972 -0.00783330182242492
vn 0.9307295165903878 -0.3656986984009507 -0.00265121392444814
vn 0.9307295165903878 -0.3656986984009507 -0.00265121392444814
vn 0.9307295165903878 -0.3656986984009507 -0.00265121392444814
vn 0.9569839298222239 -0.28971636474242674 -0.015690317474348906
vn 0.9569839298222239 -0.28971636474242674 -0.015690317474348906
vn 0.9569839298222239 -0.28971636474242674 -0.015690317474348906
vn 0.9269178326056421 -0.37525006385210025 -0.0032743207927232927
vn 0.9269178326056421 -0.37525006385210025 -0.0032743207927232927
vn 0.9269178326056421 -0.37525006385210025 -0.0032743207927232927
vn 0.9604229977437707 -0.2783302083308901 -0.01095264969550401
vn 0.9604229977437707 -0.2783302083308901 -0.01095264969550401
vn 0.9604229977437707 -0.2783302083308901 -0.01095264969550401
vn 0.00014067899450336628 -0.0037190310699586173 -0.9999930744846792
vn 0.00014067899450336628 -0.0037190310699586173 -0.9999930744846792
vn 0.00014067899450336628 -0.0037190310699586173 -0.9999930744846792
vn 0.03383952026148613 0.005040465417419644 -0.9994145689236515
vn 0.03383952026148613 0.005040465417419644 -0.9994145689236515
vn 0.03383952026148613 0.005040465417419644 -0.9994145689236515
vn -0.0013104669389842295 0.005394994886289107 -0.9999845882345281
vn -0.0013104669389842295 0.005394994886289107 -0.9999845882345281
vn -0.0013104669389842295 0.005394994886289107 -0.9999845882345281
vn 0.0061013679540347305 -0.01171248770809494 -0.9999127916677419
vn 0.0061013679540347305 -0.01171248770809494 -0.9999127916677419
vn 0.0061013679540347305 -0.01171248770809494 -0.9999127916677419
vn 0.0035910596638736164 -0.00005412329417921603 -0.9999935506597827
vn 0.0035910596638736164 -0.00005412329417921603 -0.9999935506597827
vn 0.0035910596638736164 -0.00005412329417921603 -0.9999935506597827
vn 0.0033235538965863554 -0.00034448997008160333 -0.9999944176424971
vn 0.0033235538965863554 -0.00034448997008160333 -0.9999944176424971
vn 0.0033235538965863554 -0.00034448997008160333 -0.9999944176424971
vn -0.0003062859770093751 -0.002370952869455636 -0.9999971423816125
vn -0.0003062859770093751 -0.002370952869455636 -0.9999971423816125
vn -0.0003062859770093751 -0.002370952869455636 -0.9999971423816125
vn 0.0007721118636707956 0.009253023993359151 -0.9999568917659643
vn 0.0007721118636707956 0.009253023993359151 -0.9999568917659643
vn 0.0007721118636707956 0.009253023993359151 -0.9999568917659643
vn 0.0004836689961924924 -0.001238644019026138 -0.9999991159122572
vn 0.0004836689961924924 -0.001238644019026138 -0.9999991159122572
vn 0.0004836689961924924 -0.001238644019026138 -0.9999991159122572
vn 0.04579584739226879 -0.11228969110396245 -0.9926196480190188
vn 0.04579584739226879 -0.11228969110396245 -0.9926196480190188
vn 0.04579584739226879 -0.11228969110396245 -0.9926196480190188
vn 0.0002403769869032162 -0.002204297776819139 -0.999997541642086
vn 0.0002403769869032162 -0.002204297776819139 -0.999997541642086
vn 0.0002403769869032162 -0.002204297776819139 -0.999997541642086
vn -0.0013406868983377796 -0.002135752656701296 -0.9999968205545604
vn -0.0013406868983377796 -0.002135752656701296 -0.9999968205545604
vn -0.0013406868983377796 -0.002135752656701296 -0.9999968205545604
vn -0.004135072339843536 -0.00012140499484683414 -0.9999914431821763
vn -0.004135072339843536 -0.00012140499484683414 -0.9999914431821763
vn -0.004135072339843536 -0.00012140499484683414 -0.9999914431821763
vn -0.017587177856657987 -0.013275739108404298 -0.9997571934855801
vn -0.017587177856657987 -0.013275739108404298 -0.9997571934855801
vn -0.017587177856657987 -0.013275739108404298 -0.9997571934855801
vn -0.0006911389732937274 -0.0027574298784057262 -0.9999959594455295
vn -0.0006911389732937274 -0.0027574298784057262 -0.9999959594455295
vn -0.0006911389732937274 -0.0027574298784057262 -0.9999959594455295
vn -0.30896770618393155 -0.007162033968078825 -0.9510455624232099
vn -0.30896770618393155 -0.007162033968078825 -0.9510455624232099
vn -0.30896770618393155 -0.007162033968078825 -0.9510455624232099
vn -0.3920712468501098 0.03679542613656732 -0.9191986912571345
vn -0.3920712468501098 0.03679542613656732 -0.9191986912571345
vn -0.3920712468501098 0.03679542613656732 -0.9191986912571345
vn -0.7436332582395195 0.042905799350772746 -0.6672096144557177
vn -0.7436332582395195 0.042905799350772746 -0.6672096144557177
vn -0.7436332582395195 0.042905799350772746 -0.6672096144557177
vn -0.6083139101410205 -0.026803668237105463 -0.7932438150392208
vn -0.6083139101410205 -0.026803668237105463 -0.7932438150392208
vn -0.6083139101410205 -0.026803668237105463 -0.7932438150392208
vn -0.8430260492162014 -0.03841792825037488 -0.536498968435049
vn -0.8430260492162014 -0.03841792825037488 -0.536498968435049
vn -0.8430260492162014 -0.03841792825037488 -0.536498968435049
vn -0.9226313973878554 0.039186947661261136 -0.38368696575089317
vn -0.9226313973878554 0.039186947661261136 -0.38368696575089317
vn -0.9226313973878554 0.039186947661261136 -0.38368696575089317
vn -0.9753552711665419 -0.033904485531085424 -0.21801968000277938
vn -0.9753552711665419 -0.033904485531085424 -0.21801968000277938
vn -0.9753552711665419 -0.033904485531085424 -0.21801968000277938
vn -0.5801063613663743 -0.8081759584266099 -0.10162789835225265
vn -0.5801063613663743 -0.8081759584266099 -0.10162789835225265
vn -0.5801063613663743 -0.8081759584266099 -0.10162789835225265
vn -0.8047003934522158 -0.5932449241360787 -0.022753829669466413
vn -0.8047003934522158 -0.5932449241360787 -0.022753829669466413
vn -0.8047003934522158 -0.5932449241360787 -0.022753829669466413
vn -0.7765907539181832 -0.6123034274414386 -0.14829468524614992
vn -0.7765907539181832 -0.6123034274414386 -0.14829468524614992
vn -0.7765907539181832 -0.6123034274414386 -0.14829468524614992
vn -0.8734394765711109 -0.48494564697170495 -0.04394542354305458
vn -0.8734394765711109 -0.48494564697170495 -0.04394542354305458
vn -0.8734394765711109 -0.48494564697170495 -0.04394542354305458
vn -0.772397493671868 -0.6338743366519622 -0.0400679061525718
vn -0.772397493671868 -0.6338743366519622 -0.0400679061525718
vn -0.772397493671868 -0.6338743366519622 -0.0400679061525718
vn -0.8965462629472287 -0.433313646829073 -0.0918916855164179
vn -0.8965462629472287 -0.433313646829073 -0.0918916855164179
vn -0.8965462629472287 -0.433313646829073 -0.0918916855164179
vn -0.5230948927083778 -0.8404568437080184 -0.1414355934224695
vn -0.5230948927083778 -0.8404568437080184 -0.1414355934224695
vn -0.5230948927083778 -0.8404568437080184 -0.1414355934224695
vn -0.6423480695930843 -0.7029298746617811 -0.3054153709262369
vn -0.6423480695930843 -0.7029298746617811 -0.3054153709262369
vn -0.6423480695930843 -0.7029298746617811 -0.3054153709262369
vn -0.5735853761977248 -0.7534234924800772 -0.32148539187844566
vn -0.5735853761977248 -0.7534234924800772 -0.32148539187844566
vn -0.5735853761977248 -0.7534234924800772 -0.32148539187844566
vn -0.7536845368217762 -0.35564178988106493 -0.5527011274151132
vn -0.7536845368217762 -0.35564178988106493 -0.5527011274151132
vn -0.7536845368217762 -0.35564178988106493 -0.5527011274151132
vn -0.5481137647749116 -0.614063145346276 -0.5678888574287324
vn -0.5481137647749116 -0.614063145346276 -0.5678888574287324
vn -0.5481137647749116 -0.614063145346276 -0.5678888574287324
vn -0.5762382820053465 -0.2898018099487043 -0.7641756037076699
vn -0.5762382820053465 -0.2898018099487043 -0.7641756037076699
vn -0.5762382820053465 -0.2898018099487043 -0.7641756037076699
vn -0.325920404170394 -0.6397115015041557 -0.6960927272919217
vn -0.325920404170394 -0.6397115015041557 -0.6960927272919217
vn -0.325920404170394 -0.6397115015041557 -0.6960927272919217
vn -0.260668782138769 -0.7783910565208616 -0.5711034487259097
vn -0.260668782138769 -0.7783910565208616 -0.5711034487259097
vn -0.260668782138769 -0.7783910565208616 -0.5711034487259097
vn -0.295918075376059 -0.37547725203775806 -0.8783218805585472
vn -0.295918075376059 -0.37547725203775806 -0.8783218805585472
vn -0.295918075376059 -0.37547725203775806 -0.8783218805585472
vn -0.44134787566671607 -0.38571373363747924 -0.8102079784400502
vn -0.44134787566671607 -0.38571373363747924 -0.8102079784400502
vn -0.44134787566671607 -0.38571373363747924 -0.8102079784400502
vn -0.2614982957664025 -0.19162898782730312 -0.9459899430414417
vn -0.2614982957664025 -0.19162898782730312 -0.9459899430414417
vn -0.2614982957664025 -0.19162898782730312 -0.9459899430414417
vn -0.35435468289929306 -0.7222238250581545 -0.5939911659492164
vn -0.35435468289929306 -0.7222238250581545 -0.5939911659492164
vn -0.35435468289929306 -0.7222238250581545 -0.5939911659492164
vn -0.1811786039606205 -0.5184936052296286 -0.8356666170207248
vn -0.1811786039606205 -0.5184936052296286 -0.8356666170207248
vn -0.1811786039606205 -0.5184936052296286 -0.8356666170207248
vn -0.32718551930776224 -0.30921781792562997 -0.8929355951201755
vn -0.32718551930776224 -0.30921781792562997 -0.8929355951201755
vn -0.32718551930776224 -0.30921781792562997 -0.8929355951201755
vn -0.2995935767139709 -0.5554373428681327 -0.7757145395951519
vn -0.2995935767139709 -0.5554373428681327 -0.7757145395951519
vn -0.2995935767139709 -0.5554373428681327 -0.7757145395951519
vn -0.2267921956340393 -0.713920455902348 -0.6624823640246397
vn -0.2267921956340393 -0.713920455902348 -0.6624823640246397
vn -0.2267921956340393 -0.713920455902348 -0.6624823640246397
vn -0.4779689035700098 -0.5051798247429065 -0.7185673746370683
vn -0.4779689035700098 -0.5051798247429065 -0.7185673746370683
vn -0.4779689035700098 -0.5051798247429065 -0.7185673746370683
vn -0.32221579706027825 -0.49830800533549674 -0.8049013057160288
vn -0.32221579706027825 -0.49830800533549674 -0.8049013057160288
vn -0.32221579706027825 -0.49830800533549674 -0.8049013057160288
vn -0.4448423154278757 -0.6300441121131235 -0.6365215873765416
vn -0.4448423154278757 -0.6300441121131235 -0.6365215873765416
vn -0.4448423154278757 -0.6300441121131235 -0.6365215873765416
vn 0.6767280820713925 -0.3569021885834171 -0.6439409372918774
vn 0.6767280820713925 -0.3569021885834171 -0.6439409372918774
vn 0.6767280820713925 -0.3569021885834171 -0.6439409372918774
vn 0.4078618396980544 -0.4150433651202815 -0.8132574775480096
vn 0.4078618396980544 -0.4150433651202815 -0.8132574775480096
vn 0.4078618396980544 -0.4150433651202815 -0.8132574775480096
vn -0.30705358330345484 -0.6738150442006761 -0.6720798934571317
vn -0.30705358330345484 -0.6738150442006761 -0.6720798934571317
vn -0.30705358330345484 -0.6738150442006761 -0.6720798934571317
vn 0.01382481894408939 -0.4019529009224118 -0.9155559730683979
vn 0.01382481894408939 -0.4019529009224118 -0.9155559730683979
vn 0.01382481894408939 -0.4019529009224118 -0.9155559730683979
vn 0.6001500370769521 -0.23955706786770184 -0.7631725520687717
vn 0.6001500370769521 -0.23955706786770184 -0.7631725520687717
vn 0.6001500370769521 -0.23955706786770184 -0.7631725520687717
vn 0.8190840836127089 -0.20085949600798278 -0.5373608906831124
vn 0.8190840836127089 -0.20085949600798278 -0.5373608906831124
vn 0.8190840836127089 -0.20085949600798278 -0.5373608906831124
vn 0.4891366676913006 -0.11206449605657422 -0.8649779587038252
vn 0.4891366676913006 -0.11206449605657422 -0.8649779587038252
vn 0.4891366676913006 -0.11206449605657422 -0.8649779587038252
vn 0.7089468511154634 -0.18879609530081226 -0.6795221826347069
vn 0.7089468511154634 -0.18879609530081226 -0.6795221826347069
vn 0.7089468511154634 -0.18879609530081226 -0.6795221826347069
vn 0.7101021484191896 -0.25175878672032326 -0.6575503418899287
vn 0.7101021484191896 -0.25175878672032326 -0.6575503418899287
vn 0.7101021484191896 -0.25175878672032326 -0.6575503418899287
vn 0.7473795873980158 -0.268770600433565 -0.6076068767577871
vn 0.7473795873980158 -0.268770600433565 -0.6076068767577871
vn 0.7473795873980158 -0.268770600433565 -0.6076068767577871
vn 0.7010442278733665 -0.3242569090089403 -0.635133409234157
vn 0.7010442278733665 -0.3242569090089403 -0.635133409234157
vn 0.7010442278733665 -0.3242569090089403 -0.635133409234157
vn 0.618770368454726 -0.10705408583839233 -0.7782433127420426
vn 0.618770368454726 -0.10705408583839233 -0.7782433127420426
vn 0.618770368454726 -0.10705408583839233 -0.7782433127420426
vn 0.7370950236785816 -0.10586888706750916 -0.6674449077035185
vn 0.7370950236785816 -0.10586888706750916 -0.6674449077035185
vn 0.7370950236785816 -0.10586888706750916 -0.6674449077035185
vn 0.7578872310209951 -0.1435181771547692 -0.6364035495513057
vn 0.7578872310209951 -0.1435181771547692 -0.6364035495513057
vn 0.7578872310209951 -0.1435181771547692 -0.6364035495513057
vn 0.5663957745820453 -0.09861718379352846 -0.8182117559631115
vn 0.5663957745820453 -0.09861718379352846 -0.8182117559631115
vn 0.5663957745820453 -0.09861718379352846 -0.8182117559631115
vn 0.9726728244194938 -0.15996168625009713 -0.16828498319169843
vn 0.9726728244194938 -0.15996168625009713 -0.16828498319169843
vn 0.9726728244194938 -0.15996168625009713 -0.16828498319169843
vn 0.6094347202055851 -0.17589369310935263 -0.7730787350149356
vn 0.6094347202055851 -0.17589369310935263 -0.7730787350149356
vn 0.6094347202055851 -0.17589369310935263 -0.7730787350149356
vn 0 0.9995082208345634 0.03135787754498232
vn 0 0.9995082208345634 0.03135787754498232
vn 0 0.9995082208345634 0.03135787754498232
f 1//1 2//2 3//3
f 4//4 5//5 6//6
f 7//7 8//8 9//9
f 10//10 11//11 12//12
f 13//13 14//14 15//15
f 16//16 17//17 18//18
f 19//19 20//20 21//21
f 22//22 23//23 24//24
f 25//25 26//26 27//27
f 28//28 29//29 30//30
f 31//31 32//32 33//33
f 34//34 35//35 36//36
f 37//37 38//38 39//39
f 40//40 41//41 42//42
f 43//43 44//44 45//45
f 46//46 47//47 48//48
f 49//49 50//50 51//51
f 52//52 53//53 54//54
f 55//55 56//56 57//57
f 58//58 59//59 60//60
f 61//61 62//62 63//63
f 64//64 65//65 66//66
f 67//67 68//68 69//69
f 70//70 71//71 72//72
f 73//73 74//74 75//75
f 76//76 77//77 78//78
f 79//79 80//80 81//81
f 82//82 83//83 84//84
f 85//85 86//86 87//87
f 88//88 89//89 90//90
f 91//91 92//92 93//93
f 94//94 95//95 96//96
f 97//97 98//98 99//99
f 100//100 101//101 102//102
f 103//103 104//104 105//105
f 106//106 107//107 108//108
f 109//109 110//110 111//111
f 112//112 113//113 114//114
f 115//115 116//116 117//117
f 118//118 119//119 120//120
f 121//121 122//122 123//123
f 124//124 125//125 126//126
f 127//127 128//128 129//129
f 130//130 131//131 132//132
f 133//133 134//134 135//135
f 136//136 137//137 138//138
f 139//139 140//140 141//141
f 142//142 143//143 144//144
f 145//145 146//146 147//147
f 148//148 149//149 150//150
f 151//151 152//152 153//153
f 154//154 155//155 156//156
f 157//157 158//158 159//159
f 160//160 161//161 162//162
f 163//163 164//164 165//165
f 166//166 167//167 168//168
f 169//169 170//170 171//171
f 172//172 173//173 174//174
f 175//175 176//176 177//177
f 178//178 179//179 180//180
f 181//181 182//182 183//183
f 184//184 185//185 186//186
f 187//187 188//188 189//189
f 190//190 191//191 192//192
f 193//193 194//194 195//195
f 196//196 197//197 198//198
f 199//199 200//200 201//201
f 202//202 203//203 204//204
f 205//205 206//206 207//207
f 208//208 209//209 210//210
f 211//211 212//212 213//213
f 214//214 215//215 216//216
f 217//217 218//218 219//219
f 220//220 221//221 222//222
f 223//223 224//224 225//225
f 226//226 227//227 228//228
f 229//229 230//230 231//231
f 232//232 233//233 234//234
f 235//235 236//236 237//237
f 238//238 239//239 240//240
f 241//241 242//242 243//243
f 244//244 245//245 246//246
f 247//247 248//248 249//249
f 250//250 251//251 252//252
f 253//253 254//254 255//255
f 256//256 257//257 258//258
f 259//259 260//260 261//261
f 262//262 263//263 264//264
f 265//265 266//266 267//267
f 268//268 269//269 270//270
f 271//271 272//272 273//273
f 274//274 275//275 276//276
f 277//277 278//278 279//279
f 280//280 281//281 282//282
f 283//283 284//284 285//285
f 286//286 287//287 288//288
f 289//289 290//290 291//291
f 292//292 293//293 294//294
f 295//295 296//296 297//297
f 298//298 299//299 300//300
f 301//301 302//302 303//303
f 304//304 305//305 306//306
f 307//307 308//308 309//309
f 310//310 311//311 312//312
f 313//313 314//314 315//315
f 316//316 317//317 318//318
f 319//319 320//320 321//321
f 322//322 323//323 324//324
f 325//325 326//326 327//327
f 328//328 329//329 330//330
f 331//331 332//332 333//333
f 334//334 335//335 336//336
f 337//337 338//338 339//339
f 340//340 341//341 342//342
f 343//343 344//344 345//345
f 346//346 347//347 348//348
f 349//349 350//350 351//351
f 352//352 353//353 354//354
f 355//355 356//356 357//357
f 358//358 359//359 360//360
f 361//361 362//362 363//363
f 364//364 365//365 366//366
f 367//367 368//368 369//369
f 370//370 371//371 372//372
f 373//373 374//374 375//375
f 376//376 377//377 378//378
f 379//379 380//380 381//381
f 382//382 383//383 384//384
f 385//385 386//386 387//387
f 388//388 389//389 390//390
f 391//391 392//392 393//393
f 394//394 395//395 396//396
f 397//397 398//398 399//399
f 400//400 401//401 402//402
f 403//403 404//404 405//405
f 406//406 407//407 408//408
f 409//409 410//410 411//411
f 412//412 413//413 414//414
f 415//415 416//416 417//417
f 418//418 419//419 420//420
f 421//421 422//422 423//423
f 424//424 425//425 426//426
f 427//427 428//428 429//429
f 430//430 431//431 432//432
f 433//433 434//434 435//435
f 436//436 437//437 438//438
f 439//439 440//440 441//441
f 442//442 443//443 444//444
f 445//445 446//446 447//447
f 448//448 449//449 450//450
f 451//451 452//452 453//453
f 454//454 455//455 456//456
f 457//457 458//458 459//459
f 460//460 461//461 462//462
f 463//463 464//464 465//465
f 466//466 467//467 468//468
f 469//469 470//470 471//471
f 472//472 473//473 474//474
f 475//475 476//476 477//477
f 478//478 479//479 480//480
f 481//481 482//482 483//483
f 484//484 485//485 486//486
f 487//487 488//488 489//489
f 490//490 491//491 492//492
f 493//493 494//494 495//495
f 496//496 497//497 498//498
f 499//499 500//500 501//501
f 502//502 503//503 504//504
f 505//505 506//506 507//507
f 508//508 509//509 510//510
f 511//511 512//512 513//513
f 514//514 515//515 516//516
f 517//517 518//518 519//519
f 520//520 521//521 522//522
f 523//523 524//524 525//525
f 526//526 527//527 528//528
f 529//529 530//530 531//531
f 532//532 533//533 534//534
f 535//535 536//536 537//537
f 538//538 539//539 540//540
f 541//541 542//542 543//543
f 544//544 545//545 546//546
f 547//547 548//548 549//549
f 550//550 551//551 552//552
f 553//553 554//554 555//555
f 556//556 557//557 558//558
f 559//559 560//560 561//561
f 562//562 563//563 564//564
f 565//565 566//566 567//567
f 568//568 569//569 570//570
f 571//571 572//572 573//573
f 574//574 575//575 576//576
f 577//577 578//578 579//579
f 580//580 581//581 582//582
f 583//583 584//584 585//585
f 586//586 587//587 588//588
f 589//589 590//590 591//591
f 592//592 593//593 594//594
f 595//595 596//596 597//597
f 598//598 599//599 600//600
f 601//601 602//602 603//603
f 604//604 605//605 606//606
f 607//607 608//608 609//609
f 610//610 611//611 612//612
f 613//613 614//614 615//615
f 616//616 617//617 618//618
f 619//619 620//620 621//621
f 622//622 623//623 624//624
f 625//625 626//626 627//627
f 628//628 629//629 630//630
f 631//631 632//632 633//633
f 634//634 635//635 636//636
f 637//637 638//638 639//639
f 640//640 641//641 642//642
f 643//643 644//644 645//645
f 646//646 647//647 648//648
f 649//649 650//650 651//651
f 652//652 653//653 654//654
f 655//655 656//656 657//657
f 658//658 659//659 660//660
f 661//661 662//662 663//663
f 664//664 665//665 666//666
f 667//667 668//668 669//669
f 670//670 671//671 672//672
f 673//673 674//674 675//675
f 676//676 677//677 678//678
f 679//679 680//680 681//681
f 682//682 683//683 684//684
f 685//685 686//686 687//687
f 688//688 689//689 690//690
f 691//691 692//692 693//693
f 694//694 695//695 696//696
f 697//697 698//698 699//699
f 700//700 701//701 702//702
f 703//703 704//704 705//705
f 706//706 707//707 708//708
f 709//709 710//710 711//711
f 712//712 713//713 714//714
f 715//715 716//716 717//717
f 718//718 719//719 720//720
f 721//721 722//722 723//723
f 724//724 725//725 726//726
f 727//727 728//728 729//729
f 730//730 731//731 732//732
f 733//733 734//734 735//735
f 736//736 737//737 738//738
f 739//739 740//740 741//741
f 742//742 743//743 744//744
f 745//745 746//746 747//747
f 748//748 749//749 750//750
f 751//751 752//752 753//753
f 754//754 755//755 756//756
f 757//757 758//758 759//759
f 760//760 761//761 762//762
f 763//763 764//764 765//765
f 766//766 767//767 768//768
f 769//769 770//770 771//771
f 772//772 773//773 774//774
f 775//775 776//776 777//777
f 778//778 779//779 780//780
f 781//781 782//782 783//783
f 784//784 785//785 786//786
f 787//787 788//788 789//789
f 790//790 791//791 792//792
f 793//793 794//794 795//795
