o node11
usemtl Shell010_001
v -0.02480822056531906 0.06508100032806396 0.04230272024869919
v -0.023444170132279396 0.06732802838087082 0.042402561753988266
v -0.025469420477747917 0.06699997186660767 0.04223179072141647
v -0.02480822056531906 0.06508100032806396 0.04230272024869919
v -0.023054419085383415 0.06536506861448288 0.04242866858839989
v -0.023444170132279396 0.06732802838087082 0.042402561753988266
v -0.026541410014033318 0.06480032205581665 0.04168003052473068
v -0.02480822056531906 0.06508100032806396 0.04230272024869919
v -0.025469420477747917 0.06699997186660767 0.04223179072141647
v -0.01835476979613304 0.06612621992826462 0.037159621715545654
v -0.018731409683823586 0.06809133291244507 0.03745931014418602
v -0.01919489912688732 0.06801623106002808 0.039303120225667953
v -0.026541410014033318 0.06480032205581665 0.04168003052473068
v -0.025469420477747917 0.06699997186660767 0.04223179072141647
v -0.027112239971756935 0.06673306226730347 0.0414544902741909
v -0.01867848075926304 0.06607382744550705 0.03893578052520752
v -0.01835476979613304 0.06612621992826462 0.037159621715545654
v -0.01919489912688732 0.06801623106002808 0.039303120225667953
v -0.027565060183405876 0.06463450193405151 0.04086798056960106
v -0.026541410014033318 0.06480032205581665 0.04168003052473068
v -0.027112239971756935 0.06673306226730347 0.0414544902741909
v -0.019815439358353615 0.06588964909315109 0.04071240872144699
v -0.01867848075926304 0.06607382744550705 0.03893578052520752
v -0.01919489912688732 0.06801623106002808 0.039303120225667953
v -0.028195500373840332 0.06453239172697067 0.04009503126144409
v -0.027112239971756935 0.06673306226730347 0.0414544902741909
v -0.028400540351867676 0.06652522087097168 0.0401722714304924
v -0.019815439358353615 0.06588964909315109 0.04071240872144699
v -0.01919489912688732 0.06801623106002808 0.039303120225667953
v -0.020240360870957375 0.0678468868136406 0.040786441415548325
v -0.028195500373840332 0.06453239172697067 0.04009503126144409
v -0.027565060183405876 0.06463450193405151 0.04086798056960106
v -0.027112239971756935 0.06673306226730347 0.0414544902741909
v -0.028782300651073456 0.06443732231855392 0.038934580981731415
v -0.028195500373840332 0.06453239172697067 0.04009503126144409
v -0.028400540351867676 0.06652522087097168 0.0401722714304924
v -0.019815439358353615 0.06588964909315109 0.04071240872144699
v -0.020240360870957375 0.0678468868136406 0.040786441415548325
v -0.021503379568457603 0.06764233112335205 0.04176652058959007
v -0.028782300651073456 0.06443732231855392 0.038934580981731415
v -0.028400540351867676 0.06652522087097168 0.0401722714304924
v -0.029248230159282684 0.0663878321647644 0.038368940353393555
v -0.020527780055999756 0.06577432155609131 0.04140150174498558
v -0.019815439358353615 0.06588964909315109 0.04071240872144699
v -0.021503379568457603 0.06764233112335205 0.04176652058959007
v -0.022326819598674774 0.06548290699720383 0.04223179072141647
v -0.020527780055999756 0.06577432155609131 0.04140150174498558
v -0.021503379568457603 0.06764233112335205 0.04176652058959007
v -0.02911847084760666 0.06438291072845459 0.03744934871792793
v -0.028782300651073456 0.06443732231855392 0.038934580981731415
v -0.029248230159282684 0.0663878321647644 0.038368940353393555
v -0.022326819598674774 0.06548290699720383 0.04223179072141647
v -0.021503379568457603 0.06764233112335205 0.04176652058959007
v -0.023444170132279396 0.06732802838087082 0.042402561753988266
v -0.02911847084760666 0.06438291072845459 0.03744934871792793
v -0.029248230159282684 0.0663878321647644 0.038368940353393555
v -0.0293728094547987 0.0663677379488945 0.03631049022078514
v -0.029045039787888527 0.06439477205276489 0.03631144016981125
v -0.02911847084760666 0.06438291072845459 0.03744934871792793
v -0.0293728094547987 0.0663677379488945 0.03631049022078514
v -0.023054419085383415 0.06536506861448288 0.04242866858839989
v -0.022326819598674774 0.06548290699720383 0.04223179072141647
v -0.023444170132279396 0.06732802838087082 0.042402561753988266
v -0.028902819380164146 0.06644386053085327 0.034718211740255356
v -0.027711620554327965 0.06665486097335815 0.03539896011352539
v -0.02788596972823143 0.06660860031843185 0.03318721055984497
v -0.028902819380164146 0.06644386053085327 0.034718211740255356
v -0.028008989989757538 0.06658846139907837 0.03641790151596069
v -0.027711620554327965 0.06665486097335815 0.03539896011352539
v -0.023444170132279396 0.06732802838087082 0.042402561753988266
v -0.021503379568457603 0.06764233112335205 0.04176652058959007
v -0.022068319842219353 0.06757336109876633 0.04048717021942139
v -0.023444170132279396 0.06732802838087082 0.042402561753988266
v -0.022068319842219353 0.06757336109876633 0.04048717021942139
v -0.023790590465068817 0.06727862358093262 0.04111164063215256
v -0.020595720037817955 0.06778936833143234 0.03503160923719406
v -0.019715359434485435 0.06793195009231567 0.03382759913802147
v -0.021004609763622284 0.06772243231534958 0.03254466876387596
v -0.0293728094547987 0.0663677379488945 0.03631049022078514
v -0.028008989989757538 0.06658846139907837 0.03641790151596069
v -0.028902819380164146 0.06644386053085327 0.034718211740255356
v -0.020595720037817955 0.06778936833143234 0.03503160923719406
v -0.018867729231715202 0.06806910037994385 0.03563106060028076
v -0.019715359434485435 0.06793195009231567 0.03382759913802147
v -0.02273494005203247 0.06745094060897827 0.0331842303276062
v -0.021004609763622284 0.06772243231534958 0.03254466876387596
v -0.022439299151301384 0.06749074906110764 0.031841930001974106
v -0.0293728094547987 0.0663677379488945 0.03631049022078514
v -0.028133859857916832 0.06656848639249802 0.036986880004405975
v -0.028224939480423927 0.06655383110046387 0.036719080060720444
v -0.0293728094547987 0.0663677379488945 0.03631049022078514
v -0.028224939480423927 0.06655383110046387 0.036719080060720444
v -0.028008989989757538 0.06658846139907837 0.03641790151596069
v -0.02001219056546688 0.0678907036781311 0.036667101085186005
v -0.018867729231715202 0.06806910037994385 0.03563106060028076
v -0.020595720037817955 0.06778936833143234 0.03503160923719406
v -0.023444170132279396 0.06732802838087082 0.042402561753988266
v -0.023790590465068817 0.06727862358093262 0.04111164063215256
v -0.024579940363764763 0.06715822219848633 0.04103051871061325
v -0.023536259308457375 0.06732814759016037 0.03297048062086105
v -0.02273494005203247 0.06745094060897827 0.0331842303276062
v -0.022439299151301384 0.06749074906110764 0.031841930001974106
v -0.023536259308457375 0.06732814759016037 0.03297048062086105
v -0.022439299151301384 0.06749074906110764 0.031841930001974106
v -0.02399354986846447 0.06723903864622116 0.03157662972807884
v -0.029248230159282684 0.0663878321647644 0.038368940353393555
v -0.028098400682210922 0.06657958030700684 0.037336401641368866
v -0.028133859857916832 0.06656848639249802 0.036986880004405975
v -0.029248230159282684 0.0663878321647644 0.038368940353393555
v -0.028133859857916832 0.06656848639249802 0.036986880004405975
v -0.0293728094547987 0.0663677379488945 0.03631049022078514
v -0.02001219056546688 0.0678907036781311 0.036667101085186005
v -0.018731409683823586 0.06809133291244507 0.03745931014418602
v -0.018867729231715202 0.06806910037994385 0.03563106060028076
v -0.025469420477747917 0.06699997186660767 0.04223179072141647
v -0.023444170132279396 0.06732802838087082 0.042402561753988266
v -0.024579940363764763 0.06715822219848633 0.04103051871061325
v -0.02426134981215 0.0671982690691948 0.03287535160779953
v -0.023536259308457375 0.06732814759016037 0.03297048062086105
v -0.02399354986846447 0.06723903864622116 0.03157662972807884
v -0.025469420477747917 0.06699997186660767 0.04223179072141647
v -0.024579940363764763 0.06715822219848633 0.04103051871061325
v -0.025481339544057846 0.0670122504234314 0.04076850041747093
v -0.02000712975859642 0.06788688153028488 0.03732872009277344
v -0.01919489912688732 0.06801623106002808 0.039303120225667953
v -0.018731409683823586 0.06809133291244507 0.03745931014418602
v -0.029248230159282684 0.0663878321647644 0.038368940353393555
v -0.02768825925886631 0.06665688008069992 0.03868401050567627
v -0.028098400682210922 0.06657958030700684 0.037336401641368866
v -0.02426134981215 0.0671982690691948 0.03287535160779953
v -0.02399354986846447 0.06723903864622116 0.03157662972807884
v -0.025995850563049316 0.06691467016935349 0.03192836046218872
v -0.020275289192795753 0.06785374134778976 0.03823155164718628
v -0.01919489912688732 0.06801623106002808 0.039303120225667953
v -0.02000712975859642 0.06788688153028488 0.03732872009277344
v -0.027112239971756935 0.06673306226730347 0.0414544902741909
v -0.025469420477747917 0.06699997186660767 0.04223179072141647
v -0.025481339544057846 0.0670122504234314 0.04076850041747093
v -0.02480809949338436 0.06713175028562546 0.03305286169052124
v -0.02426134981215 0.0671982690691948 0.03287535160779953
v -0.025995850563049316 0.06691467016935349 0.03192836046218872
v -0.028400540351867676 0.06652522087097168 0.0401722714304924
v -0.02768825925886631 0.06665688008069992 0.03868401050567627
v -0.029248230159282684 0.0663878321647644 0.038368940353393555
v -0.026000909507274628 0.066913902759552 0.033492561429739
v -0.02480809949338436 0.06713175028562546 0.03305286169052124
v -0.025995850563049316 0.06691467016935349 0.03192836046218872
v -0.028400540351867676 0.06652522087097168 0.0401722714304924
v -0.027112239971756935 0.06673306226730347 0.0414544902741909
v -0.02768825925886631 0.06665688008069992 0.03868401050567627
v -0.02788596972823143 0.06660860031843185 0.03318721055984497
v -0.026000909507274628 0.066913902759552 0.033492561429739
v -0.025995850563049316 0.06691467016935349 0.03192836046218872
v -0.020240360870957375 0.0678468868136406 0.040786441415548325
v -0.01919489912688732 0.06801623106002808 0.039303120225667953
v -0.020275289192795753 0.06785374134778976 0.03823155164718628
v -0.027162959799170494 0.0667455717921257 0.034491948783397675
v -0.026000909507274628 0.066913902759552 0.033492561429739
v -0.02788596972823143 0.06660860031843185 0.03318721055984497
v -0.021503379568457603 0.06764233112335205 0.04176652058959007
v -0.020240360870957375 0.0678468868136406 0.040786441415548325
v -0.021155409514904022 0.06770884245634079 0.0398707315325737
v -0.023536259308457375 0.06732814759016037 0.03297048062086105
v -0.02426134981215 0.0671982690691948 0.03287535160779953
v -0.023954030126333237 0.06725537031888962 0.032582808285951614
v -0.022555049508810043 0.06747013330459595 0.033021800220012665
v -0.023536259308457375 0.06732814759016037 0.03297048062086105
v -0.023954030126333237 0.06725537031888962 0.032582808285951614
v -0.022068319842219353 0.06757336109876633 0.04048717021942139
v -0.021523110568523407 0.06766831129789352 0.04008417949080467
v -0.021155409514904022 0.06770884245634079 0.0398707315325737
v -0.022068319842219353 0.06757336109876633 0.04048717021942139
v -0.021155409514904022 0.06770884245634079 0.0398707315325737
v -0.020513469353318214 0.06780868023633957 0.039570800960063934
v -0.022068319842219353 0.06757336109876633 0.04048717021942139
v -0.020513469353318214 0.06780868023633957 0.039570800960063934
v -0.02187556028366089 0.06757967919111252 0.04069714993238449
v -0.020817989483475685 0.06775157898664474 0.03442049026489258
v -0.02036041021347046 0.06786060333251953 0.035545170307159424
v -0.021317949518561363 0.06770241260528564 0.03407752141356468
v -0.0228115301579237 0.06746262311935425 0.04080687835812569
v -0.022068319842219353 0.06757336109876633 0.04048717021942139
v -0.02187556028366089 0.06757967919111252 0.04069714993238449
v -0.02036041021347046 0.06786060333251953 0.035545170307159424
v -0.020817989483475685 0.06775157898664474 0.03442049026489258
v -0.019987519830465317 0.06788706034421921 0.03572005033493042
v -0.0228115301579237 0.06746262311935425 0.04080687835812569
v -0.02187556028366089 0.06757967919111252 0.04069714993238449
v -0.023790590465068817 0.06727862358093262 0.04111164063215256
v -0.02001219056546688 0.0678907036781311 0.036667101085186005
v -0.02036041021347046 0.06786060333251953 0.035545170307159424
v -0.019987519830465317 0.06788706034421921 0.03572005033493042
v -0.02001219056546688 0.0678907036781311 0.036667101085186005
v -0.019987519830465317 0.06788706034421921 0.03572005033493042
v -0.02000712975859642 0.06788688153028488 0.03732872009277344
v -0.020275289192795753 0.06785374134778976 0.03823155164718628
v -0.02000712975859642 0.06788688153028488 0.03732872009277344
v -0.019964149221777916 0.06788855046033859 0.038370661437511444
v -0.0205838605761528 0.06782209128141403 0.038937438279390335
v -0.020275289192795753 0.06785374134778976 0.03823155164718628
v -0.019964149221777916 0.06788855046033859 0.038370661437511444
v -0.02273494005203247 0.06745094060897827 0.0331842303276062
v -0.023536259308457375 0.06732814759016037 0.03297048062086105
v -0.022555049508810043 0.06747013330459595 0.033021800220012665
v -0.0205838605761528 0.06782209128141403 0.038937438279390335
v -0.019964149221777916 0.06788855046033859 0.038370661437511444
v -0.020513469353318214 0.06780868023633957 0.039570800960063934
v -0.022511420771479607 0.06751351803541183 0.03330831974744797
v -0.02273494005203247 0.06745094060897827 0.0331842303276062
v -0.022555049508810043 0.06747013330459595 0.033021800220012665
v -0.021317949518561363 0.06770241260528564 0.03407752141356468
v -0.022555049508810043 0.06747013330459595 0.033021800220012665
v -0.020817989483475685 0.06775157898664474 0.03442049026489258
v -0.021317949518561363 0.06770241260528564 0.03407752141356468
v -0.022511420771479607 0.06751351803541183 0.03330831974744797
v -0.022555049508810043 0.06747013330459595 0.033021800220012665
v -0.021155409514904022 0.06770884245634079 0.0398707315325737
v -0.0205838605761528 0.06782209128141403 0.038937438279390335
v -0.020513469353318214 0.06780868023633957 0.039570800960063934
v -0.025534389540553093 0.06698691099882126 0.0409771203994751
v -0.024579940363764763 0.06715822219848633 0.04103051871061325
v -0.023790590465068817 0.06727862358093262 0.04111164063215256
v -0.02768825925886631 0.06665688008069992 0.03868401050567627
v -0.026879189535975456 0.06678581237792969 0.039858460426330566
v -0.027368899434804916 0.06669294089078903 0.0394548699259758
v -0.02426134981215 0.0671982690691948 0.03287535160779953
v -0.02480809949338436 0.06713175028562546 0.03305286169052124
v -0.023954030126333237 0.06725537031888962 0.032582808285951614
v -0.02768825925886631 0.06665688008069992 0.03868401050567627
v -0.027368899434804916 0.06669294089078903 0.0394548699259758
v -0.02802819013595581 0.06658214330673218 0.0381850004196167
v -0.02802819013595581 0.06658214330673218 0.0381850004196167
v -0.028098400682210922 0.06657958030700684 0.037336401641368866
v -0.02768825925886631 0.06665688008069992 0.03868401050567627
v -0.028012150898575783 0.0666077733039856 0.036388810724020004
v -0.028098400682210922 0.06657958030700684 0.037336401641368866
v -0.028224939480423927 0.06655383110046387 0.036719080060720444
v -0.028098400682210922 0.06657958030700684 0.037336401641368866
v -0.02802819013595581 0.06658214330673218 0.0381850004196167
v -0.028224939480423927 0.06655383110046387 0.036719080060720444
v -0.028012150898575783 0.0666077733039856 0.036388810724020004
v -0.028224939480423927 0.06655383110046387 0.036719080060720444
v -0.02821052074432373 0.06655657291412354 0.03599786013364792
v -0.027711620554327965 0.06665486097335815 0.03539896011352539
v -0.028012150898575783 0.0666077733039856 0.036388810724020004
v -0.02821052074432373 0.06655657291412354 0.03599786013364792
v -0.027711620554327965 0.06665486097335815 0.03539896011352539
v -0.02821052074432373 0.06655657291412354 0.03599786013364792
v -0.027243489399552345 0.06671184301376343 0.0343322716653347
v -0.027243489399552345 0.06671184301376343 0.0343322716653347
v -0.027162959799170494 0.0667455717921257 0.034491948783397675
v -0.027711620554327965 0.06665486097335815 0.03539896011352539
v -0.027243489399552345 0.06671184301376343 0.0343322716653347
v -0.026286540552973747 0.06689631193876266 0.03364747017621994
v -0.027162959799170494 0.0667455717921257 0.034491948783397675
v -0.025481339544057846 0.0670122504234314 0.04076850041747093
v -0.024579940363764763 0.06715822219848633 0.04103051871061325
v -0.025534389540553093 0.06698691099882126 0.0409771203994751
v -0.026286540552973747 0.06689631193876266 0.03364747017621994
v -0.027243489399552345 0.06671184301376343 0.0343322716653347
v -0.026086920872330666 0.06688915938138962 0.03326946124434471
v -0.02651488035917282 0.06686203926801682 0.04015408828854561
v -0.025481339544057846 0.0670122504234314 0.04076850041747093
v -0.025534389540553093 0.06698691099882126 0.0409771203994751
v -0.02651488035917282 0.06686203926801682 0.04015408828854561
v -0.025534389540553093 0.06698691099882126 0.0409771203994751
v -0.026879189535975456 0.06678581237792969 0.039858460426330566
v -0.026086920872330666 0.06688915938138962 0.03326946124434471
v -0.02480809949338436 0.06713175028562546 0.03305286169052124
v -0.026286540552973747 0.06689631193876266 0.03364747017621994
v -0.02480809949338436 0.06713175028562546 0.03305286169052124
v -0.026086920872330666 0.06688915938138962 0.03326946124434471
v -0.023954030126333237 0.06725537031888962 0.032582808285951614
v -0.02413593977689743 0.06857907027006149 0.03287804126739502
v -0.025031259283423424 0.06843309849500656 0.03266923874616623
v -0.02451108954846859 0.06851165741682053 0.032891858369112015
v -0.025534389540553093 0.06698691099882126 0.0409771203994751
v -0.023790590465068817 0.06727862358093262 0.04111164063215256
v -0.023847749456763268 0.06729531288146973 0.041482798755168915
v -0.028794050216674805 0.06759840250015259 0.03820209950208664
v -0.028982629999518394 0.067240409553051 0.03766392916440964
v -0.02875511907041073 0.06729531288146973 0.038628630340099335
v -0.028999319300055504 0.06702536344528198 0.03668956831097603
v -0.028756549581885338 0.06668709963560104 0.03669457882642746
v -0.028829090297222137 0.06677781790494919 0.03764139860868454
v -0.02850073017179966 0.06654822081327438 0.03709863871335983
v -0.02821052074432373 0.06655657291412354 0.03599786013364792
v -0.028224939480423927 0.06655383110046387 0.036719080060720444
v -0.024510860443115234 0.06851326674222946 0.04110527038574219
v -0.023842329159379005 0.06862533092498779 0.04140125960111618
v -0.024213850498199463 0.06855928152799606 0.041126661002635956
v -0.028737179934978485 0.06778258085250854 0.037136010825634
v -0.028794050216674805 0.06759840250015259 0.03820209950208664
v -0.028262309730052948 0.06784296035766602 0.03914517164230347
v -0.028999319300055504 0.06702536344528198 0.03668956831097603
v -0.028829090297222137 0.06677781790494919 0.03764139860868454
v -0.028982629999518394 0.067240409553051 0.03766392916440964
v -0.028177790343761444 0.06793606281280518 0.038483019918203354
v -0.028019720688462257 0.06791538000106812 0.03825901821255684
v -0.028148649260401726 0.06789451092481613 0.03773682937026024
v -0.028177790343761444 0.06793606281280518 0.038483019918203354
v -0.028737179934978485 0.06778258085250854 0.037136010825634
v -0.028262309730052948 0.06784296035766602 0.03914517164230347
v -0.028568319976329803 0.06668101996183395 0.035704970359802246
v -0.02821052074432373 0.06655657291412354 0.03599786013364792
v -0.02850073017179966 0.06654822081327438 0.03709863871335983
v -0.02895510010421276 0.06751447170972824 0.03670632094144821
v -0.028999319300055504 0.06702536344528198 0.03668956831097603
v -0.028982629999518394 0.067240409553051 0.03766392916440964
v -0.028568319976329803 0.06668101996183395 0.035704970359802246
v -0.02850073017179966 0.06654822081327438 0.03709863871335983
v -0.028756549581885338 0.06668709963560104 0.03669457882642746
v -0.02895510010421276 0.06751447170972824 0.03670632094144821
v -0.028982629999518394 0.067240409553051 0.03766392916440964
v -0.028794050216674805 0.06759840250015259 0.03820209950208664
v -0.02829021029174328 0.06789743155241013 0.03741674870252609
v -0.028177790343761444 0.06793606281280518 0.038483019918203354
v -0.028148649260401726 0.06789451092481613 0.03773682937026024
v -0.028568319976329803 0.06668101996183395 0.035704970359802246
v -0.028756549581885338 0.06668709963560104 0.03669457882642746
v -0.028999319300055504 0.06702536344528198 0.03668956831097603
v -0.028737179934978485 0.06778258085250854 0.037136010825634
v -0.02895510010421276 0.06751447170972824 0.03670632094144821
v -0.028794050216674805 0.06759840250015259 0.03820209950208664
v -0.028766930103302002 0.06698822230100632 0.03557239845395088
v -0.028568319976329803 0.06668101996183395 0.035704970359802246
v -0.028999319300055504 0.06702536344528198 0.03668956831097603
v -0.028442740440368652 0.06788802146911621 0.036260541528463364
v -0.028737179934978485 0.06778258085250854 0.037136010825634
v -0.028177790343761444 0.06793606281280518 0.038483019918203354
v -0.028802869841456413 0.0672878623008728 0.0355149507522583
v -0.028766930103302002 0.06698822230100632 0.03557239845395088
v -0.028999319300055504 0.06702536344528198 0.03668956831097603
v -0.028348080813884735 0.06789790838956833 0.03695410117506981
v -0.028177790343761444 0.06793606281280518 0.038483019918203354
v -0.02829021029174328 0.06789743155241013 0.03741674870252609
v -0.028348080813884735 0.06789790838956833 0.03695410117506981
v -0.028442740440368652 0.06788802146911621 0.036260541528463364
v -0.028177790343761444 0.06793606281280518 0.038483019918203354
v -0.028802869841456413 0.0672878623008728 0.0355149507522583
v -0.028999319300055504 0.06702536344528198 0.03668956831097603
v -0.02895510010421276 0.06751447170972824 0.03670632094144821
v -0.027753770351409912 0.06666194647550583 0.03455942124128342
v -0.027243489399552345 0.06671184301376343 0.0343322716653347
v -0.02821052074432373 0.06655657291412354 0.03599786013364792
v -0.02865177020430565 0.06773316115140915 0.035662468522787094
v -0.028802869841456413 0.0672878623008728 0.0355149507522583
v -0.02895510010421276 0.06751447170972824 0.03670632094144821
v -0.027753770351409912 0.06666194647550583 0.03455942124128342
v -0.02821052074432373 0.06655657291412354 0.03599786013364792
v -0.028568319976329803 0.06668101996183395 0.035704970359802246
v -0.02822273038327694 0.06687604635953903 0.03456716984510422
v -0.027753770351409912 0.06666194647550583 0.03455942124128342
v -0.028568319976329803 0.06668101996183395 0.035704970359802246
v -0.025189340114593506 0.06709200143814087 0.04136943072080612
v -0.025534389540553093 0.06698691099882126 0.0409771203994751
v -0.023847749456763268 0.06729531288146973 0.041482798755168915
v -0.028442740440368652 0.06788802146911621 0.036260541528463364
v -0.028348080813884735 0.06789790838956833 0.03695410117506981
v -0.028272679075598717 0.06789784878492355 0.036531321704387665
v -0.02865177020430565 0.06773316115140915 0.035662468522787094
v -0.02895510010421276 0.06751447170972824 0.03670632094144821
v -0.028737179934978485 0.06778258085250854 0.037136010825634
v -0.024636030197143555 0.06746237725019455 0.04179459065198898
v -0.023847749456763268 0.06729531288146973 0.041482798755168915
v -0.023713350296020508 0.06749241799116135 0.041711680591106415
v -0.024636030197143555 0.06746237725019455 0.04179459065198898
v -0.023713350296020508 0.06749241799116135 0.041711680591106415
v -0.023736709728837013 0.06772904843091965 0.04185812920331955
v -0.02822273038327694 0.06687604635953903 0.03456716984510422
v -0.028568319976329803 0.06668101996183395 0.035704970359802246
v -0.028766930103302002 0.06698822230100632 0.03557239845395088
v -0.024636030197143555 0.06746237725019455 0.04179459065198898
v -0.023736709728837013 0.06772904843091965 0.04185812920331955
v -0.024402430281043053 0.0679330825805664 0.041914161294698715
v -0.028442740440368652 0.06788802146911621 0.036260541528463364
v -0.02865177020430565 0.06773316115140915 0.035662468522787094
v -0.028737179934978485 0.06778258085250854 0.037136010825634
v -0.025189340114593506 0.06709200143814087 0.04136943072080612
v -0.023847749456763268 0.06729531288146973 0.041482798755168915
v -0.024636030197143555 0.06746237725019455 0.04179459065198898
v -0.025449810549616814 0.06726770848035812 0.04157882183790207
v -0.025189340114593506 0.06709200143814087 0.04136943072080612
v -0.024636030197143555 0.06746237725019455 0.04179459065198898
v -0.02837364934384823 0.06733906269073486 0.03453700989484787
v -0.02822273038327694 0.06687604635953903 0.03456716984510422
v -0.028766930103302002 0.06698822230100632 0.03557239845395088
v -0.02837364934384823 0.06733906269073486 0.03453700989484787
v -0.028766930103302002 0.06698822230100632 0.03557239845395088
v -0.028802869841456413 0.0672878623008728 0.0355149507522583
v -0.028147689998149872 0.06789916008710861 0.0362619087100029
v -0.028017280623316765 0.06792557239532471 0.035735420882701874
v -0.028442740440368652 0.06788802146911621 0.036260541528463364
v -0.028147689998149872 0.06789916008710861 0.0362619087100029
v -0.028442740440368652 0.06788802146911621 0.036260541528463364
v -0.028272679075598717 0.06789784878492355 0.036531321704387665
v -0.024892739951610565 0.06824100017547607 0.041706379503011703
v -0.024402430281043053 0.0679330825805664 0.041914161294698715
v -0.023772230371832848 0.06842236965894699 0.04173243045806885
v -0.025650259107351303 0.06761366128921509 0.04168831929564476
v -0.025449810549616814 0.06726770848035812 0.04157882183790207
v -0.024636030197143555 0.06746237725019455 0.04179459065198898
v -0.025650259107351303 0.06761366128921509 0.04168831929564476
v -0.024636030197143555 0.06746237725019455 0.04179459065198898
v -0.024402430281043053 0.0679330825805664 0.041914161294698715
v -0.027283310890197754 0.06686151027679443 0.03360842913389206
v -0.027753770351409912 0.06666194647550583 0.03455942124128342
v -0.02822273038327694 0.06687604635953903 0.03456716984510422
v -0.02829073928296566 0.06767755001783371 0.03462295979261398
v -0.028802869841456413 0.0672878623008728 0.0355149507522583
v -0.02865177020430565 0.06773316115140915 0.035662468522787094
v -0.02829073928296566 0.06767755001783371 0.03462295979261398
v -0.02837364934384823 0.06733906269073486 0.03453700989484787
v -0.028802869841456413 0.0672878623008728 0.0355149507522583
v -0.024892739951610565 0.06824100017547607 0.041706379503011703
v -0.023772230371832848 0.06842236965894699 0.04173243045806885
v -0.023842329159379005 0.06862533092498779 0.04140125960111618
v -0.026709670200943947 0.06683450192213058 0.04059606045484543
v -0.025534389540553093 0.06698691099882126 0.0409771203994751
v -0.025189340114593506 0.06709200143814087 0.04136943072080612
v -0.027826359495520592 0.06721525639295578 0.03378921002149582
v -0.027283310890197754 0.06686151027679443 0.03360842913389206
v -0.02822273038327694 0.06687604635953903 0.03456716984510422
v -0.027939079329371452 0.06791180372238159 0.03442053869366646
v -0.02829073928296566 0.06767755001783371 0.03462295979261398
v -0.02865177020430565 0.06773316115140915 0.035662468522787094
v -0.026086920872330666 0.06688915938138962 0.03326946124434471
v -0.027243489399552345 0.06671184301376343 0.0343322716653347
v -0.027753770351409912 0.06666194647550583 0.03455942124128342
v -0.026405449956655502 0.06706768274307251 0.0411100909113884
v -0.025189340114593506 0.06709200143814087 0.04136943072080612
v -0.025449810549616814 0.06726770848035812 0.04157882183790207
v -0.026405449956655502 0.06706768274307251 0.0411100909113884
v -0.026709670200943947 0.06683450192213058 0.04059606045484543
v -0.025189340114593506 0.06709200143814087 0.04136943072080612
v -0.025650259107351303 0.06761366128921509 0.04168831929564476
v -0.024402430281043053 0.0679330825805664 0.041914161294698715
v -0.024892739951610565 0.06824100017547607 0.041706379503011703
v -0.027826359495520592 0.06721525639295578 0.03378921002149582
v -0.02822273038327694 0.06687604635953903 0.03456716984510422
v -0.02837364934384823 0.06733906269073486 0.03453700989484787
v -0.026246419176459312 0.06790357083082199 0.041378140449523926
v -0.025650259107351303 0.06761366128921509 0.04168831929564476
v -0.024892739951610565 0.06824100017547607 0.041706379503011703
v -0.025352180004119873 0.06837861984968185 0.04098618030548096
v -0.023842329159379005 0.06862533092498779 0.04140125960111618
v -0.024510860443115234 0.06851326674222946 0.04110527038574219
v -0.027283310890197754 0.06686151027679443 0.03360842913389206
v -0.026086920872330666 0.06688915938138962 0.03326946124434471
v -0.027753770351409912 0.06666194647550583 0.03455942124128342
v -0.025352180004119873 0.06837861984968185 0.04098618030548096
v -0.024510860443115234 0.06851326674222946 0.04110527038574219
v -0.024794749915599823 0.06845629215240479 0.041030459105968475
v -0.026547670364379883 0.06742233037948608 0.04127597063779831
v -0.026405449956655502 0.06706768274307251 0.0411100909113884
v -0.025449810549616814 0.06726770848035812 0.04157882183790207
v -0.026547670364379883 0.06742233037948608 0.04127597063779831
v -0.025449810549616814 0.06726770848035812 0.04157882183790207
v -0.025650259107351303 0.06761366128921509 0.04168831929564476
v -0.027605829760432243 0.06802623718976974 0.03446561098098755
v -0.027939079329371452 0.06791180372238159 0.03442053869366646
v -0.02865177020430565 0.06773316115140915 0.035662468522787094
v -0.027605829760432243 0.06802623718976974 0.03446561098098755
v -0.02865177020430565 0.06773316115140915 0.035662468522787094
v -0.028442740440368652 0.06788802146911621 0.036260541528463364
v -0.026145629584789276 0.06812720745801926 0.04124099016189575
v -0.026246419176459312 0.06790357083082199 0.041378140449523926
v -0.024892739951610565 0.06824100017547607 0.041706379503011703
v -0.02766072005033493 0.06770879030227661 0.033678650856018066
v -0.027826359495520592 0.06721525639295578 0.03378921002149582
v -0.02837364934384823 0.06733906269073486 0.03453700989484787
v -0.027605829760432243 0.06802623718976974 0.03446561098098755
v -0.028442740440368652 0.06788802146911621 0.036260541528463364
v -0.028017280623316765 0.06792557239532471 0.035735420882701874
v -0.026709670200943947 0.06683450192213058 0.04059606045484543
v -0.026879189535975456 0.06678581237792969 0.039858460426330566
v -0.025534389540553093 0.06698691099882126 0.0409771203994751
v -0.025352180004119873 0.06837861984968185 0.04098618030548096
v -0.024794749915599823 0.06845629215240479 0.041030459105968475
v -0.024995019659399986 0.06840533018112183 0.040931519120931625
v -0.02615796960890293 0.0682632327079773 0.040871668606996536
v -0.024892739951610565 0.06824100017547607 0.041706379503011703
v -0.023842329159379005 0.06862533092498779 0.04140125960111618
v -0.02615796960890293 0.0682632327079773 0.040871668606996536
v -0.026145629584789276 0.06812720745801926 0.04124099016189575
v -0.024892739951610565 0.06824100017547607 0.041706379503011703
v -0.025352180004119873 0.06837861984968185 0.04098618030548096
v -0.024995019659399986 0.06840533018112183 0.040931519120931625
v -0.025517940521240234 0.06832300871610641 0.04079823940992355
v -0.02766072005033493 0.06770879030227661 0.033678650856018066
v -0.02837364934384823 0.06733906269073486 0.03453700989484787
v -0.02829073928296566 0.06767755001783371 0.03462295979261398
v -0.027716809883713722 0.06796342134475708 0.03504329174757004
v -0.027605829760432243 0.06802623718976974 0.03446561098098755
v -0.028017280623316765 0.06792557239532471 0.035735420882701874
v -0.027212850749492645 0.06731461733579636 0.033183928579092026
v -0.027283310890197754 0.06686151027679443 0.03360842913389206
v -0.027826359495520592 0.06721525639295578 0.03378921002149582
v -0.026246419176459312 0.06790357083082199 0.041378140449523926
v -0.026547670364379883 0.06742233037948608 0.04127597063779831
v -0.025650259107351303 0.06761366128921509 0.04168831929564476
v -0.027386000379920006 0.06688964366912842 0.04035085067152977
v -0.026709670200943947 0.06683450192213058 0.04059606045484543
v -0.026405449956655502 0.06706768274307251 0.0411100909113884
v -0.025352180004119873 0.06837861984968185 0.04098618030548096
v -0.02615796960890293 0.0682632327079773 0.040871668606996536
v -0.023842329159379005 0.06862533092498779 0.04140125960111618
v -0.027939079329371452 0.06791180372238159 0.03442053869366646
v -0.02766072005033493 0.06770879030227661 0.033678650856018066
v -0.02829073928296566 0.06767755001783371 0.03462295979261398
v -0.02745521068572998 0.0672755166888237 0.040613409131765366
v -0.026405449956655502 0.06706768274307251 0.0411100909113884
v -0.026547670364379883 0.06742233037948608 0.04127597063779831
v -0.02745521068572998 0.0672755166888237 0.040613409131765366
v -0.027386000379920006 0.06688964366912842 0.04035085067152977
v -0.026405449956655502 0.06706768274307251 0.0411100909113884
v -0.026210300624370575 0.0670236274600029 0.03286397084593773
v -0.026086920872330666 0.06688915938138962 0.03326946124434471
v -0.027283310890197754 0.06686151027679443 0.03360842913389206
v -0.027605829760432243 0.06802623718976974 0.03446561098098755
v -0.027716809883713722 0.06796342134475708 0.03504329174757004
v -0.02739793062210083 0.06801611185073853 0.03456180915236473
v -0.02766072005033493 0.06770879030227661 0.033678650856018066
v -0.027212850749492645 0.06731461733579636 0.033183928579092026
v -0.027826359495520592 0.06721525639295578 0.03378921002149582
v -0.026709670200943947 0.06683450192213058 0.04059606045484543
v -0.027368899434804916 0.06669294089078903 0.0394548699259758
v -0.026879189535975456 0.06678581237792969 0.039858460426330566
v -0.026210300624370575 0.0670236274600029 0.03286397084593773
v -0.025170020759105682 0.06708364933729172 0.03267436847090721
v -0.026086920872330666 0.06688915938138962 0.03326946124434471
v -0.026266809552907944 0.06726747006177902 0.03265755996108055
v -0.027283310890197754 0.06686151027679443 0.03360842913389206
v -0.027212850749492645 0.06731461733579636 0.033183928579092026
v -0.026266809552907944 0.06726747006177902 0.03265755996108055
v -0.026210300624370575 0.0670236274600029 0.03286397084593773
v -0.027283310890197754 0.06686151027679443 0.03360842913389206
v -0.027454910799860954 0.0676909014582634 0.04055231064558029
v -0.02745521068572998 0.0672755166888237 0.040613409131765366
v -0.026547670364379883 0.06742233037948608 0.04127597063779831
v -0.027454910799860954 0.0676909014582634 0.04055231064558029
v -0.026547670364379883 0.06742233037948608 0.04127597063779831
v -0.026246419176459312 0.06790357083082199 0.041378140449523926
v -0.027386000379920006 0.06688964366912842 0.04035085067152977
v -0.02790123037993908 0.06663697212934494 0.039226289838552475
v -0.026709670200943947 0.06683450192213058 0.04059606045484543
v -0.02790123037993908 0.06663697212934494 0.039226289838552475
v -0.027368899434804916 0.06669294089078903 0.0394548699259758
v -0.026709670200943947 0.06683450192213058 0.04059606045484543
v -0.02664691023528576 0.06802152842283249 0.03297454118728638
v -0.02766072005033493 0.06770879030227661 0.033678650856018066
v -0.027939079329371452 0.06791180372238159 0.03442053869366646
v -0.026502899825572968 0.06777822226285934 0.032712750136852264
v -0.027212850749492645 0.06731461733579636 0.033183928579092026
v -0.02766072005033493 0.06770879030227661 0.033678650856018066
v -0.02704763039946556 0.06807464361190796 0.03415399044752121
v -0.027605829760432243 0.06802623718976974 0.03446561098098755
v -0.02739793062210083 0.06801611185073853 0.03456180915236473
v -0.02619910053908825 0.06821279972791672 0.04049323871731758
v -0.02615796960890293 0.0682632327079773 0.040871668606996536
v -0.025352180004119873 0.06837861984968185 0.04098618030548096
v -0.02619910053908825 0.06821279972791672 0.04049323871731758
v -0.025352180004119873 0.06837861984968185 0.04098618030548096
v -0.025517940521240234 0.06832300871610641 0.04079823940992355
v -0.02632308006286621 0.06753188371658325 0.03259497135877609
v -0.026266809552907944 0.06726747006177902 0.03265755996108055
v -0.027212850749492645 0.06731461733579636 0.033183928579092026
v -0.02670340985059738 0.06817013025283813 0.03344285115599632
v -0.02664691023528576 0.06802152842283249 0.03297454118728638
v -0.027939079329371452 0.06791180372238159 0.03442053869366646
v -0.027354950085282326 0.06793104857206345 0.040416471660137177
v -0.026246419176459312 0.06790357083082199 0.041378140449523926
v -0.026145629584789276 0.06812720745801926 0.04124099016189575
v -0.027354950085282326 0.06793104857206345 0.040416471660137177
v -0.027454910799860954 0.0676909014582634 0.04055231064558029
v -0.026246419176459312 0.06790357083082199 0.041378140449523926
v -0.025170020759105682 0.06708364933729172 0.03267436847090721
v -0.023954030126333237 0.06725537031888962 0.032582808285951614
v -0.026086920872330666 0.06688915938138962 0.03326946124434471
v -0.02670340985059738 0.06817013025283813 0.03344285115599632
v -0.027939079329371452 0.06791180372238159 0.03442053869366646
v -0.027605829760432243 0.06802623718976974 0.03446561098098755
v -0.02664691023528576 0.06802152842283249 0.03297454118728638
v -0.026502899825572968 0.06777822226285934 0.032712750136852264
v -0.02766072005033493 0.06770879030227661 0.033678650856018066
v -0.026502899825572968 0.06777822226285934 0.032712750136852264
v -0.02632308006286621 0.06753188371658325 0.03259497135877609
v -0.027212850749492645 0.06731461733579636 0.033183928579092026
v -0.026492049917578697 0.06816995143890381 0.033690981566905975
v -0.02670340985059738 0.06817013025283813 0.03344285115599632
v -0.027605829760432243 0.06802623718976974 0.03446561098098755
v -0.02790123037993908 0.06663697212934494 0.039226289838552475
v -0.02802819013595581 0.06658214330673218 0.0381850004196167
v -0.027368899434804916 0.06669294089078903 0.0394548699259758
v -0.026492049917578697 0.06816995143890381 0.033690981566905975
v -0.027605829760432243 0.06802623718976974 0.03446561098098755
v -0.02704763039946556 0.06807464361190796 0.03415399044752121
v -0.027319839224219322 0.0680607482790947 0.040097471326589584
v -0.026145629584789276 0.06812720745801926 0.04124099016189575
v -0.02615796960890293 0.0682632327079773 0.040871668606996536
v -0.027319839224219322 0.0680607482790947 0.040097471326589584
v -0.027354950085282326 0.06793104857206345 0.040416471660137177
v -0.026145629584789276 0.06812720745801926 0.04124099016189575
v -0.02813928946852684 0.06696294993162155 0.0396457314491272
v -0.027386000379920006 0.06688964366912842 0.04035085067152977
v -0.02745521068572998 0.0672755166888237 0.040613409131765366
v -0.025186769664287567 0.06726515293121338 0.032398808747529984
v -0.025170020759105682 0.06708364933729172 0.03267436847090721
v -0.026210300624370575 0.0670236274600029 0.03286397084593773
v -0.028409359976649284 0.06670314073562622 0.0387609601020813
v -0.02790123037993908 0.06663697212934494 0.039226289838552475
v -0.027386000379920006 0.06688964366912842 0.04035085067152977
v -0.025186769664287567 0.06726515293121338 0.032398808747529984
v -0.026210300624370575 0.0670236274600029 0.03286397084593773
v -0.026266809552907944 0.06726747006177902 0.03265755996108055
v -0.028246810659766197 0.06743507832288742 0.03967690095305443
v -0.02813928946852684 0.06696294993162155 0.0396457314491272
v -0.02745521068572998 0.0672755166888237 0.040613409131765366
v -0.02813928946852684 0.06696294993162155 0.0396457314491272
v -0.028409359976649284 0.06670314073562622 0.0387609601020813
v -0.027386000379920006 0.06688964366912842 0.04035085067152977
v -0.025296559557318687 0.06762497872114182 0.032220300287008286
v -0.025186769664287567 0.06726515293121338 0.032398808747529984
v -0.026266809552907944 0.06726747006177902 0.03265755996108055
v -0.02681064046919346 0.06811171025037766 0.040065400302410126
v -0.02615796960890293 0.0682632327079773 0.040871668606996536
v -0.02619910053908825 0.06821279972791672 0.04049323871731758
v -0.025296559557318687 0.06762497872114182 0.032220300287008286
v -0.026266809552907944 0.06726747006177902 0.03265755996108055
v -0.02632308006286621 0.06753188371658325 0.03259497135877609
v -0.028246810659766197 0.06743507832288742 0.03967690095305443
v -0.02745521068572998 0.0672755166888237 0.040613409131765366
v -0.027454910799860954 0.0676909014582634 0.04055231064558029
v -0.025296559557318687 0.06762497872114182 0.032220300287008286
v -0.02632308006286621 0.06753188371658325 0.03259497135877609
v -0.026502899825572968 0.06777822226285934 0.032712750136852264
v -0.028262309730052948 0.06784296035766602 0.03914517164230347
v -0.028246810659766197 0.06743507832288742 0.03967690095305443
v -0.027454910799860954 0.0676909014582634 0.04055231064558029
v -0.028262309730052948 0.06784296035766602 0.03914517164230347
v -0.027454910799860954 0.0676909014582634 0.04055231064558029
v -0.027354950085282326 0.06793104857206345 0.040416471660137177
v -0.025031259283423424 0.06843309849500656 0.03266923874616623
v -0.02664691023528576 0.06802152842283249 0.03297454118728638
v -0.02670340985059738 0.06817013025283813 0.03344285115599632
v -0.02615796960890293 0.0682632327079773 0.040871668606996536
v -0.02681064046919346 0.06811171025037766 0.040065400302410126
v -0.027317700907588005 0.06803780049085617 0.039544928818941116
v -0.025362839922308922 0.06816183775663376 0.03238153085112572
v -0.025296559557318687 0.06762497872114182 0.032220300287008286
v -0.026502899825572968 0.06777822226285934 0.032712750136852264
v -0.028682520613074303 0.06700164079666138 0.03868192061781883
v -0.028409359976649284 0.06670314073562622 0.0387609601020813
v -0.02813928946852684 0.06696294993162155 0.0396457314491272
v -0.023992709815502167 0.06745731085538864 0.032257191836833954
v -0.025170020759105682 0.06708364933729172 0.03267436847090721
v -0.025186769664287567 0.06726515293121338 0.032398808747529984
v -0.023992709815502167 0.06745731085538864 0.032257191836833954
v -0.023954030126333237 0.06725537031888962 0.032582808285951614
v -0.025170020759105682 0.06708364933729172 0.03267436847090721
v -0.027317700907588005 0.06803780049085617 0.039544928818941116
v -0.027319839224219322 0.0680607482790947 0.040097471326589584
v -0.02615796960890293 0.0682632327079773 0.040871668606996536
v -0.028262309730052948 0.06784296035766602 0.03914517164230347
v -0.027354950085282326 0.06793104857206345 0.040416471660137177
v -0.027319839224219322 0.0680607482790947 0.040097471326589584
v -0.028682520613074303 0.06700164079666138 0.03868192061781883
v -0.02813928946852684 0.06696294993162155 0.0396457314491272
v -0.028246810659766197 0.06743507832288742 0.03967690095305443
v -0.025362839922308922 0.06816183775663376 0.03238153085112572
v -0.026502899825572968 0.06777822226285934 0.032712750136852264
v -0.02664691023528576 0.06802152842283249 0.03297454118728638
v -0.02875511907041073 0.06729531288146973 0.038628630340099335
v -0.028682520613074303 0.06700164079666138 0.03868192061781883
v -0.028246810659766197 0.06743507832288742 0.03967690095305443
v -0.02850073017179966 0.06654822081327438 0.03709863871335983
v -0.02802819013595581 0.06658214330673218 0.0381850004196167
v -0.02790123037993908 0.06663697212934494 0.039226289838552475
v -0.024087900295853615 0.06772761791944504 0.032098591327667236
v -0.023992709815502167 0.06745731085538864 0.032257191836833954
v -0.025186769664287567 0.06726515293121338 0.032398808747529984
v -0.024087900295853615 0.06772761791944504 0.032098591327667236
v -0.025186769664287567 0.06726515293121338 0.032398808747529984
v -0.025296559557318687 0.06762497872114182 0.032220300287008286
v -0.02670340985059738 0.06817013025283813 0.03344285115599632
v -0.026492049917578697 0.06816995143890381 0.033690981566905975
v -0.025846119970083237 0.06826739758253098 0.033329010009765625
v -0.02850073017179966 0.06654822081327438 0.03709863871335983
v -0.02790123037993908 0.06663697212934494 0.039226289838552475
v -0.028409359976649284 0.06670314073562622 0.0387609601020813
v -0.028794050216674805 0.06759840250015259 0.03820209950208664
v -0.02875511907041073 0.06729531288146973 0.038628630340099335
v -0.028246810659766197 0.06743507832288742 0.03967690095305443
v -0.025031259283423424 0.06843309849500656 0.03266923874616623
v -0.025362839922308922 0.06816183775663376 0.03238153085112572
v -0.02664691023528576 0.06802152842283249 0.03297454118728638
v -0.028829090297222137 0.06677781790494919 0.03764139860868454
v -0.02850073017179966 0.06654822081327438 0.03709863871335983
v -0.028409359976649284 0.06670314073562622 0.0387609601020813
v -0.028794050216674805 0.06759840250015259 0.03820209950208664
v -0.028246810659766197 0.06743507832288742 0.03967690095305443
v -0.028262309730052948 0.06784296035766602 0.03914517164230347
v -0.02441667951643467 0.06803709268569946 0.03212004154920578
v -0.024087900295853615 0.06772761791944504 0.032098591327667236
v -0.025296559557318687 0.06762497872114182 0.032220300287008286
v -0.028177790343761444 0.06793606281280518 0.038483019918203354
v -0.027319839224219322 0.0680607482790947 0.040097471326589584
v -0.027317700907588005 0.06803780049085617 0.039544928818941116
v -0.02441667951643467 0.06803709268569946 0.03212004154920578
v -0.025296559557318687 0.06762497872114182 0.032220300287008286
v -0.025362839922308922 0.06816183775663376 0.03238153085112572
v -0.028829090297222137 0.06677781790494919 0.03764139860868454
v -0.028409359976649284 0.06670314073562622 0.0387609601020813
v -0.028682520613074303 0.06700164079666138 0.03868192061781883
v -0.02773326076567173 0.06796102970838547 0.03892600163817406
v -0.028177790343761444 0.06793606281280518 0.038483019918203354
v -0.027317700907588005 0.06803780049085617 0.039544928818941116
v -0.02500866912305355 0.06840258091688156 0.03306405991315842
v -0.02670340985059738 0.06817013025283813 0.03344285115599632
v -0.025846119970083237 0.06826739758253098 0.033329010009765625
v -0.024072939530014992 0.06841099262237549 0.032280560582876205
v -0.02441667951643467 0.06803709268569946 0.03212004154920578
v -0.025362839922308922 0.06816183775663376 0.03238153085112572
v -0.02850073017179966 0.06654822081327438 0.03709863871335983
v -0.028224939480423927 0.06655383110046387 0.036719080060720444
v -0.02802819013595581 0.06658214330673218 0.0381850004196167
v -0.028177790343761444 0.06793606281280518 0.038483019918203354
v -0.028262309730052948 0.06784296035766602 0.03914517164230347
v -0.027319839224219322 0.0680607482790947 0.040097471326589584
v -0.028982629999518394 0.067240409553051 0.03766392916440964
v -0.028682520613074303 0.06700164079666138 0.03868192061781883
v -0.02875511907041073 0.06729531288146973 0.038628630340099335
v -0.028982629999518394 0.067240409553051 0.03766392916440964
v -0.028829090297222137 0.06677781790494919 0.03764139860868454
v -0.028682520613074303 0.06700164079666138 0.03868192061781883
v -0.02451108954846859 0.06851165741682053 0.032891858369112015
v -0.025031259283423424 0.06843309849500656 0.03266923874616623
v -0.02670340985059738 0.06817013025283813 0.03344285115599632
v -0.024790100753307343 0.06845659017562866 0.03296995162963867
v -0.02670340985059738 0.06817013025283813 0.03344285115599632
v -0.02500866912305355 0.06840258091688156 0.03306405991315842
v -0.024790100753307343 0.06845659017562866 0.03296995162963867
v -0.02451108954846859 0.06851165741682053 0.032891858369112015
v -0.02670340985059738 0.06817013025283813 0.03344285115599632
v -0.025031259283423424 0.06843309849500656 0.03266923874616623
v -0.024072939530014992 0.06841099262237549 0.032280560582876205
v -0.025362839922308922 0.06816183775663376 0.03238153085112572
v -0.028177790343761444 0.06793606281280518 0.038483019918203354
v -0.02773326076567173 0.06796102970838547 0.03892600163817406
v -0.028019720688462257 0.06791538000106812 0.03825901821255684
v -0.028756549581885338 0.06668709963560104 0.03669457882642746
v -0.02850073017179966 0.06654822081327438 0.03709863871335983
v -0.028829090297222137 0.06677781790494919 0.03764139860868454
v -0.028008989989757538 0.06658846139907837 0.03641790151596069
v -0.028012150898575783 0.0666077733039856 0.036388810724020004
v -0.027711620554327965 0.06665486097335815 0.03539896011352539
v -0.026000909507274628 0.066913902759552 0.033492561429739
v -0.027162959799170494 0.0667455717921257 0.034491948783397675
v -0.026286540552973747 0.06689631193876266 0.03364747017621994
v -0.026000909507274628 0.066913902759552 0.033492561429739
v -0.026286540552973747 0.06689631193876266 0.03364747017621994
v -0.02480809949338436 0.06713175028562546 0.03305286169052124
v -0.023790590465068817 0.06727862358093262 0.04111164063215256
v -0.022068319842219353 0.06757336109876633 0.04048717021942139
v -0.0228115301579237 0.06746262311935425 0.04080687835812569
v -0.028224939480423927 0.06655383110046387 0.036719080060720444
v -0.028133859857916832 0.06656848639249802 0.036986880004405975
v -0.028008989989757538 0.06658846139907837 0.03641790151596069
v -0.021317949518561363 0.06770241260528564 0.03407752141356468
v -0.020595720037817955 0.06778936833143234 0.03503160923719406
v -0.021004609763622284 0.06772243231534958 0.03254466876387596
v -0.021317949518561363 0.06770241260528564 0.03407752141356468
v -0.021004609763622284 0.06772243231534958 0.03254466876387596
v -0.02273494005203247 0.06745094060897827 0.0331842303276062
v -0.027112239971756935 0.06673306226730347 0.0414544902741909
v -0.025481339544057846 0.0670122504234314 0.04076850041747093
v -0.026879189535975456 0.06678581237792969 0.039858460426330566
v -0.027112239971756935 0.06673306226730347 0.0414544902741909
v -0.026879189535975456 0.06678581237792969 0.039858460426330566
v -0.02768825925886631 0.06665688008069992 0.03868401050567627
v -0.018731409683823586 0.06809133291244507 0.03745931014418602
v -0.02001219056546688 0.0678907036781311 0.036667101085186005
v -0.02000712975859642 0.06788688153028488 0.03732872009277344
v -0.020240360870957375 0.0678468868136406 0.040786441415548325
v -0.020275289192795753 0.06785374134778976 0.03823155164718628
v -0.021155409514904022 0.06770884245634079 0.0398707315325737
v -0.021523110568523407 0.06766831129789352 0.04008417949080467
v -0.021503379568457603 0.06764233112335205 0.04176652058959007
v -0.021155409514904022 0.06770884245634079 0.0398707315325737
v -0.022068319842219353 0.06757336109876633 0.04048717021942139
v -0.021503379568457603 0.06764233112335205 0.04176652058959007
v -0.021523110568523407 0.06766831129789352 0.04008417949080467
v -0.027711620554327965 0.06665486097335815 0.03539896011352539
v -0.027162959799170494 0.0667455717921257 0.034491948783397675
v -0.02788596972823143 0.06660860031843185 0.03318721055984497
v -0.01835476979613304 0.06612621992826462 0.037159621715545654
v -0.018270960077643394 0.06613980978727341 0.036929190158843994
v -0.018748989328742027 0.06606239080429077 0.03489791974425316
v -0.023973459377884865 0.06521618366241455 0.03154176101088524
v -0.0214917603880167 0.06561814993619919 0.03200571984052658
v -0.022427789866924286 0.06546658277511597 0.03163760155439377
v -0.01867848075926304 0.06607382744550705 0.03893578052520752
v -0.018270960077643394 0.06613980978727341 0.036929190158843994
v -0.01835476979613304 0.06612621992826462 0.037159621715545654
v -0.019815439358353615 0.06588964909315109 0.04071240872144699
v -0.019601700827479362 0.0659242793917656 0.040599461644887924
v -0.01867848075926304 0.06607382744550705 0.03893578052520752
v -0.02816127985715866 0.06453794240951538 0.03376888856291771
v -0.02763468027114868 0.06462322920560837 0.033296700567007065
v -0.02702111005783081 0.06472259014844894 0.03265351057052612
v -0.020527780055999756 0.06577432155609131 0.04140150174498558
v -0.019601700827479362 0.0659242793917656 0.040599461644887924
v -0.019815439358353615 0.06588964909315109 0.04071240872144699
v -0.02854764088988304 0.06447535008192062 0.03461664170026779
v -0.02763468027114868 0.06462322920560837 0.033296700567007065
v -0.02816127985715866 0.06453794240951538 0.03376888856291771
v -0.029046710580587387 0.06439453363418579 0.03567283973097801
v -0.02854764088988304 0.06447535008192062 0.03461664170026779
v -0.02816127985715866 0.06453794240951538 0.03376888856291771
v -0.021859819069504738 0.0655585527420044 0.04218602180480957
v -0.020527780055999756 0.06577432155609131 0.04140150174498558
v -0.022326819598674774 0.06548290699720383 0.04223179072141647
v -0.029045039787888527 0.06439477205276489 0.03631144016981125
v -0.02854764088988304 0.06447535008192062 0.03461664170026779
v -0.029046710580587387 0.06439453363418579 0.03567283973097801
v -0.023054419085383415 0.06536506861448288 0.04242866858839989
v -0.021859819069504738 0.0655585527420044 0.04218602180480957
v -0.022326819598674774 0.06548290699720383 0.04223179072141647
v -0.02911847084760666 0.06438291072845459 0.03744934871792793
v -0.029045039787888527 0.06439477205276489 0.03631144016981125
v -0.029046710580587387 0.06439453363418579 0.03567283973097801
v -0.02482181042432785 0.06507878750562668 0.04242901876568794
v -0.023054419085383415 0.06536506861448288 0.04242866858839989
v -0.02480822056531906 0.06508100032806396 0.04230272024869919
v -0.02482181042432785 0.06507878750562668 0.04242901876568794
v -0.02480822056531906 0.06508100032806396 0.04230272024869919
v -0.026541410014033318 0.06480032205581665 0.04168003052473068
v -0.02003972977399826 0.07649015635251999 0.03590095043182373
v -0.018270960077643394 0.06613980978727341 0.036929190158843994
v -0.020100530236959457 0.07648032158613205 0.038228750228881836
v -0.018270960077643394 0.06613980978727341 0.036929190158843994
v -0.01867848075926304 0.06607382744550705 0.03893578052520752
v -0.020100530236959457 0.07648032158613205 0.038228750228881836
v -0.026637069880962372 0.07542163133621216 0.042399220168590546
v -0.026541410014033318 0.06480032205581665 0.04168003052473068
v -0.02872418984770775 0.07508361339569092 0.04141085967421532
v -0.02482181042432785 0.06507878750562668 0.04242901876568794
v -0.026541410014033318 0.06480032205581665 0.04168003052473068
v -0.026637069880962372 0.07542163133621216 0.042399220168590546
v -0.020100530236959457 0.07648032158613205 0.038228750228881836
v -0.01867848075926304 0.06607382744550705 0.03893578052520752
v -0.020808270201086998 0.07636570185422897 0.03995281085371971
v -0.026541410014033318 0.06480032205581665 0.04168003052473068
v -0.027565060183405876 0.06463450193405151 0.04086798056960106
v -0.02872418984770775 0.07508361339569092 0.04141085967421532
v -0.01867848075926304 0.06607382744550705 0.03893578052520752
v -0.019601700827479362 0.0659242793917656 0.040599461644887924
v -0.020808270201086998 0.07636570185422897 0.03995281085371971
v -0.02872418984770775 0.07508361339569092 0.04141085967421532
v -0.028195500373840332 0.06453239172697067 0.04009503126144409
v -0.03022407926619053 0.07484065741300583 0.03963935002684593
v -0.027565060183405876 0.06463450193405151 0.04086798056960106
v -0.028195500373840332 0.06453239172697067 0.04009503126144409
v -0.02872418984770775 0.07508361339569092 0.04141085967421532
v -0.020808270201086998 0.07636570185422897 0.03995281085371971
v -0.019601700827479362 0.0659242793917656 0.040599461644887924
v -0.022405439987778664 0.07610701769590378 0.041644688695669174
v -0.019601700827479362 0.0659242793917656 0.040599461644887924
v -0.020527780055999756 0.06577432155609131 0.04140150174498558
v -0.022405439987778664 0.07610701769590378 0.041644688695669174
v -0.028195500373840332 0.06453239172697067 0.04009503126144409
v -0.028782300651073456 0.06443732231855392 0.038934580981731415
v -0.03022407926619053 0.07484065741300583 0.03963935002684593
v -0.020527780055999756 0.06577432155609131 0.04140150174498558
v -0.021859819069504738 0.0655585527420044 0.04218602180480957
v -0.022405439987778664 0.07610701769590378 0.041644688695669174
v -0.03022407926619053 0.07484065741300583 0.03963935002684593
v -0.028782300651073456 0.06443732231855392 0.038934580981731415
v -0.030833840370178223 0.074741892516613 0.037635620683431625
v -0.028782300651073456 0.06443732231855392 0.038934580981731415
v -0.02911847084760666 0.06438291072845459 0.03744934871792793
v -0.030833840370178223 0.074741892516613 0.037635620683431625
v -0.022405439987778664 0.07610701769590378 0.041644688695669174
v -0.021859819069504738 0.0655585527420044 0.04218602180480957
v -0.024560270830988884 0.07575798034667969 0.04245555028319359
v -0.021859819069504738 0.0655585527420044 0.04218602180480957
v -0.023054419085383415 0.06536506861448288 0.04242866858839989
v -0.024560270830988884 0.07575798034667969 0.04245555028319359
v -0.024560270830988884 0.07575798034667969 0.04245555028319359
v -0.02482181042432785 0.06507878750562668 0.04242901876568794
v -0.026637069880962372 0.07542163133621216 0.042399220168590546
v -0.023054419085383415 0.06536506861448288 0.04242866858839989
v -0.02482181042432785 0.06507878750562668 0.04242901876568794
v -0.024560270830988884 0.07575798034667969 0.04245555028319359
v -0.0221098605543375 0.07615488022565842 0.03258901089429855
v -0.020760349929332733 0.07635021209716797 0.0326305590569973
v -0.021238259971141815 0.07626724243164062 0.03214281052350998
v -0.02087627910077572 0.07635468244552612 0.03396176919341087
v -0.020245429128408432 0.07643014192581177 0.03325653076171875
v -0.020760349929332733 0.07635021209716797 0.0326305590569973
v -0.02087627910077572 0.07635468244552612 0.03396176919341087
v -0.020760349929332733 0.07635021209716797 0.0326305590569973
v -0.0221098605543375 0.07615488022565842 0.03258901089429855
v -0.0221098605543375 0.07615488022565842 0.03258901089429855
v -0.021238259971141815 0.07626724243164062 0.03214281052350998
v -0.022006800398230553 0.07613921165466309 0.03155827149748802
v -0.0221098605543375 0.07615488022565842 0.03258901089429855
v -0.022006800398230553 0.07613921165466309 0.03155827149748802
v -0.022816119715571404 0.07601237297058105 0.031123630702495575
v -0.02087627910077572 0.07635468244552612 0.03396176919341087
v -0.019690390676259995 0.07651817053556442 0.034182071685791016
v -0.020245429128408432 0.07643014192581177 0.03325653076171875
v -0.02003972977399826 0.07649015635251999 0.03590095043182373
v -0.019690390676259995 0.07651817053556442 0.034182071685791016
v -0.02087627910077572 0.07635468244552612 0.03396176919341087
v -0.02441870979964733 0.07578092068433762 0.03153568133711815
v -0.022816119715571404 0.07601237297058105 0.031123630702495575
v -0.023525049909949303 0.07590203732252121 0.030863400548696518
v -0.02441870979964733 0.07578092068433762 0.03153568133711815
v -0.0221098605543375 0.07615488022565842 0.03258901089429855
v -0.022816119715571404 0.07601237297058105 0.031123630702495575
v -0.02003972977399826 0.07649015635251999 0.03590095043182373
v -0.019139820709824562 0.07661402225494385 0.03595852106809616
v -0.019690390676259995 0.07651817053556442 0.034182071685791016
v -0.02441870979964733 0.07578092068433762 0.03153568133711815
v -0.023525049909949303 0.07590203732252121 0.030863400548696518
v -0.02423650026321411 0.07577692717313766 0.030667120590806007
v -0.02441870979964733 0.07578092068433762 0.03153568133711815
v -0.02423650026321411 0.07577692717313766 0.030667120590806007
v -0.024940550327301025 0.07566981762647629 0.030586300417780876
v -0.02441870979964733 0.07578092068433762 0.03153568133711815
v -0.024940550327301025 0.07566981762647629 0.030586300417780876
v -0.025430729612708092 0.07558315247297287 0.03055793046951294
v -0.02003972977399826 0.07649015635251999 0.03590095043182373
v -0.01912963017821312 0.07661037892103195 0.03795427083969116
v -0.019139820709824562 0.07661402225494385 0.03595852106809616
v -0.02441870979964733 0.07578092068433762 0.03153568133711815
v -0.025430729612708092 0.07558315247297287 0.03055793046951294
v -0.025838790461421013 0.07552181929349899 0.030574670061469078
v -0.020100530236959457 0.07648032158613205 0.038228750228881836
v -0.01912963017821312 0.07661037892103195 0.03795427083969116
v -0.02003972977399826 0.07649015635251999 0.03590095043182373
v -0.026727430522441864 0.07540696114301682 0.03163760155439377
v -0.02441870979964733 0.07578092068433762 0.03153568133711815
v -0.025838790461421013 0.07552181929349899 0.030574670061469078
v -0.026727430522441864 0.07540696114301682 0.03163760155439377
v -0.025838790461421013 0.07552181929349899 0.030574670061469078
v -0.02655833028256893 0.07540445774793625 0.03066021017730236
v -0.020100530236959457 0.07648032158613205 0.038228750228881836
v -0.019275899976491928 0.07658445090055466 0.038691990077495575
v -0.01912963017821312 0.07661037892103195 0.03795427083969116
v -0.027676520869135857 0.07522337883710861 0.03097688965499401
v -0.026727430522441864 0.07540696114301682 0.03163760155439377
v -0.02655833028256893 0.07540445774793625 0.03066021017730236
v -0.020808270201086998 0.07636570185422897 0.03995281085371971
v -0.01961648091673851 0.07653152197599411 0.03965001925826073
v -0.019275899976491928 0.07658445090055466 0.038691990077495575
v -0.020808270201086998 0.07636570185422897 0.03995281085371971
v -0.019275899976491928 0.07658445090055466 0.038691990077495575
v -0.020100530236959457 0.07648032158613205 0.038228750228881836
v -0.028415970504283905 0.07513350248336792 0.03238623961806297
v -0.026727430522441864 0.07540696114301682 0.03163760155439377
v -0.027676520869135857 0.07522337883710861 0.03097688965499401
v -0.02841448038816452 0.07509677857160568 0.03131181001663208
v -0.028415970504283905 0.07513350248336792 0.03238623961806297
v -0.027676520869135857 0.07522337883710861 0.03097688965499401
v -0.020808270201086998 0.07636570185422897 0.03995281085371971
v -0.020029539242386818 0.07646249979734421 0.04043595865368843
v -0.01961648091673851 0.07653152197599411 0.03965001925826073
v -0.029125690460205078 0.07498811930418015 0.03176724165678024
v -0.028415970504283905 0.07513350248336792 0.03238623961806297
v -0.02841448038816452 0.07509677857160568 0.03131181001663208
v -0.020596500486135483 0.07636386156082153 0.04121780022978783
v -0.020029539242386818 0.07646249979734421 0.04043595865368843
v -0.020808270201086998 0.07636570185422897 0.03995281085371971
v -0.02976291999220848 0.07488881796598434 0.03231269121170044
v -0.028415970504283905 0.07513350248336792 0.03238623961806297
v -0.029125690460205078 0.07498811930418015 0.03176724165678024
v -0.022405439987778664 0.07610701769590378 0.041644688695669174
v -0.020596500486135483 0.07636386156082153 0.04121780022978783
v -0.020808270201086998 0.07636570185422897 0.03995281085371971
v -0.022405439987778664 0.07610701769590378 0.041644688695669174
v -0.021062789484858513 0.07629793137311935 0.0416872501373291
v -0.020596500486135483 0.07636386156082153 0.04121780022978783
v -0.029761970043182373 0.07491552084684372 0.03366189822554588
v -0.028415970504283905 0.07513350248336792 0.03238623961806297
v -0.02976291999220848 0.07488881796598434 0.03231269121170044
v -0.030226169154047966 0.07480417937040329 0.03278212994337082
v -0.029761970043182373 0.07491552084684372 0.03366189822554588
v -0.02976291999220848 0.07488881796598434 0.03231269121170044
v -0.02169876918196678 0.0761910006403923 0.04223262891173363
v -0.021062789484858513 0.07629793137311935 0.0416872501373291
v -0.022405439987778664 0.07610701769590378 0.041644688695669174
v -0.030795149505138397 0.07471883296966553 0.033563848584890366
v -0.029761970043182373 0.07491552084684372 0.03366189822554588
v -0.030226169154047966 0.07480417937040329 0.03278212994337082
v -0.022407880052924156 0.07606959342956543 0.042688190937042236
v -0.02169876918196678 0.0761910006403923 0.04223262891173363
v -0.022405439987778664 0.07610701769590378 0.041644688695669174
v -0.031208930537104607 0.0746539831161499 0.03434979170560837
v -0.029761970043182373 0.07491552084684372 0.03366189822554588
v -0.030795149505138397 0.07471883296966553 0.033563848584890366
v -0.031208930537104607 0.0746539831161499 0.03434979170560837
v -0.030690310522913933 0.07476513832807541 0.035535991191864014
v -0.029761970043182373 0.07491552084684372 0.03366189822554588
v -0.023148000240325928 0.07595682144165039 0.043022990226745605
v -0.022407880052924156 0.07606959342956543 0.042688190937042236
v -0.022405439987778664 0.07610701769590378 0.041644688695669174
v -0.024560270830988884 0.07575798034667969 0.04245555028319359
v -0.023148000240325928 0.07595682144165039 0.043022990226745605
v -0.022405439987778664 0.07610701769590378 0.041644688695669174
v -0.031548790633678436 0.07459670305252075 0.035307880491018295
v -0.030690310522913933 0.07476513832807541 0.035535991191864014
v -0.031208930537104607 0.0746539831161499 0.03434979170560837
v -0.024266419932246208 0.07577568292617798 0.043339721858501434
v -0.023148000240325928 0.07595682144165039 0.043022990226745605
v -0.024560270830988884 0.07575798034667969 0.04245555028319359
v -0.03169583901762962 0.07457511872053146 0.036045730113983154
v -0.030690310522913933 0.07476513832807541 0.035535991191864014
v -0.031548790633678436 0.07459670305252075 0.035307880491018295
v -0.03169583901762962 0.07457511872053146 0.036045730113983154
v -0.030833840370178223 0.074741892516613 0.037635620683431625
v -0.030690310522913933 0.07476513832807541 0.035535991191864014
v -0.024986019358038902 0.07565999031066895 0.04342519864439964
v -0.024266419932246208 0.07577568292617798 0.043339721858501434
v -0.024560270830988884 0.07575798034667969 0.04245555028319359
v -0.02539259009063244 0.07558935135602951 0.0434420108795166
v -0.024560270830988884 0.07575798034667969 0.04245555028319359
v -0.026637069880962372 0.07542163133621216 0.042399220168590546
v -0.02539259009063244 0.07558935135602951 0.0434420108795166
v -0.024986019358038902 0.07565999031066895 0.04342519864439964
v -0.024560270830988884 0.07575798034667969 0.04245555028319359
v -0.025885039940476418 0.07551687210798264 0.043413568288087845
v -0.02539259009063244 0.07558935135602951 0.0434420108795166
v -0.026637069880962372 0.07542163133621216 0.042399220168590546
v -0.03168720006942749 0.0745818018913269 0.038041528314352036
v -0.030833840370178223 0.074741892516613 0.037635620683431625
v -0.03169583901762962 0.07457511872053146 0.036045730113983154
v -0.02658689022064209 0.07539623230695724 0.04333281144499779
v -0.025885039940476418 0.07551687210798264 0.043413568288087845
v -0.026637069880962372 0.07542163133621216 0.042399220168590546
v -0.027301659807562828 0.07529038190841675 0.04313641041517258
v -0.02658689022064209 0.07539623230695724 0.04333281144499779
v -0.026637069880962372 0.07542163133621216 0.042399220168590546
v -0.03168720006942749 0.0745818018913269 0.038041528314352036
v -0.03022407926619053 0.07484065741300583 0.03963935002684593
v -0.030833840370178223 0.074741892516613 0.037635620683431625
v -0.03113465942442417 0.07466459274291992 0.03981781005859375
v -0.03022407926619053 0.07484065741300583 0.03963935002684593
v -0.03168720006942749 0.0745818018913269 0.038041528314352036
v -0.028008989989757538 0.07517129182815552 0.042876239866018295
v -0.026637069880962372 0.07542163133621216 0.042399220168590546
v -0.02872418984770775 0.07508361339569092 0.04141085967421532
v -0.028008989989757538 0.07517129182815552 0.042876239866018295
v -0.027301659807562828 0.07529038190841675 0.04313641041517258
v -0.026637069880962372 0.07542163133621216 0.042399220168590546
v -0.02881692908704281 0.07503622025251389 0.04244153946638107
v -0.028008989989757538 0.07517129182815552 0.042876239866018295
v -0.02872418984770775 0.07508361339569092 0.04141085967421532
v -0.030580220744013786 0.07475625723600388 0.040743350982666016
v -0.03022407926619053 0.07484065741300583 0.03963935002684593
v -0.03113465942442417 0.07466459274291992 0.03981781005859375
v -0.0295866709202528 0.07491511106491089 0.041857000440359116
v -0.02881692908704281 0.07503622025251389 0.04244153946638107
v -0.02872418984770775 0.07508361339569092 0.04141085967421532
v -0.030066249892115593 0.07484298199415207 0.04136943072080612
v -0.02872418984770775 0.07508361339569092 0.04141085967421532
v -0.03022407926619053 0.07484065741300583 0.03963935002684593
v -0.030066249892115593 0.07484298199415207 0.04136943072080612
v -0.03022407926619053 0.07484065741300583 0.03963935002684593
v -0.030580220744013786 0.07475625723600388 0.040743350982666016
v -0.030066249892115593 0.07484298199415207 0.04136943072080612
v -0.0295866709202528 0.07491511106491089 0.041857000440359116
v -0.02872418984770775 0.07508361339569092 0.04141085967421532
v -0.03145432099699974 0.07459735125303268 0.03904169052839279
v -0.03113465942442417 0.07466459274291992 0.03981781005859375
v -0.03168720006942749 0.0745818018913269 0.038041528314352036
v -0.031793709844350815 0.07453613728284836 0.036894671618938446
v -0.03168720006942749 0.0745818018913269 0.038041528314352036
v -0.03169583901762962 0.07457511872053146 0.036045730113983154
v -0.02273494005203247 0.06745094060897827 0.0331842303276062
v -0.022511420771479607 0.06751351803541183 0.03330831974744797
v -0.021317949518561363 0.06770241260528564 0.03407752141356468
v -0.020595720037817955 0.06778936833143234 0.03503160923719406
v -0.021317949518561363 0.06770241260528564 0.03407752141356468
v -0.02036041021347046 0.06786060333251953 0.035545170307159424
v -0.02001219056546688 0.0678907036781311 0.036667101085186005
v -0.020595720037817955 0.06778936833143234 0.03503160923719406
v -0.02036041021347046 0.06786060333251953 0.035545170307159424
v -0.026879189535975456 0.06678581237792969 0.039858460426330566
v -0.025481339544057846 0.0670122504234314 0.04076850041747093
v -0.02651488035917282 0.06686203926801682 0.04015408828854561
v -0.019365720450878143 0.07655531167984009 0.034958239644765854
v -0.019690390676259995 0.07651817053556442 0.034182071685791016
v -0.019139820709824562 0.07661402225494385 0.03595852106809616
v -0.01902448944747448 0.07660429924726486 0.0371052585542202
v -0.019139820709824562 0.07661402225494385 0.03595852106809616
v -0.01912963017821312 0.07661037892103195 0.03795427083969116
v -0.0214917603880167 0.06561814993619919 0.03200571984052658
v -0.02399354986846447 0.06723903864622116 0.03157662972807884
v -0.022439299151301384 0.06749074906110764 0.031841930001974106
v -0.0214917603880167 0.06561814993619919 0.03200571984052658
v -0.023973459377884865 0.06521618366241455 0.03154176101088524
v -0.02399354986846447 0.06723903864622116 0.03157662972807884
v -0.020310280844569206 0.06580954045057297 0.032723959535360336
v -0.022439299151301384 0.06749074906110764 0.031841930001974106
v -0.021004609763622284 0.06772243231534958 0.03254466876387596
v -0.020310280844569206 0.06580954045057297 0.032723959535360336
v -0.0214917603880167 0.06561814993619919 0.03200571984052658
v -0.022439299151301384 0.06749074906110764 0.031841930001974106
v -0.02854764088988304 0.06447535008192062 0.03461664170026779
v -0.0293728094547987 0.0663677379488945 0.03631049022078514
v -0.028902819380164146 0.06644386053085327 0.034718211740255356
v -0.02854764088988304 0.06447535008192062 0.03461664170026779
v -0.029045039787888527 0.06439477205276489 0.03631144016981125
v -0.0293728094547987 0.0663677379488945 0.03631049022078514
v -0.019737299531698227 0.06590235233306885 0.03333209827542305
v -0.020310280844569206 0.06580954045057297 0.032723959535360336
v -0.021004609763622284 0.06772243231534958 0.03254466876387596
v -0.02854764088988304 0.06447535008192062 0.03461664170026779
v -0.028902819380164146 0.06644386053085327 0.034718211740255356
v -0.02788596972823143 0.06660860031843185 0.03318721055984497
v -0.019737299531698227 0.06590235233306885 0.03333209827542305
v -0.021004609763622284 0.06772243231534958 0.03254466876387596
v -0.019715359434485435 0.06793195009231567 0.03382759913802147
v -0.02763468027114868 0.06462322920560837 0.033296700567007065
v -0.02854764088988304 0.06447535008192062 0.03461664170026779
v -0.02788596972823143 0.06660860031843185 0.03318721055984497
v -0.018748989328742027 0.06606239080429077 0.03489791974425316
v -0.019737299531698227 0.06590235233306885 0.03333209827542305
v -0.019715359434485435 0.06793195009231567 0.03382759913802147
v -0.02702111005783081 0.06472259014844894 0.03265351057052612
v -0.02763468027114868 0.06462322920560837 0.033296700567007065
v -0.02788596972823143 0.06660860031843185 0.03318721055984497
v -0.02702111005783081 0.06472259014844894 0.03265351057052612
v -0.02788596972823143 0.06660860031843185 0.03318721055984497
v -0.025995850563049316 0.06691467016935349 0.03192836046218872
v -0.018748989328742027 0.06606239080429077 0.03489791974425316
v -0.019715359434485435 0.06793195009231567 0.03382759913802147
v -0.018867729231715202 0.06806910037994385 0.03563106060028076
v -0.02564655989408493 0.06494522094726562 0.03187321871519089
v -0.02702111005783081 0.06472259014844894 0.03265351057052612
v -0.025995850563049316 0.06691467016935349 0.03192836046218872
v -0.01835476979613304 0.06612621992826462 0.037159621715545654
v -0.018748989328742027 0.06606239080429077 0.03489791974425316
v -0.018867729231715202 0.06806910037994385 0.03563106060028076
v -0.01835476979613304 0.06612621992826462 0.037159621715545654
v -0.018867729231715202 0.06806910037994385 0.03563106060028076
v -0.018731409683823586 0.06809133291244507 0.03745931014418602
v -0.023973459377884865 0.06521618366241455 0.03154176101088524
v -0.025995850563049316 0.06691467016935349 0.03192836046218872
v -0.02399354986846447 0.06723903864622116 0.03157662972807884
v -0.023973459377884865 0.06521618366241455 0.03154176101088524
v -0.02564655989408493 0.06494522094726562 0.03187321871519089
v -0.025995850563049316 0.06691467016935349 0.03192836046218872
v -0.022661499679088593 0.06874065846204758 0.04128307104110718
v -0.02278101071715355 0.06844711303710938 0.04160230979323387
v -0.02187764085829258 0.06871645897626877 0.04110794886946678
v -0.02089345082640648 0.06907259672880173 0.03492492064833641
v -0.020645320415496826 0.06911075115203857 0.035398900508880615
v -0.020583920180797577 0.06916499137878418 0.03501385077834129
v -0.019465679302811623 0.0689396783709526 0.03622673824429512
v -0.019547700881958008 0.06876540184020996 0.035544268786907196
v -0.020146360620856285 0.06895828247070312 0.03457479923963547
v -0.019732650369405746 0.06916552037000656 0.03620022162795067
v -0.019465679302811623 0.0689396783709526 0.03622673824429512
v -0.020146360620856285 0.06895828247070312 0.03457479923963547
v -0.019372880458831787 0.0682554766535759 0.03701663017272949
v -0.019567539915442467 0.06809365004301071 0.036068081855773926
v -0.01936447061598301 0.06852369755506516 0.036169350147247314
v -0.019732650369405746 0.06916552037000656 0.03620022162795067
v -0.020146360620856285 0.06895828247070312 0.03457479923963547
v -0.02038693055510521 0.06913506239652634 0.034757908433675766
v -0.019372880458831787 0.0682554766535759 0.03701663017272949
v -0.01968150958418846 0.06796752661466599 0.0374491810798645
v -0.019567539915442467 0.06809365004301071 0.036068081855773926
v -0.020092010498046875 0.0692480206489563 0.03621691092848778
v -0.019732650369405746 0.06916552037000656 0.03620022162795067
v -0.02038693055510521 0.06913506239652634 0.034757908433675766
v -0.023772230371832848 0.06842236965894699 0.04173243045806885
v -0.02291160076856613 0.06803280115127563 0.0417630597949028
v -0.02278101071715355 0.06844711303710938 0.04160230979323387
v -0.019465679302811623 0.0689396783709526 0.03622673824429512
v -0.01936447061598301 0.06852369755506516 0.036169350147247314
v -0.019547700881958008 0.06876540184020996 0.035544268786907196
v -0.02312380075454712 0.06871598213911057 0.04082893952727318
v -0.023842329159379005 0.06862533092498779 0.04140125960111618
v -0.02182704024016857 0.06896065920591354 0.040434300899505615
v -0.024402430281043053 0.0679330825805664 0.041914161294698715
v -0.023736709728837013 0.06772904843091965 0.04185812920331955
v -0.02291160076856613 0.06803280115127563 0.0417630597949028
v -0.020583920180797577 0.06916499137878418 0.03501385077834129
v -0.020092010498046875 0.0692480206489563 0.03621691092848778
v -0.02038693055510521 0.06913506239652634 0.034757908433675766
v -0.020645320415496826 0.06911075115203857 0.035398900508880615
v -0.02047199010848999 0.06914495676755905 0.0359078012406826
v -0.020583920180797577 0.06916499137878418 0.03501385077834129
v -0.02312380075454712 0.06871598213911057 0.04082893952727318
v -0.02182704024016857 0.06896065920591354 0.040434300899505615
v -0.022497769445180893 0.06881225109100342 0.04057908058166504
v -0.023772230371832848 0.06842236965894699 0.04173243045806885
v -0.02278101071715355 0.06844711303710938 0.04160230979323387
v -0.022661499679088593 0.06874065846204758 0.04128307104110718
v -0.023772230371832848 0.06842236965894699 0.04173243045806885
v -0.024402430281043053 0.0679330825805664 0.041914161294698715
v -0.02291160076856613 0.06803280115127563 0.0417630597949028
v -0.0193364005535841 0.06852245330810547 0.03755331039428711
v -0.019372880458831787 0.0682554766535759 0.03701663017272949
v -0.01936447061598301 0.06852369755506516 0.036169350147247314
v -0.023842329159379005 0.06862533092498779 0.04140125960111618
v -0.023772230371832848 0.06842236965894699 0.04173243045806885
v -0.022661499679088593 0.06874065846204758 0.04128307104110718
v -0.019554490223526955 0.06825864315032959 0.038399871438741684
v -0.01968150958418846 0.06796752661466599 0.0374491810798645
v -0.019372880458831787 0.0682554766535759 0.03701663017272949
v -0.019387900829315186 0.06881605833768845 0.037610698491334915
v -0.01936447061598301 0.06852369755506516 0.036169350147247314
v -0.019465679302811623 0.0689396783709526 0.03622673824429512
v -0.019387900829315186 0.06881605833768845 0.037610698491334915
v -0.0193364005535841 0.06852245330810547 0.03755331039428711
v -0.01936447061598301 0.06852369755506516 0.036169350147247314
v -0.023540249094367027 0.06864088028669357 0.040931519120931625
v -0.02384275011718273 0.06861633062362671 0.04106462001800537
v -0.02312380075454712 0.06871598213911057 0.04082893952727318
v -0.023842329159379005 0.06862533092498779 0.04140125960111618
v -0.02384275011718273 0.06861633062362671 0.04106462001800537
v -0.024213850498199463 0.06855928152799606 0.041126661002635956
v -0.020092010498046875 0.0692480206489563 0.03621691092848778
v -0.020583920180797577 0.06916499137878418 0.03501385077834129
v -0.02047199010848999 0.06914495676755905 0.0359078012406826
v -0.02384275011718273 0.06861633062362671 0.04106462001800537
v -0.023842329159379005 0.06862533092498779 0.04140125960111618
v -0.02312380075454712 0.06871598213911057 0.04082893952727318
v -0.020387759432196617 0.06915414333343506 0.03626352176070213
v -0.020092010498046875 0.0692480206489563 0.03621691092848778
v -0.02047199010848999 0.06914495676755905 0.0359078012406826
v -0.01968150958418846 0.06796752661466599 0.0374491810798645
v -0.019964149221777916 0.06788855046033859 0.038370661437511444
v -0.02000712975859642 0.06788688153028488 0.03732872009277344
v -0.0193364005535841 0.06852245330810547 0.03755331039428711
v -0.019554490223526955 0.06825864315032959 0.038399871438741684
v -0.019372880458831787 0.0682554766535759 0.03701663017272949
v -0.020387759432196617 0.06915414333343506 0.03626352176070213
v -0.020259670913219452 0.0691995620727539 0.03656696900725365
v -0.020092010498046875 0.0692480206489563 0.03621691092848778
v -0.019579939544200897 0.06908857077360153 0.03752952069044113
v -0.019387900829315186 0.06881605833768845 0.037610698491334915
v -0.019465679302811623 0.0689396783709526 0.03622673824429512
v -0.019579939544200897 0.06908857077360153 0.03752952069044113
v -0.019465679302811623 0.0689396783709526 0.03622673824429512
v -0.019732650369405746 0.06916552037000656 0.03620022162795067
v -0.019554490223526955 0.06825864315032959 0.038399871438741684
v -0.019964149221777916 0.06788855046033859 0.038370661437511444
v -0.01968150958418846 0.06796752661466599 0.0374491810798645
v -0.01988076977431774 0.06921707838773727 0.03791277855634689
v -0.019579939544200897 0.06908857077360153 0.03752952069044113
v -0.019732650369405746 0.06916552037000656 0.03620022162795067
v -0.01988076977431774 0.06921707838773727 0.03791277855634689
v -0.019732650369405746 0.06916552037000656 0.03620022162795067
v -0.020092010498046875 0.0692480206489563 0.03621691092848778
v -0.020092010498046875 0.0692480206489563 0.03621691092848778
v -0.020259670913219452 0.0691995620727539 0.03656696900725365
v -0.020200610160827637 0.0692402720451355 0.03706090897321701
v -0.019606590270996094 0.0687590166926384 0.03858894109725952
v -0.0193364005535841 0.06852245330810547 0.03755331039428711
v -0.019387900829315186 0.06881605833768845 0.037610698491334915
v -0.019606590270996094 0.0687590166926384 0.03858894109725952
v -0.019554490223526955 0.06825864315032959 0.038399871438741684
v -0.0193364005535841 0.06852245330810547 0.03755331039428711
v -0.02246779017150402 0.06753730028867722 0.03275585174560547
v -0.022555049508810043 0.06747013330459595 0.033021800220012665
v -0.023954030126333237 0.06725537031888962 0.032582808285951614
v -0.02019447088241577 0.06922399252653122 0.038086049258708954
v -0.020092010498046875 0.0692480206489563 0.03621691092848778
v -0.020200610160827637 0.0692402720451355 0.03706090897321701
v -0.02019447088241577 0.06922399252653122 0.038086049258708954
v -0.01988076977431774 0.06921707838773727 0.03791277855634689
v -0.020092010498046875 0.0692480206489563 0.03621691092848778
v -0.020211750641465187 0.06806962937116623 0.03966676816344261
v -0.020513469353318214 0.06780868023633957 0.039570800960063934
v -0.019964149221777916 0.06788855046033859 0.038370661437511444
v -0.020211750641465187 0.06806962937116623 0.03966676816344261
v -0.019964149221777916 0.06788855046033859 0.038370661437511444
v -0.019554490223526955 0.06825864315032959 0.038399871438741684
v -0.02246779017150402 0.06753730028867722 0.03275585174560547
v -0.023954030126333237 0.06725537031888962 0.032582808285951614
v -0.023992709815502167 0.06745731085538864 0.032257191836833954
v -0.019942820072174072 0.06898068636655807 0.03906238079071045
v -0.019387900829315186 0.06881605833768845 0.037610698491334915
v -0.019579939544200897 0.06908857077360153 0.03752952069044113
v -0.019942820072174072 0.06898068636655807 0.03906238079071045
v -0.019606590270996094 0.0687590166926384 0.03858894109725952
v -0.019387900829315186 0.06881605833768845 0.037610698491334915
v -0.02029239945113659 0.06918787211179733 0.03753006085753441
v -0.02019447088241577 0.06922399252653122 0.038086049258708954
v -0.020200610160827637 0.0692402720451355 0.03706090897321701
v -0.023555630818009377 0.06813555210828781 0.032142218202352524
v -0.024087900295853615 0.06772761791944504 0.032098591327667236
v -0.02441667951643467 0.06803709268569946 0.03212004154920578
v -0.022304529324173927 0.06778258085250854 0.03254818171262741
v -0.02246779017150402 0.06753730028867722 0.03275585174560547
v -0.023992709815502167 0.06745731085538864 0.032257191836833954
v -0.01994054950773716 0.06849253177642822 0.039448849856853485
v -0.020211750641465187 0.06806962937116623 0.03966676816344261
v -0.019554490223526955 0.06825864315032959 0.038399871438741684
v -0.022304529324173927 0.06778258085250854 0.03254818171262741
v -0.023992709815502167 0.06745731085538864 0.032257191836833954
v -0.024087900295853615 0.06772761791944504 0.032098591327667236
v -0.023555630818009377 0.06813555210828781 0.032142218202352524
v -0.02441667951643467 0.06803709268569946 0.03212004154920578
v -0.024072939530014992 0.06841099262237549 0.032280560582876205
v -0.022668709978461266 0.0680965706706047 0.03231155127286911
v -0.022304529324173927 0.06778258085250854 0.03254818171262741
v -0.024087900295853615 0.06772761791944504 0.032098591327667236
v -0.01994054950773716 0.06849253177642822 0.039448849856853485
v -0.019554490223526955 0.06825864315032959 0.038399871438741684
v -0.019606590270996094 0.0687590166926384 0.03858894109725952
v -0.01988076977431774 0.06921707838773727 0.03791277855634689
v -0.019942820072174072 0.06898068636655807 0.03906238079071045
v -0.019579939544200897 0.06908857077360153 0.03752952069044113
v -0.022668709978461266 0.0680965706706047 0.03231155127286911
v -0.024087900295853615 0.06772761791944504 0.032098591327667236
v -0.023555630818009377 0.06813555210828781 0.032142218202352524
v -0.02029239945113659 0.06918787211179733 0.03753006085753441
v -0.020386749878525734 0.06915169209241867 0.03773682937026024
v -0.020474430173635483 0.06914310902357101 0.038102198392152786
v -0.02312706969678402 0.06867170333862305 0.03256911039352417
v -0.024072939530014992 0.06841099262237549 0.032280560582876205
v -0.025031259283423424 0.06843309849500656 0.03266923874616623
v -0.019942820072174072 0.06898068636655807 0.03906238079071045
v -0.01994054950773716 0.06849253177642822 0.039448849856853485
v -0.019606590270996094 0.0687590166926384 0.03858894109725952
v -0.022194499149918556 0.06855981796979904 0.03262186050415039
v -0.022668709978461266 0.0680965706706047 0.03231155127286911
v -0.023555630818009377 0.06813555210828781 0.032142218202352524
v -0.022194499149918556 0.06855981796979904 0.03262186050415039
v -0.023555630818009377 0.06813555210828781 0.032142218202352524
v -0.024072939530014992 0.06841099262237549 0.032280560582876205
v -0.023021690547466278 0.06876765936613083 0.03297621011734009
v -0.025031259283423424 0.06843309849500656 0.03266923874616623
v -0.02413593977689743 0.06857907027006149 0.03287804126739502
v -0.023746490478515625 0.0686258003115654 0.03296922892332077
v -0.023021690547466278 0.06876765936613083 0.03297621011734009
v -0.02413593977689743 0.06857907027006149 0.03287804126739502
v -0.021756699308753014 0.0681983232498169 0.032723959535360336
v -0.022304529324173927 0.06778258085250854 0.03254818171262741
v -0.022668709978461266 0.0680965706706047 0.03231155127286911
v -0.020670169964432716 0.06817293167114258 0.04037386178970337
v -0.020211750641465187 0.06806962937116623 0.03966676816344261
v -0.01994054950773716 0.06849253177642822 0.039448849856853485
v -0.02312706969678402 0.06867170333862305 0.03256911039352417
v -0.022194499149918556 0.06855981796979904 0.03262186050415039
v -0.024072939530014992 0.06841099262237549 0.032280560582876205
v -0.020474430173635483 0.06914310902357101 0.038102198392152786
v -0.02019447088241577 0.06922399252653122 0.038086049258708954
v -0.02029239945113659 0.06918787211179733 0.03753006085753441
v -0.023021690547466278 0.06876765936613083 0.03297621011734009
v -0.023746490478515625 0.0686258003115654 0.03296922892332077
v -0.023540249094367027 0.06864088028669357 0.033068351447582245
v -0.020442120730876923 0.0690506100654602 0.03960036858916283
v -0.019942820072174072 0.06898068636655807 0.03906238079071045
v -0.01988076977431774 0.06921707838773727 0.03791277855634689
v -0.020726079121232033 0.06782399863004684 0.03396964073181152
v -0.020817989483475685 0.06775157898664474 0.03442049026489258
v -0.022555049508810043 0.06747013330459595 0.033021800220012665
v -0.020726079121232033 0.06782399863004684 0.03396964073181152
v -0.022555049508810043 0.06747013330459595 0.033021800220012665
v -0.02246779017150402 0.06753730028867722 0.03275585174560547
v -0.020800650119781494 0.0691400095820427 0.03942602127790451
v -0.020442120730876923 0.0690506100654602 0.03960036858916283
v -0.01988076977431774 0.06921707838773727 0.03791277855634689
v -0.02144818939268589 0.06778179854154587 0.040828220546245575
v -0.020513469353318214 0.06780868023633957 0.039570800960063934
v -0.020211750641465187 0.06806962937116623 0.03966676816344261
v -0.023021690547466278 0.06876765936613083 0.03297621011734009
v -0.023540249094367027 0.06864088028669357 0.033068351447582245
v -0.023018769919872284 0.06872671097517014 0.03320097178220749
v -0.02019447088241577 0.06922399252653122 0.038086049258708954
v -0.020474430173635483 0.06914310902357101 0.038102198392152786
v -0.020640190690755844 0.06911324709653854 0.03858703002333641
v -0.02068178914487362 0.06844495981931686 0.04043041914701462
v -0.020670169964432716 0.06817293167114258 0.04037386178970337
v -0.01994054950773716 0.06849253177642822 0.039448849856853485
v -0.023021690547466278 0.06876765936613083 0.03297621011734009
v -0.022238189354538918 0.0688210129737854 0.032922979444265366
v -0.02312706969678402 0.06867170333862305 0.03256911039352417
v -0.023021690547466278 0.06876765936613083 0.03297621011734009
v -0.02312706969678402 0.06867170333862305 0.03256911039352417
v -0.025031259283423424 0.06843309849500656 0.03266923874616623
v -0.022194499149918556 0.06855981796979904 0.03262186050415039
v -0.021756699308753014 0.0681983232498169 0.032723959535360336
v -0.022668709978461266 0.0680965706706047 0.03231155127286911
v -0.020800650119781494 0.0691400095820427 0.03942602127790451
v -0.01988076977431774 0.06921707838773727 0.03791277855634689
v -0.02019447088241577 0.06922399252653122 0.038086049258708954
v -0.020879199728369713 0.06807409971952438 0.03344124183058739
v -0.02246779017150402 0.06753730028867722 0.03275585174560547
v -0.022304529324173927 0.06778258085250854 0.03254818171262741
v -0.020879199728369713 0.06807409971952438 0.03344124183058739
v -0.020726079121232033 0.06782399863004684 0.03396964073181152
v -0.02246779017150402 0.06753730028867722 0.03275585174560547
v -0.020670169964432716 0.06817293167114258 0.04037386178970337
v -0.02144818939268589 0.06778179854154587 0.040828220546245575
v -0.020211750641465187 0.06806962937116623 0.03966676816344261
v -0.020879199728369713 0.06807409971952438 0.03344124183058739
v -0.022304529324173927 0.06778258085250854 0.03254818171262741
v -0.021756699308753014 0.0681983232498169 0.032723959535360336
v -0.022238189354538918 0.0688210129737854 0.032922979444265366
v -0.022194499149918556 0.06855981796979904 0.03262186050415039
v -0.02312706969678402 0.06867170333862305 0.03256911039352417
v -0.020801959559321404 0.06883758306503296 0.04031025990843773
v -0.02068178914487362 0.06844495981931686 0.04043041914701462
v -0.01994054950773716 0.06849253177642822 0.039448849856853485
v -0.020801959559321404 0.06883758306503296 0.04031025990843773
v -0.01994054950773716 0.06849253177642822 0.039448849856853485
v -0.019942820072174072 0.06898068636655807 0.03906238079071045
v -0.020879380404949188 0.06847839802503586 0.033391889184713364
v -0.020879199728369713 0.06807409971952438 0.03344124183058739
v -0.021756699308753014 0.0681983232498169 0.032723959535360336
v -0.02144818939268589 0.06778179854154587 0.040828220546245575
v -0.02187556028366089 0.06757967919111252 0.04069714993238449
v -0.020513469353318214 0.06780868023633957 0.039570800960063934
v -0.020442120730876923 0.0690506100654602 0.03960036858916283
v -0.020801959559321404 0.06883758306503296 0.04031025990843773
v -0.019942820072174072 0.06898068636655807 0.03906238079071045
v -0.0209807101637125 0.06873946636915207 0.03344755992293358
v -0.020879380404949188 0.06847839802503586 0.033391889184713364
v -0.021756699308753014 0.0681983232498169 0.032723959535360336
v -0.0209807101637125 0.06873946636915207 0.03344755992293358
v -0.021756699308753014 0.0681983232498169 0.032723959535360336
v -0.022194499149918556 0.06855981796979904 0.03262186050415039
v -0.020123299211263657 0.06789982318878174 0.03498696908354759
v -0.020817989483475685 0.06775157898664474 0.03442049026489258
v -0.020726079121232033 0.06782399863004684 0.03396964073181152
v -0.022335169836878777 0.06883835047483444 0.03350764140486717
v -0.023021690547466278 0.06876765936613083 0.03297621011734009
v -0.023018769919872284 0.06872671097517014 0.03320097178220749
v -0.020800650119781494 0.0691400095820427 0.03942602127790451
v -0.02019447088241577 0.06922399252653122 0.038086049258708954
v -0.020640190690755844 0.06911324709653854 0.03858703002333641
v -0.02116549015045166 0.06853336095809937 0.040829360485076904
v -0.02068178914487362 0.06844495981931686 0.04043041914701462
v -0.020801959559321404 0.06883758306503296 0.04031025990843773
v -0.020960919559001923 0.06905943155288696 0.039190590381622314
v -0.020800650119781494 0.0691400095820427 0.03942602127790451
v -0.020640190690755844 0.06911324709653854 0.03858703002333641
v -0.021265139803290367 0.06900674104690552 0.03365432843565941
v -0.022194499149918556 0.06855981796979904 0.03262186050415039
v -0.022238189354538918 0.0688210129737854 0.032922979444265366
v -0.021265139803290367 0.06900674104690552 0.03365432843565941
v -0.0209807101637125 0.06873946636915207 0.03344755992293358
v -0.022194499149918556 0.06855981796979904 0.03262186050415039
v -0.02169579081237316 0.06799983233213425 0.0411905013024807
v -0.02144818939268589 0.06778179854154587 0.040828220546245575
v -0.020670169964432716 0.06817293167114258 0.04037386178970337
v -0.020123299211263657 0.06789982318878174 0.03498696908354759
v -0.019987519830465317 0.06788706034421921 0.03572005033493042
v -0.020817989483475685 0.06775157898664474 0.03442049026489258
v -0.02254307083785534 0.06760989874601364 0.04139465093612671
v -0.02187556028366089 0.06757967919111252 0.04069714993238449
v -0.02144818939268589 0.06778179854154587 0.040828220546245575
v -0.020035499706864357 0.06809616088867188 0.03463660925626755
v -0.020726079121232033 0.06782399863004684 0.03396964073181152
v -0.020879199728369713 0.06807409971952438 0.03344124183058739
v -0.02169579081237316 0.06799983233213425 0.0411905013024807
v -0.020670169964432716 0.06817293167114258 0.04037386178970337
v -0.02068178914487362 0.06844495981931686 0.04043041914701462
v -0.02008174918591976 0.06846970319747925 0.03431636095046997
v -0.020035499706864357 0.06809616088867188 0.03463660925626755
v -0.020879199728369713 0.06807409971952438 0.03344124183058739
v -0.02116549015045166 0.06853336095809937 0.040829360485076904
v -0.02169579081237316 0.06799983233213425 0.0411905013024807
v -0.02068178914487362 0.06844495981931686 0.04043041914701462
v -0.02142995037138462 0.06896579265594482 0.040482811629772186
v -0.020801959559321404 0.06883758306503296 0.04031025990843773
v -0.020442120730876923 0.0690506100654602 0.03960036858916283
v -0.021265139803290367 0.06900674104690552 0.03365432843565941
v -0.022238189354538918 0.0688210129737854 0.032922979444265366
v -0.023021690547466278 0.06876765936613083 0.03297621011734009
v -0.020035499706864357 0.06809616088867188 0.03463660925626755
v -0.020123299211263657 0.06789982318878174 0.03498696908354759
v -0.020726079121232033 0.06782399863004684 0.03396964073181152
v -0.020800650119781494 0.0691400095820427 0.03942602127790451
v -0.020960919559001923 0.06905943155288696 0.039190590381622314
v -0.02121335081756115 0.06901448220014572 0.039553821086883545
v -0.021726660430431366 0.06894242018461227 0.033936381340026855
v -0.021265139803290367 0.06900674104690552 0.03365432843565941
v -0.023021690547466278 0.06876765936613083 0.03297621011734009
v -0.02008174918591976 0.06846970319747925 0.03431636095046997
v -0.020879199728369713 0.06807409971952438 0.03344124183058739
v -0.020879380404949188 0.06847839802503586 0.033391889184713364
v -0.02142995037138462 0.06896579265594482 0.040482811629772186
v -0.020442120730876923 0.0690506100654602 0.03960036858916283
v -0.020800650119781494 0.0691400095820427 0.03942602127790451
v -0.021726660430431366 0.06894242018461227 0.033936381340026855
v -0.023021690547466278 0.06876765936613083 0.03297621011734009
v -0.022335169836878777 0.06883835047483444 0.03350764140486717
v -0.02121335081756115 0.06901448220014572 0.039553821086883545
v -0.021345369517803192 0.06902431696653366 0.039827339351177216
v -0.020800650119781494 0.0691400095820427 0.03942602127790451
v -0.02182704024016857 0.06896065920591354 0.040434300899505615
v -0.02142995037138462 0.06896579265594482 0.040482811629772186
v -0.020800650119781494 0.0691400095820427 0.03942602127790451
v -0.020146360620856285 0.06895828247070312 0.03457479923963547
v -0.02008174918591976 0.06846970319747925 0.03431636095046997
v -0.020879380404949188 0.06847839802503586 0.033391889184713364
v -0.020146360620856285 0.06895828247070312 0.03457479923963547
v -0.020879380404949188 0.06847839802503586 0.033391889184713364
v -0.0209807101637125 0.06873946636915207 0.03344755992293358
v -0.02187764085829258 0.06871645897626877 0.04110794886946678
v -0.02116549015045166 0.06853336095809937 0.040829360485076904
v -0.020801959559321404 0.06883758306503296 0.04031025990843773
v -0.021345369517803192 0.06902431696653366 0.039827339351177216
v -0.02182704024016857 0.06896065920591354 0.040434300899505615
v -0.020800650119781494 0.0691400095820427 0.03942602127790451
v -0.02254307083785534 0.06760989874601364 0.04139465093612671
v -0.023847749456763268 0.06729531288146973 0.041482798755168915
v -0.02187556028366089 0.06757967919111252 0.04069714993238449
v -0.02198003977537155 0.06830686330795288 0.041387610137462616
v -0.02169579081237316 0.06799983233213425 0.0411905013024807
v -0.02116549015045166 0.06853336095809937 0.040829360485076904
v -0.023847749456763268 0.06729531288146973 0.041482798755168915
v -0.023790590465068817 0.06727862358093262 0.04111164063215256
v -0.02187556028366089 0.06757967919111252 0.04069714993238449
v -0.021549880504608154 0.06899428367614746 0.04001152142882347
v -0.02182704024016857 0.06896065920591354 0.040434300899505615
v -0.021345369517803192 0.06902431696653366 0.039827339351177216
v -0.020146360620856285 0.06895828247070312 0.03457479923963547
v -0.0209807101637125 0.06873946636915207 0.03344755992293358
v -0.021265139803290367 0.06900674104690552 0.03365432843565941
v -0.02142995037138462 0.06896579265594482 0.040482811629772186
v -0.02187764085829258 0.06871645897626877 0.04110794886946678
v -0.020801959559321404 0.06883758306503296 0.04031025990843773
v -0.0196953397244215 0.06839215010404587 0.035089489072561264
v -0.020035499706864357 0.06809616088867188 0.03463660925626755
v -0.02008174918591976 0.06846970319747925 0.03431636095046997
v -0.02254307083785534 0.06760989874601364 0.04139465093612671
v -0.02144818939268589 0.06778179854154587 0.040828220546245575
v -0.02169579081237316 0.06799983233213425 0.0411905013024807
v -0.02038693055510521 0.06913506239652634 0.034757908433675766
v -0.020146360620856285 0.06895828247070312 0.03457479923963547
v -0.021265139803290367 0.06900674104690552 0.03365432843565941
v -0.019567539915442467 0.06809365004301071 0.036068081855773926
v -0.019987519830465317 0.06788706034421921 0.03572005033493042
v -0.020123299211263657 0.06789982318878174 0.03498696908354759
v -0.020583920180797577 0.06916499137878418 0.03501385077834129
v -0.021265139803290367 0.06900674104690552 0.03365432843565941
v -0.021726660430431366 0.06894242018461227 0.033936381340026855
v -0.02122264914214611 0.06902109831571579 0.03444993123412132
v -0.020583920180797577 0.06916499137878418 0.03501385077834129
v -0.021726660430431366 0.06894242018461227 0.033936381340026855
v -0.02291160076856613 0.06803280115127563 0.0417630597949028
v -0.02254307083785534 0.06760989874601364 0.04139465093612671
v -0.02169579081237316 0.06799983233213425 0.0411905013024807
v -0.019567539915442467 0.06809365004301071 0.036068081855773926
v -0.020123299211263657 0.06789982318878174 0.03498696908354759
v -0.020035499706864357 0.06809616088867188 0.03463660925626755
v -0.02187764085829258 0.06871645897626877 0.04110794886946678
v -0.02198003977537155 0.06830686330795288 0.041387610137462616
v -0.02116549015045166 0.06853336095809937 0.040829360485076904
v -0.020583920180797577 0.06916499137878418 0.03501385077834129
v -0.02038693055510521 0.06913506239652634 0.034757908433675766
v -0.021265139803290367 0.06900674104690552 0.03365432843565941
v -0.019547700881958008 0.06876540184020996 0.035544268786907196
v -0.0196953397244215 0.06839215010404587 0.035089489072561264
v -0.02008174918591976 0.06846970319747925 0.03431636095046997
v -0.019567539915442467 0.06809365004301071 0.036068081855773926
v -0.020035499706864357 0.06809616088867188 0.03463660925626755
v -0.0196953397244215 0.06839215010404587 0.035089489072561264
v -0.02291160076856613 0.06803280115127563 0.0417630597949028
v -0.02169579081237316 0.06799983233213425 0.0411905013024807
v -0.02198003977537155 0.06830686330795288 0.041387610137462616
v -0.019547700881958008 0.06876540184020996 0.035544268786907196
v -0.02008174918591976 0.06846970319747925 0.03431636095046997
v -0.020146360620856285 0.06895828247070312 0.03457479923963547
v -0.01936447061598301 0.06852369755506516 0.036169350147247314
v -0.019567539915442467 0.06809365004301071 0.036068081855773926
v -0.0196953397244215 0.06839215010404587 0.035089489072561264
v -0.02175194025039673 0.06892985105514526 0.0400952585041523
v -0.02182704024016857 0.06896065920591354 0.040434300899505615
v -0.021549880504608154 0.06899428367614746 0.04001152142882347
v -0.022661499679088593 0.06874065846204758 0.04128307104110718
v -0.02187764085829258 0.06871645897626877 0.04110794886946678
v -0.02142995037138462 0.06896579265594482 0.040482811629772186
v -0.01968150958418846 0.06796752661466599 0.0374491810798645
v -0.02000712975859642 0.06788688153028488 0.03732872009277344
v -0.019987519830465317 0.06788706034421921 0.03572005033493042
v -0.023713350296020508 0.06749241799116135 0.041711680591106415
v -0.023847749456763268 0.06729531288146973 0.041482798755168915
v -0.02254307083785534 0.06760989874601364 0.04139465093612671
v -0.019547700881958008 0.06876540184020996 0.035544268786907196
v -0.01936447061598301 0.06852369755506516 0.036169350147247314
v -0.0196953397244215 0.06839215010404587 0.035089489072561264
v -0.02278101071715355 0.06844711303710938 0.04160230979323387
v -0.02291160076856613 0.06803280115127563 0.0417630597949028
v -0.02198003977537155 0.06830686330795288 0.041387610137462616
v -0.019567539915442467 0.06809365004301071 0.036068081855773926
v -0.01968150958418846 0.06796752661466599 0.0374491810798645
v -0.019987519830465317 0.06788706034421921 0.03572005033493042
v -0.023842329159379005 0.06862533092498779 0.04140125960111618
v -0.02142995037138462 0.06896579265594482 0.040482811629772186
v -0.02182704024016857 0.06896065920591354 0.040434300899505615
v -0.023842329159379005 0.06862533092498779 0.04140125960111618
v -0.022661499679088593 0.06874065846204758 0.04128307104110718
v -0.02142995037138462 0.06896579265594482 0.040482811629772186
v -0.02089345082640648 0.06907259672880173 0.03492492064833641
v -0.020583920180797577 0.06916499137878418 0.03501385077834129
v -0.02122264914214611 0.06902109831571579 0.03444993123412132
v -0.02278101071715355 0.06844711303710938 0.04160230979323387
v -0.02198003977537155 0.06830686330795288 0.041387610137462616
v -0.02187764085829258 0.06871645897626877 0.04110794886946678
v -0.023736709728837013 0.06772904843091965 0.04185812920331955
v -0.023713350296020508 0.06749241799116135 0.041711680591106415
v -0.02254307083785534 0.06760989874601364 0.04139465093612671
v -0.023736709728837013 0.06772904843091965 0.04185812920331955
v -0.02254307083785534 0.06760989874601364 0.04139465093612671
v -0.02291160076856613 0.06803280115127563 0.0417630597949028
v -0.022497769445180893 0.06881225109100342 0.04057908058166504
v -0.02182704024016857 0.06896065920591354 0.040434300899505615
v -0.02175194025039673 0.06892985105514526 0.0400952585041523
v -0.028012150898575783 0.0666077733039856 0.036388810724020004
v -0.028133859857916832 0.06656848639249802 0.036986880004405975
v -0.028098400682210922 0.06657958030700684 0.037336401641368866
v -0.028008989989757538 0.06658846139907837 0.03641790151596069
v -0.028133859857916832 0.06656848639249802 0.036986880004405975
v -0.028012150898575783 0.0666077733039856 0.036388810724020004
v -0.023973459377884865 0.06521618366241455 0.03154176101088524
v -0.022427789866924286 0.06546658277511597 0.03163760155439377
v -0.02441870979964733 0.07578092068433762 0.03153568133711815
v -0.02911847084760666 0.06438291072845459 0.03744934871792793
v -0.029046710580587387 0.06439453363418579 0.03567283973097801
v -0.030833840370178223 0.074741892516613 0.037635620683431625
v -0.030833840370178223 0.074741892516613 0.037635620683431625
v -0.029046710580587387 0.06439453363418579 0.03567283973097801
v -0.030690310522913933 0.07476513832807541 0.035535991191864014
v -0.02441870979964733 0.07578092068433762 0.03153568133711815
v -0.0214917603880167 0.06561814993619919 0.03200571984052658
v -0.0221098605543375 0.07615488022565842 0.03258901089429855
v -0.022427789866924286 0.06546658277511597 0.03163760155439377
v -0.0214917603880167 0.06561814993619919 0.03200571984052658
v -0.02441870979964733 0.07578092068433762 0.03153568133711815
v -0.029046710580587387 0.06439453363418579 0.03567283973097801
v -0.02816127985715866 0.06453794240951538 0.03376888856291771
v -0.030690310522913933 0.07476513832807541 0.035535991191864014
v -0.0214917603880167 0.06561814993619919 0.03200571984052658
v -0.020310280844569206 0.06580954045057297 0.032723959535360336
v -0.0221098605543375 0.07615488022565842 0.03258901089429855
v -0.030690310522913933 0.07476513832807541 0.035535991191864014
v -0.02816127985715866 0.06453794240951538 0.03376888856291771
v -0.029761970043182373 0.07491552084684372 0.03366189822554588
v -0.0221098605543375 0.07615488022565842 0.03258901089429855
v -0.019737299531698227 0.06590235233306885 0.03333209827542305
v -0.02087627910077572 0.07635468244552612 0.03396176919341087
v -0.020310280844569206 0.06580954045057297 0.032723959535360336
v -0.019737299531698227 0.06590235233306885 0.03333209827542305
v -0.0221098605543375 0.07615488022565842 0.03258901089429855
v -0.02816127985715866 0.06453794240951538 0.03376888856291771
v -0.02702111005783081 0.06472259014844894 0.03265351057052612
v -0.029761970043182373 0.07491552084684372 0.03366189822554588
v -0.029761970043182373 0.07491552084684372 0.03366189822554588
v -0.02702111005783081 0.06472259014844894 0.03265351057052612
v -0.028415970504283905 0.07513350248336792 0.03238623961806297
v -0.019737299531698227 0.06590235233306885 0.03333209827542305
v -0.018748989328742027 0.06606239080429077 0.03489791974425316
v -0.02087627910077572 0.07635468244552612 0.03396176919341087
v -0.02087627910077572 0.07635468244552612 0.03396176919341087
v -0.018748989328742027 0.06606239080429077 0.03489791974425316
v -0.02003972977399826 0.07649015635251999 0.03590095043182373
v -0.02702111005783081 0.06472259014844894 0.03265351057052612
v -0.02564655989408493 0.06494522094726562 0.03187321871519089
v -0.028415970504283905 0.07513350248336792 0.03238623961806297
v -0.028415970504283905 0.07513350248336792 0.03238623961806297
v -0.02564655989408493 0.06494522094726562 0.03187321871519089
v -0.026727430522441864 0.07540696114301682 0.03163760155439377
v -0.018748989328742027 0.06606239080429077 0.03489791974425316
v -0.018270960077643394 0.06613980978727341 0.036929190158843994
v -0.02003972977399826 0.07649015635251999 0.03590095043182373
v -0.02564655989408493 0.06494522094726562 0.03187321871519089
v -0.023973459377884865 0.06521618366241455 0.03154176101088524
v -0.026727430522441864 0.07540696114301682 0.03163760155439377
v -0.026727430522441864 0.07540696114301682 0.03163760155439377
v -0.023973459377884865 0.06521618366241455 0.03154176101088524
v -0.02441870979964733 0.07578092068433762 0.03153568133711815
v -0.02583896927535534 0.07474136352539062 0.03024864010512829
v -0.025430729612708092 0.07558315247297287 0.03055793046951294
v -0.024940550327301025 0.07566981762647629 0.030586300417780876
v -0.02380865067243576 0.07507014274597168 0.030393829569220543
v -0.024940550327301025 0.07566981762647629 0.030586300417780876
v -0.02423650026321411 0.07577692717313766 0.030667120590806007
v -0.02380865067243576 0.07507014274597168 0.030393829569220543
v -0.02583896927535534 0.07474136352539062 0.03024864010512829
v -0.024940550327301025 0.07566981762647629 0.030586300417780876
v -0.03193192929029465 0.07377641648054123 0.036227401345968246
v -0.031793709844350815 0.07453613728284836 0.036894671618938446
v -0.03169583901762962 0.07457511872053146 0.036045730113983154
v -0.03193192929029465 0.07377641648054123 0.036227401345968246
v -0.03169583901762962 0.07457511872053146 0.036045730113983154
v -0.031548790633678436 0.07459670305252075 0.035307880491018295
v -0.02380865067243576 0.07507014274597168 0.030393829569220543
v -0.02423650026321411 0.07577692717313766 0.030667120590806007
v -0.023525049909949303 0.07590203732252121 0.030863400548696518
v -0.02380865067243576 0.07507014274597168 0.030393829569220543
v -0.023525049909949303 0.07590203732252121 0.030863400548696518
v -0.022816119715571404 0.07601237297058105 0.031123630702495575
v -0.03156756982207298 0.07381308078765869 0.03472495079040527
v -0.03193192929029465 0.07377641648054123 0.036227401345968246
v -0.031548790633678436 0.07459670305252075 0.035307880491018295
v -0.03156756982207298 0.07381308078765869 0.03472495079040527
v -0.031548790633678436 0.07459670305252075 0.035307880491018295
v -0.031208930537104607 0.0746539831161499 0.03434979170560837
v -0.021915610879659653 0.07537662237882614 0.03115111030638218
v -0.02380865067243576 0.07507014274597168 0.030393829569220543
v -0.022816119715571404 0.07601237297058105 0.031123630702495575
v -0.03091238997876644 0.07391940802335739 0.033333588391542435
v -0.03156756982207298 0.07381308078765869 0.03472495079040527
v -0.031208930537104607 0.0746539831161499 0.03434979170560837
v -0.021915610879659653 0.07537662237882614 0.03115111030638218
v -0.022816119715571404 0.07601237297058105 0.031123630702495575
v -0.022006800398230553 0.07613921165466309 0.03155827149748802
v -0.03091238997876644 0.07391940802335739 0.033333588391542435
v -0.031208930537104607 0.0746539831161499 0.03434979170560837
v -0.030795149505138397 0.07471883296966553 0.033563848584890366
v -0.03091238997876644 0.07391940802335739 0.033333588391542435
v -0.030795149505138397 0.07471883296966553 0.033563848584890366
v -0.030226169154047966 0.07480417937040329 0.03278212994337082
v -0.021915610879659653 0.07537662237882614 0.03115111030638218
v -0.022006800398230553 0.07613921165466309 0.03155827149748802
v -0.021238259971141815 0.07626724243164062 0.03214281052350998
v -0.02033494971692562 0.07563239336013794 0.03245006874203682
v -0.021915610879659653 0.07537662237882614 0.03115111030638218
v -0.021238259971141815 0.07626724243164062 0.03214281052350998
v -0.0295633003115654 0.0741380974650383 0.03178989142179489
v -0.030226169154047966 0.07480417937040329 0.03278212994337082
v -0.02976291999220848 0.07488881796598434 0.03231269121170044
v -0.0295633003115654 0.0741380974650383 0.03178989142179489
v -0.03091238997876644 0.07391940802335739 0.033333588391542435
v -0.030226169154047966 0.07480417937040329 0.03278212994337082
v -0.02033494971692562 0.07563239336013794 0.03245006874203682
v -0.021238259971141815 0.07626724243164062 0.03214281052350998
v -0.020760349929332733 0.07635021209716797 0.0326305590569973
v -0.0295633003115654 0.0741380974650383 0.03178989142179489
v -0.02976291999220848 0.07488881796598434 0.03231269121170044
v -0.029125690460205078 0.07498811930418015 0.03176724165678024
v -0.02033494971692562 0.07563239336013794 0.03245006874203682
v -0.020760349929332733 0.07635021209716797 0.0326305590569973
v -0.020245429128408432 0.07643014192581177 0.03325653076171875
v -0.0295633003115654 0.0741380974650383 0.03178989142179489
v -0.029125690460205078 0.07498811930418015 0.03176724165678024
v -0.02841448038816452 0.07509677857160568 0.03131181001663208
v -0.01909911073744297 0.07583235949277878 0.034398969262838364
v -0.02033494971692562 0.07563239336013794 0.03245006874203682
v -0.020245429128408432 0.07643014192581177 0.03325653076171875
v -0.01909911073744297 0.07583235949277878 0.034398969262838364
v -0.020245429128408432 0.07643014192581177 0.03325653076171875
v -0.019690390676259995 0.07651817053556442 0.034182071685791016
v -0.02781832031905651 0.07442080229520798 0.030728749930858612
v -0.0295633003115654 0.0741380974650383 0.03178989142179489
v -0.02841448038816452 0.07509677857160568 0.03131181001663208
v -0.02781832031905651 0.07442080229520798 0.030728749930858612
v -0.02841448038816452 0.07509677857160568 0.03131181001663208
v -0.027676520869135857 0.07522337883710861 0.03097688965499401
v -0.01909911073744297 0.07583235949277878 0.034398969262838364
v -0.019690390676259995 0.07651817053556442 0.034182071685791016
v -0.019365720450878143 0.07655531167984009 0.034958239644765854
v -0.02781832031905651 0.07442080229520798 0.030728749930858612
v -0.027676520869135857 0.07522337883710861 0.03097688965499401
v -0.02655833028256893 0.07540445774793625 0.03066021017730236
v -0.01909911073744297 0.07583235949277878 0.034398969262838364
v -0.019365720450878143 0.07655531167984009 0.034958239644765854
v -0.019139820709824562 0.07661402225494385 0.03595852106809616
v -0.02583896927535534 0.07474136352539062 0.03024864010512829
v -0.02781832031905651 0.07442080229520798 0.030728749930858612
v -0.02655833028256893 0.07540445774793625 0.03066021017730236
v -0.018582219257950783 0.07591532915830612 0.03700000047683716
v -0.01909911073744297 0.07583235949277878 0.034398969262838364
v -0.019139820709824562 0.07661402225494385 0.03595852106809616
v -0.02583896927535534 0.07474136352539062 0.03024864010512829
v -0.02655833028256893 0.07540445774793625 0.03066021017730236
v -0.025838790461421013 0.07552181929349899 0.030574670061469078
v -0.018582219257950783 0.07591532915830612 0.03700000047683716
v -0.019139820709824562 0.07661402225494385 0.03595852106809616
v -0.01902448944747448 0.07660429924726486 0.0371052585542202
v -0.02583896927535534 0.07474136352539062 0.03024864010512829
v -0.025838790461421013 0.07552181929349899 0.030574670061469078
v -0.025430729612708092 0.07558315247297287 0.03055793046951294
v -0.02490401081740856 0.07276499271392822 0.043773941695690155
v -0.023315370082855225 0.0751500129699707 0.0434722900390625
v -0.025328809395432472 0.07482396811246872 0.04377400130033493
v -0.02490401081740856 0.07276499271392822 0.043773941695690155
v -0.022893069311976433 0.07309073209762573 0.04344462975859642
v -0.023315370082855225 0.0751500129699707 0.0434722900390625
v -0.0316007100045681 0.07167971134185791 0.036224719136953354
v -0.03191374987363815 0.07375680655241013 0.03776884078979492
v -0.03193192929029465 0.07377641648054123 0.036227401345968246
v -0.0316007100045681 0.07167971134185791 0.036224719136953354
v -0.03157186135649681 0.0716845914721489 0.03781843185424805
v -0.03191374987363815 0.07375680655241013 0.03776884078979492
v -0.018497340381145477 0.0738026425242424 0.03876566141843796
v -0.018278179690241814 0.0738406702876091 0.036960359662771225
v -0.018582219257950783 0.07591532915830612 0.03700000047683716
v -0.02691948041319847 0.07243847101926804 0.04347473010420799
v -0.025328809395432472 0.07482396811246872 0.04377400130033493
v -0.027338560670614243 0.07449852675199509 0.04344825819134712
v -0.02691948041319847 0.07243847101926804 0.04347473010420799
v -0.02490401081740856 0.07276499271392822 0.043773941695690155
v -0.025328809395432472 0.07482396811246872 0.04377400130033493
v -0.018497340381145477 0.0738026425242424 0.03876566141843796
v -0.018582219257950783 0.07591532915830612 0.03700000047683716
v -0.019010839983820915 0.0758577510714531 0.039315398782491684
v -0.019450660794973373 0.07364833354949951 0.040874890983104706
v -0.018497340381145477 0.0738026425242424 0.03876566141843796
v -0.019010839983820915 0.0758577510714531 0.039315398782491684
v -0.019450660794973373 0.07364833354949951 0.040874890983104706
v -0.019010839983820915 0.0758577510714531 0.039315398782491684
v -0.01997596025466919 0.07567857950925827 0.04112273082137108
v -0.02875261940062046 0.07214146107435226 0.04257464036345482
v -0.027338560670614243 0.07449852675199509 0.04344825819134712
v -0.029158350080251694 0.074203722178936 0.04252523183822632
v -0.02875261940062046 0.07214146107435226 0.04257464036345482
v -0.02691948041319847 0.07243847101926804 0.04347473010420799
v -0.027338560670614243 0.07449852675199509 0.04344825819134712
v -0.030233200639486313 0.07190155237913132 0.04115699976682663
v -0.029158350080251694 0.074203722178936 0.04252523183822632
v -0.030619800090789795 0.0739668607711792 0.04109025001525879
v -0.030233200639486313 0.07190155237913132 0.04115699976682663
v -0.02875261940062046 0.07214146107435226 0.04257464036345482
v -0.029158350080251694 0.074203722178936 0.04252523183822632
v -0.021073399111628532 0.07338546961545944 0.04251730069518089
v -0.01997596025466919 0.07567857950925827 0.04112273082137108
v -0.021484849974513054 0.07544630020856857 0.042570941150188446
v -0.021073399111628532 0.07338546961545944 0.04251730069518089
v -0.019450660794973373 0.07364833354949951 0.040874890983104706
v -0.01997596025466919 0.07567857950925827 0.04112273082137108
v -0.031223829835653305 0.07174091786146164 0.03935343027114868
v -0.030619800090789795 0.0739668607711792 0.04109025001525879
v -0.03158760070800781 0.07380986213684082 0.03927648067474365
v -0.031223829835653305 0.07174091786146164 0.03935343027114868
v -0.030233200639486313 0.07190155237913132 0.04115699976682663
v -0.030619800090789795 0.0739668607711792 0.04109025001525879
v -0.022893069311976433 0.07309073209762573 0.04344462975859642
v -0.021484849974513054 0.07544630020856857 0.042570941150188446
v -0.023315370082855225 0.0751500129699707 0.0434722900390625
v -0.022893069311976433 0.07309073209762573 0.04344462975859642
v -0.021073399111628532 0.07338546961545944 0.04251730069518089
v -0.021484849974513054 0.07544630020856857 0.042570941150188446
v -0.03157186135649681 0.0716845914721489 0.03781843185424805
v -0.03158760070800781 0.07380986213684082 0.03927648067474365
v -0.03191374987363815 0.07375680655241013 0.03776884078979492
v -0.03157186135649681 0.0716845914721489 0.03781843185424805
v -0.031223829835653305 0.07174091786146164 0.03935343027114868
v -0.03158760070800781 0.07380986213684082 0.03927648067474365
v -0.0261570792645216 0.07230955362319946 0.043909959495067596
v -0.024086469784379005 0.07264488190412521 0.04397374019026756
v -0.02490401081740856 0.07276499271392822 0.043773941695690155
v -0.0261570792645216 0.07230955362319946 0.043909959495067596
v -0.02490401081740856 0.07276499271392822 0.043773941695690155
v -0.02691948041319847 0.07243847101926804 0.04347473010420799
v -0.018198369070887566 0.07359807938337326 0.038748860359191895
v -0.018278179690241814 0.0738406702876091 0.036960359662771225
v -0.018497340381145477 0.0738026425242424 0.03876566141843796
v -0.018198369070887566 0.07359807938337326 0.038748860359191895
v -0.01799011044204235 0.0736318826675415 0.036473389714956284
v -0.018278179690241814 0.0738406702876091 0.036960359662771225
v -0.028116820380091667 0.07199221104383469 0.04322946071624756
v -0.0261570792645216 0.07230955362319946 0.043909959495067596
v -0.02691948041319847 0.07243847101926804 0.04347473010420799
v -0.028116820380091667 0.07199221104383469 0.04322946071624756
v -0.02691948041319847 0.07243847101926804 0.04347473010420799
v -0.02875261940062046 0.07214146107435226 0.04257464036345482
v -0.019008100032806396 0.07346706837415695 0.04068034142255783
v -0.018198369070887566 0.07359807938337326 0.038748860359191895
v -0.018497340381145477 0.0738026425242424 0.03876566141843796
v -0.019008100032806396 0.07346706837415695 0.04068034142255783
v -0.018497340381145477 0.0738026425242424 0.03876566141843796
v -0.019450660794973373 0.07364833354949951 0.040874890983104706
v -0.02979058027267456 0.07172112911939621 0.04199272021651268
v -0.028116820380091667 0.07199221104383469 0.04322946071624756
v -0.02875261940062046 0.07214146107435226 0.04257464036345482
v -0.030233200639486313 0.07190155237913132 0.04115699976682663
v -0.02979058027267456 0.07172112911939621 0.04199272021651268
v -0.02875261940062046 0.07214146107435226 0.04257464036345482
v -0.031029099598526955 0.07152049988508224 0.0403100810945034
v -0.02979058027267456 0.07172112911939621 0.04199272021651268
v -0.030233200639486313 0.07190155237913132 0.04115699976682663
v -0.02034503035247326 0.0732506513595581 0.042283471673727036
v -0.019008100032806396 0.07346706837415695 0.04068034142255783
v -0.019450660794973373 0.07364833354949951 0.040874890983104706
v -0.031223829835653305 0.07174091786146164 0.03935343027114868
v -0.031029099598526955 0.07152049988508224 0.0403100810945034
v -0.030233200639486313 0.07190155237913132 0.04115699976682663
v -0.02034503035247326 0.0732506513595581 0.042283471673727036
v -0.019450660794973373 0.07364833354949951 0.040874890983104706
v -0.021073399111628532 0.07338546961545944 0.04251730069518089
v -0.03177440166473389 0.07139450311660767 0.03810584172606468
v -0.031029099598526955 0.07152049988508224 0.0403100810945034
v -0.031223829835653305 0.07174091786146164 0.03935343027114868
v -0.022089660167694092 0.07296817749738693 0.0434148907661438
v -0.02034503035247326 0.0732506513595581 0.042283471673727036
v -0.021073399111628532 0.07338546961545944 0.04251730069518089
v -0.03157186135649681 0.0716845914721489 0.03781843185424805
v -0.03177440166473389 0.07139450311660767 0.03810584172606468
v -0.031223829835653305 0.07174091786146164 0.03935343027114868
v -0.022089660167694092 0.07296817749738693 0.0434148907661438
v -0.021073399111628532 0.07338546961545944 0.04251730069518089
v -0.022893069311976433 0.07309073209762573 0.04344462975859642
v -0.0316007100045681 0.07167971134185791 0.036224719136953354
v -0.03177440166473389 0.07139450311660767 0.03810584172606468
v -0.03157186135649681 0.0716845914721489 0.03781843185424805
v -0.024086469784379005 0.07264488190412521 0.04397374019026756
v -0.022089660167694092 0.07296817749738693 0.0434148907661438
v -0.022893069311976433 0.07309073209762573 0.04344462975859642
v -0.024086469784379005 0.07264488190412521 0.04397374019026756
v -0.022893069311976433 0.07309073209762573 0.04344462975859642
v -0.02490401081740856 0.07276499271392822 0.043773941695690155
v -0.022413190454244614 0.07316844910383224 0.030733520165085793
v -0.024393370375037193 0.07284765690565109 0.030249590054154396
v -0.02380865067243576 0.07507014274597168 0.030393829569220543
v -0.022413190454244614 0.07316844910383224 0.030733520165085793
v -0.02380865067243576 0.07507014274597168 0.030393829569220543
v -0.021915610879659653 0.07537662237882614 0.03115111030638218
v -0.0316007100045681 0.07167971134185791 0.036224719136953354
v -0.03193192929029465 0.07377641648054123 0.036227401345968246
v -0.03156756982207298 0.07381308078765869 0.03472495079040527
v -0.03102797083556652 0.07177268713712692 0.0341680608689785
v -0.0316007100045681 0.07167971134185791 0.036224719136953354
v -0.03156756982207298 0.07381308078765869 0.03472495079040527
v -0.03102797083556652 0.07177268713712692 0.0341680608689785
v -0.03156756982207298 0.07381308078765869 0.03472495079040527
v -0.03091238997876644 0.07391940802335739 0.033333588391542435
v -0.020668739452958107 0.0734509825706482 0.031798891723155975
v -0.022413190454244614 0.07316844910383224 0.030733520165085793
v -0.021915610879659653 0.07537662237882614 0.03115111030638218
v -0.020668739452958107 0.0734509825706482 0.031798891723155975
v -0.021915610879659653 0.07537662237882614 0.03115111030638218
v -0.02033494971692562 0.07563239336013794 0.03245006874203682
v -0.029904359951615334 0.07195483893156052 0.03244649991393089
v -0.03102797083556652 0.07177268713712692 0.0341680608689785
v -0.03091238997876644 0.07391940802335739 0.033333588391542435
v -0.029904359951615334 0.07195483893156052 0.03244649991393089
v -0.03091238997876644 0.07391940802335739 0.033333588391542435
v -0.0295633003115654 0.0741380974650383 0.03178989142179489
v -0.019207410514354706 0.07369250059127808 0.033517420291900635
v -0.020668739452958107 0.0734509825706482 0.031798891723155975
v -0.02033494971692562 0.07563239336013794 0.03245006874203682
v -0.019207410514354706 0.07369250059127808 0.033517420291900635
v -0.02033494971692562 0.07563239336013794 0.03245006874203682
v -0.01909911073744297 0.07583235949277878 0.034398969262838364
v -0.02832113951444626 0.07221131771802902 0.031147589907050133
v -0.029904359951615334 0.07195483893156052 0.03244649991393089
v -0.0295633003115654 0.0741380974650383 0.03178989142179489
v -0.02832113951444626 0.07221131771802902 0.031147589907050133
v -0.0295633003115654 0.0741380974650383 0.03178989142179489
v -0.02781832031905651 0.07442080229520798 0.030728749930858612
v -0.01846729964017868 0.07380706071853638 0.035399429500103
v -0.019207410514354706 0.07369250059127808 0.033517420291900635
v -0.01909911073744297 0.07583235949277878 0.034398969262838364
v -0.01846729964017868 0.07380706071853638 0.035399429500103
v -0.01909911073744297 0.07583235949277878 0.034398969262838364
v -0.018582219257950783 0.07591532915830612 0.03700000047683716
v -0.026425600051879883 0.07251846045255661 0.030391989275813103
v -0.02832113951444626 0.07221131771802902 0.031147589907050133
v -0.02781832031905651 0.07442080229520798 0.030728749930858612
v -0.026425600051879883 0.07251846045255661 0.030391989275813103
v -0.02781832031905651 0.07442080229520798 0.030728749930858612
v -0.02583896927535534 0.07474136352539062 0.03024864010512829
v -0.018278179690241814 0.0738406702876091 0.036960359662771225
v -0.01846729964017868 0.07380706071853638 0.035399429500103
v -0.018582219257950783 0.07591532915830612 0.03700000047683716
v -0.024393370375037193 0.07284765690565109 0.030249590054154396
v -0.026425600051879883 0.07251846045255661 0.030391989275813103
v -0.02583896927535534 0.07474136352539062 0.03024864010512829
v -0.024393370375037193 0.07284765690565109 0.030249590054154396
v -0.02583896927535534 0.07474136352539062 0.03024864010512829
v -0.02380865067243576 0.07507014274597168 0.030393829569220543
v -0.02408641017973423 0.07264488190412521 0.030026130378246307
v -0.0261570792645216 0.07230955362319946 0.030089909210801125
v -0.024393370375037193 0.07284765690565109 0.030249590054154396
v -0.03173327073454857 0.07140170782804489 0.03571271151304245
v -0.03177440166473389 0.07139450311660767 0.03810584172606468
v -0.0316007100045681 0.07167971134185791 0.036224719136953354
v -0.02408641017973423 0.07264488190412521 0.030026130378246307
v -0.024393370375037193 0.07284765690565109 0.030249590054154396
v -0.022413190454244614 0.07316844910383224 0.030733520165085793
v -0.022089660167694092 0.07296817749738693 0.030585050582885742
v -0.02408641017973423 0.07264488190412521 0.030026130378246307
v -0.022413190454244614 0.07316844910383224 0.030733520165085793
v -0.03173327073454857 0.07140170782804489 0.03571271151304245
v -0.0316007100045681 0.07167971134185791 0.036224719136953354
v -0.03102797083556652 0.07177268713712692 0.0341680608689785
v -0.031029099598526955 0.07152049988508224 0.03368978947401047
v -0.03173327073454857 0.07140170782804489 0.03571271151304245
v -0.03102797083556652 0.07177268713712692 0.0341680608689785
v -0.022089660167694092 0.07296817749738693 0.030585050582885742
v -0.022413190454244614 0.07316844910383224 0.030733520165085793
v -0.020668739452958107 0.0734509825706482 0.031798891723155975
v -0.02018135040998459 0.07328277081251144 0.031854208558797836
v -0.022089660167694092 0.07296817749738693 0.030585050582885742
v -0.020668739452958107 0.0734509825706482 0.031798891723155975
v -0.031029099598526955 0.07152049988508224 0.03368978947401047
v -0.03102797083556652 0.07177268713712692 0.0341680608689785
v -0.029904359951615334 0.07195483893156052 0.03244649991393089
v -0.019207410514354706 0.07369250059127808 0.033517420291900635
v -0.02018135040998459 0.07328277081251144 0.031854208558797836
v -0.020668739452958107 0.0734509825706482 0.031798891723155975
v -0.02979058027267456 0.07172112911939621 0.032007209956645966
v -0.031029099598526955 0.07152049988508224 0.03368978947401047
v -0.029904359951615334 0.07195483893156052 0.03244649991393089
v -0.01864057034254074 0.0735216736793518 0.033959440886974335
v -0.02018135040998459 0.07328277081251144 0.031854208558797836
v -0.019207410514354706 0.07369250059127808 0.033517420291900635
v -0.02979058027267456 0.07172112911939621 0.032007209956645966
v -0.029904359951615334 0.07195483893156052 0.03244649991393089
v -0.02832113951444626 0.07221131771802902 0.031147589907050133
v -0.01846729964017868 0.07380706071853638 0.035399429500103
v -0.01864057034254074 0.0735216736793518 0.033959440886974335
v -0.019207410514354706 0.07369250059127808 0.033517420291900635
v -0.028116760775446892 0.07199221104383469 0.030770480632781982
v -0.02979058027267456 0.07172112911939621 0.032007209956645966
v -0.02832113951444626 0.07221131771802902 0.031147589907050133
v -0.01799011044204235 0.0736318826675415 0.036473389714956284
v -0.01864057034254074 0.0735216736793518 0.033959440886974335
v -0.01846729964017868 0.07380706071853638 0.035399429500103
v -0.018278179690241814 0.0738406702876091 0.036960359662771225
v -0.01799011044204235 0.0736318826675415 0.036473389714956284
v -0.01846729964017868 0.07380706071853638 0.035399429500103
v -0.028116760775446892 0.07199221104383469 0.030770480632781982
v -0.02832113951444626 0.07221131771802902 0.031147589907050133
v -0.026425600051879883 0.07251846045255661 0.030391989275813103
v -0.0261570792645216 0.07230955362319946 0.030089909210801125
v -0.028116760775446892 0.07199221104383469 0.030770480632781982
v -0.026425600051879883 0.07251846045255661 0.030391989275813103
v -0.0261570792645216 0.07230955362319946 0.030089909210801125
v -0.026425600051879883 0.07251846045255661 0.030391989275813103
v -0.024393370375037193 0.07284765690565109 0.030249590054154396
v -0.02581167034804821 0.06623542308807373 0.04376477003097534
v -0.024691399186849594 0.06996268033981323 0.04402124136686325
v -0.026261860504746437 0.06975919008255005 0.04372524842619896
v -0.02581167034804821 0.06623542308807373 0.04376477003097534
v -0.023760370910167694 0.06656765192747116 0.044021300971508026
v -0.024691399186849594 0.06996268033981323 0.04402124136686325
v -0.017033809795975685 0.06765711307525635 0.03787142038345337
v -0.01763921044766903 0.0711544081568718 0.036933060735464096
v -0.01774287037551403 0.07108794897794724 0.038496311753988266
v -0.02581167034804821 0.06623542308807373 0.04376477003097534
v -0.026261860504746437 0.06975919008255005 0.04372524842619896
v -0.027457410469651222 0.0695657730102539 0.04329150170087814
v -0.017033809795975685 0.06765711307525635 0.03787142038345337
v -0.01774287037551403 0.07108794897794724 0.038496311753988266
v -0.01834172010421753 0.07099109143018723 0.04021583870053291
v -0.027697080746293068 0.06593006104230881 0.0429072305560112
v -0.02581167034804821 0.06623542308807373 0.04376477003097534
v -0.027457410469651222 0.0695657730102539 0.04329150170087814
v -0.01773774065077305 0.0675431415438652 0.04010158032178879
v -0.017033809795975685 0.06765711307525635 0.03787142038345337
v -0.01834172010421753 0.07099109143018723 0.04021583870053291
v -0.027697080746293068 0.06593006104230881 0.0429072305560112
v -0.027457410469651222 0.0695657730102539 0.04329150170087814
v -0.028521770611405373 0.06939636915922165 0.042643118649721146
v -0.027697080746293068 0.06593006104230881 0.0429072305560112
v -0.028521770611405373 0.06939636915922165 0.042643118649721146
v -0.029712850227952003 0.06914936751127243 0.04163765162229538
v -0.01873897947371006 0.06738095730543137 0.041637711226940155
v -0.01773774065077305 0.0675431415438652 0.04010158032178879
v -0.01834172010421753 0.07099109143018723 0.04021583870053291
v -0.01873897947371006 0.06738095730543137 0.041637711226940155
v -0.01834172010421753 0.07099109143018723 0.04021583870053291
v -0.01949286088347435 0.07086145132780075 0.041762471199035645
v -0.029426630586385727 0.06564991921186447 0.04132628068327904
v -0.027697080746293068 0.06593006104230881 0.0429072305560112
v -0.029712850227952003 0.06914936751127243 0.04163765162229538
v -0.01873897947371006 0.06738095730543137 0.041637711226940155
v -0.01949286088347435 0.07086145132780075 0.041762471199035645
v -0.02075481042265892 0.07060027122497559 0.042907170951366425
v -0.029426630586385727 0.06564991921186447 0.04132628068327904
v -0.029712850227952003 0.06914936751127243 0.04163765162229538
v -0.030830860137939453 0.0689682886004448 0.03987681120634079
v -0.020319700241088867 0.06712496280670166 0.04298657178878784
v -0.01873897947371006 0.06738095730543137 0.041637711226940155
v -0.02075481042265892 0.07060027122497559 0.042907170951366425
v -0.03041326068341732 0.06549011915922165 0.0395006500184536
v -0.029426630586385727 0.06564991921186447 0.04132628068327904
v -0.030830860137939453 0.0689682886004448 0.03987681120634079
v -0.020319700241088867 0.06712496280670166 0.04298657178878784
v -0.02075481042265892 0.07060027122497559 0.042907170951366425
v -0.022640159353613853 0.07029484957456589 0.04376477003097534
v -0.03041326068341732 0.06549011915922165 0.0395006500184536
v -0.030830860137939453 0.0689682886004448 0.03987681120634079
v -0.031294938176870346 0.06893353909254074 0.0382121205329895
v -0.021967759355902672 0.06685799360275269 0.04371993988752365
v -0.020319700241088867 0.06712496280670166 0.04298657178878784
v -0.022640159353613853 0.07029484957456589 0.04376477003097534
v -0.03086972050368786 0.06541620939970016 0.03752553090453148
v -0.03041326068341732 0.06549011915922165 0.0395006500184536
v -0.031294938176870346 0.06893353909254074 0.0382121205329895
v -0.03086972050368786 0.06541620939970016 0.03752553090453148
v -0.031294938176870346 0.06893353909254074 0.0382121205329895
v -0.031366098672151566 0.06893306225538254 0.036391131579875946
v -0.023760370910167694 0.06656765192747116 0.044021300971508026
v -0.022640159353613853 0.07029484957456589 0.04376477003097534
v -0.024691399186849594 0.06996268033981323 0.04402124136686325
v -0.023760370910167694 0.06656765192747116 0.044021300971508026
v -0.021967759355902672 0.06685799360275269 0.04371993988752365
v -0.022640159353613853 0.07029484957456589 0.04376477003097534
v -0.017230210825800896 0.06762533634901047 0.035254061222076416
v -0.01784311980009079 0.07112962007522583 0.03533004969358444
v -0.01763921044766903 0.0711544081568718 0.036933060735464096
v -0.017033809795975685 0.06765711307525635 0.03787142038345337
v -0.017230210825800896 0.06762533634901047 0.035254061222076416
v -0.01763921044766903 0.0711544081568718 0.036933060735464096
v -0.02479553036391735 0.06639999151229858 0.0300289299339056
v -0.02590774931013584 0.06982176750898361 0.03018099069595337
v -0.024211160838603973 0.07008153200149536 0.030027739703655243
v -0.022476309910416603 0.0667756125330925 0.03012073040008545
v -0.02479553036391735 0.06639999151229858 0.0300289299339056
v -0.024211160838603973 0.07008153200149536 0.030027739703655243
v -0.030708959326148033 0.06544225662946701 0.035503681749105453
v -0.03086972050368786 0.06541620939970016 0.03752553090453148
v -0.031366098672151566 0.06893306225538254 0.036391131579875946
v -0.030708959326148033 0.06544225662946701 0.035503681749105453
v -0.031366098672151566 0.06893306225538254 0.036391131579875946
v -0.0309443399310112 0.0689501091837883 0.034355100244283676
v -0.022476309910416603 0.0667756125330925 0.03012073040008545
v -0.024211160838603973 0.07008153200149536 0.030027739703655243
v -0.022403350099921227 0.07033312320709229 0.03031861037015915
v -0.030110180377960205 0.06553924083709717 0.03378396853804588
v -0.030708959326148033 0.06544225662946701 0.035503681749105453
v -0.0309443399310112 0.0689501091837883 0.034355100244283676
v -0.020319700241088867 0.06712496280670166 0.031013360247015953
v -0.022403350099921227 0.07033312320709229 0.03031861037015915
v -0.020771680399775505 0.07059364765882492 0.031081190332770348
v -0.020319700241088867 0.06712496280670166 0.031013360247015953
v -0.022476309910416603 0.0667756125330925 0.03012073040008545
v -0.022403350099921227 0.07033312320709229 0.03031861037015915
v -0.030110180377960205 0.06553924083709717 0.03378396853804588
v -0.0309443399310112 0.0689501091837883 0.034355100244283676
v -0.029860669746994972 0.06917648762464523 0.03262525051832199
v -0.02872896008193493 0.06576292961835861 0.031894560903310776
v -0.030110180377960205 0.06553924083709717 0.03378396853804588
v -0.029860669746994972 0.06917648762464523 0.03262525051832199
v -0.018336409702897072 0.06744617223739624 0.03280586004257202
v -0.020771680399775505 0.07059364765882492 0.031081190332770348
v -0.019778309389948845 0.07083433121442795 0.03196346014738083
v -0.018336409702897072 0.06744617223739624 0.03280586004257202
v -0.020319700241088867 0.06712496280670166 0.031013360247015953
v -0.020771680399775505 0.07059364765882492 0.031081190332770348
v -0.02872896008193493 0.06576292961835861 0.031894560903310776
v -0.029860669746994972 0.06917648762464523 0.03262525051832199
v -0.028765609487891197 0.0693538710474968 0.03152972087264061
v -0.018336409702897072 0.06744617223739624 0.03280586004257202
v -0.019778309389948845 0.07083433121442795 0.03196346014738083
v -0.0184930507093668 0.07096672058105469 0.03348325937986374
v -0.02678596042096615 0.06607764214277267 0.030592260882258415
v -0.028765609487891197 0.0693538710474968 0.03152972087264061
v -0.027457410469651222 0.0695657730102539 0.030708370730280876
v -0.02678596042096615 0.06607764214277267 0.030592260882258415
v -0.02872896008193493 0.06576292961835861 0.031894560903310776
v -0.028765609487891197 0.0693538710474968 0.03152972087264061
v -0.017230210825800896 0.06762533634901047 0.035254061222076416
v -0.0184930507093668 0.07096672058105469 0.03348325937986374
v -0.01784311980009079 0.07112962007522583 0.03533004969358444
v -0.017230210825800896 0.06762533634901047 0.035254061222076416
v -0.018336409702897072 0.06744617223739624 0.03280586004257202
v -0.0184930507093668 0.07096672058105469 0.03348325937986374
v -0.02678596042096615 0.06607764214277267 0.030592260882258415
v -0.027457410469651222 0.0695657730102539 0.030708370730280876
v -0.02590774931013584 0.06982176750898361 0.03018099069595337
v -0.02479553036391735 0.06639999151229858 0.0300289299339056
v -0.02678596042096615 0.06607764214277267 0.030592260882258415
v -0.02590774931013584 0.06982176750898361 0.03018099069595337
v -0.024691399186849594 0.06996268033981323 0.04402124136686325
v -0.022640159353613853 0.07029484957456589 0.04376477003097534
v -0.02322738990187645 0.07030171155929565 0.04379831999540329
v -0.024691399186849594 0.06996268033981323 0.04402124136686325
v -0.02322738990187645 0.07030171155929565 0.04379831999540329
v -0.02501033991575241 0.07001274079084396 0.04389476031064987
v -0.01774287037551403 0.07108794897794724 0.038496311753988266
v -0.01763921044766903 0.0711544081568718 0.036933060735464096
v -0.017969660460948944 0.07115352153778076 0.03902006149291992
v -0.026261860504746437 0.06975919008255005 0.04372524842619896
v -0.024691399186849594 0.06996268033981323 0.04402124136686325
v -0.02501033991575241 0.07001274079084396 0.04389476031064987
v -0.01834172010421753 0.07099109143018723 0.04021583870053291
v -0.01774287037551403 0.07108794897794724 0.038496311753988266
v -0.017969660460948944 0.07115352153778076 0.03902006149291992
v -0.01834172010421753 0.07099109143018723 0.04021583870053291
v -0.017969660460948944 0.07115352153778076 0.03902006149291992
v -0.018871840089559555 0.07100695371627808 0.04087609052658081
v -0.01949286088347435 0.07086145132780075 0.041762471199035645
v -0.01834172010421753 0.07099109143018723 0.04021583870053291
v -0.018871840089559555 0.07100695371627808 0.04087609052658081
v -0.029712850227952003 0.06914936751127243 0.04163765162229538
v -0.028521770611405373 0.06939636915922165 0.042643118649721146
v -0.029749030247330666 0.06924480199813843 0.04146008938550949
v -0.02075481042265892 0.07060027122497559 0.042907170951366425
v -0.01949286088347435 0.07086145132780075 0.041762471199035645
v -0.021306810900568962 0.07061278074979782 0.04310989007353783
v -0.030830860137939453 0.0689682886004448 0.03987681120634079
v -0.029749030247330666 0.06924480199813843 0.04146008938550949
v -0.030924610793590546 0.06905460357666016 0.03946191072463989
v -0.030830860137939453 0.0689682886004448 0.03987681120634079
v -0.029712850227952003 0.06914936751127243 0.04163765162229538
v -0.029749030247330666 0.06924480199813843 0.04146008938550949
v -0.022640159353613853 0.07029484957456589 0.04376477003097534
v -0.02075481042265892 0.07060027122497559 0.042907170951366425
v -0.021306810900568962 0.07061278074979782 0.04310989007353783
v -0.022640159353613853 0.07029484957456589 0.04376477003097534
v -0.021306810900568962 0.07061278074979782 0.04310989007353783
v -0.02322738990187645 0.07030171155929565 0.04379831999540329
v -0.031294938176870346 0.06893353909254074 0.0382121205329895
v -0.030830860137939453 0.0689682886004448 0.03987681120634079
v -0.030924610793590546 0.06905460357666016 0.03946191072463989
v -0.022403350099921227 0.07033312320709229 0.03031861037015915
v -0.024211160838603973 0.07008153200149536 0.030027739703655243
v -0.021995719522237778 0.07050143927335739 0.030551070347428322
v -0.030776500701904297 0.06907904148101807 0.03420871123671532
v -0.0309443399310112 0.0689501091837883 0.034355100244283676
v -0.031366098672151566 0.06893306225538254 0.036391131579875946
v -0.020771680399775505 0.07059364765882492 0.031081190332770348
v -0.022403350099921227 0.07033312320709229 0.03031861037015915
v -0.021995719522237778 0.07050143927335739 0.030551070347428322
v -0.019778309389948845 0.07083433121442795 0.03196346014738083
v -0.020771680399775505 0.07059364765882492 0.031081190332770348
v -0.021995719522237778 0.07050143927335739 0.030551070347428322
v -0.029860669746994972 0.06917648762464523 0.03262525051832199
v -0.0309443399310112 0.0689501091837883 0.034355100244283676
v -0.030776500701904297 0.06907904148101807 0.03420871123671532
v -0.0184930507093668 0.07096672058105469 0.03348325937986374
v -0.019778309389948845 0.07083433121442795 0.03196346014738083
v -0.018580729141831398 0.07105355709791183 0.03360002860426903
v -0.0184930507093668 0.07096672058105469 0.03348325937986374
v -0.018580729141831398 0.07105355709791183 0.03360002860426903
v -0.01784311980009079 0.07112962007522583 0.03533004969358444
v -0.031366098672151566 0.06893306225538254 0.036391131579875946
v -0.03166614845395088 0.07060819119215012 0.036708589643239975
v -0.03144371137022972 0.07059091329574585 0.03552496060729027
v -0.021995719522237778 0.07050143927335739 0.030551070347428322
v -0.024211160838603973 0.07008153200149536 0.030027739703655243
v -0.023832909762859344 0.07182329148054123 0.030128350481390953
v -0.021995719522237778 0.07050143927335739 0.030551070347428322
v -0.023832909762859344 0.07182329148054123 0.030128350481390953
v -0.022067420184612274 0.07215987890958786 0.030613720417022705
v -0.030776500701904297 0.06907904148101807 0.03420871123671532
v -0.031366098672151566 0.06893306225538254 0.036391131579875946
v -0.03144371137022972 0.07059091329574585 0.03552496060729027
v -0.030776500701904297 0.06907904148101807 0.03420871123671532
v -0.03144371137022972 0.07059091329574585 0.03552496060729027
v -0.030952630564570427 0.0706704780459404 0.03405921906232834
v -0.021995719522237778 0.07050143927335739 0.030551070347428322
v -0.022067420184612274 0.07215987890958786 0.030613720417022705
v -0.02077757939696312 0.07231836766004562 0.031386010348796844
v -0.019778309389948845 0.07083433121442795 0.03196346014738083
v -0.021995719522237778 0.07050143927335739 0.030551070347428322
v -0.02077757939696312 0.07231836766004562 0.031386010348796844
v -0.030776500701904297 0.06907904148101807 0.03420871123671532
v -0.030952630564570427 0.0706704780459404 0.03405921906232834
v -0.030465299263596535 0.0708000585436821 0.033067699521780014
v -0.029860669746994972 0.06917648762464523 0.03262525051832199
v -0.030776500701904297 0.06907904148101807 0.03420871123671532
v -0.030465299263596535 0.0708000585436821 0.033067699521780014
v -0.019778309389948845 0.07083433121442795 0.03196346014738083
v -0.02077757939696312 0.07231836766004562 0.031386010348796844
v -0.01916258968412876 0.07257974147796631 0.033027518540620804
v -0.029860669746994972 0.06917648762464523 0.03262525051832199
v -0.030465299263596535 0.0708000585436821 0.033067699521780014
v -0.029081519693136215 0.07097350805997849 0.03163617104291916
v -0.028765609487891197 0.0693538710474968 0.03152972087264061
v -0.029860669746994972 0.06917648762464523 0.03262525051832199
v -0.029081519693136215 0.07097350805997849 0.03163617104291916
v -0.018580729141831398 0.07105355709791183 0.03360002860426903
v -0.019778309389948845 0.07083433121442795 0.03196346014738083
v -0.01916258968412876 0.07257974147796631 0.033027518540620804
v -0.028765609487891197 0.0693538710474968 0.03152972087264061
v -0.029081519693136215 0.07097350805997849 0.03163617104291916
v -0.027576740831136703 0.0712171122431755 0.030683869495987892
v -0.018580729141831398 0.07105355709791183 0.03360002860426903
v -0.01916258968412876 0.07257974147796631 0.033027518540620804
v -0.0182680394500494 0.07272177189588547 0.03492509946227074
v -0.027457410469651222 0.0695657730102539 0.030708370730280876
v -0.028765609487891197 0.0693538710474968 0.03152972087264061
v -0.027576740831136703 0.0712171122431755 0.030683869495987892
v -0.01784311980009079 0.07112962007522583 0.03533004969358444
v -0.018580729141831398 0.07105355709791183 0.03360002860426903
v -0.0182680394500494 0.07272177189588547 0.03492509946227074
v -0.01784311980009079 0.07112962007522583 0.03533004969358444
v -0.0182680394500494 0.07272177189588547 0.03492509946227074
v -0.017943499609827995 0.07278137654066086 0.03676192834973335
v -0.02590774931013584 0.06982176750898361 0.03018099069595337
v -0.027576740831136703 0.0712171122431755 0.030683869495987892
v -0.025857560336589813 0.07149571180343628 0.03017478995025158
v -0.02590774931013584 0.06982176750898361 0.03018099069595337
v -0.027457410469651222 0.0695657730102539 0.030708370730280876
v -0.027576740831136703 0.0712171122431755 0.030683869495987892
v -0.01763921044766903 0.0711544081568718 0.036933060735464096
v -0.01784311980009079 0.07112962007522583 0.03533004969358444
v -0.017943499609827995 0.07278137654066086 0.03676192834973335
v -0.02590774931013584 0.06982176750898361 0.03018099069595337
v -0.025857560336589813 0.07149571180343628 0.03017478995025158
v -0.023832909762859344 0.07182329148054123 0.030128350481390953
v -0.024211160838603973 0.07008153200149536 0.030027739703655243
v -0.02590774931013584 0.06982176750898361 0.03018099069595337
v -0.023832909762859344 0.07182329148054123 0.030128350481390953
v -0.025077220052480698 0.0717226192355156 0.029981790110468864
v -0.023274119943380356 0.07201486080884933 0.030158160254359245
v -0.023832909762859344 0.07182329148054123 0.030128350481390953
v -0.017971809953451157 0.07287794351577759 0.035746630281209946
v -0.017891820520162582 0.07288657873868942 0.03754584863781929
v -0.017943499609827995 0.07278137654066086 0.03676192834973335
v -0.025077220052480698 0.0717226192355156 0.029981790110468864
v -0.023832909762859344 0.07182329148054123 0.030128350481390953
v -0.025857560336589813 0.07149571180343628 0.03017478995025158
v -0.0182680394500494 0.07272177189588547 0.03492509946227074
v -0.017971809953451157 0.07287794351577759 0.035746630281209946
v -0.017943499609827995 0.07278137654066086 0.03676192834973335
v -0.02735608071088791 0.0713532492518425 0.03045761026442051
v -0.025077220052480698 0.0717226192355156 0.029981790110468864
v -0.025857560336589813 0.07149571180343628 0.03017478995025158
v -0.02735608071088791 0.0713532492518425 0.03045761026442051
v -0.025857560336589813 0.07149571180343628 0.03017478995025158
v -0.027576740831136703 0.0712171122431755 0.030683869495987892
v -0.01862942986190319 0.07276760786771774 0.03378402814269066
v -0.017971809953451157 0.07287794351577759 0.035746630281209946
v -0.0182680394500494 0.07272177189588547 0.03492509946227074
v -0.01862942986190319 0.07276760786771774 0.03378402814269066
v -0.0182680394500494 0.07272177189588547 0.03492509946227074
v -0.01916258968412876 0.07257974147796631 0.033027518540620804
v -0.02933477982878685 0.0710330605506897 0.03169213980436325
v -0.02735608071088791 0.0713532492518425 0.03045761026442051
v -0.027576740831136703 0.0712171122431755 0.030683869495987892
v -0.02933477982878685 0.0710330605506897 0.03169213980436325
v -0.027576740831136703 0.0712171122431755 0.030683869495987892
v -0.029081519693136215 0.07097350805997849 0.03163617104291916
v -0.01954369992017746 0.07262121886014938 0.032438989728689194
v -0.01862942986190319 0.07276760786771774 0.03378402814269066
v -0.01916258968412876 0.07257974147796631 0.033027518540620804
v -0.02069585956633091 0.0724322721362114 0.031333621591329575
v -0.01916258968412876 0.07257974147796631 0.033027518540620804
v -0.02077757939696312 0.07231836766004562 0.031386010348796844
v -0.02069585956633091 0.0724322721362114 0.031333621591329575
v -0.01954369992017746 0.07262121886014938 0.032438989728689194
v -0.01916258968412876 0.07257974147796631 0.033027518540620804
v -0.02933477982878685 0.0710330605506897 0.03169213980436325
v -0.029081519693136215 0.07097350805997849 0.03163617104291916
v -0.030465299263596535 0.0708000585436821 0.033067699521780014
v -0.03134607896208763 0.07070732116699219 0.03470366820693016
v -0.030465299263596535 0.0708000585436821 0.033067699521780014
v -0.030952630564570427 0.0706704780459404 0.03405921906232834
v -0.022067420184612274 0.07215987890958786 0.030613720417022705
v -0.02069585956633091 0.0724322721362114 0.031333621591329575
v -0.02077757939696312 0.07231836766004562 0.031386010348796844
v -0.03134607896208763 0.07070732116699219 0.03470366820693016
v -0.030952630564570427 0.0706704780459404 0.03405921906232834
v -0.03144371137022972 0.07059091329574585 0.03552496060729027
v -0.023274119943380356 0.07201486080884933 0.030158160254359245
v -0.022067420184612274 0.07215987890958786 0.030613720417022705
v -0.023832909762859344 0.07182329148054123 0.030128350481390953
v -0.03166614845395088 0.07060819119215012 0.036708589643239975
v -0.03134607896208763 0.07070732116699219 0.03470366820693016
v -0.03144371137022972 0.07059091329574585 0.03552496060729027
v -0.025077220052480698 0.0717226192355156 0.029981790110468864
v -0.02735608071088791 0.0713532492518425 0.03045761026442051
v -0.0261570792645216 0.07230955362319946 0.030089909210801125
v -0.03166614845395088 0.07060819119215012 0.036708589643239975
v -0.03177440166473389 0.07139450311660767 0.03810584172606468
v -0.03173327073454857 0.07140170782804489 0.03571271151304245
v -0.017891820520162582 0.07288657873868942 0.03754584863781929
v -0.017971809953451157 0.07287794351577759 0.035746630281209946
v -0.01799011044204235 0.0736318826675415 0.036473389714956284
v -0.025077220052480698 0.0717226192355156 0.029981790110468864
v -0.0261570792645216 0.07230955362319946 0.030089909210801125
v -0.02408641017973423 0.07264488190412521 0.030026130378246307
v -0.023274119943380356 0.07201486080884933 0.030158160254359245
v -0.025077220052480698 0.0717226192355156 0.029981790110468864
v -0.02408641017973423 0.07264488190412521 0.030026130378246307
v -0.03134607896208763 0.07070732116699219 0.03470366820693016
v -0.03166614845395088 0.07060819119215012 0.036708589643239975
v -0.03173327073454857 0.07140170782804489 0.03571271151304245
v -0.023274119943380356 0.07201486080884933 0.030158160254359245
v -0.02408641017973423 0.07264488190412521 0.030026130378246307
v -0.022089660167694092 0.07296817749738693 0.030585050582885742
v -0.03134607896208763 0.07070732116699219 0.03470366820693016
v -0.03173327073454857 0.07140170782804489 0.03571271151304245
v -0.031029099598526955 0.07152049988508224 0.03368978947401047
v -0.022067420184612274 0.07215987890958786 0.030613720417022705
v -0.023274119943380356 0.07201486080884933 0.030158160254359245
v -0.022089660167694092 0.07296817749738693 0.030585050582885742
v -0.030465299263596535 0.0708000585436821 0.033067699521780014
v -0.03134607896208763 0.07070732116699219 0.03470366820693016
v -0.031029099598526955 0.07152049988508224 0.03368978947401047
v -0.02069585956633091 0.0724322721362114 0.031333621591329575
v -0.022067420184612274 0.07215987890958786 0.030613720417022705
v -0.022089660167694092 0.07296817749738693 0.030585050582885742
v -0.02069585956633091 0.0724322721362114 0.031333621591329575
v -0.022089660167694092 0.07296817749738693 0.030585050582885742
v -0.02018135040998459 0.07328277081251144 0.031854208558797836
v -0.030465299263596535 0.0708000585436821 0.033067699521780014
v -0.031029099598526955 0.07152049988508224 0.03368978947401047
v -0.02979058027267456 0.07172112911939621 0.032007209956645966
v -0.02933477982878685 0.0710330605506897 0.03169213980436325
v -0.030465299263596535 0.0708000585436821 0.033067699521780014
v -0.02979058027267456 0.07172112911939621 0.032007209956645966
v -0.01954369992017746 0.07262121886014938 0.032438989728689194
v -0.02069585956633091 0.0724322721362114 0.031333621591329575
v -0.02018135040998459 0.07328277081251144 0.031854208558797836
v -0.01954369992017746 0.07262121886014938 0.032438989728689194
v -0.02018135040998459 0.07328277081251144 0.031854208558797836
v -0.01864057034254074 0.0735216736793518 0.033959440886974335
v -0.02933477982878685 0.0710330605506897 0.03169213980436325
v -0.02979058027267456 0.07172112911939621 0.032007209956645966
v -0.028116760775446892 0.07199221104383469 0.030770480632781982
v -0.01862942986190319 0.07276760786771774 0.03378402814269066
v -0.01954369992017746 0.07262121886014938 0.032438989728689194
v -0.01864057034254074 0.0735216736793518 0.033959440886974335
v -0.02735608071088791 0.0713532492518425 0.03045761026442051
v -0.02933477982878685 0.0710330605506897 0.03169213980436325
v -0.028116760775446892 0.07199221104383469 0.030770480632781982
v -0.02735608071088791 0.0713532492518425 0.03045761026442051
v -0.028116760775446892 0.07199221104383469 0.030770480632781982
v -0.0261570792645216 0.07230955362319946 0.030089909210801125
v -0.017971809953451157 0.07287794351577759 0.035746630281209946
v -0.01862942986190319 0.07276760786771774 0.03378402814269066
v -0.01864057034254074 0.0735216736793518 0.033959440886974335
v -0.017971809953451157 0.07287794351577759 0.035746630281209946
v -0.01864057034254074 0.0735216736793518 0.033959440886974335
v -0.01799011044204235 0.0736318826675415 0.036473389714956284
v -0.03233342990279198 0.06517142057418823 0.0382196307182312
v -0.03086972050368786 0.06541620939970016 0.03752553090453148
v -0.0323367714881897 0.0651787519454956 0.03599929064512253
v -0.023946160450577736 0.06653761118650436 0.045539490878582
v -0.023760370910167694 0.06656765192747116 0.044021300971508026
v -0.02581167034804821 0.06623542308807373 0.04376477003097534
v -0.027286110445857048 0.06599675863981247 0.04486136883497238
v -0.023946160450577736 0.06653761118650436 0.045539490878582
v -0.02581167034804821 0.06623542308807373 0.04376477003097534
v -0.03233342990279198 0.06517142057418823 0.0382196307182312
v -0.03041326068341732 0.06549011915922165 0.0395006500184536
v -0.03086972050368786 0.06541620939970016 0.03752553090453148
v -0.020319700241088867 0.06712496280670166 0.031013360247015953
v -0.018336409702897072 0.06744617223739624 0.03280586004257202
v -0.018895259127020836 0.06735575199127197 0.030139079317450523
v -0.018336409702897072 0.06744617223739624 0.03280586004257202
v -0.01664583943784237 0.06771998852491379 0.032730039209127426
v -0.018895259127020836 0.06735575199127197 0.030139079317450523
v -0.031246479600667953 0.06535524129867554 0.04126960039138794
v -0.03041326068341732 0.06549011915922165 0.0395006500184536
v -0.03233342990279198 0.06517142057418823 0.0382196307182312
v -0.027286110445857048 0.06599675863981247 0.04486136883497238
v -0.02581167034804821 0.06623542308807373 0.04376477003097534
v -0.027697080746293068 0.06593006104230881 0.0429072305560112
v -0.031246479600667953 0.06535524129867554 0.04126960039138794
v -0.029426630586385727 0.06564991921186447 0.04132628068327904
v -0.03041326068341732 0.06549011915922165 0.0395006500184536
v -0.020319700241088867 0.06712496280670166 0.031013360247015953
v -0.018895259127020836 0.06735575199127197 0.030139079317450523
v -0.020793430507183075 0.06704044342041016 0.029030680656433105
v -0.022476309910416603 0.0667756125330925 0.03012073040008545
v -0.020319700241088867 0.06712496280670166 0.031013360247015953
v -0.020793430507183075 0.06704044342041016 0.029030680656433105
v -0.029181890189647675 0.0656818076968193 0.043749451637268066
v -0.027286110445857048 0.06599675863981247 0.04486136883497238
v -0.027697080746293068 0.06593006104230881 0.0429072305560112
v -0.017230210825800896 0.06762533634901047 0.035254061222076416
v -0.01664583943784237 0.06771998852491379 0.032730039209127426
v -0.018336409702897072 0.06744617223739624 0.03280586004257202
v -0.017230210825800896 0.06762533634901047 0.035254061222076416
v -0.015556270256638527 0.06788866966962814 0.035780131816864014
v -0.01664583943784237 0.06771998852491379 0.032730039209127426
v -0.029181890189647675 0.0656818076968193 0.043749451637268066
v -0.029426630586385727 0.06564991921186447 0.04132628068327904
v -0.031246479600667953 0.06535524129867554 0.04126960039138794
v -0.029181890189647675 0.0656818076968193 0.043749451637268066
v -0.027697080746293068 0.06593006104230881 0.0429072305560112
v -0.029426630586385727 0.06564991921186447 0.04132628068327904
v -0.022476309910416603 0.0667756125330925 0.03012073040008545
v -0.020793430507183075 0.06704044342041016 0.029030680656433105
v -0.02394610084593296 0.06653761118650436 0.028460439294576645
v -0.017033809795975685 0.06765711307525635 0.03787142038345337
v -0.015556270256638527 0.06788866966962814 0.035780131816864014
v -0.017230210825800896 0.06762533634901047 0.035254061222076416
v -0.017033809795975685 0.06765711307525635 0.03787142038345337
v -0.01555550005286932 0.06789671629667282 0.03800088167190552
v -0.015556270256638527 0.06788866966962814 0.035780131816864014
v -0.02479553036391735 0.06639999151229858 0.0300289299339056
v -0.022476309910416603 0.0667756125330925 0.03012073040008545
v -0.02394610084593296 0.06653761118650436 0.028460439294576645
v -0.02479553036391735 0.06639999151229858 0.0300289299339056
v -0.02394610084593296 0.06653761118650436 0.028460439294576645
v -0.027286110445857048 0.06599675863981247 0.02913849987089634
v -0.02678596042096615 0.06607764214277267 0.030592260882258415
v -0.02479553036391735 0.06639999151229858 0.0300289299339056
v -0.027286110445857048 0.06599675863981247 0.02913849987089634
v -0.01773774065077305 0.0675431415438652 0.04010158032178879
v -0.01555550005286932 0.06789671629667282 0.03800088167190552
v -0.017033809795975685 0.06765711307525635 0.03787142038345337
v -0.01773774065077305 0.0675431415438652 0.04010158032178879
v -0.01664583943784237 0.06771998852491379 0.041269831359386444
v -0.01555550005286932 0.06789671629667282 0.03800088167190552
v -0.02872896008193493 0.06576292961835861 0.031894560903310776
v -0.02678596042096615 0.06607764214277267 0.030592260882258415
v -0.027286110445857048 0.06599675863981247 0.02913849987089634
v -0.01873897947371006 0.06738095730543137 0.041637711226940155
v -0.01664583943784237 0.06771998852491379 0.041269831359386444
v -0.01773774065077305 0.0675431415438652 0.04010158032178879
v -0.0291818305850029 0.0656818076968193 0.0302504301071167
v -0.02872896008193493 0.06576292961835861 0.031894560903310776
v -0.027286110445857048 0.06599675863981247 0.02913849987089634
v -0.01870792917907238 0.06737828254699707 0.04374951124191284
v -0.01664583943784237 0.06771998852491379 0.041269831359386444
v -0.01873897947371006 0.06738095730543137 0.041637711226940155
v -0.020319700241088867 0.06712496280670166 0.04298657178878784
v -0.01870792917907238 0.06737828254699707 0.04374951124191284
v -0.01873897947371006 0.06738095730543137 0.041637711226940155
v -0.03124653920531273 0.06535524129867554 0.032730281352996826
v -0.02872896008193493 0.06576292961835861 0.031894560903310776
v -0.0291818305850029 0.0656818076968193 0.0302504301071167
v -0.030110180377960205 0.06553924083709717 0.03378396853804588
v -0.02872896008193493 0.06576292961835861 0.031894560903310776
v -0.03124653920531273 0.06535524129867554 0.032730281352996826
v -0.020606450736522675 0.0670785903930664 0.04486161097884178
v -0.01870792917907238 0.06737828254699707 0.04374951124191284
v -0.020319700241088867 0.06712496280670166 0.04298657178878784
v -0.020606450736522675 0.0670785903930664 0.04486161097884178
v -0.020319700241088867 0.06712496280670166 0.04298657178878784
v -0.021967759355902672 0.06685799360275269 0.04371993988752365
v -0.0323367714881897 0.0651787519454956 0.03599929064512253
v -0.030708959326148033 0.06544225662946701 0.035503681749105453
v -0.030110180377960205 0.06553924083709717 0.03378396853804588
v -0.0323367714881897 0.0651787519454956 0.03599929064512253
v -0.030110180377960205 0.06553924083709717 0.03378396853804588
v -0.03124653920531273 0.06535524129867554 0.032730281352996826
v -0.020606450736522675 0.0670785903930664 0.04486161097884178
v -0.021967759355902672 0.06685799360275269 0.04371993988752365
v -0.023760370910167694 0.06656765192747116 0.044021300971508026
v -0.0323367714881897 0.0651787519454956 0.03599929064512253
v -0.03086972050368786 0.06541620939970016 0.03752553090453148
v -0.030708959326148033 0.06544225662946701 0.035503681749105453
v -0.023946160450577736 0.06653761118650436 0.045539490878582
v -0.020606450736522675 0.0670785903930664 0.04486161097884178
v -0.023760370910167694 0.06656765192747116 0.044021300971508026
v -0.02905482053756714 0.06368409842252731 0.0313643217086792
v -0.030926579609513283 0.0633808895945549 0.0327300988137722
v -0.028677040711045265 0.06374514102935791 0.030139019712805748
v -0.016325950622558594 0.06574565172195435 0.04126960039138794
v -0.01618224009871483 0.06576906889677048 0.03937453031539917
v -0.01523900032043457 0.06592953205108643 0.03821969032287598
v -0.03038482926785946 0.06346868723630905 0.0331110917031765
v -0.030926579609513283 0.0633808895945549 0.0327300988137722
v -0.02905482053756714 0.06368409842252731 0.0313643217086792
v -0.027298269793391228 0.06396859139204025 0.0300598107278347
v -0.02905482053756714 0.06368409842252731 0.0313643217086792
v -0.028677040711045265 0.06374514102935791 0.030139019712805748
v -0.01857542060315609 0.06538122147321701 0.0438607893884182
v -0.020950550213456154 0.06499671190977097 0.04439288005232811
v -0.019030800089240074 0.0653076097369194 0.043350450694561005
v -0.01857542060315609 0.06538122147321701 0.0438607893884182
v -0.02047616057097912 0.06508129090070724 0.044969260692596436
v -0.020950550213456154 0.06499671190977097 0.04439288005232811
v -0.016325950622558594 0.06574565172195435 0.04126960039138794
v -0.017472080886363983 0.06556010246276855 0.041809551417827606
v -0.01618224009871483 0.06576906889677048 0.03937453031539917
v -0.027298269793391228 0.06396859139204025 0.0300598107278347
v -0.028677040711045265 0.06374514102935791 0.030139019712805748
v -0.026778990402817726 0.06406044214963913 0.029030680656433105
v -0.01857542060315609 0.06538122147321701 0.0438607893884182
v -0.017472080886363983 0.06556010246276855 0.041809551417827606
v -0.016325950622558594 0.06574565172195435 0.04126960039138794
v -0.01857542060315609 0.06538122147321701 0.0438607893884182
v -0.019030800089240074 0.0653076097369194 0.043350450694561005
v -0.017472080886363983 0.06556010246276855 0.041809551417827606
v -0.031184310093522072 0.0633392333984375 0.035162560641765594
v -0.03201698884367943 0.06320416182279587 0.03599929064512253
v -0.030926579609513283 0.0633808895945549 0.0327300988137722
v -0.031184310093522072 0.0633392333984375 0.035162560641765594
v -0.030926579609513283 0.0633808895945549 0.0327300988137722
v -0.03038482926785946 0.06346868723630905 0.0331110917031765
v -0.025253290310502052 0.0642998218536377 0.029300149530172348
v -0.027298269793391228 0.06396859139204025 0.0300598107278347
v -0.026778990402817726 0.06406044214963913 0.029030680656433105
v -0.025253290310502052 0.0642998218536377 0.029300149530172348
v -0.026778990402817726 0.06406044214963913 0.029030680656433105
v -0.023626260459423065 0.06456326693296432 0.028460439294576645
v -0.03138488158583641 0.06330668181180954 0.03700000047683716
v -0.03201698884367943 0.06320416182279587 0.03599929064512253
v -0.031184310093522072 0.0633392333984375 0.035162560641765594
v -0.02308039925992489 0.064651720225811 0.02914517931640148
v -0.025253290310502052 0.0642998218536377 0.029300149530172348
v -0.023626260459423065 0.06456326693296432 0.028460439294576645
v -0.03138488158583641 0.06330668181180954 0.03700000047683716
v -0.0320160910487175 0.06321220844984055 0.03821973875164986
v -0.03201698884367943 0.06320416182279587 0.03599929064512253
v -0.031184310093522072 0.0633392333984375 0.038837309926748276
v -0.0320160910487175 0.06321220844984055 0.03821973875164986
v -0.03138488158583641 0.06330668181180954 0.03700000047683716
v -0.02308039925992489 0.064651720225811 0.02914517931640148
v -0.023626260459423065 0.06456326693296432 0.028460439294576645
v -0.020476099103689194 0.06508129090070724 0.029030680656433105
v -0.020950550213456154 0.06499671190977097 0.02960699051618576
v -0.02308039925992489 0.064651720225811 0.02914517931640148
v -0.020476099103689194 0.06508129090070724 0.029030680656433105
v -0.030926579609513283 0.0633808895945549 0.041269831359386444
v -0.0320160910487175 0.06321220844984055 0.03821973875164986
v -0.031184310093522072 0.0633392333984375 0.038837309926748276
v -0.03038482926785946 0.06346868723630905 0.04088890179991722
v -0.030926579609513283 0.0633808895945549 0.041269831359386444
v -0.031184310093522072 0.0633392333984375 0.038837309926748276
v -0.020950550213456154 0.06499671190977097 0.02960699051618576
v -0.020476099103689194 0.06508129090070724 0.029030680656433105
v -0.01857542060315609 0.06538122147321701 0.030139079317450523
v -0.0190307404845953 0.0653076097369194 0.03064947947859764
v -0.020950550213456154 0.06499671190977097 0.02960699051618576
v -0.01857542060315609 0.06538122147321701 0.030139079317450523
v -0.029054880142211914 0.06368409842252731 0.042635560035705566
v -0.030926579609513283 0.0633808895945549 0.041269831359386444
v -0.03038482926785946 0.06346868723630905 0.04088890179991722
v -0.028864679858088493 0.06372261047363281 0.043749451637268066
v -0.030926579609513283 0.0633808895945549 0.041269831359386444
v -0.029054880142211914 0.06368409842252731 0.042635560035705566
v -0.017472080886363983 0.06556010246276855 0.032190319150686264
v -0.0190307404845953 0.0653076097369194 0.03064947947859764
v -0.01857542060315609 0.06538122147321701 0.030139079317450523
v -0.016325950622558594 0.06574565172195435 0.0327303409576416
v -0.017472080886363983 0.06556010246276855 0.032190319150686264
v -0.01857542060315609 0.06538122147321701 0.030139079317450523
v -0.027298329398036003 0.06396859139204025 0.04394005984067917
v -0.028864679858088493 0.06372261047363281 0.043749451637268066
v -0.029054880142211914 0.06368409842252731 0.042635560035705566
v -0.026966029778122902 0.06402230262756348 0.04486161097884178
v -0.028864679858088493 0.06372261047363281 0.043749451637268066
v -0.027298329398036003 0.06396859139204025 0.04394005984067917
v -0.016396820545196533 0.06573425978422165 0.03410840034484863
v -0.017472080886363983 0.06556010246276855 0.032190319150686264
v -0.016325950622558594 0.06574565172195435 0.0327303409576416
v -0.015235720202326775 0.06592214107513428 0.03599923104047775
v -0.016396820545196533 0.06573425978422165 0.03410840034484863
v -0.016325950622558594 0.06574565172195435 0.0327303409576416
v -0.026966029778122902 0.06402230262756348 0.04486161097884178
v -0.027298329398036003 0.06396859139204025 0.04394005984067917
v -0.025253290310502052 0.0642998218536377 0.04469972103834152
v -0.015863649547100067 0.06582062691450119 0.036447521299123764
v -0.016396820545196533 0.06573425978422165 0.03410840034484863
v -0.015235720202326775 0.06592214107513428 0.03599923104047775
v -0.023626260459423065 0.06456326693296432 0.045539490878582
v -0.026966029778122902 0.06402230262756348 0.04486161097884178
v -0.025253290310502052 0.0642998218536377 0.04469972103834152
v -0.023626260459423065 0.06456326693296432 0.045539490878582
v -0.025253290310502052 0.0642998218536377 0.04469972103834152
v -0.023080339655280113 0.06465177983045578 0.04485476016998291
v -0.01523900032043457 0.06592953205108643 0.03821969032287598
v -0.015863649547100067 0.06582062691450119 0.036447521299123764
v -0.015235720202326775 0.06592214107513428 0.03599923104047775
v -0.01523900032043457 0.06592953205108643 0.03821969032287598
v -0.01618224009871483 0.06576906889677048 0.03937453031539917
v -0.015863649547100067 0.06582062691450119 0.036447521299123764
v -0.02047616057097912 0.06508129090070724 0.044969260692596436
v -0.023080339655280113 0.06465177983045578 0.04485476016998291
v -0.020950550213456154 0.06499671190977097 0.04439288005232811
v -0.02047616057097912 0.06508129090070724 0.044969260692596436
v -0.023626260459423065 0.06456326693296432 0.045539490878582
v -0.023080339655280113 0.06465177983045578 0.04485476016998291
v -0.03203845024108887 0.06333655118942261 0.03995800018310547
v -0.0320160910487175 0.06321220844984055 0.03821973875164986
v -0.030926579609513283 0.0633808895945549 0.041269831359386444
v -0.03146082162857056 0.06343083828687668 0.041329920291900635
v -0.03203845024108887 0.06333655118942261 0.03995800018310547
v -0.030926579609513283 0.0633808895945549 0.041269831359386444
v -0.030398720875382423 0.06360167264938354 0.04286354035139084
v -0.03146082162857056 0.06343083828687668 0.041329920291900635
v -0.030926579609513283 0.0633808895945549 0.041269831359386444
v -0.030398720875382423 0.06360167264938354 0.04286354035139084
v -0.030926579609513283 0.0633808895945549 0.041269831359386444
v -0.028864679858088493 0.06372261047363281 0.043749451637268066
v -0.025291260331869125 0.06442563980817795 0.045852888375520706
v -0.02559524029493332 0.06614071130752563 0.04583870992064476
v -0.026966029778122902 0.06402230262756348 0.04486161097884178
v -0.02559524029493332 0.06614071130752563 0.04583870992064476
v -0.027286110445857048 0.06599675863981247 0.04486136883497238
v -0.026966029778122902 0.06402230262756348 0.04486161097884178
v -0.026966029778122902 0.06402230262756348 0.04486161097884178
v -0.027286110445857048 0.06599675863981247 0.04486136883497238
v -0.028864679858088493 0.06372261047363281 0.043749451637268066
v -0.027286110445857048 0.06599675863981247 0.04486136883497238
v -0.029181890189647675 0.0656818076968193 0.043749451637268066
v -0.028864679858088493 0.06372261047363281 0.043749451637268066
v -0.028864679858088493 0.06372261047363281 0.043749451637268066
v -0.029181890189647675 0.0656818076968193 0.043749451637268066
v -0.030398720875382423 0.06360167264938354 0.04286354035139084
v -0.029181890189647675 0.0656818076968193 0.043749451637268066
v -0.03092247061431408 0.06526707857847214 0.042622439563274384
v -0.030398720875382423 0.06360167264938354 0.04286354035139084
v -0.021981170400977135 0.06496547907590866 0.045840200036764145
v -0.023626260459423065 0.06456326693296432 0.045539490878582
v -0.02047616057097912 0.06508129090070724 0.044969260692596436
v -0.021981170400977135 0.06496547907590866 0.045840200036764145
v -0.023443160578608513 0.06472945213317871 0.04601924866437912
v -0.023626260459423065 0.06456326693296432 0.045539490878582
v -0.017200520262122154 0.06749439239501953 0.04288214072585106
v -0.01870792917907238 0.06737828254699707 0.04374951124191284
v -0.01673745922744274 0.06581991165876389 0.042755838483572006
v -0.01673745922744274 0.06581991165876389 0.042755838483572006
v -0.01870792917907238 0.06737828254699707 0.04374951124191284
v -0.01857542060315609 0.06538122147321701 0.0438607893884182
v -0.01870792917907238 0.06737828254699707 0.04374951124191284
v -0.020606450736522675 0.0670785903930664 0.04486161097884178
v -0.01857542060315609 0.06538122147321701 0.0438607893884182
v -0.01857542060315609 0.06538122147321701 0.0438607893884182
v -0.020606450736522675 0.0670785903930664 0.04486161097884178
v -0.02047616057097912 0.06508129090070724 0.044969260692596436
v -0.020606450736522675 0.0670785903930664 0.04486161097884178
v -0.022293860092759132 0.06667201966047287 0.045860111713409424
v -0.02047616057097912 0.06508129090070724 0.044969260692596436
v -0.02047616057097912 0.06508129090070724 0.044969260692596436
v -0.022293860092759132 0.06667201966047287 0.045860111713409424
v -0.021981170400977135 0.06496547907590866 0.045840200036764145
v -0.030701039358973503 0.06443052738904953 0.03996222838759422
v -0.031184310093522072 0.0633392333984375 0.038837309926748276
v -0.03125547990202904 0.06434071063995361 0.03780680149793625
v -0.020950550213456154 0.06499671190977097 0.04439288005232811
v -0.023080339655280113 0.06465177983045578 0.04485476016998291
v -0.021941179409623146 0.06584929674863815 0.044372428208589554
v -0.021941179409623146 0.06584929674863815 0.044372428208589554
v -0.023080339655280113 0.06465177983045578 0.04485476016998291
v -0.024052560329437256 0.06550735235214233 0.044601019471883774
v -0.01631695032119751 0.06676024198532104 0.03619306907057762
v -0.015863649547100067 0.06582062691450119 0.036447521299123764
v -0.016409749165177345 0.06674522161483765 0.03841495141386986
v -0.015863649547100067 0.06582062691450119 0.036447521299123764
v -0.01618224009871483 0.06576906889677048 0.03937453031539917
v -0.016409749165177345 0.06674522161483765 0.03841495141386986
v -0.031184310093522072 0.0633392333984375 0.038837309926748276
v -0.03138488158583641 0.06330668181180954 0.03700000047683716
v -0.03125547990202904 0.06434071063995361 0.03780680149793625
v -0.023080339655280113 0.06465177983045578 0.04485476016998291
v -0.025253290310502052 0.0642998218536377 0.04469972103834152
v -0.024052560329437256 0.06550735235214233 0.044601019471883774
v -0.024052560329437256 0.06550735235214233 0.044601019471883774
v -0.025253290310502052 0.0642998218536377 0.04469972103834152
v -0.026142530143260956 0.06516879051923752 0.044221460819244385
v -0.016409749165177345 0.06674522161483765 0.03841495141386986
v -0.01618224009871483 0.06576906889677048 0.03937453031539917
v -0.017096159979701042 0.06663399189710617 0.040451519191265106
v -0.025253290310502052 0.0642998218536377 0.04469972103834152
v -0.027298329398036003 0.06396859139204025 0.04394005984067917
v -0.026142530143260956 0.06516879051923752 0.044221460819244385
v -0.01618224009871483 0.06576906889677048 0.03937453031539917
v -0.017472080886363983 0.06556010246276855 0.041809551417827606
v -0.017096159979701042 0.06663399189710617 0.040451519191265106
v -0.026142530143260956 0.06516879051923752 0.044221460819244385
v -0.027298329398036003 0.06396859139204025 0.04394005984067917
v -0.028044279664754868 0.06486082077026367 0.04326421022415161
v -0.017096159979701042 0.06663399189710617 0.040451519191265106
v -0.017472080886363983 0.06556010246276855 0.041809551417827606
v -0.018317990005016327 0.06643611192703247 0.04221152886748314
v -0.027298329398036003 0.06396859139204025 0.04394005984067917
v -0.029054880142211914 0.06368409842252731 0.042635560035705566
v -0.028044279664754868 0.06486082077026367 0.04326421022415161
v -0.017472080886363983 0.06556010246276855 0.041809551417827606
v -0.019030800089240074 0.0653076097369194 0.043350450694561005
v -0.018317990005016327 0.06643611192703247 0.04221152886748314
v -0.028044279664754868 0.06486082077026367 0.04326421022415161
v -0.029054880142211914 0.06368409842252731 0.042635560035705566
v -0.029605379328131676 0.06460797041654587 0.041805680841207504
v -0.018317990005016327 0.06643611192703247 0.04221152886748314
v -0.019030800089240074 0.0653076097369194 0.043350450694561005
v -0.0199772696942091 0.06616740673780441 0.04355417937040329
v -0.029054880142211914 0.06368409842252731 0.042635560035705566
v -0.03038482926785946 0.06346868723630905 0.04088890179991722
v -0.029605379328131676 0.06460797041654587 0.041805680841207504
v -0.019030800089240074 0.0653076097369194 0.043350450694561005
v -0.020950550213456154 0.06499671190977097 0.04439288005232811
v -0.0199772696942091 0.06616740673780441 0.04355417937040329
v -0.029605379328131676 0.06460797041654587 0.041805680841207504
v -0.03038482926785946 0.06346868723630905 0.04088890179991722
v -0.030701039358973503 0.06443052738904953 0.03996222838759422
v -0.0199772696942091 0.06616740673780441 0.04355417937040329
v -0.020950550213456154 0.06499671190977097 0.04439288005232811
v -0.021941179409623146 0.06584929674863815 0.044372428208589554
v -0.03038482926785946 0.06346868723630905 0.04088890179991722
v -0.031184310093522072 0.0633392333984375 0.038837309926748276
v -0.030701039358973503 0.06443052738904953 0.03996222838759422
v -0.016409749165177345 0.06674522161483765 0.03841495141386986
v -0.01793920062482357 0.06649743765592575 0.03973298892378807
v -0.01744288019835949 0.06657785177230835 0.038055770099163055
v -0.017096159979701042 0.06663399189710617 0.040451519191265106
v -0.01793920062482357 0.06649743765592575 0.03973298892378807
v -0.016409749165177345 0.06674522161483765 0.03841495141386986
v -0.0199772696942091 0.06616740673780441 0.04355417937040329
v -0.021941179409623146 0.06584929674863815 0.044372428208589554
v -0.0221480093896389 0.06581579893827438 0.043323270976543427
v -0.029008440673351288 0.06470458954572678 0.0332023985683918
v -0.02925449050962925 0.06466478109359741 0.03178840130567551
v -0.02763908915221691 0.06492643803358078 0.031755320727825165
v -0.0199772696942091 0.06616740673780441 0.04355417937040329
v -0.0221480093896389 0.06581579893827438 0.043323270976543427
v -0.020138969644904137 0.06614118069410324 0.042376041412353516
v -0.02763908915221691 0.06492643803358078 0.031755320727825165
v -0.02925449050962925 0.06466478109359741 0.03178840130567551
v -0.027595220133662224 0.06493353098630905 0.03044568933546543
v -0.029008440673351288 0.06470458954572678 0.0332023985683918
v -0.030476270243525505 0.06446689367294312 0.033548351377248764
v -0.02925449050962925 0.06466478109359741 0.03178840130567551
v -0.017096159979701042 0.06663399189710617 0.040451519191265106
v -0.018866300582885742 0.06634730100631714 0.04119126871228218
v -0.01793920062482357 0.06649743765592575 0.03973298892378807
v -0.018317990005016327 0.06643611192703247 0.04221152886748314
v -0.018866300582885742 0.06634730100631714 0.04119126871228218
v -0.017096159979701042 0.06663399189710617 0.040451519191265106
v -0.018317990005016327 0.06643611192703247 0.04221152886748314
v -0.0199772696942091 0.06616740673780441 0.04355417937040329
v -0.020138969644904137 0.06614118069410324 0.042376041412353516
v -0.02991604059934616 0.06455761194229126 0.03495572879910469
v -0.030476270243525505 0.06446689367294312 0.033548351377248764
v -0.029008440673351288 0.06470458954572678 0.0332023985683918
v -0.018317990005016327 0.06643611192703247 0.04221152886748314
v -0.020138969644904137 0.06614118069410324 0.042376041412353516
v -0.018866300582885742 0.06634730100631714 0.04119126871228218
v -0.025424540042877197 0.0652850791811943 0.030676599591970444
v -0.02763908915221691 0.06492643803358078 0.031755320727825165
v -0.027595220133662224 0.06493353098630905 0.03044568933546543
v -0.025424540042877197 0.0652850791811943 0.030676599591970444
v -0.027595220133662224 0.06493353098630905 0.03044568933546543
v -0.02563129924237728 0.06525164097547531 0.029627440497279167
v -0.02991604059934616 0.06455761194229126 0.03495572879910469
v -0.031162669882178307 0.06435573101043701 0.03558491915464401
v -0.030476270243525505 0.06446689367294312 0.033548351377248764
v -0.025424540042877197 0.0652850791811943 0.030676599591970444
v -0.02563129924237728 0.06525164097547531 0.029627440497279167
v -0.023519989103078842 0.06559360027313232 0.029398910701274872
v -0.030214300379157066 0.0645093321800232 0.036937471479177475
v -0.031162669882178307 0.06435573101043701 0.03558491915464401
v -0.02991604059934616 0.06455761194229126 0.03495572879910469
v -0.023223569616675377 0.06564158201217651 0.030501659959554672
v -0.025424540042877197 0.0652850791811943 0.030676599591970444
v -0.023519989103078842 0.06559360027313232 0.029398910701274872
v -0.030214300379157066 0.0645093321800232 0.036937471479177475
v -0.03125547990202904 0.06434071063995361 0.03780680149793625
v -0.031162669882178307 0.06435573101043701 0.03558491915464401
v -0.030013620853424072 0.06454180926084518 0.03866003826260567
v -0.03125547990202904 0.06434071063995361 0.03780680149793625
v -0.030214300379157066 0.0645093321800232 0.036937471479177475
v -0.023223569616675377 0.06564158201217651 0.030501659959554672
v -0.023519989103078842 0.06559360027313232 0.029398910701274872
v -0.021429890766739845 0.06593208760023117 0.029778480529785156
v -0.030013620853424072 0.06454180926084518 0.03866003826260567
v -0.030701039358973503 0.06443052738904953 0.03996222838759422
v -0.03125547990202904 0.06434071063995361 0.03780680149793625
v -0.02107864059507847 0.0659889504313469 0.03106563910841942
v -0.023223569616675377 0.06564158201217651 0.030501659959554672
v -0.021429890766739845 0.06593208760023117 0.029778480529785156
v -0.029228920117020607 0.06466888636350632 0.04048603028059006
v -0.030701039358973503 0.06443052738904953 0.03996222838759422
v -0.030013620853424072 0.06454180926084518 0.03866003826260567
v -0.02107864059507847 0.0659889504313469 0.03106563910841942
v -0.021429890766739845 0.06593208760023117 0.029778480529785156
v -0.019528210163116455 0.06624013185501099 0.03073572926223278
v -0.029228920117020607 0.06466888636350632 0.04048603028059006
v -0.029605379328131676 0.06460797041654587 0.041805680841207504
v -0.030701039358973503 0.06443052738904953 0.03996222838759422
v -0.019270770251750946 0.06628178805112839 0.03234916180372238
v -0.02107864059507847 0.0659889504313469 0.03106563910841942
v -0.019528210163116455 0.06624013185501099 0.03073572926223278
v -0.027571549639105797 0.06493735313415527 0.042316190898418427
v -0.029605379328131676 0.06460797041654587 0.041805680841207504
v -0.029228920117020607 0.06466888636350632 0.04048603028059006
v -0.017967039719223976 0.0664929673075676 0.03219424933195114
v -0.019270770251750946 0.06628178805112839 0.03234916180372238
v -0.019528210163116455 0.06624013185501099 0.03073572926223278
v -0.028044279664754868 0.06486082077026367 0.04326421022415161
v -0.029605379328131676 0.06460797041654587 0.041805680841207504
v -0.027571549639105797 0.06493735313415527 0.042316190898418427
v -0.018096020445227623 0.06647205352783203 0.03394608944654465
v -0.019270770251750946 0.06628178805112839 0.03234916180372238
v -0.017967039719223976 0.0664929673075676 0.03219424933195114
v -0.01687145046889782 0.06667041033506393 0.03403759002685547
v -0.018096020445227623 0.06647205352783203 0.03394608944654465
v -0.017967039719223976 0.0664929673075676 0.03219424933195114
v -0.026142530143260956 0.06516879051923752 0.044221460819244385
v -0.028044279664754868 0.06486082077026367 0.04326421022415161
v -0.027571549639105797 0.06493735313415527 0.042316190898418427
v -0.01687145046889782 0.06667041033506393 0.03403759002685547
v -0.017397519201040268 0.06658518314361572 0.036076419055461884
v -0.018096020445227623 0.06647205352783203 0.03394608944654465
v -0.026142530143260956 0.06516879051923752 0.044221460819244385
v -0.027571549639105797 0.06493735313415527 0.042316190898418427
v -0.024850010871887207 0.06537818163633347 0.04346572980284691
v -0.01631695032119751 0.06676024198532104 0.03619306907057762
v -0.017397519201040268 0.06658518314361572 0.036076419055461884
v -0.01687145046889782 0.06667041033506393 0.03403759002685547
v -0.024052560329437256 0.06550735235214233 0.044601019471883774
v -0.026142530143260956 0.06516879051923752 0.044221460819244385
v -0.024850010871887207 0.06537818163633347 0.04346572980284691
v -0.016409749165177345 0.06674522161483765 0.03841495141386986
v -0.017397519201040268 0.06658518314361572 0.036076419055461884
v -0.01631695032119751 0.06676024198532104 0.03619306907057762
v -0.016409749165177345 0.06674522161483765 0.03841495141386986
v -0.01744288019835949 0.06657785177230835 0.038055770099163055
v -0.017397519201040268 0.06658518314361572 0.036076419055461884
v -0.024052560329437256 0.06550735235214233 0.044601019471883774
v -0.024850010871887207 0.06537818163633347 0.04346572980284691
v -0.0221480093896389 0.06581579893827438 0.043323270976543427
v -0.021941179409623146 0.06584929674863815 0.044372428208589554
v -0.024052560329437256 0.06550735235214233 0.044601019471883774
v -0.0221480093896389 0.06581579893827438 0.043323270976543427
v -0.022293860092759132 0.06667201966047287 0.045860111713409424
v -0.020606450736522675 0.0670785903930664 0.04486161097884178
v -0.023946160450577736 0.06653761118650436 0.045539490878582
v -0.024204669520258904 0.06636010855436325 0.04601370915770531
v -0.022293860092759132 0.06667201966047287 0.045860111713409424
v -0.023946160450577736 0.06653761118650436 0.045539490878582
v -0.02559524029493332 0.06614071130752563 0.04583870992064476
v -0.023946160450577736 0.06653761118650436 0.045539490878582
v -0.027286110445857048 0.06599675863981247 0.04486136883497238
v -0.02559524029493332 0.06614071130752563 0.04583870992064476
v -0.024204669520258904 0.06636010855436325 0.04601370915770531
v -0.023946160450577736 0.06653761118650436 0.045539490878582
v -0.03201698884367943 0.06320416182279587 0.03599929064512253
v -0.0323367714881897 0.0651787519454956 0.03599929064512253
v -0.03203779086470604 0.0633307620882988 0.03404545038938522
v -0.03203779086470604 0.0633307620882988 0.03404545038938522
v -0.0323367714881897 0.0651787519454956 0.03599929064512253
v -0.03231662139296532 0.06505227088928223 0.03404831141233444
v -0.0320160910487175 0.06321220844984055 0.03821973875164986
v -0.03233342990279198 0.06517142057418823 0.0382196307182312
v -0.03201698884367943 0.06320416182279587 0.03599929064512253
v -0.03201698884367943 0.06320416182279587 0.03599929064512253
v -0.03233342990279198 0.06517142057418823 0.0382196307182312
v -0.0323367714881897 0.0651787519454956 0.03599929064512253
v -0.03203845024108887 0.06333655118942261 0.03995800018310547
v -0.03230278939008713 0.06504887342453003 0.04007178172469139
v -0.0320160910487175 0.06321220844984055 0.03821973875164986
v -0.0320160910487175 0.06321220844984055 0.03821973875164986
v -0.03230278939008713 0.06504887342453003 0.04007178172469139
v -0.03233342990279198 0.06517142057418823 0.0382196307182312
v -0.03203779086470604 0.0633307620882988 0.03404545038938522
v -0.03231662139296532 0.06505227088928223 0.03404831141233444
v -0.031776539981365204 0.06513171643018723 0.03273522108793259
v -0.03149348124861717 0.06342469900846481 0.03273880109190941
v -0.03203779086470604 0.0633307620882988 0.03404545038938522
v -0.031776539981365204 0.06513171643018723 0.03273522108793259
v -0.030406109988689423 0.06359832733869553 0.031138770282268524
v -0.031776539981365204 0.06513171643018723 0.03273522108793259
v -0.030675699934363365 0.06531231850385666 0.03113633021712303
v -0.030406109988689423 0.06359832733869553 0.031138770282268524
v -0.03149348124861717 0.06342469900846481 0.03273880109190941
v -0.031776539981365204 0.06513171643018723 0.03273522108793259
v -0.023927800357341766 0.0646500512957573 0.02798621915280819
v -0.02531432919204235 0.06442563980817795 0.028159670531749725
v -0.02538895048201084 0.06616300344467163 0.028058819472789764
v -0.023927800357341766 0.0646500512957573 0.02798621915280819
v -0.02538895048201084 0.06616300344467163 0.028058819472789764
v -0.022361749783158302 0.06665897369384766 0.028113899752497673
v -0.022033749148249626 0.06495784968137741 0.028136959299445152
v -0.023927800357341766 0.0646500512957573 0.02798621915280819
v -0.022361749783158302 0.06665897369384766 0.028113899752497673
v -0.030675699934363365 0.06531231850385666 0.03113633021712303
v -0.0291818305850029 0.0656818076968193 0.0302504301071167
v -0.030406109988689423 0.06359832733869553 0.031138770282268524
v -0.030406109988689423 0.06359832733869553 0.031138770282268524
v -0.0291818305850029 0.0656818076968193 0.0302504301071167
v -0.028677040711045265 0.06374514102935791 0.030139019712805748
v -0.0291818305850029 0.0656818076968193 0.0302504301071167
v -0.027286110445857048 0.06599675863981247 0.02913849987089634
v -0.028677040711045265 0.06374514102935791 0.030139019712805748
v -0.028677040711045265 0.06374514102935791 0.030139019712805748
v -0.027286110445857048 0.06599675863981247 0.02913849987089634
v -0.026778990402817726 0.06406044214963913 0.029030680656433105
v -0.027286110445857048 0.06599675863981247 0.02913849987089634
v -0.02538895048201084 0.06616300344467163 0.028058819472789764
v -0.026778990402817726 0.06406044214963913 0.029030680656433105
v -0.026778990402817726 0.06406044214963913 0.029030680656433105
v -0.02538895048201084 0.06616300344467163 0.028058819472789764
v -0.02531432919204235 0.06442563980817795 0.028159670531749725
v -0.022033749148249626 0.06495784968137741 0.028136959299445152
v -0.022361749783158302 0.06665897369384766 0.028113899752497673
v -0.020476099103689194 0.06508129090070724 0.029030680656433105
v -0.022361749783158302 0.06665897369384766 0.028113899752497673
v -0.020793430507183075 0.06704044342041016 0.029030680656433105
v -0.020476099103689194 0.06508129090070724 0.029030680656433105
v -0.020476099103689194 0.06508129090070724 0.029030680656433105
v -0.020793430507183075 0.06704044342041016 0.029030680656433105
v -0.01857542060315609 0.06538122147321701 0.030139079317450523
v -0.020793430507183075 0.06704044342041016 0.029030680656433105
v -0.018895259127020836 0.06735575199127197 0.030139079317450523
v -0.01857542060315609 0.06538122147321701 0.030139079317450523
v -0.01857542060315609 0.06538122147321701 0.030139079317450523
v -0.018895259127020836 0.06735575199127197 0.030139079317450523
v -0.016739660874009132 0.06581968069076538 0.03124082088470459
v -0.018895259127020836 0.06735575199127197 0.030139079317450523
v -0.017123689875006676 0.06750839203596115 0.03116684965789318
v -0.016739660874009132 0.06581968069076538 0.03124082088470459
v -0.016739660874009132 0.06581968069076538 0.03124082088470459
v -0.017123689875006676 0.06750839203596115 0.03116684965789318
v -0.015580650418996811 0.06775116175413132 0.03374712914228439
v -0.015260210260748863 0.06605242937803268 0.033949729055166245
v -0.016739660874009132 0.06581968069076538 0.03124082088470459
v -0.015580650418996811 0.06775116175413132 0.03374712914228439
v -0.017123689875006676 0.06750839203596115 0.03116684965789318
v -0.018895259127020836 0.06735575199127197 0.030139079317450523
v -0.01664583943784237 0.06771998852491379 0.032730039209127426
v -0.015580650418996811 0.06775116175413132 0.03374712914228439
v -0.017123689875006676 0.06750839203596115 0.03116684965789318
v -0.01664583943784237 0.06771998852491379 0.032730039209127426
v -0.015580650418996811 0.06775116175413132 0.03374712914228439
v -0.01664583943784237 0.06771998852491379 0.032730039209127426
v -0.015556270256638527 0.06788866966962814 0.035780131816864014
v -0.015556270256638527 0.06788866966962814 0.035780131816864014
v -0.015260210260748863 0.06605242937803268 0.033949729055166245
v -0.015580650418996811 0.06775116175413132 0.03374712914228439
v -0.015556270256638527 0.06788866966962814 0.035780131816864014
v -0.015235720202326775 0.06592214107513428 0.03599923104047775
v -0.015260210260748863 0.06605242937803268 0.033949729055166245
v -0.01555550005286932 0.06789671629667282 0.03800088167190552
v -0.015235720202326775 0.06592214107513428 0.03599923104047775
v -0.015556270256638527 0.06788866966962814 0.035780131816864014
v -0.01555550005286932 0.06789671629667282 0.03800088167190552
v -0.01523900032043457 0.06592953205108643 0.03821969032287598
v -0.015235720202326775 0.06592214107513428 0.03599923104047775
v -0.015534989535808563 0.0677667185664177 0.039998941123485565
v -0.01523900032043457 0.06592953205108643 0.03821969032287598
v -0.01555550005286932 0.06789671629667282 0.03800088167190552
v -0.015534989535808563 0.0677667185664177 0.039998941123485565
v -0.015269510447978973 0.06605201214551926 0.04007178172469139
v -0.01523900032043457 0.06592953205108643 0.03821969032287598
v -0.022361749783158302 0.06665897369384766 0.028113899752497673
v -0.02538895048201084 0.06616300344467163 0.028058819472789764
v -0.02394610084593296 0.06653761118650436 0.028460439294576645
v -0.022361749783158302 0.06665897369384766 0.028113899752497673
v -0.02394610084593296 0.06653761118650436 0.028460439294576645
v -0.020793430507183075 0.06704044342041016 0.029030680656433105
v -0.03146082162857056 0.06343083828687668 0.041329920291900635
v -0.030398720875382423 0.06360167264938354 0.04286354035139084
v -0.03092247061431408 0.06526707857847214 0.042622439563274384
v -0.03146082162857056 0.06343083828687668 0.041329920291900635
v -0.03092247061431408 0.06526707857847214 0.042622439563274384
v -0.03230278939008713 0.06504887342453003 0.04007178172469139
v -0.03203845024108887 0.06333655118942261 0.03995800018310547
v -0.03146082162857056 0.06343083828687668 0.041329920291900635
v -0.03230278939008713 0.06504887342453003 0.04007178172469139
v -0.015534989535808563 0.0677667185664177 0.039998941123485565
v -0.01555550005286932 0.06789671629667282 0.03800088167190552
v -0.01664583943784237 0.06771998852491379 0.041269831359386444
v -0.01635909080505371 0.0676308199763298 0.04175245016813278
v -0.015534989535808563 0.0677667185664177 0.039998941123485565
v -0.01664583943784237 0.06771998852491379 0.041269831359386444
v -0.017200520262122154 0.06749439239501953 0.04288214072585106
v -0.01664583943784237 0.06771998852491379 0.041269831359386444
v -0.01870792917907238 0.06737828254699707 0.04374951124191284
v -0.017200520262122154 0.06749439239501953 0.04288214072585106
v -0.01635909080505371 0.0676308199763298 0.04175245016813278
v -0.01664583943784237 0.06771998852491379 0.041269831359386444
v -0.023443160578608513 0.06472945213317871 0.04601924866437912
v -0.021981170400977135 0.06496547907590866 0.045840200036764145
v -0.022293860092759132 0.06667201966047287 0.045860111713409424
v -0.023443160578608513 0.06472945213317871 0.04601924866437912
v -0.022293860092759132 0.06667201966047287 0.045860111713409424
v -0.024204669520258904 0.06636010855436325 0.04601370915770531
v -0.025291260331869125 0.06442563980817795 0.045852888375520706
v -0.024204669520258904 0.06636010855436325 0.04601370915770531
v -0.02559524029493332 0.06614071130752563 0.04583870992064476
v -0.025291260331869125 0.06442563980817795 0.045852888375520706
v -0.023443160578608513 0.06472945213317871 0.04601924866437912
v -0.024204669520258904 0.06636010855436325 0.04601370915770531
v -0.017093420028686523 0.0646083876490593 0.03799711912870407
v -0.017221029847860336 0.06458771228790283 0.03526138886809349
v -0.017397519201040268 0.06658518314361572 0.036076419055461884
v -0.02304339036345482 0.06364469975233078 0.030490810051560402
v -0.025424540042877197 0.0652850791811943 0.030676599591970444
v -0.023223569616675377 0.06564158201217651 0.030501659959554672
v -0.02304339036345482 0.06364469975233078 0.030490810051560402
v -0.02524811029434204 0.06328760832548141 0.030716469511389732
v -0.025424540042877197 0.0652850791811943 0.030676599591970444
v -0.02987091988325119 0.06253886222839355 0.036322228610515594
v -0.030214300379157066 0.0645093321800232 0.036937471479177475
v -0.02991604059934616 0.06455761194229126 0.03495572879910469
v -0.021351810544729233 0.06391865015029907 0.030850229784846306
v -0.023223569616675377 0.06564158201217651 0.030501659959554672
v -0.02107864059507847 0.0659889504313469 0.03106563910841942
v -0.021351810544729233 0.06391865015029907 0.030850229784846306
v -0.02304339036345482 0.06364469975233078 0.030490810051560402
v -0.023223569616675377 0.06564158201217651 0.030501659959554672
v -0.029282450675964355 0.0626341700553894 0.03416686877608299
v -0.02987091988325119 0.06253886222839355 0.036322228610515594
v -0.02991604059934616 0.06455761194229126 0.03495572879910469
v -0.01961361989378929 0.06420022249221802 0.031755320727825165
v -0.021351810544729233 0.06391865015029907 0.030850229784846306
v -0.02107864059507847 0.0659889504313469 0.03106563910841942
v -0.029282450675964355 0.0626341700553894 0.03416686877608299
v -0.02991604059934616 0.06455761194229126 0.03495572879910469
v -0.029008440673351288 0.06470458954572678 0.0332023985683918
v -0.01961361989378929 0.06420022249221802 0.031755320727825165
v -0.02107864059507847 0.0659889504313469 0.03106563910841942
v -0.019270770251750946 0.06628178805112839 0.03234916180372238
v -0.02764235995709896 0.06289982050657272 0.031992848962545395
v -0.029282450675964355 0.0626341700553894 0.03416686877608299
v -0.029008440673351288 0.06470458954572678 0.0332023985683918
v -0.02764235995709896 0.06289982050657272 0.031992848962545395
v -0.029008440673351288 0.06470458954572678 0.0332023985683918
v -0.02763908915221691 0.06492643803358078 0.031755320727825165
v -0.018244139850139618 0.06442201137542725 0.0332023985683918
v -0.01961361989378929 0.06420022249221802 0.031755320727825165
v -0.019270770251750946 0.06628178805112839 0.03234916180372238
v -0.018244139850139618 0.06442201137542725 0.0332023985683918
v -0.019270770251750946 0.06628178805112839 0.03234916180372238
v -0.018096020445227623 0.06647205352783203 0.03394608944654465
v -0.017221029847860336 0.06458771228790283 0.03526138886809349
v -0.018244139850139618 0.06442201137542725 0.0332023985683918
v -0.018096020445227623 0.06647205352783203 0.03394608944654465
v -0.02524811029434204 0.06328760832548141 0.030716469511389732
v -0.02763908915221691 0.06492643803358078 0.031755320727825165
v -0.025424540042877197 0.0652850791811943 0.030676599591970444
v -0.02524811029434204 0.06328760832548141 0.030716469511389732
v -0.02764235995709896 0.06289982050657272 0.031992848962545395
v -0.02763908915221691 0.06492643803358078 0.031755320727825165
v -0.017221029847860336 0.06458771228790283 0.03526138886809349
v -0.018096020445227623 0.06647205352783203 0.03394608944654465
v -0.017397519201040268 0.06658518314361572 0.036076419055461884
v -0.022033749148249626 0.06495784968137741 0.028136959299445152
v -0.020476099103689194 0.06508129090070724 0.029030680656433105
v -0.023626260459423065 0.06456326693296432 0.028460439294576645
v -0.023927800357341766 0.0646500512957573 0.02798621915280819
v -0.022033749148249626 0.06495784968137741 0.028136959299445152
v -0.023626260459423065 0.06456326693296432 0.028460439294576645
v -0.02531432919204235 0.06442563980817795 0.028159670531749725
v -0.023626260459423065 0.06456326693296432 0.028460439294576645
v -0.026778990402817726 0.06406044214963913 0.029030680656433105
v -0.02531432919204235 0.06442563980817795 0.028159670531749725
v -0.023927800357341766 0.0646500512957573 0.02798621915280819
v -0.023626260459423065 0.06456326693296432 0.028460439294576645
v -0.03231662139296532 0.06505227088928223 0.03404831141233444
v -0.0323367714881897 0.0651787519454956 0.03599929064512253
v -0.03124653920531273 0.06535524129867554 0.032730281352996826
v -0.031776539981365204 0.06513171643018723 0.03273522108793259
v -0.03231662139296532 0.06505227088928223 0.03404831141233444
v -0.03124653920531273 0.06535524129867554 0.032730281352996826
v -0.030675699934363365 0.06531231850385666 0.03113633021712303
v -0.031776539981365204 0.06513171643018723 0.03273522108793259
v -0.03124653920531273 0.06535524129867554 0.032730281352996826
v -0.030675699934363365 0.06531231850385666 0.03113633021712303
v -0.03124653920531273 0.06535524129867554 0.032730281352996826
v -0.0291818305850029 0.0656818076968193 0.0302504301071167
v -0.030406109988689423 0.06359832733869553 0.031138770282268524
v -0.028677040711045265 0.06374514102935791 0.030139019712805748
v -0.030926579609513283 0.0633808895945549 0.0327300988137722
v -0.03149348124861717 0.06342469900846481 0.03273880109190941
v -0.030406109988689423 0.06359832733869553 0.031138770282268524
v -0.030926579609513283 0.0633808895945549 0.0327300988137722
v -0.03203779086470604 0.0633307620882988 0.03404545038938522
v -0.030926579609513283 0.0633808895945549 0.0327300988137722
v -0.03201698884367943 0.06320416182279587 0.03599929064512253
v -0.03203779086470604 0.0633307620882988 0.03404545038938522
v -0.03149348124861717 0.06342469900846481 0.03273880109190941
v -0.030926579609513283 0.0633808895945549 0.0327300988137722
v -0.02538895048201084 0.06616300344467163 0.028058819472789764
v -0.027286110445857048 0.06599675863981247 0.02913849987089634
v -0.02394610084593296 0.06653761118650436 0.028460439294576645
v -0.023885009810328484 0.06350839138031006 0.04354118928313255
v -0.021457010880112648 0.06390166282653809 0.04319750890135765
v -0.0221480093896389 0.06581579893827438 0.043323270976543427
v -0.029809830710291862 0.06254874914884567 0.03805571049451828
v -0.030013620853424072 0.06454180926084518 0.03866003826260567
v -0.030214300379157066 0.0645093321800232 0.036937471479177475
v -0.023885009810328484 0.06350839138031006 0.04354118928313255
v -0.0221480093896389 0.06581579893827438 0.043323270976543427
v -0.024850010871887207 0.06537818163633347 0.04346572980284691
v -0.02987091988325119 0.06253886222839355 0.036322228610515594
v -0.029809830710291862 0.06254874914884567 0.03805571049451828
v -0.030214300379157066 0.0645093321800232 0.036937471479177475
v -0.017093420028686523 0.0646083876490593 0.03799711912870407
v -0.017397519201040268 0.06658518314361572 0.036076419055461884
v -0.01744288019835949 0.06657785177230835 0.038055770099163055
v -0.017093420028686523 0.0646083876490593 0.03799711912870407
v -0.01744288019835949 0.06657785177230835 0.038055770099163055
v -0.01793920062482357 0.06649743765592575 0.03973298892378807
v -0.026483889669179916 0.06308746337890625 0.042778778821229935
v -0.023885009810328484 0.06350839138031006 0.04354118928313255
v -0.024850010871887207 0.06537818163633347 0.04346572980284691
v -0.017881689593195915 0.064480721950531 0.04027580842375755
v -0.017093420028686523 0.0646083876490593 0.03799711912870407
v -0.01793920062482357 0.06649743765592575 0.03973298892378807
v -0.026483889669179916 0.06308746337890625 0.042778778821229935
v -0.024850010871887207 0.06537818163633347 0.04346572980284691
v -0.027571549639105797 0.06493735313415527 0.042316190898418427
v -0.017881689593195915 0.064480721950531 0.04027580842375755
v -0.01793920062482357 0.06649743765592575 0.03973298892378807
v -0.018866300582885742 0.06634730100631714 0.04119126871228218
v -0.028226910158991814 0.0628051683306694 0.04139279946684837
v -0.026483889669179916 0.06308746337890625 0.042778778821229935
v -0.027571549639105797 0.06493735313415527 0.042316190898418427
v -0.019495299085974693 0.06421934813261032 0.042153168469667435
v -0.017881689593195915 0.064480721950531 0.04027580842375755
v -0.018866300582885742 0.06634730100631714 0.04119126871228218
v -0.019495299085974693 0.06421934813261032 0.042153168469667435
v -0.018866300582885742 0.06634730100631714 0.04119126871228218
v -0.020138969644904137 0.06614118069410324 0.042376041412353516
v -0.028226910158991814 0.0628051683306694 0.04139279946684837
v -0.027571549639105797 0.06493735313415527 0.042316190898418427
v -0.029228920117020607 0.06466888636350632 0.04048603028059006
v -0.02931343950331211 0.06262916326522827 0.03973298892378807
v -0.028226910158991814 0.0628051683306694 0.04139279946684837
v -0.029228920117020607 0.06466888636350632 0.04048603028059006
v -0.021457010880112648 0.06390166282653809 0.04319750890135765
v -0.020138969644904137 0.06614118069410324 0.042376041412353516
v -0.0221480093896389 0.06581579893827438 0.043323270976543427
v -0.021457010880112648 0.06390166282653809 0.04319750890135765
v -0.019495299085974693 0.06421934813261032 0.042153168469667435
v -0.020138969644904137 0.06614118069410324 0.042376041412353516
v -0.02931343950331211 0.06262916326522827 0.03973298892378807
v -0.029228920117020607 0.06466888636350632 0.04048603028059006
v -0.030013620853424072 0.06454180926084518 0.03866003826260567
v -0.029809830710291862 0.06254874914884567 0.03805571049451828
v -0.02931343950331211 0.06262916326522827 0.03973298892378807
v -0.030013620853424072 0.06454180926084518 0.03866003826260567
v -0.015260210260748863 0.06605242937803268 0.033949729055166245
v -0.015235720202326775 0.06592214107513428 0.03599923104047775
v -0.016325950622558594 0.06574565172195435 0.0327303409576416
v -0.016739660874009132 0.06581968069076538 0.03124082088470459
v -0.015260210260748863 0.06605242937803268 0.033949729055166245
v -0.016325950622558594 0.06574565172195435 0.0327303409576416
v -0.016739660874009132 0.06581968069076538 0.03124082088470459
v -0.016325950622558594 0.06574565172195435 0.0327303409576416
v -0.01857542060315609 0.06538122147321701 0.030139079317450523
v -0.01687145046889782 0.06667041033506393 0.03403759002685547
v -0.016396820545196533 0.06573425978422165 0.03410840034484863
v -0.01631695032119751 0.06676024198532104 0.03619306907057762
v -0.016396820545196533 0.06573425978422165 0.03410840034484863
v -0.015863649547100067 0.06582062691450119 0.036447521299123764
v -0.01631695032119751 0.06676024198532104 0.03619306907057762
v -0.02563129924237728 0.06525164097547531 0.029627440497279167
v -0.025253290310502052 0.0642998218536377 0.029300149530172348
v -0.023519989103078842 0.06559360027313232 0.029398910701274872
v -0.03125547990202904 0.06434071063995361 0.03780680149793625
v -0.03138488158583641 0.06330668181180954 0.03700000047683716
v -0.031162669882178307 0.06435573101043701 0.03558491915464401
v -0.03138488158583641 0.06330668181180954 0.03700000047683716
v -0.031184310093522072 0.0633392333984375 0.035162560641765594
v -0.031162669882178307 0.06435573101043701 0.03558491915464401
v -0.025253290310502052 0.0642998218536377 0.029300149530172348
v -0.02308039925992489 0.064651720225811 0.02914517931640148
v -0.023519989103078842 0.06559360027313232 0.029398910701274872
v -0.023519989103078842 0.06559360027313232 0.029398910701274872
v -0.02308039925992489 0.064651720225811 0.02914517931640148
v -0.021429890766739845 0.06593208760023117 0.029778480529785156
v -0.031162669882178307 0.06435573101043701 0.03558491915464401
v -0.031184310093522072 0.0633392333984375 0.035162560641765594
v -0.030476270243525505 0.06446689367294312 0.033548351377248764
v -0.02308039925992489 0.064651720225811 0.02914517931640148
v -0.020950550213456154 0.06499671190977097 0.02960699051618576
v -0.021429890766739845 0.06593208760023117 0.029778480529785156
v -0.031184310093522072 0.0633392333984375 0.035162560641765594
v -0.03038482926785946 0.06346868723630905 0.0331110917031765
v -0.030476270243525505 0.06446689367294312 0.033548351377248764
v -0.021429890766739845 0.06593208760023117 0.029778480529785156
v -0.020950550213456154 0.06499671190977097 0.02960699051618576
v -0.019528210163116455 0.06624013185501099 0.03073572926223278
v -0.020950550213456154 0.06499671190977097 0.02960699051618576
v -0.0190307404845953 0.0653076097369194 0.03064947947859764
v -0.019528210163116455 0.06624013185501099 0.03073572926223278
v -0.030476270243525505 0.06446689367294312 0.033548351377248764
v -0.03038482926785946 0.06346868723630905 0.0331110917031765
v -0.02925449050962925 0.06466478109359741 0.03178840130567551
v -0.03038482926785946 0.06346868723630905 0.0331110917031765
v -0.02905482053756714 0.06368409842252731 0.0313643217086792
v -0.02925449050962925 0.06466478109359741 0.03178840130567551
v -0.019528210163116455 0.06624013185501099 0.03073572926223278
v -0.0190307404845953 0.0653076097369194 0.03064947947859764
v -0.017967039719223976 0.0664929673075676 0.03219424933195114
v -0.0190307404845953 0.0653076097369194 0.03064947947859764
v -0.017472080886363983 0.06556010246276855 0.032190319150686264
v -0.017967039719223976 0.0664929673075676 0.03219424933195114
v -0.02925449050962925 0.06466478109359741 0.03178840130567551
v -0.02905482053756714 0.06368409842252731 0.0313643217086792
v -0.027595220133662224 0.06493353098630905 0.03044568933546543
v -0.02905482053756714 0.06368409842252731 0.0313643217086792
v -0.027298269793391228 0.06396859139204025 0.0300598107278347
v -0.027595220133662224 0.06493353098630905 0.03044568933546543
v -0.017967039719223976 0.0664929673075676 0.03219424933195114
v -0.017472080886363983 0.06556010246276855 0.032190319150686264
v -0.01687145046889782 0.06667041033506393 0.03403759002685547
v -0.027595220133662224 0.06493353098630905 0.03044568933546543
v -0.027298269793391228 0.06396859139204025 0.0300598107278347
v -0.02563129924237728 0.06525164097547531 0.029627440497279167
v -0.017472080886363983 0.06556010246276855 0.032190319150686264
v -0.016396820545196533 0.06573425978422165 0.03410840034484863
v -0.01687145046889782 0.06667041033506393 0.03403759002685547
v -0.027298269793391228 0.06396859139204025 0.0300598107278347
v -0.025253290310502052 0.0642998218536377 0.029300149530172348
v -0.02563129924237728 0.06525164097547531 0.029627440497279167
v -0.031294938176870346 0.06893353909254074 0.0382121205329895
v -0.030924610793590546 0.06905460357666016 0.03946191072463989
v -0.03135991096496582 0.07060437649488449 0.03886276111006737
v -0.02322738990187645 0.07030171155929565 0.04379831999540329
v -0.022588670253753662 0.07202500104904175 0.04355870932340622
v -0.024777820333838463 0.07172124832868576 0.04396909102797508
v -0.031366098672151566 0.06893306225538254 0.036391131579875946
v -0.031294938176870346 0.06893353909254074 0.0382121205329895
v -0.03166614845395088 0.07060819119215012 0.036708589643239975
v -0.02501033991575241 0.07001274079084396 0.04389476031064987
v -0.02322738990187645 0.07030171155929565 0.04379831999540329
v -0.024777820333838463 0.07172124832868576 0.04396909102797508
v -0.02501033991575241 0.07001274079084396 0.04389476031064987
v -0.024777820333838463 0.07172124832868576 0.04396909102797508
v -0.025857560336589813 0.07149571180343628 0.04382507875561714
v -0.017969660460948944 0.07115352153778076 0.03902006149291992
v -0.017943499609827995 0.07278137654066086 0.03676192834973335
v -0.01819509081542492 0.07273662090301514 0.03886282071471214
v -0.017969660460948944 0.07115352153778076 0.03902006149291992
v -0.01763921044766903 0.0711544081568718 0.036933060735464096
v -0.017943499609827995 0.07278137654066086 0.03676192834973335
v -0.026261860504746437 0.06975919008255005 0.04372524842619896
v -0.02501033991575241 0.07001274079084396 0.04389476031064987
v -0.025857560336589813 0.07149571180343628 0.04382507875561714
v -0.026261860504746437 0.06975919008255005 0.04372524842619896
v -0.025857560336589813 0.07149571180343628 0.04382507875561714
v -0.02774672955274582 0.07118946313858032 0.04324626177549362
v -0.027457410469651222 0.0695657730102539 0.04329150170087814
v -0.026261860504746437 0.06975919008255005 0.04372524842619896
v -0.02774672955274582 0.07118946313858032 0.04324626177549362
v -0.017969660460948944 0.07115352153778076 0.03902006149291992
v -0.01819509081542492 0.07273662090301514 0.03886282071471214
v -0.01912575028836727 0.07264571636915207 0.04098885878920555
v -0.018871840089559555 0.07100695371627808 0.04087609052658081
v -0.017969660460948944 0.07115352153778076 0.03902006149291992
v -0.01912575028836727 0.07264571636915207 0.04098885878920555
v -0.018871840089559555 0.07100695371627808 0.04087609052658081
v -0.01912575028836727 0.07264571636915207 0.04098885878920555
v -0.019761139526963234 0.07251881808042526 0.04174195975065231
v -0.028521770611405373 0.06939636915922165 0.042643118649721146
v -0.027457410469651222 0.0695657730102539 0.04329150170087814
v -0.02774672955274582 0.07118946313858032 0.04324626177549362
v -0.028521770611405373 0.06939636915922165 0.042643118649721146
v -0.02774672955274582 0.07118946313858032 0.04324626177549362
v -0.02984713949263096 0.07091020792722702 0.04175388067960739
v -0.01949286088347435 0.07086145132780075 0.041762471199035645
v -0.018871840089559555 0.07100695371627808 0.04087609052658081
v -0.019761139526963234 0.07251881808042526 0.04174195975065231
v -0.029749030247330666 0.06924480199813843 0.04146008938550949
v -0.028521770611405373 0.06939636915922165 0.042643118649721146
v -0.02984713949263096 0.07091020792722702 0.04175388067960739
v -0.029749030247330666 0.06924480199813843 0.04146008938550949
v -0.02984713949263096 0.07091020792722702 0.04175388067960739
v -0.030461719259619713 0.07077872008085251 0.0409156009554863
v -0.01949286088347435 0.07086145132780075 0.041762471199035645
v -0.019761139526963234 0.07251881808042526 0.04174195975065231
v -0.02098654955625534 0.07228457182645798 0.04274731129407883
v -0.021306810900568962 0.07061278074979782 0.04310989007353783
v -0.01949286088347435 0.07086145132780075 0.041762471199035645
v -0.02098654955625534 0.07228457182645798 0.04274731129407883
v -0.030924610793590546 0.06905460357666016 0.03946191072463989
v -0.029749030247330666 0.06924480199813843 0.04146008938550949
v -0.030461719259619713 0.07077872008085251 0.0409156009554863
v -0.021306810900568962 0.07061278074979782 0.04310989007353783
v -0.02098654955625534 0.07228457182645798 0.04274731129407883
v -0.022588670253753662 0.07202500104904175 0.04355870932340622
v -0.030924610793590546 0.06905460357666016 0.03946191072463989
v -0.030461719259619713 0.07077872008085251 0.0409156009554863
v -0.03135991096496582 0.07060437649488449 0.03886276111006737
v -0.02322738990187645 0.07030171155929565 0.04379831999540329
v -0.021306810900568962 0.07061278074979782 0.04310989007353783
v -0.022588670253753662 0.07202500104904175 0.04355870932340622
v -0.031294938176870346 0.06893353909254074 0.0382121205329895
v -0.03135991096496582 0.07060437649488449 0.03886276111006737
v -0.03166614845395088 0.07060819119215012 0.036708589643239975
v -0.03092247061431408 0.06526707857847214 0.042622439563274384
v -0.029181890189647675 0.0656818076968193 0.043749451637268066
v -0.031246479600667953 0.06535524129867554 0.04126960039138794
v -0.03230278939008713 0.06504887342453003 0.04007178172469139
v -0.03092247061431408 0.06526707857847214 0.042622439563274384
v -0.031246479600667953 0.06535524129867554 0.04126960039138794
v -0.03230278939008713 0.06504887342453003 0.04007178172469139
v -0.031246479600667953 0.06535524129867554 0.04126960039138794
v -0.03233342990279198 0.06517142057418823 0.0382196307182312
v -0.024777820333838463 0.07172124832868576 0.04396909102797508
v -0.026611799374222755 0.07147406786680222 0.043778181076049805
v -0.025857560336589813 0.07149571180343628 0.04382507875561714
v -0.0314551517367363 0.07069002836942673 0.038998838514089584
v -0.03166614845395088 0.07060819119215012 0.036708589643239975
v -0.03135991096496582 0.07060437649488449 0.03886276111006737
v -0.022588670253753662 0.07202500104904175 0.04355870932340622
v -0.023022469133138657 0.07205545157194138 0.043791111558675766
v -0.024777820333838463 0.07172124832868576 0.04396909102797508
v -0.021125130355358124 0.07236272096633911 0.04296064004302025
v -0.023022469133138657 0.07205545157194138 0.043791111558675766
v -0.022588670253753662 0.07202500104904175 0.04355870932340622
v -0.02098654955625534 0.07228457182645798 0.04274731129407883
v -0.021125130355358124 0.07236272096633911 0.04296064004302025
v -0.022588670253753662 0.07202500104904175 0.04355870932340622
v -0.0314551517367363 0.07069002836942673 0.038998838514089584
v -0.03135991096496582 0.07060437649488449 0.03886276111006737
v -0.030461719259619713 0.07077872008085251 0.0409156009554863
v -0.019761139526963234 0.07251881808042526 0.04174195975065231
v -0.021125130355358124 0.07236272096633911 0.04296064004302025
v -0.02098654955625534 0.07228457182645798 0.04274731129407883
v -0.01819509081542492 0.07273662090301514 0.03886282071471214
v -0.018256900832057 0.07282727211713791 0.039343349635601044
v -0.01912575028836727 0.07264571636915207 0.04098885878920555
v -0.028519919142127037 0.07116127014160156 0.0429227314889431
v -0.02984713949263096 0.07091020792722702 0.04175388067960739
v -0.02774672955274582 0.07118946313858032 0.04324626177549362
v -0.017891820520162582 0.07288657873868942 0.03754584863781929
v -0.018256900832057 0.07282727211713791 0.039343349635601044
v -0.01819509081542492 0.07273662090301514 0.03886282071471214
v -0.026611799374222755 0.07147406786680222 0.043778181076049805
v -0.028519919142127037 0.07116127014160156 0.0429227314889431
v -0.02774672955274582 0.07118946313858032 0.04324626177549362
v -0.017943499609827995 0.07278137654066086 0.03676192834973335
v -0.017891820520162582 0.07288657873868942 0.03754584863781929
v -0.01819509081542492 0.07273662090301514 0.03886282071471214
v -0.025857560336589813 0.07149571180343628 0.04382507875561714
v -0.026611799374222755 0.07147406786680222 0.043778181076049805
v -0.02774672955274582 0.07118946313858032 0.04324626177549362
v -0.015269510447978973 0.06605201214551926 0.04007178172469139
v -0.015534989535808563 0.0677667185664177 0.039998941123485565
v -0.01635909080505371 0.0676308199763298 0.04175245016813278
v -0.01673745922744274 0.06581991165876389 0.042755838483572006
v -0.015269510447978973 0.06605201214551926 0.04007178172469139
v -0.01635909080505371 0.0676308199763298 0.04175245016813278
v -0.01673745922744274 0.06581991165876389 0.042755838483572006
v -0.01635909080505371 0.0676308199763298 0.04175245016813278
v -0.017200520262122154 0.06749439239501953 0.04288214072585106
v -0.025291260331869125 0.06442563980817795 0.045852888375520706
v -0.026966029778122902 0.06402230262756348 0.04486161097884178
v -0.023626260459423065 0.06456326693296432 0.045539490878582
v -0.023443160578608513 0.06472945213317871 0.04601924866437912
v -0.025291260331869125 0.06442563980817795 0.045852888375520706
v -0.023626260459423065 0.06456326693296432 0.045539490878582
v -0.026611799374222755 0.07147406786680222 0.043778181076049805
v -0.024777820333838463 0.07172124832868576 0.04396909102797508
v -0.0261570792645216 0.07230955362319946 0.043909959495067596
v -0.017891820520162582 0.07288657873868942 0.03754584863781929
v -0.01799011044204235 0.0736318826675415 0.036473389714956284
v -0.018198369070887566 0.07359807938337326 0.038748860359191895
v -0.026611799374222755 0.07147406786680222 0.043778181076049805
v -0.0261570792645216 0.07230955362319946 0.043909959495067596
v -0.028116820380091667 0.07199221104383469 0.04322946071624756
v -0.018256900832057 0.07282727211713791 0.039343349635601044
v -0.017891820520162582 0.07288657873868942 0.03754584863781929
v -0.018198369070887566 0.07359807938337326 0.038748860359191895
v -0.028519919142127037 0.07116127014160156 0.0429227314889431
v -0.026611799374222755 0.07147406786680222 0.043778181076049805
v -0.028116820380091667 0.07199221104383469 0.04322946071624756
v -0.018256900832057 0.07282727211713791 0.039343349635601044
v -0.018198369070887566 0.07359807938337326 0.038748860359191895
v -0.019008100032806396 0.07346706837415695 0.04068034142255783
v -0.028519919142127037 0.07116127014160156 0.0429227314889431
v -0.028116820380091667 0.07199221104383469 0.04322946071624756
v -0.02979058027267456 0.07172112911939621 0.04199272021651268
v -0.01912575028836727 0.07264571636915207 0.04098885878920555
v -0.018256900832057 0.07282727211713791 0.039343349635601044
v -0.019008100032806396 0.07346706837415695 0.04068034142255783
v -0.02984713949263096 0.07091020792722702 0.04175388067960739
v -0.028519919142127037 0.07116127014160156 0.0429227314889431
v -0.02979058027267456 0.07172112911939621 0.04199272021651268
v -0.01912575028836727 0.07264571636915207 0.04098885878920555
v -0.019008100032806396 0.07346706837415695 0.04068034142255783
v -0.02034503035247326 0.0732506513595581 0.042283471673727036
v -0.019761139526963234 0.07251881808042526 0.04174195975065231
v -0.01912575028836727 0.07264571636915207 0.04098885878920555
v -0.02034503035247326 0.0732506513595581 0.042283471673727036
v -0.02984713949263096 0.07091020792722702 0.04175388067960739
v -0.02979058027267456 0.07172112911939621 0.04199272021651268
v -0.031029099598526955 0.07152049988508224 0.0403100810945034
v -0.030461719259619713 0.07077872008085251 0.0409156009554863
v -0.02984713949263096 0.07091020792722702 0.04175388067960739
v -0.031029099598526955 0.07152049988508224 0.0403100810945034
v -0.021125130355358124 0.07236272096633911 0.04296064004302025
v -0.019761139526963234 0.07251881808042526 0.04174195975065231
v -0.02034503035247326 0.0732506513595581 0.042283471673727036
v -0.021125130355358124 0.07236272096633911 0.04296064004302025
v -0.02034503035247326 0.0732506513595581 0.042283471673727036
v -0.022089660167694092 0.07296817749738693 0.0434148907661438
v -0.0314551517367363 0.07069002836942673 0.038998838514089584
v -0.030461719259619713 0.07077872008085251 0.0409156009554863
v -0.031029099598526955 0.07152049988508224 0.0403100810945034
v -0.0314551517367363 0.07069002836942673 0.038998838514089584
v -0.031029099598526955 0.07152049988508224 0.0403100810945034
v -0.03177440166473389 0.07139450311660767 0.03810584172606468
v -0.023022469133138657 0.07205545157194138 0.043791111558675766
v -0.021125130355358124 0.07236272096633911 0.04296064004302025
v -0.022089660167694092 0.07296817749738693 0.0434148907661438
v -0.023022469133138657 0.07205545157194138 0.043791111558675766
v -0.022089660167694092 0.07296817749738693 0.0434148907661438
v -0.024086469784379005 0.07264488190412521 0.04397374019026756
v -0.03166614845395088 0.07060819119215012 0.036708589643239975
v -0.0314551517367363 0.07069002836942673 0.038998838514089584
v -0.03177440166473389 0.07139450311660767 0.03810584172606468
v -0.024777820333838463 0.07172124832868576 0.04396909102797508
v -0.023022469133138657 0.07205545157194138 0.043791111558675766
v -0.024086469784379005 0.07264488190412521 0.04397374019026756
v -0.024777820333838463 0.07172124832868576 0.04396909102797508
v -0.024086469784379005 0.07264488190412521 0.04397374019026756
v -0.0261570792645216 0.07230955362319946 0.043909959495067596
v -0.01673745922744274 0.06581991165876389 0.042755838483572006
v -0.01857542060315609 0.06538122147321701 0.0438607893884182
v -0.016325950622558594 0.06574565172195435 0.04126960039138794
v -0.015269510447978973 0.06605201214551926 0.04007178172469139
v -0.01673745922744274 0.06581991165876389 0.042755838483572006
v -0.016325950622558594 0.06574565172195435 0.04126960039138794
v -0.015269510447978973 0.06605201214551926 0.04007178172469139
v -0.016325950622558594 0.06574565172195435 0.04126960039138794
v -0.01523900032043457 0.06592953205108643 0.03821969032287598
v -0.025328809395432472 0.07482396811246872 0.04377400130033493
v -0.02539259009063244 0.07558935135602951 0.0434420108795166
v -0.025885039940476418 0.07551687210798264 0.043413568288087845
v -0.025328809395432472 0.07482396811246872 0.04377400130033493
v -0.025885039940476418 0.07551687210798264 0.043413568288087845
v -0.02658689022064209 0.07539623230695724 0.04333281144499779
v -0.018582219257950783 0.07591532915830612 0.03700000047683716
v -0.01902448944747448 0.07660429924726486 0.0371052585542202
v -0.01912963017821312 0.07661037892103195 0.03795427083969116
v -0.027338560670614243 0.07449852675199509 0.04344825819134712
v -0.025328809395432472 0.07482396811246872 0.04377400130033493
v -0.02658689022064209 0.07539623230695724 0.04333281144499779
v -0.018582219257950783 0.07591532915830612 0.03700000047683716
v -0.01912963017821312 0.07661037892103195 0.03795427083969116
v -0.019275899976491928 0.07658445090055466 0.038691990077495575
v -0.027338560670614243 0.07449852675199509 0.04344825819134712
v -0.02658689022064209 0.07539623230695724 0.04333281144499779
v -0.027301659807562828 0.07529038190841675 0.04313641041517258
v -0.019010839983820915 0.0758577510714531 0.039315398782491684
v -0.018582219257950783 0.07591532915830612 0.03700000047683716
v -0.019275899976491928 0.07658445090055466 0.038691990077495575
v -0.027338560670614243 0.07449852675199509 0.04344825819134712
v -0.027301659807562828 0.07529038190841675 0.04313641041517258
v -0.028008989989757538 0.07517129182815552 0.042876239866018295
v -0.019010839983820915 0.0758577510714531 0.039315398782491684
v -0.019275899976491928 0.07658445090055466 0.038691990077495575
v -0.01961648091673851 0.07653152197599411 0.03965001925826073
v -0.029158350080251694 0.074203722178936 0.04252523183822632
v -0.028008989989757538 0.07517129182815552 0.042876239866018295
v -0.02881692908704281 0.07503622025251389 0.04244153946638107
v -0.029158350080251694 0.074203722178936 0.04252523183822632
v -0.027338560670614243 0.07449852675199509 0.04344825819134712
v -0.028008989989757538 0.07517129182815552 0.042876239866018295
v -0.019010839983820915 0.0758577510714531 0.039315398782491684
v -0.01961648091673851 0.07653152197599411 0.03965001925826073
v -0.020029539242386818 0.07646249979734421 0.04043595865368843
v -0.01997596025466919 0.07567857950925827 0.04112273082137108
v -0.019010839983820915 0.0758577510714531 0.039315398782491684
v -0.020029539242386818 0.07646249979734421 0.04043595865368843
v -0.01997596025466919 0.07567857950925827 0.04112273082137108
v -0.020029539242386818 0.07646249979734421 0.04043595865368843
v -0.020596500486135483 0.07636386156082153 0.04121780022978783
v -0.029158350080251694 0.074203722178936 0.04252523183822632
v -0.02881692908704281 0.07503622025251389 0.04244153946638107
v -0.0295866709202528 0.07491511106491089 0.041857000440359116
v -0.01997596025466919 0.07567857950925827 0.04112273082137108
v -0.020596500486135483 0.07636386156082153 0.04121780022978783
v -0.021062789484858513 0.07629793137311935 0.0416872501373291
v -0.030619800090789795 0.0739668607711792 0.04109025001525879
v -0.0295866709202528 0.07491511106491089 0.041857000440359116
v -0.030066249892115593 0.07484298199415207 0.04136943072080612
v -0.030619800090789795 0.0739668607711792 0.04109025001525879
v -0.029158350080251694 0.074203722178936 0.04252523183822632
v -0.0295866709202528 0.07491511106491089 0.041857000440359116
v -0.021484849974513054 0.07544630020856857 0.042570941150188446
v -0.01997596025466919 0.07567857950925827 0.04112273082137108
v -0.021062789484858513 0.07629793137311935 0.0416872501373291
v -0.021484849974513054 0.07544630020856857 0.042570941150188446
v -0.021062789484858513 0.07629793137311935 0.0416872501373291
v -0.02169876918196678 0.0761910006403923 0.04223262891173363
v -0.030619800090789795 0.0739668607711792 0.04109025001525879
v -0.030066249892115593 0.07484298199415207 0.04136943072080612
v -0.030580220744013786 0.07475625723600388 0.040743350982666016
v -0.021484849974513054 0.07544630020856857 0.042570941150188446
v -0.02169876918196678 0.0761910006403923 0.04223262891173363
v -0.022407880052924156 0.07606959342956543 0.042688190937042236
v -0.030619800090789795 0.0739668607711792 0.04109025001525879
v -0.030580220744013786 0.07475625723600388 0.040743350982666016
v -0.03113465942442417 0.07466459274291992 0.03981781005859375
v -0.03158760070800781 0.07380986213684082 0.03927648067474365
v -0.030619800090789795 0.0739668607711792 0.04109025001525879
v -0.03113465942442417 0.07466459274291992 0.03981781005859375
v -0.023315370082855225 0.0751500129699707 0.0434722900390625
v -0.021484849974513054 0.07544630020856857 0.042570941150188446
v -0.022407880052924156 0.07606959342956543 0.042688190937042236
v -0.023315370082855225 0.0751500129699707 0.0434722900390625
v -0.022407880052924156 0.07606959342956543 0.042688190937042236
v -0.023148000240325928 0.07595682144165039 0.043022990226745605
v -0.03158760070800781 0.07380986213684082 0.03927648067474365
v -0.03113465942442417 0.07466459274291992 0.03981781005859375
v -0.03145432099699974 0.07459735125303268 0.03904169052839279
v -0.023315370082855225 0.0751500129699707 0.0434722900390625
v -0.023148000240325928 0.07595682144165039 0.043022990226745605
v -0.024266419932246208 0.07577568292617798 0.043339721858501434
v -0.03158760070800781 0.07380986213684082 0.03927648067474365
v -0.03145432099699974 0.07459735125303268 0.03904169052839279
v -0.03168720006942749 0.0745818018913269 0.038041528314352036
v -0.03191374987363815 0.07375680655241013 0.03776884078979492
v -0.03158760070800781 0.07380986213684082 0.03927648067474365
v -0.03168720006942749 0.0745818018913269 0.038041528314352036
v -0.025328809395432472 0.07482396811246872 0.04377400130033493
v -0.023315370082855225 0.0751500129699707 0.0434722900390625
v -0.024266419932246208 0.07577568292617798 0.043339721858501434
v -0.025328809395432472 0.07482396811246872 0.04377400130033493
v -0.024266419932246208 0.07577568292617798 0.043339721858501434
v -0.024986019358038902 0.07565999031066895 0.04342519864439964
v -0.03191374987363815 0.07375680655241013 0.03776884078979492
v -0.03168720006942749 0.0745818018913269 0.038041528314352036
v -0.031793709844350815 0.07453613728284836 0.036894671618938446
v -0.025328809395432472 0.07482396811246872 0.04377400130033493
v -0.024986019358038902 0.07565999031066895 0.04342519864439964
v -0.02539259009063244 0.07558935135602951 0.0434420108795166
v -0.03193192929029465 0.07377641648054123 0.036227401345968246
v -0.03191374987363815 0.07375680655241013 0.03776884078979492
v -0.031793709844350815 0.07453613728284836 0.036894671618938446
v -0.021155409514904022 0.06770884245634079 0.0398707315325737
v -0.020275289192795753 0.06785374134778976 0.03823155164718628
v -0.0205838605761528 0.06782209128141403 0.038937438279390335
vn -0.0851896344310218 0.007475135967226911 0.9963367144333187
vn -0.0851896344310218 0.007475135967226911 0.9963367144333187
vn -0.0851896344310218 0.007475135967226911 0.9963367144333187
vn -0.07144873548927674 -0.0009197489655789278 0.997443849175894
vn -0.07144873548927674 -0.0009197489655789278 0.997443849175894
vn -0.07144873548927674 -0.0009197489655789278 0.997443849175894
vn -0.32597228774151205 -0.07747989121626071 0.9421989885802687
vn -0.32597228774151205 -0.07747989121626071 0.9421989885802687
vn -0.32597228774151205 -0.07747989121626071 0.9421989885802687
vn 0.9580155140565701 0.14598508370540858 0.2467683735052985
vn 0.9580155140565701 0.14598508370540858 0.2467683735052985
vn 0.9580155140565701 0.14598508370540858 0.2467683735052985
vn -0.42499528100559947 -0.019886188567196122 0.9049770995043143
vn -0.42499528100559947 -0.019886188567196122 0.9049770995043143
vn -0.42499528100559947 -0.019886188567196122 0.9049770995043143
vn 0.958402537461933 0.22054160170624842 0.18117940860751958
vn 0.958402537461933 0.22054160170624842 0.18117940860751958
vn 0.958402537461933 0.22054160170624842 0.18117940860751958
vn -0.6102529167234244 -0.08834647385970866 0.7872650622167283
vn -0.6102529167234244 -0.08834647385970866 0.7872650622167283
vn -0.6102529167234244 -0.08834647385970866 0.7872650622167283
vn 0.8308095938466149 0.11802408853408602 0.5438986424860068
vn 0.8308095938466149 0.11802408853408602 0.5438986424860068
vn 0.8308095938466149 0.11802408853408602 0.5438986424860068
vn -0.6938585227643819 -0.09907613958387351 0.713263113410743
vn -0.6938585227643819 -0.09907613958387351 0.713263113410743
vn -0.6938585227643819 -0.09907613958387351 0.713263113410743
vn 0.7996893590394575 0.15165780608460094 0.5809447812767297
vn 0.7996893590394575 0.15165780608460094 0.5809447812767297
vn 0.7996893590394575 0.15165780608460094 0.5809447812767297
vn -0.774253385011995 -0.00978696274177328 0.6328000562245224
vn -0.774253385011995 -0.00978696274177328 0.6328000562245224
vn -0.774253385011995 -0.00978696274177328 0.6328000562245224
vn -0.8834764870778051 -0.10860209805546531 0.4557135954507085
vn -0.8834764870778051 -0.10860209805546531 0.4557135954507085
vn -0.8834764870778051 -0.10860209805546531 0.4557135954507085
vn 0.5997703545645674 0.10020809410419182 0.7938726973901411
vn 0.5997703545645674 0.10020809410419182 0.7938726973901411
vn 0.5997703545645674 0.10020809410419182 0.7938726973901411
vn -0.8986503359548735 -0.09016822155770737 0.42929857384961484
vn -0.8986503359548735 -0.09016822155770737 0.42929857384961484
vn -0.8986503359548735 -0.09016822155770737 0.42929857384961484
vn 0.6629899120891475 0.20562060105121588 0.7198364709372271
vn 0.6629899120891475 0.20562060105121588 0.7198364709372271
vn 0.6629899120891475 0.20562060105121588 0.7198364709372271
vn 0.41362941514952506 0.038290668510221296 0.9096397812475564
vn 0.41362941514952506 0.038290668510221296 0.9096397812475564
vn 0.41362941514952506 0.038290668510221296 0.9096397812475564
vn -0.960696685635719 -0.1646778116608685 0.22347952155652187
vn -0.960696685635719 -0.1646778116608685 0.22347952155652187
vn -0.960696685635719 -0.1646778116608685 0.22347952155652187
vn 0.2966800053355291 0.09170365393241522 0.9505637349960044
vn 0.2966800053355291 0.09170365393241522 0.9505637349960044
vn 0.2966800053355291 0.09170365393241522 0.9505637349960044
vn -0.9938588263386465 -0.09231065326058395 0.06101947724597919
vn -0.9938588263386465 -0.09231065326058395 0.06101947724597919
vn -0.9938588263386465 -0.09231065326058395 0.06101947724597919
vn -0.984370093938859 -0.1635670929241897 -0.06527881946796787
vn -0.984370093938859 -0.1635670929241897 -0.06527881946796787
vn -0.984370093938859 -0.1635670929241897 -0.06527881946796787
vn 0.25115439136994167 0.06271170785121125 0.9659134088488359
vn 0.25115439136994167 0.06271170785121125 0.9659134088488359
vn 0.25115439136994167 0.06271170785121125 0.9659134088488359
vn -0.1704333885156995 0.9853430468718926 -0.007179140636048656
vn -0.1704333885156995 0.9853430468718926 -0.007179140636048656
vn -0.1704333885156995 0.9853430468718926 -0.007179140636048656
vn -0.18069480719406733 0.983473678147516 0.011353899950893635
vn -0.18069480719406733 0.983473678147516 0.011353899950893635
vn -0.18069480719406733 0.983473678147516 0.011353899950893635
vn -0.1549977926923809 0.9877981344203302 0.015183210997850197
vn -0.1549977926923809 0.9877981344203302 0.015183210997850197
vn -0.1549977926923809 0.9877981344203302 0.015183210997850197
vn -0.1662458774905144 0.986060319834827 0.0068814144365382576
vn -0.1662458774905144 0.986060319834827 0.0068814144365382576
vn -0.1662458774905144 0.986060319834827 0.0068814144365382576
vn -0.16018250887393864 0.9870873876239701 -0.00023031399613213425
vn -0.16018250887393864 0.9870873876239701 -0.00023031399613213425
vn -0.16018250887393864 0.9870873876239701 -0.00023031399613213425
vn -0.15977260734832383 0.9871538444826063 0.00003555740172221715
vn -0.15977260734832383 0.9871538444826063 0.00003555740172221715
vn -0.15977260734832383 0.9871538444826063 0.00003555740172221715
vn -0.1598129976734769 0.9871473060458239 0.00004405779942659141
vn -0.1598129976734769 0.9871473060458239 0.00004405779942659141
vn -0.1598129976734769 0.9871473060458239 0.00004405779942659141
vn -0.15690939488751537 0.9875989187074635 -0.005274235857704963
vn -0.15690939488751537 0.9875989187074635 -0.005274235857704963
vn -0.15690939488751537 0.9875989187074635 -0.005274235857704963
vn -0.16017777949256554 0.9870880676724837 0.00047498993012089197
vn -0.16017777949256554 0.9870880676724837 0.00047498993012089197
vn -0.16017777949256554 0.9870880676724837 0.00047498993012089197
vn -0.15969549061349042 0.9871658646893865 -0.000951771911960505
vn -0.15969549061349042 0.9871658646893865 -0.000951771911960505
vn -0.15969549061349042 0.9871658646893865 -0.000951771911960505
vn -0.15819379929922567 0.9873967322147047 -0.004734456146102567
vn -0.15819379929922567 0.9873967322147047 -0.004734456146102567
vn -0.15819379929922567 0.9873967322147047 -0.004734456146102567
vn -0.15107180048009014 0.9885190640160344 0.0027149910804666584
vn -0.15107180048009014 0.9885190640160344 0.0027149910804666584
vn -0.15107180048009014 0.9885190640160344 0.0027149910804666584
vn -0.15047408745477192 0.9886065194510603 -0.003833888823865698
vn -0.15047408745477192 0.9886065194510603 -0.003833888823865698
vn -0.15047408745477192 0.9886065194510603 -0.003833888823865698
vn -0.1579768963354523 0.9873781848064755 -0.011296919601704853
vn -0.1579768963354523 0.9873781848064755 -0.011296919601704853
vn -0.1579768963354523 0.9873781848064755 -0.011296919601704853
vn -0.17611518005990948 0.9842794260201198 -0.013321218636785679
vn -0.17611518005990948 0.9842794260201198 -0.013321218636785679
vn -0.17611518005990948 0.9842794260201198 -0.013321218636785679
vn -0.15997449765440702 0.9871211470122255 0.00003494979983551058
vn -0.15997449765440702 0.9871211470122255 0.00003494979983551058
vn -0.15997449765440702 0.9871211470122255 0.00003494979983551058
vn -0.15445039096392624 0.9880004197890712 -0.000497219981181047
vn -0.15445039096392624 0.9880004197890712 -0.000497219981181047
vn -0.15445039096392624 0.9880004197890712 -0.000497219981181047
vn -0.16078898288541094 0.9869280443919178 0.010951628893448492
vn -0.16078898288541094 0.9869280443919178 0.010951628893448492
vn -0.16078898288541094 0.9869280443919178 0.010951628893448492
vn -0.17563760727325262 0.9844405305428372 -0.005317211286360829
vn -0.17563760727325262 0.9844405305428372 -0.005317211286360829
vn -0.17563760727325262 0.9844405305428372 -0.005317211286360829
vn -0.1625703891096493 0.9866501809405935 0.009606718202983557
vn -0.1625703891096493 0.9866501809405935 0.009606718202983557
vn -0.1625703891096493 0.9866501809405935 0.009606718202983557
vn -0.15828678107212435 0.9873930871341526 0.00043176094446493
vn -0.15828678107212435 0.9873930871341526 0.00043176094446493
vn -0.15828678107212435 0.9873930871341526 0.00043176094446493
vn -0.16894749006349158 0.9856117484068619 -0.005121230673882222
vn -0.16894749006349158 0.9856117484068619 -0.005121230673882222
vn -0.16894749006349158 0.9856117484068619 -0.005121230673882222
vn -0.16026489655047402 0.98707188521006 -0.002063095132066709
vn -0.16026489655047402 0.98707188521006 -0.002063095132066709
vn -0.16026489655047402 0.98707188521006 -0.002063095132066709
vn -0.14281399143122567 0.9897308068983609 -0.006090462035106771
vn -0.14281399143122567 0.9897308068983609 -0.006090462035106771
vn -0.14281399143122567 0.9897308068983609 -0.006090462035106771
vn -0.16479246044739823 0.9862813785835323 0.00961702859826087
vn -0.16479246044739823 0.9862813785835323 0.00961702859826087
vn -0.16479246044739823 0.9862813785835323 0.00961702859826087
vn -0.13582209102560994 0.9895900742855447 -0.04757987457907961
vn -0.13582209102560994 0.9895900742855447 -0.04757987457907961
vn -0.13582209102560994 0.9895900742855447 -0.04757987457907961
vn -0.17099508751016532 0.9852575125856928 0.005321084555277052
vn -0.17099508751016532 0.9852575125856928 0.005321084555277052
vn -0.17099508751016532 0.9852575125856928 0.005321084555277052
vn -0.17970028981346495 0.9837214007408099 -0.00010754299277154367
vn -0.17970028981346495 0.9837214007408099 -0.00010754299277154367
vn -0.17970028981346495 0.9837214007408099 -0.00010754299277154367
vn -0.16654237818567894 0.9860056469243405 0.007516681553122034
vn -0.16654237818567894 0.9860056469243405 0.007516681553122034
vn -0.16654237818567894 0.9860056469243405 0.007516681553122034
vn -0.15987467777298628 0.9871373183669466 -0.00004576349605137168
vn -0.15987467777298628 0.9871373183669466 -0.00004576349605137168
vn -0.15987467777298628 0.9871373183669466 -0.00004576349605137168
vn -0.153327182771251 0.9881640726558475 0.004747687399194745
vn -0.153327182771251 0.9881640726558475 0.004747687399194745
vn -0.153327182771251 0.9881640726558475 0.004747687399194745
vn -0.15724828763955762 0.9874209118260355 -0.01652025796007843
vn -0.15724828763955762 0.9874209118260355 -0.01652025796007843
vn -0.15724828763955762 0.9874209118260355 -0.01652025796007843
vn -0.15519520887433533 0.9878645696545127 0.006167589784994839
vn -0.15519520887433533 0.9878645696545127 0.006167589784994839
vn -0.15519520887433533 0.9878645696545127 0.006167589784994839
vn 0.17708449357289685 -0.9841769499718186 -0.006067394844516403
vn 0.17708449357289685 -0.9841769499718186 -0.006067394844516403
vn 0.17708449357289685 -0.9841769499718186 -0.006067394844516403
vn 0.1414255821432586 -0.9893886015795021 0.03330164830751908
vn 0.1414255821432586 -0.9893886015795021 0.03330164830751908
vn 0.1414255821432586 -0.9893886015795021 0.03330164830751908
vn -0.1135233019780951 -0.9217870629766184 -0.3707034804758783
vn -0.1135233019780951 -0.9217870629766184 -0.3707034804758783
vn -0.1135233019780951 -0.9217870629766184 -0.3707034804758783
vn 0.16887769359052124 -0.9850635677890354 0.03361684134898407
vn 0.16887769359052124 -0.9850635677890354 0.03361684134898407
vn 0.16887769359052124 -0.9850635677890354 0.03361684134898407
vn 0.10880719590781655 -0.9915943487038162 -0.0700117257131428
vn 0.10880719590781655 -0.9915943487038162 -0.0700117257131428
vn 0.10880719590781655 -0.9915943487038162 -0.0700117257131428
vn 0.04398219551777019 -0.9959324353423303 0.07863937124959286
vn 0.04398219551777019 -0.9959324353423303 0.07863937124959286
vn 0.04398219551777019 -0.9959324353423303 0.07863937124959286
vn 0.11499788855991787 -0.9904735298388171 -0.07574742448027347
vn 0.11499788855991787 -0.9904735298388171 -0.07574742448027347
vn 0.11499788855991787 -0.9904735298388171 -0.07574742448027347
vn 0.031368784024867584 -0.9959869796152303 0.0838208555535688
vn 0.031368784024867584 -0.9959869796152303 0.0838208555535688
vn 0.031368784024867584 -0.9959869796152303 0.0838208555535688
vn 0.08256619474481615 -0.9480758367757737 -0.3071400840126174
vn 0.08256619474481615 -0.9480758367757737 -0.3071400840126174
vn 0.08256619474481615 -0.9480758367757737 -0.3071400840126174
vn 0.06814091582842295 -0.9976599710327971 0.0056033729933003314
vn 0.06814091582842295 -0.9976599710327971 0.0056033729933003314
vn 0.06814091582842295 -0.9976599710327971 0.0056033729933003314
vn -0.2735672859931846 -0.9618466982788035 -0.003445147963054569
vn -0.2735672859931846 -0.9618466982788035 -0.003445147963054569
vn -0.2735672859931846 -0.9618466982788035 -0.003445147963054569
vn 0.11254689172819166 -0.9936417407813596 -0.003047644879601314
vn 0.11254689172819166 -0.9936417407813596 -0.003047644879601314
vn 0.11254689172819166 -0.9936417407813596 -0.003047644879601314
vn 0.10970319549466297 -0.9939585690332142 0.0034017559737683626
vn 0.10970319549466297 -0.9939585690332142 0.0034017559737683626
vn 0.10970319549466297 -0.9939585690332142 0.0034017559737683626
vn 0.14108519167278197 -0.9892147121130637 0.03936015789758957
vn 0.14108519167278197 -0.9892147121130637 0.03936015789758957
vn 0.14108519167278197 -0.9892147121130637 0.03936015789758957
vn 0.07947354942733491 -0.9963876829436423 -0.02992557801648242
vn 0.07947354942733491 -0.9963876829436423 -0.02992557801648242
vn 0.07947354942733491 -0.9963876829436423 -0.02992557801648242
vn 0.2078440035239758 -0.9713250970800614 0.11544880242572873
vn 0.2078440035239758 -0.9713250970800614 0.11544880242572873
vn 0.2078440035239758 -0.9713250970800614 0.11544880242572873
vn -0.23007978428246362 -0.8583937260957478 0.4585013673523705
vn -0.23007978428246362 -0.8583937260957478 0.4585013673523705
vn -0.23007978428246362 -0.8583937260957478 0.4585013673523705
vn 0.06649195226207384 -0.9879919624103152 0.1394657753608128
vn 0.06649195226207384 -0.9879919624103152 0.1394657753608128
vn 0.06649195226207384 -0.9879919624103152 0.1394657753608128
vn 0.13702697660406793 -0.9899058655183877 -0.036193716236938386
vn 0.13702697660406793 -0.9899058655183877 -0.036193716236938386
vn 0.13702697660406793 -0.9899058655183877 -0.036193716236938386
vn 0.18048269949931525 -0.8522440149384113 -0.491025594224066
vn 0.18048269949931525 -0.8522440149384113 -0.491025594224066
vn 0.18048269949931525 -0.8522440149384113 -0.491025594224066
vn 0.22335888258411857 -0.9736035384697387 -0.04697828700557722
vn 0.22335888258411857 -0.9736035384697387 -0.04697828700557722
vn 0.22335888258411857 -0.9736035384697387 -0.04697828700557722
vn 0.08766965769982153 -0.990979753906682 -0.10135659063843873
vn 0.08766965769982153 -0.990979753906682 -0.10135659063843873
vn 0.08766965769982153 -0.990979753906682 -0.10135659063843873
vn 0.35797337331636975 -0.9278186724016542 -0.10491699166165117
vn 0.35797337331636975 -0.9278186724016542 -0.10491699166165117
vn 0.35797337331636975 -0.9278186724016542 -0.10491699166165117
vn 0.23812148209418696 -0.971090564752248 -0.016771249638222078
vn 0.23812148209418696 -0.971090564752248 -0.016771249638222078
vn 0.23812148209418696 -0.971090564752248 -0.016771249638222078
vn 0.23468350049848707 -0.9720423890461741 -0.007566273269120737
vn 0.23468350049848707 -0.9720423890461741 -0.007566273269120737
vn 0.23468350049848707 -0.9720423890461741 -0.007566273269120737
vn 0.30173427718057816 -0.9531359345485106 -0.022097878781718303
vn 0.30173427718057816 -0.9531359345485106 -0.022097878781718303
vn 0.30173427718057816 -0.9531359345485106 -0.022097878781718303
vn 0.24757860174306007 -0.9688669872215958 0.0012637369582584263
vn 0.24757860174306007 -0.9688669872215958 0.0012637369582584263
vn 0.24757860174306007 -0.9688669872215958 0.0012637369582584263
vn 0.21496668432697535 -0.97644024972494 0.01880859767668241
vn 0.21496668432697535 -0.97644024972494 0.01880859767668241
vn 0.21496668432697535 -0.97644024972494 0.01880859767668241
vn 0.2698596062030107 -0.9605526718216899 0.06718896930426084
vn 0.2698596062030107 -0.9605526718216899 0.06718896930426084
vn 0.2698596062030107 -0.9605526718216899 0.06718896930426084
vn 0.26961460749997307 -0.9606338753798691 0.06701134900365463
vn 0.26961460749997307 -0.9606338753798691 0.06701134900365463
vn 0.26961460749997307 -0.9606338753798691 0.06701134900365463
vn 0.24424019279625855 -0.9663281967035183 0.08097249211042412
vn 0.24424019279625855 -0.9663281967035183 0.08097249211042412
vn 0.24424019279625855 -0.9663281967035183 0.08097249211042412
vn 0.18017197181303832 -0.9809005546851421 -0.07329503660809711
vn 0.18017197181303832 -0.9809005546851421 -0.07329503660809711
vn 0.18017197181303832 -0.9809005546851421 -0.07329503660809711
vn 0.3095208644922464 -0.9334883510285327 0.18109757849845262
vn 0.3095208644922464 -0.9334883510285327 0.18109757849845262
vn 0.3095208644922464 -0.9334883510285327 0.18109757849845262
vn 0.18519439239368257 -0.9800617329633736 -0.07198636403349855
vn 0.18519439239368257 -0.9800617329633736 -0.07198636403349855
vn 0.18519439239368257 -0.9800617329633736 -0.07198636403349855
vn 0.6415990611025504 -0.24426798598525687 -0.7271064542520801
vn 0.6415990611025504 -0.24426798598525687 -0.7271064542520801
vn 0.6415990611025504 -0.24426798598525687 -0.7271064542520801
vn 0.20557998169542985 -0.9703784608013938 0.12689568132456128
vn 0.20557998169542985 -0.9703784608013938 0.12689568132456128
vn 0.20557998169542985 -0.9703784608013938 0.12689568132456128
vn 0.2038933957878339 -0.9722371221051496 0.11481490127506253
vn 0.2038933957878339 -0.9722371221051496 0.11481490127506253
vn 0.2038933957878339 -0.9722371221051496 0.11481490127506253
vn -0.1743626732314781 0.982814782482645 0.06060331275734251
vn -0.1743626732314781 0.982814782482645 0.06060331275734251
vn -0.1743626732314781 0.982814782482645 0.06060331275734251
vn 0.15943518020970435 -0.9848050314515053 0.06884383297942417
vn 0.15943518020970435 -0.9848050314515053 0.06884383297942417
vn 0.15943518020970435 -0.9848050314515053 0.06884383297942417
vn -0.9594920079487542 0.18090270086139007 0.21598448903456463
vn -0.9594920079487542 0.18090270086139007 0.21598448903456463
vn -0.9594920079487542 0.18090270086139007 0.21598448903456463
vn -0.8123607519778591 -0.5831204569721702 -0.006367205551463955
vn -0.8123607519778591 -0.5831204569721702 -0.006367205551463955
vn -0.8123607519778591 -0.5831204569721702 -0.006367205551463955
vn 0.015534749786851071 -0.9998732548405171 -0.0034850830248311774
vn 0.015534749786851071 -0.9998732548405171 -0.0034850830248311774
vn 0.015534749786851071 -0.9998732548405171 -0.0034850830248311774
vn -0.1506332905006501 0.9880103474837996 -0.0338402874971335
vn -0.1506332905006501 0.9880103474837996 -0.0338402874971335
vn -0.1506332905006501 0.9880103474837996 -0.0338402874971335
vn -0.5700811680307851 0.8141540794387142 0.11027509596439011
vn -0.5700811680307851 0.8141540794387142 0.11027509596439011
vn -0.5700811680307851 0.8141540794387142 0.11027509596439011
vn -0.9442832205284903 -0.3176255733160438 0.08627395090058651
vn -0.9442832205284903 -0.3176255733160438 0.08627395090058651
vn -0.9442832205284903 -0.3176255733160438 0.08627395090058651
vn 0.05481856548813978 0.9970689161213941 -0.053371353574093824
vn 0.05481856548813978 0.9970689161213941 -0.053371353574093824
vn 0.05481856548813978 0.9970689161213941 -0.053371353574093824
vn -0.4233711079323183 0.9030162129001335 0.07292889830281324
vn -0.4233711079323183 0.9030162129001335 0.07292889830281324
vn -0.4233711079323183 0.9030162129001335 0.07292889830281324
vn -0.2696241699483459 -0.9597716200028541 -0.07836609226420878
vn -0.2696241699483459 -0.9597716200028541 -0.07836609226420878
vn -0.2696241699483459 -0.9597716200028541 -0.07836609226420878
vn -0.9959138694464581 0.09026287552866118 -0.0028597107336989615
vn -0.9959138694464581 0.09026287552866118 -0.0028597107336989615
vn -0.9959138694464581 0.09026287552866118 -0.0028597107336989615
vn -0.3900971190886893 -0.9182171405029675 -0.06856763496912169
vn -0.3900971190886893 -0.9182171405029675 -0.06856763496912169
vn -0.3900971190886893 -0.9182171405029675 -0.06856763496912169
vn -0.9259878824762326 0.3691996864938152 0.07898121928693881
vn -0.9259878824762326 0.3691996864938152 0.07898121928693881
vn -0.9259878824762326 0.3691996864938152 0.07898121928693881
vn 0.13324150255290013 0.9898254135818565 -0.04992346767755821
vn 0.13324150255290013 0.9898254135818565 -0.04992346767755821
vn 0.13324150255290013 0.9898254135818565 -0.04992346767755821
vn -0.8022957537180436 -0.5780168242691911 -0.14905728572517243
vn -0.8022957537180436 -0.5780168242691911 -0.14905728572517243
vn -0.8022957537180436 -0.5780168242691911 -0.14905728572517243
vn -0.8166996681227542 0.5743677506805384 0.05570762125922926
vn -0.8166996681227542 0.5743677506805384 0.05570762125922926
vn -0.8166996681227542 0.5743677506805384 0.05570762125922926
vn -0.8004721495017724 -0.581014759058164 -0.14719438721838493
vn -0.8004721495017724 -0.581014759058164 -0.14719438721838493
vn -0.8004721495017724 -0.581014759058164 -0.14719438721838493
vn -0.2976429822810045 0.9545619091689523 0.014839698871416404
vn -0.2976429822810045 0.9545619091689523 0.014839698871416404
vn -0.2976429822810045 0.9545619091689523 0.014839698871416404
vn -0.9684187803785597 -0.15366700345418816 -0.19634540447770532
vn -0.9684187803785597 -0.15366700345418816 -0.19634540447770532
vn -0.9684187803785597 -0.15366700345418816 -0.19634540447770532
vn 0.8777818883780119 0.4664132703442904 -0.10935089246217966
vn 0.8777818883780119 0.4664132703442904 -0.10935089246217966
vn 0.8777818883780119 0.4664132703442904 -0.10935089246217966
vn 0.3923729598556393 0.917395339389277 -0.06655262309599888
vn 0.3923729598556393 0.917395339389277 -0.06655262309599888
vn 0.3923729598556393 0.917395339389277 -0.06655262309599888
vn -0.9851255812723955 0.0941110606738266 -0.14377307599676786
vn -0.9851255812723955 0.0941110606738266 -0.14377307599676786
vn -0.9851255812723955 0.0941110606738266 -0.14377307599676786
vn 0.07558654114828228 -0.9959354820271454 -0.04898153158688223
vn 0.07558654114828228 -0.9959354820271454 -0.04898153158688223
vn 0.07558654114828228 -0.9959354820271454 -0.04898153158688223
vn -0.9098318788404186 0.37059104333324633 -0.1867303693749092
vn -0.9098318788404186 0.37059104333324633 -0.1867303693749092
vn -0.9098318788404186 0.37059104333324633 -0.1867303693749092
vn -0.22047588434834667 -0.9651898235706543 -0.1407088799488631
vn -0.22047588434834667 -0.9651898235706543 -0.1407088799488631
vn -0.22047588434834667 -0.9651898235706543 -0.1407088799488631
vn -0.4032970845824772 -0.8736363987451137 -0.27223318011392905
vn -0.4032970845824772 -0.8736363987451137 -0.27223318011392905
vn -0.4032970845824772 -0.8736363987451137 -0.27223318011392905
vn 0.13653229556462845 -0.9803338323306824 0.14249389269610913
vn 0.13653229556462845 -0.9803338323306824 0.14249389269610913
vn 0.13653229556462845 -0.9803338323306824 0.14249389269610913
vn -0.04479568497548664 0.9989630682320054 -0.008132337675880653
vn -0.04479568497548664 0.9989630682320054 -0.008132337675880653
vn -0.04479568497548664 0.9989630682320054 -0.008132337675880653
vn -0.720959663243085 0.6899257896914125 -0.06495820729590877
vn -0.720959663243085 0.6899257896914125 -0.06495820729590877
vn -0.720959663243085 0.6899257896914125 -0.06495820729590877
vn 0.08128762338149599 -0.7783591836307481 0.6225345801982919
vn 0.08128762338149599 -0.7783591836307481 0.6225345801982919
vn 0.08128762338149599 -0.7783591836307481 0.6225345801982919
vn 0.09328757407080723 -0.5173014502543993 0.8507036135392154
vn 0.09328757407080723 -0.5173014502543993 0.8507036135392154
vn 0.09328757407080723 -0.5173014502543993 0.8507036135392154
vn -0.7244474388342425 -0.6082771501538763 -0.32430667117280393
vn -0.7244474388342425 -0.6082771501538763 -0.32430667117280393
vn -0.7244474388342425 -0.6082771501538763 -0.32430667117280393
vn 0.005260527039610229 -0.2485327974098578 0.9686091964600049
vn 0.005260527039610229 -0.2485327974098578 0.9686091964600049
vn 0.005260527039610229 -0.2485327974098578 0.9686091964600049
vn -0.48320345051156977 0.8736300046091712 -0.057315272487291714
vn -0.48320345051156977 0.8736300046091712 -0.057315272487291714
vn -0.48320345051156977 0.8736300046091712 -0.057315272487291714
vn 0.0696369351887393 -0.7953009797641035 0.6022018339757662
vn 0.0696369351887393 -0.7953009797641035 0.6022018339757662
vn 0.0696369351887393 -0.7953009797641035 0.6022018339757662
vn 0.009567438645928381 -0.7601212875940583 0.6497107758565402
vn 0.009567438645928381 -0.7601212875940583 0.6497107758565402
vn 0.009567438645928381 -0.7601212875940583 0.6497107758565402
vn -0.8512707501158363 -0.30527729328618636 -0.4267831817223835
vn -0.8512707501158363 -0.30527729328618636 -0.4267831817223835
vn -0.8512707501158363 -0.30527729328618636 -0.4267831817223835
vn -0.8963495721057437 -0.18471189313344702 -0.40303717089234853
vn -0.8963495721057437 -0.18471189313344702 -0.40303717089234853
vn -0.8963495721057437 -0.18471189313344702 -0.40303717089234853
vn -0.037898649285626675 0.9984536369967555 0.04066973260640186
vn -0.037898649285626675 0.9984536369967555 0.04066973260640186
vn -0.037898649285626675 0.9984536369967555 0.04066973260640186
vn -0.03766792540140118 0.9992109271989239 -0.012595648543103726
vn -0.03766792540140118 0.9992109271989239 -0.012595648543103726
vn -0.03766792540140118 0.9992109271989239 -0.012595648543103726
vn -0.09353541756300436 0.4502691710058986 0.8879801795665124
vn -0.09353541756300436 0.4502691710058986 0.8879801795665124
vn -0.09353541756300436 0.4502691710058986 0.8879801795665124
vn -0.15202868153796284 -0.37709087552654913 0.9136135679730514
vn -0.15202868153796284 -0.37709087552654913 0.9136135679730514
vn -0.15202868153796284 -0.37709087552654913 0.9136135679730514
vn -0.1294875920519177 -0.1831802917954234 0.9745142093383449
vn -0.1294875920519177 -0.1831802917954234 0.9745142093383449
vn -0.1294875920519177 -0.1831802917954234 0.9745142093383449
vn -0.39081307885965894 -0.8427434486073127 -0.37020077960707726
vn -0.39081307885965894 -0.8427434486073127 -0.37020077960707726
vn -0.39081307885965894 -0.8427434486073127 -0.37020077960707726
vn -0.8599118935611537 0.397770393214861 -0.31989099642497915
vn -0.8599118935611537 0.397770393214861 -0.31989099642497915
vn -0.8599118935611537 0.397770393214861 -0.31989099642497915
vn -0.8768929056904917 0.3084053033674478 -0.3687072019970845
vn -0.8768929056904917 0.3084053033674478 -0.3687072019970845
vn -0.8768929056904917 0.3084053033674478 -0.3687072019970845
vn -0.14676168698328326 0.8292231041309617 0.539305155555955
vn -0.14676168698328326 0.8292231041309617 0.539305155555955
vn -0.14676168698328326 0.8292231041309617 0.539305155555955
vn 0.05850032938765582 -0.9759551631244168 0.20997435803528203
vn 0.05850032938765582 -0.9759551631244168 0.20997435803528203
vn 0.05850032938765582 -0.9759551631244168 0.20997435803528203
vn -0.5757730928042941 -0.6002990916718695 -0.555091295320424
vn -0.5757730928042941 -0.6002990916718695 -0.555091295320424
vn -0.5757730928042941 -0.6002990916718695 -0.555091295320424
vn -0.6342787241831204 0.728342365236679 -0.25924486311221984
vn -0.6342787241831204 0.728342365236679 -0.25924486311221984
vn -0.6342787241831204 0.728342365236679 -0.25924486311221984
vn 0.04523180910326027 -0.9921850213109208 -0.1162882923234054
vn 0.04523180910326027 -0.9921850213109208 -0.1162882923234054
vn 0.04523180910326027 -0.9921850213109208 -0.1162882923234054
vn -0.10319449389256491 -0.8214154550323248 0.5609167020728624
vn -0.10319449389256491 -0.8214154550323248 0.5609167020728624
vn -0.10319449389256491 -0.8214154550323248 0.5609167020728624
vn -0.07813744881960141 -0.8896939033125102 0.4498214062275314
vn -0.07813744881960141 -0.8896939033125102 0.4498214062275314
vn -0.07813744881960141 -0.8896939033125102 0.4498214062275314
vn -0.23551536593004893 0.2573827748110453 0.9371694722094835
vn -0.23551536593004893 0.2573827748110453 0.9371694722094835
vn -0.23551536593004893 0.2573827748110453 0.9371694722094835
vn -0.7939371930394812 -0.2934749077534621 -0.5324811846701127
vn -0.7939371930394812 -0.2934749077534621 -0.5324811846701127
vn -0.7939371930394812 -0.2934749077534621 -0.5324811846701127
vn -0.30035939711881465 0.3369762886184984 0.8923178881269413
vn -0.30035939711881465 0.3369762886184984 0.8923178881269413
vn -0.30035939711881465 0.3369762886184984 0.8923178881269413
vn -0.15454187773344782 0.9876712422679121 -0.024946447113349472
vn -0.15454187773344782 0.9876712422679121 -0.024946447113349472
vn -0.15454187773344782 0.9876712422679121 -0.024946447113349472
vn -0.0411651056641252 -0.9735607425760735 -0.22468848343959685
vn -0.0411651056641252 -0.9735607425760735 -0.22468848343959685
vn -0.0411651056641252 -0.9735607425760735 -0.22468848343959685
vn -0.10641499783938096 0.9433480656471204 -0.31427738587859133
vn -0.10641499783938096 0.9433480656471204 -0.31427738587859133
vn -0.10641499783938096 0.9433480656471204 -0.31427738587859133
vn -0.2950285924273317 -0.49936693113098013 0.8146108259427777
vn -0.2950285924273317 -0.49936693113098013 0.8146108259427777
vn -0.2950285924273317 -0.49936693113098013 0.8146108259427777
vn -0.2958490641271323 -0.4396875337532301 0.8480260632298408
vn -0.2958490641271323 -0.4396875337532301 0.8480260632298408
vn -0.2958490641271323 -0.4396875337532301 0.8480260632298408
vn -0.3187644746532902 0.9466800591249216 -0.04675548475042068
vn -0.3187644746532902 0.9466800591249216 -0.04675548475042068
vn -0.3187644746532902 0.9466800591249216 -0.04675548475042068
vn -0.37864494408389376 0.919480802684473 -0.105749987302232
vn -0.37864494408389376 0.919480802684473 -0.105749987302232
vn -0.37864494408389376 0.919480802684473 -0.105749987302232
vn -0.3264792680502699 0.5965842822037186 0.7331428794995106
vn -0.3264792680502699 0.5965842822037186 0.7331428794995106
vn -0.3264792680502699 0.5965842822037186 0.7331428794995106
vn -0.7896255604327944 0.13064080068994777 -0.5995201877387321
vn -0.7896255604327944 0.13064080068994777 -0.5995201877387321
vn -0.7896255604327944 0.13064080068994777 -0.5995201877387321
vn 0.01588933713918429 0.9963269737469139 0.08414327275304616
vn 0.01588933713918429 0.9963269737469139 0.08414327275304616
vn 0.01588933713918429 0.9963269737469139 0.08414327275304616
vn 0.11611609153955607 -0.9924765223289493 0.03882532564463802
vn 0.11611609153955607 -0.9924765223289493 0.03882532564463802
vn 0.11611609153955607 -0.9924765223289493 0.03882532564463802
vn -0.11229629476436143 0.9574856469763753 -0.26572688613768075
vn -0.11229629476436143 0.9574856469763753 -0.26572688613768075
vn -0.11229629476436143 0.9574856469763753 -0.26572688613768075
vn -0.22469891210061269 0.903618915776952 0.3646686906643986
vn -0.22469891210061269 0.903618915776952 0.3646686906643986
vn -0.22469891210061269 0.903618915776952 0.3646686906643986
vn -0.21087698342517416 0.9149815311779388 0.3440053712731439
vn -0.21087698342517416 0.9149815311779388 0.3440053712731439
vn -0.21087698342517416 0.9149815311779388 0.3440053712731439
vn -0.10315319655141729 0.9748502146313675 -0.19755120114644115
vn -0.10315319655141729 0.9748502146313675 -0.19755120114644115
vn -0.10315319655141729 0.9748502146313675 -0.19755120114644115
vn -0.7915677429414596 0.3252443671706849 -0.5173360706139715
vn -0.7915677429414596 0.3252443671706849 -0.5173360706139715
vn -0.7915677429414596 0.3252443671706849 -0.5173360706139715
vn 0.21556041139061433 0.9654492957301041 0.146428707620312
vn 0.21556041139061433 0.9654492957301041 0.146428707620312
vn 0.21556041139061433 0.9654492957301041 0.146428707620312
vn -0.5552002576653532 -0.5211244027511913 -0.6482144943963682
vn -0.5552002576653532 -0.5211244027511913 -0.6482144943963682
vn -0.5552002576653532 -0.5211244027511913 -0.6482144943963682
vn -0.42989414404766463 0.07824716621341868 0.899482298821436
vn -0.42989414404766463 0.07824716621341868 0.899482298821436
vn -0.42989414404766463 0.07824716621341868 0.899482298821436
vn -0.25521728939983196 -0.8147532517392408 0.5206162444370475
vn -0.25521728939983196 -0.8147532517392408 0.5206162444370475
vn -0.25521728939983196 -0.8147532517392408 0.5206162444370475
vn -0.11938369844867952 0.9816144561478914 -0.14893150112113285
vn -0.11938369844867952 0.9816144561478914 -0.14893150112113285
vn -0.11938369844867952 0.9816144561478914 -0.14893150112113285
vn -0.6578519306464153 0.6263992750352192 -0.4181564128171846
vn -0.6578519306464153 0.6263992750352192 -0.4181564128171846
vn -0.6578519306464153 0.6263992750352192 -0.4181564128171846
vn -0.44730999124795673 -0.5198569188428015 0.7277791943034795
vn -0.44730999124795673 -0.5198569188428015 0.7277791943034795
vn -0.44730999124795673 -0.5198569188428015 0.7277791943034795
vn -0.44271176744782514 -0.5572853645570112 0.7024523566860472
vn -0.44271176744782514 -0.5572853645570112 0.7024523566860472
vn -0.44271176744782514 -0.5572853645570112 0.7024523566860472
vn -0.06215702976082775 -0.9528417970575869 -0.2970336907345358
vn -0.06215702976082775 -0.9528417970575869 -0.2970336907345358
vn -0.06215702976082775 -0.9528417970575869 -0.2970336907345358
vn -0.001463889683421954 0.9941720670391868 0.10779498200763052
vn -0.001463889683421954 0.9941720670391868 0.10779498200763052
vn -0.001463889683421954 0.9941720670391868 0.10779498200763052
vn -0.7066224490057454 0.07956867972059524 -0.7031027945959566
vn -0.7066224490057454 0.07956867972059524 -0.7031027945959566
vn -0.7066224490057454 0.07956867972059524 -0.7031027945959566
vn 0.16451557988012724 -0.9859975287094352 0.027267147918179024
vn 0.16451557988012724 -0.9859975287094352 0.027267147918179024
vn 0.16451557988012724 -0.9859975287094352 0.027267147918179024
vn -0.0024668567160086546 -0.9493909405762927 -0.314087179887376
vn -0.0024668567160086546 -0.9493909405762927 -0.314087179887376
vn -0.0024668567160086546 -0.9493909405762927 -0.314087179887376
vn -0.41587995230621827 -0.5865691723635519 -0.6949679642274997
vn -0.41587995230621827 -0.5865691723635519 -0.6949679642274997
vn -0.41587995230621827 -0.5865691723635519 -0.6949679642274997
vn -0.3649039660637734 -0.6493088770498049 -0.6672653727979968
vn -0.3649039660637734 -0.6493088770498049 -0.6672653727979968
vn -0.3649039660637734 -0.6493088770498049 -0.6672653727979968
vn -0.597932564897586 0.11695819853821414 0.7929674820758352
vn -0.597932564897586 0.11695819853821414 0.7929674820758352
vn -0.597932564897586 0.11695819853821414 0.7929674820758352
vn -0.5765220476803177 0.19237820650364656 0.7941114242982115
vn -0.5765220476803177 0.19237820650364656 0.7941114242982115
vn -0.5765220476803177 0.19237820650364656 0.7941114242982115
vn -0.1833189897520237 -0.9378396984492503 0.2947046793128959
vn -0.1833189897520237 -0.9378396984492503 0.2947046793128959
vn -0.1833189897520237 -0.9378396984492503 0.2947046793128959
vn 0.06856929469384251 -0.9941283404340412 0.08370839008754274
vn 0.06856929469384251 -0.9941283404340412 0.08370839008754274
vn 0.06856929469384251 -0.9941283404340412 0.08370839008754274
vn -0.5122559597319111 0.7599445478606367 -0.4000976329547964
vn -0.5122559597319111 0.7599445478606367 -0.4000976329547964
vn -0.5122559597319111 0.7599445478606367 -0.4000976329547964
vn -0.6332693856859455 0.21394548363468846 -0.743772287185577
vn -0.6332693856859455 0.21394548363468846 -0.743772287185577
vn -0.6332693856859455 0.21394548363468846 -0.743772287185577
vn -0.012566857910060285 0.9912331056013299 0.13152567978235616
vn -0.012566857910060285 0.9912331056013299 0.13152567978235616
vn -0.012566857910060285 0.9912331056013299 0.13152567978235616
vn -0.1243531809747937 0.9852195630046181 -0.11780789045916916
vn -0.1243531809747937 0.9852195630046181 -0.11780789045916916
vn -0.1243531809747937 0.9852195630046181 -0.11780789045916916
vn -0.046831245316739316 0.9683057428312971 -0.24533818060386192
vn -0.046831245316739316 0.9683057428312971 -0.24533818060386192
vn -0.046831245316739316 0.9683057428312971 -0.24533818060386192
vn -0.4754945589640149 -0.2970029682893757 -0.8280665198055751
vn -0.4754945589640149 -0.2970029682893757 -0.8280665198055751
vn -0.4754945589640149 -0.2970029682893757 -0.8280665198055751
vn -0.42964976470179744 0.8444583306743808 -0.31982996646081824
vn -0.42964976470179744 0.8444583306743808 -0.31982996646081824
vn -0.42964976470179744 0.8444583306743808 -0.31982996646081824
vn -0.5133043038089699 0.6046784049599886 0.6090014107259792
vn -0.5133043038089699 0.6046784049599886 0.6090014107259792
vn -0.5133043038089699 0.6046784049599886 0.6090014107259792
vn -0.5284857236288092 0.5738610714737019 0.625608751990882
vn -0.5284857236288092 0.5738610714737019 0.625608751990882
vn -0.5284857236288092 0.5738610714737019 0.625608751990882
vn 0.12980858767769352 -0.9840510325448951 -0.12162769385484647
vn 0.12980858767769352 -0.9840510325448951 -0.12162769385484647
vn 0.12980858767769352 -0.9840510325448951 -0.12162769385484647
vn -0.30516657649542966 0.9424413571178465 -0.1366661954688539
vn -0.30516657649542966 0.9424413571178465 -0.1366661954688539
vn -0.30516657649542966 0.9424413571178465 -0.1366661954688539
vn -0.6033473479364633 0.3908608172573481 -0.6951257434960628
vn -0.6033473479364633 0.3908608172573481 -0.6951257434960628
vn -0.6033473479364633 0.3908608172573481 -0.6951257434960628
vn -0.5512760408447774 -0.0036430348083689103 -0.8343149615630131
vn -0.5512760408447774 -0.0036430348083689103 -0.8343149615630131
vn -0.5512760408447774 -0.0036430348083689103 -0.8343149615630131
vn -0.08027105861878299 0.9943791135179386 0.06904155087697612
vn -0.08027105861878299 0.9943791135179386 0.06904155087697612
vn -0.08027105861878299 0.9943791135179386 0.06904155087697612
vn 0.08668047209137159 -0.9953575752629227 0.04183052862123824
vn 0.08668047209137159 -0.9953575752629227 0.04183052862123824
vn 0.08668047209137159 -0.9953575752629227 0.04183052862123824
vn 0.08124344066103918 0.9524666684827511 0.2936098581092356
vn 0.08124344066103918 0.9524666684827511 0.2936098581092356
vn 0.08124344066103918 0.9524666684827511 0.2936098581092356
vn -0.37208298190051237 0.8669146378893126 0.33168247646395926
vn -0.37208298190051237 0.8669146378893126 0.33168247646395926
vn -0.37208298190051237 0.8669146378893126 0.33168247646395926
vn -0.3588128126113115 0.8777781813507699 0.31742531381491046
vn -0.3588128126113115 0.8777781813507699 0.31742531381491046
vn -0.3588128126113115 0.8777781813507699 0.31742531381491046
vn -0.6111943250060176 -0.5171961889576117 0.599124026565586
vn -0.6111943250060176 -0.5171961889576117 0.599124026565586
vn -0.6111943250060176 -0.5171961889576117 0.599124026565586
vn -0.05153851465127958 -0.835377316345501 -0.547255443867787
vn -0.05153851465127958 -0.835377316345501 -0.547255443867787
vn -0.05153851465127958 -0.835377316345501 -0.547255443867787
vn -0.4612072248554672 -0.7968361101895121 0.390307710965549
vn -0.4612072248554672 -0.7968361101895121 0.390307710965549
vn -0.4612072248554672 -0.7968361101895121 0.390307710965549
vn -0.17645191665509244 -0.6594284593193411 -0.7307659188471125
vn -0.17645191665509244 -0.6594284593193411 -0.7307659188471125
vn -0.17645191665509244 -0.6594284593193411 -0.7307659188471125
vn -0.763657268754646 -0.2142183026895388 0.6090468739522498
vn -0.763657268754646 -0.2142183026895388 0.6090468739522498
vn -0.763657268754646 -0.2142183026895388 0.6090468739522498
vn -0.42886678523469424 -0.8229578355979726 0.372577081085725
vn -0.42886678523469424 -0.8229578355979726 0.372577081085725
vn -0.42886678523469424 -0.8229578355979726 0.372577081085725
vn -0.20476600768015568 -0.4845443126786487 -0.8504632215149026
vn -0.20476600768015568 -0.4845443126786487 -0.8504632215149026
vn -0.20476600768015568 -0.4845443126786487 -0.8504632215149026
vn -0.07716816038634244 0.9893415127995956 -0.12348459852951468
vn -0.07716816038634244 0.9893415127995956 -0.12348459852951468
vn -0.07716816038634244 0.9893415127995956 -0.12348459852951468
vn -0.30661850465753343 -0.28035967900286446 -0.9096062571195236
vn -0.30661850465753343 -0.28035967900286446 -0.9096062571195236
vn -0.30661850465753343 -0.28035967900286446 -0.9096062571195236
vn -0.7519870457709998 0.09636513962240276 0.6520960380635348
vn -0.7519870457709998 0.09636513962240276 0.6520960380635348
vn -0.7519870457709998 0.09636513962240276 0.6520960380635348
vn -0.3517430802004056 0.1821766834794485 -0.9181984869991671
vn -0.3517430802004056 0.1821766834794485 -0.9181984869991671
vn -0.3517430802004056 0.1821766834794485 -0.9181984869991671
vn -0.686355058397856 0.5672431621391096 0.45513946084480456
vn -0.686355058397856 0.5672431621391096 0.45513946084480456
vn -0.686355058397856 0.5672431621391096 0.45513946084480456
vn -0.6972420218520738 0.5501725675974926 0.45952552576196964
vn -0.6972420218520738 0.5501725675974926 0.45952552576196964
vn -0.6972420218520738 0.5501725675974926 0.45952552576196964
vn -0.290309791665092 0.9014480265156827 -0.32111007513678536
vn -0.290309791665092 0.9014480265156827 -0.32111007513678536
vn -0.290309791665092 0.9014480265156827 -0.32111007513678536
vn 0.24946107182194827 0.8948555068682075 -0.37013888673454487
vn 0.24946107182194827 0.8948555068682075 -0.37013888673454487
vn 0.24946107182194827 0.8948555068682075 -0.37013888673454487
vn -0.34241518231311746 0.23121568461375064 -0.9106542428990648
vn -0.34241518231311746 0.23121568461375064 -0.9106542428990648
vn -0.34241518231311746 0.23121568461375064 -0.9106542428990648
vn -0.7287060951071429 -0.5642276798406288 0.3881166735085734
vn -0.7287060951071429 -0.5642276798406288 0.3881166735085734
vn -0.7287060951071429 -0.5642276798406288 0.3881166735085734
vn 0.06831728860171134 -0.8311949607291503 -0.5517677820755549
vn 0.06831728860171134 -0.8311949607291503 -0.5517677820755549
vn 0.06831728860171134 -0.8311949607291503 -0.5517677820755549
vn 0.07899348305592697 -0.8429392435154105 -0.5321780354133009
vn 0.07899348305592697 -0.8429392435154105 -0.5321780354133009
vn 0.07899348305592697 -0.8429392435154105 -0.5321780354133009
vn -0.14453698792849196 0.9886228509321359 -0.041640337839346
vn -0.14453698792849196 0.9886228509321359 -0.041640337839346
vn -0.14453698792849196 0.9886228509321359 -0.041640337839346
vn -0.47951482750257396 0.8300422261050184 0.28477259890621887
vn -0.47951482750257396 0.8300422261050184 0.28477259890621887
vn -0.47951482750257396 0.8300422261050184 0.28477259890621887
vn -0.8525570543529872 -0.22539581127110586 0.47153281681596426
vn -0.8525570543529872 -0.22539581127110586 0.47153281681596426
vn -0.8525570543529872 -0.22539581127110586 0.47153281681596426
vn -0.39857676998275454 0.5520379594969078 -0.7323869535324918
vn -0.39857676998275454 0.5520379594969078 -0.7323869535324918
vn -0.39857676998275454 0.5520379594969078 -0.7323869535324918
vn -0.8839130192798493 -0.1375016984643114 0.4469799293782781
vn -0.8839130192798493 -0.1375016984643114 0.4469799293782781
vn -0.8839130192798493 -0.1375016984643114 0.4469799293782781
vn -0.06815826239789537 -0.9958238140046809 0.060740289166831836
vn -0.06815826239789537 -0.9958238140046809 0.060740289166831836
vn -0.06815826239789537 -0.9958238140046809 0.060740289166831836
vn -0.019623388105177244 -0.5112398397113903 -0.8592140297569316
vn -0.019623388105177244 -0.5112398397113903 -0.8592140297569316
vn -0.019623388105177244 -0.5112398397113903 -0.8592140297569316
vn -0.05070601999485126 -0.4563415810222429 -0.8883587456463754
vn -0.05070601999485126 -0.4563415810222429 -0.8883587456463754
vn -0.05070601999485126 -0.4563415810222429 -0.8883587456463754
vn -0.10093930333036066 0.9911088913417053 0.08668576899697622
vn -0.10093930333036066 0.9911088913417053 0.08668576899697622
vn -0.10093930333036066 0.9911088913417053 0.08668576899697622
vn -0.22019657890134464 -0.9700541671390138 0.10251038706579048
vn -0.22019657890134464 -0.9700541671390138 0.10251038706579048
vn -0.22019657890134464 -0.9700541671390138 0.10251038706579048
vn -0.8462358059240742 0.3948726925075856 0.35771569365047745
vn -0.8462358059240742 0.3948726925075856 0.35771569365047745
vn -0.8462358059240742 0.3948726925075856 0.35771569365047745
vn -0.2993031675878319 0.8420000491422632 -0.4488357507110107
vn -0.2993031675878319 0.8420000491422632 -0.4488357507110107
vn -0.2993031675878319 0.8420000491422632 -0.4488357507110107
vn -0.4444025947086282 -0.8893756654588119 0.10731849563767781
vn -0.4444025947086282 -0.8893756654588119 0.10731849563767781
vn -0.4444025947086282 -0.8893756654588119 0.10731849563767781
vn -0.8289881118620473 0.4318210660818748 0.35540016499617855
vn -0.8289881118620473 0.4318210660818748 0.35540016499617855
vn -0.8289881118620473 0.4318210660818748 0.35540016499617855
vn -0.0972446137389925 -0.034184631264790884 -0.9946732609676628
vn -0.0972446137389925 -0.034184631264790884 -0.9946732609676628
vn -0.0972446137389925 -0.034184631264790884 -0.9946732609676628
vn -0.06646632276356475 0.996918122826528 -0.04167114491252741
vn -0.06646632276356475 0.996918122826528 -0.04167114491252741
vn -0.06646632276356475 0.996918122826528 -0.04167114491252741
vn -0.2262413983791149 0.2544429043574089 -0.9402519013975079
vn -0.2262413983791149 0.2544429043574089 -0.9402519013975079
vn -0.2262413983791149 0.2544429043574089 -0.9402519013975079
vn -0.7469842963045695 -0.6205114666653729 0.23870479846696604
vn -0.7469842963045695 -0.6205114666653729 0.23870479846696604
vn -0.7469842963045695 -0.6205114666653729 0.23870479846696604
vn 0.19332839050733142 0.949394499648862 -0.2475362952383584
vn 0.19332839050733142 0.949394499648862 -0.2475362952383584
vn 0.19332839050733142 0.949394499648862 -0.2475362952383584
vn -0.07600521214022098 0.9647211328070331 0.25206416572578266
vn -0.07600521214022098 0.9647211328070331 0.25206416572578266
vn -0.07600521214022098 0.9647211328070331 0.25206416572578266
vn -0.16505238837924446 0.5131920707963892 -0.8422538854537988
vn -0.16505238837924446 0.5131920707963892 -0.8422538854537988
vn -0.16505238837924446 0.5131920707963892 -0.8422538854537988
vn 0.03957467476654784 -0.9991187328192521 0.013985808763656475
vn 0.03957467476654784 -0.9991187328192521 0.013985808763656475
vn 0.03957467476654784 -0.9991187328192521 0.013985808763656475
vn -0.3124670967947692 0.9453630999827446 0.09302108691938345
vn -0.3124670967947692 0.9453630999827446 0.09302108691938345
vn -0.3124670967947692 0.9453630999827446 0.09302108691938345
vn -0.9525347912892336 -0.1927840702565773 0.23560936661958828
vn -0.9525347912892336 -0.1927840702565773 0.23560936661958828
vn -0.9525347912892336 -0.1927840702565773 0.23560936661958828
vn -0.9271876743644507 -0.31743150715520985 0.19889759870801135
vn -0.9271876743644507 -0.31743150715520985 0.19889759870801135
vn -0.9271876743644507 -0.31743150715520985 0.19889759870801135
vn -0.15222308182182304 0.9883220288300759 0.006906568603059493
vn -0.15222308182182304 0.9883220288300759 0.006906568603059493
vn -0.15222308182182304 0.9883220288300759 0.006906568603059493
vn -0.01646458719874152 0.8834211771448314 0.4682904452798662
vn -0.01646458719874152 0.8834211771448314 0.4682904452798662
vn -0.01646458719874152 0.8834211771448314 0.4682904452798662
vn 0.1188338949676563 0.5595634717166903 0.8202238880495866
vn 0.1188338949676563 0.5595634717166903 0.8202238880495866
vn 0.1188338949676563 0.5595634717166903 0.8202238880495866
vn -0.20016936385138331 0.8175368671164726 -0.5399682367331576
vn -0.20016936385138331 0.8175368671164726 -0.5399682367331576
vn -0.20016936385138331 0.8175368671164726 -0.5399682367331576
vn 0.020986486630627126 0.9967909647332198 -0.07724855989026304
vn 0.020986486630627126 0.9967909647332198 -0.07724855989026304
vn 0.020986486630627126 0.9967909647332198 -0.07724855989026304
vn -0.5259702953678841 -0.8495091445332982 0.04110306247623159
vn -0.5259702953678841 -0.8495091445332982 0.04110306247623159
vn -0.5259702953678841 -0.8495091445332982 0.04110306247623159
vn -0.8018067998283079 -0.5337365218473152 -0.26875859241225764
vn -0.8018067998283079 -0.5337365218473152 -0.26875859241225764
vn -0.8018067998283079 -0.5337365218473152 -0.26875859241225764
vn -0.07786147297022576 -0.9643471837779326 -0.2529270649149221
vn -0.07786147297022576 -0.9643471837779326 -0.2529270649149221
vn -0.07786147297022576 -0.9643471837779326 -0.2529270649149221
vn -0.3390650661446048 0.772358337915326 -0.5371196130965895
vn -0.3390650661446048 0.772358337915326 -0.5371196130965895
vn -0.3390650661446048 0.772358337915326 -0.5371196130965895
vn 0.2655246866200503 -0.9162796778457429 0.2998802973891842
vn 0.2655246866200503 -0.9162796778457429 0.2998802973891842
vn 0.2655246866200503 -0.9162796778457429 0.2998802973891842
vn -0.15856858917701877 0.9873479498717578 -0.00016855398826946339
vn -0.15856858917701877 0.9873479498717578 -0.00016855398826946339
vn -0.15856858917701877 0.9873479498717578 -0.00016855398826946339
vn -0.10774800490682555 0.9941370772582999 -0.00904649428914452
vn -0.10774800490682555 0.9941370772582999 -0.00904649428914452
vn -0.10774800490682555 0.9941370772582999 -0.00904649428914452
vn -0.16229479364212696 0.9865336034456551 -0.02029406881801969
vn -0.16229479364212696 0.9865336034456551 -0.02029406881801969
vn -0.16229479364212696 0.9865336034456551 -0.02029406881801969
vn -0.16526528750934094 0.986212823241435 0.008464751538748115
vn -0.16526528750934094 0.986212823241435 0.008464751538748115
vn -0.16526528750934094 0.986212823241435 0.008464751538748115
vn -0.16861988999990365 0.9856490128205913 0.007959662192199153
vn -0.16861988999990365 0.9856490128205913 0.007959662192199153
vn -0.16861988999990365 0.9856490128205913 0.007959662192199153
vn -0.15893480496566945 0.9872648911564402 0.006911039023673417
vn -0.15893480496566945 0.9872648911564402 0.006911039023673417
vn -0.15893480496566945 0.9872648911564402 0.006911039023673417
vn -0.15381019185968536 0.988088989091501 0.00475126469716422
vn -0.15381019185968536 0.988088989091501 0.00475126469716422
vn -0.15381019185968536 0.988088989091501 0.00475126469716422
vn -0.10006229313910338 0.994843814198586 0.016532478415332747
vn -0.10006229313910338 0.994843814198586 0.016532478415332747
vn -0.10006229313910338 0.994843814198586 0.016532478415332747
vn -0.15927399803182152 0.9870861835817278 0.017107300576621243
vn -0.15927399803182152 0.9870861835817278 0.017107300576621243
vn -0.15927399803182152 0.9870861835817278 0.017107300576621243
vn -0.1741600739541156 0.9846933245831087 -0.006879328583628682
vn -0.1741600739541156 0.9846933245831087 -0.006879328583628682
vn -0.1741600739541156 0.9846933245831087 -0.006879328583628682
vn -0.1600570835810785 0.9871077587418575 0.000051255698312877456
vn -0.1600570835810785 0.9871077587418575 0.000051255698312877456
vn -0.1600570835810785 0.9871077587418575 0.000051255698312877456
vn -0.15993478936994684 0.9871275451349621 0.0002697869793274509
vn -0.15993478936994684 0.9871275451349621 0.0002697869793274509
vn -0.15993478936994684 0.9871275451349621 0.0002697869793274509
vn -0.16057337868646512 0.987023892976127 -0.00015732598014287579
vn -0.16057337868646512 0.987023892976127 -0.00015732598014287579
vn -0.16057337868646512 0.987023892976127 -0.00015732598014287579
vn -0.15994969151511176 0.9871251670214696 -0.000028584198187093347
vn -0.15994969151511176 0.9871251670214696 -0.000028584198187093347
vn -0.15994969151511176 0.9871251670214696 -0.000028584198187093347
vn -0.159795806792353 0.9871500791083825 0.00014645099962582247
vn -0.159795806792353 0.9871500791083825 0.00014645099962582247
vn -0.159795806792353 0.9871500791083825 0.00014645099962582247
vn -0.160081489166998 0.9871037497148565 -0.0003226839728231988
vn -0.160081489166998 0.9871037497148565 -0.0003226839728231988
vn -0.160081489166998 0.9871037497148565 -0.0003226839728231988
vn -0.1597929883504655 0.9871505428339994 0.00008158779324632299
vn -0.1597929883504655 0.9871505428339994 0.00008158779324632299
vn -0.1597929883504655 0.9871505428339994 0.00008158779324632299
vn -0.1573386978067069 0.9875444429188374 0.0007123430443735173
vn -0.1573386978067069 0.9875444429188374 0.0007123430443735173
vn -0.1573386978067069 0.9875444429188374 0.0007123430443735173
vn -0.15988328630762824 0.9871359206859054 0.00009408008669986131
vn -0.15988328630762824 0.9871359206859054 0.00009408008669986131
vn -0.15988328630762824 0.9871359206859054 0.00009408008669986131
vn -0.1597526998545115 0.9871570659627987 0.00004482090021784193
vn -0.1597526998545115 0.9871570659627987 0.00004482090021784193
vn -0.1597526998545115 0.9871570659627987 0.00004482090021784193
vn -0.15987919046659277 0.9871365885508181 0
vn -0.15987919046659277 0.9871365885508181 0
vn -0.15987919046659277 0.9871365885508181 0
vn -0.15864968744031338 0.9873349346969491 0.000058327199254075674
vn -0.15864968744031338 0.9873349346969491 0.000058327199254075674
vn -0.15864968744031338 0.9873349346969491 0.000058327199254075674
vn -0.15989069980087509 0.9871347160101626 0.00012870400951607537
vn -0.15989069980087509 0.9871347160101626 0.00012870400951607537
vn -0.15989069980087509 0.9871347160101626 0.00012870400951607537
vn -0.15989929565699645 0.9871333320521581 0
vn -0.15989929565699645 0.9871333320521581 0
vn -0.15989929565699645 0.9871333320521581 0
vn -0.9849272760260005 -0.17093886077292253 -0.02642284650937386
vn -0.9849272760260005 -0.17093886077292253 -0.02642284650937386
vn -0.9849272760260005 -0.17093886077292253 -0.02642284650937386
vn -0.9685440861092796 -0.14603999561020703 -0.2014811974972135
vn -0.9685440861092796 -0.14603999561020703 -0.2014811974972135
vn -0.9685440861092796 -0.14603999561020703 -0.2014811974972135
vn 0.41848030466356595 0.06511074270347803 -0.9058889699037572
vn 0.41848030466356595 0.06511074270347803 -0.9058889699037572
vn 0.41848030466356595 0.06511074270347803 -0.9058889699037572
vn 0.38951116407612324 0.06571536444930115 -0.9186743405229946
vn 0.38951116407612324 0.06571536444930115 -0.9186743405229946
vn 0.38951116407612324 0.06571536444930115 -0.9186743405229946
vn -0.9109684923597188 -0.15057148202402876 -0.3840112429720632
vn -0.9109684923597188 -0.15057148202402876 -0.3840112429720632
vn -0.9109684923597188 -0.15057148202402876 -0.3840112429720632
vn 0.6070380282784797 0.10824179777573778 -0.7872665021694064
vn 0.6070380282784797 0.10824179777573778 -0.7872665021694064
vn 0.6070380282784797 0.10824179777573778 -0.7872665021694064
vn -0.8619726724096379 -0.12995849290162298 -0.4900141856535643
vn -0.8619726724096379 -0.12995849290162298 -0.4900141856535643
vn -0.8619726724096379 -0.12995849290162298 -0.4900141856535643
vn 0.7496985659103246 0.11875510003481615 -0.6510370853397859
vn 0.7496985659103246 0.11875510003481615 -0.6510370853397859
vn 0.7496985659103246 0.11875510003481615 -0.6510370853397859
vn 0.7618816719926775 0.1176086996953119 -0.6369493791798687
vn 0.7618816719926775 0.1176086996953119 -0.6369493791798687
vn 0.7618816719926775 0.1176086996953119 -0.6369493791798687
vn -0.7118529979408997 -0.12506409962972506 -0.691103668277314
vn -0.7118529979408997 -0.12506409962972506 -0.691103668277314
vn -0.7118529979408997 -0.12506409962972506 -0.691103668277314
vn -0.642274482108929 -0.09882455805257838 -0.7600770989560334
vn -0.642274482108929 -0.09882455805257838 -0.7600770989560334
vn -0.642274482108929 -0.09882455805257838 -0.7600770989560334
vn 0.8768609873797343 0.1524018068637589 -0.4559479115821225
vn 0.8768609873797343 0.1524018068637589 -0.4559479115821225
vn 0.8768609873797343 0.1524018068637589 -0.4559479115821225
vn -0.49778217713910883 -0.07011078387762487 -0.8644636383947645
vn -0.49778217713910883 -0.07011078387762487 -0.8644636383947645
vn -0.49778217713910883 -0.07011078387762487 -0.8644636383947645
vn 0.9436522707596937 0.15073110139815413 -0.29461929156349104
vn 0.9436522707596937 0.15073110139815413 -0.29461929156349104
vn 0.9436522707596937 0.15073110139815413 -0.29461929156349104
vn 0.960957710110873 0.1631443805564321 -0.22348196900717834
vn 0.960957710110873 0.1631443805564321 -0.22348196900717834
vn 0.960957710110873 0.1631443805564321 -0.22348196900717834
vn -0.3420717047884496 -0.06579803536369676 -0.9373673598570634
vn -0.3420717047884496 -0.06579803536369676 -0.9373673598570634
vn -0.3420717047884496 -0.06579803536369676 -0.9373673598570634
vn -0.19498488496383706 -0.02571617836895813 -0.9804690575463026
vn -0.19498488496383706 -0.02571617836895813 -0.9804690575463026
vn -0.19498488496383706 -0.02571617836895813 -0.9804690575463026
vn 0.02678709823744311 0.0018216958092857837 -0.9996395014165838
vn 0.02678709823744311 0.0018216958092857837 -0.9996395014165838
vn 0.02678709823744311 0.0018216958092857837 -0.9996395014165838
vn -0.0006378029506325857 0.0024943939063960165 -0.9999966855977253
vn -0.0006378029506325857 0.0024943939063960165 -0.9999966855977253
vn -0.0006378029506325857 0.0024943939063960165 -0.9999966855977253
vn -0.14232648572310172 0.9893992309102724 -0.028850187796156397
vn -0.14232648572310172 0.9893992309102724 -0.028850187796156397
vn -0.14232648572310172 0.9893992309102724 -0.028850187796156397
vn -0.13538709625950818 0.990677441428737 -0.015117579522853962
vn -0.13538709625950818 0.990677441428737 -0.015117579522853962
vn -0.13538709625950818 0.990677441428737 -0.015117579522853962
vn -0.14276368773531534 0.9896313449305533 -0.015758508659063912
vn -0.14276368773531534 0.9896313449305533 -0.015758508659063912
vn -0.14276368773531534 0.9896313449305533 -0.015758508659063912
vn -0.1425431091046192 0.9893549807963126 -0.029294778038358654
vn -0.1425431091046192 0.9893549807963126 -0.029294778038358654
vn -0.1425431091046192 0.9893549807963126 -0.029294778038358654
vn -0.13956577715392668 0.9897879106447862 -0.029004926975413584
vn -0.13956577715392668 0.9897879106447862 -0.029004926975413584
vn -0.13956577715392668 0.9897879106447862 -0.029004926975413584
vn -0.1340204911546928 0.9908814335614061 -0.013874169306588052
vn -0.1340204911546928 0.9908814335614061 -0.013874169306588052
vn -0.1340204911546928 0.9908814335614061 -0.013874169306588052
vn -0.13451269153658119 0.9908485923688553 -0.01119833988780613
vn -0.13451269153658119 0.9908485923688553 -0.01119833988780613
vn -0.13451269153658119 0.9908485923688553 -0.01119833988780613
vn -0.14738328797429295 0.9889199166222942 -0.017764147422312096
vn -0.14738328797429295 0.9889199166222942 -0.017764147422312096
vn -0.14738328797429295 0.9889199166222942 -0.017764147422312096
vn -0.14901798809455521 0.9885358708205797 -0.024299615742826963
vn -0.14901798809455521 0.9885358708205797 -0.024299615742826963
vn -0.14901798809455521 0.9885358708205797 -0.024299615742826963
vn -0.1356216063203226 0.9906948733027037 -0.01142137955043947
vn -0.1356216063203226 0.9906948733027037 -0.01142137955043947
vn -0.1356216063203226 0.9906948733027037 -0.01142137955043947
vn -0.16271198962455707 0.9859158796732782 -0.038661177432717596
vn -0.16271198962455707 0.9859158796732782 -0.038661177432717596
vn -0.16271198962455707 0.9859158796732782 -0.038661177432717596
vn -0.14635479143440408 0.9886042864517954 -0.03523974791806254
vn -0.14635479143440408 0.9886042864517954 -0.03523974791806254
vn -0.14635479143440408 0.9886042864517954 -0.03523974791806254
vn -0.17293138701637126 0.9847271385234119 -0.02017914864624586
vn -0.17293138701637126 0.9847271385234119 -0.02017914864624586
vn -0.17293138701637126 0.9847271385234119 -0.02017914864624586
vn -0.13650648499585288 0.9906360058795615 0.0025066729077743485
vn -0.13650648499585288 0.9906360058795615 0.0025066729077743485
vn -0.13650648499585288 0.9906360058795615 0.0025066729077743485
vn -0.15028968156787165 0.9876528783419081 -0.04421315999984375
vn -0.15028968156787165 0.9876528783419081 -0.04421315999984375
vn -0.15028968156787165 0.9876528783419081 -0.04421315999984375
vn -0.13256647938958377 0.9911738451742289 0.0007329289084489745
vn -0.13256647938958377 0.9911738451742289 0.0007329289084489745
vn -0.13256647938958377 0.9911738451742289 0.0007329289084489745
vn -0.1610316781732433 0.9865510454786288 -0.02803271820094391
vn -0.1610316781732433 0.9865510454786288 -0.02803271820094391
vn -0.1610316781732433 0.9865510454786288 -0.02803271820094391
vn -0.1644721013147733 0.9858952056505398 -0.03097694891984723
vn -0.1644721013147733 0.9858952056505398 -0.03097694891984723
vn -0.1644721013147733 0.9858952056505398 -0.03097694891984723
vn -0.13025967657472043 0.9914389757904369 0.009009658276472739
vn -0.13025967657472043 0.9914389757904369 0.009009658276472739
vn -0.13025967657472043 0.9914389757904369 0.009009658276472739
vn -0.16852179567066136 0.985188984261966 -0.031671275200279576
vn -0.16852179567066136 0.985188984261966 -0.031671275200279576
vn -0.16852179567066136 0.985188984261966 -0.031671275200279576
vn -0.1362289920390009 0.99065737828476 0.006294487906412907
vn -0.1362289920390009 0.99065737828476 0.006294487906412907
vn -0.1362289920390009 0.99065737828476 0.006294487906412907
vn -0.13178819066032185 0.9912076923804142 0.01179760011074197
vn -0.13178819066032185 0.9912076923804142 0.01179760011074197
vn -0.13178819066032185 0.9912076923804142 0.01179760011074197
vn -0.17155239368703384 0.9847988109926126 -0.027222749453083273
vn -0.17155239368703384 0.9847988109926126 -0.027222749453083273
vn -0.17155239368703384 0.9847988109926126 -0.027222749453083273
vn -0.1838681991457206 0.9823681688581004 -0.03384178123699247
vn -0.1838681991457206 0.9823681688581004 -0.03384178123699247
vn -0.1838681991457206 0.9823681688581004 -0.03384178123699247
vn -0.13359027971613077 0.9908940100089869 0.01681362821272531
vn -0.13359027971613077 0.9908940100089869 0.01681362821272531
vn -0.13359027971613077 0.9908940100089869 0.01681362821272531
vn -0.1721293803785888 0.9844907674102302 -0.03390288032747302
vn -0.1721293803785888 0.9844907674102302 -0.03390288032747302
vn -0.1721293803785888 0.9844907674102302 -0.03390288032747302
vn -0.13832607830220342 0.9900813077589569 0.024594716665301452
vn -0.13832607830220342 0.9900813077589569 0.024594716665301452
vn -0.13832607830220342 0.9900813077589569 0.024594716665301452
vn -0.17719660923533403 0.9837793832302444 -0.027919290940504226
vn -0.17719660923533403 0.9837793832302444 -0.027919290940504226
vn -0.17719660923533403 0.9837793832302444 -0.027919290940504226
vn -0.13497141007649874 0.9905577304944888 0.02404373139862882
vn -0.13497141007649874 0.9905577304944888 0.02404373139862882
vn -0.13497141007649874 0.9905577304944888 0.02404373139862882
vn -0.14075208843864226 0.9900445687337011 -0.0007755778882711581
vn -0.14075208843864226 0.9900445687337011 -0.0007755778882711581
vn -0.14075208843864226 0.9900445687337011 -0.0007755778882711581
vn -0.17768428760609928 0.9838974221634447 -0.019343127928062146
vn -0.17768428760609928 0.9838974221634447 -0.019343127928062146
vn -0.17768428760609928 0.9838974221634447 -0.019343127928062146
vn -0.19854767645387655 0.9799022090765684 -0.019247878366932262
vn -0.19854767645387655 0.9799022090765684 -0.019247878366932262
vn -0.19854767645387655 0.9799022090765684 -0.019247878366932262
vn -0.14161390080938194 0.9895005832516875 0.028880769417053045
vn -0.14161390080938194 0.9895005832516875 0.028880769417053045
vn -0.14161390080938194 0.9895005832516875 0.028880769417053045
vn -0.1844601072709389 0.9824684462493797 -0.02702260072464613
vn -0.1844601072709389 0.9824684462493797 -0.02702260072464613
vn -0.1844601072709389 0.9824684462493797 -0.02702260072464613
vn -0.14668810632244864 0.9885600983642618 0.03509318146841246
vn -0.14668810632244864 0.9885600983642618 0.03509318146841246
vn -0.14668810632244864 0.9885600983642618 0.03509318146841246
vn -0.18545898786719212 0.9825123544053008 -0.016566148020266628
vn -0.18545898786719212 0.9825123544053008 -0.016566148020266628
vn -0.18545898786719212 0.9825123544053008 -0.016566148020266628
vn -0.1833541790467402 0.9829744429381426 -0.011936898950065914
vn -0.1833541790467402 0.9829744429381426 -0.011936898950065914
vn -0.1833541790467402 0.9829744429381426 -0.011936898950065914
vn -0.13497219585407938 0.9902240940692203 0.035195878609859246
vn -0.13497219585407938 0.9902240940692203 0.035195878609859246
vn -0.13497219585407938 0.9902240940692203 0.035195878609859246
vn -0.14996337729484932 0.9883251083987101 0.026915898257357244
vn -0.14996337729484932 0.9883251083987101 0.026915898257357244
vn -0.14996337729484932 0.9883251083987101 0.026915898257357244
vn -0.19025580992704308 0.9816949577891758 -0.008816838453402398
vn -0.19025580992704308 0.9816949577891758 -0.008816838453402398
vn -0.19025580992704308 0.9816949577891758 -0.008816838453402398
vn -0.15136859131489802 0.9880060756267525 0.030521207183977783
vn -0.15136859131489802 0.9880060756267525 0.030521207183977783
vn -0.15136859131489802 0.9880060756267525 0.030521207183977783
vn -0.19016300532995462 0.981709738898963 -0.00916623994937471
vn -0.19016300532995462 0.981709738898963 -0.00916623994937471
vn -0.19016300532995462 0.981709738898963 -0.00916623994937471
vn -0.18660957716912302 0.9824323446551143 -0.0018851748502082054
vn -0.18660957716912302 0.9824323446551143 -0.0018851748502082054
vn -0.18660957716912302 0.9824323446551143 -0.0018851748502082054
vn -0.15496708446576252 0.9874098893077394 0.03173189608988591
vn -0.15496708446576252 0.9874098893077394 0.03173189608988591
vn -0.15496708446576252 0.9874098893077394 0.03173189608988591
vn -0.1606543986424359 0.9864569479757191 0.03305834217359684
vn -0.1606543986424359 0.9864569479757191 0.03305834217359684
vn -0.1606543986424359 0.9864569479757191 0.03305834217359684
vn -0.17015679358273955 0.9851039750905611 0.024835938847083884
vn -0.17015679358273955 0.9851039750905611 0.024835938847083884
vn -0.17015679358273955 0.9851039750905611 0.024835938847083884
vn -0.14648409081149133 0.9890877532476148 0.01574253838224175
vn -0.14648409081149133 0.9890877532476148 0.01574253838224175
vn -0.14648409081149133 0.9890877532476148 0.01574253838224175
vn -0.18552798276721336 0.9826358089913053 -0.002496897741457652
vn -0.18552798276721336 0.9826358089913053 -0.002496897741457652
vn -0.18552798276721336 0.9826358089913053 -0.002496897741457652
vn -0.17332980282874344 0.9842018028785439 0.03610527194154018
vn -0.17332980282874344 0.9842018028785439 0.03610527194154018
vn -0.17332980282874344 0.9842018028785439 0.03610527194154018
vn -0.15585448914162736 0.9871514767204926 0.03523265847127203
vn -0.15585448914162736 0.9871514767204926 0.03523265847127203
vn -0.15585448914162736 0.9871514767204926 0.03523265847127203
vn -0.18129739538684078 0.9834054911011028 0.00670033567414406
vn -0.18129739538684078 0.9834054911011028 0.00670033567414406
vn -0.18129739538684078 0.9834054911011028 0.00670033567414406
vn -0.18745410246958136 0.9821932809493227 0.012542660217378014
vn -0.18745410246958136 0.9821932809493227 0.012542660217378014
vn -0.18745410246958136 0.9821932809493227 0.012542660217378014
vn -0.17117039879468485 0.9849339735195152 0.024612240522304773
vn -0.17117039879468485 0.9849339735195152 0.024612240522304773
vn -0.17117039879468485 0.9849339735195152 0.024612240522304773
vn -0.17294098376102787 0.9847407306423442 0.019419308683629028
vn -0.17294098376102787 0.9847407306423442 0.019419308683629028
vn -0.17294098376102787 0.9847407306423442 0.019419308683629028
vn -0.17998299121186387 0.9832424586203772 0.02898948844988616
vn -0.17998299121186387 0.9832424586203772 0.02898948844988616
vn -0.17998299121186387 0.9832424586203772 0.02898948844988616
vn -0.18702718475163305 0.982243947763357 0.014753279165465108
vn -0.18702718475163305 0.982243947763357 0.014753279165465108
vn -0.18702718475163305 0.982243947763357 0.014753279165465108
vn -0.17704428709163528 0.9837668525184639 0.02929334897429395
vn -0.17704428709163528 0.9837668525184639 0.02929334897429395
vn -0.17704428709163528 0.9837668525184639 0.02929334897429395
vn -0.17690869762743688 0.9841156973724439 0.014819139277051594
vn -0.17690869762743688 0.9841156973724439 0.014819139277051594
vn -0.17690869762743688 0.9841156973724439 0.014819139277051594
vn -0.1847294070591185 0.9826667631487838 0.015526711508831085
vn -0.1847294070591185 0.9826667631487838 0.015526711508831085
vn -0.1847294070591185 0.9826667631487838 0.015526711508831085
vn -0.17727299324193485 0.9837391537201673 0.02883683937212941
vn -0.17727299324193485 0.9837391537201673 0.02883683937212941
vn -0.17727299324193485 0.9837391537201673 0.02883683937212941
vn -0.3681788939922417 0.9270166501319136 0.07130520595899913
vn -0.3681788939922417 0.9270166501319136 0.07130520595899913
vn -0.3681788939922417 0.9270166501319136 0.07130520595899913
vn -0.3809228808537707 0.9246056605635492 -0.0014598958548956461
vn -0.3809228808537707 0.9246056605635492 -0.0014598958548956461
vn -0.3809228808537707 0.9246056605635492 -0.0014598958548956461
vn 0.522709080521244 -0.504280992973505 -0.6873688218607907
vn 0.522709080521244 -0.504280992973505 -0.6873688218607907
vn 0.522709080521244 -0.504280992973505 -0.6873688218607907
vn 0.1540112025165865 0.9666631672065137 -0.20455529977408735
vn 0.1540112025165865 0.9666631672065137 -0.20455529977408735
vn 0.1540112025165865 0.9666631672065137 -0.20455529977408735
vn 0.5951836729699387 -0.7867602738330365 -0.16359910436239727
vn 0.5951836729699387 -0.7867602738330365 -0.16359910436239727
vn 0.5951836729699387 -0.7867602738330365 -0.16359910436239727
vn -0.02830093549684062 -0.9589507015719202 0.2821570644246319
vn -0.02830093549684062 -0.9589507015719202 0.2821570644246319
vn -0.02830093549684062 -0.9589507015719202 0.2821570644246319
vn 0.056117284685714294 0.9958839353098082 -0.07117610379440684
vn 0.056117284685714294 0.9958839353098082 -0.07117610379440684
vn 0.056117284685714294 0.9958839353098082 -0.07117610379440684
vn 0.06952082489791106 0.9975794135699511 0.0014725919144336645
vn 0.06952082489791106 0.9975794135699511 0.0014725919144336645
vn 0.06952082489791106 0.9975794135699511 0.0014725919144336645
vn 0.16841919976064382 -0.0010271660441135322 -0.9857149273912322
vn 0.16841919976064382 -0.0010271660441135322 -0.9857149273912322
vn 0.16841919976064382 -0.0010271660441135322 -0.9857149273912322
vn 0.18082537928622186 0.018745947299042484 -0.9833365505592963
vn 0.18082537928622186 0.018745947299042484 -0.9833365505592963
vn 0.18082537928622186 0.018745947299042484 -0.9833365505592963
vn 0.42943407123221145 0.07150869986087377 -0.9002626751727162
vn 0.42943407123221145 0.07150869986087377 -0.9002626751727162
vn 0.42943407123221145 0.07150869986087377 -0.9002626751727162
vn 0.49084427799297026 0.17366298978866793 -0.85376405449001
vn 0.49084427799297026 0.17366298978866793 -0.85376405449001
vn 0.49084427799297026 0.17366298978866793 -0.85376405449001
vn -0.9453381688405664 -0.15582807019853065 -0.28644957509370933
vn -0.9453381688405664 -0.15582807019853065 -0.28644957509370933
vn -0.9453381688405664 -0.15582807019853065 -0.28644957509370933
vn -0.9455513308370769 -0.1572275153471437 -0.2849775239733765
vn -0.9455513308370769 -0.1572275153471437 -0.2849775239733765
vn -0.9455513308370769 -0.1572275153471437 -0.2849775239733765
vn 0.7000579940497146 0.1895990102528082 -0.6884555325351417
vn 0.7000579940497146 0.1895990102528082 -0.6884555325351417
vn 0.7000579940497146 0.1895990102528082 -0.6884555325351417
vn -0.821065848741716 -0.11938779138028795 -0.5582091250592224
vn -0.821065848741716 -0.11938779138028795 -0.5582091250592224
vn -0.821065848741716 -0.11938779138028795 -0.5582091250592224
vn 0.6817875139440561 0.16653808025501768 -0.7123418095654338
vn 0.6817875139440561 0.16653808025501768 -0.7123418095654338
vn 0.6817875139440561 0.16653808025501768 -0.7123418095654338
vn -0.8079596234906444 -0.13390910746552281 -0.5738201789294648
vn -0.8079596234906444 -0.13390910746552281 -0.5738201789294648
vn -0.8079596234906444 -0.13390910746552281 -0.5738201789294648
vn 0.8335792445014114 0.12250088933715733 -0.5386456861871836
vn 0.8335792445014114 0.12250088933715733 -0.5386456861871836
vn 0.8335792445014114 0.12250088933715733 -0.5386456861871836
vn -0.707717714122624 -0.12789228512074985 -0.6948231433419879
vn -0.707717714122624 -0.12789228512074985 -0.6948231433419879
vn -0.707717714122624 -0.12789228512074985 -0.6948231433419879
vn -0.552291227708062 -0.017390959381797643 -0.8334698280852777
vn -0.552291227708062 -0.017390959381797643 -0.8334698280852777
vn -0.552291227708062 -0.017390959381797643 -0.8334698280852777
vn 0.8788767429214728 0.20870149069589755 -0.42897477610350665
vn 0.8788767429214728 0.20870149069589755 -0.42897477610350665
vn 0.8788767429214728 0.20870149069589755 -0.42897477610350665
vn -0.4851438023314461 -0.06163256884021092 -0.8722596617507562
vn -0.4851438023314461 -0.06163256884021092 -0.8722596617507562
vn -0.4851438023314461 -0.06163256884021092 -0.8722596617507562
vn 0.9772840719894671 0.12129220343639167 -0.17379310694394953
vn 0.9772840719894671 0.12129220343639167 -0.17379310694394953
vn 0.9772840719894671 0.12129220343639167 -0.17379310694394953
vn 0.9771524238719178 0.19876280766726556 -0.07527607062979236
vn 0.9771524238719178 0.19876280766726556 -0.07527607062979236
vn 0.9771524238719178 0.19876280766726556 -0.07527607062979236
vn -0.17538879904950072 0.015225879928900432 -0.9843815021364252
vn -0.17538879904950072 0.015225879928900432 -0.9843815021364252
vn -0.17538879904950072 0.015225879928900432 -0.9843815021364252
vn -0.19329008472163167 -0.006834982432984919 -0.981117845196715
vn -0.19329008472163167 -0.006834982432984919 -0.981117845196715
vn -0.19329008472163167 -0.006834982432984919 -0.981117845196715
vn 0.1779836816104686 0.690276127639258 0.7013135366522836
vn 0.1779836816104686 0.690276127639258 0.7013135366522836
vn 0.1779836816104686 0.690276127639258 0.7013135366522836
vn -0.30728826416151356 0.9478512557298843 0.0845690234062411
vn -0.30728826416151356 0.9478512557298843 0.0845690234062411
vn -0.30728826416151356 0.9478512557298843 0.0845690234062411
vn 0.6511601633925185 0.712898593217699 -0.2603191068647373
vn 0.6511601633925185 0.712898593217699 -0.2603191068647373
vn 0.6511601633925185 0.712898593217699 -0.2603191068647373
vn 0.6391487491256654 0.7255041938363188 -0.2552107780188963
vn 0.6391487491256654 0.7255041938363188 -0.2552107780188963
vn 0.6391487491256654 0.7255041938363188 -0.2552107780188963
vn 0.9083356035321895 -0.4012500841949947 -0.11800339524489457
vn 0.9083356035321895 -0.4012500841949947 -0.11800339524489457
vn 0.9083356035321895 -0.4012500841949947 -0.11800339524489457
vn 0.45910497721173005 0.8590495440690122 -0.22639898571822065
vn 0.45910497721173005 0.8590495440690122 -0.22639898571822065
vn 0.45910497721173005 0.8590495440690122 -0.22639898571822065
vn 0.6730897537999257 -0.7394631627391116 -0.012017249328593913
vn 0.6730897537999257 -0.7394631627391116 -0.012017249328593913
vn 0.6730897537999257 -0.7394631627391116 -0.012017249328593913
vn 0.21692118430544177 0.9689240030154045 -0.11887588561238562
vn 0.21692118430544177 0.9689240030154045 -0.11887588561238562
vn 0.21692118430544177 0.9689240030154045 -0.11887588561238562
vn 0.114921795811189 0.3277399014329029 0.9377523862173226
vn 0.114921795811189 0.3277399014329029 0.9377523862173226
vn 0.114921795811189 0.3277399014329029 0.9377523862173226
vn 0.949897787590076 0.25587791782981867 -0.17950120974120237
vn 0.949897787590076 0.25587791782981867 -0.17950120974120237
vn 0.949897787590076 0.25587791782981867 -0.17950120974120237
vn -0.21999289928702406 0.9677248904265527 -0.12292949488306693
vn -0.21999289928702406 0.9677248904265527 -0.12292949488306693
vn -0.21999289928702406 0.9677248904265527 -0.12292949488306693
vn 0.09765141966684933 0.04591958858999515 0.9941607473747766
vn 0.09765141966684933 0.04591958858999515 0.9941607473747766
vn 0.09765141966684933 0.04591958858999515 0.9941607473747766
vn 0.04046999777977352 0.9955373092919275 -0.08525048438275494
vn 0.04046999777977352 0.9955373092919275 -0.08525048438275494
vn 0.04046999777977352 0.9955373092919275 -0.08525048438275494
vn -0.38337520218783766 0.9210351218547407 0.06868594221132678
vn -0.38337520218783766 0.9210351218547407 0.06868594221132678
vn -0.38337520218783766 0.9210351218547407 0.06868594221132678
vn -0.271642508976577 0.9031248783583828 -0.33252939931240094
vn -0.271642508976577 0.9031248783583828 -0.33252939931240094
vn -0.271642508976577 0.9031248783583828 -0.33252939931240094
vn 0.07253897212463059 0.7205051801965447 0.6896451136875013
vn 0.07253897212463059 0.7205051801965447 0.6896451136875013
vn 0.07253897212463059 0.7205051801965447 0.6896451136875013
vn 0.08065295064484138 0.25409128773851924 0.9638115578512544
vn 0.08065295064484138 0.25409128773851924 0.9638115578512544
vn 0.08065295064484138 0.25409128773851924 0.9638115578512544
vn 0.9952472212148287 -0.09524702054711312 -0.020272487293367038
vn 0.9952472212148287 -0.09524702054711312 -0.020272487293367038
vn 0.9952472212148287 -0.09524702054711312 -0.020272487293367038
vn -0.03017871607033637 0.8493269587400261 0.5270037592406375
vn -0.03017871607033637 0.8493269587400261 0.5270037592406375
vn -0.03017871607033637 0.8493269587400261 0.5270037592406375
vn 0.7500636300070169 -0.6537645217271351 0.09998250382735542
vn 0.7500636300070169 -0.6537645217271351 0.09998250382735542
vn 0.7500636300070169 -0.6537645217271351 0.09998250382735542
vn 0.9700680751555377 0.24057655981982456 -0.033027994630138106
vn 0.9700680751555377 0.24057655981982456 -0.033027994630138106
vn 0.9700680751555377 0.24057655981982456 -0.033027994630138106
vn 0.9841031473133554 0.17649048640315518 -0.019801607437936772
vn 0.9841031473133554 0.17649048640315518 -0.019801607437936772
vn 0.9841031473133554 0.17649048640315518 -0.019801607437936772
vn -0.26302868897853676 0.8590159071633865 -0.4392124543025806
vn -0.26302868897853676 0.8590159071633865 -0.4392124543025806
vn -0.26302868897853676 0.8590159071633865 -0.4392124543025806
vn -0.1561730079657151 0.9873824858854015 -0.026188129939070794
vn -0.1561730079657151 0.9873824858854015 -0.026188129939070794
vn -0.1561730079657151 0.9873824858854015 -0.026188129939070794
vn -0.3062266737924491 0.9500877951849298 0.0596523737889094
vn -0.3062266737924491 0.9500877951849298 0.0596523737889094
vn -0.3062266737924491 0.9500877951849298 0.0596523737889094
vn -0.1456857893277655 0.988982838341692 -0.026241117612568025
vn -0.1456857893277655 0.988982838341692 -0.026241117612568025
vn -0.1456857893277655 0.988982838341692 -0.026241117612568025
vn -0.2956845781521874 0.9542084404619571 0.045352865335309286
vn -0.2956845781521874 0.9542084404619571 0.045352865335309286
vn -0.2956845781521874 0.9542084404619571 0.045352865335309286
vn 0.24334571502399702 -0.9699026639914545 -0.008466720837445634
vn 0.24334571502399702 -0.9699026639914545 -0.008466720837445634
vn 0.24334571502399702 -0.9699026639914545 -0.008466720837445634
vn 0.9208085120291518 -0.3705267680347446 0.12174398689210975
vn 0.9208085120291518 -0.3705267680347446 0.12174398689210975
vn 0.9208085120291518 -0.3705267680347446 0.12174398689210975
vn -0.3044648727651125 0.9524200437081075 -0.014042848541882366
vn -0.3044648727651125 0.9524200437081075 -0.014042848541882366
vn -0.3044648727651125 0.9524200437081075 -0.014042848541882366
vn 0.816532498454017 0.5772715848081682 0.005674182012117738
vn 0.816532498454017 0.5772715848081682 0.005674182012117738
vn 0.816532498454017 0.5772715848081682 0.005674182012117738
vn 0.6473056860837602 0.7616304378996365 -0.030239458137354153
vn 0.6473056860837602 0.7616304378996365 -0.030239458137354153
vn 0.6473056860837602 0.7616304378996365 -0.030239458137354153
vn 0.658395292286406 -0.7398054025195759 0.13857707421484317
vn 0.658395292286406 -0.7398054025195759 0.13857707421484317
vn 0.658395292286406 -0.7398054025195759 0.13857707421484317
vn 0.40048110565327316 0.9162778872730953 0.007051050211462346
vn 0.40048110565327316 0.9162778872730953 0.007051050211462346
vn 0.40048110565327316 0.9162778872730953 0.007051050211462346
vn 0.22329859295019203 0.974698477809406 -0.010030739877571693
vn 0.22329859295019203 0.974698477809406 -0.010030739877571693
vn 0.22329859295019203 0.974698477809406 -0.010030739877571693
vn -0.34584978825806795 0.9376024171260281 -0.0359114377500994
vn -0.34584978825806795 0.9376024171260281 -0.0359114377500994
vn -0.34584978825806795 0.9376024171260281 -0.0359114377500994
vn 0.9665550581679891 0.125824183123031 0.2234716860617856
vn 0.9665550581679891 0.125824183123031 0.2234716860617856
vn 0.9665550581679891 0.125824183123031 0.2234716860617856
vn 0.9679138998830731 0.005957006318251426 0.2512114577181237
vn 0.9679138998830731 0.005957006318251426 0.2512114577181237
vn 0.9679138998830731 0.005957006318251426 0.2512114577181237
vn 0.2032384858071592 -0.9630963138219384 -0.17646418387142332
vn 0.2032384858071592 -0.9630963138219384 -0.17646418387142332
vn 0.2032384858071592 -0.9630963138219384 -0.17646418387142332
vn 0.04965059331068086 0.998645518278456 0.015554658667140085
vn 0.04965059331068086 0.998645518278456 0.015554658667140085
vn 0.04965059331068086 0.998645518278456 0.015554658667140085
vn 0.030033638639963955 0.9994437674290597 0.014496078685344457
vn 0.030033638639963955 0.9994437674290597 0.014496078685344457
vn 0.030033638639963955 0.9994437674290597 0.014496078685344457
vn 0.5966018029342467 -0.771303618294706 0.22171381811042015
vn 0.5966018029342467 -0.771303618294706 0.22171381811042015
vn 0.5966018029342467 -0.771303618294706 0.22171381811042015
vn 0.6442254212418426 -0.730936530286321 0.22517858539116198
vn 0.6442254212418426 -0.730936530286321 0.22517858539116198
vn 0.6442254212418426 -0.730936530286321 0.22517858539116198
vn 0.21716056947175436 -0.8177748987465443 -0.5329967186078941
vn 0.21716056947175436 -0.8177748987465443 -0.5329967186078941
vn 0.21716056947175436 -0.8177748987465443 -0.5329967186078941
vn 0.7640817913282512 0.6051833153841931 0.22345507589045094
vn 0.7640817913282512 0.6051833153841931 0.22345507589045094
vn 0.7640817913282512 0.6051833153841931 0.22345507589045094
vn 0.7197116429706565 0.6649285981232292 0.19971256938499174
vn 0.7197116429706565 0.6649285981232292 0.19971256938499174
vn 0.7197116429706565 0.6649285981232292 0.19971256938499174
vn -0.42922357434671027 0.9030394703500104 0.01693629873989316
vn -0.42922357434671027 0.9030394703500104 0.01693629873989316
vn -0.42922357434671027 0.9030394703500104 0.01693629873989316
vn 0.01575844766578242 0.08597539538083657 -0.996172626965966
vn 0.01575844766578242 0.08597539538083657 -0.996172626965966
vn 0.01575844766578242 0.08597539538083657 -0.996172626965966
vn 0.25027569627561586 -0.7171242093572274 -0.6504574883937668
vn 0.25027569627561586 -0.7171242093572274 -0.6504574883937668
vn 0.25027569627561586 -0.7171242093572274 -0.6504574883937668
vn 0.8530403565002602 -0.3456264810998091 0.3909788814558558
vn 0.8530403565002602 -0.3456264810998091 0.3909788814558558
vn 0.8530403565002602 -0.3456264810998091 0.3909788814558558
vn 0.23317376912331073 -0.42991434869698664 -0.8722405896180679
vn 0.23317376912331073 -0.42991434869698664 -0.8722405896180679
vn 0.23317376912331073 -0.42991434869698664 -0.8722405896180679
vn -0.02379006006785345 0.41265530186245036 -0.9105765398289031
vn -0.02379006006785345 0.41265530186245036 -0.9105765398289031
vn -0.02379006006785345 0.41265530186245036 -0.9105765398289031
vn 0.23600970576942445 -0.3952412964987015 -0.8877408046973256
vn 0.23600970576942445 -0.3952412964987015 -0.8877408046973256
vn 0.23600970576942445 -0.3952412964987015 -0.8877408046973256
vn 0.9352751618340677 -0.03557597193583878 0.3521288427224884
vn 0.9352751618340677 -0.03557597193583878 0.3521288427224884
vn 0.9352751618340677 -0.03557597193583878 0.3521288427224884
vn 0.5836878428982525 0.7885442985774114 0.1936656687021303
vn 0.5836878428982525 0.7885442985774114 0.1936656687021303
vn 0.5836878428982525 0.7885442985774114 0.1936656687021303
vn 0.18042647873369427 -0.13116998995791368 -0.9748029131605018
vn 0.18042647873369427 -0.13116998995791368 -0.9748029131605018
vn 0.18042647873369427 -0.13116998995791368 -0.9748029131605018
vn -0.569535861079603 0.8135150808144632 -0.11756749649351396
vn -0.569535861079603 0.8135150808144632 -0.11756749649351396
vn -0.569535861079603 0.8135150808144632 -0.11756749649351396
vn -0.13466349275942308 0.9134761712681321 -0.38396227450512244
vn -0.13466349275942308 0.9134761712681321 -0.38396227450512244
vn -0.13466349275942308 0.9134761712681321 -0.38396227450512244
vn 0.8339862128632168 0.34491470047480716 0.43069809164940936
vn 0.8339862128632168 0.34491470047480716 0.43069809164940936
vn 0.8339862128632168 0.34491470047480716 0.43069809164940936
vn 0.18864111487305588 0.4057905351219389 -0.8942866270860261
vn 0.18864111487305588 0.4057905351219389 -0.8942866270860261
vn 0.18864111487305588 0.4057905351219389 -0.8942866270860261
vn 0.09907472238103252 0.5889245333780362 -0.8020923222239343
vn 0.09907472238103252 0.5889245333780362 -0.8020923222239343
vn 0.09907472238103252 0.5889245333780362 -0.8020923222239343
vn -0.17033019230413546 0.9844834555140135 0.042189470354859024
vn -0.17033019230413546 0.9844834555140135 0.042189470354859024
vn -0.17033019230413546 0.9844834555140135 0.042189470354859024
vn -0.1852885755280414 0.931137011567658 0.3140891743878483
vn -0.1852885755280414 0.931137011567658 0.3140891743878483
vn -0.1852885755280414 0.931137011567658 0.3140891743878483
vn 0.42185022474430456 -0.18025686929884024 -0.8885661759001187
vn 0.42185022474430456 -0.18025686929884024 -0.8885661759001187
vn 0.42185022474430456 -0.18025686929884024 -0.8885661759001187
vn 0.8011869767186638 -0.2289756977521688 0.552873908025433
vn 0.8011869767186638 -0.2289756977521688 0.552873908025433
vn 0.8011869767186638 -0.2289756977521688 0.552873908025433
vn 0.11101759383350893 0.5286359266281352 -0.8415575743449943
vn 0.11101759383350893 0.5286359266281352 -0.8415575743449943
vn 0.11101759383350893 0.5286359266281352 -0.8415575743449943
vn -0.2782509967366676 0.9604152594226132 -0.013375809629540106
vn -0.2782509967366676 0.9604152594226132 -0.013375809629540106
vn -0.2782509967366676 0.9604152594226132 -0.013375809629540106
vn -0.18841958045794188 0.9504506587898803 0.2472682893254524
vn -0.18841958045794188 0.9504506587898803 0.2472682893254524
vn -0.18841958045794188 0.9504506587898803 0.2472682893254524
vn 0.3506491835269901 0.9133997702786852 0.20675108160950545
vn 0.3506491835269901 0.9133997702786852 0.20675108160950545
vn 0.3506491835269901 0.9133997702786852 0.20675108160950545
vn 0.24142699455652086 -0.9646419491316665 -0.10573039428123453
vn 0.24142699455652086 -0.9646419491316665 -0.10573039428123453
vn 0.24142699455652086 -0.9646419491316665 -0.10573039428123453
vn 0.26394929914628495 -0.9521934781468221 -0.15381270316473303
vn 0.26394929914628495 -0.9521934781468221 -0.15381270316473303
vn 0.26394929914628495 -0.9521934781468221 -0.15381270316473303
vn 0.16882818637929065 0.9738200134210921 0.15222228793584536
vn 0.16882818637929065 0.9738200134210921 0.15222228793584536
vn 0.16882818637929065 0.9738200134210921 0.15222228793584536
vn 0.5329997980548365 -0.7559528130967791 0.3800612577527071
vn 0.5329997980548365 -0.7559528130967791 0.3800612577527071
vn 0.5329997980548365 -0.7559528130967791 0.3800612577527071
vn -0.20372660336104778 0.9627081694180405 0.17801250410781724
vn -0.20372660336104778 0.9627081694180405 0.17801250410781724
vn -0.20372660336104778 0.9627081694180405 0.17801250410781724
vn -0.27931082033263666 0.9595113322640353 -0.03637951211885075
vn -0.27931082033263666 0.9595113322640353 -0.03637951211885075
vn -0.27931082033263666 0.9595113322640353 -0.03637951211885075
vn 0.7968412244730879 -0.0901238345225124 0.5974292907375638
vn 0.7968412244730879 -0.0901238345225124 0.5974292907375638
vn 0.7968412244730879 -0.0901238345225124 0.5974292907375638
vn -0.08056234520959306 0.9746288599846967 -0.20882598932906088
vn -0.08056234520959306 0.9746288599846967 -0.20882598932906088
vn -0.08056234520959306 0.9746288599846967 -0.20882598932906088
vn -0.13204069650767547 0.9719000021049928 -0.19487339575756057
vn -0.13204069650767547 0.9719000021049928 -0.19487339575756057
vn -0.13204069650767547 0.9719000021049928 -0.19487339575756057
vn 0.38324856052789946 0.2100320866792861 -0.8994481994080803
vn 0.38324856052789946 0.2100320866792861 -0.8994481994080803
vn 0.38324856052789946 0.2100320866792861 -0.8994481994080803
vn 0.07497000157597633 0.9925408043174766 0.09613662480300973
vn 0.07497000157597633 0.9925408043174766 0.09613662480300973
vn 0.07497000157597633 0.9925408043174766 0.09613662480300973
vn 0.4630801754788333 -0.7316387417511783 -0.5002614342993529
vn 0.4630801754788333 -0.7316387417511783 -0.5002614342993529
vn 0.4630801754788333 -0.7316387417511783 -0.5002614342993529
vn 0.46053835343012506 -0.7432354026977007 -0.4852891521522565
vn 0.46053835343012506 -0.7432354026977007 -0.4852891521522565
vn 0.46053835343012506 -0.7432354026977007 -0.4852891521522565
vn 0.6018496730898083 -0.6359166480883086 0.48310142587848054
vn 0.6018496730898083 -0.6359166480883086 0.48310142587848054
vn 0.6018496730898083 -0.6359166480883086 0.48310142587848054
vn 0.543465907974001 -0.4053676989875968 -0.7350658715295493
vn 0.543465907974001 -0.4053676989875968 -0.7350658715295493
vn 0.543465907974001 -0.4053676989875968 -0.7350658715295493
vn 0.1271398089132703 0.7583363185365879 -0.6393445839122059
vn 0.1271398089132703 0.7583363185365879 -0.6393445839122059
vn 0.1271398089132703 0.7583363185365879 -0.6393445839122059
vn 0.723910604277358 0.3947085897320829 0.5658255616411304
vn 0.723910604277358 0.3947085897320829 0.5658255616411304
vn 0.723910604277358 0.3947085897320829 0.5658255616411304
vn 0.7179557628739232 0.434164729529234 0.544096048679762
vn 0.7179557628739232 0.434164729529234 0.544096048679762
vn 0.7179557628739232 0.434164729529234 0.544096048679762
vn 0.6219846594476337 -0.09461074304546076 -0.7772926673475037
vn 0.6219846594476337 -0.09461074304546076 -0.7772926673475037
vn 0.6219846594476337 -0.09461074304546076 -0.7772926673475037
vn 0.35280168082463476 -0.903610945413219 0.24293668586020806
vn 0.35280168082463476 -0.903610945413219 0.24293668586020806
vn 0.35280168082463476 -0.903610945413219 0.24293668586020806
vn 0.6199980508895826 0.6075045594533299 0.49652857635440684
vn 0.6199980508895826 0.6075045594533299 0.49652857635440684
vn 0.6199980508895826 0.6075045594533299 0.49652857635440684
vn 0.48993300468080786 0.35940688171015667 -0.7942243664757567
vn 0.48993300468080786 0.35940688171015667 -0.7942243664757567
vn 0.48993300468080786 0.35940688171015667 -0.7942243664757567
vn 0.4862717458259708 0.36454052244282587 -0.7941347471987823
vn 0.4862717458259708 0.36454052244282587 -0.7941347471987823
vn 0.4862717458259708 0.36454052244282587 -0.7941347471987823
vn 0.28189748146535343 -0.9546429982554924 -0.09586738666123511
vn 0.28189748146535343 -0.9546429982554924 -0.09586738666123511
vn 0.28189748146535343 -0.9546429982554924 -0.09586738666123511
vn -0.2354911912449009 0.955601175497648 0.17711660631790288
vn -0.2354911912449009 0.955601175497648 0.17711660631790288
vn -0.2354911912449009 0.955601175497648 0.17711660631790288
vn -0.33900398050971725 0.9360047588474131 -0.09471743563654668
vn -0.33900398050971725 0.9360047588474131 -0.09471743563654668
vn -0.33900398050971725 0.9360047588474131 -0.09471743563654668
vn 0.6260473627909253 0.39701470096811564 0.6711512696536641
vn 0.6260473627909253 0.39701470096811564 0.6711512696536641
vn 0.6260473627909253 0.39701470096811564 0.6711512696536641
vn -0.3337769844812153 0.9379772055848259 -0.09376399326984813
vn -0.3337769844812153 0.9379772055848259 -0.09376399326984813
vn -0.3337769844812153 0.9379772055848259 -0.09376399326984813
vn 0.3078249724336088 0.7403823212853001 -0.5975598753885992
vn 0.3078249724336088 0.7403823212853001 -0.5975598753885992
vn 0.3078249724336088 0.7403823212853001 -0.5975598753885992
vn 0.2863697124331719 0.7580880556414358 -0.5859137203503001
vn 0.2863697124331719 0.7580880556414358 -0.5859137203503001
vn 0.2863697124331719 0.7580880556414358 -0.5859137203503001
vn 0.6063913027293164 -0.42641373908880026 0.6711638481701402
vn 0.6063913027293164 -0.42641373908880026 0.6711638481701402
vn 0.6063913027293164 -0.42641373908880026 0.6711638481701402
vn 0.2583956131923822 -0.9638730323083907 -0.06465666764967644
vn 0.2583956131923822 -0.9638730323083907 -0.06465666764967644
vn 0.2583956131923822 -0.9638730323083907 -0.06465666764967644
vn 0.31489590359392416 -0.8862288748759917 0.33976308103706593
vn 0.31489590359392416 -0.8862288748759917 0.33976308103706593
vn 0.31489590359392416 -0.8862288748759917 0.33976308103706593
vn 0.675468738286915 -0.5712924561075863 -0.466226246785447
vn 0.675468738286915 -0.5712924561075863 -0.466226246785447
vn 0.675468738286915 -0.5712924561075863 -0.466226246785447
vn 0.630986754291247 -0.1320098200214135 0.7644796421925908
vn 0.630986754291247 -0.1320098200214135 0.7644796421925908
vn 0.630986754291247 -0.1320098200214135 0.7644796421925908
vn 0.7646322549020917 -0.36225487372995413 -0.5330186874981379
vn 0.7646322549020917 -0.36225487372995413 -0.5330186874981379
vn 0.7646322549020917 -0.36225487372995413 -0.5330186874981379
vn 0.6231545724585918 -0.0937778862990192 0.7764561074943244
vn 0.6231545724585918 -0.0937778862990192 0.7764561074943244
vn 0.6231545724585918 -0.0937778862990192 0.7764561074943244
vn 0.28869168998017547 0.8668599438770338 0.4064614936717818
vn 0.28869168998017547 0.8668599438770338 0.4064614936717818
vn 0.28869168998017547 0.8668599438770338 0.4064614936717818
vn -0.0771819185922586 0.986013031635928 -0.14772018442496124
vn -0.0771819185922586 0.986013031635928 -0.14772018442496124
vn -0.0771819185922586 0.986013031635928 -0.14772018442496124
vn 0.5767198224244452 -0.7657487417985357 -0.28464558815600133
vn 0.5767198224244452 -0.7657487417985357 -0.28464558815600133
vn 0.5767198224244452 -0.7657487417985357 -0.28464558815600133
vn -0.31906529521518434 0.9418889065825333 -0.10508389527423911
vn -0.31906529521518434 0.9418889065825333 -0.10508389527423911
vn -0.31906529521518434 0.9418889065825333 -0.10508389527423911
vn -0.13609088598734154 0.990691039685301 0.0032457107754190586
vn -0.13609088598734154 0.990691039685301 0.0032457107754190586
vn -0.13609088598734154 0.990691039685301 0.0032457107754190586
vn 0.7543922214005362 -0.07920604353843695 -0.6516277917318688
vn 0.7543922214005362 -0.07920604353843695 -0.6516277917318688
vn 0.7543922214005362 -0.07920604353843695 -0.6516277917318688
vn 0.12649470725585682 0.9639148236421311 0.23423770362436197
vn 0.12649470725585682 0.9639148236421311 0.23423770362436197
vn 0.12649470725585682 0.9639148236421311 0.23423770362436197
vn -0.5243470848941617 0.6074801892136672 0.5966807808836496
vn -0.5243470848941617 0.6074801892136672 0.5966807808836496
vn -0.5243470848941617 0.6074801892136672 0.5966807808836496
vn -0.34075591602835187 0.919153051807489 -0.19759320090696023
vn -0.34075591602835187 0.919153051807489 -0.19759320090696023
vn -0.34075591602835187 0.919153051807489 -0.19759320090696023
vn -0.03050439771211363 0.9889844547117357 0.1448420866279965
vn -0.03050439771211363 0.9889844547117357 0.1448420866279965
vn -0.03050439771211363 0.9889844547117357 0.1448420866279965
vn 0.6936939780196288 0.4063753979465623 -0.5946828573307589
vn 0.6936939780196288 0.4063753979465623 -0.5946828573307589
vn 0.6936939780196288 0.4063753979465623 -0.5946828573307589
vn 0.6988400159603693 0.3978348041465373 -0.5944325871805795
vn 0.6988400159603693 0.3978348041465373 -0.5944325871805795
vn 0.6988400159603693 0.3978348041465373 -0.5944325871805795
vn 0.41852955810215736 0.624677997797477 0.6592498828688164
vn 0.41852955810215736 0.624677997797477 0.6592498828688164
vn 0.41852955810215736 0.624677997797477 0.6592498828688164
vn -0.3060936554652047 0.9410175450173869 -0.14419658128193918
vn -0.3060936554652047 0.9410175450173869 -0.14419658128193918
vn -0.3060936554652047 0.9410175450173869 -0.14419658128193918
vn 0.24289436830714514 -0.9309113099388445 0.27277547337071456
vn 0.24289436830714514 -0.9309113099388445 0.27277547337071456
vn 0.24289436830714514 -0.9309113099388445 0.27277547337071456
vn 0.566287228010593 -0.0049054018025581686 0.8241933707724386
vn 0.566287228010593 -0.0049054018025581686 0.8241933707724386
vn 0.566287228010593 -0.0049054018025581686 0.8241933707724386
vn 0.1697536001423379 -0.9829741349396958 0.07032471314034693
vn 0.1697536001423379 -0.9829741349396958 0.07032471314034693
vn 0.1697536001423379 -0.9829741349396958 0.07032471314034693
vn -0.18059328502882363 0.9827364848823836 -0.040187892250213096
vn -0.18059328502882363 0.9827364848823836 -0.040187892250213096
vn -0.18059328502882363 0.9827364848823836 -0.040187892250213096
vn 0.4099232784270775 0.7895930874134023 -0.4566242022851702
vn 0.4099232784270775 0.7895930874134023 -0.4566242022851702
vn 0.4099232784270775 0.7895930874134023 -0.4566242022851702
vn 0.3076175408615515 0.7873219738486236 0.5343178436561883
vn 0.3076175408615515 0.7873219738486236 0.5343178436561883
vn 0.3076175408615515 0.7873219738486236 0.5343178436561883
vn 0.8465046909324718 -0.2821633824663669 -0.4514572336605751
vn 0.8465046909324718 -0.2821633824663669 -0.4514572336605751
vn 0.8465046909324718 -0.2821633824663669 -0.4514572336605751
vn 0.43862861279080656 -0.6053376181833532 0.6642072779285978
vn 0.43862861279080656 -0.6053376181833532 0.6642072779285978
vn 0.43862861279080656 -0.6053376181833532 0.6642072779285978
vn 0.3461778798318905 0.8597599363235987 -0.3754646819714723
vn 0.3461778798318905 0.8597599363235987 -0.3754646819714723
vn 0.3461778798318905 0.8597599363235987 -0.3754646819714723
vn 0.5102985965373034 -0.8530120032974751 -0.10938859448080966
vn 0.5102985965373034 -0.8530120032974751 -0.10938859448080966
vn 0.5102985965373034 -0.8530120032974751 -0.10938859448080966
vn -0.1590056982791717 0.9866508043011613 -0.035176388197549036
vn -0.1590056982791717 0.9866508043011613 -0.035176388197549036
vn -0.1590056982791717 0.9866508043011613 -0.035176388197549036
vn -0.5154414226608038 0.7634617759837636 0.389160964662598
vn -0.5154414226608038 0.7634617759837636 0.389160964662598
vn -0.5154414226608038 0.7634617759837636 0.389160964662598
vn 0.3827704754019626 -0.39431407705306076 0.8354658411918158
vn 0.3827704754019626 -0.39431407705306076 0.8354658411918158
vn 0.3827704754019626 -0.39431407705306076 0.8354658411918158
vn 0.6778431663914725 -0.7006337776159484 -0.2228024942409504
vn 0.6778431663914725 -0.7006337776159484 -0.2228024942409504
vn 0.6778431663914725 -0.7006337776159484 -0.2228024942409504
vn 0.4228962875782023 0.43650629269277824 0.7941164816273372
vn 0.4228962875782023 0.43650629269277824 0.7941164816273372
vn 0.4228962875782023 0.43650629269277824 0.7941164816273372
vn 0.000418747970985056 0.9932692457258632 -0.11582758801473586
vn 0.000418747970985056 0.9932692457258632 -0.11582758801473586
vn 0.000418747970985056 0.9932692457258632 -0.11582758801473586
vn 0.8882776978350944 0.16906890051374704 -0.42705788648362103
vn 0.8882776978350944 0.16906890051374704 -0.42705788648362103
vn 0.8882776978350944 0.16906890051374704 -0.42705788648362103
vn 0.8093205632190602 -0.5239588580603816 -0.2654568533883502
vn 0.8093205632190602 -0.5239588580603816 -0.2654568533883502
vn 0.8093205632190602 -0.5239588580603816 -0.2654568533883502
vn 0.4142803618975644 -0.18823789374583433 0.8904708176600482
vn 0.4142803618975644 -0.18823789374583433 0.8904708176600482
vn 0.4142803618975644 -0.18823789374583433 0.8904708176600482
vn 0.8279929590500916 0.3438492050119392 -0.44293948116659326
vn 0.8279929590500916 0.3438492050119392 -0.44293948116659326
vn 0.8279929590500916 0.3438492050119392 -0.44293948116659326
vn 0.899706956245623 -0.37066536998478605 -0.23050938457528897
vn 0.899706956245623 -0.37066536998478605 -0.23050938457528897
vn 0.899706956245623 -0.37066536998478605 -0.23050938457528897
vn -0.3605759221043873 0.9183082181168516 -0.16338610998987524
vn -0.3605759221043873 0.9183082181168516 -0.16338610998987524
vn -0.3605759221043873 0.9183082181168516 -0.16338610998987524
vn 0.1266596893746119 0.8867945533913086 0.4444690575991048
vn 0.1266596893746119 0.8867945533913086 0.4444690575991048
vn 0.1266596893746119 0.8867945533913086 0.4444690575991048
vn 0.2394226086677057 -0.9709114007664611 0.0028046961437505798
vn 0.2394226086677057 -0.9709114007664611 0.0028046961437505798
vn 0.2394226086677057 -0.9709114007664611 0.0028046961437505798
vn 0.23036826686018871 -0.8001740414714537 0.5537616499714233
vn 0.23036826686018871 -0.8001740414714537 0.5537616499714233
vn 0.23036826686018871 -0.8001740414714537 0.5537616499714233
vn 0.9566796236935846 -0.024933207297792 -0.29007315074537127
vn 0.9566796236935846 -0.024933207297792 -0.29007315074537127
vn 0.9566796236935846 -0.024933207297792 -0.29007315074537127
vn 0.29257177745361035 0.26441156356965334 0.9189604344520422
vn 0.29257177745361035 0.26441156356965334 0.9189604344520422
vn 0.29257177745361035 0.26441156356965334 0.9189604344520422
vn 0.4687986409396021 -0.8823105163620338 -0.04190449820894052
vn 0.4687986409396021 -0.8823105163620338 -0.04190449820894052
vn 0.4687986409396021 -0.8823105163620338 -0.04190449820894052
vn -0.04269575743245532 0.9681322076257362 0.2467733795509302
vn -0.04269575743245532 0.9681322076257362 0.2467733795509302
vn -0.04269575743245532 0.9681322076257362 0.2467733795509302
vn -0.08092576318204486 0.9849771921610951 0.1525481949281883
vn -0.08092576318204486 0.9849771921610951 0.1525481949281883
vn -0.08092576318204486 0.9849771921610951 0.1525481949281883
vn -0.3145777566615625 0.9421320508158434 0.11587939350597129
vn -0.3145777566615625 0.9421320508158434 0.11587939350597129
vn -0.3145777566615625 0.9421320508158434 0.11587939350597129
vn 0.3046033028350376 0.4840228766557369 0.8203283993474149
vn 0.3046033028350376 0.4840228766557369 0.8203283993474149
vn 0.3046033028350376 0.4840228766557369 0.8203283993474149
vn 0.27363801565806634 -0.4865401487372566 0.8296992949577842
vn 0.27363801565806634 -0.4865401487372566 0.8296992949577842
vn 0.27363801565806634 -0.4865401487372566 0.8296992949577842
vn 0.2741644944006382 -0.48471980676748067 0.8305904760694878
vn 0.2741644944006382 -0.48471980676748067 0.8305904760694878
vn 0.2741644944006382 -0.48471980676748067 0.8305904760694878
vn -0.2428034913050427 0.9597668928561544 -0.14104600663374034
vn -0.2428034913050427 0.9597668928561544 -0.14104600663374034
vn -0.2428034913050427 0.9597668928561544 -0.14104600663374034
vn -0.30411035561050787 0.9526365630725613 0.0006857898718527148
vn -0.30411035561050787 0.9526365630725613 0.0006857898718527148
vn -0.30411035561050787 0.9526365630725613 0.0006857898718527148
vn -0.8686767601714288 -0.4502983875969734 -0.20647529747075324
vn -0.8686767601714288 -0.4502983875969734 -0.20647529747075324
vn -0.8686767601714288 -0.4502983875969734 -0.20647529747075324
vn -0.06160085434148586 -0.002021788904270679 0.998098816307296
vn -0.06160085434148586 -0.002021788904270679 0.998098816307296
vn -0.06160085434148586 -0.002021788904270679 0.998098816307296
vn 0.9858574591355059 0.16251407108888655 0.04091756303839033
vn 0.9858574591355059 0.16251407108888655 0.04091756303839033
vn 0.9858574591355059 0.16251407108888655 0.04091756303839033
vn 0.9851700797246997 0.15704788480715004 0.06910771225289637
vn 0.9851700797246997 0.15704788480715004 0.06910771225289637
vn 0.9851700797246997 0.15704788480715004 0.06910771225289637
vn -0.40397109533442654 -0.07417046831365022 0.911759889315404
vn -0.40397109533442654 -0.07417046831365022 0.911759889315404
vn -0.40397109533442654 -0.07417046831365022 0.911759889315404
vn -0.3569310055779199 -0.059678071021293605 0.9322224976347183
vn -0.3569310055779199 -0.059678071021293605 0.9322224976347183
vn -0.3569310055779199 -0.059678071021293605 0.9322224976347183
vn 0.8926096889712387 0.14709028165118115 0.4261600546724724
vn 0.8926096889712387 0.14709028165118115 0.4261600546724724
vn 0.8926096889712387 0.14709028165118115 0.4261600546724724
vn -0.5087000154844421 -0.07730834966449554 0.8574658671447397
vn -0.5087000154844421 -0.07730834966449554 0.8574658671447397
vn -0.5087000154844421 -0.07730834966449554 0.8574658671447397
vn 0.8826264706446181 0.14075919933796807 0.44850569797847534
vn 0.8826264706446181 0.14075919933796807 0.44850569797847534
vn 0.8826264706446181 0.14075919933796807 0.44850569797847534
vn -0.729674818630912 -0.12006549578307313 0.6731708072831967
vn -0.729674818630912 -0.12006549578307313 0.6731708072831967
vn -0.729674818630912 -0.12006549578307313 0.6731708072831967
vn -0.7141844842948037 -0.1152310927259018 0.6904073563207158
vn -0.7141844842948037 -0.1152310927259018 0.6904073563207158
vn -0.7141844842948037 -0.1152310927259018 0.6904073563207158
vn 0.6853765442611974 0.11312900057711744 0.7193474972535886
vn 0.6853765442611974 0.11312900057711744 0.7193474972535886
vn 0.6853765442611974 0.11312900057711744 0.7193474972535886
vn 0.6744286350405276 0.10910799245024033 0.7302338407803688
vn 0.6744286350405276 0.10910799245024033 0.7302338407803688
vn 0.6744286350405276 0.10910799245024033 0.7302338407803688
vn -0.8334629583400963 -0.12327238987939239 0.5386496217100666
vn -0.8334629583400963 -0.12327238987939239 0.5386496217100666
vn -0.8334629583400963 -0.12327238987939239 0.5386496217100666
vn -0.9038946052531764 -0.15040090713413531 0.40044239252036434
vn -0.9038946052531764 -0.15040090713413531 0.40044239252036434
vn -0.9038946052531764 -0.15040090713413531 0.40044239252036434
vn 0.4811102442640289 0.0868541969539543 0.8723469959458164
vn 0.4811102442640289 0.0868541969539543 0.8723469959458164
vn 0.4811102442640289 0.0868541969539543 0.8723469959458164
vn 0.39616778040320233 0.061563066434859336 0.9161119356397105
vn 0.39616778040320233 0.061563066434859336 0.9161119356397105
vn 0.39616778040320233 0.061563066434859336 0.9161119356397105
vn -0.9624091750508984 -0.14142998711579227 0.23187526500745134
vn -0.9624091750508984 -0.14142998711579227 0.23187526500745134
vn -0.9624091750508984 -0.14142998711579227 0.23187526500745134
vn 0.18772117658660706 0.04149638459068801 0.9813454080632575
vn 0.18772117658660706 0.04149638459068801 0.9813454080632575
vn 0.18772117658660706 0.04149638459068801 0.9813454080632575
vn 0.043735495512052774 0.0024181596743739126 0.9990402188781512
vn 0.043735495512052774 0.0024181596743739126 0.9990402188781512
vn 0.043735495512052774 0.0024181596743739126 0.9990402188781512
vn -0.007263957669438781 0.34797797309441186 -0.9374745677404168
vn -0.007263957669438781 0.34797797309441186 -0.9374745677404168
vn -0.007263957669438781 0.34797797309441186 -0.9374745677404168
vn 0.04725331123484702 0.3849355027543393 -0.9217330325515121
vn 0.04725331123484702 0.3849355027543393 -0.9217330325515121
vn 0.04725331123484702 0.3849355027543393 -0.9217330325515121
vn 0.014154789195491875 0.32961210975216243 -0.9440103278288643
vn 0.014154789195491875 0.32961210975216243 -0.9440103278288643
vn 0.014154789195491875 0.32961210975216243 -0.9440103278288643
vn -0.960159799218702 0.26144600476123153 -0.09868711445113808
vn -0.960159799218702 0.26144600476123153 -0.09868711445113808
vn -0.960159799218702 0.26144600476123153 -0.09868711445113808
vn -0.9533197271412326 0.24028888313680077 -0.1828735915440907
vn -0.9533197271412326 0.24028888313680077 -0.1828735915440907
vn -0.9533197271412326 0.24028888313680077 -0.1828735915440907
vn 0.1657206891513674 0.44126734892382763 -0.8819409163662454
vn 0.1657206891513674 0.44126734892382763 -0.8819409163662454
vn 0.1657206891513674 0.44126734892382763 -0.8819409163662454
vn 0.25846797517462883 0.40646997549588265 -0.8763426640472916
vn 0.25846797517462883 0.40646997549588265 -0.8763426640472916
vn 0.25846797517462883 0.40646997549588265 -0.8763426640472916
vn -0.9548750275724185 0.19161718594088217 -0.226928481620687
vn -0.9548750275724185 0.19161718594088217 -0.226928481620687
vn -0.9548750275724185 0.19161718594088217 -0.226928481620687
vn -0.9165421179650463 0.25256741188484066 -0.3100971596934424
vn -0.9165421179650463 0.25256741188484066 -0.3100971596934424
vn -0.9165421179650463 0.25256741188484066 -0.3100971596934424
vn 0.2913799029876261 0.37476608697491254 -0.8801409729062917
vn 0.2913799029876261 0.37476608697491254 -0.8801409729062917
vn 0.2913799029876261 0.37476608697491254 -0.8801409729062917
vn -0.8922543602831137 0.1999449896216278 -0.4048507844638303
vn -0.8922543602831137 0.1999449896216278 -0.4048507844638303
vn -0.8922543602831137 0.1999449896216278 -0.4048507844638303
vn 0.3582617690680151 0.4727277821956408 -0.805094372582896
vn 0.3582617690680151 0.4727277821956408 -0.805094372582896
vn 0.3582617690680151 0.4727277821956408 -0.805094372582896
vn -0.8647780224263002 0.2519114556981716 -0.4343956611391113
vn -0.8647780224263002 0.2519114556981716 -0.4343956611391113
vn -0.8647780224263002 0.2519114556981716 -0.4343956611391113
vn -0.7916047627669409 0.2734340746182071 -0.5464391150003629
vn -0.7916047627669409 0.2734340746182071 -0.5464391150003629
vn -0.7916047627669409 0.2734340746182071 -0.5464391150003629
vn 0.48963589725047685 0.45554177134844626 -0.743463773616738
vn 0.48963589725047685 0.45554177134844626 -0.743463773616738
vn 0.48963589725047685 0.45554177134844626 -0.743463773616738
vn 0.5385727281673844 0.4100796576762645 -0.7360530489268137
vn 0.5385727281673844 0.4100796576762645 -0.7360530489268137
vn 0.5385727281673844 0.4100796576762645 -0.7360530489268137
vn -0.709764247503169 0.26563367447094766 -0.6524365593322639
vn -0.709764247503169 0.26563367447094766 -0.6524365593322639
vn -0.709764247503169 0.26563367447094766 -0.6524365593322639
vn -0.7523915760743518 0.19059711677171942 -0.6305391782678221
vn -0.7523915760743518 0.19059711677171942 -0.6305391782678221
vn -0.7523915760743518 0.19059711677171942 -0.6305391782678221
vn 0.5732656815000374 0.5024259176050534 -0.647251617018465
vn 0.5732656815000374 0.5024259176050534 -0.647251617018465
vn 0.5732656815000374 0.5024259176050534 -0.647251617018465
vn -0.645168532682567 0.31362476450091 -0.6967044362769426
vn -0.645168532682567 0.31362476450091 -0.6967044362769426
vn -0.645168532682567 0.31362476450091 -0.6967044362769426
vn 0.6270041647846027 0.5178697259615695 -0.5819593836989414
vn 0.6270041647846027 0.5178697259615695 -0.5819593836989414
vn 0.6270041647846027 0.5178697259615695 -0.5819593836989414
vn -0.5486109252055995 0.2613129017504082 -0.7941924326785276
vn -0.5486109252055995 0.2613129017504082 -0.7941924326785276
vn -0.5486109252055995 0.2613129017504082 -0.7941924326785276
vn 0.7390899716479865 0.4360237752008656 -0.5134484212352428
vn 0.7390899716479865 0.4360237752008656 -0.5134484212352428
vn 0.7390899716479865 0.4360237752008656 -0.5134484212352428
vn 0.7324147157324534 0.47816460886611073 -0.4846929863392586
vn 0.7324147157324534 0.47816460886611073 -0.4846929863392586
vn 0.7324147157324534 0.47816460886611073 -0.4846929863392586
vn -0.5325572528665947 0.2322453873028377 -0.813907152257394
vn -0.5325572528665947 0.2322453873028377 -0.813907152257394
vn -0.5325572528665947 0.2322453873028377 -0.813907152257394
vn -0.43641959344202585 0.3352000913314047 -0.8349723571659812
vn -0.43641959344202585 0.3352000913314047 -0.8349723571659812
vn -0.43641959344202585 0.3352000913314047 -0.8349723571659812
vn 0.7620791224681371 0.5479496141437177 -0.3449443889352962
vn 0.7620791224681371 0.5479496141437177 -0.3449443889352962
vn 0.7620791224681371 0.5479496141437177 -0.3449443889352962
vn -0.3063362882298823 0.3301096607559943 -0.8928525580346962
vn -0.3063362882298823 0.3301096607559943 -0.8928525580346962
vn -0.3063362882298823 0.3301096607559943 -0.8928525580346962
vn 0.8477286056654768 0.4827395354639634 -0.21981526797859927
vn 0.8477286056654768 0.4827395354639634 -0.21981526797859927
vn 0.8477286056654768 0.4827395354639634 -0.21981526797859927
vn -0.2689272785285395 0.28019377838660303 -0.9215039692896999
vn -0.2689272785285395 0.28019377838660303 -0.9215039692896999
vn -0.2689272785285395 0.28019377838660303 -0.9215039692896999
vn 0.885505111379895 0.424226657828539 -0.18950577961557583
vn 0.885505111379895 0.424226657828539 -0.18950577961557583
vn 0.885505111379895 0.424226657828539 -0.18950577961557583
vn -0.1699769803485683 0.3799450416591274 -0.9092577145508451
vn -0.1699769803485683 0.3799450416591274 -0.9092577145508451
vn -0.1699769803485683 0.3799450416591274 -0.9092577145508451
vn 0.8333465957612144 0.5470503506026007 -0.07917932330328918
vn 0.8333465957612144 0.5470503506026007 -0.07917932330328918
vn 0.8333465957612144 0.5470503506026007 -0.07917932330328918
vn -0.09550391371801363 0.3837843929468161 -0.9184707628416847
vn -0.09550391371801363 0.3837843929468161 -0.9184707628416847
vn -0.09550391371801363 0.3837843929468161 -0.9184707628416847
vn 0.14344988678963796 0.02956788597002234 0.9892157854074629
vn 0.14344988678963796 0.02956788597002234 0.9892157854074629
vn 0.14344988678963796 0.02956788597002234 0.9892157854074629
vn 0.15857158517838363 0.0192391182214874 0.9871600218323644
vn 0.15857158517838363 0.0192391182214874 0.9871600218323644
vn 0.15857158517838363 0.0192391182214874 0.9871600218323644
vn -0.9876985188108812 -0.15607129407496653 0.009663700355282051
vn -0.9876985188108812 -0.15607129407496653 0.009663700355282051
vn -0.9876985188108812 -0.15607129407496653 0.009663700355282051
vn -0.9865613346736474 -0.16235717747597792 0.01835428693753383
vn -0.9865613346736474 -0.16235717747597792 0.01835428693753383
vn -0.9865613346736474 -0.16235717747597792 0.01835428693753383
vn 0.982341097696907 0.14162219873271045 0.12226659642661468
vn 0.982341097696907 0.14162219873271045 0.12226659642661468
vn 0.982341097696907 0.14162219873271045 0.12226659642661468
vn -0.15691989791561897 -0.01926445045795012 0.9874234282144134
vn -0.15691989791561897 -0.01926445045795012 0.9874234282144134
vn -0.15691989791561897 -0.01926445045795012 0.9874234282144134
vn -0.14216197689083834 -0.02935837698206312 0.9894079330728393
vn -0.14216197689083834 -0.02935837698206312 0.9894079330728393
vn -0.14216197689083834 -0.02935837698206312 0.9894079330728393
vn 0.9641598538295812 0.19186948389526928 0.18325358772226963
vn 0.9641598538295812 0.19186948389526928 0.18325358772226963
vn 0.9641598538295812 0.19186948389526928 0.18325358772226963
vn 0.902145869756121 0.11410199196510319 0.4160691830832555
vn 0.902145869756121 0.11410199196510319 0.4160691830832555
vn 0.902145869756121 0.11410199196510319 0.4160691830832555
vn 0.8631151262417107 0.1650722165101032 0.47726663636713335
vn 0.8631151262417107 0.1650722165101032 0.47726663636713335
vn 0.8631151262417107 0.1650722165101032 0.47726663636713335
vn -0.44290960473948565 -0.06571602171087247 0.894154621147824
vn -0.44290960473948565 -0.06571602171087247 0.894154621147824
vn -0.44290960473948565 -0.06571602171087247 0.894154621147824
vn -0.42954727646963536 -0.07584778900889759 0.8998534603922911
vn -0.42954727646963536 -0.07584778900889759 0.8998534603922911
vn -0.42954727646963536 -0.07584778900889759 0.8998534603922911
vn -0.6879103596485779 -0.10557289885297054 0.7180763887748606
vn -0.6879103596485779 -0.10557289885297054 0.7180763887748606
vn -0.6879103596485779 -0.10557289885297054 0.7180763887748606
vn -0.6770687598951204 -0.11579438127290395 0.7267527472529491
vn -0.6770687598951204 -0.11579438127290395 0.7267527472529491
vn -0.6770687598951204 -0.11579438127290395 0.7267527472529491
vn 0.6783511103223923 0.11653210326874043 0.7254378264414816
vn 0.6783511103223923 0.11653210326874043 0.7254378264414816
vn 0.6783511103223923 0.11653210326874043 0.7254378264414816
vn 0.7004943415345867 0.0949197922958032 0.7073174043585718
vn 0.7004943415345867 0.0949197922958032 0.7073174043585718
vn 0.7004943415345867 0.0949197922958032 0.7073174043585718
vn -0.869275393097191 -0.135156497669517 0.47549238910148073
vn -0.869275393097191 -0.135156497669517 0.47549238910148073
vn -0.869275393097191 -0.135156497669517 0.47549238910148073
vn -0.8616294729234274 -0.14558890239548722 0.48620831223763966
vn -0.8616294729234274 -0.14558890239548722 0.48620831223763966
vn -0.8616294729234274 -0.14558890239548722 0.48620831223763966
vn 0.4305006032955356 0.0761914786339306 0.8993687170153049
vn 0.4305006032955356 0.0761914786339306 0.8993687170153049
vn 0.4305006032955356 0.0761914786339306 0.8993687170153049
vn 0.44463409029088835 0.0654951945303144 0.8933145611959038
vn 0.44463409029088835 0.0654951945303144 0.8933145611959038
vn 0.44463409029088835 0.0654951945303144 0.8933145611959038
vn -0.9645819010294141 -0.15404678789082119 0.21412926784305325
vn -0.9645819010294141 -0.15404678789082119 0.21412926784305325
vn -0.9645819010294141 -0.15404678789082119 0.21412926784305325
vn -0.9612854365339014 -0.16069150375916696 0.2238493916173197
vn -0.9612854365339014 -0.16069150375916696 0.2238493916173197
vn -0.9612854365339014 -0.16069150375916696 0.2238493916173197
vn -0.11661259214867299 0.5648275676716712 0.8169279785577619
vn -0.11661259214867299 0.5648275676716712 0.8169279785577619
vn -0.11661259214867299 0.5648275676716712 0.8169279785577619
vn -0.21402739133415077 0.7688164167043716 0.6025890748798458
vn -0.21402739133415077 0.7688164167043716 0.6025890748798458
vn -0.21402739133415077 0.7688164167043716 0.6025890748798458
vn 0.5658180121944165 0.8200353986350042 0.08597628778848923
vn 0.5658180121944165 0.8200353986350042 0.08597628778848923
vn 0.5658180121944165 0.8200353986350042 0.08597628778848923
vn 0.6619340669313541 0.7461280700922711 0.07166724535030378
vn 0.6619340669313541 0.7461280700922711 0.07166724535030378
vn 0.6619340669313541 0.7461280700922711 0.07166724535030378
vn -0.35391399711166555 0.5236486858677184 0.7749431827156463
vn -0.35391399711166555 0.5236486858677184 0.7749431827156463
vn -0.35391399711166555 0.5236486858677184 0.7749431827156463
vn -0.3884760987430655 0.7420402673565413 0.5463172725869104
vn -0.3884760987430655 0.7420402673565413 0.5463172725869104
vn -0.3884760987430655 0.7420402673565413 0.5463172725869104
vn 0.5521462441767615 0.7836612295615971 0.2846218584780547
vn 0.5521462441767615 0.7836612295615971 0.2846218584780547
vn 0.5521462441767615 0.7836612295615971 0.2846218584780547
vn 0.4646156656835325 0.8428142537238218 0.27165495931678746
vn 0.4646156656835325 0.8428142537238218 0.27165495931678746
vn 0.4646156656835325 0.8428142537238218 0.27165495931678746
vn -0.5687917520823489 0.486523453688462 0.6631522236818199
vn -0.5687917520823489 0.486523453688462 0.6631522236818199
vn -0.5687917520823489 0.486523453688462 0.6631522236818199
vn -0.5378871516950592 0.71900993008839 0.44011604432883944
vn -0.5378871516950592 0.71900993008839 0.44011604432883944
vn -0.5378871516950592 0.71900993008839 0.44011604432883944
vn -0.7415723906000034 0.45675960831973694 0.491366512602758
vn -0.7415723906000034 0.45675960831973694 0.491366512602758
vn -0.7415723906000034 0.45675960831973694 0.491366512602758
vn 0.5091636623665291 0.6877283842980766 0.5174766027138428
vn 0.5091636623665291 0.6877283842980766 0.5174766027138428
vn 0.5091636623665291 0.6877283842980766 0.5174766027138428
vn -0.6487472759625188 0.7020043249646699 0.29379737858277366
vn -0.6487472759625188 0.7020043249646699 0.29379737858277366
vn -0.6487472759625188 0.7020043249646699 0.29379737858277366
vn 0.29565649571744307 0.8536656906427998 0.428768148489872
vn 0.29565649571744307 0.8536656906427998 0.428768148489872
vn 0.29565649571744307 0.8536656906427998 0.428768148489872
vn -0.8717399847135602 0.40791463905970377 0.2714314762373618
vn -0.8717399847135602 0.40791463905970377 0.2714314762373618
vn -0.8717399847135602 0.40791463905970377 0.2714314762373618
vn 0.3391604681559459 0.6456889434028579 0.6841461577817567
vn 0.3391604681559459 0.6456889434028579 0.6841461577817567
vn 0.3391604681559459 0.6456889434028579 0.6841461577817567
vn -0.7390989113241415 0.6581499023328345 0.1434277007371624
vn -0.7390989113241415 0.6581499023328345 0.1434277007371624
vn -0.7390989113241415 0.6581499023328345 0.1434277007371624
vn 0.1459186996447363 0.8235818886274798 0.5481063818446037
vn 0.1459186996447363 0.8235818886274798 0.5481063818446037
vn 0.1459186996447363 0.8235818886274798 0.5481063818446037
vn -0.813784068705455 0.5810230416054334 0.012950468901398338
vn -0.813784068705455 0.5810230416054334 0.012950468901398338
vn -0.813784068705455 0.5810230416054334 0.012950468901398338
vn 0.12162348524893118 0.6066969581647385 0.7855740122926398
vn 0.12162348524893118 0.6066969581647385 0.7855740122926398
vn 0.12162348524893118 0.6066969581647385 0.7855740122926398
vn -0.03029321925681902 0.7969863537189491 0.6032371613659363
vn -0.03029321925681902 0.7969863537189491 0.6032371613659363
vn -0.03029321925681902 0.7969863537189491 0.6032371613659363
vn 0.23729589364797396 0.0006417490017670903 -0.9714372069341529
vn 0.23729589364797396 0.0006417490017670903 -0.9714372069341529
vn 0.23729589364797396 0.0006417490017670903 -0.9714372069341529
vn 0.35632208856528597 0.09548150235237234 -0.9294718134021099
vn 0.35632208856528597 0.09548150235237234 -0.9294718134021099
vn 0.35632208856528597 0.09548150235237234 -0.9294718134021099
vn -0.9597759327216024 -0.15133948750894474 -0.2364878823299576
vn -0.9597759327216024 -0.15133948750894474 -0.2364878823299576
vn -0.9597759327216024 -0.15133948750894474 -0.2364878823299576
vn -0.9461951081211396 -0.17613699707235472 -0.2714600810984154
vn -0.9461951081211396 -0.17613699707235472 -0.2714600810984154
vn -0.9461951081211396 -0.17613699707235472 -0.2714600810984154
vn -0.8947366968616596 -0.1191459805893593 -0.4304073403166896
vn -0.8947366968616596 -0.1191459805893593 -0.4304073403166896
vn -0.8947366968616596 -0.1191459805893593 -0.4304073403166896
vn 0.5152769045308788 0.04573111942603498 -0.8558027672151554
vn 0.5152769045308788 0.04573111942603498 -0.8558027672151554
vn 0.5152769045308788 0.04573111942603498 -0.8558027672151554
vn 0.6155325828315172 0.13748340438072607 -0.7760270310966282
vn 0.6155325828315172 0.13748340438072607 -0.7760270310966282
vn 0.6155325828315172 0.13748340438072607 -0.7760270310966282
vn -0.8168480887859522 -0.1702680715006464 -0.551151507005277
vn -0.8168480887859522 -0.1702680715006464 -0.551151507005277
vn -0.8168480887859522 -0.1702680715006464 -0.551151507005277
vn -0.7445344744845703 -0.08291517742596347 -0.662414892387245
vn -0.7445344744845703 -0.08291517742596347 -0.662414892387245
vn -0.7445344744845703 -0.08291517742596347 -0.662414892387245
vn 0.753889654277611 0.07935087858070149 -0.652191557168333
vn 0.753889654277611 0.07935087858070149 -0.652191557168333
vn 0.753889654277611 0.07935087858070149 -0.652191557168333
vn 0.822090266296512 0.18077598471743164 -0.5398959505404473
vn 0.822090266296512 0.18077598471743164 -0.5398959505404473
vn 0.822090266296512 0.18077598471743164 -0.5398959505404473
vn -0.6148367461244197 -0.1375010893582506 -0.7765753189745539
vn -0.6148367461244197 -0.1375010893582506 -0.7765753189745539
vn -0.6148367461244197 -0.1375010893582506 -0.7765753189745539
vn -0.5136383188047585 -0.04551535110553594 -0.8567987104735634
vn -0.5136383188047585 -0.04551535110553594 -0.8567987104735634
vn -0.5136383188047585 -0.04551535110553594 -0.8567987104735634
vn 0.9232333984126531 0.10545488544705858 -0.369485262481159
vn 0.9232333984126531 0.10545488544705858 -0.369485262481159
vn 0.9232333984126531 0.10545488544705858 -0.369485262481159
vn 0.9593721353733069 0.20189168471693716 -0.1970909777524533
vn 0.9593721353733069 0.20189168471693716 -0.1970909777524533
vn 0.9593721353733069 0.20189168471693716 -0.1970909777524533
vn -0.3552319746613975 -0.09542529395434574 -0.9298947561159226
vn -0.3552319746613975 -0.09542529395434574 -0.9298947561159226
vn -0.3552319746613975 -0.09542529395434574 -0.9298947561159226
vn -0.23567717315172537 -0.0004742679410815149 -0.9718312842901959
vn -0.23567717315172537 -0.0004742679410815149 -0.9718312842901959
vn -0.23567717315172537 -0.0004742679410815149 -0.9718312842901959
vn 0.9816878709747182 0.1461970697580552 -0.12212837825535501
vn 0.9816878709747182 0.1461970697580552 -0.12212837825535501
vn 0.9816878709747182 0.1461970697580552 -0.12212837825535501
vn -0.062098322318053574 -0.0479010915801703 -0.9969198983823683
vn -0.062098322318053574 -0.0479010915801703 -0.9969198983823683
vn -0.062098322318053574 -0.0479010915801703 -0.9969198983823683
vn 0.06354176426978181 0.048003849955855354 -0.9968239937837067
vn 0.06354176426978181 0.048003849955855354 -0.9968239937837067
vn 0.06354176426978181 0.048003849955855354 -0.9968239937837067
vn -0.12712849323689115 0.641239386876973 -0.7567366747587706
vn -0.12712849323689115 0.641239386876973 -0.7567366747587706
vn -0.12712849323689115 0.641239386876973 -0.7567366747587706
vn -0.8923017976660809 0.4512229262767389 -0.013977577906682708
vn -0.8923017976660809 0.4512229262767389 -0.013977577906682708
vn -0.8923017976660809 0.4512229262767389 -0.013977577906682708
vn 0.03416413147790891 0.7629464445149192 -0.6455583125654902
vn 0.03416413147790891 0.7629464445149192 -0.6455583125654902
vn 0.03416413147790891 0.7629464445149192 -0.6455583125654902
vn 0.09166293108943298 0.6843475299538045 -0.7233715264718542
vn 0.09166293108943298 0.6843475299538045 -0.7233715264718542
vn 0.09166293108943298 0.6843475299538045 -0.7233715264718542
vn -0.7272195485619407 0.6643777732334261 -0.17249319587381248
vn -0.7272195485619407 0.6643777732334261 -0.17249319587381248
vn -0.7272195485619407 0.6643777732334261 -0.17249319587381248
vn -0.8288746932777037 0.4956494486394605 -0.25941928784728363
vn -0.8288746932777037 0.4956494486394605 -0.25941928784728363
vn -0.8288746932777037 0.4956494486394605 -0.25941928784728363
vn 0.22353639121306346 0.7872017767334958 -0.5747563349029463
vn 0.22353639121306346 0.7872017767334958 -0.5747563349029463
vn 0.22353639121306346 0.7872017767334958 -0.5747563349029463
vn 0.31373966650363977 0.6972064578137273 -0.6445700713227541
vn 0.31373966650363977 0.6972064578137273 -0.6445700713227541
vn 0.31373966650363977 0.6972064578137273 -0.6445700713227541
vn -0.6502153128683207 0.6726600373915974 -0.35319756653732287
vn -0.6502153128683207 0.6726600373915974 -0.35319756653732287
vn -0.6502153128683207 0.6726600373915974 -0.35319756653732287
vn 0.3389145792725901 0.8480593714264661 -0.40734777585280896
vn 0.3389145792725901 0.8480593714264661 -0.40734777585280896
vn 0.3389145792725901 0.8480593714264661 -0.40734777585280896
vn -0.7147466659892093 0.5235843746027085 -0.46367726505534046
vn -0.7147466659892093 0.5235843746027085 -0.46367726505534046
vn -0.7147466659892093 0.5235843746027085 -0.46367726505534046
vn 0.5825569521692926 0.6414617181139375 -0.4991535451877909
vn 0.5825569521692926 0.6414617181139375 -0.4991535451877909
vn 0.5825569521692926 0.6414617181139375 -0.4991535451877909
vn -0.5233335481510076 0.6886232477563765 -0.5019163476408565
vn -0.5233335481510076 0.6886232477563765 -0.5019163476408565
vn -0.5233335481510076 0.6886232477563765 -0.5019163476408565
vn 0.43790178798690543 0.8703647118286933 -0.22518279792476825
vn 0.43790178798690543 0.8703647118286933 -0.22518279792476825
vn 0.43790178798690543 0.8703647118286933 -0.22518279792476825
vn -0.5498358654987342 0.5575748730388577 -0.6219250613755322
vn -0.5498358654987342 0.5575748730388577 -0.6219250613755322
vn -0.5498358654987342 0.5575748730388577 -0.6219250613755322
vn 0.7267412417567071 0.6518562323329545 -0.21663476151948616
vn 0.7267412417567071 0.6518562323329545 -0.21663476151948616
vn 0.7267412417567071 0.6518562323329545 -0.21663476151948616
vn 0.49454104839064333 0.865594266772295 -0.07858572890554968
vn 0.49454104839064333 0.865594266772295 -0.07858572890554968
vn 0.49454104839064333 0.865594266772295 -0.07858572890554968
vn -0.35683438990470956 0.7106887859217015 -0.6062925595341506
vn -0.35683438990470956 0.7106887859217015 -0.6062925595341506
vn -0.35683438990470956 0.7106887859217015 -0.6062925595341506
vn -0.3476730838073491 0.5977106016914993 -0.7224025632716663
vn -0.3476730838073491 0.5977106016914993 -0.7224025632716663
vn -0.3476730838073491 0.5977106016914993 -0.7224025632716663
vn -0.16526040478340823 0.7363408227276955 -0.6561182754622253
vn -0.16526040478340823 0.7363408227276955 -0.6561182754622253
vn -0.16526040478340823 0.7363408227276955 -0.6561182754622253
vn -0.1836849027130358 -0.012429290607419607 0.9829065923323024
vn -0.1836849027130358 -0.012429290607419607 0.9829065923323024
vn -0.1836849027130358 -0.012429290607419607 0.9829065923323024
vn -0.11883529157600728 -0.03256981414983097 0.992379655516119
vn -0.11883529157600728 -0.03256981414983097 0.992379655516119
vn -0.11883529157600728 -0.03256981414983097 0.992379655516119
vn 0.9792457409461002 0.18909828725035271 0.07293570180581242
vn 0.9792457409461002 0.18909828725035271 0.07293570180581242
vn 0.9792457409461002 0.18909828725035271 0.07293570180581242
vn -0.33619087044207024 -0.03238200683075678 0.941237007488027
vn -0.33619087044207024 -0.03238200683075678 0.941237007488027
vn -0.33619087044207024 -0.03238200683075678 0.941237007488027
vn 0.9337188592778773 0.13239228713076234 0.33262798159070345
vn 0.9337188592778773 0.13239228713076234 0.33262798159070345
vn 0.9337188592778773 0.13239228713076234 0.33262798159070345
vn -0.40361292224934237 -0.06981343213382062 0.912262403964475
vn -0.40361292224934237 -0.06981343213382062 0.912262403964475
vn -0.40361292224934237 -0.06981343213382062 0.912262403964475
vn 0.939874805640854 0.1545446776568407 0.3045509683608146
vn 0.939874805640854 0.1545446776568407 0.3045509683608146
vn 0.939874805640854 0.1545446776568407 0.3045509683608146
vn -0.5128089942155976 -0.05673474246642802 0.8566260003343672
vn -0.5128089942155976 -0.05673474246642802 0.8566260003343672
vn -0.5128089942155976 -0.05673474246642802 0.8566260003343672
vn -0.6312041294780306 -0.09148858505182551 0.7702020421519905
vn -0.6312041294780306 -0.09148858505182551 0.7702020421519905
vn -0.6312041294780306 -0.09148858505182551 0.7702020421519905
vn 0.8249042596456009 0.12624010392053667 0.55099582446755
vn 0.8249042596456009 0.12624010392053667 0.55099582446755
vn 0.8249042596456009 0.12624010392053667 0.55099582446755
vn 0.7871922941479543 0.14906820826948192 0.5984203884539756
vn 0.7871922941479543 0.14906820826948192 0.5984203884539756
vn 0.7871922941479543 0.14906820826948192 0.5984203884539756
vn -0.6591708483316344 -0.1199796018604845 0.742360214348232
vn -0.6591708483316344 -0.1199796018604845 0.742360214348232
vn -0.6591708483316344 -0.1199796018604845 0.742360214348232
vn 0.6542740930279795 0.11493550012664265 0.747472569398405
vn 0.6542740930279795 0.11493550012664265 0.747472569398405
vn 0.6542740930279795 0.11493550012664265 0.747472569398405
vn -0.8330198044897823 -0.11626788388648719 0.5408879592895032
vn -0.8330198044897823 -0.11626788388648719 0.5408879592895032
vn -0.8330198044897823 -0.11626788388648719 0.5408879592895032
vn 0.6368671705937721 0.09719776438921626 0.7648220718687592
vn 0.6368671705937721 0.09719776438921626 0.7648220718687592
vn 0.6368671705937721 0.09719776438921626 0.7648220718687592
vn -0.863261005302709 -0.15558331091052308 0.48018149702990015
vn -0.863261005302709 -0.15558331091052308 0.48018149702990015
vn -0.863261005302709 -0.15558331091052308 0.48018149702990015
vn 0.4033651398193948 0.07132815651451285 0.9122548207966463
vn 0.4033651398193948 0.07132815651451285 0.9122548207966463
vn 0.4033651398193948 0.07132815651451285 0.9122548207966463
vn -0.9525439277395816 -0.14340679549577584 0.26850429555611105
vn -0.9525439277395816 -0.14340679549577584 0.26850429555611105
vn -0.9525439277395816 -0.14340679549577584 0.26850429555611105
vn 0.3967838897264853 0.06570219271491683 0.9155576261087951
vn 0.3967838897264853 0.06570219271491683 0.9155576261087951
vn 0.3967838897264853 0.06570219271491683 0.9155576261087951
vn -0.9603454098174177 -0.1605887897447777 0.22792089516085093
vn -0.9603454098174177 -0.1605887897447777 0.22792089516085093
vn -0.9603454098174177 -0.1605887897447777 0.22792089516085093
vn -0.9910938484377848 -0.12738850384503878 0.03879629720609589
vn -0.9910938484377848 -0.12738850384503878 0.03879629720609589
vn -0.9910938484377848 -0.12738850384503878 0.03879629720609589
vn 0.11883208908596198 0.032602954677577047 0.9923789507792666
vn 0.11883208908596198 0.032602954677577047 0.9923789507792666
vn 0.11883208908596198 0.032602954677577047 0.9923789507792666
vn 0.16276807780403077 0.018993308414510853 0.9864815290128105
vn 0.16276807780403077 0.018993308414510853 0.9864815290128105
vn 0.16276807780403077 0.018993308414510853 0.9864815290128105
vn 0.9766069474625312 0.1735826848453027 -0.12691698739653914
vn 0.9766069474625312 0.1735826848453027 -0.12691698739653914
vn 0.9766069474625312 0.1735826848453027 -0.12691698739653914
vn 0.9857284726053563 0.15031607905562636 -0.07579218081341793
vn 0.9857284726053563 0.15031607905562636 -0.07579218081341793
vn 0.9857284726053563 0.15031607905562636 -0.07579218081341793
vn -0.09209178459148908 0.01429449871031882 -0.9956479149364876
vn -0.09209178459148908 0.01429449871031882 -0.9956479149364876
vn -0.09209178459148908 0.01429449871031882 -0.9956479149364876
vn 0.04061870724822348 -0.006769894747877287 -0.9991517848388131
vn 0.04061870724822348 -0.006769894747877287 -0.9991517848388131
vn 0.04061870724822348 -0.006769894747877287 -0.9991517848388131
vn -0.9830801462553438 -0.16465748805636954 -0.08025794456337994
vn -0.9830801462553438 -0.16465748805636954 -0.08025794456337994
vn -0.9830801462553438 -0.16465748805636954 -0.08025794456337994
vn -0.9705155145124716 -0.131306681430213 -0.20213409287494527
vn -0.9705155145124716 -0.131306681430213 -0.20213409287494527
vn -0.9705155145124716 -0.131306681430213 -0.20213409287494527
vn 0.15160958134680896 0.05181460340831358 -0.9870814463444667
vn 0.15160958134680896 0.05181460340831358 -0.9870814463444667
vn 0.15160958134680896 0.05181460340831358 -0.9870814463444667
vn -0.92741247156941 -0.17113118265893001 -0.33259619044612376
vn -0.92741247156941 -0.17113118265893001 -0.33259619044612376
vn -0.92741247156941 -0.17113118265893001 -0.33259619044612376
vn 0.41290456130560516 0.07155780507031613 -0.9079588667921827
vn 0.41290456130560516 0.07155780507031613 -0.9079588667921827
vn 0.41290456130560516 0.07155780507031613 -0.9079588667921827
vn 0.37602967499410744 0.043793198275091434 -0.9255721686117536
vn 0.37602967499410744 0.043793198275091434 -0.9255721686117536
vn 0.37602967499410744 0.043793198275091434 -0.9255721686117536
vn -0.8350972609881673 -0.11413789645299272 -0.5381311227603794
vn -0.8350972609881673 -0.11413789645299272 -0.5381311227603794
vn -0.8350972609881673 -0.11413789645299272 -0.5381311227603794
vn -0.7921780987569987 -0.13523449078296737 -0.5951180490897737
vn -0.7921780987569987 -0.13523449078296737 -0.5951180490897737
vn -0.7921780987569987 -0.13523449078296737 -0.5951180490897737
vn 0.6493656610775443 0.08857355233379186 -0.755300578604503
vn 0.6493656610775443 0.08857355233379186 -0.755300578604503
vn 0.6493656610775443 0.08857355233379186 -0.755300578604503
vn 0.6581286409607634 0.10034790221938275 -0.7461883076458031
vn 0.6581286409607634 0.10034790221938275 -0.7461883076458031
vn 0.6581286409607634 0.10034790221938275 -0.7461883076458031
vn -0.6986052752425934 -0.07938896594721072 -0.7110893484570368
vn -0.6986052752425934 -0.07938896594721072 -0.7110893484570368
vn -0.6986052752425934 -0.07938896594721072 -0.7110893484570368
vn 0.74723237537013 0.15748670651708832 -0.6456328015746362
vn 0.74723237537013 0.15748670651708832 -0.6456328015746362
vn 0.74723237537013 0.15748670651708832 -0.6456328015746362
vn -0.5219170024336459 -0.07216600562664252 -0.8499380625684281
vn -0.5219170024336459 -0.07216600562664252 -0.8499380625684281
vn -0.5219170024336459 -0.07216600562664252 -0.8499380625684281
vn -0.5443651632199479 -0.09029642419583514 -0.8339742950774715
vn -0.5443651632199479 -0.09029642419583514 -0.8339742950774715
vn -0.5443651632199479 -0.09029642419583514 -0.8339742950774715
vn 0.9249362289610934 0.1691760111820122 -0.3404004253754323
vn 0.9249362289610934 0.1691760111820122 -0.3404004253754323
vn 0.9249362289610934 0.1691760111820122 -0.3404004253754323
vn 0.9013600086591753 0.12016770638296491 -0.4160647270949427
vn 0.9013600086591753 0.12016770638296491 -0.4160647270949427
vn 0.9013600086591753 0.12016770638296491 -0.4160647270949427
vn -0.317645972326602 -0.029592926178284747 -0.9477474848211912
vn -0.317645972326602 -0.029592926178284747 -0.9477474848211912
vn -0.317645972326602 -0.029592926178284747 -0.9477474848211912
vn -0.2655000140271734 -0.04351472190968343 -0.9631283463426326
vn -0.2655000140271734 -0.04351472190968343 -0.9631283463426326
vn -0.2655000140271734 -0.04351472190968343 -0.9631283463426326
vn 0.057475378845641655 0.36326440060286364 0.9299115850881696
vn 0.057475378845641655 0.36326440060286364 0.9299115850881696
vn 0.057475378845641655 0.36326440060286364 0.9299115850881696
vn -0.10051079963322683 0.8120402197765882 0.5748810838967304
vn -0.10051079963322683 0.8120402197765882 0.5748810838967304
vn -0.10051079963322683 0.8120402197765882 0.5748810838967304
vn 0.4148615080572522 0.9074819258471571 0.06607937191890989
vn 0.4148615080572522 0.9074819258471571 0.06607937191890989
vn 0.4148615080572522 0.9074819258471571 0.06607937191890989
vn -0.22290986223912987 0.5726388550938379 0.7889207406028508
vn -0.22290986223912987 0.5726388550938379 0.7889207406028508
vn -0.22290986223912987 0.5726388550938379 0.7889207406028508
vn 0.857826826747755 0.40107476607999015 0.32135987199051214
vn 0.857826826747755 0.40107476607999015 0.32135987199051214
vn 0.857826826747755 0.40107476607999015 0.32135987199051214
vn 0.3015074945543981 0.927778159058755 0.2198201953894984
vn 0.3015074945543981 0.927778159058755 0.2198201953894984
vn 0.3015074945543981 0.927778159058755 0.2198201953894984
vn 0.7217319990256981 0.39254646332015153 0.5700966547149797
vn 0.7217319990256981 0.39254646332015153 0.5700966547149797
vn 0.7217319990256981 0.39254646332015153 0.5700966547149797
vn -0.5473651301046768 0.6855781092250066 0.4799729893410203
vn -0.5473651301046768 0.6855781092250066 0.4799729893410203
vn -0.5473651301046768 0.6855781092250066 0.4799729893410203
vn 0.16235068472163916 0.9080695527656094 0.3860724575911639
vn 0.16235068472163916 0.9080695527656094 0.3860724575911639
vn 0.16235068472163916 0.9080695527656094 0.3860724575911639
vn -0.6138402798948379 0.7337125515055118 0.2913177003580433
vn -0.6138402798948379 0.7337125515055118 0.2913177003580433
vn -0.6138402798948379 0.7337125515055118 0.2913177003580433
vn -0.750884012542609 0.505661856019642 0.42482853844190127
vn -0.750884012542609 0.505661856019642 0.42482853844190127
vn -0.750884012542609 0.505661856019642 0.42482853844190127
vn 0.3230869998134241 0.40602298692114447 0.8548450880967806
vn 0.3230869998134241 0.40602298692114447 0.8548450880967806
vn 0.3230869998134241 0.40602298692114447 0.8548450880967806
vn 0.038678158070076865 0.8656976221975681 0.4990707635293646
vn 0.038678158070076865 0.8656976221975681 0.4990707635293646
vn 0.038678158070076865 0.8656976221975681 0.4990707635293646
vn -0.9414542847991964 0.21710529772518897 0.257932392949956
vn -0.9414542847991964 0.21710529772518897 0.257932392949956
vn -0.9414542847991964 0.21710529772518897 0.257932392949956
vn -0.026207978305127676 0.8308921582916942 -0.5558159436023118
vn -0.026207978305127676 0.8308921582916942 -0.5558159436023118
vn -0.026207978305127676 0.8308921582916942 -0.5558159436023118
vn -0.6742421001495217 0.7263298259723044 -0.13357609924310568
vn -0.6742421001495217 0.7263298259723044 -0.13357609924310568
vn -0.6742421001495217 0.7263298259723044 -0.13357609924310568
vn 0.3495407939379408 0.35216619968191043 -0.868216678701138
vn 0.3495407939379408 0.35216619968191043 -0.868216678701138
vn 0.3495407939379408 0.35216619968191043 -0.868216678701138
vn 0.0782438956044128 0.9359236864644335 -0.34340172672173724
vn 0.0782438956044128 0.9359236864644335 -0.34340172672173724
vn 0.0782438956044128 0.9359236864644335 -0.34340172672173724
vn -0.7519379307596954 0.5218507085780422 -0.4028165664932647
vn -0.7519379307596954 0.5218507085780422 -0.4028165664932647
vn -0.7519379307596954 0.5218507085780422 -0.4028165664932647
vn 0.3529542900392478 0.8579841652405542 -0.37321098769912964
vn 0.3529542900392478 0.8579841652405542 -0.37321098769912964
vn 0.3529542900392478 0.8579841652405542 -0.37321098769912964
vn 0.49509845318233453 0.8327865195337792 -0.24767748088850114
vn 0.49509845318233453 0.8327865195337792 -0.24767748088850114
vn 0.49509845318233453 0.8327865195337792 -0.24767748088850114
vn -0.9734652250448957 -0.1400816917556961 -0.18094909577876545
vn -0.9734652250448957 -0.1400816917556961 -0.18094909577876545
vn -0.9734652250448957 -0.1400816917556961 -0.18094909577876545
vn 0.22867497980641144 0.006571053578691748 -0.9734806494560655
vn 0.22867497980641144 0.006571053578691748 -0.9734806494560655
vn 0.22867497980641144 0.006571053578691748 -0.9734806494560655
vn 0.2563134739333045 0.047561336484457775 -0.9654228722958937
vn 0.2563134739333045 0.047561336484457775 -0.9654228722958937
vn 0.2563134739333045 0.047561336484457775 -0.9654228722958937
vn -0.9456992552833704 -0.18417939168693134 -0.26782619407800773
vn -0.9456992552833704 -0.18417939168693134 -0.26782619407800773
vn -0.9456992552833704 -0.18417939168693134 -0.26782619407800773
vn -0.9374384196770086 -0.13392560059354522 -0.32136138974545625
vn -0.9374384196770086 -0.13392560059354522 -0.32136138974545625
vn -0.9374384196770086 -0.13392560059354522 -0.32136138974545625
vn 0.5080204447689411 0.05445634031410561 -0.8596218556413987
vn 0.5080204447689411 0.05445634031410561 -0.8596218556413987
vn 0.5080204447689411 0.05445634031410561 -0.8596218556413987
vn 0.5337300982411922 0.030548930659055444 -0.8451029198074254
vn 0.5337300982411922 0.030548930659055444 -0.8451029198074254
vn 0.5337300982411922 0.030548930659055444 -0.8451029198074254
vn -0.8812795888753356 -0.139922917068551 -0.4514065390651167
vn -0.8812795888753356 -0.139922917068551 -0.4514065390651167
vn -0.8812795888753356 -0.139922917068551 -0.4514065390651167
vn -0.8468566533549471 -0.1789070218092951 -0.5008254049225016
vn -0.8468566533549471 -0.1789070218092951 -0.5008254049225016
vn -0.8468566533549471 -0.1789070218092951 -0.5008254049225016
vn 0.6851217107761355 0.18743279458864148 -0.703901405692497
vn 0.6851217107761355 0.18743279458864148 -0.703901405692497
vn 0.6851217107761355 0.18743279458864148 -0.703901405692497
vn -0.7123801671226244 -0.07517254313531117 -0.6977561079982829
vn -0.7123801671226244 -0.07517254313531117 -0.6977561079982829
vn -0.7123801671226244 -0.07517254313531117 -0.6977561079982829
vn -0.6972210580162568 -0.08919357729614193 -0.7112856683694735
vn -0.6972210580162568 -0.08919357729614193 -0.7112856683694735
vn -0.6972210580162568 -0.08919357729614193 -0.7112856683694735
vn 0.7991109856544243 0.08123855804139374 -0.5956693120295603
vn 0.7991109856544243 0.08123855804139374 -0.5956693120295603
vn 0.7991109856544243 0.08123855804139374 -0.5956693120295603
vn -0.5286969484968901 -0.047371614208884937 -0.8474877384465933
vn -0.5286969484968901 -0.047371614208884937 -0.8474877384465933
vn -0.5286969484968901 -0.047371614208884937 -0.8474877384465933
vn 0.885262838198916 0.1760365796575361 -0.43048905900902507
vn 0.885262838198916 0.1760365796575361 -0.43048905900902507
vn 0.885262838198916 0.1760365796575361 -0.43048905900902507
vn -0.5251490499383178 -0.05055253604890558 -0.8495074552044298
vn -0.5251490499383178 -0.05055253604890558 -0.8495074552044298
vn -0.5251490499383178 -0.05055253604890558 -0.8495074552044298
vn 0.9082616642520461 0.1423140924985399 -0.3934557768370168
vn 0.9082616642520461 0.1423140924985399 -0.3934557768370168
vn 0.9082616642520461 0.1423140924985399 -0.3934557768370168
vn 0.9612478494693508 0.21158797776666982 -0.17672888715532412
vn 0.9612478494693508 0.21158797776666982 -0.17672888715532412
vn 0.9612478494693508 0.21158797776666982 -0.17672888715532412
vn -0.2846757767075676 0.004974602717247179 -0.9586109510556139
vn -0.2846757767075676 0.004974602717247179 -0.9586109510556139
vn -0.2846757767075676 0.004974602717247179 -0.9586109510556139
vn -0.3164829642606047 -0.03693388810967381 -0.9478789064231373
vn -0.3164829642606047 -0.03693388810967381 -0.9478789064231373
vn -0.3164829642606047 -0.03693388810967381 -0.9478789064231373
vn 0.9773364338444157 0.16940598660202205 -0.12694529051396572
vn 0.9773364338444157 0.16940598660202205 -0.12694529051396572
vn 0.9773364338444157 0.16940598660202205 -0.12694529051396572
vn -0.022410977809014652 -0.0030321467441913664 -0.9997442443744127
vn -0.022410977809014652 -0.0030321467441913664 -0.9997442443744127
vn -0.022410977809014652 -0.0030321467441913664 -0.9997442443744127
vn -0.10169379529880856 0.07936661036534984 -0.991644751489584
vn -0.10169379529880856 0.07936661036534984 -0.991644751489584
vn -0.10169379529880856 0.07936661036534984 -0.991644751489584
vn 0.1325940826805359 -0.2373814801681065 -0.9623247072123348
vn 0.1325940826805359 -0.2373814801681065 -0.9623247072123348
vn 0.1325940826805359 -0.2373814801681065 -0.9623247072123348
vn 0.9856081183299519 -0.16347728958891633 -0.04303269536937128
vn 0.9856081183299519 -0.16347728958891633 -0.04303269536937128
vn 0.9856081183299519 -0.16347728958891633 -0.04303269536937128
vn 0.12781248735215944 -0.8599196503227491 -0.49416815262181224
vn 0.12781248735215944 -0.8599196503227491 -0.49416815262181224
vn 0.12781248735215944 -0.8599196503227491 -0.49416815262181224
vn 0.6480975312810345 -0.7562200615788272 -0.09000449107207667
vn 0.6480975312810345 -0.7562200615788272 -0.09000449107207667
vn 0.6480975312810345 -0.7562200615788272 -0.09000449107207667
vn -0.15177408255713176 -0.2834478690475288 -0.946901226842777
vn -0.15177408255713176 -0.2834478690475288 -0.946901226842777
vn -0.15177408255713176 -0.2834478690475288 -0.946901226842777
vn -0.01922499926477729 -0.848294010533479 -0.529176408295282
vn -0.01922499926477729 -0.848294010533479 -0.529176408295282
vn -0.01922499926477729 -0.848294010533479 -0.529176408295282
vn 0.9358812194109796 -0.17886540713362645 -0.3035350215127401
vn 0.9358812194109796 -0.17886540713362645 -0.3035350215127401
vn 0.9358812194109796 -0.17886540713362645 -0.3035350215127401
vn 0.5824941295339047 -0.783630595874435 -0.2159251682134732
vn 0.5824941295339047 -0.783630595874435 -0.2159251682134732
vn 0.5824941295339047 -0.783630595874435 -0.2159251682134732
vn -0.33940138089594285 -0.622303103979634 -0.7053690873742908
vn -0.33940138089594285 -0.622303103979634 -0.7053690873742908
vn -0.33940138089594285 -0.622303103979634 -0.7053690873742908
vn -0.30707326142925373 -0.6851923379043636 -0.6604676163085919
vn -0.30707326142925373 -0.6851923379043636 -0.6604676163085919
vn -0.30707326142925373 -0.6851923379043636 -0.6604676163085919
vn 0.8253365165275807 -0.14808538567296944 -0.544876456672709
vn 0.8253365165275807 -0.14808538567296944 -0.544876456672709
vn 0.8253365165275807 -0.14808538567296944 -0.544876456672709
vn 0.5927918768371147 -0.6464572783350696 -0.48030279828827305
vn 0.5927918768371147 -0.6464572783350696 -0.48030279828827305
vn 0.5927918768371147 -0.6464572783350696 -0.48030279828827305
vn 0.48480436778293545 -0.7926144693501986 -0.36976618011290774
vn 0.48480436778293545 -0.7926144693501986 -0.36976618011290774
vn 0.48480436778293545 -0.7926144693501986 -0.36976618011290774
vn -0.29129975943842196 -0.8745802613797132 -0.38762587188693953
vn -0.29129975943842196 -0.8745802613797132 -0.38762587188693953
vn -0.29129975943842196 -0.8745802613797132 -0.38762587188693953
vn -0.7598592833939137 -0.4818274502407021 -0.4364128522793886
vn -0.7598592833939137 -0.4818274502407021 -0.4364128522793886
vn -0.7598592833939137 -0.4818274502407021 -0.4364128522793886
vn 0.4573616395882222 -0.6211664690821354 -0.6363745346265874
vn 0.4573616395882222 -0.6211664690821354 -0.6363745346265874
vn 0.4573616395882222 -0.6211664690821354 -0.6363745346265874
vn -0.3693426840929446 -0.9129901512220597 -0.17330598800543479
vn -0.3693426840929446 -0.9129901512220597 -0.17330598800543479
vn -0.3693426840929446 -0.9129901512220597 -0.17330598800543479
vn 0.2985075731290177 -0.7869115522154037 -0.5400587354858433
vn 0.2985075731290177 -0.7869115522154037 -0.5400587354858433
vn 0.2985075731290177 -0.7869115522154037 -0.5400587354858433
vn -0.9023036177079569 -0.3987703242195799 -0.16379990840334585
vn -0.9023036177079569 -0.3987703242195799 -0.16379990840334585
vn -0.9023036177079569 -0.3987703242195799 -0.16379990840334585
vn -0.17876089671320877 -0.14976089825827632 -0.9724279999872297
vn -0.17876089671320877 -0.14976089825827632 -0.9724279999872297
vn -0.17876089671320877 -0.14976089825827632 -0.9724279999872297
vn -0.994226930775408 -0.1058763934298158 -0.017406878962272266
vn -0.994226930775408 -0.1058763934298158 -0.017406878962272266
vn -0.994226930775408 -0.1058763934298158 -0.017406878962272266
vn 0.9967395717802379 0.06721596456591403 -0.044634517526484827
vn 0.9967395717802379 0.06721596456591403 -0.044634517526484827
vn 0.9967395717802379 0.06721596456591403 -0.044634517526484827
vn -0.04641585716959785 0.09772556106459415 -0.9941304154475016
vn -0.04641585716959785 0.09772556106459415 -0.9941304154475016
vn -0.04641585716959785 0.09772556106459415 -0.9941304154475016
vn 0.10809580008096395 -0.06838201586844324 -0.9917858629314215
vn 0.10809580008096395 -0.06838201586844324 -0.9917858629314215
vn 0.10809580008096395 -0.06838201586844324 -0.9917858629314215
vn -0.9437424895824548 -0.28665288551568807 -0.16486429747595427
vn -0.9437424895824548 -0.28665288551568807 -0.16486429747595427
vn -0.9437424895824548 -0.28665288551568807 -0.16486429747595427
vn 0.24945240674367541 0.12034330257276045 -0.960880318403738
vn 0.24945240674367541 0.12034330257276045 -0.960880318403738
vn 0.24945240674367541 0.12034330257276045 -0.960880318403738
vn -0.9426424024645509 -0.044933491014603845 -0.3307662051375566
vn -0.9426424024645509 -0.044933491014603845 -0.3307662051375566
vn -0.9426424024645509 -0.044933491014603845 -0.3307662051375566
vn 0.35556400670782123 -0.023382900840769254 -0.9343593939604563
vn 0.35556400670782123 -0.023382900840769254 -0.9343593939604563
vn 0.35556400670782123 -0.023382900840769254 -0.9343593939604563
vn -0.8450544383368142 -0.2558965654778766 -0.46946772415564225
vn -0.8450544383368142 -0.2558965654778766 -0.46946772415564225
vn -0.8450544383368142 -0.2558965654778766 -0.46946772415564225
vn 0.4675330730022755 -0.018518028433548602 -0.8837815953458089
vn 0.4675330730022755 -0.018518028433548602 -0.8837815953458089
vn 0.4675330730022755 -0.018518028433548602 -0.8837815953458089
vn 0.5209632590113825 0.1937281665978703 -0.8313042043842116
vn 0.5209632590113825 0.1937281665978703 -0.8313042043842116
vn 0.5209632590113825 0.1937281665978703 -0.8313042043842116
vn -0.794765181133923 -0.10588580459812831 -0.5976089885884994
vn -0.794765181133923 -0.10588580459812831 -0.5976089885884994
vn -0.794765181133923 -0.10588580459812831 -0.5976089885884994
vn -0.7408455441038521 -0.1967296853424625 -0.6422190519491952
vn -0.7408455441038521 -0.1967296853424625 -0.6422190519491952
vn -0.7408455441038521 -0.1967296853424625 -0.6422190519491952
vn 0.6899131397793985 0.02550136805470631 -0.7234428379540921
vn 0.6899131397793985 0.02550136805470631 -0.7234428379540921
vn 0.6899131397793985 0.02550136805470631 -0.7234428379540921
vn 0.774400154560601 0.223065594021699 -0.5920693721011616
vn 0.774400154560601 0.223065594021699 -0.5920693721011616
vn 0.774400154560601 0.223065594021699 -0.5920693721011616
vn -0.591692911373591 -0.02300595999882438 -0.8058351099541247
vn -0.591692911373591 -0.02300595999882438 -0.8058351099541247
vn -0.591692911373591 -0.02300595999882438 -0.8058351099541247
vn 0.811034561542617 0.1439830961220475 -0.5670024761978419
vn 0.811034561542617 0.1439830961220475 -0.5670024761978419
vn 0.811034561542617 0.1439830961220475 -0.5670024761978419
vn -0.4996269830805625 -0.1798315008436583 -0.8473685792393606
vn -0.4996269830805625 -0.1798315008436583 -0.8473685792393606
vn -0.4996269830805625 -0.1798315008436583 -0.8473685792393606
vn -0.33613920545803316 0.06008033886647221 -0.9398940298968452
vn -0.33613920545803316 0.06008033886647221 -0.9398940298968452
vn -0.33613920545803316 0.06008033886647221 -0.9398940298968452
vn 0.942938037792388 0.08869128749762903 -0.3209387985368141
vn 0.942938037792388 0.08869128749762903 -0.3209387985368141
vn 0.942938037792388 0.08869128749762903 -0.3209387985368141
vn 0.9303702127354431 0.2658951881789115 -0.2524104121424226
vn 0.9303702127354431 0.2658951881789115 -0.2524104121424226
vn 0.9303702127354431 0.2658951881789115 -0.2524104121424226
vn -0.16333118372650307 0.9865650710738518 0.003504990662616006
vn -0.16333118372650307 0.9865650710738518 0.003504990662616006
vn -0.16333118372650307 0.9865650710738518 0.003504990662616006
vn -0.1598780876864483 0.9871367667829346 -0.00002725909649760956
vn -0.1598780876864483 0.9871367667829346 -0.00002725909649760956
vn -0.1598780876864483 0.9871367667829346 -0.00002725909649760956
vn -0.15983769749667767 0.9871433060412614 -0.00006161890079619189
vn -0.15983769749667767 0.9871433060412614 -0.00006161890079619189
vn -0.15983769749667767 0.9871433060412614 -0.00006161890079619189
vn -0.16444590450377503 0.9863855100346475 0.0010817049613542793
vn -0.16444590450377503 0.9863855100346475 0.0010817049613542793
vn -0.16444590450377503 0.9863855100346475 0.0010817049613542793
vn -0.15991487870101717 0.987130806615577 0.00004690969513959477
vn -0.15991487870101717 0.987130806615577 0.00004690969513959477
vn -0.15991487870101717 0.987130806615577 0.00004690969513959477
vn -0.1598881957608406 0.9871351292611262 0.000037880902451664
vn -0.1598881957608406 0.9871351292611262 0.000037880902451664
vn -0.1598881957608406 0.9871351292611262 0.000037880902451664
vn -0.1627992838941592 0.9866581561123341 -0.0014408818681766618
vn -0.1627992838941592 0.9866581561123341 -0.0014408818681766618
vn -0.1627992838941592 0.9866581561123341 -0.0014408818681766618
vn -0.15984308538887676 0.9871424324945142 -0.00007760269275892044
vn -0.15984308538887676 0.9871424324945142 -0.00007760269275892044
vn -0.15984308538887676 0.9871424324945142 -0.00007760269275892044
vn -0.15984198311817463 0.9871426138726986 -0.000017590498674996905
vn -0.15984198311817463 0.9871426138726986 -0.000017590498674996905
vn -0.15984198311817463 0.9871426138726986 -0.000017590498674996905
vn -0.1619530900864908 0.9867927338537099 -0.0033611047228762365
vn -0.1619530900864908 0.9867927338537099 -0.0033611047228762365
vn -0.1619530900864908 0.9867927338537099 -0.0033611047228762365
vn -0.15817267996552467 0.9874021288453333 -0.004294096438961969
vn -0.15817267996552467 0.9874021288453333 -0.004294096438961969
vn -0.15817267996552467 0.9874021288453333 -0.004294096438961969
vn -0.16439928162927955 0.9863934546014916 0.0009104499503828899
vn -0.16439928162927955 0.9863934546014916 0.0009104499503828899
vn -0.16439928162927955 0.9863934546014916 0.0009104499503828899
vn -0.15988888261988576 0.9871350187299567 0.0000034018797552612854
vn -0.15988888261988576 0.9871350187299567 0.0000034018797552612854
vn -0.15988888261988576 0.9871350187299567 0.0000034018797552612854
vn -0.15571258799077006 0.9878018991014931 0.0009990358853392042
vn -0.15571258799077006 0.9878018991014931 0.0009990358853392042
vn -0.15571258799077006 0.9878018991014931 0.0009990358853392042
vn -0.1599369055091391 0.9871221817926704 0.0031598210453695724
vn -0.1599369055091391 0.9871221817926704 0.0031598210453695724
vn -0.1599369055091391 0.9871221817926704 0.0031598210453695724
vn -0.16298219096547173 0.9866229014221968 0.0034721488073703004
vn -0.16298219096547173 0.9866229014221968 0.0034721488073703004
vn -0.16298219096547173 0.9866229014221968 0.0034721488073703004
vn -0.15705889749411217 0.9875859798015216 -0.0025367730293404693
vn -0.15705889749411217 0.9875859798015216 -0.0025367730293404693
vn -0.15705889749411217 0.9875859798015216 -0.0025367730293404693
vn -0.15530319109697602 0.9878667933218273 -0.00034276398058866105
vn -0.15530319109697602 0.9878667933218273 -0.00034276398058866105
vn -0.15530319109697602 0.9878667933218273 -0.00034276398058866105
vn -0.15969009797789638 0.9871609273003124 -0.003517985133210162
vn -0.15969009797789638 0.9871609273003124 -0.003517985133210162
vn -0.15969009797789638 0.9871609273003124 -0.003517985133210162
vn -0.15987800058120194 0.9871367809944709 0.00002319550002929204
vn -0.15987800058120194 0.9871367809944709 0.00002319550002929204
vn -0.15987800058120194 0.9871367809944709 0.00002319550002929204
vn -0.15983868937113296 0.9871431466679754 0.00003696709563503057
vn -0.15983868937113296 0.9871431466679754 0.00003696709563503057
vn -0.15983868937113296 0.9871431466679754 0.00003696709563503057
vn -0.15984399941289398 0.9871422848873969 0.00007238079853412521
vn -0.15984399941289398 0.9871422848873969 0.00007238079853412521
vn -0.15984399941289398 0.9871422848873969 0.00007238079853412521
vn -0.15998699971053418 0.9871191203439632 -0.000046636701036111294
vn -0.15998699971053418 0.9871191203439632 -0.000046636701036111294
vn -0.15998699971053418 0.9871191203439632 -0.000046636701036111294
vn -0.1599145935410959 0.9871308536407742 0.000023728099489686204
vn -0.1599145935410959 0.9871308536407742 0.000023728099489686204
vn -0.1599145935410959 0.9871308536407742 0.000023728099489686204
vn -0.15985030148483176 0.9871412646958134 0.00006819060308534875
vn -0.15985030148483176 0.9871412646958134 0.00006819060308534875
vn -0.15985030148483176 0.9871412646958134 0.00006819060308534875
vn -0.15989220529489992 0.987134480534681 0.0000050457202945127395
vn -0.15989220529489992 0.987134480534681 0.0000050457202945127395
vn -0.15989220529489992 0.987134480534681 0.0000050457202945127395
vn -0.16561709020512988 0.9861854717996092 -0.0030322670343606627
vn -0.16561709020512988 0.9861854717996092 -0.0030322670343606627
vn -0.16561709020512988 0.9861854717996092 -0.0030322670343606627
vn -0.15927739089073145 0.9872273584382527 0.003585457024016591
vn -0.15927739089073145 0.9872273584382527 0.003585457024016591
vn -0.15927739089073145 0.9872273584382527 0.003585457024016591
vn -0.1569048897524927 0.9876072915902488 0.0035627474694834753
vn -0.1569048897524927 0.9876072915902488 0.0035627474694834753
vn -0.1569048897524927 0.9876072915902488 0.0035627474694834753
vn -0.16123669974650387 0.9869065061358206 -0.004274903699857481
vn -0.16123669974650387 0.9869065061358206 -0.004274903699857481
vn -0.16123669974650387 0.9869065061358206 -0.004274903699857481
vn -0.15984970220931383 0.9871413639642422 0.00001595019955769281
vn -0.15984970220931383 0.9871413639642422 0.00001595019955769281
vn -0.15984970220931383 0.9871413639642422 0.00001595019955769281
vn -0.1555566788172722 0.987826764871252 0.0006342549460924427
vn -0.1555566788172722 0.987826764871252 0.0006342549460924427
vn -0.1555566788172722 0.987826764871252 0.0006342549460924427
vn -0.15992059045456486 0.9871298813902385 -0.000044890498171011704
vn -0.15992059045456486 0.9871298813902385 -0.000044890498171011704
vn -0.15992059045456486 0.9871298813902385 -0.000044890498171011704
vn -0.15979458016055584 0.98715028826622 0.00002296149742193028
vn -0.15979458016055584 0.98715028826622 0.00002296149742193028
vn -0.15979458016055584 0.98715028826622 0.00002296149742193028
vn -0.15982937905837669 0.9871446547746884 -0.000011814198911097724
vn -0.15982937905837669 0.9871446547746884 -0.000011814198911097724
vn -0.15982937905837669 0.9871446547746884 -0.000011814198911097724
vn -0.15989476801071917 0.9871340615490378 -0.00008770689070259293
vn -0.15989476801071917 0.9871340615490378 -0.00008770689070259293
vn -0.15989476801071917 0.9871340615490378 -0.00008770689070259293
vn -0.15979688217783514 0.9871499157498198 0.00001677399850625127
vn -0.15979688217783514 0.9871499157498198 0.00001677399850625127
vn -0.15979688217783514 0.9871499157498198 0.00001677399850625127
vn -0.15990867849292634 0.9871318117144108 -0.000029052898096645804
vn -0.15990867849292634 0.9871318117144108 -0.000029052898096645804
vn -0.15990867849292634 0.9871318117144108 -0.000029052898096645804
vn 0.1600237011497542 -0.9871131591385357 0.00016163500244552393
vn 0.1600237011497542 -0.9871131591385357 0.00016163500244552393
vn 0.1600237011497542 -0.9871131591385357 0.00016163500244552393
vn 0.16842148958814362 -0.9857148984125772 0.0005838599089484131
vn 0.16842148958814362 -0.9857148984125772 0.0005838599089484131
vn 0.16842148958814362 -0.9857148984125772 0.0005838599089484131
vn 0.15995158238502177 -0.9871248592623796 0.000059319096119288146
vn 0.15995158238502177 -0.9871248592623796 0.000059319096119288146
vn 0.15995158238502177 -0.9871248592623796 0.000059319096119288146
vn 0.15998749637565318 -0.9871190315329668 0.0001363409991413641
vn 0.15998749637565318 -0.9871190315329668 0.0001363409991413641
vn 0.15998749637565318 -0.9871190315329668 0.0001363409991413641
vn 0.15977509569876225 -0.9871534263633497 -0.00017780199692430374
vn 0.15977509569876225 -0.9871534263633497 -0.00017780199692430374
vn 0.15977509569876225 -0.9871534263633497 -0.00017780199692430374
vn 0.16225830070419694 -0.986684224426496 0.011246560383984971
vn 0.16225830070419694 -0.986684224426496 0.011246560383984971
vn 0.16225830070419694 -0.986684224426496 0.011246560383984971
vn 0.15976547786278397 -0.9871549949900693 -0.00008915958959986773
vn 0.15976547786278397 -0.9871549949900693 -0.00008915958959986773
vn 0.15976547786278397 -0.9871549949900693 -0.00008915958959986773
vn 0.15954570527143816 -0.9871612821217207 -0.0076007242576076
vn 0.15954570527143816 -0.9871612821217207 -0.0076007242576076
vn 0.15954570527143816 -0.9871612821217207 -0.0076007242576076
vn 0.15972510039175597 -0.9871615207880581 -0.00015550000592272437
vn 0.15972510039175597 -0.9871615207880581 -0.00015550000592272437
vn 0.15972510039175597 -0.9871615207880581 -0.00015550000592272437
vn 0.159750090938778 -0.9871574757029761 -0.0001631219803323887
vn 0.159750090938778 -0.9871574757029761 -0.0001631219803323887
vn 0.159750090938778 -0.9871574757029761 -0.0001631219803323887
vn 0.16018688491308228 -0.9870867017642442 0.0000714284897922444
vn 0.16018688491308228 -0.9870867017642442 0.0000714284897922444
vn 0.16018688491308228 -0.9870867017642442 0.0000714284897922444
vn 0.15996289481566237 -0.9871230266329395 0.00005072689673045793
vn 0.15996289481566237 -0.9871230266329395 0.00005072689673045793
vn 0.15996289481566237 -0.9871230266329395 0.00005072689673045793
vn 0.15657187889821556 -0.9876241615537183 -0.00915217206992012
vn 0.15657187889821556 -0.9876241615537183 -0.00915217206992012
vn 0.15657187889821556 -0.9876241615537183 -0.00915217206992012
vn 0.1562323912912807 -0.9876944108875665 -0.007154761552342799
vn 0.1562323912912807 -0.9876944108875665 -0.007154761552342799
vn 0.1562323912912807 -0.9876944108875665 -0.007154761552342799
vn 0.16011050114109357 -0.9870990969371491 -0.000015818098973620342
vn 0.16011050114109357 -0.9870990969371491 -0.000015818098973620342
vn 0.16011050114109357 -0.9870990969371491 -0.000015818098973620342
vn 0.15987549504272494 -0.9871371849927679 0.00006394839787535157
vn 0.15987549504272494 -0.9871371849927679 0.00006394839787535157
vn 0.15987549504272494 -0.9871371849927679 0.00006394839787535157
vn 0.15466010437593813 -0.9879614625891266 0.0035214419174015533
vn 0.15466010437593813 -0.9879614625891266 0.0035214419174015533
vn 0.15466010437593813 -0.9879614625891266 0.0035214419174015533
vn 0.15013767818459428 -0.9886644508680187 0.0011318918580231002
vn 0.15013767818459428 -0.9886644508680187 0.0011318918580231002
vn 0.15013767818459428 -0.9886644508680187 0.0011318918580231002
vn 0.16264869514869945 -0.9866815356291748 -0.0022246830962271537
vn 0.16264869514869945 -0.9866815356291748 -0.0022246830962271537
vn 0.16264869514869945 -0.9866815356291748 -0.0022246830962271537
vn 0.16225329310069433 -0.9866854115740282 -0.011214609443519588
vn 0.16225329310069433 -0.9866854115740282 -0.011214609443519588
vn 0.16225329310069433 -0.9866854115740282 -0.011214609443519588
vn 0.15021867883858323 -0.9886522779727671 0.0010108349267287612
vn 0.15021867883858323 -0.9886522779727671 0.0010108349267287612
vn 0.15021867883858323 -0.9886522779727671 0.0010108349267287612
vn 0.15996369771202057 -0.9871228965235991 -0.00005072629954179302
vn 0.15996369771202057 -0.9871228965235991 -0.00005072629954179302
vn 0.15996369771202057 -0.9871228965235991 -0.00005072629954179302
vn 0.16225248380607402 -0.9866853834066288 -0.011228787578076443
vn 0.16225248380607402 -0.9866853834066288 -0.011228787578076443
vn 0.16225248380607402 -0.9866853834066288 -0.011228787578076443
vn 0.15977807558900053 -0.9871529474129227 0.0001580349802205838
vn 0.15977807558900053 -0.9871529474129227 0.0001580349802205838
vn 0.15977807558900053 -0.9871529474129227 0.0001580349802205838
vn 0.15995348794139672 -0.987124550178567 -0.00006426618996094838
vn 0.15995348794139672 -0.987124550178567 -0.00006426618996094838
vn 0.15995348794139672 -0.987124550178567 -0.00006426618996094838
vn 0.1543562844404873 -0.9879843497325367 0.007814226596663545
vn 0.1543562844404873 -0.9879843497325367 0.007814226596663545
vn 0.1543562844404873 -0.9879843497325367 0.007814226596663545
vn 0.1597626082355733 -0.9871554511299633 0.00015593000204946325
vn 0.1597626082355733 -0.9871554511299633 0.00015593000204946325
vn 0.1597626082355733 -0.9871554511299633 0.00015593000204946325
vn 0.15972408476918631 -0.987161685117535 0.00015550097861940845
vn 0.15972408476918631 -0.987161685117535 0.00015550097861940845
vn 0.15972408476918631 -0.987161685117535 0.00015550097861940845
vn 0.15420569287912497 -0.9880077120121787 0.007833599946942181
vn 0.15420569287912497 -0.9880077120121787 0.007833599946942181
vn 0.15420569287912497 -0.9880077120121787 0.007833599946942181
vn 0.15493610339408484 -0.9879230157628479 0.001708446984024191
vn 0.15493610339408484 -0.9879230157628479 0.001708446984024191
vn 0.15493610339408484 -0.9879230157628479 0.001708446984024191
vn 0.15977740503951424 -0.9871530666393679 0.00006215569821926476
vn 0.15977740503951424 -0.9871530666393679 0.00006215569821926476
vn 0.15977740503951424 -0.9871530666393679 0.00006215569821926476
vn 0.15965638789113815 -0.9871726467856904 0.0000569533940124662
vn 0.15965638789113815 -0.9871726467856904 0.0000569533940124662
vn 0.15965638789113815 -0.9871726467856904 0.0000569533940124662
vn 0.1599334927235621 -0.987127782039168 -0.00014082498107786094
vn 0.1599334927235621 -0.987127782039168 -0.00014082498107786094
vn 0.1599334927235621 -0.987127782039168 -0.00014082498107786094
vn 0.15962659865204337 -0.9871774635165438 0.00006728909459173104
vn 0.15962659865204337 -0.9871774635165438 0.00006728909459173104
vn 0.15962659865204337 -0.9871774635165438 0.00006728909459173104
vn 0.15992921208746527 -0.9871284725883077 -0.00016039500386522137
vn 0.15992921208746527 -0.9871284725883077 -0.00016039500386522137
vn 0.15992921208746527 -0.9871284725883077 -0.00016039500386522137
vn 0.15990118545152684 -0.9871330176511869 -0.00012788298662895113
vn 0.15990118545152684 -0.9871330176511869 -0.00012788298662895113
vn 0.15990118545152684 -0.9871330176511869 -0.00012788298662895113
vn 0.16203118970787803 -0.9867793388640459 0.003525613831090933
vn 0.16203118970787803 -0.9867793388640459 0.003525613831090933
vn 0.16203118970787803 -0.9867793388640459 0.003525613831090933
vn 0.16893500500948264 -0.9856266619325053 0.001023411077218323
vn 0.16893500500948264 -0.9856266619325053 0.001023411077218323
vn 0.16893500500948264 -0.9856266619325053 0.001023411077218323
vn 0.16223640959128466 -0.9866877331538644 0.011254538934010098
vn 0.16223640959128466 -0.9866877331538644 0.011254538934010098
vn 0.16223640959128466 -0.9866877331538644 0.011254538934010098
vn 0.16263708562782328 -0.986683672198369 0.0021235337599107224
vn 0.16263708562782328 -0.986683672198369 0.0021235337599107224
vn 0.16263708562782328 -0.986683672198369 0.0021235337599107224
vn -0.04371099807913261 -0.9965373620267459 0.0707293060315191
vn -0.04371099807913261 -0.9965373620267459 0.0707293060315191
vn -0.04371099807913261 -0.9965373620267459 0.0707293060315191
vn -0.08118771630147144 -0.9914337236028291 0.10231190754150261
vn -0.08118771630147144 -0.9914337236028291 0.10231190754150261
vn -0.08118771630147144 -0.9914337236028291 0.10231190754150261
vn -0.07393079228476049 -0.9842084020125548 0.16083550404074626
vn -0.07393079228476049 -0.9842084020125548 0.16083550404074626
vn -0.07393079228476049 -0.9842084020125548 0.16083550404074626
vn -0.0014232988593895018 -0.9904766169467755 0.13767369212027208
vn -0.0014232988593895018 -0.9904766169467755 0.13767369212027208
vn -0.0014232988593895018 -0.9904766169467755 0.13767369212027208
vn -0.49334849192864777 -0.08026503977477407 0.866120539475703
vn -0.49334849192864777 -0.08026503977477407 0.866120539475703
vn -0.49334849192864777 -0.08026503977477407 0.866120539475703
vn -0.4937042057343026 -0.07995592899016148 0.8659464225109899
vn -0.4937042057343026 -0.07995592899016148 0.8659464225109899
vn -0.4937042057343026 -0.07995592899016148 0.8659464225109899
vn -0.4943695019077983 -0.08006291756689177 0.8655568871045464
vn -0.4943695019077983 -0.08006291756689177 0.8655568871045464
vn -0.4943695019077983 -0.08006291756689177 0.8655568871045464
vn -0.4943777886246687 -0.08005940116353966 0.865552479287026
vn -0.4943777886246687 -0.08005940116353966 0.865552479287026
vn -0.4943777886246687 -0.08005940116353966 0.865552479287026
vn -0.493735879060902 -0.07995413234074607 0.8659285296429475
vn -0.493735879060902 -0.07995413234074607 0.8659285296429475
vn -0.493735879060902 -0.07995413234074607 0.8659285296429475
vn -0.5351454566089301 -0.04618447231246682 0.8434964936430019
vn -0.5351454566089301 -0.04618447231246682 0.8434964936430019
vn -0.5351454566089301 -0.04618447231246682 0.8434964936430019
vn 0.1956518934732077 -0.9577632176825258 0.21073669693426286
vn 0.1956518934732077 -0.9577632176825258 0.21073669693426286
vn 0.1956518934732077 -0.9577632176825258 0.21073669693426286
vn 0.18471220581070574 -0.9483289351244465 0.25797990586531516
vn 0.18471220581070574 -0.9483289351244465 0.25797990586531516
vn 0.18471220581070574 -0.9483289351244465 0.25797990586531516
vn 0.49337812424976724 0.0710640388647148 0.8669071051110468
vn 0.49337812424976724 0.0710640388647148 0.8669071051110468
vn 0.49337812424976724 0.0710640388647148 0.8669071051110468
vn 0.49922517691046236 0.0811774668356183 0.8626612554281489
vn 0.49922517691046236 0.0811774668356183 0.8626612554281489
vn 0.49922517691046236 0.0811774668356183 0.8626612554281489
vn 0.49421347489585604 0.08100676004912448 0.8655581702333511
vn 0.49421347489585604 0.08100676004912448 0.8655581702333511
vn 0.49421347489585604 0.08100676004912448 0.8655581702333511
vn 0.49289933519106416 0.07887147474544262 0.8665042041673463
vn 0.49289933519106416 0.07887147474544262 0.8665042041673463
vn 0.49289933519106416 0.07887147474544262 0.8665042041673463
vn 0.4935314994539545 0.07889235085562925 0.8661423993912337
vn 0.4935314994539545 0.07889235085562925 0.8661423993912337
vn 0.4935314994539545 0.07889235085562925 0.8661423993912337
vn 0.4945836571211618 0.08050714283381594 0.8653933244839553
vn 0.4945836571211618 0.08050714283381594 0.8653933244839553
vn 0.4945836571211618 0.08050714283381594 0.8653933244839553
vn 0.9548893475731391 -0.1772768777822053 -0.23824198306582733
vn 0.9548893475731391 -0.1772768777822053 -0.23824198306582733
vn 0.9548893475731391 -0.1772768777822053 -0.23824198306582733
vn -0.1720066650893773 -0.22280616854788945 -0.9595681937318684
vn -0.1720066650893773 -0.22280616854788945 -0.9595681937318684
vn -0.1720066650893773 -0.22280616854788945 -0.9595681937318684
vn -0.0478749166194807 -0.3336203713479273 -0.9414910728096942
vn -0.0478749166194807 -0.3336203713479273 -0.9414910728096942
vn -0.0478749166194807 -0.3336203713479273 -0.9414910728096942
vn -0.8956107326945173 -0.44300215594167297 -0.04037951601269647
vn -0.8956107326945173 -0.44300215594167297 -0.04037951601269647
vn -0.8956107326945173 -0.44300215594167297 -0.04037951601269647
vn -0.9394966485331706 -0.3250988167818345 -0.1079666926509804
vn -0.9394966485331706 -0.3250988167818345 -0.1079666926509804
vn -0.9394966485331706 -0.3250988167818345 -0.1079666926509804
vn 0.993365050099576 -0.04025345671184767 -0.10772899546275504
vn 0.993365050099576 -0.04025345671184767 -0.10772899546275504
vn 0.993365050099576 -0.04025345671184767 -0.10772899546275504
vn 0.0986977826071956 -0.17821109483469008 -0.9790299042349238
vn 0.0986977826071956 -0.17821109483469008 -0.9790299042349238
vn 0.0986977826071956 -0.17821109483469008 -0.9790299042349238
vn 0.21641650454047978 -0.29141112701677746 -0.9317958207747512
vn 0.21641650454047978 -0.29141112701677746 -0.9317958207747512
vn 0.21641650454047978 -0.29141112701677746 -0.9317958207747512
vn -0.8185995386435104 -0.4882116118308759 -0.302562749534919
vn -0.8185995386435104 -0.4882116118308759 -0.302562749534919
vn -0.8185995386435104 -0.4882116118308759 -0.302562749534919
vn 0.3641372233599486 -0.13461909857556556 -0.9215648543984352
vn 0.3641372233599486 -0.13461909857556556 -0.9215648543984352
vn 0.3641372233599486 -0.13461909857556556 -0.9215648543984352
vn -0.8325226149248499 -0.29861586720463656 -0.46662046621672415
vn -0.8325226149248499 -0.29861586720463656 -0.46662046621672415
vn -0.8325226149248499 -0.29861586720463656 -0.46662046621672415
vn 0.46735148359794193 -0.2513557902640544 -0.8475864896749685
vn 0.46735148359794193 -0.2513557902640544 -0.8475864896749685
vn 0.46735148359794193 -0.2513557902640544 -0.8475864896749685
vn -0.7140017588428881 -0.43936868520873884 -0.545120763526034
vn -0.7140017588428881 -0.43936868520873884 -0.545120763526034
vn -0.7140017588428881 -0.43936868520873884 -0.545120763526034
vn 0.6034174600149356 -0.09527299614178124 -0.7917136004612347
vn 0.6034174600149356 -0.09527299614178124 -0.7917136004612347
vn 0.6034174600149356 -0.09527299614178124 -0.7917136004612347
vn -0.6453187975612016 -0.30101590947015283 -0.7021061684389488
vn -0.6453187975612016 -0.30101590947015283 -0.7021061684389488
vn -0.6453187975612016 -0.30101590947015283 -0.7021061684389488
vn 0.6849715647972383 -0.21665039463350902 -0.695612364700605
vn 0.6849715647972383 -0.21665039463350902 -0.695612364700605
vn 0.6849715647972383 -0.21665039463350902 -0.695612364700605
vn -0.5324444032214236 -0.41070320102695024 -0.7401525776111292
vn -0.5324444032214236 -0.41070320102695024 -0.7401525776111292
vn -0.5324444032214236 -0.41070320102695024 -0.7401525776111292
vn 0.7977555047151162 -0.06324648309486945 -0.599654931667255
vn 0.7977555047151162 -0.06324648309486945 -0.599654931667255
vn 0.7977555047151162 -0.06324648309486945 -0.599654931667255
vn -0.4266827990513051 -0.26475939092372947 -0.8647798875502595
vn -0.4266827990513051 -0.26475939092372947 -0.8647798875502595
vn -0.4266827990513051 -0.26475939092372947 -0.8647798875502595
vn 0.851887218379484 -0.19013929194639553 -0.4879910007569696
vn 0.851887218379484 -0.19013929194639553 -0.4879910007569696
vn 0.851887218379484 -0.19013929194639553 -0.4879910007569696
vn -0.3042780773446819 -0.37448698485269993 -0.8758848953049466
vn -0.3042780773446819 -0.37448698485269993 -0.8758848953049466
vn -0.3042780773446819 -0.37448698485269993 -0.8758848953049466
vn 0.9318512490311651 -0.04104149258855275 -0.3605119215298731
vn 0.9318512490311651 -0.04104149258855275 -0.3605119215298731
vn 0.9318512490311651 -0.04104149258855275 -0.3605119215298731
vn 0.1599172824740872 -0.9871304183095451 0.0000037584296132256047
vn 0.1599172824740872 -0.9871304183095451 0.0000037584296132256047
vn 0.1599172824740872 -0.9871304183095451 0.0000037584296132256047
vn 0.15989960993467947 -0.9871332808020233 -0.000025995598180834446
vn 0.15989960993467947 -0.9871332808020233 -0.000025995598180834446
vn 0.15989960993467947 -0.9871332808020233 -0.000025995598180834446
vn 0.1598921907704562 -0.9871344828604428 -0.000008858349482366897
vn 0.1598921907704562 -0.9871344828604428 -0.000008858349482366897
vn 0.1598921907704562 -0.9871344828604428 -0.000008858349482366897
vn 0.15989237946091092 -0.9871344518395703 -0.00003133239791410178
vn 0.15989237946091092 -0.9871344518395703 -0.00003133239791410178
vn 0.15989237946091092 -0.9871344518395703 -0.00003133239791410178
vn 0.1598897000064032 -0.987134886077913 0.000022799300777562937
vn 0.1598897000064032 -0.987134886077913 0.000022799300777562937
vn 0.1598897000064032 -0.987134886077913 0.000022799300777562937
vn 0.15989286811013678 -0.9871343731637309 0.000006794309064740548
vn 0.15989286811013678 -0.9871343731637309 0.000006794309064740548
vn 0.15989286811013678 -0.9871343731637309 0.000006794309064740548
vn 0.15985640569007736 -0.9871402784726322 -0.000013297500765847236
vn 0.15985640569007736 -0.9871402784726322 -0.000013297500765847236
vn 0.15985640569007736 -0.9871402784726322 -0.000013297500765847236
vn 0.15987930151083593 -0.9871365705367153 0.000007577579921533651
vn 0.15987930151083593 -0.9871365705367153 0.000007577579921533651
vn 0.15987930151083593 -0.9871365705367153 0.000007577579921533651
vn 0.15988106704125613 -0.9871362845286261 0.000012991098367612861
vn 0.15988106704125613 -0.9871362845286261 0.000012991098367612861
vn 0.15988106704125613 -0.9871362845286261 0.000012991098367612861
vn 0.15988079112699563 -0.987136329031019 0.00002314669894584213
vn 0.15988079112699563 -0.987136329031019 0.00002314669894584213
vn 0.15988079112699563 -0.987136329031019 0.00002314669894584213
vn 0.15986068591521824 -0.9871395853972732 -0.000006357329329664023
vn 0.15986068591521824 -0.9871395853972732 -0.000006357329329664023
vn 0.15986068591521824 -0.9871395853972732 -0.000006357329329664023
vn 0.15988148301163513 -0.9871362171313958 0.00001474849845717864
vn 0.15988148301163513 -0.9871362171313958 0.00001474849845717864
vn 0.15988148301163513 -0.9871362171313958 0.00001474849845717864
vn 0.15986909172739078 -0.9871382241058495 0.000004405520085804468
vn 0.15986909172739078 -0.9871382241058495 0.000004405520085804468
vn 0.15986909172739078 -0.9871382241058495 0.000004405520085804468
vn 0.15987580948999006 -0.9871371347910203 -0.000051541202781073264
vn 0.15987580948999006 -0.9871371347910203 -0.000051541202781073264
vn 0.15987580948999006 -0.9871371347910203 -0.000051541202781073264
vn 0.15986080208036071 -0.9871395665996797 0.0000034088199655524766
vn 0.15986080208036071 -0.9871395665996797 0.0000034088199655524766
vn 0.15986080208036071 -0.9871395665996797 0.0000034088199655524766
vn 0.15987108436675698 -0.9871379006664243 -0.000038095694841820156
vn 0.15987108436675698 -0.9871379006664243 -0.000038095694841820156
vn 0.15987108436675698 -0.9871379006664243 -0.000038095694841820156
vn 0.15986418284132414 -0.987139019027251 0.000012585399071394963
vn 0.15986418284132414 -0.987139019027251 0.000012585399071394963
vn 0.15986418284132414 -0.987139019027251 0.000012585399071394963
vn 0.15989470109413248 -0.9871340760123151 -0.000023180400063485735
vn 0.15989470109413248 -0.9871340760123151 -0.000023180400063485735
vn 0.15989470109413248 -0.9871340760123151 -0.000023180400063485735
vn 0.15987949027868395 -0.9871365399911205 -0.0000016085199331180185
vn 0.15987949027868395 -0.9871365399911205 -0.0000016085199331180185
vn 0.15987949027868395 -0.9871365399911205 -0.0000016085199331180185
vn 0.15986369427242916 -0.9871390982026256 -0.000007299230163205824
vn 0.15986369427242916 -0.9871390982026256 -0.000007299230163205824
vn 0.15986369427242916 -0.9871390982026256 -0.000007299230163205824
vn 0.15986788735036644 -0.9871384190793049 -0.000013104999576687887
vn 0.15986788735036644 -0.9871384190793049 -0.000013104999576687887
vn 0.15986788735036644 -0.9871384190793049 -0.000013104999576687887
vn 0.15983928909442968 -0.9871430501663909 0.00001303769945656495
vn 0.15983928909442968 -0.9871430501663909 0.00001303769945656495
vn 0.15983928909442968 -0.9871430501663909 0.00001303769945656495
vn 0.15986528555462734 -0.9871388403825437 -0.00001681499770201596
vn 0.15986528555462734 -0.9871388403825437 -0.00001681499770201596
vn 0.15986528555462734 -0.9871388403825437 -0.00001681499770201596
vn 0.15982799103330853 -0.9871448794999955 0.000012617298023825742
vn 0.15982799103330853 -0.9871448794999955 0.000012617298023825742
vn 0.15982799103330853 -0.9871448794999955 0.000012617298023825742
vn 0.15992100652776622 -0.9871298146295756 -0.000027212600086335443
vn 0.15992100652776622 -0.9871298146295756 -0.000027212600086335443
vn 0.15992100652776622 -0.9871298146295756 -0.000027212600086335443
vn 0.1598227916389972 -0.9871457208265126 0.0000335651966082912
vn 0.1598227916389972 -0.9871457208265126 0.0000335651966082912
vn 0.1598227916389972 -0.9871457208265126 0.0000335651966082912
vn 0.15992116618687024 -0.9871297883733599 -0.00003887669224511009
vn 0.15992116618687024 -0.9871297883733599 -0.00003887669224511009
vn 0.15992116618687024 -0.9871297883733599 -0.00003887669224511009
vn 0.15985809339902157 -0.987140004394992 0.000041205399800529
vn 0.15985809339902157 -0.987140004394992 0.000041205399800529
vn 0.15985809339902157 -0.987140004394992 0.000041205399800529
vn 0.15988589384344873 -0.987135502420372 -0.000028480898563769163
vn 0.15988589384344873 -0.987135502420372 -0.000028480898563769163
vn 0.15988589384344873 -0.987135502420372 -0.000028480898563769163
vn 0.15986619952198053 -0.9871386924211842 0.000013243599875653408
vn 0.15986619952198053 -0.9871386924211842 0.000013243599875653408
vn 0.15986619952198053 -0.9871386924211842 0.000013243599875653408
vn 0.15988828299368535 -0.9871351158382909 -0.000006344709640967959
vn 0.15988828299368535 -0.9871351158382909 -0.000006344709640967959
vn 0.15988828299368535 -0.9871351158382909 -0.000006344709640967959
vn 0.15988980168859235 -0.987134869865763 -0.0000033295400363940334
vn 0.15988980168859235 -0.987134869865763 -0.0000033295400363940334
vn 0.15988980168859235 -0.987134869865763 -0.0000033295400363940334
vn 0.15985730513637592 -0.9871401328601966 0.000009554510276480784
vn 0.15985730513637592 -0.9871401328601966 0.000009554510276480784
vn 0.15985730513637592 -0.9871401328601966 0.000009554510276480784
vn 0.15988948734716693 -0.9871349207217944 -0.000011288799068719371
vn 0.15988948734716693 -0.9871349207217944 -0.000011288799068719371
vn 0.15988948734716693 -0.9871349207217944 -0.000011288799068719371
vn 0.15989787858706006 -0.9871335614597899 -0.000016219397348355545
vn 0.15989787858706006 -0.9871335614597899 -0.000016219397348355545
vn 0.15989787858706006 -0.9871335614597899 -0.000016219397348355545
vn 0.15992790815168248 -0.9871286968699502 -0.000003171930145366979
vn 0.15992790815168248 -0.9871286968699502 -0.000003171930145366979
vn 0.15992790815168248 -0.9871286968699502 -0.000003171930145366979
vn 0.15990661321916086 -0.9871321467001152 0
vn 0.15990661321916086 -0.9871321467001152 0
vn 0.15990661321916086 -0.9871321467001152 0
vn 0.15992778257961848 -0.9871287172014027 0.000005956449408261577
vn 0.15992778257961848 -0.9871287172014027 0.000005956449408261577
vn 0.15992778257961848 -0.9871287172014027 0.000005956449408261577
vn 0.15991550753233952 -0.987130705817122 0.00000914684009654292
vn 0.15991550753233952 -0.987130705817122 0.00000914684009654292
vn 0.15991550753233952 -0.987130705817122 0.00000914684009654292
vn 0.15987709604760367 -0.9871369276007922 0.000018062497971862175
vn 0.15987709604760367 -0.9871369276007922 0.000018062497971862175
vn 0.15987709604760367 -0.9871369276007922 0.000018062497971862175
vn 0.15987010732947837 -0.9871380596362703 0
vn 0.15987010732947837 -0.9871380596362703 0
vn 0.15987010732947837 -0.9871380596362703 0
vn -0.1175176975565646 0.9731961714443949 0.19768359225534002
vn -0.1175176975565646 0.9731961714443949 0.19768359225534002
vn -0.1175176975565646 0.9731961714443949 0.19768359225534002
vn -0.13226118359168004 0.9498231177837577 0.2834484507603977
vn -0.13226118359168004 0.9498231177837577 0.2834484507603977
vn -0.13226118359168004 0.9498231177837577 0.2834484507603977
vn -0.1955304842793272 0.9607549073496474 0.19676848762203275
vn -0.1955304842793272 0.9607549073496474 0.19676848762203275
vn -0.1955304842793272 0.9607549073496474 0.19676848762203275
vn -0.18201291310533074 0.9493454564042952 0.2561532819766936
vn -0.18201291310533074 0.9493454564042952 0.2561532819766936
vn -0.18201291310533074 0.9493454564042952 0.2561532819766936
vn -0.9871381643366135 -0.15986938972396256 0.00015079598420153186
vn -0.9871381643366135 -0.15986938972396256 0.00015079598420153186
vn -0.9871381643366135 -0.15986938972396256 0.00015079598420153186
vn -0.9871356029075636 -0.15988518520942907 0.00017036099108348274
vn -0.9871356029075636 -0.15988518520942907 0.00017036099108348274
vn -0.9871356029075636 -0.15988518520942907 0.00017036099108348274
vn -0.9871392882121949 -0.15985968767314687 0.0009518009063122692
vn -0.9871392882121949 -0.15985968767314687 0.0009518009063122692
vn -0.9871392882121949 -0.15985968767314687 0.0009518009063122692
vn -0.9871379189180828 -0.1598681070904344 0.0009577940268742284
vn -0.9871379189180828 -0.1598681070904344 0.0009577940268742284
vn -0.9871379189180828 -0.1598681070904344 0.0009577940268742284
vn -0.9883041989666779 -0.15248498338761615 -0.001772045742039359
vn -0.9883041989666779 -0.15248498338761615 -0.001772045742039359
vn -0.9883041989666779 -0.15248498338761615 -0.001772045742039359
vn -0.9871241018208079 -0.15985389319312096 0.005721925852856975
vn -0.9871241018208079 -0.15985389319312096 0.005721925852856975
vn -0.9871241018208079 -0.15985389319312096 0.005721925852856975
vn -0.9116314740438786 -0.1470207884659247 -0.38381368304353447
vn -0.9116314740438786 -0.1470207884659247 -0.38381368304353447
vn -0.9116314740438786 -0.1470207884659247 -0.38381368304353447
vn -0.9085497845197631 -0.1514862028920064 -0.3893446023543337
vn -0.9085497845197631 -0.1514862028920064 -0.3893446023543337
vn -0.9085497845197631 -0.1514862028920064 -0.3893446023543337
vn -0.8100392028415911 -0.1282445012613371 -0.5721798998182219
vn -0.8100392028415911 -0.1282445012613371 -0.5721798998182219
vn -0.8100392028415911 -0.1282445012613371 -0.5721798998182219
vn -0.8124892048496248 -0.13592597729966563 -0.5669086528691859
vn -0.8124892048496248 -0.13592597729966563 -0.5669086528691859
vn -0.8124892048496248 -0.13592597729966563 -0.5669086528691859
vn -0.11392929709463417 -0.06244920361051852 -0.9915241864079436
vn -0.11392929709463417 -0.06244920361051852 -0.9915241864079436
vn -0.11392929709463417 -0.06244920361051852 -0.9915241864079436
vn 0.008889973035417916 0.05649185099207001 -0.9983634804773857
vn 0.008889973035417916 0.05649185099207001 -0.9983634804773857
vn 0.008889973035417916 0.05649185099207001 -0.9983634804773857
vn 0.07905839351616585 0.0016943808809289137 -0.9968685467442905
vn 0.07905839351616585 0.0016943808809289137 -0.9968685467442905
vn 0.07905839351616585 0.0016943808809289137 -0.9968685467442905
vn -0.4939395075683046 -0.07895570066773452 -0.865904013268935
vn -0.4939395075683046 -0.07895570066773452 -0.865904013268935
vn -0.4939395075683046 -0.07895570066773452 -0.865904013268935
vn -0.49394626889325866 -0.07895277674552845 -0.8659004229647882
vn -0.49394626889325866 -0.07895277674552845 -0.8659004229647882
vn -0.49394626889325866 -0.07895277674552845 -0.8659004229647882
vn -0.4945431963683038 -0.07912962909271593 -0.8655434874837142
vn -0.4945431963683038 -0.07912962909271593 -0.8655434874837142
vn -0.4945431963683038 -0.07912962909271593 -0.8655434874837142
vn -0.49259620946751165 -0.08076106763783387 -0.8665025241580296
vn -0.49259620946751165 -0.08076106763783387 -0.8665025241580296
vn -0.49259620946751165 -0.08076106763783387 -0.8665025241580296
vn -0.4877738276364688 -0.07933997232359333 -0.8693571543758986
vn -0.4877738276364688 -0.07933997232359333 -0.8693571543758986
vn -0.4877738276364688 -0.07933997232359333 -0.8693571543758986
vn -0.49655677423972544 -0.07154190016543535 -0.8650509386604681
vn -0.49655677423972544 -0.07154190016543535 -0.8650509386604681
vn -0.49655677423972544 -0.07154190016543535 -0.8650509386604681
vn 0.4909779834816472 0.08288036468057566 -0.8672205399358979
vn 0.4909779834816472 0.08288036468057566 -0.8672205399358979
vn 0.4909779834816472 0.08288036468057566 -0.8672205399358979
vn 0.4886694883077806 0.07916640546250266 -0.8688698472401711
vn 0.4886694883077806 0.07916640546250266 -0.8688698472401711
vn 0.4886694883077806 0.07916640546250266 -0.8688698472401711
vn 0.4927530659939524 0.07982872545130329 -0.8664997348795787
vn 0.4927530659939524 0.07982872545130329 -0.8664997348795787
vn 0.4927530659939524 0.07982872545130329 -0.8664997348795787
vn 0.49274758315592543 0.07981597018499575 -0.866504027802192
vn 0.49274758315592543 0.07981597018499575 -0.866504027802192
vn 0.49274758315592543 0.07981597018499575 -0.866504027802192
vn 0.49862709713347575 0.08076792221985443 -0.8630455148742335
vn 0.49862709713347575 0.08076792221985443 -0.8630455148742335
vn 0.49862709713347575 0.08076792221985443 -0.8630455148742335
vn 0.4955519536146927 0.07480673640430999 -0.8653509192559962
vn 0.4955519536146927 0.07480673640430999 -0.8653509192559962
vn 0.4955519536146927 0.07480673640430999 -0.8653509192559962
vn 0.8389735078772275 0.16814759086881953 -0.5175421149676537
vn 0.8389735078772275 0.16814759086881953 -0.5175421149676537
vn 0.8389735078772275 0.16814759086881953 -0.5175421149676537
vn 0.8688205029751338 0.10620008586535357 -0.48360363457301153
vn 0.8688205029751338 0.10620008586535357 -0.48360363457301153
vn 0.8688205029751338 0.10620008586535357 -0.48360363457301153
vn -0.009200095100557967 0.9912904394839854 -0.13137207784680816
vn -0.009200095100557967 0.9912904394839854 -0.13137207784680816
vn -0.009200095100557967 0.9912904394839854 -0.13137207784680816
vn 0.13767852126179214 0.9750618506464591 -0.17406611444238201
vn 0.13767852126179214 0.9750618506464591 -0.17406611444238201
vn 0.13767852126179214 0.9750618506464591 -0.17406611444238201
vn 0.0356251008289908 0.9970576361112526 -0.06787431372150553
vn 0.0356251008289908 0.9970576361112526 -0.06787431372150553
vn 0.0356251008289908 0.9970576361112526 -0.06787431372150553
vn 0.9829098510181937 0.18250278994705393 -0.02410303783621166
vn 0.9829098510181937 0.18250278994705393 -0.02410303783621166
vn 0.9829098510181937 0.18250278994705393 -0.02410303783621166
vn 0.9869962972456753 0.1607349819788033 -0.0016046157174677098
vn 0.9869962972456753 0.1607349819788033 -0.0016046157174677098
vn 0.9869962972456753 0.1607349819788033 -0.0016046157174677098
vn 0.986985639764249 0.16080560049638556 -0.0009517080187713623
vn 0.986985639764249 0.16080560049638556 -0.0009517080187713623
vn 0.986985639764249 0.16080560049638556 -0.0009517080187713623
vn 0.9872903159982314 0.15892428050537702 0.0009513159100737743
vn 0.9872903159982314 0.15892428050537702 0.0009513159100737743
vn 0.9872903159982314 0.15892428050537702 0.0009513159100737743
vn 0.987303149710095 0.15884721471099894 0.00023011102444565364
vn 0.987303149710095 0.15884721471099894 0.00023011102444565364
vn 0.987303149710095 0.15884721471099894 0.00023011102444565364
vn 0.9881672897611717 0.15325659573059486 0.006150065945158386
vn 0.9881672897611717 0.15325659573059486 0.006150065945158386
vn 0.9881672897611717 0.15325659573059486 0.006150065945158386
vn -0.14588590257860218 0.9283558911849077 -0.3418664106505672
vn -0.14588590257860218 0.9283558911849077 -0.3418664106505672
vn -0.14588590257860218 0.9283558911849077 -0.3418664106505672
vn -0.11858898482732079 0.9722436137236213 -0.2016903771905322
vn -0.11858898482732079 0.9722436137236213 -0.2016903771905322
vn -0.11858898482732079 0.9722436137236213 -0.2016903771905322
vn -0.8013757087480698 -0.1689541087444578 0.5738043939940637
vn -0.8013757087480698 -0.1689541087444578 0.5738043939940637
vn -0.8013757087480698 -0.1689541087444578 0.5738043939940637
vn -0.873604586381551 -0.08156918647667545 0.4797514924110737
vn -0.873604586381551 -0.08156918647667545 0.4797514924110737
vn -0.873604586381551 -0.08156918647667545 0.4797514924110737
vn -0.9047669360573434 -0.16577239679563788 0.392321684180261
vn -0.9047669360573434 -0.16577239679563788 0.392321684180261
vn -0.9047669360573434 -0.16577239679563788 0.392321684180261
vn 0.031908687753894424 0.9974034004398026 0.06456231437102664
vn 0.031908687753894424 0.9974034004398026 0.06456231437102664
vn 0.031908687753894424 0.9974034004398026 0.06456231437102664
vn 0.09951304049486881 0.9873687773958548 0.12328849173901635
vn 0.09951304049486881 0.9873687773958548 0.12328849173901635
vn 0.09951304049486881 0.9873687773958548 0.12328849173901635
vn 0.00430691202423879 0.9901365793463752 0.14003929716002805
vn 0.00430691202423879 0.9901365793463752 0.14003929716002805
vn 0.00430691202423879 0.9901365793463752 0.14003929716002805
vn 0.047154475737693144 0.9868956361892283 0.1543160999006975
vn 0.047154475737693144 0.9868956361892283 0.1543160999006975
vn 0.047154475737693144 0.9868956361892283 0.1543160999006975
vn 0.11994340610462229 0.010390630286173158 0.9927263541048347
vn 0.11994340610462229 0.010390630286173158 0.9927263541048347
vn 0.11994340610462229 0.010390630286173158 0.9927263541048347
vn 0.07391136335824602 0.03793894972776051 0.9965428974510229
vn 0.07391136335824602 0.03793894972776051 0.9965428974510229
vn 0.07391136335824602 0.03793894972776051 0.9965428974510229
vn -0.12274887892023077 -0.013519817670461221 0.9923456692372795
vn -0.12274887892023077 -0.013519817670461221 0.9923456692372795
vn -0.12274887892023077 -0.013519817670461221 0.9923456692372795
vn -0.0837697318229779 -0.03570156942521396 0.995845384570759
vn -0.0837697318229779 -0.03570156942521396 0.995845384570759
vn -0.0837697318229779 -0.03570156942521396 0.995845384570759
vn 0.9931445789991027 0.10697688240075127 -0.04711466689377001
vn 0.9931445789991027 0.10697688240075127 -0.04711466689377001
vn 0.9931445789991027 0.10697688240075127 -0.04711466689377001
vn -0.07895873480362084 -0.0017105338614964343 -0.9968764177530333
vn -0.07895873480362084 -0.0017105338614964343 -0.9968764177530333
vn -0.07895873480362084 -0.0017105338614964343 -0.9968764177530333
vn -0.09723865477198253 -0.028475939057109906 -0.9948536399455705
vn -0.09723865477198253 -0.028475939057109906 -0.9948536399455705
vn -0.09723865477198253 -0.028475939057109906 -0.9948536399455705
vn -0.9807955345346527 -0.12388918198517443 -0.15063727966187176
vn -0.9807955345346527 -0.12388918198517443 -0.15063727966187176
vn -0.9807955345346527 -0.12388918198517443 -0.15063727966187176
vn 0.24328477805757417 0.06856768613542032 -0.9675282885701645
vn 0.24328477805757417 0.06856768613542032 -0.9675282885701645
vn 0.24328477805757417 0.06856768613542032 -0.9675282885701645
vn 0.20409458280119738 0.023739268310573703 -0.9786632967529147
vn 0.20409458280119738 0.023739268310573703 -0.9786632967529147
vn 0.20409458280119738 0.023739268310573703 -0.9786632967529147
vn -0.9426359587647847 -0.20132067913581975 -0.26628449710016444
vn -0.9426359587647847 -0.20132067913581975 -0.26628449710016444
vn -0.9426359587647847 -0.20132067913581975 -0.26628449710016444
vn 0.45754003746618743 0.03208701700628395 -0.8886098904778622
vn 0.45754003746618743 0.03208701700628395 -0.8886098904778622
vn 0.45754003746618743 0.03208701700628395 -0.8886098904778622
vn -0.8802144159384176 -0.09966318567457155 -0.46399335274913805
vn -0.8802144159384176 -0.09966318567457155 -0.46399335274913805
vn -0.8802144159384176 -0.09966318567457155 -0.46399335274913805
vn 0.5577755714263655 0.14146638281410934 -0.8178469749613818
vn 0.5577755714263655 0.14146638281410934 -0.8178469749613818
vn 0.5577755714263655 0.14146638281410934 -0.8178469749613818
vn -0.7745947039613265 -0.1799356890445079 -0.6063218554556181
vn -0.7745947039613265 -0.1799356890445079 -0.6063218554556181
vn -0.7745947039613265 -0.1799356890445079 -0.6063218554556181
vn -0.7178711865612674 -0.07985507668432544 -0.691580889146641
vn -0.7178711865612674 -0.07985507668432544 -0.691580889146641
vn -0.7178711865612674 -0.07985507668432544 -0.691580889146641
vn 0.717974076720692 0.07905708363344978 -0.6915657616484809
vn 0.717974076720692 0.07905708363344978 -0.6915657616484809
vn 0.717974076720692 0.07905708363344978 -0.6915657616484809
vn 0.7859736903461355 0.15986918365484026 -0.5972329547180163
vn 0.7859736903461355 0.15986918365484026 -0.5972329547180163
vn 0.7859736903461355 0.15986918365484026 -0.5972329547180163
vn 0.8879453737309293 0.09880309771672234 -0.4492114882228859
vn 0.8879453737309293 0.09880309771672234 -0.4492114882228859
vn 0.8879453737309293 0.09880309771672234 -0.4492114882228859
vn -0.42990780484551355 -0.055985548393750764 -0.9011353381728866
vn -0.42990780484551355 -0.055985548393750764 -0.9011353381728866
vn -0.42990780484551355 -0.055985548393750764 -0.9011353381728866
vn -0.45487446850778707 -0.10290399478331862 -0.884590292597309
vn -0.45487446850778707 -0.10290399478331862 -0.884590292597309
vn -0.45487446850778707 -0.10290399478331862 -0.884590292597309
vn 0.9256294776126162 0.21019570098868975 -0.3146868879703578
vn 0.9256294776126162 0.21019570098868975 -0.3146868879703578
vn 0.9256294776126162 0.21019570098868975 -0.3146868879703578
vn 0.1952480985151042 -0.9584615892081434 -0.20791719995910973
vn 0.1952480985151042 -0.9584615892081434 -0.20791719995910973
vn 0.1952480985151042 -0.9584615892081434 -0.20791719995910973
vn 0.1757785826957351 -0.9424830675317545 -0.284301877027594
vn 0.1757785826957351 -0.9424830675317545 -0.284301877027594
vn 0.1757785826957351 -0.9424830675317545 -0.284301877027594
vn 0.11667539158272999 -0.9705493432652871 -0.21076248548149296
vn 0.11667539158272999 -0.9705493432652871 -0.21076248548149296
vn 0.11667539158272999 -0.9705493432652871 -0.21076248548149296
vn 0.12347809767597784 -0.959268077355614 -0.2540824967619478
vn 0.12347809767597784 -0.959268077355614 -0.2540824967619478
vn 0.12347809767597784 -0.959268077355614 -0.2540824967619478
vn -0.34436315328201217 0.9366332300749312 -0.0642822757925584
vn -0.34436315328201217 0.9366332300749312 -0.0642822757925584
vn -0.34436315328201217 0.9366332300749312 -0.0642822757925584
vn -0.3872941839742293 0.9160908714504777 -0.10383029569850923
vn -0.3872941839742293 0.9160908714504777 -0.10383029569850923
vn -0.3872941839742293 0.9160908714504777 -0.10383029569850923
vn -0.38471009495332836 0.9086676043451264 -0.16223849005303895
vn -0.38471009495332836 0.9086676043451264 -0.16223849005303895
vn -0.38471009495332836 0.9086676043451264 -0.16223849005303895
vn -0.3140206962589198 0.9393699257608404 -0.1377502990818386
vn -0.3140206962589198 0.9393699257608404 -0.1377502990818386
vn -0.3140206962589198 0.9393699257608404 -0.1377502990818386
vn 0.007211922756673362 -0.9910813691988974 -0.13306279644209643
vn 0.007211922756673362 -0.9910813691988974 -0.13306279644209643
vn 0.007211922756673362 -0.9910813691988974 -0.13306279644209643
vn -0.07849836565432614 -0.9839717420420491 -0.16011751138565336
vn -0.07849836565432614 -0.9839717420420491 -0.16011751138565336
vn -0.07849836565432614 -0.9839717420420491 -0.16011751138565336
vn -0.031119156570224772 -0.9974454026505812 -0.06429826456116769
vn -0.031119156570224772 -0.9974454026505812 -0.06429826456116769
vn -0.031119156570224772 -0.9974454026505812 -0.06429826456116769
vn -0.07821684397744166 -0.9915120686639952 -0.10385539471714171
vn -0.07821684397744166 -0.9915120686639952 -0.10385539471714171
vn -0.07821684397744166 -0.9915120686639952 -0.10385539471714171
vn -0.1952480693364279 0.9611567355194159 -0.19507926898073172
vn -0.1952480693364279 0.9611567355194159 -0.19507926898073172
vn -0.1952480693364279 0.9611567355194159 -0.19507926898073172
vn 0.1423091002534984 -0.01368342999780671 0.9897276816016287
vn 0.1423091002534984 -0.01368342999780671 0.9897276816016287
vn 0.1423091002534984 -0.01368342999780671 0.9897276816016287
vn -0.9837350927889404 -0.13612249607829396 0.11720039793852853
vn -0.9837350927889404 -0.13612249607829396 0.11720039793852853
vn -0.9837350927889404 -0.13612249607829396 0.11720039793852853
vn 0.0424855275076092 0.06216805773488465 0.9971610263893551
vn 0.0424855275076092 0.06216805773488465 0.9971610263893551
vn 0.0424855275076092 0.06216805773488465 0.9971610263893551
vn -0.9825808085376768 -0.18237409507063596 0.03570215876682952
vn -0.9825808085376768 -0.18237409507063596 0.03570215876682952
vn -0.9825808085376768 -0.18237409507063596 0.03570215876682952
vn 0.98447770681594 0.1739688082788212 0.023205571065476233
vn 0.98447770681594 0.1739688082788212 0.023205571065476233
vn 0.98447770681594 0.1739688082788212 0.023205571065476233
vn 0.9445796534836278 0.15902988487915923 0.2871911801223555
vn 0.9445796534836278 0.15902988487915923 0.2871911801223555
vn 0.9445796534836278 0.15902988487915923 0.2871911801223555
vn -0.26542508984994356 -0.09827994696994967 0.9591092605651002
vn -0.26542508984994356 -0.09827994696994967 0.9591092605651002
vn -0.26542508984994356 -0.09827994696994967 0.9591092605651002
vn 0.9366886112452733 0.11569618548270223 0.33049786418092525
vn 0.9366886112452733 0.11569618548270223 0.33049786418092525
vn 0.9366886112452733 0.11569618548270223 0.33049786418092525
vn -0.3892757201102174 0.001446962088253655 0.9211201441904234
vn -0.3892757201102174 0.001446962088253655 0.9211201441904234
vn -0.3892757201102174 0.001446962088253655 0.9211201441904234
vn 0.8237830954841916 0.1691520950582233 0.5410813065814576
vn 0.8237830954841916 0.1691520950582233 0.5410813065814576
vn 0.8237830954841916 0.1691520950582233 0.5410813065814576
vn -0.599189026196893 -0.15594978192039152 0.7852720397443177
vn -0.599189026196893 -0.15594978192039152 0.7852720397443177
vn -0.599189026196893 -0.15594978192039152 0.7852720397443177
vn 0.7511147932363196 0.07447289750481854 0.655957586219412
vn 0.7511147932363196 0.07447289750481854 0.655957586219412
vn 0.7511147932363196 0.07447289750481854 0.655957586219412
vn 0.6629896635063266 0.1367194924819271 0.7360383729529678
vn 0.6629896635063266 0.1367194924819271 0.7360383729529678
vn 0.6629896635063266 0.1367194924819271 0.7360383729529678
vn -0.7347184478883482 -0.06657784485864618 0.6750971729362482
vn -0.7347184478883482 -0.06657784485864618 0.6750971729362482
vn -0.7347184478883482 -0.06657784485864618 0.6750971729362482
vn -0.8161236732549698 -0.17009359783147102 0.5522773921948654
vn -0.8161236732549698 -0.17009359783147102 0.5522773921948654
vn -0.8161236732549698 -0.17009359783147102 0.5522773921948654
vn 0.41288836995166517 0.08947252309830148 0.90637622517864
vn 0.41288836995166517 0.08947252309830148 0.90637622517864
vn 0.41288836995166517 0.08947252309830148 0.90637622517864
vn 0.4626487747876335 0.05234908635684358 0.8849947369024888
vn 0.4626487747876335 0.05234908635684358 0.8849947369024888
vn 0.4626487747876335 0.05234908635684358 0.8849947369024888
vn -0.9104391859457043 -0.10954499901877002 0.3988738922071751
vn -0.9104391859457043 -0.10954499901877002 0.3988738922071751
vn -0.9104391859457043 -0.10954499901877002 0.3988738922071751
vn -0.9402355642006199 -0.18318139192529004 0.28705689586675176
vn -0.9402355642006199 -0.18318139192529004 0.28705689586675176
vn -0.9402355642006199 -0.18318139192529004 0.28705689586675176
vn 0.3426881698205875 -0.9372875601977934 -0.06369338869525029
vn 0.3426881698205875 -0.9372875601977934 -0.06369338869525029
vn 0.3426881698205875 -0.9372875601977934 -0.06369338869525029
vn 0.4446691667590447 -0.8799435684173303 -0.16723829864834183
vn 0.4446691667590447 -0.8799435684173303 -0.16723829864834183
vn 0.4446691667590447 -0.8799435684173303 -0.16723829864834183
vn 0.30418428529371117 -0.9435124319957535 -0.13136289906138995
vn 0.30418428529371117 -0.9435124319957535 -0.13136289906138995
vn 0.30418428529371117 -0.9435124319957535 -0.13136289906138995
vn -0.8726327182860559 -0.42411776228075754 0.24214925705988047
vn -0.8726327182860559 -0.42411776228075754 0.24214925705988047
vn -0.8726327182860559 -0.42411776228075754 0.24214925705988047
vn -0.9006813591842391 -0.3751729356818708 0.21913091418117667
vn -0.9006813591842391 -0.3751729356818708 0.21913091418117667
vn -0.9006813591842391 -0.3751729356818708 0.21913091418117667
vn 0.1465861802420089 -0.2690914580624162 0.9518940481796806
vn 0.1465861802420089 -0.2690914580624162 0.9518940481796806
vn 0.1465861802420089 -0.2690914580624162 0.9518940481796806
vn 0.9871177877380273 -0.15487329981974265 0.04015886121551455
vn 0.9871177877380273 -0.15487329981974265 0.04015886121551455
vn 0.9871177877380273 -0.15487329981974265 0.04015886121551455
vn 0.9920793526771616 -0.06557869004203648 0.10713539753057547
vn 0.9920793526771616 -0.06557869004203648 0.10713539753057547
vn 0.9920793526771616 -0.06557869004203648 0.10713539753057547
vn 0.10383020880956999 -0.21330700392553642 0.971452216948869
vn 0.10383020880956999 -0.21330700392553642 0.971452216948869
vn 0.10383020880956999 -0.21330700392553642 0.971452216948869
vn -0.1209172930100946 -0.31048212112926743 0.9428572854415359
vn -0.1209172930100946 -0.31048212112926743 0.9428572854415359
vn -0.1209172930100946 -0.31048212112926743 0.9428572854415359
vn 0.9395801071847516 -0.14817168201621098 0.3086006721171836
vn 0.9395801071847516 -0.14817168201621098 0.3086006721171836
vn 0.9395801071847516 -0.14817168201621098 0.3086006721171836
vn -0.16449569392840332 -0.25874317049621787 0.951836718350673
vn -0.16449569392840332 -0.25874317049621787 0.951836718350673
vn -0.16449569392840332 -0.25874317049621787 0.951836718350673
vn 0.9308831578789523 -0.07169908943200101 0.3582119302199905
vn 0.9308831578789523 -0.07169908943200101 0.3582119302199905
vn 0.9308831578789523 -0.07169908943200101 0.3582119302199905
vn -0.3754312227038525 -0.34970460543719056 0.8583461341178797
vn -0.3754312227038525 -0.34970460543719056 0.8583461341178797
vn -0.3754312227038525 -0.34970460543719056 0.8583461341178797
vn -0.4167694960030572 -0.30164089180542686 0.857505661551097
vn -0.4167694960030572 -0.30164089180542686 0.857505661551097
vn -0.4167694960030572 -0.30164089180542686 0.857505661551097
vn 0.8187117559481998 -0.16585847700728296 0.5497290480564402
vn 0.8187117559481998 -0.16585847700728296 0.5497290480564402
vn 0.8187117559481998 -0.16585847700728296 0.5497290480564402
vn 0.7976142585180402 -0.09519856954659826 0.5956078634177008
vn 0.7976142585180402 -0.09519856954659826 0.5956078634177008
vn 0.7976142585180402 -0.09519856954659826 0.5956078634177008
vn -0.5965713280557301 -0.38345238682091093 0.7050297281556069
vn -0.5965713280557301 -0.38345238682091093 0.7050297281556069
vn -0.5965713280557301 -0.38345238682091093 0.7050297281556069
vn -0.633112604947369 -0.3388500189864545 0.6959519337494767
vn -0.633112604947369 -0.3388500189864545 0.6959519337494767
vn -0.633112604947369 -0.3388500189864545 0.6959519337494767
vn 0.635925168362801 -0.19362389877036035 0.7470669086954049
vn 0.635925168362801 -0.19362389877036035 0.7470669086954049
vn 0.635925168362801 -0.19362389877036035 0.7470669086954049
vn 0.6045994731648129 -0.12831160368928368 0.7861269677396361
vn 0.6045994731648129 -0.12831160368928368 0.7861269677396361
vn 0.6045994731648129 -0.12831160368928368 0.7861269677396361
vn -0.7666755371224805 -0.40884596389801003 0.49502888661396616
vn -0.7666755371224805 -0.40884596389801003 0.49502888661396616
vn -0.7666755371224805 -0.40884596389801003 0.49502888661396616
vn 0.4057610512044289 -0.2289761833779721 0.8848321178456026
vn 0.4057610512044289 -0.2289761833779721 0.8848321178456026
vn 0.4057610512044289 -0.2289761833779721 0.8848321178456026
vn -0.7965704261062364 -0.3675885823501227 0.4799522792723834
vn -0.7965704261062364 -0.3675885823501227 0.4799522792723834
vn -0.7965704261062364 -0.3675885823501227 0.4799522792723834
vn 0.3671319819835925 -0.16871377996237533 0.9147402736600188
vn 0.3671319819835925 -0.16871377996237533 0.9147402736600188
vn 0.3671319819835925 -0.16871377996237533 0.9147402736600188
vn -0.943685427454646 -0.15127609911382528 0.29423350564924816
vn -0.943685427454646 -0.15127609911382528 0.29423350564924816
vn -0.943685427454646 -0.15127609911382528 0.29423350564924816
vn 0.17407599266923482 0.07203256411412566 0.9820941189536595
vn 0.17407599266923482 0.07203256411412566 0.9820941189536595
vn 0.17407599266923482 0.07203256411412566 0.9820941189536595
vn -0.9823148596758066 -0.18324227164984702 0.03846799111864166
vn -0.9823148596758066 -0.18324227164984702 0.03846799111864166
vn -0.9823148596758066 -0.18324227164984702 0.03846799111864166
vn 0.06230359899003471 -0.051808349804703384 0.9967116716700987
vn 0.06230359899003471 -0.051808349804703384 0.9967116716700987
vn 0.06230359899003471 -0.051808349804703384 0.9967116716700987
vn -0.12679298114251142 -0.025849038515234124 0.9915923391902707
vn -0.12679298114251142 -0.025849038515234124 0.9915923391902707
vn -0.12679298114251142 -0.025849038515234124 0.9915923391902707
vn 0.9810350882124016 0.1516489943770849 0.12071759689665885
vn 0.9810350882124016 0.1516489943770849 0.12071759689665885
vn 0.9810350882124016 0.1516489943770849 0.12071759689665885
vn 0.9682888353028352 0.1971932195326512 0.1534000182471519
vn 0.9682888353028352 0.1971932195326512 0.1534000182471519
vn 0.9682888353028352 0.1971932195326512 0.1534000182471519
vn -0.12885059444062938 -0.027029629854995466 0.9912955782319411
vn -0.12885059444062938 -0.027029629854995466 0.9912955782319411
vn -0.12885059444062938 -0.027029629854995466 0.9912955782319411
vn -0.2949480636277316 0.013701488841543994 0.9554150453942918
vn -0.2949480636277316 0.013701488841543994 0.9554150453942918
vn -0.2949480636277316 0.013701488841543994 0.9554150453942918
vn -0.3359993961248386 -0.033656000760576954 0.9412606862163891
vn -0.3359993961248386 -0.033656000760576954 0.9412606862163891
vn -0.3359993961248386 -0.033656000760576954 0.9412606862163891
vn 0.9003794642726387 0.16804109240177317 0.40134649815406975
vn 0.9003794642726387 0.16804109240177317 0.40134649815406975
vn 0.9003794642726387 0.16804109240177317 0.40134649815406975
vn 0.8907900934230587 0.10767369579043368 0.4414741042169601
vn 0.8907900934230587 0.10767369579043368 0.4414741042169601
vn 0.8907900934230587 0.10767369579043368 0.4414741042169601
vn 0.756308835188045 0.07246660264492404 0.6501888474263497
vn 0.756308835188045 0.07246660264492404 0.6501888474263497
vn 0.756308835188045 0.07246660264492404 0.6501888474263497
vn -0.5112376733260747 -0.0672429790055795 0.8568047753990384
vn -0.5112376733260747 -0.0672429790055795 0.8568047753990384
vn -0.5112376733260747 -0.0672429790055795 0.8568047753990384
vn -0.5767831124684221 -0.02535669655970977 0.8165036920374691
vn -0.5767831124684221 -0.02535669655970977 0.8165036920374691
vn -0.5767831124684221 -0.02535669655970977 0.8165036920374691
vn 0.8005975912595915 0.1367935956570542 0.5833789583594476
vn 0.8005975912595915 0.1367935956570542 0.5833789583594476
vn 0.8005975912595915 0.1367935956570542 0.5833789583594476
vn -0.6735547808035469 -0.16671030290307856 0.720091405422013
vn -0.6735547808035469 -0.16671030290307856 0.720091405422013
vn -0.6735547808035469 -0.16671030290307856 0.720091405422013
vn -0.7855413665945117 -0.1520905813980752 0.5998276555968576
vn -0.7855413665945117 -0.1520905813980752 0.5998276555968576
vn -0.7855413665945117 -0.1520905813980752 0.5998276555968576
vn 0.6178277182367555 0.10961510325256962 0.7786356270536898
vn 0.6178277182367555 0.10961510325256962 0.7786356270536898
vn 0.6178277182367555 0.10961510325256962 0.7786356270536898
vn 0.5897018948168045 0.06167160760120272 0.8052628689225362
vn 0.5897018948168045 0.06167160760120272 0.8052628689225362
vn 0.5897018948168045 0.06167160760120272 0.8052628689225362
vn -0.83459335185778 -0.2065306892533403 0.51068484550781
vn -0.83459335185778 -0.2065306892533403 0.51068484550781
vn -0.83459335185778 -0.2065306892533403 0.51068484550781
vn 0.4347450019446007 0.11053589432216672 0.893744146470671
vn 0.4347450019446007 0.11053589432216672 0.893744146470671
vn 0.4347450019446007 0.11053589432216672 0.893744146470671
vn -0.9086335325864887 -0.09827077415223588 0.40586692204085645
vn -0.9086335325864887 -0.09827077415223588 0.40586692204085645
vn -0.9086335325864887 -0.09827077415223588 0.40586692204085645
vn 0.33656102515393693 0.0061867232611828825 0.941641333418739
vn 0.33656102515393693 0.0061867232611828825 0.941641333418739
vn 0.33656102515393693 0.0061867232611828825 0.941641333418739
vn -0.9857874423854939 -0.09285519933486379 0.14000367992145604
vn -0.9857874423854939 -0.09285519933486379 0.14000367992145604
vn -0.9857874423854939 -0.09285519933486379 0.14000367992145604
vn -0.3121174004491435 0.9402541598463103 0.13603250798459232
vn -0.3121174004491435 0.9402541598463103 0.13603250798459232
vn -0.3121174004491435 0.9402541598463103 0.13603250798459232
vn -0.4409363300361212 0.8825914920932149 0.1631177824118189
vn -0.4409363300361212 0.8825914920932149 0.1631177824118189
vn -0.4409363300361212 0.8825914920932149 0.1631177824118189
vn -0.3478697016920921 0.9351015291450328 0.06761509325051765
vn -0.3478697016920921 0.9351015291450328 0.06761509325051765
vn -0.3478697016920921 0.9351015291450328 0.06761509325051765
vn -0.0473464064305773 -0.3665193973088004 0.9292049554293738
vn -0.0473464064305773 -0.3665193973088004 0.9292049554293738
vn -0.0473464064305773 -0.3665193973088004 0.9292049554293738
vn -0.5975039731671692 -0.7975011641908816 0.08355175140974343
vn -0.5975039731671692 -0.7975011641908816 0.08355175140974343
vn -0.5975039731671692 -0.7975011641908816 0.08355175140974343
vn 0.210594404092456 -0.8382505907003385 0.5029770811433428
vn 0.210594404092456 -0.8382505907003385 0.5029770811433428
vn 0.210594404092456 -0.8382505907003385 0.5029770811433428
vn 0.42257632603162576 -0.35212962817792703 0.8351251245393638
vn 0.42257632603162576 -0.35212962817792703 0.8351251245393638
vn 0.42257632603162576 -0.35212962817792703 0.8351251245393638
vn 0.39025759052865605 -0.75320659824844 0.529508105121896
vn 0.39025759052865605 -0.75320659824844 0.529508105121896
vn 0.39025759052865605 -0.75320659824844 0.529508105121896
vn -0.41721737157068217 -0.8718390417195507 0.256566463500565
vn -0.41721737157068217 -0.8718390417195507 0.256566463500565
vn -0.41721737157068217 -0.8718390417195507 0.256566463500565
vn 0.5875051786550842 -0.5578313630282977 0.586226778197183
vn 0.5875051786550842 -0.5578313630282977 0.586226778197183
vn 0.5875051786550842 -0.5578313630282977 0.586226778197183
vn 0.5842024606721476 -0.7805607215688996 0.22233408395575943
vn 0.5842024606721476 -0.7805607215688996 0.22233408395575943
vn 0.5842024606721476 -0.7805607215688996 0.22233408395575943
vn -0.09623740643798392 -0.9451046019783683 0.3122749636480652
vn -0.09623740643798392 -0.9451046019783683 0.3122749636480652
vn -0.09623740643798392 -0.9451046019783683 0.3122749636480652
vn 0.9325624141069133 -0.31347608676387156 0.1790533072084832
vn 0.9325624141069133 -0.31347608676387156 0.1790533072084832
vn 0.9325624141069133 -0.31347608676387156 0.1790533072084832
vn -0.37074597544604204 -0.21136938883991221 0.9043618762154919
vn -0.37074597544604204 -0.21136938883991221 0.9043618762154919
vn -0.37074597544604204 -0.21136938883991221 0.9043618762154919
vn 0.6408770254216092 -0.7652597034118614 0.060450182966967275
vn 0.6408770254216092 -0.7652597034118614 0.060450182966967275
vn 0.6408770254216092 -0.7652597034118614 0.060450182966967275
vn -0.0046761626487765474 -0.8774913991358776 0.4795695757087203
vn -0.0046761626487765474 -0.8774913991358776 0.4795695757087203
vn -0.0046761626487765474 -0.8774913991358776 0.4795695757087203
vn 0.8892687871488212 0.15593127408885407 0.42998425780938915
vn 0.8892687871488212 0.15593127408885407 0.42998425780938915
vn 0.8892687871488212 0.15593127408885407 0.42998425780938915
vn 0.8709589692168844 0.08604954783110703 0.4837622858995154
vn 0.8709589692168844 0.08604954783110703 0.4837622858995154
vn 0.8709589692168844 0.08604954783110703 0.4837622858995154
vn 0.7802494982332512 0.1704057055639996 0.6018077899279763
vn 0.7802494982332512 0.1704057055639996 0.6018077899279763
vn 0.7802494982332512 0.1704057055639996 0.6018077899279763
vn 0.11759339003950656 -0.9732637182736283 0.1973056748074119
vn 0.11759339003950656 -0.9732637182736283 0.1973056748074119
vn 0.11759339003950656 -0.9732637182736283 0.1973056748074119
vn 0.13121609067697237 -0.9511692886527502 0.2793909838761331
vn 0.13121609067697237 -0.9511692886527502 0.2793909838761331
vn 0.13121609067697237 -0.9511692886527502 0.2793909838761331
vn -0.08850805294772648 -0.10807639156952496 0.9901948384781214
vn -0.08850805294772648 -0.10807639156952496 0.9901948384781214
vn -0.08850805294772648 -0.10807639156952496 0.9901948384781214
vn 0.9615066001595028 0.25897675618268723 0.09184823137549665
vn 0.9615066001595028 0.25897675618268723 0.09184823137549665
vn 0.9615066001595028 0.25897675618268723 0.09184823137549665
vn -0.33253381192720965 0.03225332178055843 0.942539647526447
vn -0.33253381192720965 0.03225332178055843 0.942539647526447
vn -0.33253381192720965 0.03225332178055843 0.942539647526447
vn 0.9762581948221691 0.08086579843694103 0.20094939583316876
vn 0.9762581948221691 0.08086579843694103 0.20094939583316876
vn 0.9762581948221691 0.08086579843694103 0.20094939583316876
vn -0.38386102945538675 -0.15008616226414564 0.9111118778516012
vn -0.38386102945538675 -0.15008616226414564 0.9111118778516012
vn -0.38386102945538675 -0.15008616226414564 0.9111118778516012
vn 0.8912024993376007 0.2326721969789946 0.3893863812813461
vn 0.8912024993376007 0.2326721969789946 0.3893863812813461
vn 0.8912024993376007 0.2326721969789946 0.3893863812813461
vn -0.593266016310351 -0.009295701143686629 0.8049528084499695
vn -0.593266016310351 -0.009295701143686629 0.8049528084499695
vn -0.593266016310351 -0.009295701143686629 0.8049528084499695
vn 0.8808330418351535 0.050544437714665505 0.4707211618650035
vn 0.8808330418351535 0.050544437714665505 0.4707211618650035
vn 0.8808330418351535 0.050544437714665505 0.4707211618650035
vn -0.6311088151836585 -0.1783163979703758 0.7549204763498931
vn -0.6311088151836585 -0.1783163979703758 0.7549204763498931
vn -0.6311088151836585 -0.1783163979703758 0.7549204763498931
vn 0.7519779904920152 0.13457639700718915 0.6453048079660915
vn 0.7519779904920152 0.13457639700718915 0.6453048079660915
vn 0.7519779904920152 0.13457639700718915 0.6453048079660915
vn 0.7495164289681479 0.11578259639508004 0.6517817986710348
vn 0.7495164289681479 0.11578259639508004 0.6517817986710348
vn 0.7495164289681479 0.11578259639508004 0.6517817986710348
vn -0.7925434369232428 -0.12078039739300828 0.5977348878854915
vn -0.7925434369232428 -0.12078039739300828 0.5977348878854915
vn -0.7925434369232428 -0.12078039739300828 0.5977348878854915
vn -0.7921212575674952 -0.11672379459776673 0.599098880890616
vn -0.7921212575674952 -0.11672379459776673 0.599098880890616
vn -0.7921212575674952 -0.11672379459776673 0.599098880890616
vn 0.6672985788998805 -0.018469030688651415 0.7445612812278258
vn 0.6672985788998805 -0.018469030688651415 0.7445612812278258
vn 0.6672985788998805 -0.018469030688651415 0.7445612812278258
vn 0.5127336336811574 0.1883153898490566 0.8376404567820936
vn 0.5127336336811574 0.1883153898490566 0.8376404567820936
vn 0.5127336336811574 0.1883153898490566 0.8376404567820936
vn -0.8472615321159508 -0.2789675540937405 0.4520232294467704
vn -0.8472615321159508 -0.2789675540937405 0.4520232294467704
vn -0.8472615321159508 -0.2789675540937405 0.4520232294467704
vn -0.9467160036527806 -0.021607626071635598 0.3213439262274246
vn -0.9467160036527806 -0.021607626071635598 0.3213439262274246
vn -0.9467160036527806 -0.021607626071635598 0.3213439262274246
vn 0.40590695475990873 -0.0384643570944186 0.9131046146586109
vn 0.40590695475990873 -0.0384643570944186 0.9131046146586109
vn 0.40590695475990873 -0.0384643570944186 0.9131046146586109
vn 0.24483508286353806 0.1449323023073786 0.9586711688306304
vn 0.24483508286353806 0.1449323023073786 0.9586711688306304
vn 0.24483508286353806 0.1449323023073786 0.9586711688306304
vn -0.947345152736516 -0.3047943461969559 0.09817111649053184
vn -0.947345152736516 -0.3047943461969559 0.09817111649053184
vn -0.947345152736516 -0.3047943461969559 0.09817111649053184
vn 0.1180000998415505 -0.09330719143736804 0.9886201214134044
vn 0.1180000998415505 -0.09330719143736804 0.9886201214134044
vn 0.1180000998415505 -0.09330719143736804 0.9886201214134044
vn -0.03406571572199482 0.02047037877224343 0.9992099331998602
vn -0.03406571572199482 0.02047037877224343 0.9992099331998602
vn -0.03406571572199482 0.02047037877224343 0.9992099331998602
vn 0.3041628835650521 -0.9435207652883245 0.13135260077793276
vn 0.3041628835650521 -0.9435207652883245 0.13135260077793276
vn 0.3041628835650521 -0.9435207652883245 0.13135260077793276
vn 0.4446584513395025 -0.8799798352196891 0.16707588473230958
vn 0.4446584513395025 -0.8799798352196891 0.16707588473230958
vn 0.4446584513395025 -0.8799798352196891 0.16707588473230958
vn 0.34781634274965323 -0.9351237869115601 0.06758176431878032
vn 0.34781634274965323 -0.9351237869115601 0.06758176431878032
vn 0.34781634274965323 -0.9351237869115601 0.06758176431878032
vn -0.10981569599161799 0.38786948292285356 0.9151490464022976
vn -0.10981569599161799 0.38786948292285356 0.9151490464022976
vn -0.10981569599161799 0.38786948292285356 0.9151490464022976
vn -0.16593988167478085 0.34695815888896414 0.9230839569888214
vn -0.16593988167478085 0.34695815888896414 0.9230839569888214
vn -0.16593988167478085 0.34695815888896414 0.9230839569888214
vn 0.8441784570201118 0.5265054224174734 0.10077089296091815
vn 0.8441784570201118 0.5265054224174734 0.10077089296091815
vn 0.8441784570201118 0.5265054224174734 0.10077089296091815
vn -0.19833316817547403 0.2866684710379869 0.9372753822192398
vn -0.19833316817547403 0.2866684710379869 0.9372753822192398
vn -0.19833316817547403 0.2866684710379869 0.9372753822192398
vn 0.8810727038516388 0.4331828374609636 0.18990397535815495
vn 0.8810727038516388 0.4331828374609636 0.18990397535815495
vn 0.8810727038516388 0.4331828374609636 0.18990397535815495
vn -0.2963514662822058 0.3618714854348795 0.8838692417216137
vn -0.2963514662822058 0.3618714854348795 0.8838692417216137
vn -0.2963514662822058 0.3618714854348795 0.8838692417216137
vn 0.8685677704504453 0.4646376699852762 0.1723422866431688
vn 0.8685677704504453 0.4646376699852762 0.1723422866431688
vn 0.8685677704504453 0.4646376699852762 0.1723422866431688
vn -0.37485639028353474 0.35476268064169647 0.8565197762384217
vn -0.37485639028353474 0.35476268064169647 0.8565197762384217
vn -0.37485639028353474 0.35476268064169647 0.8565197762384217
vn 0.7785528426273486 0.547342845580044 0.307036285525368
vn 0.7785528426273486 0.547342845580044 0.307036285525368
vn 0.7785528426273486 0.547342845580044 0.307036285525368
vn -0.49065052241240475 0.28394099362973946 0.8237958345324347
vn -0.49065052241240475 0.28394099362973946 0.8237958345324347
vn -0.49065052241240475 0.28394099362973946 0.8237958345324347
vn -0.4699253000667433 0.25121479471616004 0.8462040766108958
vn -0.4699253000667433 0.25121479471616004 0.8462040766108958
vn -0.4699253000667433 0.25121479471616004 0.8462040766108958
vn 0.7649300094047171 0.4675473866174589 0.4430367050022873
vn 0.7649300094047171 0.4675473866174589 0.4430367050022873
vn 0.7649300094047171 0.4675473866174589 0.4430367050022873
vn 0.7679993414956012 0.45090406573638814 0.45482143195403363
vn 0.7679993414956012 0.45090406573638814 0.45482143195403363
vn 0.7679993414956012 0.45090406573638814 0.45482143195403363
vn 0.6584537664340209 0.5208869607327804 0.5432452591669977
vn 0.6584537664340209 0.5208869607327804 0.5432452591669977
vn 0.6584537664340209 0.5208869607327804 0.5432452591669977
vn -0.6043391083202578 0.3210585040563254 0.7291746561200478
vn -0.6043391083202578 0.3210585040563254 0.7291746561200478
vn -0.6043391083202578 0.3210585040563254 0.7291746561200478
vn 0.6003060339858017 0.45205527536315504 0.6597565411396688
vn 0.6003060339858017 0.45205527536315504 0.6597565411396688
vn 0.6003060339858017 0.45205527536315504 0.6597565411396688
vn -0.7098330776937501 0.2371950123327584 0.6632311270863883
vn -0.7098330776937501 0.2371950123327584 0.6632311270863883
vn -0.7098330776937501 0.2371950123327584 0.6632311270863883
vn -0.7016992431092537 0.21543976241224624 0.6791199312283916
vn -0.7016992431092537 0.21543976241224624 0.6791199312283916
vn -0.7016992431092537 0.21543976241224624 0.6791199312283916
vn 0.5948158397491057 0.4178422615616575 0.6867328164844066
vn 0.5948158397491057 0.4178422615616575 0.6867328164844066
vn 0.5948158397491057 0.4178422615616575 0.6867328164844066
vn 0.5266362417523333 0.4724031378765173 0.7067457422562927
vn 0.5266362417523333 0.4724031378765173 0.7067457422562927
vn 0.5266362417523333 0.4724031378765173 0.7067457422562927
vn -0.7583944194969521 0.2937879857883212 0.5818303222437983
vn -0.7583944194969521 0.2937879857883212 0.5818303222437983
vn -0.7583944194969521 0.2937879857883212 0.5818303222437983
vn 0.417625855959572 0.47257976043013505 0.7760521982868361
vn 0.417625855959572 0.47257976043013505 0.7760521982868361
vn 0.417625855959572 0.47257976043013505 0.7760521982868361
vn -0.8408451168990213 0.2526133683140099 0.47871283201531345
vn -0.8408451168990213 0.2526133683140099 0.47871283201531345
vn -0.8408451168990213 0.2526133683140099 0.47871283201531345
vn -0.8745469888258541 0.17763729071053766 0.451234481489005
vn -0.8745469888258541 0.17763729071053766 0.451234481489005
vn -0.8745469888258541 0.17763729071053766 0.451234481489005
vn 0.3605039680210768 0.3731836639790871 0.8548513566581047
vn 0.3605039680210768 0.3731836639790871 0.8548513566581047
vn 0.3605039680210768 0.3731836639790871 0.8548513566581047
vn 0.3239316905467616 0.40814408220961573 0.8535143045179662
vn 0.3239316905467616 0.40814408220961573 0.8535143045179662
vn 0.3239316905467616 0.40814408220961573 0.8535143045179662
vn -0.9013146163975286 0.2565726042346701 0.34900209315191094
vn -0.9013146163975286 0.2565726042346701 0.34900209315191094
vn -0.9013146163975286 0.2565726042346701 0.34900209315191094
vn 0.17482959148211477 0.4511398779933802 0.8751613705062142
vn 0.17482959148211477 0.4511398779933802 0.8751613705062142
vn 0.17482959148211477 0.4511398779933802 0.8751613705062142
vn -0.9496035009439204 0.22558450769214294 0.21763460405997803
vn -0.9496035009439204 0.22558450769214294 0.21763460405997803
vn -0.9496035009439204 0.22558450769214294 0.21763460405997803
vn -0.9596015210840957 0.19720000020227627 0.20069150618128373
vn -0.9596015210840957 0.19720000020227627 0.20069150618128373
vn -0.9596015210840957 0.19720000020227627 0.20069150618128373
vn 0.08711194237740771 0.33144518697766867 0.9394443025132323
vn 0.08711194237740771 0.33144518697766867 0.9394443025132323
vn 0.08711194237740771 0.33144518697766867 0.9394443025132323
vn 0.051310177640224844 0.3666001540283138 0.928962643348453
vn 0.051310177640224844 0.3666001540283138 0.928962643348453
vn 0.051310177640224844 0.3666001540283138 0.928962643348453
vn -0.9676468572846519 0.2391877670973248 0.08030424433448247
vn -0.9676468572846519 0.2391877670973248 0.08030424433448247
vn -0.9676468572846519 0.2391877670973248 0.08030424433448247
vn -0.030781859026661102 0.395651989640399 0.9178845135682683
vn -0.030781859026661102 0.395651989640399 0.9178845135682683
vn -0.030781859026661102 0.395651989640399 0.9178845135682683
vn -0.9858008186032049 0.16735448213061124 0.0137558479217462
vn -0.9858008186032049 0.16735448213061124 0.0137558479217462
vn -0.9858008186032049 0.16735448213061124 0.0137558479217462
vn 0.39664756765142023 -0.9083322175173874 0.13267738954380182
vn 0.39664756765142023 -0.9083322175173874 0.13267738954380182
vn 0.39664756765142023 -0.9083322175173874 0.13267738954380182
f 1//1 2//2 3//3
f 4//4 5//5 6//6
f 7//7 8//8 9//9
f 10//10 11//11 12//12
f 13//13 14//14 15//15
f 16//16 17//17 18//18
f 19//19 20//20 21//21
f 22//22 23//23 24//24
f 25//25 26//26 27//27
f 28//28 29//29 30//30
f 31//31 32//32 33//33
f 34//34 35//35 36//36
f 37//37 38//38 39//39
f 40//40 41//41 42//42
f 43//43 44//44 45//45
f 46//46 47//47 48//48
f 49//49 50//50 51//51
f 52//52 53//53 54//54
f 55//55 56//56 57//57
f 58//58 59//59 60//60
f 61//61 62//62 63//63
f 64//64 65//65 66//66
f 67//67 68//68 69//69
f 70//70 71//71 72//72
f 73//73 74//74 75//75
f 76//76 77//77 78//78
f 79//79 80//80 81//81
f 82//82 83//83 84//84
f 85//85 86//86 87//87
f 88//88 89//89 90//90
f 91//91 92//92 93//93
f 94//94 95//95 96//96
f 97//97 98//98 99//99
f 100//100 101//101 102//102
f 103//103 104//104 105//105
f 106//106 107//107 108//108
f 109//109 110//110 111//111
f 112//112 113//113 114//114
f 115//115 116//116 117//117
f 118//118 119//119 120//120
f 121//121 122//122 123//123
f 124//124 125//125 126//126
f 127//127 128//128 129//129
f 130//130 131//131 132//132
f 133//133 134//134 135//135
f 136//136 137//137 138//138
f 139//139 140//140 141//141
f 142//142 143//143 144//144
f 145//145 146//146 147//147
f 148//148 149//149 150//150
f 151//151 152//152 153//153
f 154//154 155//155 156//156
f 157//157 158//158 159//159
f 160//160 161//161 162//162
f 163//163 164//164 165//165
f 166//166 167//167 168//168
f 169//169 170//170 171//171
f 172//172 173//173 174//174
f 175//175 176//176 177//177
f 178//178 179//179 180//180
f 181//181 182//182 183//183
f 184//184 185//185 186//186
f 187//187 188//188 189//189
f 190//190 191//191 192//192
f 193//193 194//194 195//195
f 196//196 197//197 198//198
f 199//199 200//200 201//201
f 202//202 203//203 204//204
f 205//205 206//206 207//207
f 208//208 209//209 210//210
f 211//211 212//212 213//213
f 214//214 215//215 216//216
f 217//217 218//218 219//219
f 220//220 221//221 222//222
f 223//223 224//224 225//225
f 226//226 227//227 228//228
f 229//229 230//230 231//231
f 232//232 233//233 234//234
f 235//235 236//236 237//237
f 238//238 239//239 240//240
f 241//241 242//242 243//243
f 244//244 245//245 246//246
f 247//247 248//248 249//249
f 250//250 251//251 252//252
f 253//253 254//254 255//255
f 256//256 257//257 258//258
f 259//259 260//260 261//261
f 262//262 263//263 264//264
f 265//265 266//266 267//267
f 268//268 269//269 270//270
f 271//271 272//272 273//273
f 274//274 275//275 276//276
f 277//277 278//278 279//279
f 280//280 281//281 282//282
f 283//283 284//284 285//285
f 286//286 287//287 288//288
f 289//289 290//290 291//291
f 292//292 293//293 294//294
f 295//295 296//296 297//297
f 298//298 299//299 300//300
f 301//301 302//302 303//303
f 304//304 305//305 306//306
f 307//307 308//308 309//309
f 310//310 311//311 312//312
f 313//313 314//314 315//315
f 316//316 317//317 318//318
f 319//319 320//320 321//321
f 322//322 323//323 324//324
f 325//325 326//326 327//327
f 328//328 329//329 330//330
f 331//331 332//332 333//333
f 334//334 335//335 336//336
f 337//337 338//338 339//339
f 340//340 341//341 342//342
f 343//343 344//344 345//345
f 346//346 347//347 348//348
f 349//349 350//350 351//351
f 352//352 353//353 354//354
f 355//355 356//356 357//357
f 358//358 359//359 360//360
f 361//361 362//362 363//363
f 364//364 365//365 366//366
f 367//367 368//368 369//369
f 370//370 371//371 372//372
f 373//373 374//374 375//375
f 376//376 377//377 378//378
f 379//379 380//380 381//381
f 382//382 383//383 384//384
f 385//385 386//386 387//387
f 388//388 389//389 390//390
f 391//391 392//392 393//393
f 394//394 395//395 396//396
f 397//397 398//398 399//399
f 400//400 401//401 402//402
f 403//403 404//404 405//405
f 406//406 407//407 408//408
f 409//409 410//410 411//411
f 412//412 413//413 414//414
f 415//415 416//416 417//417
f 418//418 419//419 420//420
f 421//421 422//422 423//423
f 424//424 425//425 426//426
f 427//427 428//428 429//429
f 430//430 431//431 432//432
f 433//433 434//434 435//435
f 436//436 437//437 438//438
f 439//439 440//440 441//441
f 442//442 443//443 444//444
f 445//445 446//446 447//447
f 448//448 449//449 450//450
f 451//451 452//452 453//453
f 454//454 455//455 456//456
f 457//457 458//458 459//459
f 460//460 461//461 462//462
f 463//463 464//464 465//465
f 466//466 467//467 468//468
f 469//469 470//470 471//471
f 472//472 473//473 474//474
f 475//475 476//476 477//477
f 478//478 479//479 480//480
f 481//481 482//482 483//483
f 484//484 485//485 486//486
f 487//487 488//488 489//489
f 490//490 491//491 492//492
f 493//493 494//494 495//495
f 496//496 497//497 498//498
f 499//499 500//500 501//501
f 502//502 503//503 504//504
f 505//505 506//506 507//507
f 508//508 509//509 510//510
f 511//511 512//512 513//513
f 514//514 515//515 516//516
f 517//517 518//518 519//519
f 520//520 521//521 522//522
f 523//523 524//524 525//525
f 526//526 527//527 528//528
f 529//529 530//530 531//531
f 532//532 533//533 534//534
f 535//535 536//536 537//537
f 538//538 539//539 540//540
f 541//541 542//542 543//543
f 544//544 545//545 546//546
f 547//547 548//548 549//549
f 550//550 551//551 552//552
f 553//553 554//554 555//555
f 556//556 557//557 558//558
f 559//559 560//560 561//561
f 562//562 563//563 564//564
f 565//565 566//566 567//567
f 568//568 569//569 570//570
f 571//571 572//572 573//573
f 574//574 575//575 576//576
f 577//577 578//578 579//579
f 580//580 581//581 582//582
f 583//583 584//584 585//585
f 586//586 587//587 588//588
f 589//589 590//590 591//591
f 592//592 593//593 594//594
f 595//595 596//596 597//597
f 598//598 599//599 600//600
f 601//601 602//602 603//603
f 604//604 605//605 606//606
f 607//607 608//608 609//609
f 610//610 611//611 612//612
f 613//613 614//614 615//615
f 616//616 617//617 618//618
f 619//619 620//620 621//621
f 622//622 623//623 624//624
f 625//625 626//626 627//627
f 628//628 629//629 630//630
f 631//631 632//632 633//633
f 634//634 635//635 636//636
f 637//637 638//638 639//639
f 640//640 641//641 642//642
f 643//643 644//644 645//645
f 646//646 647//647 648//648
f 649//649 650//650 651//651
f 652//652 653//653 654//654
f 655//655 656//656 657//657
f 658//658 659//659 660//660
f 661//661 662//662 663//663
f 664//664 665//665 666//666
f 667//667 668//668 669//669
f 670//670 671//671 672//672
f 673//673 674//674 675//675
f 676//676 677//677 678//678
f 679//679 680//680 681//681
f 682//682 683//683 684//684
f 685//685 686//686 687//687
f 688//688 689//689 690//690
f 691//691 692//692 693//693
f 694//694 695//695 696//696
f 697//697 698//698 699//699
f 700//700 701//701 702//702
f 703//703 704//704 705//705
f 706//706 707//707 708//708
f 709//709 710//710 711//711
f 712//712 713//713 714//714
f 715//715 716//716 717//717
f 718//718 719//719 720//720
f 721//721 722//722 723//723
f 724//724 725//725 726//726
f 727//727 728//728 729//729
f 730//730 731//731 732//732
f 733//733 734//734 735//735
f 736//736 737//737 738//738
f 739//739 740//740 741//741
f 742//742 743//743 744//744
f 745//745 746//746 747//747
f 748//748 749//749 750//750
f 751//751 752//752 753//753
f 754//754 755//755 756//756
f 757//757 758//758 759//759
f 760//760 761//761 762//762
f 763//763 764//764 765//765
f 766//766 767//767 768//768
f 769//769 770//770 771//771
f 772//772 773//773 774//774
f 775//775 776//776 777//777
f 778//778 779//779 780//780
f 781//781 782//782 783//783
f 784//784 785//785 786//786
f 787//787 788//788 789//789
f 790//790 791//791 792//792
f 793//793 794//794 795//795
f 796//796 797//797 798//798
f 799//799 800//800 801//801
f 802//802 803//803 804//804
f 805//805 806//806 807//807
f 808//808 809//809 810//810
f 811//811 812//812 813//813
f 814//814 815//815 816//816
f 817//817 818//818 819//819
f 820//820 821//821 822//822
f 823//823 824//824 825//825
f 826//826 827//827 828//828
f 829//829 830//830 831//831
f 832//832 833//833 834//834
f 835//835 836//836 837//837
f 838//838 839//839 840//840
f 841//841 842//842 843//843
f 844//844 845//845 846//846
f 847//847 848//848 849//849
f 850//850 851//851 852//852
f 853//853 854//854 855//855
f 856//856 857//857 858//858
f 859//859 860//860 861//861
f 862//862 863//863 864//864
f 865//865 866//866 867//867
f 868//868 869//869 870//870
f 871//871 872//872 873//873
f 874//874 875//875 876//876
f 877//877 878//878 879//879
f 880//880 881//881 882//882
f 883//883 884//884 885//885
f 886//886 887//887 888//888
f 889//889 890//890 891//891
f 892//892 893//893 894//894
f 895//895 896//896 897//897
f 898//898 899//899 900//900
f 901//901 902//902 903//903
f 904//904 905//905 906//906
f 907//907 908//908 909//909
f 910//910 911//911 912//912
f 913//913 914//914 915//915
f 916//916 917//917 918//918
f 919//919 920//920 921//921
f 922//922 923//923 924//924
f 925//925 926//926 927//927
f 928//928 929//929 930//930
f 931//931 932//932 933//933
f 934//934 935//935 936//936
f 937//937 938//938 939//939
f 940//940 941//941 942//942
f 943//943 944//944 945//945
f 946//946 947//947 948//948
f 949//949 950//950 951//951
f 952//952 953//953 954//954
f 955//955 956//956 957//957
f 958//958 959//959 960//960
f 961//961 962//962 963//963
f 964//964 965//965 966//966
f 967//967 968//968 969//969
f 970//970 971//971 972//972
f 973//973 974//974 975//975
f 976//976 977//977 978//978
f 979//979 980//980 981//981
f 982//982 983//983 984//984
f 985//985 986//986 987//987
f 988//988 989//989 990//990
f 991//991 992//992 993//993
f 994//994 995//995 996//996
f 997//997 998//998 999//999
f 1000//1000 1001//1001 1002//1002
f 1003//1003 1004//1004 1005//1005
f 1006//1006 1007//1007 1008//1008
f 1009//1009 1010//1010 1011//1011
f 1012//1012 1013//1013 1014//1014
f 1015//1015 1016//1016 1017//1017
f 1018//1018 1019//1019 1020//1020
f 1021//1021 1022//1022 1023//1023
f 1024//1024 1025//1025 1026//1026
f 1027//1027 1028//1028 1029//1029
f 1030//1030 1031//1031 1032//1032
f 1033//1033 1034//1034 1035//1035
f 1036//1036 1037//1037 1038//1038
f 1039//1039 1040//1040 1041//1041
f 1042//1042 1043//1043 1044//1044
f 1045//1045 1046//1046 1047//1047
f 1048//1048 1049//1049 1050//1050
f 1051//1051 1052//1052 1053//1053
f 1054//1054 1055//1055 1056//1056
f 1057//1057 1058//1058 1059//1059
f 1060//1060 1061//1061 1062//1062
f 1063//1063 1064//1064 1065//1065
f 1066//1066 1067//1067 1068//1068
f 1069//1069 1070//1070 1071//1071
f 1072//1072 1073//1073 1074//1074
f 1075//1075 1076//1076 1077//1077
f 1078//1078 1079//1079 1080//1080
f 1081//1081 1082//1082 1083//1083
f 1084//1084 1085//1085 1086//1086
f 1087//1087 1088//1088 1089//1089
f 1090//1090 1091//1091 1092//1092
f 1093//1093 1094//1094 1095//1095
f 1096//1096 1097//1097 1098//1098
f 1099//1099 1100//1100 1101//1101
f 1102//1102 1103//1103 1104//1104
f 1105//1105 1106//1106 1107//1107
f 1108//1108 1109//1109 1110//1110
f 1111//1111 1112//1112 1113//1113
f 1114//1114 1115//1115 1116//1116
f 1117//1117 1118//1118 1119//1119
f 1120//1120 1121//1121 1122//1122
f 1123//1123 1124//1124 1125//1125
f 1126//1126 1127//1127 1128//1128
f 1129//1129 1130//1130 1131//1131
f 1132//1132 1133//1133 1134//1134
f 1135//1135 1136//1136 1137//1137
f 1138//1138 1139//1139 1140//1140
f 1141//1141 1142//1142 1143//1143
f 1144//1144 1145//1145 1146//1146
f 1147//1147 1148//1148 1149//1149
f 1150//1150 1151//1151 1152//1152
f 1153//1153 1154//1154 1155//1155
f 1156//1156 1157//1157 1158//1158
f 1159//1159 1160//1160 1161//1161
f 1162//1162 1163//1163 1164//1164
f 1165//1165 1166//1166 1167//1167
f 1168//1168 1169//1169 1170//1170
f 1171//1171 1172//1172 1173//1173
f 1174//1174 1175//1175 1176//1176
f 1177//1177 1178//1178 1179//1179
f 1180//1180 1181//1181 1182//1182
f 1183//1183 1184//1184 1185//1185
f 1186//1186 1187//1187 1188//1188
f 1189//1189 1190//1190 1191//1191
f 1192//1192 1193//1193 1194//1194
f 1195//1195 1196//1196 1197//1197
f 1198//1198 1199//1199 1200//1200
f 1201//1201 1202//1202 1203//1203
f 1204//1204 1205//1205 1206//1206
f 1207//1207 1208//1208 1209//1209
f 1210//1210 1211//1211 1212//1212
f 1213//1213 1214//1214 1215//1215
f 1216//1216 1217//1217 1218//1218
f 1219//1219 1220//1220 1221//1221
f 1222//1222 1223//1223 1224//1224
f 1225//1225 1226//1226 1227//1227
f 1228//1228 1229//1229 1230//1230
f 1231//1231 1232//1232 1233//1233
f 1234//1234 1235//1235 1236//1236
f 1237//1237 1238//1238 1239//1239
f 1240//1240 1241//1241 1242//1242
f 1243//1243 1244//1244 1245//1245
f 1246//1246 1247//1247 1248//1248
f 1249//1249 1250//1250 1251//1251
f 1252//1252 1253//1253 1254//1254
f 1255//1255 1256//1256 1257//1257
f 1258//1258 1259//1259 1260//1260
f 1261//1261 1262//1262 1263//1263
f 1264//1264 1265//1265 1266//1266
f 1267//1267 1268//1268 1269//1269
f 1270//1270 1271//1271 1272//1272
f 1273//1273 1274//1274 1275//1275
f 1276//1276 1277//1277 1278//1278
f 1279//1279 1280//1280 1281//1281
f 1282//1282 1283//1283 1284//1284
f 1285//1285 1286//1286 1287//1287
f 1288//1288 1289//1289 1290//1290
f 1291//1291 1292//1292 1293//1293
f 1294//1294 1295//1295 1296//1296
f 1297//1297 1298//1298 1299//1299
f 1300//1300 1301//1301 1302//1302
f 1303//1303 1304//1304 1305//1305
f 1306//1306 1307//1307 1308//1308
f 1309//1309 1310//1310 1311//1311
f 1312//1312 1313//1313 1314//1314
f 1315//1315 1316//1316 1317//1317
f 1318//1318 1319//1319 1320//1320
f 1321//1321 1322//1322 1323//1323
f 1324//1324 1325//1325 1326//1326
f 1327//1327 1328//1328 1329//1329
f 1330//1330 1331//1331 1332//1332
f 1333//1333 1334//1334 1335//1335
f 1336//1336 1337//1337 1338//1338
f 1339//1339 1340//1340 1341//1341
f 1342//1342 1343//1343 1344//1344
f 1345//1345 1346//1346 1347//1347
f 1348//1348 1349//1349 1350//1350
f 1351//1351 1352//1352 1353//1353
f 1354//1354 1355//1355 1356//1356
f 1357//1357 1358//1358 1359//1359
f 1360//1360 1361//1361 1362//1362
f 1363//1363 1364//1364 1365//1365
f 1366//1366 1367//1367 1368//1368
f 1369//1369 1370//1370 1371//1371
f 1372//1372 1373//1373 1374//1374
f 1375//1375 1376//1376 1377//1377
f 1378//1378 1379//1379 1380//1380
f 1381//1381 1382//1382 1383//1383
f 1384//1384 1385//1385 1386//1386
f 1387//1387 1388//1388 1389//1389
f 1390//1390 1391//1391 1392//1392
f 1393//1393 1394//1394 1395//1395
f 1396//1396 1397//1397 1398//1398
f 1399//1399 1400//1400 1401//1401
f 1402//1402 1403//1403 1404//1404
f 1405//1405 1406//1406 1407//1407
f 1408//1408 1409//1409 1410//1410
f 1411//1411 1412//1412 1413//1413
f 1414//1414 1415//1415 1416//1416
f 1417//1417 1418//1418 1419//1419
f 1420//1420 1421//1421 1422//1422
f 1423//1423 1424//1424 1425//1425
f 1426//1426 1427//1427 1428//1428
f 1429//1429 1430//1430 1431//1431
f 1432//1432 1433//1433 1434//1434
f 1435//1435 1436//1436 1437//1437
f 1438//1438 1439//1439 1440//1440
f 1441//1441 1442//1442 1443//1443
f 1444//1444 1445//1445 1446//1446
f 1447//1447 1448//1448 1449//1449
f 1450//1450 1451//1451 1452//1452
f 1453//1453 1454//1454 1455//1455
f 1456//1456 1457//1457 1458//1458
f 1459//1459 1460//1460 1461//1461
f 1462//1462 1463//1463 1464//1464
f 1465//1465 1466//1466 1467//1467
f 1468//1468 1469//1469 1470//1470
f 1471//1471 1472//1472 1473//1473
f 1474//1474 1475//1475 1476//1476
f 1477//1477 1478//1478 1479//1479
f 1480//1480 1481//1481 1482//1482
f 1483//1483 1484//1484 1485//1485
f 1486//1486 1487//1487 1488//1488
f 1489//1489 1490//1490 1491//1491
f 1492//1492 1493//1493 1494//1494
f 1495//1495 1496//1496 1497//1497
f 1498//1498 1499//1499 1500//1500
f 1501//1501 1502//1502 1503//1503
f 1504//1504 1505//1505 1506//1506
f 1507//1507 1508//1508 1509//1509
f 1510//1510 1511//1511 1512//1512
f 1513//1513 1514//1514 1515//1515
f 1516//1516 1517//1517 1518//1518
f 1519//1519 1520//1520 1521//1521
f 1522//1522 1523//1523 1524//1524
f 1525//1525 1526//1526 1527//1527
f 1528//1528 1529//1529 1530//1530
f 1531//1531 1532//1532 1533//1533
f 1534//1534 1535//1535 1536//1536
f 1537//1537 1538//1538 1539//1539
f 1540//1540 1541//1541 1542//1542
f 1543//1543 1544//1544 1545//1545
f 1546//1546 1547//1547 1548//1548
f 1549//1549 1550//1550 1551//1551
f 1552//1552 1553//1553 1554//1554
f 1555//1555 1556//1556 1557//1557
f 1558//1558 1559//1559 1560//1560
f 1561//1561 1562//1562 1563//1563
f 1564//1564 1565//1565 1566//1566
f 1567//1567 1568//1568 1569//1569
f 1570//1570 1571//1571 1572//1572
f 1573//1573 1574//1574 1575//1575
f 1576//1576 1577//1577 1578//1578
f 1579//1579 1580//1580 1581//1581
f 1582//1582 1583//1583 1584//1584
f 1585//1585 1586//1586 1587//1587
f 1588//1588 1589//1589 1590//1590
f 1591//1591 1592//1592 1593//1593
f 1594//1594 1595//1595 1596//1596
f 1597//1597 1598//1598 1599//1599
f 1600//1600 1601//1601 1602//1602
f 1603//1603 1604//1604 1605//1605
f 1606//1606 1607//1607 1608//1608
f 1609//1609 1610//1610 1611//1611
f 1612//1612 1613//1613 1614//1614
f 1615//1615 1616//1616 1617//1617
f 1618//1618 1619//1619 1620//1620
f 1621//1621 1622//1622 1623//1623
f 1624//1624 1625//1625 1626//1626
f 1627//1627 1628//1628 1629//1629
f 1630//1630 1631//1631 1632//1632
f 1633//1633 1634//1634 1635//1635
f 1636//1636 1637//1637 1638//1638
f 1639//1639 1640//1640 1641//1641
f 1642//1642 1643//1643 1644//1644
f 1645//1645 1646//1646 1647//1647
f 1648//1648 1649//1649 1650//1650
f 1651//1651 1652//1652 1653//1653
f 1654//1654 1655//1655 1656//1656
f 1657//1657 1658//1658 1659//1659
f 1660//1660 1661//1661 1662//1662
f 1663//1663 1664//1664 1665//1665
f 1666//1666 1667//1667 1668//1668
f 1669//1669 1670//1670 1671//1671
f 1672//1672 1673//1673 1674//1674
f 1675//1675 1676//1676 1677//1677
f 1678//1678 1679//1679 1680//1680
f 1681//1681 1682//1682 1683//1683
f 1684//1684 1685//1685 1686//1686
f 1687//1687 1688//1688 1689//1689
f 1690//1690 1691//1691 1692//1692
f 1693//1693 1694//1694 1695//1695
f 1696//1696 1697//1697 1698//1698
f 1699//1699 1700//1700 1701//1701
f 1702//1702 1703//1703 1704//1704
f 1705//1705 1706//1706 1707//1707
f 1708//1708 1709//1709 1710//1710
f 1711//1711 1712//1712 1713//1713
f 1714//1714 1715//1715 1716//1716
f 1717//1717 1718//1718 1719//1719
f 1720//1720 1721//1721 1722//1722
f 1723//1723 1724//1724 1725//1725
f 1726//1726 1727//1727 1728//1728
f 1729//1729 1730//1730 1731//1731
f 1732//1732 1733//1733 1734//1734
f 1735//1735 1736//1736 1737//1737
f 1738//1738 1739//1739 1740//1740
f 1741//1741 1742//1742 1743//1743
f 1744//1744 1745//1745 1746//1746
f 1747//1747 1748//1748 1749//1749
f 1750//1750 1751//1751 1752//1752
f 1753//1753 1754//1754 1755//1755
f 1756//1756 1757//1757 1758//1758
f 1759//1759 1760//1760 1761//1761
f 1762//1762 1763//1763 1764//1764
f 1765//1765 1766//1766 1767//1767
f 1768//1768 1769//1769 1770//1770
f 1771//1771 1772//1772 1773//1773
f 1774//1774 1775//1775 1776//1776
f 1777//1777 1778//1778 1779//1779
f 1780//1780 1781//1781 1782//1782
f 1783//1783 1784//1784 1785//1785
f 1786//1786 1787//1787 1788//1788
f 1789//1789 1790//1790 1791//1791
f 1792//1792 1793//1793 1794//1794
f 1795//1795 1796//1796 1797//1797
f 1798//1798 1799//1799 1800//1800
f 1801//1801 1802//1802 1803//1803
f 1804//1804 1805//1805 1806//1806
f 1807//1807 1808//1808 1809//1809
f 1810//1810 1811//1811 1812//1812
f 1813//1813 1814//1814 1815//1815
f 1816//1816 1817//1817 1818//1818
f 1819//1819 1820//1820 1821//1821
f 1822//1822 1823//1823 1824//1824
f 1825//1825 1826//1826 1827//1827
f 1828//1828 1829//1829 1830//1830
f 1831//1831 1832//1832 1833//1833
f 1834//1834 1835//1835 1836//1836
f 1837//1837 1838//1838 1839//1839
f 1840//1840 1841//1841 1842//1842
f 1843//1843 1844//1844 1845//1845
f 1846//1846 1847//1847 1848//1848
f 1849//1849 1850//1850 1851//1851
f 1852//1852 1853//1853 1854//1854
f 1855//1855 1856//1856 1857//1857
f 1858//1858 1859//1859 1860//1860
f 1861//1861 1862//1862 1863//1863
f 1864//1864 1865//1865 1866//1866
f 1867//1867 1868//1868 1869//1869
f 1870//1870 1871//1871 1872//1872
f 1873//1873 1874//1874 1875//1875
f 1876//1876 1877//1877 1878//1878
f 1879//1879 1880//1880 1881//1881
f 1882//1882 1883//1883 1884//1884
f 1885//1885 1886//1886 1887//1887
f 1888//1888 1889//1889 1890//1890
f 1891//1891 1892//1892 1893//1893
f 1894//1894 1895//1895 1896//1896
f 1897//1897 1898//1898 1899//1899
f 1900//1900 1901//1901 1902//1902
f 1903//1903 1904//1904 1905//1905
f 1906//1906 1907//1907 1908//1908
f 1909//1909 1910//1910 1911//1911
f 1912//1912 1913//1913 1914//1914
f 1915//1915 1916//1916 1917//1917
f 1918//1918 1919//1919 1920//1920
f 1921//1921 1922//1922 1923//1923
f 1924//1924 1925//1925 1926//1926
f 1927//1927 1928//1928 1929//1929
f 1930//1930 1931//1931 1932//1932
f 1933//1933 1934//1934 1935//1935
f 1936//1936 1937//1937 1938//1938
f 1939//1939 1940//1940 1941//1941
f 1942//1942 1943//1943 1944//1944
f 1945//1945 1946//1946 1947//1947
f 1948//1948 1949//1949 1950//1950
f 1951//1951 1952//1952 1953//1953
f 1954//1954 1955//1955 1956//1956
f 1957//1957 1958//1958 1959//1959
f 1960//1960 1961//1961 1962//1962
f 1963//1963 1964//1964 1965//1965
f 1966//1966 1967//1967 1968//1968
f 1969//1969 1970//1970 1971//1971
f 1972//1972 1973//1973 1974//1974
f 1975//1975 1976//1976 1977//1977
f 1978//1978 1979//1979 1980//1980
f 1981//1981 1982//1982 1983//1983
f 1984//1984 1985//1985 1986//1986
f 1987//1987 1988//1988 1989//1989
f 1990//1990 1991//1991 1992//1992
f 1993//1993 1994//1994 1995//1995
f 1996//1996 1997//1997 1998//1998
f 1999//1999 2000//2000 2001//2001
f 2002//2002 2003//2003 2004//2004
f 2005//2005 2006//2006 2007//2007
f 2008//2008 2009//2009 2010//2010
f 2011//2011 2012//2012 2013//2013
f 2014//2014 2015//2015 2016//2016
f 2017//2017 2018//2018 2019//2019
f 2020//2020 2021//2021 2022//2022
f 2023//2023 2024//2024 2025//2025
f 2026//2026 2027//2027 2028//2028
f 2029//2029 2030//2030 2031//2031
f 2032//2032 2033//2033 2034//2034
f 2035//2035 2036//2036 2037//2037
f 2038//2038 2039//2039 2040//2040
f 2041//2041 2042//2042 2043//2043
f 2044//2044 2045//2045 2046//2046
f 2047//2047 2048//2048 2049//2049
f 2050//2050 2051//2051 2052//2052
f 2053//2053 2054//2054 2055//2055
f 2056//2056 2057//2057 2058//2058
f 2059//2059 2060//2060 2061//2061
f 2062//2062 2063//2063 2064//2064
f 2065//2065 2066//2066 2067//2067
f 2068//2068 2069//2069 2070//2070
f 2071//2071 2072//2072 2073//2073
f 2074//2074 2075//2075 2076//2076
f 2077//2077 2078//2078 2079//2079
f 2080//2080 2081//2081 2082//2082
f 2083//2083 2084//2084 2085//2085
f 2086//2086 2087//2087 2088//2088
f 2089//2089 2090//2090 2091//2091
f 2092//2092 2093//2093 2094//2094
f 2095//2095 2096//2096 2097//2097
f 2098//2098 2099//2099 2100//2100
f 2101//2101 2102//2102 2103//2103
f 2104//2104 2105//2105 2106//2106
f 2107//2107 2108//2108 2109//2109
f 2110//2110 2111//2111 2112//2112
f 2113//2113 2114//2114 2115//2115
f 2116//2116 2117//2117 2118//2118
f 2119//2119 2120//2120 2121//2121
f 2122//2122 2123//2123 2124//2124
f 2125//2125 2126//2126 2127//2127
f 2128//2128 2129//2129 2130//2130
f 2131//2131 2132//2132 2133//2133
f 2134//2134 2135//2135 2136//2136
f 2137//2137 2138//2138 2139//2139
f 2140//2140 2141//2141 2142//2142
f 2143//2143 2144//2144 2145//2145
f 2146//2146 2147//2147 2148//2148
f 2149//2149 2150//2150 2151//2151
f 2152//2152 2153//2153 2154//2154
f 2155//2155 2156//2156 2157//2157
f 2158//2158 2159//2159 2160//2160
f 2161//2161 2162//2162 2163//2163
f 2164//2164 2165//2165 2166//2166
f 2167//2167 2168//2168 2169//2169
f 2170//2170 2171//2171 2172//2172
f 2173//2173 2174//2174 2175//2175
f 2176//2176 2177//2177 2178//2178
f 2179//2179 2180//2180 2181//2181
f 2182//2182 2183//2183 2184//2184
f 2185//2185 2186//2186 2187//2187
f 2188//2188 2189//2189 2190//2190
f 2191//2191 2192//2192 2193//2193
f 2194//2194 2195//2195 2196//2196
f 2197//2197 2198//2198 2199//2199
f 2200//2200 2201//2201 2202//2202
f 2203//2203 2204//2204 2205//2205
f 2206//2206 2207//2207 2208//2208
f 2209//2209 2210//2210 2211//2211
f 2212//2212 2213//2213 2214//2214
f 2215//2215 2216//2216 2217//2217
f 2218//2218 2219//2219 2220//2220
f 2221//2221 2222//2222 2223//2223
f 2224//2224 2225//2225 2226//2226
f 2227//2227 2228//2228 2229//2229
f 2230//2230 2231//2231 2232//2232
f 2233//2233 2234//2234 2235//2235
f 2236//2236 2237//2237 2238//2238
f 2239//2239 2240//2240 2241//2241
f 2242//2242 2243//2243 2244//2244
f 2245//2245 2246//2246 2247//2247
f 2248//2248 2249//2249 2250//2250
f 2251//2251 2252//2252 2253//2253
f 2254//2254 2255//2255 2256//2256
f 2257//2257 2258//2258 2259//2259
f 2260//2260 2261//2261 2262//2262
f 2263//2263 2264//2264 2265//2265
f 2266//2266 2267//2267 2268//2268
f 2269//2269 2270//2270 2271//2271
f 2272//2272 2273//2273 2274//2274
f 2275//2275 2276//2276 2277//2277
f 2278//2278 2279//2279 2280//2280
f 2281//2281 2282//2282 2283//2283
f 2284//2284 2285//2285 2286//2286
f 2287//2287 2288//2288 2289//2289
f 2290//2290 2291//2291 2292//2292
f 2293//2293 2294//2294 2295//2295
f 2296//2296 2297//2297 2298//2298
f 2299//2299 2300//2300 2301//2301
f 2302//2302 2303//2303 2304//2304
f 2305//2305 2306//2306 2307//2307
f 2308//2308 2309//2309 2310//2310
f 2311//2311 2312//2312 2313//2313
f 2314//2314 2315//2315 2316//2316
f 2317//2317 2318//2318 2319//2319
f 2320//2320 2321//2321 2322//2322
f 2323//2323 2324//2324 2325//2325
f 2326//2326 2327//2327 2328//2328
f 2329//2329 2330//2330 2331//2331
f 2332//2332 2333//2333 2334//2334
f 2335//2335 2336//2336 2337//2337
f 2338//2338 2339//2339 2340//2340
f 2341//2341 2342//2342 2343//2343
f 2344//2344 2345//2345 2346//2346
f 2347//2347 2348//2348 2349//2349
f 2350//2350 2351//2351 2352//2352
f 2353//2353 2354//2354 2355//2355
f 2356//2356 2357//2357 2358//2358
f 2359//2359 2360//2360 2361//2361
f 2362//2362 2363//2363 2364//2364
f 2365//2365 2366//2366 2367//2367
f 2368//2368 2369//2369 2370//2370
f 2371//2371 2372//2372 2373//2373
f 2374//2374 2375//2375 2376//2376
f 2377//2377 2378//2378 2379//2379
f 2380//2380 2381//2381 2382//2382
f 2383//2383 2384//2384 2385//2385
f 2386//2386 2387//2387 2388//2388
f 2389//2389 2390//2390 2391//2391
f 2392//2392 2393//2393 2394//2394
f 2395//2395 2396//2396 2397//2397
f 2398//2398 2399//2399 2400//2400
f 2401//2401 2402//2402 2403//2403
f 2404//2404 2405//2405 2406//2406
f 2407//2407 2408//2408 2409//2409
f 2410//2410 2411//2411 2412//2412
f 2413//2413 2414//2414 2415//2415
f 2416//2416 2417//2417 2418//2418
f 2419//2419 2420//2420 2421//2421
f 2422//2422 2423//2423 2424//2424
f 2425//2425 2426//2426 2427//2427
f 2428//2428 2429//2429 2430//2430
f 2431//2431 2432//2432 2433//2433
f 2434//2434 2435//2435 2436//2436
f 2437//2437 2438//2438 2439//2439
f 2440//2440 2441//2441 2442//2442
f 2443//2443 2444//2444 2445//2445
f 2446//2446 2447//2447 2448//2448
f 2449//2449 2450//2450 2451//2451
f 2452//2452 2453//2453 2454//2454
f 2455//2455 2456//2456 2457//2457
f 2458//2458 2459//2459 2460//2460
f 2461//2461 2462//2462 2463//2463
f 2464//2464 2465//2465 2466//2466
f 2467//2467 2468//2468 2469//2469
f 2470//2470 2471//2471 2472//2472
f 2473//2473 2474//2474 2475//2475
f 2476//2476 2477//2477 2478//2478
f 2479//2479 2480//2480 2481//2481
f 2482//2482 2483//2483 2484//2484
f 2485//2485 2486//2486 2487//2487
f 2488//2488 2489//2489 2490//2490
f 2491//2491 2492//2492 2493//2493
f 2494//2494 2495//2495 2496//2496
f 2497//2497 2498//2498 2499//2499
f 2500//2500 2501//2501 2502//2502
f 2503//2503 2504//2504 2505//2505
f 2506//2506 2507//2507 2508//2508
f 2509//2509 2510//2510 2511//2511
f 2512//2512 2513//2513 2514//2514
f 2515//2515 2516//2516 2517//2517
f 2518//2518 2519//2519 2520//2520
f 2521//2521 2522//2522 2523//2523
f 2524//2524 2525//2525 2526//2526
f 2527//2527 2528//2528 2529//2529
f 2530//2530 2531//2531 2532//2532
f 2533//2533 2534//2534 2535//2535
f 2536//2536 2537//2537 2538//2538
f 2539//2539 2540//2540 2541//2541
f 2542//2542 2543//2543 2544//2544
f 2545//2545 2546//2546 2547//2547
f 2548//2548 2549//2549 2550//2550
f 2551//2551 2552//2552 2553//2553
f 2554//2554 2555//2555 2556//2556
f 2557//2557 2558//2558 2559//2559
f 2560//2560 2561//2561 2562//2562
f 2563//2563 2564//2564 2565//2565
f 2566//2566 2567//2567 2568//2568
f 2569//2569 2570//2570 2571//2571
f 2572//2572 2573//2573 2574//2574
f 2575//2575 2576//2576 2577//2577
f 2578//2578 2579//2579 2580//2580
f 2581//2581 2582//2582 2583//2583
f 2584//2584 2585//2585 2586//2586
f 2587//2587 2588//2588 2589//2589
f 2590//2590 2591//2591 2592//2592
f 2593//2593 2594//2594 2595//2595
f 2596//2596 2597//2597 2598//2598
f 2599//2599 2600//2600 2601//2601
f 2602//2602 2603//2603 2604//2604
f 2605//2605 2606//2606 2607//2607
f 2608//2608 2609//2609 2610//2610
f 2611//2611 2612//2612 2613//2613
f 2614//2614 2615//2615 2616//2616
f 2617//2617 2618//2618 2619//2619
f 2620//2620 2621//2621 2622//2622
f 2623//2623 2624//2624 2625//2625
f 2626//2626 2627//2627 2628//2628
f 2629//2629 2630//2630 2631//2631
f 2632//2632 2633//2633 2634//2634
f 2635//2635 2636//2636 2637//2637
f 2638//2638 2639//2639 2640//2640
f 2641//2641 2642//2642 2643//2643
f 2644//2644 2645//2645 2646//2646
f 2647//2647 2648//2648 2649//2649
f 2650//2650 2651//2651 2652//2652
f 2653//2653 2654//2654 2655//2655
f 2656//2656 2657//2657 2658//2658
f 2659//2659 2660//2660 2661//2661
f 2662//2662 2663//2663 2664//2664
f 2665//2665 2666//2666 2667//2667
f 2668//2668 2669//2669 2670//2670
f 2671//2671 2672//2672 2673//2673
f 2674//2674 2675//2675 2676//2676
f 2677//2677 2678//2678 2679//2679
f 2680//2680 2681//2681 2682//2682
f 2683//2683 2684//2684 2685//2685
f 2686//2686 2687//2687 2688//2688
f 2689//2689 2690//2690 2691//2691
f 2692//2692 2693//2693 2694//2694
f 2695//2695 2696//2696 2697//2697
f 2698//2698 2699//2699 2700//2700
f 2701//2701 2702//2702 2703//2703
f 2704//2704 2705//2705 2706//2706
f 2707//2707 2708//2708 2709//2709
f 2710//2710 2711//2711 2712//2712
f 2713//2713 2714//2714 2715//2715
f 2716//2716 2717//2717 2718//2718
f 2719//2719 2720//2720 2721//2721
f 2722//2722 2723//2723 2724//2724
f 2725//2725 2726//2726 2727//2727
f 2728//2728 2729//2729 2730//2730
f 2731//2731 2732//2732 2733//2733
f 2734//2734 2735//2735 2736//2736
f 2737//2737 2738//2738 2739//2739
f 2740//2740 2741//2741 2742//2742
f 2743//2743 2744//2744 2745//2745
f 2746//2746 2747//2747 2748//2748
f 2749//2749 2750//2750 2751//2751
f 2752//2752 2753//2753 2754//2754
f 2755//2755 2756//2756 2757//2757
f 2758//2758 2759//2759 2760//2760
f 2761//2761 2762//2762 2763//2763
f 2764//2764 2765//2765 2766//2766
f 2767//2767 2768//2768 2769//2769
f 2770//2770 2771//2771 2772//2772
f 2773//2773 2774//2774 2775//2775
f 2776//2776 2777//2777 2778//2778
f 2779//2779 2780//2780 2781//2781
f 2782//2782 2783//2783 2784//2784
f 2785//2785 2786//2786 2787//2787
f 2788//2788 2789//2789 2790//2790
f 2791//2791 2792//2792 2793//2793
f 2794//2794 2795//2795 2796//2796
f 2797//2797 2798//2798 2799//2799
f 2800//2800 2801//2801 2802//2802
f 2803//2803 2804//2804 2805//2805
f 2806//2806 2807//2807 2808//2808
f 2809//2809 2810//2810 2811//2811
f 2812//2812 2813//2813 2814//2814
f 2815//2815 2816//2816 2817//2817
f 2818//2818 2819//2819 2820//2820
f 2821//2821 2822//2822 2823//2823
f 2824//2824 2825//2825 2826//2826
f 2827//2827 2828//2828 2829//2829
f 2830//2830 2831//2831 2832//2832
f 2833//2833 2834//2834 2835//2835
f 2836//2836 2837//2837 2838//2838
f 2839//2839 2840//2840 2841//2841
f 2842//2842 2843//2843 2844//2844
f 2845//2845 2846//2846 2847//2847
f 2848//2848 2849//2849 2850//2850
f 2851//2851 2852//2852 2853//2853
f 2854//2854 2855//2855 2856//2856
f 2857//2857 2858//2858 2859//2859
f 2860//2860 2861//2861 2862//2862
f 2863//2863 2864//2864 2865//2865
f 2866//2866 2867//2867 2868//2868
f 2869//2869 2870//2870 2871//2871
f 2872//2872 2873//2873 2874//2874
f 2875//2875 2876//2876 2877//2877
f 2878//2878 2879//2879 2880//2880
f 2881//2881 2882//2882 2883//2883
f 2884//2884 2885//2885 2886//2886
f 2887//2887 2888//2888 2889//2889
f 2890//2890 2891//2891 2892//2892
f 2893//2893 2894//2894 2895//2895
f 2896//2896 2897//2897 2898//2898
f 2899//2899 2900//2900 2901//2901
f 2902//2902 2903//2903 2904//2904
f 2905//2905 2906//2906 2907//2907
f 2908//2908 2909//2909 2910//2910
f 2911//2911 2912//2912 2913//2913
f 2914//2914 2915//2915 2916//2916
f 2917//2917 2918//2918 2919//2919
f 2920//2920 2921//2921 2922//2922
f 2923//2923 2924//2924 2925//2925
f 2926//2926 2927//2927 2928//2928
f 2929//2929 2930//2930 2931//2931
f 2932//2932 2933//2933 2934//2934
f 2935//2935 2936//2936 2937//2937
f 2938//2938 2939//2939 2940//2940
f 2941//2941 2942//2942 2943//2943
f 2944//2944 2945//2945 2946//2946
f 2947//2947 2948//2948 2949//2949
f 2950//2950 2951//2951 2952//2952
f 2953//2953 2954//2954 2955//2955
f 2956//2956 2957//2957 2958//2958
f 2959//2959 2960//2960 2961//2961
f 2962//2962 2963//2963 2964//2964
f 2965//2965 2966//2966 2967//2967
f 2968//2968 2969//2969 2970//2970
f 2971//2971 2972//2972 2973//2973
f 2974//2974 2975//2975 2976//2976
f 2977//2977 2978//2978 2979//2979
f 2980//2980 2981//2981 2982//2982
f 2983//2983 2984//2984 2985//2985
f 2986//2986 2987//2987 2988//2988
f 2989//2989 2990//2990 2991//2991
f 2992//2992 2993//2993 2994//2994
f 2995//2995 2996//2996 2997//2997
f 2998//2998 2999//2999 3000//3000
f 3001//3001 3002//3002 3003//3003
f 3004//3004 3005//3005 3006//3006
f 3007//3007 3008//3008 3009//3009
f 3010//3010 3011//3011 3012//3012
f 3013//3013 3014//3014 3015//3015
f 3016//3016 3017//3017 3018//3018
f 3019//3019 3020//3020 3021//3021
f 3022//3022 3023//3023 3024//3024
f 3025//3025 3026//3026 3027//3027
f 3028//3028 3029//3029 3030//3030
f 3031//3031 3032//3032 3033//3033
f 3034//3034 3035//3035 3036//3036
f 3037//3037 3038//3038 3039//3039
f 3040//3040 3041//3041 3042//3042
f 3043//3043 3044//3044 3045//3045
f 3046//3046 3047//3047 3048//3048
f 3049//3049 3050//3050 3051//3051
f 3052//3052 3053//3053 3054//3054
f 3055//3055 3056//3056 3057//3057
f 3058//3058 3059//3059 3060//3060
f 3061//3061 3062//3062 3063//3063
f 3064//3064 3065//3065 3066//3066
f 3067//3067 3068//3068 3069//3069
f 3070//3070 3071//3071 3072//3072
f 3073//3073 3074//3074 3075//3075
f 3076//3076 3077//3077 3078//3078
f 3079//3079 3080//3080 3081//3081
f 3082//3082 3083//3083 3084//3084
f 3085//3085 3086//3086 3087//3087
f 3088//3088 3089//3089 3090//3090
f 3091//3091 3092//3092 3093//3093
f 3094//3094 3095//3095 3096//3096
f 3097//3097 3098//3098 3099//3099
f 3100//3100 3101//3101 3102//3102
f 3103//3103 3104//3104 3105//3105
f 3106//3106 3107//3107 3108//3108
f 3109//3109 3110//3110 3111//3111
f 3112//3112 3113//3113 3114//3114
f 3115//3115 3116//3116 3117//3117
f 3118//3118 3119//3119 3120//3120
f 3121//3121 3122//3122 3123//3123
f 3124//3124 3125//3125 3126//3126
f 3127//3127 3128//3128 3129//3129
f 3130//3130 3131//3131 3132//3132
f 3133//3133 3134//3134 3135//3135
f 3136//3136 3137//3137 3138//3138
f 3139//3139 3140//3140 3141//3141
f 3142//3142 3143//3143 3144//3144
f 3145//3145 3146//3146 3147//3147
f 3148//3148 3149//3149 3150//3150
f 3151//3151 3152//3152 3153//3153
f 3154//3154 3155//3155 3156//3156
f 3157//3157 3158//3158 3159//3159
f 3160//3160 3161//3161 3162//3162
f 3163//3163 3164//3164 3165//3165
f 3166//3166 3167//3167 3168//3168
f 3169//3169 3170//3170 3171//3171
f 3172//3172 3173//3173 3174//3174
f 3175//3175 3176//3176 3177//3177
f 3178//3178 3179//3179 3180//3180
f 3181//3181 3182//3182 3183//3183
f 3184//3184 3185//3185 3186//3186
f 3187//3187 3188//3188 3189//3189
f 3190//3190 3191//3191 3192//3192
f 3193//3193 3194//3194 3195//3195
f 3196//3196 3197//3197 3198//3198
f 3199//3199 3200//3200 3201//3201
f 3202//3202 3203//3203 3204//3204
f 3205//3205 3206//3206 3207//3207
f 3208//3208 3209//3209 3210//3210
f 3211//3211 3212//3212 3213//3213
f 3214//3214 3215//3215 3216//3216
f 3217//3217 3218//3218 3219//3219
f 3220//3220 3221//3221 3222//3222
f 3223//3223 3224//3224 3225//3225
f 3226//3226 3227//3227 3228//3228
f 3229//3229 3230//3230 3231//3231
f 3232//3232 3233//3233 3234//3234
f 3235//3235 3236//3236 3237//3237
f 3238//3238 3239//3239 3240//3240
f 3241//3241 3242//3242 3243//3243
f 3244//3244 3245//3245 3246//3246
f 3247//3247 3248//3248 3249//3249
f 3250//3250 3251//3251 3252//3252
f 3253//3253 3254//3254 3255//3255
f 3256//3256 3257//3257 3258//3258
f 3259//3259 3260//3260 3261//3261
f 3262//3262 3263//3263 3264//3264
f 3265//3265 3266//3266 3267//3267
f 3268//3268 3269//3269 3270//3270
f 3271//3271 3272//3272 3273//3273
f 3274//3274 3275//3275 3276//3276
f 3277//3277 3278//3278 3279//3279
f 3280//3280 3281//3281 3282//3282
f 3283//3283 3284//3284 3285//3285
f 3286//3286 3287//3287 3288//3288
f 3289//3289 3290//3290 3291//3291
f 3292//3292 3293//3293 3294//3294
f 3295//3295 3296//3296 3297//3297
f 3298//3298 3299//3299 3300//3300
f 3301//3301 3302//3302 3303//3303
f 3304//3304 3305//3305 3306//3306
f 3307//3307 3308//3308 3309//3309
f 3310//3310 3311//3311 3312//3312
f 3313//3313 3314//3314 3315//3315
f 3316//3316 3317//3317 3318//3318
f 3319//3319 3320//3320 3321//3321
f 3322//3322 3323//3323 3324//3324
f 3325//3325 3326//3326 3327//3327
f 3328//3328 3329//3329 3330//3330
f 3331//3331 3332//3332 3333//3333
f 3334//3334 3335//3335 3336//3336
f 3337//3337 3338//3338 3339//3339
f 3340//3340 3341//3341 3342//3342
f 3343//3343 3344//3344 3345//3345
f 3346//3346 3347//3347 3348//3348
f 3349//3349 3350//3350 3351//3351
f 3352//3352 3353//3353 3354//3354
f 3355//3355 3356//3356 3357//3357
f 3358//3358 3359//3359 3360//3360
f 3361//3361 3362//3362 3363//3363
f 3364//3364 3365//3365 3366//3366
f 3367//3367 3368//3368 3369//3369
f 3370//3370 3371//3371 3372//3372
f 3373//3373 3374//3374 3375//3375
f 3376//3376 3377//3377 3378//3378
f 3379//3379 3380//3380 3381//3381
f 3382//3382 3383//3383 3384//3384
f 3385//3385 3386//3386 3387//3387
f 3388//3388 3389//3389 3390//3390
f 3391//3391 3392//3392 3393//3393
f 3394//3394 3395//3395 3396//3396
f 3397//3397 3398//3398 3399//3399
f 3400//3400 3401//3401 3402//3402
f 3403//3403 3404//3404 3405//3405
f 3406//3406 3407//3407 3408//3408
f 3409//3409 3410//3410 3411//3411
f 3412//3412 3413//3413 3414//3414
f 3415//3415 3416//3416 3417//3417
f 3418//3418 3419//3419 3420//3420
f 3421//3421 3422//3422 3423//3423
f 3424//3424 3425//3425 3426//3426
f 3427//3427 3428//3428 3429//3429
f 3430//3430 3431//3431 3432//3432
f 3433//3433 3434//3434 3435//3435
f 3436//3436 3437//3437 3438//3438
f 3439//3439 3440//3440 3441//3441
f 3442//3442 3443//3443 3444//3444
f 3445//3445 3446//3446 3447//3447
f 3448//3448 3449//3449 3450//3450
f 3451//3451 3452//3452 3453//3453
f 3454//3454 3455//3455 3456//3456
f 3457//3457 3458//3458 3459//3459
f 3460//3460 3461//3461 3462//3462
f 3463//3463 3464//3464 3465//3465
f 3466//3466 3467//3467 3468//3468
f 3469//3469 3470//3470 3471//3471
f 3472//3472 3473//3473 3474//3474
f 3475//3475 3476//3476 3477//3477
f 3478//3478 3479//3479 3480//3480
f 3481//3481 3482//3482 3483//3483
f 3484//3484 3485//3485 3486//3486
f 3487//3487 3488//3488 3489//3489
f 3490//3490 3491//3491 3492//3492
f 3493//3493 3494//3494 3495//3495
f 3496//3496 3497//3497 3498//3498
f 3499//3499 3500//3500 3501//3501
f 3502//3502 3503//3503 3504//3504
f 3505//3505 3506//3506 3507//3507
f 3508//3508 3509//3509 3510//3510
f 3511//3511 3512//3512 3513//3513
f 3514//3514 3515//3515 3516//3516
f 3517//3517 3518//3518 3519//3519
f 3520//3520 3521//3521 3522//3522
f 3523//3523 3524//3524 3525//3525
f 3526//3526 3527//3527 3528//3528
f 3529//3529 3530//3530 3531//3531
f 3532//3532 3533//3533 3534//3534
f 3535//3535 3536//3536 3537//3537
f 3538//3538 3539//3539 3540//3540
f 3541//3541 3542//3542 3543//3543
f 3544//3544 3545//3545 3546//3546
f 3547//3547 3548//3548 3549//3549
f 3550//3550 3551//3551 3552//3552
f 3553//3553 3554//3554 3555//3555
f 3556//3556 3557//3557 3558//3558
f 3559//3559 3560//3560 3561//3561
f 3562//3562 3563//3563 3564//3564
f 3565//3565 3566//3566 3567//3567
f 3568//3568 3569//3569 3570//3570
f 3571//3571 3572//3572 3573//3573
f 3574//3574 3575//3575 3576//3576
f 3577//3577 3578//3578 3579//3579
f 3580//3580 3581//3581 3582//3582
f 3583//3583 3584//3584 3585//3585
f 3586//3586 3587//3587 3588//3588
f 3589//3589 3590//3590 3591//3591
f 3592//3592 3593//3593 3594//3594
f 3595//3595 3596//3596 3597//3597
f 3598//3598 3599//3599 3600//3600
f 3601//3601 3602//3602 3603//3603
f 3604//3604 3605//3605 3606//3606
