o node5
usemtl Part__Mirroring005_004_001
v -0.034950148314237595 -0.03989658132195473 0.08375729620456696
v -0.035319481045007706 -0.04020707681775093 0.08364547044038773
v -0.03569125756621361 -0.03915993869304657 0.08257187157869339
v -0.03735622391104698 -0.037487294524908066 0.08983255177736282
v -0.03802647069096565 -0.03747504949569702 0.08987481147050858
v -0.036504145711660385 -0.03834047541022301 0.08963657170534134
v -0.035319481045007706 -0.04020707681775093 0.08364547044038773
v -0.03609270229935646 -0.039433255791664124 0.082481749355793
v -0.03569125756621361 -0.03915993869304657 0.08257187157869339
v -0.03802647069096565 -0.03747504949569702 0.08987481147050858
v -0.03675933927297592 -0.03875979036092758 0.08961959183216095
v -0.036504145711660385 -0.03834047541022301 0.08963657170534134
v -0.03569125756621361 -0.03915993869304657 0.08257187157869339
v -0.03609270229935646 -0.039433255791664124 0.082481749355793
v -0.03697670251131058 -0.03787028416991234 0.08176477253437042
v -0.036504145711660385 -0.03834047541022301 0.08963657170534134
v -0.03675933927297592 -0.03875979036092758 0.08961959183216095
v -0.03567022830247879 -0.039184506982564926 0.08899082243442535
v -0.03609270229935646 -0.039433255791664124 0.082481749355793
v -0.03718487173318863 -0.03834868595004082 0.08180822432041168
v -0.03697670251131058 -0.03787028416991234 0.08176477253437042
v -0.03675933927297592 -0.03875979036092758 0.08961959183216095
v -0.03604254871606827 -0.039476919919252396 0.08904679119586945
v -0.03567022830247879 -0.039184506982564926 0.08899082243442535
v -0.03604254871606827 -0.039476919919252396 0.08904679119586945
v -0.03542059287428856 -0.04010048881173134 0.08817721158266068
v -0.03567022830247879 -0.039184506982564926 0.08899082243442535
v -0.03567022830247879 -0.039184506982564926 0.08899082243442535
v -0.03542059287428856 -0.04010048881173134 0.08817721158266068
v -0.03497442230582237 -0.039873480796813965 0.08789630234241486
v -0.03542059287428856 -0.04010048881173134 0.08817721158266068
v -0.03495558351278305 -0.04056616500020027 0.08672679215669632
v -0.03497442230582237 -0.039873480796813965 0.08789630234241486
v -0.03497442230582237 -0.039873480796813965 0.08789630234241486
v -0.03495558351278305 -0.04056616500020027 0.08672679215669632
v -0.034620434045791626 -0.04021567478775978 0.08659841120243073
v -0.034620434045791626 -0.04021567478775978 0.08659841120243073
v -0.03495558351278305 -0.04056616500020027 0.08672679215669632
v -0.03458389267325401 -0.04025626182556152 0.08530789613723755
v -0.03495558351278305 -0.04056616500020027 0.08672679215669632
v -0.034927427768707275 -0.04060257971286774 0.08511687070131302
v -0.03458389267325401 -0.04025626182556152 0.08530789613723755
v -0.03458389267325401 -0.04025626182556152 0.08530789613723755
v -0.034927427768707275 -0.04060257971286774 0.08511687070131302
v -0.034950148314237595 -0.03989658132195473 0.08375729620456696
v -0.034927427768707275 -0.04060257971286774 0.08511687070131302
v -0.035319481045007706 -0.04020707681775093 0.08364547044038773
v -0.034950148314237595 -0.03989658132195473 0.08375729620456696
v -0.035272907465696335 -0.040672753006219864 0.08623368293046951
v -0.03542059287428856 -0.04010048881173134 0.08817721158266068
v -0.03630508854985237 -0.03964024409651756 0.08883422613143921
v -0.03495558351278305 -0.04056616500020027 0.08672679215669632
v -0.03542059287428856 -0.04010048881173134 0.08817721158266068
v -0.035272907465696335 -0.040672753006219864 0.08623368293046951
v -0.03854529932141304 -0.03739943727850914 0.0820934921503067
v -0.03718487173318863 -0.03834868595004082 0.08180822432041168
v -0.03670097142457962 -0.03924410790205002 0.08240409195423126
v -0.03542059287428856 -0.04010048881173134 0.08817721158266068
v -0.03604254871606827 -0.039476919919252396 0.08904679119586945
v -0.03630508854985237 -0.03964024409651756 0.08883422613143921
v -0.03718487173318863 -0.03834868595004082 0.08180822432041168
v -0.03609270229935646 -0.039433255791664124 0.082481749355793
v -0.03670097142457962 -0.03924410790205002 0.08240409195423126
v -0.03604254871606827 -0.039476919919252396 0.08904679119586945
v -0.03675933927297592 -0.03875979036092758 0.08961959183216095
v -0.03630508854985237 -0.03964024409651756 0.08883422613143921
v -0.03630508854985237 -0.03964024409651756 0.08883422613143921
v -0.03675933927297592 -0.03875979036092758 0.08961959183216095
v -0.03797343000769615 -0.03797231614589691 0.08958031237125397
v -0.03670097142457962 -0.03924410790205002 0.08240409195423126
v -0.035319481045007706 -0.04020707681775093 0.08364547044038773
v -0.035632845014333725 -0.04031037911772728 0.08398385345935822
v -0.03609270229935646 -0.039433255791664124 0.082481749355793
v -0.035319481045007706 -0.04020707681775093 0.08364547044038773
v -0.03670097142457962 -0.03924410790205002 0.08240409195423126
v -0.03675933927297592 -0.03875979036092758 0.08961959183216095
v -0.03802647069096565 -0.03747504949569702 0.08987481147050858
v -0.03797343000769615 -0.03797231614589691 0.08958031237125397
v -0.035632845014333725 -0.04031037911772728 0.08398385345935822
v -0.034927427768707275 -0.04060257971286774 0.08511687070131302
v -0.035272907465696335 -0.040672753006219864 0.08623368293046951
v -0.035319481045007706 -0.04020707681775093 0.08364547044038773
v -0.034927427768707275 -0.04060257971286774 0.08511687070131302
v -0.035632845014333725 -0.04031037911772728 0.08398385345935822
v -0.034927427768707275 -0.04060257971286774 0.08511687070131302
v -0.03495558351278305 -0.04056616500020027 0.08672679215669632
v -0.035272907465696335 -0.040672753006219864 0.08623368293046951
v -0.037148620933294296 -0.038511037826538086 0.08428646624088287
v -0.037029929459095 -0.03890267387032509 0.08438892662525177
v -0.03769630193710327 -0.03824447840452194 0.08416660130023956
v -0.03774649649858475 -0.03820683807134628 0.08352090418338776
v -0.037390295416116714 -0.038454897701740265 0.0833587720990181
v -0.037447456270456314 -0.03817417845129967 0.08383066207170486
v -0.03769630193710327 -0.03824447840452194 0.08416660130023956
v -0.03774649649858475 -0.03820683807134628 0.08352090418338776
v -0.037447456270456314 -0.03817417845129967 0.08383066207170486
v -0.03769630193710327 -0.03824447840452194 0.08416660130023956
v -0.037447456270456314 -0.03817417845129967 0.08383066207170486
v -0.037148620933294296 -0.038511037826538086 0.08428646624088287
v -0.037390295416116714 -0.038454897701740265 0.0833587720990181
v -0.03649242967367172 -0.038179900497198105 0.08341903239488602
v -0.036914147436618805 -0.037756241858005524 0.08355148136615753
v -0.037390295416116714 -0.038454897701740265 0.0833587720990181
v -0.03700733184814453 -0.03863764926791191 0.08342267572879791
v -0.03649242967367172 -0.038179900497198105 0.08341903239488602
v -0.037447456270456314 -0.03817417845129967 0.08383066207170486
v -0.037390295416116714 -0.038454897701740265 0.0833587720990181
v -0.036914147436618805 -0.037756241858005524 0.08355148136615753
v -0.037447456270456314 -0.03817417845129967 0.08383066207170486
v -0.036914147436618805 -0.037756241858005524 0.08355148136615753
v -0.03694011643528938 -0.037730272859334946 0.08401061594486237
v -0.037148620933294296 -0.038511037826538086 0.08428646624088287
v -0.03694011643528938 -0.037730272859334946 0.08401061594486237
v -0.036664023995399475 -0.038006365299224854 0.08426566421985626
v -0.037148620933294296 -0.038511037826538086 0.08428646624088287
v -0.037447456270456314 -0.03817417845129967 0.08383066207170486
v -0.03694011643528938 -0.037730272859334946 0.08401061594486237
v -0.03629771247506142 -0.03934483602643013 0.0857601910829544
v -0.03618716076016426 -0.03974325209856033 0.08587701618671417
v -0.036850932985544205 -0.03909001871943474 0.08566190302371979
v -0.03670172765851021 -0.03922395780682564 0.08476437628269196
v -0.03610117733478546 -0.039552319794893265 0.08494646102190018
v -0.03654038906097412 -0.03908630833029747 0.08503599464893341
v -0.036850932985544205 -0.03909001871943474 0.08566190302371979
v -0.03654038906097412 -0.03908630833029747 0.08503599464893341
v -0.03659678250551224 -0.03906632959842682 0.08547820150852203
v -0.036850932985544205 -0.03909001871943474 0.08566190302371979
v -0.03670172765851021 -0.03922395780682564 0.08476437628269196
v -0.03654038906097412 -0.03908630833029747 0.08503599464893341
v -0.036850932985544205 -0.03909001871943474 0.08566190302371979
v -0.03659678250551224 -0.03906632959842682 0.08547820150852203
v -0.03629771247506142 -0.03934483602643013 0.0857601910829544
v -0.03610117733478546 -0.039552319794893265 0.08494646102190018
v -0.03562887758016586 -0.039041925221681595 0.08495308458805084
v -0.036092955619096756 -0.0385780967772007 0.08503802120685577
v -0.03654038906097412 -0.03908630833029747 0.08503599464893341
v -0.03610117733478546 -0.039552319794893265 0.08494646102190018
v -0.036092955619096756 -0.0385780967772007 0.08503802120685577
v -0.03659678250551224 -0.03906632959842682 0.08547820150852203
v -0.036092955619096756 -0.0385780967772007 0.08503802120685577
v -0.03603749722242355 -0.038632892072200775 0.08563454449176788
v -0.03659678250551224 -0.03906632959842682 0.08547820150852203
v -0.03654038906097412 -0.03908630833029747 0.08503599464893341
v -0.036092955619096756 -0.0385780967772007 0.08503802120685577
v -0.03629771247506142 -0.03934483602643013 0.0857601910829544
v -0.03659678250551224 -0.03906632959842682 0.08547820150852203
v -0.03603749722242355 -0.038632892072200775 0.08563454449176788
v -0.03629771247506142 -0.03934483602643013 0.0857601910829544
v -0.03603749722242355 -0.038632892072200775 0.08563454449176788
v -0.03570757061243057 -0.038962818682193756 0.08572371304035187
v -0.03658021613955498 -0.039066873490810394 0.08761437237262726
v -0.03687984123826027 -0.03906068205833435 0.08780534565448761
v -0.03703552857041359 -0.03881024196743965 0.0873800665140152
v -0.036495208740234375 -0.039434608072042465 0.08659489452838898
v -0.03649858012795448 -0.03916596248745918 0.08676071465015411
v -0.03685265779495239 -0.03879385069012642 0.08687229454517365
v -0.03685265779495239 -0.03879385069012642 0.08687229454517365
v -0.037131503224372864 -0.03880944475531578 0.08679993450641632
v -0.036495208740234375 -0.039434608072042465 0.08659489452838898
v -0.03703552857041359 -0.03881024196743965 0.0873800665140152
v -0.037131503224372864 -0.03880944475531578 0.08679993450641632
v -0.03685265779495239 -0.03879385069012642 0.08687229454517365
v -0.03685265779495239 -0.03879385069012642 0.08687229454517365
v -0.03649858012795448 -0.03916596248745918 0.08676071465015411
v -0.03598691150546074 -0.03868354484438896 0.08674587309360504
v -0.03685265779495239 -0.03879385069012642 0.08687229454517365
v -0.03598691150546074 -0.03868354484438896 0.08674587309360504
v -0.036432284861803055 -0.03823961690068245 0.08703261613845825
v -0.03703552857041359 -0.03881024196743965 0.0873800665140152
v -0.03685265779495239 -0.03879385069012642 0.08687229454517365
v -0.036432284861803055 -0.03823961690068245 0.08703261613845825
v -0.03703552857041359 -0.03881024196743965 0.0873800665140152
v -0.036432284861803055 -0.03823961690068245 0.08703261613845825
v -0.036286670714616776 -0.03838372230529785 0.087540403008461
v -0.03658021613955498 -0.039066873490810394 0.08761437237262726
v -0.03703552857041359 -0.03881024196743965 0.0873800665140152
v -0.036286670714616776 -0.03838372230529785 0.087540403008461
v -0.03658021613955498 -0.039066873490810394 0.08761437237262726
v -0.036286670714616776 -0.03838372230529785 0.087540403008461
v -0.035961296409368515 -0.03870909661054611 0.0875590518116951
v -0.03843668848276138 -0.037501391023397446 0.0857214406132698
v -0.038054920732975006 -0.037816986441612244 0.0853109359741211
v -0.038150761276483536 -0.03750290349125862 0.08582092076539993
v -0.03808408975601196 -0.03778073191642761 0.08626909554004669
v -0.03843668848276138 -0.037501391023397446 0.0857214406132698
v -0.038150761276483536 -0.03750290349125862 0.08582092076539993
v -0.038054920732975006 -0.037816986441612244 0.0853109359741211
v -0.03759375959634781 -0.03804313391447067 0.08547110110521317
v -0.037458956241607666 -0.03721209615468979 0.08537723124027252
v -0.038150761276483536 -0.03750290349125862 0.08582092076539993
v -0.037458956241607666 -0.03721209615468979 0.08537723124027252
v -0.03762739524245262 -0.03704416751861572 0.08600027114152908
v -0.038150761276483536 -0.03750290349125862 0.08582092076539993
v -0.038054920732975006 -0.037816986441612244 0.0853109359741211
v -0.037458956241607666 -0.03721209615468979 0.08537723124027252
v -0.03808408975601196 -0.03778073191642761 0.08626909554004669
v -0.038150761276483536 -0.03750290349125862 0.08582092076539993
v -0.03762739524245262 -0.03704416751861572 0.08600027114152908
v -0.03808408975601196 -0.03778073191642761 0.08626909554004669
v -0.03762739524245262 -0.03704416751861572 0.08600027114152908
v -0.037185028195381165 -0.037485942244529724 0.08620275557041168
v -0.03900817409157753 -0.03692813590168953 0.08424849063158035
v -0.0386095866560936 -0.037052761763334274 0.08423149585723877
v -0.038343723863363266 -0.037588879466056824 0.08433420211076736
v -0.03856099769473076 -0.03706857189536095 0.08339472115039825
v -0.03901302069425583 -0.0369269959628582 0.08343781530857086
v -0.03840622678399086 -0.037537578493356705 0.08314955979585648
v -0.03901302069425583 -0.0369269959628582 0.08343781530857086
v -0.03856099769473076 -0.03706857189536095 0.08339472115039825
v -0.03880991041660309 -0.036833301186561584 0.08385451138019562
v -0.03900817409157753 -0.03692813590168953 0.08424849063158035
v -0.03901302069425583 -0.0369269959628582 0.08343781530857086
v -0.03880991041660309 -0.036833301186561584 0.08385451138019562
v -0.03900817409157753 -0.03692813590168953 0.08424849063158035
v -0.03880991041660309 -0.036833301186561584 0.08385451138019562
v -0.0386095866560936 -0.037052761763334274 0.08423149585723877
v -0.03856099769473076 -0.03706857189536095 0.08339472115039825
v -0.037820667028427124 -0.03684987500309944 0.08345283567905426
v -0.03826466202735901 -0.03640572726726532 0.08355148136615753
v -0.03880991041660309 -0.036833301186561584 0.08385451138019562
v -0.03856099769473076 -0.03706857189536095 0.08339472115039825
v -0.03826466202735901 -0.03640572726726532 0.08355148136615753
v -0.03880991041660309 -0.036833301186561584 0.08385451138019562
v -0.03826466202735901 -0.03640572726726532 0.08355148136615753
v -0.03829066827893257 -0.036379724740982056 0.08401061594486237
v -0.0386095866560936 -0.037052761763334274 0.08423149585723877
v -0.03829066827893257 -0.036379724740982056 0.08401061594486237
v -0.03801048547029495 -0.036659903824329376 0.08427204191684723
v -0.0386095866560936 -0.037052761763334274 0.08423149585723877
v -0.03880991041660309 -0.036833301186561584 0.08385451138019562
v -0.03829066827893257 -0.036379724740982056 0.08401061594486237
v -0.03942373767495155 -0.036213070154190063 0.08486653119325638
v -0.039949897676706314 -0.035987500101327896 0.08524788171052933
v -0.03957677632570267 -0.03636417165398598 0.08467300236225128
v -0.039949897676706314 -0.035987500101327896 0.08524788171052933
v -0.03942373767495155 -0.036213070154190063 0.08486653119325638
v -0.03965499997138977 -0.035995468497276306 0.08537574112415314
v -0.03966953605413437 -0.03627190738916397 0.08590532094240189
v -0.03965499997138977 -0.035995468497276306 0.08537574112415314
v -0.03934492543339729 -0.036295171827077866 0.08574962615966797
v -0.03966953605413437 -0.03627190738916397 0.08590532094240189
v -0.039949897676706314 -0.035987500101327896 0.08524788171052933
v -0.03965499997138977 -0.035995468497276306 0.08537574112415314
v -0.03942373767495155 -0.036213070154190063 0.08486653119325638
v -0.03866231441497803 -0.03600848838686943 0.08495308458805084
v -0.03901951387524605 -0.03565087914466858 0.08493955433368683
v -0.03942373767495155 -0.036213070154190063 0.08486653119325638
v -0.03901951387524605 -0.03565087914466858 0.08493955433368683
v -0.039168037474155426 -0.0355023518204689 0.08534736186265945
v -0.03965499997138977 -0.035995468497276306 0.08537574112415314
v -0.03942373767495155 -0.036213070154190063 0.08486653119325638
v -0.039168037474155426 -0.0355023518204689 0.08534736186265945
v -0.03965499997138977 -0.035995468497276306 0.08537574112415314
v -0.039168037474155426 -0.0355023518204689 0.08534736186265945
v -0.038865845650434494 -0.0358065664768219 0.08578582108020782
v -0.03934492543339729 -0.036295171827077866 0.08574962615966797
v -0.03965499997138977 -0.035995468497276306 0.08537574112415314
v -0.038865845650434494 -0.0358065664768219 0.08578582108020782
v -0.039429642260074615 -0.036490146070718765 0.08662712574005127
v -0.03907935693860054 -0.03656798601150513 0.08671380579471588
v -0.03936569765210152 -0.03628973290324211 0.08719856292009354
v -0.03958309814333916 -0.0363570861518383 0.08752138167619705
v -0.039429642260074615 -0.036490146070718765 0.08662712574005127
v -0.03936569765210152 -0.03628973290324211 0.08719856292009354
v -0.03958309814333916 -0.0363570861518383 0.08752138167619705
v -0.03936569765210152 -0.03628973290324211 0.08719856292009354
v -0.03921215981245041 -0.03665030002593994 0.08767636120319366
v -0.03936569765210152 -0.03628973290324211 0.08719856292009354
v -0.03907935693860054 -0.03656798601150513 0.08671380579471588
v -0.03869767487049103 -0.03597329556941986 0.08675892651081085
v -0.03936569765210152 -0.03628973290324211 0.08719856292009354
v -0.03869767487049103 -0.03597329556941986 0.08675892651081085
v -0.0388350747525692 -0.03583657369017601 0.08739979565143585
v -0.03921215981245041 -0.03665030002593994 0.08767636120319366
v -0.03936569765210152 -0.03628973290324211 0.08719856292009354
v -0.0388350747525692 -0.03583657369017601 0.08739979565143585
v -0.03921215981245041 -0.03665030002593994 0.08767636120319366
v -0.0388350747525692 -0.03583657369017601 0.08739979565143585
v -0.03847775608301163 -0.0361926332116127 0.08759190142154694
v -0.03784986585378647 -0.03779596835374832 0.0875600129365921
v -0.038346897810697556 -0.03759445995092392 0.0876244455575943
v -0.03784547373652458 -0.03809496387839317 0.08736427128314972
v -0.038346897810697556 -0.03759445995092392 0.0876244455575943
v -0.03784986585378647 -0.03779596835374832 0.0875600129365921
v -0.03814482316374779 -0.03749140352010727 0.0880236104130745
v -0.03836418688297272 -0.03757506236433983 0.08835478127002716
v -0.038346897810697556 -0.03759445995092392 0.0876244455575943
v -0.03814482316374779 -0.03749140352010727 0.0880236104130745
v -0.03836418688297272 -0.03757506236433983 0.08835478127002716
v -0.03814482316374779 -0.03749140352010727 0.0880236104130745
v -0.03781328350305557 -0.03783482313156128 0.08844448626041412
v -0.03781328350305557 -0.03783482313156128 0.08844448626041412
v -0.03770552575588226 -0.0382230207324028 0.08857037127017975
v -0.03836418688297272 -0.03757506236433983 0.08835478127002716
v -0.03784986585378647 -0.03779596835374832 0.0875600129365921
v -0.0371982716023922 -0.03747211769223213 0.08759511262178421
v -0.0376344695687294 -0.03703777492046356 0.08781899511814117
v -0.03814482316374779 -0.03749140352010727 0.0880236104130745
v -0.03784986585378647 -0.03779596835374832 0.0875600129365921
v -0.0376344695687294 -0.03703777492046356 0.08781899511814117
v -0.03814482316374779 -0.03749140352010727 0.0880236104130745
v -0.0376344695687294 -0.03703777492046356 0.08781899511814117
v -0.037502795457839966 -0.03716759756207466 0.08837021142244339
v -0.03781328350305557 -0.03783482313156128 0.08844448626041412
v -0.03814482316374779 -0.03749140352010727 0.0880236104130745
v -0.037502795457839966 -0.03716759756207466 0.08837021142244339
v -0.03781328350305557 -0.03783482313156128 0.08844448626041412
v -0.037502795457839966 -0.03716759756207466 0.08837021142244339
v -0.03717746585607529 -0.03749292716383934 0.08838923275470734
v -0.03754645213484764 -0.038113873451948166 0.0881621316075325
v -0.03781328350305557 -0.03783482313156128 0.08844448626041412
v -0.03717746585607529 -0.03749292716383934 0.08838923275470734
v -0.03754645213484764 -0.038113873451948166 0.0881621316075325
v -0.03717746585607529 -0.03749292716383934 0.08838923275470734
v -0.03702444210648537 -0.03764595091342926 0.08798463642597198
v -0.037594299763441086 -0.03825155645608902 0.08778835088014603
v -0.03754645213484764 -0.038113873451948166 0.0881621316075325
v -0.03702444210648537 -0.03764595091342926 0.08798463642597198
v -0.037594299763441086 -0.03825155645608902 0.08778835088014603
v -0.03702444210648537 -0.03764595091342926 0.08798463642597198
v -0.0371982716023922 -0.03747211769223213 0.08759511262178421
v -0.03784986585378647 -0.03779596835374832 0.0875600129365921
v -0.037594299763441086 -0.03825155645608902 0.08778835088014603
v -0.0371982716023922 -0.03747211769223213 0.08759511262178421
v -0.03784986585378647 -0.03779596835374832 0.0875600129365921
v -0.03784547373652458 -0.03809496387839317 0.08736427128314972
v -0.037594299763441086 -0.03825155645608902 0.08778835088014603
v -0.03770552575588226 -0.0382230207324028 0.08857037127017975
v -0.03781328350305557 -0.03783482313156128 0.08844448626041412
v -0.03754645213484764 -0.038113873451948166 0.0881621316075325
v -0.037594299763441086 -0.03825155645608902 0.08778835088014603
v -0.03770552575588226 -0.0382230207324028 0.08857037127017975
v -0.03754645213484764 -0.038113873451948166 0.0881621316075325
v -0.03879575431346893 -0.03683406487107277 0.08746230602264404
v -0.03921215981245041 -0.03665030002593994 0.08767636120319366
v -0.03847775608301163 -0.0361926332116127 0.08759190142154694
v -0.03879575431346893 -0.03683406487107277 0.08746230602264404
v -0.03847775608301163 -0.0361926332116127 0.08759190142154694
v -0.038250796496868134 -0.036419592797756195 0.08731324225664139
v -0.03876953572034836 -0.036883123219013214 0.08695991337299347
v -0.03879575431346893 -0.03683406487107277 0.08746230602264404
v -0.038250796496868134 -0.036419592797756195 0.08731324225664139
v -0.03876953572034836 -0.036883123219013214 0.08695991337299347
v -0.038250796496868134 -0.036419592797756195 0.08731324225664139
v -0.03832594305276871 -0.03634444624185562 0.08686685562133789
v -0.03907935693860054 -0.03656798601150513 0.08671380579471588
v -0.03876953572034836 -0.036883123219013214 0.08695991337299347
v -0.03832594305276871 -0.03634444624185562 0.08686685562133789
v -0.03907935693860054 -0.03656798601150513 0.08671380579471588
v -0.03832594305276871 -0.03634444624185562 0.08686685562133789
v -0.03869767487049103 -0.03597329556941986 0.08675892651081085
v -0.03879575431346893 -0.03683406487107277 0.08746230602264404
v -0.038809701800346375 -0.03713073581457138 0.08754219114780426
v -0.03921215981245041 -0.03665030002593994 0.08767636120319366
v -0.038801610469818115 -0.03713688999414444 0.0867852121591568
v -0.03879575431346893 -0.03683406487107277 0.08746230602264404
v -0.03876953572034836 -0.036883123219013214 0.08695991337299347
v -0.038801610469818115 -0.03713688999414444 0.0867852121591568
v -0.038809701800346375 -0.03713073581457138 0.08754219114780426
v -0.03879575431346893 -0.03683406487107277 0.08746230602264404
v -0.03907935693860054 -0.03656798601150513 0.08671380579471588
v -0.039429642260074615 -0.036490146070718765 0.08662712574005127
v -0.038801610469818115 -0.03713688999414444 0.0867852121591568
v -0.03907935693860054 -0.03656798601150513 0.08671380579471588
v -0.038801610469818115 -0.03713688999414444 0.0867852121591568
v -0.03876953572034836 -0.036883123219013214 0.08695991337299347
v -0.03906312957406044 -0.03659719601273537 0.08547218143939972
v -0.038865845650434494 -0.0358065664768219 0.08578582108020782
v -0.03854759410023689 -0.036122795194387436 0.0854000523686409
v -0.03906312957406044 -0.03659719601273537 0.08547218143939972
v -0.03934492543339729 -0.036295171827077866 0.08574962615966797
v -0.038865845650434494 -0.0358065664768219 0.08578582108020782
v -0.039070043712854385 -0.03658261522650719 0.08509983122348785
v -0.03906312957406044 -0.03659719601273537 0.08547218143939972
v -0.03854759410023689 -0.036122795194387436 0.0854000523686409
v -0.039070043712854385 -0.03658261522650719 0.08509983122348785
v -0.03854759410023689 -0.036122795194387436 0.0854000523686409
v -0.03866231441497803 -0.03600848838686943 0.08495308458805084
v -0.03942373767495155 -0.036213070154190063 0.08486653119325638
v -0.039070043712854385 -0.03658261522650719 0.08509983122348785
v -0.03866231441497803 -0.03600848838686943 0.08495308458805084
v -0.039153456687927246 -0.03678319603204727 0.0857677012681961
v -0.03966953605413437 -0.03627190738916397 0.08590532094240189
v -0.03934492543339729 -0.036295171827077866 0.08574962615966797
v -0.039153456687927246 -0.03678319603204727 0.0857677012681961
v -0.03934492543339729 -0.036295171827077866 0.08574962615966797
v -0.03906312957406044 -0.03659719601273537 0.08547218143939972
v -0.03910211846232414 -0.03683570772409439 0.08492483198642731
v -0.03906312957406044 -0.03659719601273537 0.08547218143939972
v -0.039070043712854385 -0.03658261522650719 0.08509983122348785
v -0.03910211846232414 -0.03683570772409439 0.08492483198642731
v -0.039153456687927246 -0.03678319603204727 0.0857677012681961
v -0.03906312957406044 -0.03659719601273537 0.08547218143939972
v -0.03942373767495155 -0.036213070154190063 0.08486653119325638
v -0.03957677632570267 -0.03636417165398598 0.08467300236225128
v -0.03910211846232414 -0.03683570772409439 0.08492483198642731
v -0.03942373767495155 -0.036213070154190063 0.08486653119325638
v -0.03910211846232414 -0.03683570772409439 0.08492483198642731
v -0.039070043712854385 -0.03658261522650719 0.08509983122348785
v -0.038261786103248596 -0.037377722561359406 0.0841192752122879
v -0.0386095866560936 -0.037052761763334274 0.08423149585723877
v -0.03801048547029495 -0.036659903824329376 0.08427204191684723
v -0.038261786103248596 -0.037377722561359406 0.0841192752122879
v -0.03801048547029495 -0.036659903824329376 0.08427204191684723
v -0.03773028030991554 -0.036940112709999084 0.08401061594486237
v -0.03823413699865341 -0.037434037774801254 0.08358456194400787
v -0.03773028030991554 -0.036940112709999084 0.08401061594486237
v -0.037820667028427124 -0.03684987500309944 0.08345283567905426
v -0.03823413699865341 -0.037434037774801254 0.08358456194400787
v -0.038261786103248596 -0.037377722561359406 0.0841192752122879
v -0.03773028030991554 -0.036940112709999084 0.08401061594486237
v -0.03856099769473076 -0.03706857189536095 0.08339472115039825
v -0.03823413699865341 -0.037434037774801254 0.08358456194400787
v -0.037820667028427124 -0.03684987500309944 0.08345283567905426
v -0.038343723863363266 -0.037588879466056824 0.08433420211076736
v -0.0386095866560936 -0.037052761763334274 0.08423149585723877
v -0.038261786103248596 -0.037377722561359406 0.0841192752122879
v -0.03825324401259422 -0.03768542781472206 0.08344848453998566
v -0.038261786103248596 -0.037377722561359406 0.0841192752122879
v -0.03823413699865341 -0.037434037774801254 0.08358456194400787
v -0.03825324401259422 -0.03768542781472206 0.08344848453998566
v -0.038343723863363266 -0.037588879466056824 0.08433420211076736
v -0.038261786103248596 -0.037377722561359406 0.0841192752122879
v -0.03856099769473076 -0.03706857189536095 0.08339472115039825
v -0.03840622678399086 -0.037537578493356705 0.08314955979585648
v -0.03825324401259422 -0.03768542781472206 0.08344848453998566
v -0.03856099769473076 -0.03706857189536095 0.08339472115039825
v -0.03825324401259422 -0.03768542781472206 0.08344848453998566
v -0.03823413699865341 -0.037434037774801254 0.08358456194400787
v -0.03759723901748657 -0.03806190937757492 0.0861063152551651
v -0.03808408975601196 -0.03778073191642761 0.08626909554004669
v -0.037185028195381165 -0.037485942244529724 0.08620275557041168
v -0.03759723901748657 -0.03806190937757492 0.0861063152551651
v -0.037185028195381165 -0.037485942244529724 0.08620275557041168
v -0.037036746740341187 -0.0376342236995697 0.08561666309833527
v -0.03759375959634781 -0.03804313391447067 0.08547110110521317
v -0.03759723901748657 -0.03806190937757492 0.0861063152551651
v -0.037036746740341187 -0.0376342236995697 0.08561666309833527
v -0.03759375959634781 -0.03804313391447067 0.08547110110521317
v -0.037036746740341187 -0.0376342236995697 0.08561666309833527
v -0.037458956241607666 -0.03721209615468979 0.08537723124027252
v -0.03762693703174591 -0.038303472101688385 0.08628715574741364
v -0.03808408975601196 -0.03778073191642761 0.08626909554004669
v -0.03759723901748657 -0.03806190937757492 0.0861063152551651
v -0.03759375959634781 -0.03804313391447067 0.08547110110521317
v -0.03762693703174591 -0.038303472101688385 0.08628715574741364
v -0.03759723901748657 -0.03806190937757492 0.0861063152551651
v -0.03759375959634781 -0.03804313391447067 0.08547110110521317
v -0.03761037811636925 -0.03833233565092087 0.0853964239358902
v -0.03762693703174591 -0.038303472101688385 0.08628715574741364
v -0.03759375959634781 -0.03804313391447067 0.08547110110521317
v -0.038054920732975006 -0.037816986441612244 0.0853109359741211
v -0.03761037811636925 -0.03833233565092087 0.0853964239358902
v -0.036288224160671234 -0.03936561197042465 0.08719117194414139
v -0.03658021613955498 -0.039066873490810394 0.08761437237262726
v -0.035961296409368515 -0.03870909661054611 0.0875590518116951
v -0.036288224160671234 -0.03936561197042465 0.08719117194414139
v -0.035961296409368515 -0.03870909661054611 0.0875590518116951
v -0.03581428900361061 -0.038856104016304016 0.08720888197422028
v -0.036288224160671234 -0.03936561197042465 0.08719117194414139
v -0.03581428900361061 -0.038856104016304016 0.08720888197422028
v -0.03598691150546074 -0.03868354484438896 0.08674587309360504
v -0.03649858012795448 -0.03916596248745918 0.08676071465015411
v -0.036288224160671234 -0.03936561197042465 0.08719117194414139
v -0.03598691150546074 -0.03868354484438896 0.08674587309360504
v -0.03658021613955498 -0.039066873490810394 0.08761437237262726
v -0.036357637494802475 -0.03958195075392723 0.08751942217350006
v -0.03687984123826027 -0.03906068205833435 0.08780534565448761
v -0.036357637494802475 -0.03958195075392723 0.08751942217350006
v -0.03658021613955498 -0.039066873490810394 0.08761437237262726
v -0.036288224160671234 -0.03936561197042465 0.08719117194414139
v -0.036288224160671234 -0.03936561197042465 0.08719117194414139
v -0.036495208740234375 -0.039434608072042465 0.08659489452838898
v -0.036357637494802475 -0.03958195075392723 0.08751942217350006
v -0.03649858012795448 -0.03916596248745918 0.08676071465015411
v -0.036495208740234375 -0.039434608072042465 0.08659489452838898
v -0.036288224160671234 -0.03936561197042465 0.08719117194414139
v -0.03602973744273186 -0.03963058814406395 0.08547218143939972
v -0.03570757061243057 -0.038962818682193756 0.08572371304035187
v -0.03551420196890831 -0.03915618732571602 0.0854000523686409
v -0.03602973744273186 -0.03963058814406395 0.08547218143939972
v -0.03629771247506142 -0.03934483602643013 0.0857601910829544
v -0.03570757061243057 -0.038962818682193756 0.08572371304035187
v -0.03610117733478546 -0.039552319794893265 0.08494646102190018
v -0.03602973744273186 -0.03963058814406395 0.08547218143939972
v -0.03551420196890831 -0.03915618732571602 0.0854000523686409
v -0.03610117733478546 -0.039552319794893265 0.08494646102190018
v -0.03551420196890831 -0.03915618732571602 0.0854000523686409
v -0.03562887758016586 -0.039041925221681595 0.08495308458805084
v -0.03618716076016426 -0.03974325209856033 0.08587701618671417
v -0.03629771247506142 -0.03934483602643013 0.0857601910829544
v -0.03602973744273186 -0.03963058814406395 0.08547218143939972
v -0.03606859967112541 -0.03986711800098419 0.08492536097764969
v -0.03602973744273186 -0.03963058814406395 0.08547218143939972
v -0.03610117733478546 -0.039552319794893265 0.08494646102190018
v -0.03606859967112541 -0.03986711800098419 0.08492536097764969
v -0.03618716076016426 -0.03974325209856033 0.08587701618671417
v -0.03602973744273186 -0.03963058814406395 0.08547218143939972
v -0.03610117733478546 -0.039552319794893265 0.08494646102190018
v -0.03670172765851021 -0.03922395780682564 0.08476437628269196
v -0.03606859967112541 -0.03986711800098419 0.08492536097764969
v -0.037148620933294296 -0.038511037826538086 0.08428646624088287
v -0.036664023995399475 -0.038006365299224854 0.08426566421985626
v -0.036379728466272354 -0.038290660828351974 0.08401061594486237
v -0.036841318011283875 -0.03880830481648445 0.08388276398181915
v -0.037148620933294296 -0.038511037826538086 0.08428646624088287
v -0.036379728466272354 -0.038290660828351974 0.08401061594486237
v -0.036841318011283875 -0.03880830481648445 0.08388276398181915
v -0.036379728466272354 -0.038290660828351974 0.08401061594486237
v -0.03649242967367172 -0.038179900497198105 0.08341903239488602
v -0.03700733184814453 -0.03863764926791191 0.08342267572879791
v -0.036841318011283875 -0.03880830481648445 0.08388276398181915
v -0.03649242967367172 -0.038179900497198105 0.08341903239488602
v -0.03692531958222389 -0.0390050932765007 0.08338399231433868
v -0.03700733184814453 -0.03863764926791191 0.08342267572879791
v -0.037390295416116714 -0.038454897701740265 0.0833587720990181
v -0.037029929459095 -0.03890267387032509 0.08438892662525177
v -0.037148620933294296 -0.038511037826538086 0.08428646624088287
v -0.036841318011283875 -0.03880830481648445 0.08388276398181915
v -0.03692531958222389 -0.0390050932765007 0.08338399231433868
v -0.037029929459095 -0.03890267387032509 0.08438892662525177
v -0.036841318011283875 -0.03880830481648445 0.08388276398181915
v -0.03692531958222389 -0.0390050932765007 0.08338399231433868
v -0.036841318011283875 -0.03880830481648445 0.08388276398181915
v -0.03700733184814453 -0.03863764926791191 0.08342267572879791
v -0.038063567131757736 -0.037611011415719986 0.08256997168064117
v -0.03806386888027191 -0.03761112317442894 0.08287376910448074
v -0.03824727237224579 -0.03741288185119629 0.08229996263980865
v -0.03806386888027191 -0.03761112317442894 0.08287376910448074
v -0.03824727237224579 -0.03741288185119629 0.08313991129398346
v -0.03824727237224579 -0.03741288185119629 0.08229996263980865
v -0.03824727237224579 -0.03741288185119629 0.08229996263980865
v -0.03763928636908531 -0.0381908155977726 0.08230002224445343
v -0.038063567131757736 -0.037611011415719986 0.08256997168064117
v -0.03763928636908531 -0.0381908155977726 0.08230002224445343
v -0.037660885602235794 -0.03821253404021263 0.08256632834672928
v -0.038063567131757736 -0.037611011415719986 0.08256997168064117
v -0.037773311138153076 -0.037943072617053986 0.08286555111408234
v -0.03785594180226326 -0.037992533296346664 0.08313961327075958
v -0.03806386888027191 -0.03761112317442894 0.08287376910448074
v -0.03806386888027191 -0.03761112317442894 0.08287376910448074
v -0.03785594180226326 -0.037992533296346664 0.08313961327075958
v -0.03824727237224579 -0.03741288185119629 0.08313991129398346
v -0.03785594180226326 -0.037992533296346664 0.08313961327075958
v -0.03840622678399086 -0.037537578493356705 0.08314955979585648
v -0.03824727237224579 -0.03741288185119629 0.08313991129398346
v -0.03840622678399086 -0.037537578493356705 0.08314955979585648
v -0.03824727237224579 -0.03741288185119629 0.08229996263980865
v -0.03824727237224579 -0.03741288185119629 0.08313991129398346
v -0.03840622678399086 -0.037537578493356705 0.08314955979585648
v -0.03838880732655525 -0.03755441680550575 0.08229996263980865
v -0.03824727237224579 -0.03741288185119629 0.08229996263980865
v -0.03838880732655525 -0.03755441680550575 0.08229996263980865
v -0.03763928636908531 -0.0381908155977726 0.08230002224445343
v -0.03824727237224579 -0.03741288185119629 0.08229996263980865
v -0.038063567131757736 -0.037611011415719986 0.08256997168064117
v -0.037660885602235794 -0.03821253404021263 0.08256632834672928
v -0.0375543087720871 -0.03810584545135498 0.0825999528169632
v -0.03774649649858475 -0.03820683807134628 0.08352090418338776
v -0.037773311138153076 -0.037943072617053986 0.08286555111408234
v -0.03766432777047157 -0.037991274148225784 0.08349557220935822
v -0.0375543087720871 -0.03810584545135498 0.0825999528169632
v -0.03774649649858475 -0.03820683807134628 0.08352090418338776
v -0.03766432777047157 -0.037991274148225784 0.08349557220935822
v -0.037660885602235794 -0.03821253404021263 0.08256632834672928
v -0.03774649649858475 -0.03820683807134628 0.08352090418338776
v -0.0375543087720871 -0.03810584545135498 0.0825999528169632
v -0.037773311138153076 -0.037943072617053986 0.08286555111408234
v -0.03806386888027191 -0.03761112317442894 0.08287376910448074
v -0.038063567131757736 -0.037611011415719986 0.08256997168064117
v -0.0375543087720871 -0.03810584545135498 0.0825999528169632
v -0.03766432777047157 -0.037991274148225784 0.08349557220935822
v -0.037773311138153076 -0.037943072617053986 0.08286555111408234
v -0.0375543087720871 -0.03810584545135498 0.0825999528169632
v -0.037773311138153076 -0.037943072617053986 0.08286555111408234
v -0.038063567131757736 -0.037611011415719986 0.08256997168064117
v -0.03910211846232414 -0.03683570772409439 0.08492483198642731
v -0.03843668848276138 -0.037501391023397446 0.0857214406132698
v -0.039153456687927246 -0.03678319603204727 0.0857677012681961
v -0.03836418688297272 -0.03757506236433983 0.08835478127002716
v -0.03797343000769615 -0.03797231614589691 0.08958031237125397
v -0.039638858288526535 -0.03630562499165535 0.08883757144212723
v -0.03769630193710327 -0.03824447840452194 0.08416660130023956
v -0.038054920732975006 -0.037816986441612244 0.0853109359741211
v -0.038343723863363266 -0.037588879466056824 0.08433420211076736
v -0.039153456687927246 -0.03678319603204727 0.0857677012681961
v -0.038801610469818115 -0.03713688999414444 0.0867852121591568
v -0.039429642260074615 -0.036490146070718765 0.08662712574005127
v -0.039153456687927246 -0.03678319603204727 0.0857677012681961
v -0.03843668848276138 -0.037501391023397446 0.0857214406132698
v -0.038801610469818115 -0.03713688999414444 0.0867852121591568
v -0.03606859967112541 -0.03986711800098419 0.08492536097764969
v -0.035272907465696335 -0.040672753006219864 0.08623368293046951
v -0.03618716076016426 -0.03974325209856033 0.08587701618671417
v -0.037594299763441086 -0.03825155645608902 0.08778835088014603
v -0.03687984123826027 -0.03906068205833435 0.08780534565448761
v -0.03770552575588226 -0.0382230207324028 0.08857037127017975
v -0.03703552857041359 -0.03881024196743965 0.0873800665140152
v -0.03687984123826027 -0.03906068205833435 0.08780534565448761
v -0.037594299763441086 -0.03825155645608902 0.08778835088014603
v -0.03770552575588226 -0.0382230207324028 0.08857037127017975
v -0.03797343000769615 -0.03797231614589691 0.08958031237125397
v -0.03836418688297272 -0.03757506236433983 0.08835478127002716
v -0.03854529932141304 -0.03739943727850914 0.0820934921503067
v -0.03901302069425583 -0.0369269959628582 0.08343781530857086
v -0.04008527845144272 -0.03585945814847946 0.08338643610477448
v -0.03854529932141304 -0.03739943727850914 0.0820934921503067
v -0.03840622678399086 -0.037537578493356705 0.08314955979585648
v -0.03901302069425583 -0.0369269959628582 0.08343781530857086
v -0.03769630193710327 -0.03824447840452194 0.08416660130023956
v -0.03761037811636925 -0.03833233565092087 0.0853964239358902
v -0.038054920732975006 -0.037816986441612244 0.0853109359741211
v -0.037029929459095 -0.03890267387032509 0.08438892662525177
v -0.03761037811636925 -0.03833233565092087 0.0853964239358902
v -0.03769630193710327 -0.03824447840452194 0.08416660130023956
v -0.03838880732655525 -0.03755441680550575 0.08229996263980865
v -0.03840622678399086 -0.037537578493356705 0.08314955979585648
v -0.03854529932141304 -0.03739943727850914 0.0820934921503067
v -0.03957677632570267 -0.03636417165398598 0.08467300236225128
v -0.039949897676706314 -0.035987500101327896 0.08524788171052933
v -0.04008527845144272 -0.03585945814847946 0.08338643610477448
v -0.03901302069425583 -0.0369269959628582 0.08343781530857086
v -0.03900817409157753 -0.03692813590168953 0.08424849063158035
v -0.04008527845144272 -0.03585945814847946 0.08338643610477448
v -0.04008527845144272 -0.03585945814847946 0.08338643610477448
v -0.039949897676706314 -0.035987500101327896 0.08524788171052933
v -0.04067271575331688 -0.035273026674985886 0.08623361587524414
v -0.03900817409157753 -0.03692813590168953 0.08424849063158035
v -0.03957677632570267 -0.03636417165398598 0.08467300236225128
v -0.04008527845144272 -0.03585945814847946 0.08338643610477448
v -0.03843668848276138 -0.037501391023397446 0.0857214406132698
v -0.03808408975601196 -0.03778073191642761 0.08626909554004669
v -0.038801610469818115 -0.03713688999414444 0.0867852121591568
v -0.03618716076016426 -0.03974325209856033 0.08587701618671417
v -0.035272907465696335 -0.040672753006219864 0.08623368293046951
v -0.036495208740234375 -0.039434608072042465 0.08659489452838898
v -0.03770552575588226 -0.0382230207324028 0.08857037127017975
v -0.03630508854985237 -0.03964024409651756 0.08883422613143921
v -0.03797343000769615 -0.03797231614589691 0.08958031237125397
v -0.03692531958222389 -0.0390050932765007 0.08338399231433868
v -0.03670097142457962 -0.03924410790205002 0.08240409195423126
v -0.037029929459095 -0.03890267387032509 0.08438892662525177
v -0.03687984123826027 -0.03906068205833435 0.08780534565448761
v -0.03630508854985237 -0.03964024409651756 0.08883422613143921
v -0.03770552575588226 -0.0382230207324028 0.08857037127017975
v -0.03670097142457962 -0.03924410790205002 0.08240409195423126
v -0.03763928636908531 -0.0381908155977726 0.08230002224445343
v -0.03854529932141304 -0.03739943727850914 0.0820934921503067
v -0.036495208740234375 -0.039434608072042465 0.08659489452838898
v -0.035272907465696335 -0.040672753006219864 0.08623368293046951
v -0.036357637494802475 -0.03958195075392723 0.08751942217350006
v -0.035272907465696335 -0.040672753006219864 0.08623368293046951
v -0.03630508854985237 -0.03964024409651756 0.08883422613143921
v -0.036357637494802475 -0.03958195075392723 0.08751942217350006
v -0.03921215981245041 -0.03665030002593994 0.08767636120319366
v -0.039638858288526535 -0.03630562499165535 0.08883757144212723
v -0.03958309814333916 -0.0363570861518383 0.08752138167619705
v -0.036357637494802475 -0.03958195075392723 0.08751942217350006
v -0.03630508854985237 -0.03964024409651756 0.08883422613143921
v -0.03687984123826027 -0.03906068205833435 0.08780534565448761
v -0.03774649649858475 -0.03820683807134628 0.08352090418338776
v -0.037660885602235794 -0.03821253404021263 0.08256632834672928
v -0.037390295416116714 -0.038454897701740265 0.0833587720990181
v -0.03900817409157753 -0.03692813590168953 0.08424849063158035
v -0.03910211846232414 -0.03683570772409439 0.08492483198642731
v -0.03957677632570267 -0.03636417165398598 0.08467300236225128
v -0.03840622678399086 -0.037537578493356705 0.08314955979585648
v -0.03785594180226326 -0.037992533296346664 0.08313961327075958
v -0.03825324401259422 -0.03768542781472206 0.08344848453998566
v -0.03763928636908531 -0.0381908155977726 0.08230002224445343
v -0.03838880732655525 -0.03755441680550575 0.08229996263980865
v -0.03854529932141304 -0.03739943727850914 0.0820934921503067
v -0.037773311138153076 -0.037943072617053986 0.08286555111408234
v -0.03774649649858475 -0.03820683807134628 0.08352090418338776
v -0.03785594180226326 -0.037992533296346664 0.08313961327075958
v -0.03670097142457962 -0.03924410790205002 0.08240409195423126
v -0.037660885602235794 -0.03821253404021263 0.08256632834672928
v -0.03763928636908531 -0.0381908155977726 0.08230002224445343
v -0.03670097142457962 -0.03924410790205002 0.08240409195423126
v -0.035632845014333725 -0.04031037911772728 0.08398385345935822
v -0.037029929459095 -0.03890267387032509 0.08438892662525177
v -0.039949897676706314 -0.035987500101327896 0.08524788171052933
v -0.03966953605413437 -0.03627190738916397 0.08590532094240189
v -0.04067271575331688 -0.035273026674985886 0.08623361587524414
v -0.037029929459095 -0.03890267387032509 0.08438892662525177
v -0.03670172765851021 -0.03922395780682564 0.08476437628269196
v -0.03761037811636925 -0.03833233565092087 0.0853964239358902
v -0.038343723863363266 -0.037588879466056824 0.08433420211076736
v -0.03910211846232414 -0.03683570772409439 0.08492483198642731
v -0.03900817409157753 -0.03692813590168953 0.08424849063158035
v -0.03670172765851021 -0.03922395780682564 0.08476437628269196
v -0.036850932985544205 -0.03909001871943474 0.08566190302371979
v -0.03761037811636925 -0.03833233565092087 0.0853964239358902
v -0.035632845014333725 -0.04031037911772728 0.08398385345935822
v -0.03670172765851021 -0.03922395780682564 0.08476437628269196
v -0.037029929459095 -0.03890267387032509 0.08438892662525177
v -0.03761037811636925 -0.03833233565092087 0.0853964239358902
v -0.036850932985544205 -0.03909001871943474 0.08566190302371979
v -0.03762693703174591 -0.038303472101688385 0.08628715574741364
v -0.03785594180226326 -0.037992533296346664 0.08313961327075958
v -0.03774649649858475 -0.03820683807134628 0.08352090418338776
v -0.03825324401259422 -0.03768542781472206 0.08344848453998566
v -0.038801610469818115 -0.03713688999414444 0.0867852121591568
v -0.038346897810697556 -0.03759445995092392 0.0876244455575943
v -0.038809701800346375 -0.03713073581457138 0.08754219114780426
v -0.03808408975601196 -0.03778073191642761 0.08626909554004669
v -0.038346897810697556 -0.03759445995092392 0.0876244455575943
v -0.038801610469818115 -0.03713688999414444 0.0867852121591568
v -0.035632845014333725 -0.04031037911772728 0.08398385345935822
v -0.03606859967112541 -0.03986711800098419 0.08492536097764969
v -0.03670172765851021 -0.03922395780682564 0.08476437628269196
v -0.03808408975601196 -0.03778073191642761 0.08626909554004669
v -0.03784547373652458 -0.03809496387839317 0.08736427128314972
v -0.038346897810697556 -0.03759445995092392 0.0876244455575943
v -0.03762693703174591 -0.038303472101688385 0.08628715574741364
v -0.03784547373652458 -0.03809496387839317 0.08736427128314972
v -0.03808408975601196 -0.03778073191642761 0.08626909554004669
v -0.038346897810697556 -0.03759445995092392 0.0876244455575943
v -0.03836418688297272 -0.03757506236433983 0.08835478127002716
v -0.038809701800346375 -0.03713073581457138 0.08754219114780426
v -0.038809701800346375 -0.03713073581457138 0.08754219114780426
v -0.03836418688297272 -0.03757506236433983 0.08835478127002716
v -0.03921215981245041 -0.03665030002593994 0.08767636120319366
v -0.03836418688297272 -0.03757506236433983 0.08835478127002716
v -0.039638858288526535 -0.03630562499165535 0.08883757144212723
v -0.03921215981245041 -0.03665030002593994 0.08767636120319366
v -0.03825324401259422 -0.03768542781472206 0.08344848453998566
v -0.03774649649858475 -0.03820683807134628 0.08352090418338776
v -0.038343723863363266 -0.037588879466056824 0.08433420211076736
v -0.03670097142457962 -0.03924410790205002 0.08240409195423126
v -0.037390295416116714 -0.038454897701740265 0.0833587720990181
v -0.037660885602235794 -0.03821253404021263 0.08256632834672928
v -0.03774649649858475 -0.03820683807134628 0.08352090418338776
v -0.03769630193710327 -0.03824447840452194 0.08416660130023956
v -0.038343723863363266 -0.037588879466056824 0.08433420211076736
v -0.03670097142457962 -0.03924410790205002 0.08240409195423126
v -0.03692531958222389 -0.0390050932765007 0.08338399231433868
v -0.037390295416116714 -0.038454897701740265 0.0833587720990181
v -0.036850932985544205 -0.03909001871943474 0.08566190302371979
v -0.037131503224372864 -0.03880944475531578 0.08679993450641632
v -0.03762693703174591 -0.038303472101688385 0.08628715574741364
v -0.03966953605413437 -0.03627190738916397 0.08590532094240189
v -0.039429642260074615 -0.036490146070718765 0.08662712574005127
v -0.04067271575331688 -0.035273026674985886 0.08623361587524414
v -0.036850932985544205 -0.03909001871943474 0.08566190302371979
v -0.036495208740234375 -0.039434608072042465 0.08659489452838898
v -0.037131503224372864 -0.03880944475531578 0.08679993450641632
v -0.039153456687927246 -0.03678319603204727 0.0857677012681961
v -0.039429642260074615 -0.036490146070718765 0.08662712574005127
v -0.03966953605413437 -0.03627190738916397 0.08590532094240189
v -0.03762693703174591 -0.038303472101688385 0.08628715574741364
v -0.037131503224372864 -0.03880944475531578 0.08679993450641632
v -0.03784547373652458 -0.03809496387839317 0.08736427128314972
v -0.03618716076016426 -0.03974325209856033 0.08587701618671417
v -0.036495208740234375 -0.039434608072042465 0.08659489452838898
v -0.036850932985544205 -0.03909001871943474 0.08566190302371979
v -0.039429642260074615 -0.036490146070718765 0.08662712574005127
v -0.03958309814333916 -0.0363570861518383 0.08752138167619705
v -0.04067271575331688 -0.035273026674985886 0.08623361587524414
v -0.04067271575331688 -0.035273026674985886 0.08623361587524414
v -0.03958309814333916 -0.0363570861518383 0.08752138167619705
v -0.039638858288526535 -0.03630562499165535 0.08883757144212723
v -0.037131503224372864 -0.03880944475531578 0.08679993450641632
v -0.03703552857041359 -0.03881024196743965 0.0873800665140152
v -0.03784547373652458 -0.03809496387839317 0.08736427128314972
v -0.03784547373652458 -0.03809496387839317 0.08736427128314972
v -0.03703552857041359 -0.03881024196743965 0.0873800665140152
v -0.037594299763441086 -0.03825155645608902 0.08778835088014603
v -0.038343723863363266 -0.037588879466056824 0.08433420211076736
v -0.03843668848276138 -0.037501391023397446 0.0857214406132698
v -0.03910211846232414 -0.03683570772409439 0.08492483198642731
v -0.038054920732975006 -0.037816986441612244 0.0853109359741211
v -0.03843668848276138 -0.037501391023397446 0.0857214406132698
v -0.038343723863363266 -0.037588879466056824 0.08433420211076736
v -0.035632845014333725 -0.04031037911772728 0.08398385345935822
v -0.035272907465696335 -0.040672753006219864 0.08623368293046951
v -0.03606859967112541 -0.03986711800098419 0.08492536097764969
v -0.040604688227176666 -0.0349186509847641 0.0851401835680008
v -0.04020290821790695 -0.03532060980796814 0.08363683521747589
v -0.04008527845144272 -0.03585945814847946 0.08338643610477448
v -0.03797343000769615 -0.03797231614589691 0.08958031237125397
v -0.03802647069096565 -0.03747504949569702 0.08987481147050858
v -0.039638858288526535 -0.03630562499165535 0.08883757144212723
v -0.04020290821790695 -0.03532060980796814 0.08363683521747589
v -0.03943663835525513 -0.03608393296599388 0.08248646557331085
v -0.04008527845144272 -0.03585945814847946 0.08338643610477448
v -0.03802647069096565 -0.03747504949569702 0.08987481147050858
v -0.03926733508706093 -0.0362558551132679 0.08927400410175323
v -0.039638858288526535 -0.03630562499165535 0.08883757144212723
v -0.04008527845144272 -0.03585945814847946 0.08338643610477448
v -0.03943663835525513 -0.03608393296599388 0.08248646557331085
v -0.03854529932141304 -0.03739943727850914 0.0820934921503067
v -0.03943663835525513 -0.03608393296599388 0.08248646557331085
v -0.03839925676584244 -0.03711297735571861 0.08182956278324127
v -0.03854529932141304 -0.03739943727850914 0.0820934921503067
v -0.03926733508706093 -0.0362558551132679 0.08927400410175323
v -0.04010213539004326 -0.03542206063866615 0.08817392587661743
v -0.039638858288526535 -0.03630562499165535 0.08883757144212723
v -0.03839925676584244 -0.03711297735571861 0.08182956278324127
v -0.03718487173318863 -0.03834868595004082 0.08180822432041168
v -0.03854529932141304 -0.03739943727850914 0.0820934921503067
v -0.039638858288526535 -0.03630562499165535 0.08883757144212723
v -0.04010213539004326 -0.03542206063866615 0.08817392587661743
v -0.04067271575331688 -0.035273026674985886 0.08623361587524414
v -0.04010213539004326 -0.03542206063866615 0.08817392587661743
v -0.04055849835276604 -0.034969229251146317 0.08677913248538971
v -0.04067271575331688 -0.035273026674985886 0.08623361587524414
v -0.04055849835276604 -0.034969229251146317 0.08677913248538971
v -0.040604688227176666 -0.0349186509847641 0.0851401835680008
v -0.04067271575331688 -0.035273026674985886 0.08623361587524414
v -0.04067271575331688 -0.035273026674985886 0.08623361587524414
v -0.040604688227176666 -0.0349186509847641 0.0851401835680008
v -0.04008527845144272 -0.03585945814847946 0.08338643610477448
v -0.04024488478899002 -0.034594420343637466 0.08647222071886063
v -0.04055849835276604 -0.034969229251146317 0.08677913248538971
v -0.039871130138635635 -0.034975260496139526 0.08789725601673126
v -0.04055849835276604 -0.034969229251146317 0.08677913248538971
v -0.04010213539004326 -0.03542206063866615 0.08817392587661743
v -0.039871130138635635 -0.034975260496139526 0.08789725601673126
v -0.03718487173318863 -0.03834868595004082 0.08180822432041168
v -0.03839925676584244 -0.03711297735571861 0.08182956278324127
v -0.03697670251131058 -0.03787028416991234 0.08176477253437042
v -0.03697670251131058 -0.03787028416991234 0.08176477253437042
v -0.03839925676584244 -0.03711297735571861 0.08182956278324127
v -0.03837740421295166 -0.03646772727370262 0.08198334276676178
v -0.039871130138635635 -0.034975260496139526 0.08789725601673126
v -0.04010213539004326 -0.03542206063866615 0.08817392587661743
v -0.03920360282063484 -0.035646237432956696 0.08896429091691971
v -0.04010213539004326 -0.03542206063866615 0.08817392587661743
v -0.03926733508706093 -0.0362558551132679 0.08927400410175323
v -0.03920360282063484 -0.035646237432956696 0.08896429091691971
v -0.03839925676584244 -0.03711297735571861 0.08182956278324127
v -0.03943663835525513 -0.03608393296599388 0.08248646557331085
v -0.03837740421295166 -0.03646772727370262 0.08198334276676178
v -0.03837740421295166 -0.03646772727370262 0.08198334276676178
v -0.03943663835525513 -0.03608393296599388 0.08248646557331085
v -0.039549633860588074 -0.03529658913612366 0.08303876221179962
v -0.03920360282063484 -0.035646237432956696 0.08896429091691971
v -0.03926733508706093 -0.0362558551132679 0.08927400410175323
v -0.03822188451886177 -0.03662543743848801 0.0897039920091629
v -0.03926733508706093 -0.0362558551132679 0.08927400410175323
v -0.03802647069096565 -0.03747504949569702 0.08987481147050858
v -0.03822188451886177 -0.03662543743848801 0.0897039920091629
v -0.03943663835525513 -0.03608393296599388 0.08248646557331085
v -0.04020290821790695 -0.03532060980796814 0.08363683521747589
v -0.039549633860588074 -0.03529658913612366 0.08303876221179962
v -0.03822188451886177 -0.03662543743848801 0.0897039920091629
v -0.03802647069096565 -0.03747504949569702 0.08987481147050858
v -0.03735622391104698 -0.037487294524908066 0.08983255177736282
v -0.039549633860588074 -0.03529658913612366 0.08303876221179962
v -0.04020290821790695 -0.03532060980796814 0.08363683521747589
v -0.0402059443295002 -0.034641291946172714 0.08483715355396271
v -0.04020290821790695 -0.03532060980796814 0.08363683521747589
v -0.040604688227176666 -0.0349186509847641 0.0851401835680008
v -0.0402059443295002 -0.034641291946172714 0.08483715355396271
v -0.0402059443295002 -0.034641291946172714 0.08483715355396271
v -0.040604688227176666 -0.0349186509847641 0.0851401835680008
v -0.04024488478899002 -0.034594420343637466 0.08647222071886063
v -0.040604688227176666 -0.0349186509847641 0.0851401835680008
v -0.04055849835276604 -0.034969229251146317 0.08677913248538971
v -0.04024488478899002 -0.034594420343637466 0.08647222071886063
v -0.038872502744197845 -0.0359385721385479 0.0830993726849556
v -0.039549633860588074 -0.03529658913612366 0.08303876221179962
v -0.039158422499895096 -0.03565314784646034 0.08347262442111969
v -0.039386019110679626 -0.035426147282123566 0.08386243134737015
v -0.039158422499895096 -0.03565314784646034 0.08347262442111969
v -0.039549633860588074 -0.03529658913612366 0.08303876221179962
v -0.038872502744197845 -0.0359385721385479 0.0830993726849556
v -0.03837740421295166 -0.03646772727370262 0.08198334276676178
v -0.039549633860588074 -0.03529658913612366 0.08303876221179962
v -0.03846300393342972 -0.036350179463624954 0.08274096995592117
v -0.03837740421295166 -0.03646772727370262 0.08198334276676178
v -0.038872502744197845 -0.0359385721385479 0.0830993726849556
v -0.0395694375038147 -0.03524213284254074 0.08431722223758698
v -0.039549633860588074 -0.03529658913612366 0.08303876221179962
v -0.0402059443295002 -0.034641291946172714 0.08483715355396271
v -0.0395694375038147 -0.03524213284254074 0.08431722223758698
v -0.039386019110679626 -0.035426147282123566 0.08386243134737015
v -0.039549633860588074 -0.03529658913612366 0.08303876221179962
v -0.0397086963057518 -0.035103894770145416 0.08480597287416458
v -0.0395694375038147 -0.03524213284254074 0.08431722223758698
v -0.0402059443295002 -0.034641291946172714 0.08483715355396271
v -0.03812599554657936 -0.036685578525066376 0.08255590498447418
v -0.03837740421295166 -0.03646772727370262 0.08198334276676178
v -0.03846300393342972 -0.036350179463624954 0.08274096995592117
v -0.037764664739370346 -0.03704632818698883 0.08243311196565628
v -0.03837740421295166 -0.03646772727370262 0.08198334276676178
v -0.03812599554657936 -0.036685578525066376 0.08255590498447418
v -0.039804622530937195 -0.03501066565513611 0.08547951281070709
v -0.0397086963057518 -0.035103894770145416 0.08480597287416458
v -0.0402059443295002 -0.034641291946172714 0.08483715355396271
v -0.037764664739370346 -0.03704632818698883 0.08243311196565628
v -0.03697670251131058 -0.03787028416991234 0.08176477253437042
v -0.03837740421295166 -0.03646772727370262 0.08198334276676178
v -0.037305254489183426 -0.03750995174050331 0.08239956200122833
v -0.03697670251131058 -0.03787028416991234 0.08176477253437042
v -0.037764664739370346 -0.03704632818698883 0.08243311196565628
v -0.03980449214577675 -0.03500707820057869 0.08603037148714066
v -0.0402059443295002 -0.034641291946172714 0.08483715355396271
v -0.04024488478899002 -0.034594420343637466 0.08647222071886063
v -0.03980449214577675 -0.03500707820057869 0.08603037148714066
v -0.039804622530937195 -0.03501066565513611 0.08547951281070709
v -0.0402059443295002 -0.034641291946172714 0.08483715355396271
v -0.03976082801818848 -0.03505731746554375 0.08652771264314651
v -0.03980449214577675 -0.03500707820057869 0.08603037148714066
v -0.04024488478899002 -0.034594420343637466 0.08647222071886063
v -0.036868300288915634 -0.03794301673769951 0.08248133212327957
v -0.03697670251131058 -0.03787028416991234 0.08176477253437042
v -0.037305254489183426 -0.03750995174050331 0.08239956200122833
v -0.039646778255701065 -0.03516479209065437 0.08703108131885529
v -0.03976082801818848 -0.03505731746554375 0.08652771264314651
v -0.04024488478899002 -0.034594420343637466 0.08647222071886063
v -0.039646778255701065 -0.03516479209065437 0.08703108131885529
v -0.04024488478899002 -0.034594420343637466 0.08647222071886063
v -0.039871130138635635 -0.034975260496139526 0.08789725601673126
v -0.036408428102731705 -0.03840441256761551 0.08270133286714554
v -0.03697670251131058 -0.03787028416991234 0.08176477253437042
v -0.036868300288915634 -0.03794301673769951 0.08248133212327957
v -0.03948914632201195 -0.035321999341249466 0.08750605583190918
v -0.039646778255701065 -0.03516479209065437 0.08703108131885529
v -0.039871130138635635 -0.034975260496139526 0.08789725601673126
v -0.036408428102731705 -0.03840441256761551 0.08270133286714554
v -0.03569125756621361 -0.03915993869304657 0.08257187157869339
v -0.03697670251131058 -0.03787028416991234 0.08176477253437042
v -0.035981982946395874 -0.0388295017182827 0.0830540731549263
v -0.03569125756621361 -0.03915993869304657 0.08257187157869339
v -0.036408428102731705 -0.03840441256761551 0.08270133286714554
v -0.03919791430234909 -0.03561365604400635 0.08807362616062164
v -0.03948914632201195 -0.035321999341249466 0.08750605583190918
v -0.039871130138635635 -0.034975260496139526 0.08789725601673126
v -0.03561357781291008 -0.03919799253344536 0.08352620154619217
v -0.03569125756621361 -0.03915993869304657 0.08257187157869339
v -0.035981982946395874 -0.0388295017182827 0.0830540731549263
v -0.03920360282063484 -0.035646237432956696 0.08896429091691971
v -0.03919791430234909 -0.03561365604400635 0.08807362616062164
v -0.039871130138635635 -0.034975260496139526 0.08789725601673126
v -0.034950148314237595 -0.03989658132195473 0.08375729620456696
v -0.03569125756621361 -0.03915993869304657 0.08257187157869339
v -0.03561357781291008 -0.03919799253344536 0.08352620154619217
v -0.038829509168863297 -0.035981979221105576 0.08854569494724274
v -0.03919791430234909 -0.03561365604400635 0.08807362616062164
v -0.03920360282063484 -0.035646237432956696 0.08896429091691971
v -0.034950148314237595 -0.03989658132195473 0.08375729620456696
v -0.03561357781291008 -0.03919799253344536 0.08352620154619217
v -0.03532196208834648 -0.0394892655313015 0.08409382402896881
v -0.038404420018196106 -0.03640842065215111 0.08889849483966827
v -0.038829509168863297 -0.035981979221105576 0.08854569494724274
v -0.03920360282063484 -0.035646237432956696 0.08896429091691971
v -0.03822188451886177 -0.03662543743848801 0.0897039920091629
v -0.038404420018196106 -0.03640842065215111 0.08889849483966827
v -0.03920360282063484 -0.035646237432956696 0.08896429091691971
v -0.034950148314237595 -0.03989658132195473 0.08375729620456696
v -0.03532196208834648 -0.0394892655313015 0.08409382402896881
v -0.03516475856304169 -0.03964681550860405 0.08456911146640778
v -0.03458389267325401 -0.04025626182556152 0.08530789613723755
v -0.03516475856304169 -0.03964681550860405 0.08456911146640778
v -0.03505547344684601 -0.03975922241806984 0.08507247269153595
v -0.03458389267325401 -0.04025626182556152 0.08530789613723755
v -0.034950148314237595 -0.03989658132195473 0.08375729620456696
v -0.03516475856304169 -0.03964681550860405 0.08456911146640778
v -0.03822188451886177 -0.03662543743848801 0.0897039920091629
v -0.0379432812333107 -0.03686803951859474 0.08911813050508499
v -0.038404420018196106 -0.03640842065215111 0.08889849483966827
v -0.03458389267325401 -0.04025626182556152 0.08530789613723755
v -0.03505547344684601 -0.03975922241806984 0.08507247269153595
v -0.035007085651159286 -0.03980448469519615 0.08556975424289703
v -0.03822188451886177 -0.03662543743848801 0.0897039920091629
v -0.03750983998179436 -0.03730536624789238 0.08920033276081085
v -0.0379432812333107 -0.03686803951859474 0.08911813050508499
v -0.03735622391104698 -0.037487294524908066 0.08983255177736282
v -0.03750983998179436 -0.03730536624789238 0.08920033276081085
v -0.03822188451886177 -0.03662543743848801 0.0897039920091629
v -0.034620434045791626 -0.04021567478775978 0.08659841120243073
v -0.03458389267325401 -0.04025626182556152 0.08530789613723755
v -0.035007085651159286 -0.03980448469519615 0.08556975424289703
v -0.034620434045791626 -0.04021567478775978 0.08659841120243073
v -0.035007085651159286 -0.03980448469519615 0.08556975424289703
v -0.03500907123088837 -0.03980301320552826 0.08612079173326492
v -0.03735622391104698 -0.037487294524908066 0.08983255177736282
v -0.037046466022729874 -0.03776427358388901 0.08916677534580231
v -0.03750983998179436 -0.03730536624789238 0.08920033276081085
v -0.034620434045791626 -0.04021567478775978 0.08659841120243073
v -0.03500907123088837 -0.03980301320552826 0.08612079173326492
v -0.03510107845067978 -0.03970569744706154 0.08679443597793579
v -0.036504145711660385 -0.03834047541022301 0.08963657170534134
v -0.037046466022729874 -0.03776427358388901 0.08916677534580231
v -0.03735622391104698 -0.037487294524908066 0.08983255177736282
v -0.036504145711660385 -0.03834047541022301 0.08963657170534134
v -0.036685921251773834 -0.038125649094581604 0.0890439823269844
v -0.037046466022729874 -0.03776427358388901 0.08916677534580231
v -0.03497442230582237 -0.039873480796813965 0.08789630234241486
v -0.034620434045791626 -0.04021567478775978 0.08659841120243073
v -0.03510107845067978 -0.03970569744706154 0.08679443597793579
v -0.03497442230582237 -0.039873480796813965 0.08789630234241486
v -0.03510107845067978 -0.03970569744706154 0.08679443597793579
v -0.035242266952991486 -0.03956930711865425 0.08728289604187012
v -0.036504145711660385 -0.03834047541022301 0.08963657170534134
v -0.036350514739751816 -0.03846273943781853 0.08885909616947174
v -0.036685921251773834 -0.038125649094581604 0.0890439823269844
v -0.03497442230582237 -0.039873480796813965 0.08789630234241486
v -0.035242266952991486 -0.03956930711865425 0.08728289604187012
v -0.035426367074251175 -0.039385803043842316 0.08773775398731232
v -0.036504145711660385 -0.03834047541022301 0.08963657170534134
v -0.03593878820538521 -0.038872286677360535 0.08850063383579254
v -0.036350514739751816 -0.03846273943781853 0.08885909616947174
v -0.03567022830247879 -0.039184506982564926 0.08899082243442535
v -0.03593878820538521 -0.038872286677360535 0.08850063383579254
v -0.036504145711660385 -0.03834047541022301 0.08963657170534134
v -0.03497442230582237 -0.039873480796813965 0.08789630234241486
v -0.035426367074251175 -0.039385803043842316 0.08773775398731232
v -0.03565332293510437 -0.03915824741125107 0.08812744170427322
v -0.03567022830247879 -0.039184506982564926 0.08899082243442535
v -0.03497442230582237 -0.039873480796813965 0.08789630234241486
v -0.03565332293510437 -0.03915824741125107 0.08812744170427322
v -0.03567022830247879 -0.039184506982564926 0.08899082243442535
v -0.03565332293510437 -0.03915824741125107 0.08812744170427322
v -0.03593878820538521 -0.038872286677360535 0.08850063383579254
vn 0.5908581580814773 -0.4656828913370278 -0.6588065586684378
vn 0.5908581580814773 -0.4656828913370278 -0.6588065586684378
vn 0.5908581580814773 -0.4656828913370278 -0.6588065586684378
vn 0.05899256675785531 -0.16715572308121004 0.9841640317083925
vn 0.05899256675785531 -0.16715572308121004 0.9841640317083925
vn 0.05899256675785531 -0.16715572308121004 0.9841640317083925
vn 0.5089073695128384 -0.521499029332511 -0.6848737487017386
vn 0.5089073695128384 -0.521499029332511 -0.6848737487017386
vn 0.5089073695128384 -0.521499029332511 -0.6848737487017386
vn 0.09813085461912371 -0.09995860874849981 0.990140703086579
vn 0.09813085461912371 -0.09995860874849981 0.990140703086579
vn 0.09813085461912371 -0.09995860874849981 0.990140703086579
vn 0.3527674887115246 -0.21791608101004442 -0.909982241884636
vn 0.3527674887115246 -0.21791608101004442 -0.909982241884636
vn 0.3527674887115246 -0.21791608101004442 -0.909982241884636
vn 0.39702645645976736 -0.27719706786895565 0.8749467289131687
vn 0.39702645645976736 -0.27719706786895565 0.8749467289131687
vn 0.39702645645976736 -0.27719706786895565 0.8749467289131687
vn 0.33588553384401015 -0.22913319492840378 -0.9136076220874181
vn 0.33588553384401015 -0.22913319492840378 -0.9136076220874181
vn 0.33588553384401015 -0.22913319492840378 -0.9136076220874181
vn 0.3789241661197708 -0.316001747184588 0.8698042148131521
vn 0.3789241661197708 -0.316001747184588 0.8698042148131521
vn 0.3789241661197708 -0.316001747184588 0.8698042148131521
vn 0.4969885614941217 -0.49659850870125094 0.7116124583645912
vn 0.4969885614941217 -0.49659850870125094 0.7116124583645912
vn 0.4969885614941217 -0.49659850870125094 0.7116124583645912
vn 0.6265835873734 -0.4150794222447312 0.6596226809800136
vn 0.6265835873734 -0.4150794222447312 0.6596226809800136
vn 0.6265835873734 -0.4150794222447312 0.6596226809800136
vn 0.6059013579022868 -0.6801611751827153 0.41263097346931243
vn 0.6059013579022868 -0.6801611751827153 0.41263097346931243
vn 0.6059013579022868 -0.6801611751827153 0.41263097346931243
vn 0.7374455362820126 -0.5758402371040476 0.3529618992889871
vn 0.7374455362820126 -0.5758402371040476 0.3529618992889871
vn 0.7374455362820126 -0.5758402371040476 0.3529618992889871
vn 0.7297696076414701 -0.6823940465281817 0.042127010642918336
vn 0.7297696076414701 -0.6823940465281817 0.042127010642918336
vn 0.7297696076414701 -0.6823940465281817 0.042127010642918336
vn 0.7017982240204036 -0.7118104933745094 0.028373830967023787
vn 0.7017982240204036 -0.7118104933745094 0.028373830967023787
vn 0.7017982240204036 -0.7118104933745094 0.028373830967023787
vn 0.7549500839217059 -0.5767577120764127 -0.31209119235728394
vn 0.7549500839217059 -0.5767577120764127 -0.31209119235728394
vn 0.7549500839217059 -0.5767577120764127 -0.31209119235728394
vn 0.6622822892015272 -0.6603717219146455 -0.35396519363557594
vn 0.6622822892015272 -0.6603717219146455 -0.35396519363557594
vn 0.6622822892015272 -0.6603717219146455 -0.35396519363557594
vn -0.2948628044988543 -0.9224623369799059 0.24923716291243828
vn -0.2948628044988543 -0.9224623369799059 0.24923716291243828
vn -0.2948628044988543 -0.9224623369799059 0.24923716291243828
vn -0.10407531494067962 -0.9561790441610309 0.27366030827888693
vn -0.10407531494067962 -0.9561790441610309 0.27366030827888693
vn -0.10407531494067962 -0.9561790441610309 0.27366030827888693
vn -0.5599696224814145 -0.6470058773733902 -0.5175107888173072
vn -0.5599696224814145 -0.6470058773733902 -0.5175107888173072
vn -0.5599696224814145 -0.6470058773733902 -0.5175107888173072
vn 0.0211694495789657 -0.8052346495253955 0.5925782763553159
vn 0.0211694495789657 -0.8052346495253955 0.5925782763553159
vn 0.0211694495789657 -0.8052346495253955 0.5925782763553159
vn -0.07725500966413094 -0.5809507299253258 -0.8102641006986709
vn -0.07725500966413094 -0.5809507299253258 -0.8102641006986709
vn -0.07725500966413094 -0.5809507299253258 -0.8102641006986709
vn -0.13565915542663962 -0.6975586270197373 0.7035684440189667
vn -0.13565915542663962 -0.6975586270197373 0.7035684440189667
vn -0.13565915542663962 -0.6975586270197373 0.7035684440189667
vn -0.4768106311983534 -0.7092171267680395 0.5192905632448123
vn -0.4768106311983534 -0.7092171267680395 0.5192905632448123
vn -0.4768106311983534 -0.7092171267680395 0.5192905632448123
vn -0.20057521514114707 -0.8695451510442275 -0.4512879495029246
vn -0.20057521514114707 -0.8695451510442275 -0.4512879495029246
vn -0.20057521514114707 -0.8695451510442275 -0.4512879495029246
vn -0.2157705234107149 -0.8731140915999847 -0.4371668609085091
vn -0.2157705234107149 -0.8731140915999847 -0.4371668609085091
vn -0.2157705234107149 -0.8731140915999847 -0.4371668609085091
vn -0.35266854623149246 -0.5044112100247774 0.7881587579290771
vn -0.35266854623149246 -0.5044112100247774 0.7881587579290771
vn -0.35266854623149246 -0.5044112100247774 0.7881587579290771
vn -0.20332172366630752 -0.9712376524621166 -0.12392618417928684
vn -0.20332172366630752 -0.9712376524621166 -0.12392618417928684
vn -0.20332172366630752 -0.9712376524621166 -0.12392618417928684
vn 0.02949828541067855 -0.9632970332432086 -0.2668120628882117
vn 0.02949828541067855 -0.9632970332432086 -0.2668120628882117
vn 0.02949828541067855 -0.9632970332432086 -0.2668120628882117
vn 0.2808963429788146 -0.9593692069677023 0.02660769105522097
vn 0.2808963429788146 -0.9593692069677023 0.02660769105522097
vn 0.2808963429788146 -0.9593692069677023 0.02660769105522097
vn 0.10398394532280639 -0.2221127283901203 -0.969460300890243
vn 0.10398394532280639 -0.2221127283901203 -0.969460300890243
vn 0.10398394532280639 -0.2221127283901203 -0.969460300890243
vn -0.3685670773449808 -0.8178967790009288 0.44181802633808936
vn -0.3685670773449808 -0.8178967790009288 0.44181802633808936
vn -0.3685670773449808 -0.8178967790009288 0.44181802633808936
vn 0.1808322108001865 -0.9809304074873253 -0.07124076925375547
vn 0.1808322108001865 -0.9809304074873253 -0.07124076925375547
vn 0.1808322108001865 -0.9809304074873253 -0.07124076925375547
vn -0.32252848635533077 -0.8499411472913878 -0.4166238370884926
vn -0.32252848635533077 -0.8499411472913878 -0.4166238370884926
vn -0.32252848635533077 -0.8499411472913878 -0.4166238370884926
vn 0.021038251467050698 -0.2790629627978022 0.9600423192597926
vn 0.021038251467050698 -0.2790629627978022 0.9600423192597926
vn 0.021038251467050698 -0.2790629627978022 0.9600423192597926
vn -0.1046077291997348 0.12538394103697142 0.9865779697123347
vn -0.1046077291997348 0.12538394103697142 0.9865779697123347
vn -0.1046077291997348 0.12538394103697142 0.9865779697123347
vn 0.6854823836066474 -0.5862343914474163 0.4317906206128459
vn 0.6854823836066474 -0.5862343914474163 0.4317906206128459
vn 0.6854823836066474 -0.5862343914474163 0.4317906206128459
vn 0.6403128533230078 -0.7639956508281773 0.0794361088232434
vn 0.6403128533230078 -0.7639956508281773 0.0794361088232434
vn 0.6403128533230078 -0.7639956508281773 0.0794361088232434
vn 0.37690147162475457 -0.39641591280683247 -0.8371378051196949
vn 0.37690147162475457 -0.39641591280683247 -0.8371378051196949
vn 0.37690147162475457 -0.39641591280683247 -0.8371378051196949
vn 0.5988056679129883 -0.4041997803452995 -0.6914147161032166
vn 0.5988056679129883 -0.4041997803452995 -0.6914147161032166
vn 0.5988056679129883 -0.4041997803452995 -0.6914147161032166
vn 0.046998672012442046 -0.2690276791575389 -0.9619850480522945
vn 0.046998672012442046 -0.2690276791575389 -0.9619850480522945
vn 0.046998672012442046 -0.2690276791575389 -0.9619850480522945
vn -0.5144542495982591 -0.6020122217618165 0.6106702137157939
vn -0.5144542495982591 -0.6020122217618165 0.6106702137157939
vn -0.5144542495982591 -0.6020122217618165 0.6106702137157939
vn 0.13706731883685222 -0.9886100355258663 0.06215100775065425
vn 0.13706731883685222 -0.9886100355258663 0.06215100775065425
vn 0.13706731883685222 -0.9886100355258663 0.06215100775065425
vn 0.41686428016087596 -0.8863377661013779 0.201567696589443
vn 0.41686428016087596 -0.8863377661013779 0.201567696589443
vn 0.41686428016087596 -0.8863377661013779 0.201567696589443
vn -0.28670441716866657 -0.8160424718243517 -0.5018717578772263
vn -0.28670441716866657 -0.8160424718243517 -0.5018717578772263
vn -0.28670441716866657 -0.8160424718243517 -0.5018717578772263
vn 0.08768228999112092 -0.09388362415622307 0.9917145159455952
vn 0.08768228999112092 -0.09388362415622307 0.9917145159455952
vn 0.08768228999112092 -0.09388362415622307 0.9917145159455952
vn 0.1021407537028621 -0.09388252277997103 0.9903299138920724
vn 0.1021407537028621 -0.09388252277997103 0.9903299138920724
vn 0.1021407537028621 -0.09388252277997103 0.9903299138920724
vn 0.6297128241717388 -0.7660574367082459 -0.128909901627628
vn 0.6297128241717388 -0.7660574367082459 -0.128909901627628
vn 0.6297128241717388 -0.7660574367082459 -0.128909901627628
vn 0.7444710895366896 -0.6559301163087292 0.12457318878182169
vn 0.7444710895366896 -0.6559301163087292 0.12457318878182169
vn 0.7444710895366896 -0.6559301163087292 0.12457318878182169
vn 0.47607379513215187 -0.31866469551877513 -0.8196380624509797
vn 0.47607379513215187 -0.31866469551877513 -0.8196380624509797
vn 0.47607379513215187 -0.31866469551877513 -0.8196380624509797
vn 0.06717211138313461 -0.19716968024604142 -0.978065450081949
vn 0.06717211138313461 -0.19716968024604142 -0.978065450081949
vn 0.06717211138313461 -0.19716968024604142 -0.978065450081949
vn -0.27899515938796066 -0.8686928845601778 -0.4093096301733007
vn -0.27899515938796066 -0.8686928845601778 -0.4093096301733007
vn -0.27899515938796066 -0.8686928845601778 -0.4093096301733007
vn -0.27612671315641335 -0.5074123155097501 0.8162639158694139
vn -0.27612671315641335 -0.5074123155097501 0.8162639158694139
vn -0.27612671315641335 -0.5074123155097501 0.8162639158694139
vn -0.19522522327370728 -0.47933390583080193 0.8556436868923415
vn -0.19522522327370728 -0.47933390583080193 0.8556436868923415
vn -0.19522522327370728 -0.47933390583080193 0.8556436868923415
vn 0.05873276706335844 -0.998211569521763 -0.011141119601716837
vn 0.05873276706335844 -0.998211569521763 -0.011141119601716837
vn 0.05873276706335844 -0.998211569521763 -0.011141119601716837
vn 0.1605335650629116 -0.140209125903091 0.9770211745411064
vn 0.1605335650629116 -0.140209125903091 0.9770211745411064
vn 0.1605335650629116 -0.140209125903091 0.9770211745411064
vn 0.18201379496360492 -0.39822760264561907 0.899047137214768
vn 0.18201379496360492 -0.39822760264561907 0.899047137214768
vn 0.18201379496360492 -0.39822760264561907 0.899047137214768
vn 0.7369804882507056 -0.6299125470240808 0.24509170332629915
vn 0.7369804882507056 -0.6299125470240808 0.24509170332629915
vn 0.7369804882507056 -0.6299125470240808 0.24509170332629915
vn 0.5184451832902831 -0.7719725214399092 -0.36779480429284717
vn 0.5184451832902831 -0.7719725214399092 -0.36779480429284717
vn 0.5184451832902831 -0.7719725214399092 -0.36779480429284717
vn 0.33282214248628017 -0.24171563870738527 -0.9114839392304853
vn 0.33282214248628017 -0.24171563870738527 -0.9114839392304853
vn 0.33282214248628017 -0.24171563870738527 -0.9114839392304853
vn -0.03533714320198635 -0.09255392994985628 -0.9950804270817306
vn -0.03533714320198635 -0.09255392994985628 -0.9950804270817306
vn -0.03533714320198635 -0.09255392994985628 -0.9950804270817306
vn -0.17584464006711945 -0.852655890161082 0.49199247507789995
vn -0.17584464006711945 -0.852655890161082 0.49199247507789995
vn -0.17584464006711945 -0.852655890161082 0.49199247507789995
vn 0.18257829808767365 -0.8232210396570719 -0.5375614243352457
vn 0.18257829808767365 -0.8232210396570719 -0.5375614243352457
vn 0.18257829808767365 -0.8232210396570719 -0.5375614243352457
vn -0.25806909669404404 0.14974509104059924 0.9544510197180173
vn -0.25806909669404404 0.14974509104059924 0.9544510197180173
vn -0.25806909669404404 0.14974509104059924 0.9544510197180173
vn 0.5456541142934938 -0.760298902507178 0.35243037099683
vn 0.5456541142934938 -0.760298902507178 0.35243037099683
vn 0.5456541142934938 -0.760298902507178 0.35243037099683
vn 0.5882901622636493 -0.6344996173758276 0.5013231697555356
vn 0.5882901622636493 -0.6344996173758276 0.5013231697555356
vn 0.5882901622636493 -0.6344996173758276 0.5013231697555356
vn 0.6689943533266594 -0.5830196021966447 -0.4610148573218775
vn 0.6689943533266594 -0.5830196021966447 -0.4610148573218775
vn 0.6689943533266594 -0.5830196021966447 -0.4610148573218775
vn 0.053347707407654064 -0.3713029963714084 -0.9269779431032656
vn 0.053347707407654064 -0.3713029963714084 -0.9269779431032656
vn 0.053347707407654064 -0.3713029963714084 -0.9269779431032656
vn -0.11690111854666285 -0.24248021117777846 -0.9630874704146655
vn -0.11690111854666285 -0.24248021117777846 -0.9630874704146655
vn -0.11690111854666285 -0.24248021117777846 -0.9630874704146655
vn -0.06672559839558384 -0.47940395439106687 0.8750540229225618
vn -0.06672559839558384 -0.47940395439106687 0.8750540229225618
vn -0.06672559839558384 -0.47940395439106687 0.8750540229225618
vn -0.2537068082982644 -0.9099206760882487 0.3281420708324556
vn -0.2537068082982644 -0.9099206760882487 0.3281420708324556
vn -0.2537068082982644 -0.9099206760882487 0.3281420708324556
vn 0.42523770454739934 -0.9050736795681454 -0.0038117167046715
vn 0.42523770454739934 -0.9050736795681454 -0.0038117167046715
vn 0.42523770454739934 -0.9050736795681454 -0.0038117167046715
vn -0.2924553774969598 -0.8858410189749886 -0.3602159647690043
vn -0.2924553774969598 -0.8858410189749886 -0.3602159647690043
vn -0.2924553774969598 -0.8858410189749886 -0.3602159647690043
vn -0.009702444169518272 -0.22602731206062027 0.9740726445085028
vn -0.009702444169518272 -0.22602731206062027 0.9740726445085028
vn -0.009702444169518272 -0.22602731206062027 0.9740726445085028
vn 0.674848782537843 -0.4415408291752807 0.5912874232371231
vn 0.674848782537843 -0.4415408291752807 0.5912874232371231
vn 0.674848782537843 -0.4415408291752807 0.5912874232371231
vn 0.6421290424644087 -0.7624574648637253 0.07955442852112364
vn 0.6421290424644087 -0.7624574648637253 0.07955442852112364
vn 0.6421290424644087 -0.7624574648637253 0.07955442852112364
vn 0.3417666887278634 -0.43536231365104294 -0.8328596438346634
vn 0.3417666887278634 -0.43536231365104294 -0.8328596438346634
vn 0.3417666887278634 -0.43536231365104294 -0.8328596438346634
vn 0.6157132418623991 -0.4934374119223882 -0.614342513839495
vn 0.6157132418623991 -0.4934374119223882 -0.614342513839495
vn 0.6157132418623991 -0.4934374119223882 -0.614342513839495
vn 0.07071408036440774 -0.8127412970812918 0.578317475835579
vn 0.07071408036440774 -0.8127412970812918 0.578317475835579
vn 0.07071408036440774 -0.8127412970812918 0.578317475835579
vn -0.16513037914069104 -0.9317693841512344 0.32332301595042817
vn -0.16513037914069104 -0.9317693841512344 0.32332301595042817
vn -0.16513037914069104 -0.9317693841512344 0.32332301595042817
vn -0.2768281743344664 -0.8487028617898559 -0.450632460309236
vn -0.2768281743344664 -0.8487028617898559 -0.450632460309236
vn -0.2768281743344664 -0.8487028617898559 -0.450632460309236
vn 0.17237934240294708 -0.8751466157553498 -0.4521103441027264
vn 0.17237934240294708 -0.8751466157553498 -0.4521103441027264
vn 0.17237934240294708 -0.8751466157553498 -0.4521103441027264
vn -0.09694808779057304 -0.05921644752585369 0.9935262858204452
vn -0.09694808779057304 -0.05921644752585369 0.9935262858204452
vn -0.09694808779057304 -0.05921644752585369 0.9935262858204452
vn 0.6936128862236113 -0.5578754050111974 0.4557150387557388
vn 0.6936128862236113 -0.5578754050111974 0.4557150387557388
vn 0.6936128862236113 -0.5578754050111974 0.4557150387557388
vn 0.6187384803224869 -0.5806276872014355 0.5291825600143407
vn 0.6187384803224869 -0.5806276872014355 0.5291825600143407
vn 0.6187384803224869 -0.5806276872014355 0.5291825600143407
vn 0.488300730288333 -0.522355962562594 -0.6990755647104157
vn 0.488300730288333 -0.522355962562594 -0.6990755647104157
vn 0.488300730288333 -0.522355962562594 -0.6990755647104157
vn 0.4952143927626322 -0.4297259363938044 -0.7550485579028713
vn 0.4952143927626322 -0.4297259363938044 -0.7550485579028713
vn 0.4952143927626322 -0.4297259363938044 -0.7550485579028713
vn -0.2842827719702249 -0.89436077516977 0.3454013743438975
vn -0.2842827719702249 -0.89436077516977 0.3454013743438975
vn -0.2842827719702249 -0.89436077516977 0.3454013743438975
vn 0.5664743145618792 -0.7953850571589601 0.21556776611981376
vn 0.5664743145618792 -0.7953850571589601 0.21556776611981376
vn 0.5664743145618792 -0.7953850571589601 0.21556776611981376
vn -0.429300377991817 -0.781874079134285 -0.45207754847370724
vn -0.429300377991817 -0.781874079134285 -0.45207754847370724
vn -0.429300377991817 -0.781874079134285 -0.45207754847370724
vn 0.6298574808199622 -0.4521645905697861 0.6315273049441241
vn 0.6298574808199622 -0.4521645905697861 0.6315273049441241
vn 0.6298574808199622 -0.4521645905697861 0.6315273049441241
vn 0.557373694603635 -0.7795156129663636 0.2858145792390025
vn 0.557373694603635 -0.7795156129663636 0.2858145792390025
vn 0.557373694603635 -0.7795156129663636 0.2858145792390025
vn 0.644413220659381 -0.49636637229118097 -0.5816803464944442
vn 0.644413220659381 -0.49636637229118097 -0.5816803464944442
vn 0.644413220659381 -0.49636637229118097 -0.5816803464944442
vn 0.12530374661713095 -0.37086597483780726 -0.9201942185165656
vn 0.12530374661713095 -0.37086597483780726 -0.9201942185165656
vn 0.12530374661713095 -0.37086597483780726 -0.9201942185165656
vn -0.11338418551631302 -0.5453721798892849 0.8304897421868689
vn -0.11338418551631302 -0.5453721798892849 0.8304897421868689
vn -0.11338418551631302 -0.5453721798892849 0.8304897421868689
vn -0.30475821495022326 -0.8734068699713728 0.37984585019078837
vn -0.30475821495022326 -0.8734068699713728 0.37984585019078837
vn -0.30475821495022326 -0.8734068699713728 0.37984585019078837
vn 0.4003557349818238 -0.9157362774751076 0.033798751207648574
vn 0.4003557349818238 -0.9157362774751076 0.033798751207648574
vn 0.4003557349818238 -0.9157362774751076 0.033798751207648574
vn -0.32697658951588227 -0.8418493666272284 -0.4293902116000042
vn -0.32697658951588227 -0.8418493666272284 -0.4293902116000042
vn -0.32697658951588227 -0.8418493666272284 -0.4293902116000042
vn 0.010815950864829657 -0.3056947538881048 -0.9520681344589687
vn 0.010815950864829657 -0.3056947538881048 -0.9520681344589687
vn 0.010815950864829657 -0.3056947538881048 -0.9520681344589687
vn 0.12506651728973753 -0.35234030660353866 0.9274775871122385
vn 0.12506651728973753 -0.35234030660353866 0.9274775871122385
vn 0.12506651728973753 -0.35234030660353866 0.9274775871122385
vn 0.6270760288096427 -0.40535345610995294 0.6651798476442626
vn 0.6270760288096427 -0.40535345610995294 0.6651798476442626
vn 0.6270760288096427 -0.40535345610995294 0.6651798476442626
vn 0.5572434569484289 -0.7686459888099332 -0.3141067868966935
vn 0.5572434569484289 -0.7686459888099332 -0.3141067868966935
vn 0.5572434569484289 -0.7686459888099332 -0.3141067868966935
vn 0.5755332702731185 -0.3500244017993162 -0.7390834681913542
vn 0.5755332702731185 -0.3500244017993162 -0.7390834681913542
vn 0.5755332702731185 -0.3500244017993162 -0.7390834681913542
vn -0.035938873440676776 -0.09393595787437002 -0.9949293609066121
vn -0.035938873440676776 -0.09393595787437002 -0.9949293609066121
vn -0.035938873440676776 -0.09393595787437002 -0.9949293609066121
vn -0.33469346842545517 0.49260563654562056 -0.8033180995326963
vn -0.33469346842545517 0.49260563654562056 -0.8033180995326963
vn -0.33469346842545517 0.49260563654562056 -0.8033180995326963
vn -0.6723271036364882 0.571540059704358 -0.4704447107460237
vn -0.6723271036364882 0.571540059704358 -0.4704447107460237
vn -0.6723271036364882 0.571540059704358 -0.4704447107460237
vn -0.6892665062210296 0.7040140067126184 -0.17110219681319322
vn -0.6892665062210296 0.7040140067126184 -0.17110219681319322
vn -0.6892665062210296 0.7040140067126184 -0.17110219681319322
vn -0.6972521549639804 0.4851145748593558 0.5277341012831291
vn -0.6972521549639804 0.4851145748593558 0.5277341012831291
vn -0.6972521549639804 0.4851145748593558 0.5277341012831291
vn -0.21712519543520106 0.33740365994811483 0.9159778489466013
vn -0.21712519543520106 0.33740365994811483 0.9159778489466013
vn -0.21712519543520106 0.33740365994811483 0.9159778489466013
vn -0.8677027214165642 -0.28112485968125694 0.4099521929633771
vn -0.8677027214165642 -0.28112485968125694 0.4099521929633771
vn -0.8677027214165642 -0.28112485968125694 0.4099521929633771
vn -0.8294450789823883 -0.3667382365844565 -0.4213358835641973
vn -0.8294450789823883 -0.3667382365844565 -0.4213358835641973
vn -0.8294450789823883 -0.3667382365844565 -0.4213358835641973
vn -0.7686224443157162 0.625900257426762 -0.132168096934346
vn -0.7686224443157162 0.625900257426762 -0.132168096934346
vn -0.7686224443157162 0.625900257426762 -0.132168096934346
vn -0.3103039905122506 0.3336614120061839 -0.890158129553515
vn -0.3103039905122506 0.3336614120061839 -0.890158129553515
vn -0.3103039905122506 0.3336614120061839 -0.890158129553515
vn -0.5163099252408749 0.4080661302584179 -0.7529316665101038
vn -0.5163099252408749 0.4080661302584179 -0.7529316665101038
vn -0.5163099252408749 0.4080661302584179 -0.7529316665101038
vn -0.6203941696661952 0.7767893068204125 -0.10821019847341284
vn -0.6203941696661952 0.7767893068204125 -0.10821019847341284
vn -0.6203941696661952 0.7767893068204125 -0.10821019847341284
vn -0.7310841804428702 0.6419399490315357 0.23114718891556074
vn -0.7310841804428702 0.6419399490315357 0.23114718891556074
vn -0.7310841804428702 0.6419399490315357 0.23114718891556074
vn -0.2935597572360807 0.39222988136335857 0.8717673939171957
vn -0.2935597572360807 0.39222988136335857 0.8717673939171957
vn -0.2935597572360807 0.39222988136335857 0.8717673939171957
vn -0.2173856407505287 0.06562681676390472 0.9738770990822809
vn -0.2173856407505287 0.06562681676390472 0.9738770990822809
vn -0.2173856407505287 0.06562681676390472 0.9738770990822809
vn -0.5162126507081877 -0.19981018038381507 -0.8328267473273262
vn -0.5162126507081877 -0.19981018038381507 -0.8328267473273262
vn -0.5162126507081877 -0.19981018038381507 -0.8328267473273262
vn -0.9829171299099093 0.17102606593109132 -0.06800000368970927
vn -0.9829171299099093 0.17102606593109132 -0.06800000368970927
vn -0.9829171299099093 0.17102606593109132 -0.06800000368970927
vn -0.9989706628719918 0.043999786340163285 -0.01102875891082457
vn -0.9989706628719918 0.043999786340163285 -0.01102875891082457
vn -0.9989706628719918 0.043999786340163285 -0.01102875891082457
vn -0.2389525942050252 0.005211256492210087 0.9710172503763571
vn -0.2389525942050252 0.005211256492210087 0.9710172503763571
vn -0.2389525942050252 0.005211256492210087 0.9710172503763571
vn -0.7613444445564385 -0.2996075199494022 0.5749695389608191
vn -0.7613444445564385 -0.2996075199494022 0.5749695389608191
vn -0.7613444445564385 -0.2996075199494022 0.5749695389608191
vn -0.49632022487500715 0.42430315022406195 -0.7573856818622592
vn -0.49632022487500715 0.42430315022406195 -0.7573856818622592
vn -0.49632022487500715 0.42430315022406195 -0.7573856818622592
vn -0.3664282257742011 0.4206577832205616 -0.829926132117753
vn -0.3664282257742011 0.4206577832205616 -0.829926132117753
vn -0.3664282257742011 0.4206577832205616 -0.829926132117753
vn -0.6734200251190243 0.7380991125876603 0.04141460812323226
vn -0.6734200251190243 0.7380991125876603 0.04141460812323226
vn -0.6734200251190243 0.7380991125876603 0.04141460812323226
vn -0.7238097674464287 0.6007699277058552 0.33937429854579215
vn -0.7238097674464287 0.6007699277058552 0.33937429854579215
vn -0.7238097674464287 0.6007699277058552 0.33937429854579215
vn -0.2036487046178868 0.3757285834781188 0.9040770081497388
vn -0.2036487046178868 0.3757285834781188 0.9040770081497388
vn -0.2036487046178868 0.3757285834781188 0.9040770081497388
vn -0.4351745822701294 -0.20318949123643945 -0.8771186428283777
vn -0.4351745822701294 -0.20318949123643945 -0.8771186428283777
vn -0.4351745822701294 -0.20318949123643945 -0.8771186428283777
vn -0.8190802511677383 -0.33849335443879813 -0.46317360800002944
vn -0.8190802511677383 -0.33849335443879813 -0.46317360800002944
vn -0.8190802511677383 -0.33849335443879813 -0.46317360800002944
vn -0.9936458815125353 0.11024404040479992 0.022674075690123755
vn -0.9936458815125353 0.11024404040479992 0.022674075690123755
vn -0.9936458815125353 0.11024404040479992 0.022674075690123755
vn -0.9399009114409979 0.33242889416260274 -0.07795708433625874
vn -0.9399009114409979 0.33242889416260274 -0.07795708433625874
vn -0.9399009114409979 0.33242889416260274 -0.07795708433625874
vn -0.6444876233756908 -0.2659140245628661 0.716885928761566
vn -0.6444876233756908 -0.2659140245628661 0.716885928761566
vn -0.6444876233756908 -0.2659140245628661 0.716885928761566
vn -0.7321895183333563 -0.32214476876819353 0.6001010391576194
vn -0.7321895183333563 -0.32214476876819353 0.6001010391576194
vn -0.7321895183333563 -0.32214476876819353 0.6001010391576194
vn -0.09038717060362098 0.23748236265774064 -0.9671774846514829
vn -0.09038717060362098 0.23748236265774064 -0.9671774846514829
vn -0.09038717060362098 0.23748236265774064 -0.9671774846514829
vn -0.443869323816992 0.33249220347815217 -0.8321231627592692
vn -0.443869323816992 0.33249220347815217 -0.8321231627592692
vn -0.443869323816992 0.33249220347815217 -0.8321231627592692
vn -0.7717102173471002 0.5961489084071421 0.22151708612895835
vn -0.7717102173471002 0.5961489084071421 0.22151708612895835
vn -0.7717102173471002 0.5961489084071421 0.22151708612895835
vn -0.645212294438121 0.7556084415147334 -0.11294679374630949
vn -0.645212294438121 0.7556084415147334 -0.11294679374630949
vn -0.645212294438121 0.7556084415147334 -0.11294679374630949
vn -0.17034953952143128 0.3299630903505958 0.9284963076884694
vn -0.17034953952143128 0.3299630903505958 0.9284963076884694
vn -0.17034953952143128 0.3299630903505958 0.9284963076884694
vn -0.6160150638894318 -0.431774339085401 -0.6588598949463114
vn -0.6160150638894318 -0.431774339085401 -0.6588598949463114
vn -0.6160150638894318 -0.431774339085401 -0.6588598949463114
vn -0.9920100990093182 0.10940263226598711 -0.06282537319265324
vn -0.9920100990093182 0.10940263226598711 -0.06282537319265324
vn -0.9920100990093182 0.10940263226598711 -0.06282537319265324
vn -0.9612391536994085 0.24576267461796797 -0.12497998703739639
vn -0.9612391536994085 0.24576267461796797 -0.12497998703739639
vn -0.9612391536994085 0.24576267461796797 -0.12497998703739639
vn -0.8763176900096472 -0.4160247791209686 0.24287998956996287
vn -0.8763176900096472 -0.4160247791209686 0.24287998956996287
vn -0.8763176900096472 -0.4160247791209686 0.24287998956996287
vn -0.704882794118734 -0.2954724105934271 0.6448537052180717
vn -0.704882794118734 -0.2954724105934271 0.6448537052180717
vn -0.704882794118734 -0.2954724105934271 0.6448537052180717
vn -0.15951822337174892 0.27301811554178756 -0.9486912274277296
vn -0.15951822337174892 0.27301811554178756 -0.9486912274277296
vn -0.15951822337174892 0.27301811554178756 -0.9486912274277296
vn -0.7388135921470647 0.5848158701360225 -0.3348803877443371
vn -0.7388135921470647 0.5848158701360225 -0.3348803877443371
vn -0.7388135921470647 0.5848158701360225 -0.3348803877443371
vn -0.5951160815599776 0.8033788240727847 0.020477170217772688
vn -0.5951160815599776 0.8033788240727847 0.020477170217772688
vn -0.5951160815599776 0.8033788240727847 0.020477170217772688
vn -0.3591054373905755 0.16213197978909036 0.91910636270575
vn -0.3591054373905755 0.16213197978909036 0.91910636270575
vn -0.3591054373905755 0.16213197978909036 0.91910636270575
vn -0.512740086311448 -0.47323433554436983 -0.7163427025880892
vn -0.512740086311448 -0.47323433554436983 -0.7163427025880892
vn -0.512740086311448 -0.47323433554436983 -0.7163427025880892
vn -0.9926880111638126 0.12069469823598492 -0.001817225731486667
vn -0.9926880111638126 0.12069469823598492 -0.001817225731486667
vn -0.9926880111638126 0.12069469823598492 -0.001817225731486667
vn -0.9978312392611014 0.06252446857552256 -0.020579329046475817
vn -0.9978312392611014 0.06252446857552256 -0.020579329046475817
vn -0.9978312392611014 0.06252446857552256 -0.020579329046475817
vn -0.40976566143315285 -0.2061908695494735 0.8885816946261514
vn -0.40976566143315285 -0.2061908695494735 0.8885816946261514
vn -0.40976566143315285 -0.2061908695494735 0.8885816946261514
vn -0.404477414448999 0.5920149639749607 -0.6970769710945692
vn -0.404477414448999 0.5920149639749607 -0.6970769710945692
vn -0.404477414448999 0.5920149639749607 -0.6970769710945692
vn -0.6207764149295618 0.5951194167696492 -0.5103621483328804
vn -0.6207764149295618 0.5951194167696492 -0.5103621483328804
vn -0.6207764149295618 0.5951194167696492 -0.5103621483328804
vn -0.6558737010612835 0.5939502581890523 0.4658892347472005
vn -0.6558737010612835 0.5939502581890523 0.4658892347472005
vn -0.6558737010612835 0.5939502581890523 0.4658892347472005
vn -0.5607587661066009 0.6119187437088012 0.5577679242592252
vn -0.5607587661066009 0.6119187437088012 0.5577679242592252
vn -0.5607587661066009 0.6119187437088012 0.5577679242592252
vn -0.5370711804455165 -0.077230000734657 -0.8399940917181408
vn -0.5370711804455165 -0.077230000734657 -0.8399940917181408
vn -0.5370711804455165 -0.077230000734657 -0.8399940917181408
vn -0.8707996054576999 -0.30524844084722114 -0.3853977639985145
vn -0.8707996054576999 -0.30524844084722114 -0.3853977639985145
vn -0.8707996054576999 -0.30524844084722114 -0.3853977639985145
vn -0.7932609272118379 0.5718274678272481 0.2091660785053171
vn -0.7932609272118379 0.5718274678272481 0.2091660785053171
vn -0.7932609272118379 0.5718274678272481 0.2091660785053171
vn -0.9126664012991057 -0.2230363092222212 0.3424833495343524
vn -0.9126664012991057 -0.2230363092222212 0.3424833495343524
vn -0.9126664012991057 -0.2230363092222212 0.3424833495343524
vn -0.564290950548018 0.5152272075363125 -0.6450710408505004
vn -0.564290950548018 0.5152272075363125 -0.6450710408505004
vn -0.564290950548018 0.5152272075363125 -0.6450710408505004
vn -0.35734948802694705 0.4752456881995415 -0.8040167157806004
vn -0.35734948802694705 0.4752456881995415 -0.8040167157806004
vn -0.35734948802694705 0.4752456881995415 -0.8040167157806004
vn -0.6486935113194884 0.7349522219961635 0.19759038376119098
vn -0.6486935113194884 0.7349522219961635 0.19759038376119098
vn -0.6486935113194884 0.7349522219961635 0.19759038376119098
vn -0.692352592028282 0.6362982979931648 0.34025338247065356
vn -0.692352592028282 0.6362982979931648 0.34025338247065356
vn -0.692352592028282 0.6362982979931648 0.34025338247065356
vn -0.8336030659477972 -0.35531379999411955 -0.4229161051274486
vn -0.8336030659477972 -0.35531379999411955 -0.4229161051274486
vn -0.8336030659477972 -0.35531379999411955 -0.4229161051274486
vn -0.9869171566051129 -0.11017190126529218 0.11771439236588707
vn -0.9869171566051129 -0.11017190126529218 0.11771439236588707
vn -0.9869171566051129 -0.11017190126529218 0.11771439236588707
vn -0.827020644735448 0.5349925157780647 -0.17268428197963184
vn -0.827020644735448 0.5349925157780647 -0.17268428197963184
vn -0.827020644735448 0.5349925157780647 -0.17268428197963184
vn -0.3374338185803608 -0.09773011609230178 0.9362623790833752
vn -0.3374338185803608 -0.09773011609230178 0.9362623790833752
vn -0.3374338185803608 -0.09773011609230178 0.9362623790833752
vn -0.4039539654003443 0.3530987167472831 -0.843885353628536
vn -0.4039539654003443 0.3530987167472831 -0.843885353628536
vn -0.4039539654003443 0.3530987167472831 -0.843885353628536
vn -0.4172095757916536 0.550600780533649 -0.7230317768559588
vn -0.4172095757916536 0.550600780533649 -0.7230317768559588
vn -0.4172095757916536 0.550600780533649 -0.7230317768559588
vn -0.7519561047782664 0.607077657809916 0.2569411097405852
vn -0.7519561047782664 0.607077657809916 0.2569411097405852
vn -0.7519561047782664 0.607077657809916 0.2569411097405852
vn -0.5884442895848964 0.6654970612423847 0.4591807699944284
vn -0.5884442895848964 0.6654970612423847 0.4591807699944284
vn -0.5884442895848964 0.6654970612423847 0.4591807699944284
vn -0.23322600146277764 -0.1531757117632029 0.9602826841964405
vn -0.23322600146277764 -0.1531757117632029 0.9602826841964405
vn -0.23322600146277764 -0.1531757117632029 0.9602826841964405
vn -0.8510430817204696 -0.3582575818717764 -0.38389735358180543
vn -0.8510430817204696 -0.3582575818717764 -0.38389735358180543
vn -0.8510430817204696 -0.3582575818717764 -0.38389735358180543
vn -0.7241788565261842 0.6743863279697424 -0.14411129174327533
vn -0.7241788565261842 0.6743863279697424 -0.14411129174327533
vn -0.7241788565261842 0.6743863279697424 -0.14411129174327533
vn -0.9387157587093948 -0.2360919720940472 0.25114399268823606
vn -0.9387157587093948 -0.2360919720940472 0.25114399268823606
vn -0.9387157587093948 -0.2360919720940472 0.25114399268823606
vn -0.732351597370641 -0.680925663796299 -0.0011739728446490526
vn -0.732351597370641 -0.680925663796299 -0.0011739728446490526
vn -0.732351597370641 -0.680925663796299 -0.0011739728446490526
vn -0.7340394950303808 -0.679106780805157 0
vn -0.7340394950303808 -0.679106780805157 0
vn -0.7340394950303808 -0.679106780805157 0
vn -0.7850897552454839 -0.6136465260449151 0.08409528691665001
vn -0.7850897552454839 -0.6136465260449151 0.08409528691665001
vn -0.7850897552454839 -0.6136465260449151 0.08409528691665001
vn -0.8260890558604275 -0.5522492934900036 -0.11223898443686797
vn -0.8260890558604275 -0.5522492934900036 -0.11223898443686797
vn -0.8260890558604275 -0.5522492934900036 -0.11223898443686797
vn -0.7149509987070699 -0.6179140978630604 -0.32715017516401235
vn -0.7149509987070699 -0.6179140978630604 -0.32715017516401235
vn -0.7149509987070699 -0.6179140978630604 -0.32715017516401235
vn -0.8190924865653594 -0.5530062741291258 -0.15255018592580863
vn -0.8190924865653594 -0.5530062741291258 -0.15255018592580863
vn -0.8190924865653594 -0.5530062741291258 -0.15255018592580863
vn -0.03990572062132329 -0.026432466531753702 -0.9988537721682491
vn -0.03990572062132329 -0.026432466531753702 -0.9988537721682491
vn -0.03990572062132329 -0.026432466531753702 -0.9988537721682491
vn 0.6172196269728332 -0.7867909074713031 0
vn 0.6172196269728332 -0.7867909074713031 0
vn 0.6172196269728332 -0.7867909074713031 0
vn 0.7068194603349837 -0.7068195795442708 0.02850144671105054
vn 0.7068194603349837 -0.7068195795442708 0.02850144671105054
vn 0.7068194603349837 -0.7068195795442708 0.02850144671105054
vn -0.000044274500309780045 0.000044274507585737646 0.9999999980397682
vn -0.000044274500309780045 0.000044274507585737646 0.9999999980397682
vn -0.000044274500309780045 0.000044274507585737646 0.9999999980397682
vn -0.1806983756466475 -0.12684867979346678 0.9753243098955944
vn -0.1806983756466475 -0.12684867979346678 0.9753243098955944
vn -0.1806983756466475 -0.12684867979346678 0.9753243098955944
vn 0.9107317181534782 -0.36887081862483895 -0.18574729262160147
vn 0.9107317181534782 -0.36887081862483895 -0.18574729262160147
vn 0.9107317181534782 -0.36887081862483895 -0.18574729262160147
vn -0.9288629278903833 0.3354964251035656 -0.157021686188986
vn -0.9288629278903833 0.3354964251035656 -0.157021686188986
vn -0.9288629278903833 0.3354964251035656 -0.157021686188986
vn -0.6953233355594943 0.715601848626904 -0.06662922232906955
vn -0.6953233355594943 0.715601848626904 -0.06662922232906955
vn -0.6953233355594943 0.715601848626904 -0.06662922232906955
vn -0.7523887032281179 -0.6587183961963775 -0.0011461968343026202
vn -0.7523887032281179 -0.6587183961963775 -0.0011461968343026202
vn -0.7523887032281179 -0.6587183961963775 -0.0011461968343026202
vn -0.5683664732740192 -0.8220158892344569 0.035347275766860906
vn -0.5683664732740192 -0.8220158892344569 0.035347275766860906
vn -0.5683664732740192 -0.8220158892344569 0.035347275766860906
vn -0.6872812354339888 -0.71496890360912 -0.1283120036953021
vn -0.6872812354339888 -0.71496890360912 -0.1283120036953021
vn -0.6872812354339888 -0.71496890360912 -0.1283120036953021
vn -0.7077806910635293 -0.7064316591912001 0.0008967998668179465
vn -0.7077806910635293 -0.7064316591912001 0.0008967998668179465
vn -0.7077806910635293 -0.7064316591912001 0.0008967998668179465
vn -0.7064588667355871 -0.7077419163192753 -0.004153251183107255
vn -0.7064588667355871 -0.7077419163192753 -0.004153251183107255
vn -0.7064588667355871 -0.7077419163192753 -0.004153251183107255
vn -0.705306047434144 -0.707579606985994 0.04329525644191745
vn -0.705306047434144 -0.707579606985994 0.04329525644191745
vn -0.705306047434144 -0.707579606985994 0.04329525644191745
vn -0.7181807810359425 -0.6958265356822098 0.0064651365877442715
vn -0.7181807810359425 -0.6958265356822098 0.0064651365877442715
vn -0.7181807810359425 -0.6958265356822098 0.0064651365877442715
vn -0.7078348896446428 -0.706377496495378 -0.0007755299340872917
vn -0.7078348896446428 -0.706377496495378 -0.0007755299340872917
vn -0.7078348896446428 -0.706377496495378 -0.0007755299340872917
vn -0.7134066382775108 -0.7007464326316934 0.0023249979648053047
vn -0.7134066382775108 -0.7007464326316934 0.0023249979648053047
vn -0.7134066382775108 -0.7007464326316934 0.0023249979648053047
vn -0.7461836369217851 -0.6606696275656473 -0.08200989697863653
vn -0.7461836369217851 -0.6606696275656473 -0.08200989697863653
vn -0.7461836369217851 -0.6606696275656473 -0.08200989697863653
vn -0.7433221335507136 -0.6588496561677449 -0.11571229987023689
vn -0.7433221335507136 -0.6588496561677449 -0.11571229987023689
vn -0.7433221335507136 -0.6588496561677449 -0.11571229987023689
vn -0.6998744457458212 -0.7142170515070789 -0.008352456435942363
vn -0.6998744457458212 -0.7142170515070789 -0.008352456435942363
vn -0.6998744457458212 -0.7142170515070789 -0.008352456435942363
vn -0.7056254251171521 -0.7085762723089905 0.003525017579162253
vn -0.7056254251171521 -0.7085762723089905 0.003525017579162253
vn -0.7056254251171521 -0.7085762723089905 0.003525017579162253
vn -0.7090945301171357 -0.7051125821860739 0.0010926119373050657
vn -0.7090945301171357 -0.7051125821860739 0.0010926119373050657
vn -0.7090945301171357 -0.7051125821860739 0.0010926119373050657
vn -0.7577124345517826 -0.6525579783517607 0.006320713177594123
vn -0.7577124345517826 -0.6525579783517607 0.006320713177594123
vn -0.7577124345517826 -0.6525579783517607 0.006320713177594123
vn -0.7024661228459168 -0.7117149754781424 -0.001771985883757238
vn -0.7024661228459168 -0.7117149754781424 -0.001771985883757238
vn -0.7024661228459168 -0.7117149754781424 -0.001771985883757238
vn -0.7033972692209999 -0.7107968281915398 -0.0003881820276452874
vn -0.7033972692209999 -0.7107968281915398 -0.0003881820276452874
vn -0.7033972692209999 -0.7107968281915398 -0.0003881820276452874
vn -0.708146103456927 -0.7060599408656874 0.002907931139759707
vn -0.708146103456927 -0.7060599408656874 0.002907931139759707
vn -0.708146103456927 -0.7060599408656874 0.002907931139759707
vn -0.7056192047538485 -0.7085839397378705 0.0032153115096924595
vn -0.7056192047538485 -0.7085839397378705 0.0032153115096924595
vn -0.7056192047538485 -0.7085839397378705 0.0032153115096924595
vn -0.7016194496692356 -0.712549093829888 0.001984118959213115
vn -0.7016194496692356 -0.712549093829888 0.001984118959213115
vn -0.7016194496692356 -0.712549093829888 0.001984118959213115
vn -0.7042612955083909 -0.7099408432351064 -0.0001635709905714402
vn -0.7042612955083909 -0.7099408432351064 -0.0001635709905714402
vn -0.7042612955083909 -0.7099408432351064 -0.0001635709905714402
vn -0.6534640136034763 -0.7561510735415141 0.03493332087350816
vn -0.6534640136034763 -0.7561510735415141 0.03493332087350816
vn -0.6534640136034763 -0.7561510735415141 0.03493332087350816
vn -0.7122217823432158 -0.7019441537178741 -0.003812848954593187
vn -0.7122217823432158 -0.7019441537178741 -0.003812848954593187
vn -0.7122217823432158 -0.7019441537178741 -0.003812848954593187
vn -0.7099585494455378 -0.7041133603828457 -0.013536387980728272
vn -0.7099585494455378 -0.7041133603828457 -0.013536387980728272
vn -0.7099585494455378 -0.7041133603828457 -0.013536387980728272
vn -0.7511207391131461 -0.660073870209593 -0.010959979044249207
vn -0.7511207391131461 -0.660073870209593 -0.010959979044249207
vn -0.7511207391131461 -0.660073870209593 -0.010959979044249207
vn -0.7114298253106924 -0.7027554422576487 0.0015466207208696785
vn -0.7114298253106924 -0.7027554422576487 0.0015466207208696785
vn -0.7114298253106924 -0.7027554422576487 0.0015466207208696785
vn -0.5003008804066471 -0.3682584138260239 0.7836356102875077
vn -0.5003008804066471 -0.3682584138260239 0.7836356102875077
vn -0.5003008804066471 -0.3682584138260239 0.7836356102875077
vn -0.7125111633481455 -0.7016362365863366 -0.005868016124286673
vn -0.7125111633481455 -0.7016362365863366 -0.005868016124286673
vn -0.7125111633481455 -0.7016362365863366 -0.005868016124286673
vn -0.7106868887624288 -0.7035030982897366 -0.002745330202449702
vn -0.7106868887624288 -0.7035030982897366 -0.002745330202449702
vn -0.7106868887624288 -0.7035030982897366 -0.002745330202449702
vn -0.6213245967059507 -0.7835413787319329 0.004318951614621043
vn -0.6213245967059507 -0.7835413787319329 0.004318951614621043
vn -0.6213245967059507 -0.7835413787319329 0.004318951614621043
vn -0.7073566960538061 -0.7068502949884344 -0.0030273788343816816
vn -0.7073566960538061 -0.7068502949884344 -0.0030273788343816816
vn -0.7073566960538061 -0.7068502949884344 -0.0030273788343816816
vn -0.5853248696816631 -0.8094000625801544 -0.047606046122169454
vn -0.5853248696816631 -0.8094000625801544 -0.047606046122169454
vn -0.5853248696816631 -0.8094000625801544 -0.047606046122169454
vn -0.7045333866844644 -0.709670293701534 -0.0008839029907740517
vn -0.7045333866844644 -0.709670293701534 -0.0008839029907740517
vn -0.7045333866844644 -0.709670293701534 -0.0008839029907740517
vn -0.6367678749217403 -0.7691375146341924 -0.05435215773075147
vn -0.6367678749217403 -0.7691375146341924 -0.05435215773075147
vn -0.6367678749217403 -0.7691375146341924 -0.05435215773075147
vn -0.6450906900577094 -0.759766925539565 -0.08131556097712996
vn -0.6450906900577094 -0.759766925539565 -0.08131556097712996
vn -0.6450906900577094 -0.759766925539565 -0.08131556097712996
vn -0.5187543606856134 -0.8002298437684607 -0.3008755729732232
vn -0.5187543606856134 -0.8002298437684607 -0.3008755729732232
vn -0.5187543606856134 -0.8002298437684607 -0.3008755729732232
vn -0.7361537706311728 -0.6670921943226578 -0.11430498790205014
vn -0.7361537706311728 -0.6670921943226578 -0.11430498790205014
vn -0.7361537706311728 -0.6670921943226578 -0.11430498790205014
vn -0.7092244069789949 -0.7049730460613214 0.003707407762175085
vn -0.7092244069789949 -0.7049730460613214 0.003707407762175085
vn -0.7092244069789949 -0.7049730460613214 0.003707407762175085
vn -0.7063924262709877 -0.7078030298318913 -0.004960954321708945
vn -0.7063924262709877 -0.7078030298318913 -0.004960954321708945
vn -0.7063924262709877 -0.7078030298318913 -0.004960954321708945
vn -0.7000371770524664 -0.7141057208765288 0.0009849648861829062
vn -0.7000371770524664 -0.7141057208765288 0.0009849648861829062
vn -0.7000371770524664 -0.7141057208765288 0.0009849648861829062
vn -0.7050611409987305 -0.7091457877197915 -0.0010194178951513893
vn -0.7050611409987305 -0.7091457877197915 -0.0010194178951513893
vn -0.7050611409987305 -0.7091457877197915 -0.0010194178951513893
vn -0.7042840753307472 -0.7098307047864542 -0.01114951917709608
vn -0.7042840753307472 -0.7098307047864542 -0.01114951917709608
vn -0.7042840753307472 -0.7098307047864542 -0.01114951917709608
vn -0.7076436764817333 -0.7064270860965526 0.014184469131764233
vn -0.7076436764817333 -0.7064270860965526 0.014184469131764233
vn -0.7076436764817333 -0.7064270860965526 0.014184469131764233
vn -0.7079512321466337 -0.7061943256758131 0.009727655696351773
vn -0.7079512321466337 -0.7061943256758131 0.009727655696351773
vn -0.7079512321466337 -0.7061943256758131 0.009727655696351773
vn -0.689895464396778 -0.6974353328972359 -0.19397990780303961
vn -0.689895464396778 -0.6974353328972359 -0.19397990780303961
vn -0.689895464396778 -0.6974353328972359 -0.19397990780303961
vn -0.7077115641950037 -0.7064991461382761 -0.0018161526774721137
vn -0.7077115641950037 -0.7064991461382761 -0.0018161526774721137
vn -0.7077115641950037 -0.7064991461382761 -0.0018161526774721137
vn -0.6798995624975003 -0.7326432945866922 -0.03115104834295637
vn -0.6798995624975003 -0.7326432945866922 -0.03115104834295637
vn -0.6798995624975003 -0.7326432945866922 -0.03115104834295637
vn -0.7126925677096984 -0.7014764039336817 0.00039831598905612557
vn -0.7126925677096984 -0.7014764039336817 0.00039831598905612557
vn -0.7126925677096984 -0.7014764039336817 0.00039831598905612557
vn -0.7169189403780635 -0.6958055448324656 -0.04338060289565512
vn -0.7169189403780635 -0.6958055448324656 -0.04338060289565512
vn -0.7169189403780635 -0.6958055448324656 -0.04338060289565512
vn -0.75203138713855 -0.6586501013171622 -0.025076618459444176
vn -0.75203138713855 -0.6586501013171622 -0.025076618459444176
vn -0.75203138713855 -0.6586501013171622 -0.025076618459444176
vn -0.708049672038491 -0.7061598471256607 0.001982986043538681
vn -0.708049672038491 -0.7061598471256607 0.001982986043538681
vn -0.708049672038491 -0.7061598471256607 0.001982986043538681
vn -0.7569820101319328 -0.6507564029279281 0.059112946001041757
vn -0.7569820101319328 -0.6507564029279281 0.059112946001041757
vn -0.7569820101319328 -0.6507564029279281 0.059112946001041757
vn -0.7151234204068769 -0.6967583947475262 -0.05591272605069
vn -0.7151234204068769 -0.6967583947475262 -0.05591272605069
vn -0.7151234204068769 -0.6967583947475262 -0.05591272605069
vn -0.7173005324939696 -0.696758745396689 0.00268268468133622
vn -0.7173005324939696 -0.696758745396689 0.00268268468133622
vn -0.7173005324939696 -0.696758745396689 0.00268268468133622
vn -0.7283637577575728 -0.6840474656203939 0.03956388711418228
vn -0.7283637577575728 -0.6840474656203939 0.03956388711418228
vn -0.7283637577575728 -0.6840474656203939 0.03956388711418228
vn -0.7096543534479436 -0.7044089657293836 0.014096369477324231
vn -0.7096543534479436 -0.7044089657293836 0.014096369477324231
vn -0.7096543534479436 -0.7044089657293836 0.014096369477324231
vn -0.7632781526241348 -0.6458403091299515 -0.017226631406537934
vn -0.7632781526241348 -0.6458403091299515 -0.017226631406537934
vn -0.7632781526241348 -0.6458403091299515 -0.017226631406537934
vn -0.7130188820020645 -0.701138722827178 -0.0029266466817446544
vn -0.7130188820020645 -0.701138722827178 -0.0029266466817446544
vn -0.7130188820020645 -0.701138722827178 -0.0029266466817446544
vn -0.7024354966649329 -0.7115094694082409 0.018402390265739022
vn -0.7024354966649329 -0.7115094694082409 0.018402390265739022
vn -0.7024354966649329 -0.7115094694082409 0.018402390265739022
vn -0.7002869870329371 -0.7138536002804257 0.003342627560040513
vn -0.7002869870329371 -0.7138536002804257 0.003342627560040513
vn -0.7002869870329371 -0.7138536002804257 0.003342627560040513
vn -0.7012510291324985 -0.7126958957761154 0.01765090038758895
vn -0.7012510291324985 -0.7126958957761154 0.01765090038758895
vn -0.7012510291324985 -0.7126958957761154 0.01765090038758895
vn -0.7104595872437984 -0.7036935064133257 -0.007913527980014594
vn -0.7104595872437984 -0.7036935064133257 -0.007913527980014594
vn -0.7104595872437984 -0.7036935064133257 -0.007913527980014594
vn -0.7022050601872362 -0.7119587642343165 0.0047719469176706435
vn -0.7022050601872362 -0.7119587642343165 0.0047719469176706435
vn -0.7022050601872362 -0.7119587642343165 0.0047719469176706435
vn -0.6974114214345288 -0.7165521418972894 -0.01305132924559948
vn -0.6974114214345288 -0.7165521418972894 -0.01305132924559948
vn -0.6974114214345288 -0.7165521418972894 -0.01305132924559948
vn -0.7040425380170546 -0.7101548153869313 -0.002059816802013046
vn -0.7040425380170546 -0.7101548153869313 -0.002059816802013046
vn -0.7040425380170546 -0.7101548153869313 -0.002059816802013046
vn -0.6592993289100347 -0.7440911699475343 0.10794779157021857
vn -0.6592993289100347 -0.7440911699475343 0.10794779157021857
vn -0.6592993289100347 -0.7440911699475343 0.10794779157021857
vn -0.6588161003132053 -0.7433767331660286 0.11555249264080734
vn -0.6588161003132053 -0.7433767331660286 0.11555249264080734
vn -0.6588161003132053 -0.7433767331660286 0.11555249264080734
vn -0.7056783949708412 -0.7085274969571637 -0.002605556945010341
vn -0.7056783949708412 -0.7085274969571637 -0.002605556945010341
vn -0.7056783949708412 -0.7085274969571637 -0.002605556945010341
vn -0.6330416175128067 -0.7740912999959437 0.0064007630294505265
vn -0.6330416175128067 -0.7740912999959437 0.0064007630294505265
vn -0.6330416175128067 -0.7740912999959437 0.0064007630294505265
vn -0.7122125193555643 -0.701963381241153 0.0008594589505800467
vn -0.7122125193555643 -0.701963381241153 0.0008594589505800467
vn -0.7122125193555643 -0.701963381241153 0.0008594589505800467
vn -0.967437460015346 -0.1040504142688461 -0.23073420260017236
vn -0.967437460015346 -0.1040504142688461 -0.23073420260017236
vn -0.967437460015346 -0.1040504142688461 -0.23073420260017236
vn -0.686961008158849 -0.42315024935895146 0.5907862893947653
vn -0.686961008158849 -0.42315024935895146 0.5907862893947653
vn -0.686961008158849 -0.42315024935895146 0.5907862893947653
vn -0.7942180380656962 0.10470650011689775 -0.598543446079185
vn -0.7942180380656962 0.10470650011689775 -0.598543446079185
vn -0.7942180380656962 0.10470650011689775 -0.598543446079185
vn -0.6804561556435524 -0.38536458875920304 0.6232764667282472
vn -0.6804561556435524 -0.38536458875920304 0.6232764667282472
vn -0.6804561556435524 -0.38536458875920304 0.6232764667282472
vn -0.789367483324222 -0.39427160535293476 -0.47058354994921353
vn -0.789367483324222 -0.39427160535293476 -0.47058354994921353
vn -0.789367483324222 -0.39427160535293476 -0.47058354994921353
vn -0.6905934883782338 -0.26715159699151186 -0.6720942330019408
vn -0.6905934883782338 -0.26715159699151186 -0.6720942330019408
vn -0.6905934883782338 -0.26715159699151186 -0.6720942330019408
vn -0.7634570617346426 0.08096981068463409 0.6407629863258338
vn -0.7634570617346426 0.08096981068463409 0.6407629863258338
vn -0.7634570617346426 0.08096981068463409 0.6407629863258338
vn -0.4745108483731621 -0.4532870350844632 -0.7545663115992647
vn -0.4745108483731621 -0.4532870350844632 -0.7545663115992647
vn -0.4745108483731621 -0.4532870350844632 -0.7545663115992647
vn -0.9220415974351965 -0.2969085284025977 0.2483638829639986
vn -0.9220415974351965 -0.2969085284025977 0.2483638829639986
vn -0.9220415974351965 -0.2969085284025977 0.2483638829639986
vn -0.954150033944809 -0.12750213020148418 0.2708152867125554
vn -0.954150033944809 -0.12750213020148418 0.2708152867125554
vn -0.954150033944809 -0.12750213020148418 0.2708152867125554
vn -0.9549999126216691 0.2944129373234263 0.03600262808735869
vn -0.9549999126216691 0.2944129373234263 0.03600262808735869
vn -0.9549999126216691 0.2944129373234263 0.03600262808735869
vn -0.9549642587011372 -0.25967829836878215 -0.14356338655688392
vn -0.9549642587011372 -0.25967829836878215 -0.14356338655688392
vn -0.9549642587011372 -0.25967829836878215 -0.14356338655688392
vn -0.5591525496616931 0.7525876246766666 0.3477934636970059
vn -0.5591525496616931 0.7525876246766666 0.3477934636970059
vn -0.5591525496616931 0.7525876246766666 0.3477934636970059
vn -0.6749092223788244 0.607964207152073 0.41818305127056726
vn -0.6749092223788244 0.607964207152073 0.41818305127056726
vn -0.6749092223788244 0.607964207152073 0.41818305127056726
vn -0.07588969992286149 -0.05738823918492143 -0.9954633812696839
vn -0.07588969992286149 -0.05738823918492143 -0.9954633812696839
vn -0.07588969992286149 -0.05738823918492143 -0.9954633812696839
vn 0.07752712830836307 0.22865249260313647 -0.9704161900971312
vn 0.07752712830836307 0.22865249260313647 -0.9704161900971312
vn 0.07752712830836307 0.22865249260313647 -0.9704161900971312
vn -0.42184986902451255 0.6249576098121548 0.6568642736074785
vn -0.42184986902451255 0.6249576098121548 0.6568642736074785
vn -0.42184986902451255 0.6249576098121548 0.6568642736074785
vn -0.5351140041161102 0.4263673832773183 0.7292899677604757
vn -0.5351140041161102 0.4263673832773183 0.7292899677604757
vn -0.5351140041161102 0.4263673832773183 0.7292899677604757
vn -0.3489356252394936 0.22842192083048302 -0.9088824761886634
vn -0.3489356252394936 0.22842192083048302 -0.9088824761886634
vn -0.3489356252394936 0.22842192083048302 -0.9088824761886634
vn -0.19015838176890829 0.5453587762167001 -0.8163477169971467
vn -0.19015838176890829 0.5453587762167001 -0.8163477169971467
vn -0.19015838176890829 0.5453587762167001 -0.8163477169971467
vn -0.19361108749297237 0.4603314151104767 0.8663773629673012
vn -0.19361108749297237 0.4603314151104767 0.8663773629673012
vn -0.19361108749297237 0.4603314151104767 0.8663773629673012
vn -0.3452191067984503 0.10809657018871616 0.9322761928820859
vn -0.3452191067984503 0.10809657018871616 0.9322761928820859
vn -0.3452191067984503 0.10809657018871616 0.9322761928820859
vn -0.6315178710803425 0.38248386007922225 -0.6744562812258846
vn -0.6315178710803425 0.38248386007922225 -0.6744562812258846
vn -0.6315178710803425 0.38248386007922225 -0.6744562812258846
vn 0.06536681285003697 0.21118338664446692 0.9752583026989322
vn 0.06536681285003697 0.21118338664446692 0.9752583026989322
vn 0.06536681285003697 0.21118338664446692 0.9752583026989322
vn -0.43549736708376285 0.7829500920307598 -0.4442197616632277
vn -0.43549736708376285 0.7829500920307598 -0.4442197616632277
vn -0.43549736708376285 0.7829500920307598 -0.4442197616632277
vn -0.7000547674045227 0.6207048916532334 -0.35305631294730794
vn -0.7000547674045227 0.6207048916532334 -0.35305631294730794
vn -0.7000547674045227 0.6207048916532334 -0.35305631294730794
vn -0.5895295006702858 0.8068914226727267 -0.037164497260512866
vn -0.5895295006702858 0.8068914226727267 -0.037164497260512866
vn -0.5895295006702858 0.8068914226727267 -0.037164497260512866
vn -0.7492912956357864 0.660938079593516 0.04151396424914772
vn -0.7492912956357864 0.660938079593516 0.04151396424914772
vn -0.7492912956357864 0.660938079593516 0.04151396424914772
vn 0.6890136139228736 0.7242852592100041 -0.025905658069970177
vn 0.6890136139228736 0.7242852592100041 -0.025905658069970177
vn 0.6890136139228736 0.7242852592100041 -0.025905658069970177
vn 0.6868512189860824 0.7264599964518542 -0.022164758796442172
vn 0.6868512189860824 0.7264599964518542 -0.022164758796442172
vn 0.6868512189860824 0.7264599964518542 -0.022164758796442172
vn 0.6893011576488135 0.7235160131049901 -0.03726248575531754
vn 0.6893011576488135 0.7235160131049901 -0.03726248575531754
vn 0.6893011576488135 0.7235160131049901 -0.03726248575531754
vn 0.693925123332651 0.7192809385274718 -0.033209255920672955
vn 0.693925123332651 0.7192809385274718 -0.033209255920672955
vn 0.693925123332651 0.7192809385274718 -0.033209255920672955
vn 0.6773104910097382 0.7354035640729851 -0.020786936207586985
vn 0.6773104910097382 0.7354035640729851 -0.020786936207586985
vn 0.6773104910097382 0.7354035640729851 -0.020786936207586985
vn 0.6821230771789939 0.7309491764932105 -0.020528247946610772
vn 0.6821230771789939 0.7309491764932105 -0.020528247946610772
vn 0.6821230771789939 0.7309491764932105 -0.020528247946610772
vn 0.6806277639384041 0.7325073487785265 -0.013372768661075203
vn 0.6806277639384041 0.7325073487785265 -0.013372768661075203
vn 0.6806277639384041 0.7325073487785265 -0.013372768661075203
vn 0.6960623142143103 0.7172388904570087 -0.03264396952911989
vn 0.6960623142143103 0.7172388904570087 -0.03264396952911989
vn 0.6960623142143103 0.7172388904570087 -0.03264396952911989
vn 0.6998880549931673 0.7133547112865783 -0.03580176480459473
vn 0.6998880549931673 0.7133547112865783 -0.03580176480459473
vn 0.6998880549931673 0.7133547112865783 -0.03580176480459473
vn 0.6809837218006829 0.732285439528031 -0.004382430573154333
vn 0.6809837218006829 0.732285439528031 -0.004382430573154333
vn 0.6809837218006829 0.732285439528031 -0.004382430573154333
vn 0.7032916547239536 0.7094457746935681 -0.04547022283964037
vn 0.7032916547239536 0.7094457746935681 -0.04547022283964037
vn 0.7032916547239536 0.7094457746935681 -0.04547022283964037
vn 0.7087330446235246 0.7046958430912944 -0.03318493918208958
vn 0.7087330446235246 0.7046958430912944 -0.03318493918208958
vn 0.7087330446235246 0.7046958430912944 -0.03318493918208958
vn 0.6812208275885346 0.7320627549752382 -0.004723011502873305
vn 0.6812208275885346 0.7320627549752382 -0.004723011502873305
vn 0.6812208275885346 0.7320627549752382 -0.004723011502873305
vn 0.6813734110963126 0.7319201163531627 -0.004818498578207313
vn 0.6813734110963126 0.7319201163531627 -0.004818498578207313
vn 0.6813734110963126 0.7319201163531627 -0.004818498578207313
vn 0.6903351318543696 0.7233825088318929 0.012455988266149494
vn 0.6903351318543696 0.7233825088318929 0.012455988266149494
vn 0.6903351318543696 0.7233825088318929 0.012455988266149494
vn 0.7068856280039125 0.7064539115665979 -0.035150814411157645
vn 0.7068856280039125 0.7064539115665979 -0.035150814411157645
vn 0.7068856280039125 0.7064539115665979 -0.035150814411157645
vn 0.6912740639816202 0.722588855004386 -0.0023484228293572584
vn 0.6912740639816202 0.722588855004386 -0.0023484228293572584
vn 0.6912740639816202 0.722588855004386 -0.0023484228293572584
vn 0.6818986623337137 0.7312596534969331 0.016538847451903864
vn 0.6818986623337137 0.7312596534969331 0.016538847451903864
vn 0.6818986623337137 0.7312596534969331 0.016538847451903864
vn 0.7166229670842679 0.6964441120996091 -0.03764467783269293
vn 0.7166229670842679 0.6964441120996091 -0.03764467783269293
vn 0.7166229670842679 0.6964441120996091 -0.03764467783269293
vn 0.6811604952675555 0.7319550956402242 0.016190047966846935
vn 0.6811604952675555 0.7319550956402242 0.016190047966846935
vn 0.6811604952675555 0.7319550956402242 0.016190047966846935
vn 0.7209212703135545 0.6916841194793403 -0.04296045704575952
vn 0.7209212703135545 0.6916841194793403 -0.04296045704575952
vn 0.7209212703135545 0.6916841194793403 -0.04296045704575952
vn 0.7214087880439077 0.6914242541052426 -0.038753856169796
vn 0.7214087880439077 0.6914242541052426 -0.038753856169796
vn 0.7214087880439077 0.6914242541052426 -0.038753856169796
vn 0.6847915768544711 0.7283787258022852 0.022911308731857233
vn 0.6847915768544711 0.7283787258022852 0.022911308731857233
vn 0.6847915768544711 0.7283787258022852 0.022911308731857233
vn 0.7268754187865094 0.6860351509659997 -0.031747396790834596
vn 0.7268754187865094 0.6860351509659997 -0.031747396790834596
vn 0.7268754187865094 0.6860351509659997 -0.031747396790834596
vn 0.6835150111753926 0.7292763579195101 0.031035838599235886
vn 0.6835150111753926 0.7292763579195101 0.031035838599235886
vn 0.6835150111753926 0.7292763579195101 0.031035838599235886
vn 0.7299844619004748 0.682707667013406 -0.03213917834958726
vn 0.7299844619004748 0.682707667013406 -0.03213917834958726
vn 0.7299844619004748 0.682707667013406 -0.03213917834958726
vn 0.6865717151225283 0.7264026976834819 0.030958048902827023
vn 0.6865717151225283 0.7264026976834819 0.030958048902827023
vn 0.6865717151225283 0.7264026976834819 0.030958048902827023
vn 0.7286901997744072 0.6844530633725123 -0.023121349284118298
vn 0.7286901997744072 0.6844530633725123 -0.023121349284118298
vn 0.7286901997744072 0.6844530633725123 -0.023121349284118298
vn 0.6912753016961021 0.721535209077467 0.03905636089677308
vn 0.6912753016961021 0.721535209077467 0.03905636089677308
vn 0.6912753016961021 0.721535209077467 0.03905636089677308
vn 0.6912535311542954 0.7216243621277969 0.03777347813436902
vn 0.6912535311542954 0.7216243621277969 0.03777347813436902
vn 0.6912535311542954 0.7216243621277969 0.03777347813436902
vn 0.7317052428837866 0.6814299770892699 -0.016143848998811786
vn 0.7317052428837866 0.6814299770892699 -0.016143848998811786
vn 0.7317052428837866 0.6814299770892699 -0.016143848998811786
vn 0.7264689892990733 0.6871852363717106 -0.004388450699197311
vn 0.7264689892990733 0.6871852363717106 -0.004388450699197311
vn 0.7264689892990733 0.6871852363717106 -0.004388450699197311
vn 0.7329916494590651 0.6800636179818502 -0.015385620582719984
vn 0.7329916494590651 0.6800636179818502 -0.015385620582719984
vn 0.7329916494590651 0.6800636179818502 -0.015385620582719984
vn 0.6971737146770524 0.7160502076552586 0.03494154662090791
vn 0.6971737146770524 0.7160502076552586 0.03494154662090791
vn 0.6971737146770524 0.7160502076552586 0.03494154662090791
vn 0.7273513567918061 0.686216284687781 -0.008198439023196771
vn 0.7273513567918061 0.686216284687781 -0.008198439023196771
vn 0.7273513567918061 0.686216284687781 -0.008198439023196771
vn 0.7055449445525859 0.707390483158237 0.04248570999105926
vn 0.7055449445525859 0.707390483158237 0.04248570999105926
vn 0.7055449445525859 0.707390483158237 0.04248570999105926
vn 0.702644581691834 0.7107331703503572 0.033896200123872934
vn 0.702644581691834 0.7107331703503572 0.033896200123872934
vn 0.702644581691834 0.7107331703503572 0.033896200123872934
vn 0.7295017826511423 0.6839783776507452 -0.0008532379856306555
vn 0.7295017826511423 0.6839783776507452 -0.0008532379856306555
vn 0.7295017826511423 0.6839783776507452 -0.0008532379856306555
vn 0.7275876927101909 0.6860143474592797 0.0006815399325252575
vn 0.7275876927101909 0.6860143474592797 0.0006815399325252575
vn 0.7275876927101909 0.6860143474592797 0.0006815399325252575
vn 0.7044947707275335 0.7089450322975687 0.032925054262056476
vn 0.7044947707275335 0.7089450322975687 0.032925054262056476
vn 0.7044947707275335 0.7089450322975687 0.032925054262056476
vn 0.7277867654410376 0.6858034002339186 0.0003468089786877815
vn 0.7277867654410376 0.6858034002339186 0.0003468089786877815
vn 0.7277867654410376 0.6858034002339186 0.0003468089786877815
vn 0.7114741851457995 0.7016177822035886 0.03920422894074456
vn 0.7114741851457995 0.7016177822035886 0.03920422894074456
vn 0.7114741851457995 0.7016177822035886 0.03920422894074456
vn 0.7134520201231219 0.6998410018665655 0.03476761551556335
vn 0.7134520201231219 0.6998410018665655 0.03476761551556335
vn 0.7134520201231219 0.6998410018665655 0.03476761551556335
vn 0.731367216799404 0.6816969386980892 0.01978074722418894
vn 0.731367216799404 0.6816969386980892 0.01978074722418894
vn 0.731367216799404 0.6816969386980892 0.01978074722418894
vn 0.7297655516848237 0.6833980841369117 0.02023111890488394
vn 0.7297655516848237 0.6833980841369117 0.02023111890488394
vn 0.7297655516848237 0.6833980841369117 0.02023111890488394
vn 0.7172825802534917 0.696038531566157 0.03218792693108635
vn 0.7172825802534917 0.696038531566157 0.03218792693108635
vn 0.7172825802534917 0.696038531566157 0.03218792693108635
vn 0.7301592261156563 0.6829886464860816 0.01984976799098854
vn 0.7301592261156563 0.6829886464860816 0.01984976799098854
vn 0.7301592261156563 0.6829886464860816 0.01984976799098854
vn 0.7189987216146485 0.6942347205402741 0.0328480001349927
vn 0.7189987216146485 0.6942347205402741 0.0328480001349927
vn 0.7189987216146485 0.6942347205402741 0.0328480001349927
vn 0.7258299793191628 0.6867255761546409 0.039734420552217584
vn 0.7258299793191628 0.6867255761546409 0.039734420552217584
vn 0.7258299793191628 0.6867255761546409 0.039734420552217584
vn 0.7291500448332221 0.6838795430113289 0.02547514024154213
vn 0.7291500448332221 0.6838795430113289 0.02547514024154213
vn 0.7291500448332221 0.6838795430113289 0.02547514024154213
vn 0.7304650429416903 0.6820536147801367 0.034981246483557354
vn 0.7304650429416903 0.6820536147801367 0.034981246483557354
vn 0.7304650429416903 0.6820536147801367 0.034981246483557354
vn 0.7298437575115724 0.6827178205483667 0.03499238670164345
vn 0.7298437575115724 0.6827178205483667 0.03499238670164345
vn 0.7298437575115724 0.6827178205483667 0.03499238670164345
f 1//1 2//2 3//3
f 4//4 5//5 6//6
f 7//7 8//8 9//9
f 10//10 11//11 12//12
f 13//13 14//14 15//15
f 16//16 17//17 18//18
f 19//19 20//20 21//21
f 22//22 23//23 24//24
f 25//25 26//26 27//27
f 28//28 29//29 30//30
f 31//31 32//32 33//33
f 34//34 35//35 36//36
f 37//37 38//38 39//39
f 40//40 41//41 42//42
f 43//43 44//44 45//45
f 46//46 47//47 48//48
f 49//49 50//50 51//51
f 52//52 53//53 54//54
f 55//55 56//56 57//57
f 58//58 59//59 60//60
f 61//61 62//62 63//63
f 64//64 65//65 66//66
f 67//67 68//68 69//69
f 70//70 71//71 72//72
f 73//73 74//74 75//75
f 76//76 77//77 78//78
f 79//79 80//80 81//81
f 82//82 83//83 84//84
f 85//85 86//86 87//87
f 88//88 89//89 90//90
f 91//91 92//92 93//93
f 94//94 95//95 96//96
f 97//97 98//98 99//99
f 100//100 101//101 102//102
f 103//103 104//104 105//105
f 106//106 107//107 108//108
f 109//109 110//110 111//111
f 112//112 113//113 114//114
f 115//115 116//116 117//117
f 118//118 119//119 120//120
f 121//121 122//122 123//123
f 124//124 125//125 126//126
f 127//127 128//128 129//129
f 130//130 131//131 132//132
f 133//133 134//134 135//135
f 136//136 137//137 138//138
f 139//139 140//140 141//141
f 142//142 143//143 144//144
f 145//145 146//146 147//147
f 148//148 149//149 150//150
f 151//151 152//152 153//153
f 154//154 155//155 156//156
f 157//157 158//158 159//159
f 160//160 161//161 162//162
f 163//163 164//164 165//165
f 166//166 167//167 168//168
f 169//169 170//170 171//171
f 172//172 173//173 174//174
f 175//175 176//176 177//177
f 178//178 179//179 180//180
f 181//181 182//182 183//183
f 184//184 185//185 186//186
f 187//187 188//188 189//189
f 190//190 191//191 192//192
f 193//193 194//194 195//195
f 196//196 197//197 198//198
f 199//199 200//200 201//201
f 202//202 203//203 204//204
f 205//205 206//206 207//207
f 208//208 209//209 210//210
f 211//211 212//212 213//213
f 214//214 215//215 216//216
f 217//217 218//218 219//219
f 220//220 221//221 222//222
f 223//223 224//224 225//225
f 226//226 227//227 228//228
f 229//229 230//230 231//231
f 232//232 233//233 234//234
f 235//235 236//236 237//237
f 238//238 239//239 240//240
f 241//241 242//242 243//243
f 244//244 245//245 246//246
f 247//247 248//248 249//249
f 250//250 251//251 252//252
f 253//253 254//254 255//255
f 256//256 257//257 258//258
f 259//259 260//260 261//261
f 262//262 263//263 264//264
f 265//265 266//266 267//267
f 268//268 269//269 270//270
f 271//271 272//272 273//273
f 274//274 275//275 276//276
f 277//277 278//278 279//279
f 280//280 281//281 282//282
f 283//283 284//284 285//285
f 286//286 287//287 288//288
f 289//289 290//290 291//291
f 292//292 293//293 294//294
f 295//295 296//296 297//297
f 298//298 299//299 300//300
f 301//301 302//302 303//303
f 304//304 305//305 306//306
f 307//307 308//308 309//309
f 310//310 311//311 312//312
f 313//313 314//314 315//315
f 316//316 317//317 318//318
f 319//319 320//320 321//321
f 322//322 323//323 324//324
f 325//325 326//326 327//327
f 328//328 329//329 330//330
f 331//331 332//332 333//333
f 334//334 335//335 336//336
f 337//337 338//338 339//339
f 340//340 341//341 342//342
f 343//343 344//344 345//345
f 346//346 347//347 348//348
f 349//349 350//350 351//351
f 352//352 353//353 354//354
f 355//355 356//356 357//357
f 358//358 359//359 360//360
f 361//361 362//362 363//363
f 364//364 365//365 366//366
f 367//367 368//368 369//369
f 370//370 371//371 372//372
f 373//373 374//374 375//375
f 376//376 377//377 378//378
f 379//379 380//380 381//381
f 382//382 383//383 384//384
f 385//385 386//386 387//387
f 388//388 389//389 390//390
f 391//391 392//392 393//393
f 394//394 395//395 396//396
f 397//397 398//398 399//399
f 400//400 401//401 402//402
f 403//403 404//404 405//405
f 406//406 407//407 408//408
f 409//409 410//410 411//411
f 412//412 413//413 414//414
f 415//415 416//416 417//417
f 418//418 419//419 420//420
f 421//421 422//422 423//423
f 424//424 425//425 426//426
f 427//427 428//428 429//429
f 430//430 431//431 432//432
f 433//433 434//434 435//435
f 436//436 437//437 438//438
f 439//439 440//440 441//441
f 442//442 443//443 444//444
f 445//445 446//446 447//447
f 448//448 449//449 450//450
f 451//451 452//452 453//453
f 454//454 455//455 456//456
f 457//457 458//458 459//459
f 460//460 461//461 462//462
f 463//463 464//464 465//465
f 466//466 467//467 468//468
f 469//469 470//470 471//471
f 472//472 473//473 474//474
f 475//475 476//476 477//477
f 478//478 479//479 480//480
f 481//481 482//482 483//483
f 484//484 485//485 486//486
f 487//487 488//488 489//489
f 490//490 491//491 492//492
f 493//493 494//494 495//495
f 496//496 497//497 498//498
f 499//499 500//500 501//501
f 502//502 503//503 504//504
f 505//505 506//506 507//507
f 508//508 509//509 510//510
f 511//511 512//512 513//513
f 514//514 515//515 516//516
f 517//517 518//518 519//519
f 520//520 521//521 522//522
f 523//523 524//524 525//525
f 526//526 527//527 528//528
f 529//529 530//530 531//531
f 532//532 533//533 534//534
f 535//535 536//536 537//537
f 538//538 539//539 540//540
f 541//541 542//542 543//543
f 544//544 545//545 546//546
f 547//547 548//548 549//549
f 550//550 551//551 552//552
f 553//553 554//554 555//555
f 556//556 557//557 558//558
f 559//559 560//560 561//561
f 562//562 563//563 564//564
f 565//565 566//566 567//567
f 568//568 569//569 570//570
f 571//571 572//572 573//573
f 574//574 575//575 576//576
f 577//577 578//578 579//579
f 580//580 581//581 582//582
f 583//583 584//584 585//585
f 586//586 587//587 588//588
f 589//589 590//590 591//591
f 592//592 593//593 594//594
f 595//595 596//596 597//597
f 598//598 599//599 600//600
f 601//601 602//602 603//603
f 604//604 605//605 606//606
f 607//607 608//608 609//609
f 610//610 611//611 612//612
f 613//613 614//614 615//615
f 616//616 617//617 618//618
f 619//619 620//620 621//621
f 622//622 623//623 624//624
f 625//625 626//626 627//627
f 628//628 629//629 630//630
f 631//631 632//632 633//633
f 634//634 635//635 636//636
f 637//637 638//638 639//639
f 640//640 641//641 642//642
f 643//643 644//644 645//645
f 646//646 647//647 648//648
f 649//649 650//650 651//651
f 652//652 653//653 654//654
f 655//655 656//656 657//657
f 658//658 659//659 660//660
f 661//661 662//662 663//663
f 664//664 665//665 666//666
f 667//667 668//668 669//669
f 670//670 671//671 672//672
f 673//673 674//674 675//675
f 676//676 677//677 678//678
f 679//679 680//680 681//681
f 682//682 683//683 684//684
f 685//685 686//686 687//687
f 688//688 689//689 690//690
f 691//691 692//692 693//693
f 694//694 695//695 696//696
f 697//697 698//698 699//699
f 700//700 701//701 702//702
f 703//703 704//704 705//705
f 706//706 707//707 708//708
f 709//709 710//710 711//711
f 712//712 713//713 714//714
f 715//715 716//716 717//717
f 718//718 719//719 720//720
f 721//721 722//722 723//723
f 724//724 725//725 726//726
f 727//727 728//728 729//729
f 730//730 731//731 732//732
f 733//733 734//734 735//735
f 736//736 737//737 738//738
f 739//739 740//740 741//741
f 742//742 743//743 744//744
f 745//745 746//746 747//747
f 748//748 749//749 750//750
f 751//751 752//752 753//753
f 754//754 755//755 756//756
f 757//757 758//758 759//759
f 760//760 761//761 762//762
f 763//763 764//764 765//765
f 766//766 767//767 768//768
f 769//769 770//770 771//771
f 772//772 773//773 774//774
f 775//775 776//776 777//777
f 778//778 779//779 780//780
f 781//781 782//782 783//783
f 784//784 785//785 786//786
f 787//787 788//788 789//789
f 790//790 791//791 792//792
f 793//793 794//794 795//795
f 796//796 797//797 798//798
f 799//799 800//800 801//801
f 802//802 803//803 804//804
f 805//805 806//806 807//807
f 808//808 809//809 810//810
f 811//811 812//812 813//813
f 814//814 815//815 816//816
f 817//817 818//818 819//819
f 820//820 821//821 822//822
f 823//823 824//824 825//825
f 826//826 827//827 828//828
f 829//829 830//830 831//831
f 832//832 833//833 834//834
f 835//835 836//836 837//837
f 838//838 839//839 840//840
f 841//841 842//842 843//843
f 844//844 845//845 846//846
f 847//847 848//848 849//849
f 850//850 851//851 852//852
f 853//853 854//854 855//855
f 856//856 857//857 858//858
f 859//859 860//860 861//861
f 862//862 863//863 864//864
f 865//865 866//866 867//867
f 868//868 869//869 870//870
f 871//871 872//872 873//873
f 874//874 875//875 876//876
f 877//877 878//878 879//879
f 880//880 881//881 882//882
f 883//883 884//884 885//885
f 886//886 887//887 888//888
f 889//889 890//890 891//891
f 892//892 893//893 894//894
f 895//895 896//896 897//897
f 898//898 899//899 900//900
f 901//901 902//902 903//903
f 904//904 905//905 906//906
f 907//907 908//908 909//909
f 910//910 911//911 912//912
f 913//913 914//914 915//915
f 916//916 917//917 918//918
f 919//919 920//920 921//921
f 922//922 923//923 924//924
f 925//925 926//926 927//927
f 928//928 929//929 930//930
f 931//931 932//932 933//933
f 934//934 935//935 936//936
f 937//937 938//938 939//939
f 940//940 941//941 942//942
f 943//943 944//944 945//945
f 946//946 947//947 948//948
f 949//949 950//950 951//951
f 952//952 953//953 954//954
f 955//955 956//956 957//957
f 958//958 959//959 960//960
f 961//961 962//962 963//963
f 964//964 965//965 966//966
f 967//967 968//968 969//969
f 970//970 971//971 972//972
f 973//973 974//974 975//975
f 976//976 977//977 978//978
f 979//979 980//980 981//981
f 982//982 983//983 984//984
f 985//985 986//986 987//987
f 988//988 989//989 990//990
f 991//991 992//992 993//993
f 994//994 995//995 996//996
f 997//997 998//998 999//999
f 1000//1000 1001//1001 1002//1002
f 1003//1003 1004//1004 1005//1005
f 1006//1006 1007//1007 1008//1008
f 1009//1009 1010//1010 1011//1011
f 1012//1012 1013//1013 1014//1014
f 1015//1015 1016//1016 1017//1017
