o node2
usemtl Part__Feature002_006_001_002_001
v 0.017553919926285744 0.03932315111160278 0.035895299166440964
v 0.025727570056915283 0.03772788867354393 0.036668550223112106
v 0.02689957059919834 0.03747731074690819 0.03711647912859917
v 0.011921639554202557 0.04033041000366211 0.03509479761123657
v 0.025727570056915283 0.03772788867354393 0.036668550223112106
v 0.017553919926285744 0.03932315111160278 0.035895299166440964
v 0.02689957059919834 0.03747731074690819 0.03711647912859917
v 0.03749150037765503 0.0350072905421257 0.038008879870176315
v 0.03347975015640259 0.035980820655822754 0.03797883912920952
v 0.025727570056915283 0.03772788867354393 0.036668550223112106
v 0.03749150037765503 0.0350072905421257 0.038008879870176315
v 0.02689957059919834 0.03747731074690819 0.03711647912859917
v 0.03749150037765503 0.0350072905421257 0.038008879870176315
v 0.04631507024168968 0.03233093023300171 0.039014168083667755
v 0.04403907060623169 0.033082958310842514 0.03924001008272171
v 0.03972433879971504 0.03437525033950806 0.03874045982956886
v 0.03749150037765503 0.0350072905421257 0.038008879870176315
v 0.04403907060623169 0.033082958310842514 0.03924001008272171
v 0.04631507024168968 0.03233093023300171 0.039014168083667755
v 0.05227828025817871 0.029810959473252296 0.040217168629169464
v 0.047230951488018036 0.03196762874722481 0.03963721916079521
v 0.04631507024168968 0.03233093023300171 0.039014168083667755
v 0.05254381150007248 0.02967423014342785 0.039723459631204605
v 0.05227828025817871 0.029810959473252296 0.040217168629169464
v 0.06127148121595383 0.018827849999070168 0.04071814939379692
v 0.0610271617770195 0.019758880138397217 0.04155172035098076
v 0.06045109033584595 0.021705860272049904 0.04135596752166748
v 0.04631507024168968 0.03233093023300171 0.039014168083667755
v 0.047230951488018036 0.03196762874722481 0.03963721916079521
v 0.04403907060623169 0.033082958310842514 0.03924001008272171
v 0.060307860374450684 0.022082090377807617 0.04060811921954155
v 0.06127148121595383 0.018827849999070168 0.04071814939379692
v 0.06045109033584595 0.021705860272049904 0.04135596752166748
v 0.05942678079009056 0.02378213033080101 0.04050803929567337
v 0.060307860374450684 0.022082090377807617 0.04060811921954155
v 0.05913883075118065 0.02426134981215 0.041084058582782745
v 0.05824995040893555 0.025407910346984863 0.04037392884492874
v 0.05942678079009056 0.02378213033080101 0.04050803929567337
v 0.05913883075118065 0.02426134981215 0.041084058582782745
v 0.05824995040893555 0.025407910346984863 0.04037392884492874
v 0.05913883075118065 0.02426134981215 0.041084058582782745
v 0.0578230582177639 0.025857089087367058 0.04089982062578201
v 0.05604732036590576 0.027452290058135986 0.04012263938784599
v 0.0578230582177639 0.025857089087367058 0.04089982062578201
v 0.05564510077238083 0.027753109112381935 0.04062606021761894
v 0.05604732036590576 0.027452290058135986 0.04012263938784599
v 0.05824995040893555 0.025407910346984863 0.04037392884492874
v 0.0578230582177639 0.025857089087367058 0.04089982062578201
v 0.05254381150007248 0.02967423014342785 0.039723459631204605
v 0.05564510077238083 0.027753109112381935 0.04062606021761894
v 0.05227828025817871 0.029810959473252296 0.040217168629169464
v 0.05254381150007248 0.02967423014342785 0.039723459631204605
v 0.05604732036590576 0.027452290058135986 0.04012263938784599
v 0.05564510077238083 0.027753109112381935 0.04062606021761894
v 0.06292539089918137 0.002021550899371505 0.040906619280576706
v 0.06287485361099243 -0.0043648481369018555 0.04090357944369316
v 0.0629226490855217 0.0015164610231295228 0.04161936789751053
v 0.06292539089918137 0.002021550899371505 0.040906619280576706
v 0.0629226490855217 0.0015164610231295228 0.04161936789751053
v 0.06270741671323776 0.007107973098754883 0.041586048901081085
v 0.06251317262649536 0.009715794585645199 0.040859710425138474
v 0.06292539089918137 0.002021550899371505 0.040906619280576706
v 0.06270741671323776 0.007107973098754883 0.041586048901081085
v 0.06127148121595383 0.018827849999070168 0.04071814939379692
v 0.06251317262649536 0.009715794585645199 0.040859710425138474
v 0.06166774034500122 0.016214070841670036 0.041799187660217285
v 0.062166810035705566 -0.013018010184168816 0.04082036763429642
v 0.06189870089292526 -0.014798220247030258 0.04118639975786209
v 0.06240648031234741 -0.010530049912631512 0.04172540083527565
v 0.06287485361099243 -0.0043648481369018555 0.04090357944369316
v 0.062166810035705566 -0.013018010184168816 0.04082036763429642
v 0.06240648031234741 -0.010530049912631512 0.04172540083527565
v 0.062166810035705566 -0.013018010184168816 0.04082036763429642
v 0.0609513483941555 -0.019808469340205193 0.0406925193965435
v 0.06189870089292526 -0.014798220247030258 0.04118639975786209
v -0.039360519498586655 0.01297014020383358 0.03665542975068092
v -0.042401958256959915 0.011149040423333645 0.03363317996263504
v -0.040142711251974106 0.010553469881415367 0.036540690809488297
v -0.04571259021759033 -0.0014095900114625692 0.03076595813035965
v -0.04638129100203514 0.0011552569922059774 0.029593419283628464
v -0.0463908314704895 -0.0011870859889313579 0.029572080820798874
v 0.0026407239492982626 0.029611170291900635 0.0505184568464756
v -0.0014441009843721986 0.03364640101790428 0.046190809458494186
v -0.0041373372077941895 0.033548589795827866 0.04590589925646782
v 0.0026407239492982626 0.029611170291900635 0.0505184568464756
v -0.0041373372077941895 0.033548589795827866 0.04590589925646782
v -0.001551031949929893 0.029516270384192467 0.05012841150164604
v 0.04350537061691284 0.02445662021636963 0.04995310679078102
v 0.04665505141019821 0.026651740074157715 0.04719192907214165
v 0.04402405023574829 0.02752763032913208 0.04714960977435112
v -0.02280426025390625 0.03295964002609253 0.038831960409879684
v -0.0272211991250515 0.03274201974272728 0.035649657249450684
v -0.025020480155944824 0.031565360724925995 0.03853446990251541
v -0.02280426025390625 0.03295964002609253 0.038831960409879684
v -0.024180710315704346 0.03489089012145996 0.03585124760866165
v -0.0272211991250515 0.03274201974272728 0.035649657249450684
v -0.004294573795050383 0.029140830039978027 0.049987439066171646
v -0.004942715167999268 0.026931820437312126 0.05179161950945854
v -0.001375376945361495 0.024315889924764633 0.0548480786383152
v 0.05987972021102905 0.023148110136389732 0.04282731935381889
v 0.06147480010986328 0.02219896949827671 0.04165918007493019
v 0.06121248006820679 0.022832930088043213 0.04162408038973808
v -0.02156651020050049 0.037928760051727295 0.0342111699283123
v -0.024833019822835922 0.0363924503326416 0.033529650419950485
v -0.024180710315704346 0.03489089012145996 0.03585124760866165
v -0.004294573795050383 0.029140830039978027 0.049987439066171646
v -0.001375376945361495 0.024315889924764633 0.0548480786383152
v -0.0001071619990398176 0.0243721604347229 0.054997269064188004
v 0.05987972021102905 0.023148110136389732 0.04282731935381889
v 0.06121248006820679 0.022832930088043213 0.04162408038973808
v 0.060937460511922836 0.023416219279170036 0.04159409925341606
v 0.036599040031433105 0.021608470007777214 0.05417245998978615
v 0.034209661185741425 0.023773670196533203 0.05291074886918068
v 0.031110940501093864 0.021361470222473145 0.055949222296476364
v 0.048527300357818604 0.007446348201483488 0.054230038076639175
v 0.05218029022216797 0.012341019697487354 0.05139357969164848
v 0.048384130001068115 0.008466958068311214 0.05425013229250908
v 0.048527300357818604 0.007446348201483488 0.054230038076639175
v 0.052739258855581284 0.009690642356872559 0.05125642940402031
v 0.05218029022216797 0.012341019697487354 0.05139357969164848
v 0.0025439260061830282 0.032385341823101044 0.047775041311979294
v 0.0007746780174784362 0.035335421562194824 0.044611819088459015
v -0.0014441009843721986 0.03364640101790428 0.046190809458494186
v -0.04021691903471947 0.020003970712423325 0.03214842826128006
v -0.04131937026977539 0.020407790318131447 0.030155789107084274
v -0.04203540086746216 0.017339160665869713 0.031241249293088913
v 0.05346179008483887 0.0019384620245546103 0.05111074820160866
v 0.05549627169966698 0.00027099798899143934 0.049673859030008316
v 0.05578655004501343 0.006502627860754728 0.04930366203188896
v -0.02070087008178234 0.013242539949715137 0.05140155926346779
v -0.025922060012817383 0.014803290367126465 0.04737753048539162
v -0.0211489200592041 0.012389480136334896 0.051297906786203384
v -0.03568850830197334 0.006568312179297209 0.04163962975144386
v -0.038286030292510986 0.0025760529097169638 0.039691340178251266
v -0.03457820042967796 0.0032720561139285564 0.04287213832139969
v -0.04021691903471947 0.020003970712423325 0.03214842826128006
v -0.040579140186309814 0.021745970472693443 0.030238747596740723
v -0.04131937026977539 0.020407790318131447 0.030155789107084274
v -0.025523779913783073 0.022488830611109734 0.044493209570646286
v -0.028931140899658203 0.020999670028686523 0.04277605935931206
v -0.025574320927262306 0.01970737986266613 0.04580158740282059
v 0.014845659956336021 0.03971225023269653 0.038163669407367706
v 0.015531480312347412 0.04079020023345947 0.03651781007647514
v 0.009710966609418392 0.041804250329732895 0.03588724881410599
v 0.04865849018096924 0.006210565101355314 0.054210130125284195
v 0.052739258855581284 0.009690642356872559 0.05125642940402031
v 0.048527300357818604 0.007446348201483488 0.054230038076639175
v 0.05346179008483887 0.0019384620245546103 0.05111074820160866
v 0.05578655004501343 0.006502627860754728 0.04930366203188896
v 0.04883641004562378 0.005085587035864592 0.054161909967660904
v 0.036599040031433105 0.021608470007777214 0.05417245998978615
v 0.03990054130554199 0.024586139246821404 0.050790440291166306
v 0.034209661185741425 0.023773670196533203 0.05291074886918068
v 0.0586012601852417 0.024259980767965317 0.04325098916888237
v 0.05766468867659569 0.025870800018310547 0.042807530611753464
v 0.05628722161054611 0.024607529863715172 0.04469073936343193
v 0.005619763862341642 0.033145301043987274 0.047033440321683884
v 0.0037325620651245117 0.037283480167388916 0.04241574928164482
v 0.0007746780174784362 0.035335421562194824 0.044611819088459015
v 0.04591614007949829 0.024181600660085678 0.04945207014679909
v 0.04665505141019821 0.026651740074157715 0.04719192907214165
v 0.04350537061691284 0.02445662021636963 0.04995310679078102
v -0.01896709017455578 0.04034959897398949 0.03262979909777641
v -0.019922969862818718 0.03996526822447777 0.0325060598552227
v -0.02156651020050049 0.037928760051727295 0.0342111699283123
v 0.051865220069885254 0.024023650214076042 0.0473833791911602
v 0.05363326892256737 0.025986069813370705 0.04511887952685356
v 0.05048900097608566 0.026610130444169044 0.045945409685373306
v 0.04883641004562378 0.005085587035864592 0.054161909967660904
v 0.052739258855581284 0.009690642356872559 0.05125642940402031
v 0.04865849018096924 0.006210565101355314 0.054210130125284195
v -0.037341710180044174 0.011381030082702637 0.03919244930148125
v -0.040142711251974106 0.010553469881415367 0.036540690809488297
v -0.040803249925374985 0.007369219791144133 0.03655988723039627
v -0.037341710180044174 0.011381030082702637 0.03919244930148125
v -0.040803249925374985 0.007369219791144133 0.03655988723039627
v -0.03850090131163597 0.0068961381912231445 0.039016079157590866
v -0.04021691903471947 0.020003970712423325 0.03214842826128006
v -0.04203540086746216 0.017339160665869713 0.031241249293088913
v -0.04026418179273605 0.016286790370941162 0.03424913063645363
v 0.0013476009480655193 0.024408400058746338 0.05515642091631889
v -0.001551031949929893 0.029516270384192467 0.05012841150164604
v -0.004294573795050383 0.029140830039978027 0.049987439066171646
v -0.020976180210709572 0.036237411201000214 0.036668550223112106
v -0.02156651020050049 0.037928760051727295 0.0342111699283123
v -0.024180710315704346 0.03489089012145996 0.03585124760866165
v 0.04835385084152222 0.024146130308508873 0.04865795746445656
v 0.05048900097608566 0.026610130444169044 0.045945409685373306
v 0.04665505141019821 0.026651740074157715 0.04719192907214165
v 0.04835385084152222 0.024146130308508873 0.04865795746445656
v 0.04665505141019821 0.026651740074157715 0.04719192907214165
v 0.04591614007949829 0.024181600660085678 0.04945207014679909
v 0.06035869941115379 0.020759940147399902 0.04344028979539871
v 0.06147480010986328 0.02219896949827671 0.04165918007493019
v 0.05987972021102905 0.023148110136389732 0.04282731935381889
v 0.06035869941115379 0.020759940147399902 0.04344028979539871
v 0.0617486797273159 0.02143293060362339 0.04169834032654762
v 0.06147480010986328 0.02219896949827671 0.04165918007493019
v 0.016248280182480812 0.03688871115446091 0.041710980236530304
v 0.014845659956336021 0.03971225023269653 0.038163669407367706
v 0.007936953566968441 0.04023844003677368 0.03831762820482254
v 0.036599040031433105 0.021608470007777214 0.05417245998978615
v 0.031110940501093864 0.021361470222473145 0.055949222296476364
v 0.032939791679382324 0.020896609872579575 0.0558510459959507
v 0.036599040031433105 0.021608470007777214 0.05417245998978615
v 0.032939791679382324 0.020896609872579575 0.0558510459959507
v 0.03495882824063301 0.0203438401222229 0.05572235956788063
v 0.048887670040130615 0.0017602440202608705 0.05417877808213234
v 0.04883641004562378 0.005085587035864592 0.054161909967660904
v 0.04884849861264229 0.0033491249196231365 0.05418199673295021
v -0.023958740755915642 0.029384249821305275 0.041122209280729294
v -0.025020480155944824 0.031565360724925995 0.03853446990251541
v -0.026734760031104088 0.030314559116959572 0.03832180052995682
v 0.048887670040130615 0.0017602440202608705 0.05417877808213234
v 0.05346179008483887 0.0019384620245546103 0.05111074820160866
v 0.04883641004562378 0.005085587035864592 0.054161909967660904
v -0.01779562048614025 0.03960638865828514 0.034477900713682175
v -0.01896709017455578 0.04034959897398949 0.03262979909777641
v -0.02156651020050049 0.037928760051727295 0.0342111699283123
v 0.0026407239492982626 0.029611170291900635 0.0505184568464756
v 0.0025439260061830282 0.032385341823101044 0.047775041311979294
v -0.0014441009843721986 0.03364640101790428 0.046190809458494186
v -0.04021691903471947 0.020003970712423325 0.03214842826128006
v -0.03998887166380882 0.022745490074157715 0.03029453754425049
v -0.040579140186309814 0.021745970472693443 0.030238747596740723
v 0.04897826164960861 0.0009690899751149118 0.05413861200213432
v 0.05346179008483887 0.0019384620245546103 0.05111074820160866
v 0.048887670040130615 0.0017602440202608705 0.05417877808213234
v 0.04897826164960861 0.0009690899751149118 0.05413861200213432
v 0.048883140087127686 0.000021537800421356224 0.054185282438993454
v 0.05346179008483887 0.0019384620245546103 0.05111074820160866
v -0.04026418179273605 0.016286790370941162 0.03424913063645363
v -0.041584670543670654 0.013686180114746094 0.03374475985765457
v -0.039360519498586655 0.01297014020383358 0.03665542975068092
v 0.009402573108673096 0.03350925073027611 0.0464630201458931
v 0.008347450755536556 0.03743559122085571 0.04189438000321388
v 0.0037325620651245117 0.037283480167388916 0.04241574928164482
v 0.0013476009480655193 0.024408400058746338 0.05515642091631889
v -0.004294573795050383 0.029140830039978027 0.049987439066171646
v -0.0001071619990398176 0.0243721604347229 0.054997269064188004
v 0.06035869941115379 0.020759940147399902 0.04344028979539871
v 0.062177181243896484 0.019913610070943832 0.041732799261808395
v 0.0617486797273159 0.02143293060362339 0.04169834032654762
v -0.038791120052337646 0.01908206008374691 0.03453833982348442
v -0.04021691903471947 0.020003970712423325 0.03214842826128006
v -0.04026418179273605 0.016286790370941162 0.03424913063645363
v 0.005619763862341642 0.033145301043987274 0.047033440321683884
v 0.0007746780174784362 0.035335421562194824 0.044611819088459015
v 0.0025439260061830282 0.032385341823101044 0.047775041311979294
v -0.02237473987042904 0.028184110298752785 0.043067049235105515
v -0.023958740755915642 0.029384249821305275 0.041122209280729294
v -0.027180610224604607 0.026779770851135254 0.040716659277677536
v -0.02237473987042904 0.028184110298752785 0.043067049235105515
v -0.027180610224604607 0.026779770851135254 0.040716659277677536
v -0.025600910186767578 0.025763800367712975 0.042545389384031296
v -0.020088309422135353 0.014058530330657959 0.0515596903860569
v -0.019622499123215675 0.01467358972877264 0.05167502537369728
v -0.025922060012817383 0.014803290367126465 0.04737753048539162
v -0.020088309422135353 0.014058530330657959 0.0515596903860569
v -0.025922060012817383 0.014803290367126465 0.04737753048539162
v -0.02070087008178234 0.013242539949715137 0.05140155926346779
v 0.058595240116119385 0.022514700889587402 0.044270109385252
v 0.05987972021102905 0.023148110136389732 0.04282731935381889
v 0.0586012601852417 0.024259980767965317 0.04325098916888237
v 0.016248280182480812 0.03688871115446091 0.041710980236530304
v 0.007936953566968441 0.04023844003677368 0.03831762820482254
v 0.008347450755536556 0.03743559122085571 0.04189438000321388
v -0.024654919281601906 0.016736090183258057 0.0476197674870491
v -0.025922060012817383 0.014803290367126465 0.04737753048539162
v -0.019622499123215675 0.01467358972877264 0.05167502537369728
v -0.037968989461660385 0.015549000352621078 0.037165768444538116
v -0.04026418179273605 0.016286790370941162 0.03424913063645363
v -0.039360519498586655 0.01297014020383358 0.03665542975068092
v -0.021230990067124367 0.020647579804062843 0.04826844111084938
v -0.025523779913783073 0.022488830611109734 0.044493209570646286
v -0.025574320927262306 0.01970737986266613 0.04580158740282059
v -0.01847285032272339 0.016158640384674072 0.051937591284513474
v -0.02208572067320347 0.018614349886775017 0.04862290993332863
v -0.024654919281601906 0.016736090183258057 0.0476197674870491
v 0.0030545589979737997 0.02440606988966465 0.05533039942383766
v -0.001551031949929893 0.029516270384192467 0.05012841150164604
v 0.0013476009480655193 0.024408400058746338 0.05515642091631889
v 0.05556738004088402 0.02349000982940197 0.0458650104701519
v 0.0586012601852417 0.024259980767965317 0.04325098916888237
v 0.05628722161054611 0.024607529863715172 0.04469073936343193
v -0.01779562048614025 0.03960638865828514 0.034477900713682175
v -0.017014140263199806 0.0410647913813591 0.03284914046525955
v -0.01896709017455578 0.04034959897398949 0.03262979909777641
v -0.02955006994307041 0.0038760900497436523 0.0467224195599556
v -0.03457820042967796 0.0032720561139285564 0.04287213832139969
v -0.034711480140686035 -0.00016428400704171509 0.042879290878772736
v -0.02955006994307041 0.0038760900497436523 0.0467224195599556
v -0.034711480140686035 -0.00016428400704171509 0.042879290878772736
v -0.02996324934065342 -0.00010592099715722725 0.046553678810596466
v 0.05556738004088402 0.02349000982940197 0.0458650104701519
v 0.05363326892256737 0.025986069813370705 0.04511887952685356
v 0.051865220069885254 0.024023650214076042 0.0473833791911602
v 0.05556738004088402 0.02349000982940197 0.0458650104701519
v 0.05628722161054611 0.024607529863715172 0.04469073936343193
v 0.05363326892256737 0.025986069813370705 0.04511887952685356
v -0.03932803124189377 0.023774439468979836 0.030406009405851364
v -0.03998887166380882 0.022745490074157715 0.03029453754425049
v -0.04021691903471947 0.020003970712423325 0.03214842826128006
v 0.0609586201608181 0.018588420003652573 0.04343659058213234
v 0.062177181243896484 0.019913610070943832 0.041732799261808395
v 0.06035869941115379 0.020759940147399902 0.04344028979539871
v 0.0609586201608181 0.018588420003652573 0.04343659058213234
v 0.06238025054335594 0.01898247003555298 0.04175318032503128
v 0.062177181243896484 0.019913610070943832 0.041732799261808395
v 0.009402573108673096 0.03350925073027611 0.0464630201458931
v 0.0037325620651245117 0.037283480167388916 0.04241574928164482
v 0.005619763862341642 0.033145301043987274 0.047033440321683884
v -0.01991260051727295 0.03456521034240723 0.03914261981844902
v -0.024180710315704346 0.03489089012145996 0.03585124760866165
v -0.02280426025390625 0.03295964002609253 0.038831960409879684
v -0.01991260051727295 0.03456521034240723 0.03914261981844902
v -0.020976180210709572 0.036237411201000214 0.036668550223112106
v -0.024180710315704346 0.03489089012145996 0.03585124760866165
v 0.007353246212005615 0.02911650948226452 0.05119169130921364
v 0.005619763862341642 0.033145301043987274 0.047033440321683884
v 0.0025439260061830282 0.032385341823101044 0.047775041311979294
v -0.023315539583563805 0.024572009220719337 0.044842429459095
v -0.02237473987042904 0.028184110298752785 0.043067049235105515
v -0.025600910186767578 0.025763800367712975 0.042545389384031296
v -0.03551203012466431 0.010972670279443264 0.040963660925626755
v -0.037341710180044174 0.011381030082702637 0.03919244930148125
v -0.03850090131163597 0.0068961381912231445 0.039016079157590866
v -0.03551203012466431 0.010972670279443264 0.040963660925626755
v -0.03850090131163597 0.0068961381912231445 0.039016079157590866
v -0.03568850830197334 0.006568312179297209 0.04163962975144386
v -0.037341710180044174 0.011381030082702637 0.03919244930148125
v -0.039360519498586655 0.01297014020383358 0.03665542975068092
v -0.040142711251974106 0.010553469881415367 0.036540690809488297
v 0.024601340293884277 0.03764379024505615 0.03949696943163872
v 0.023637469857931137 0.03923385962843895 0.03742730990052223
v 0.015531480312347412 0.04079020023345947 0.03651781007647514
v 0.024601340293884277 0.03764379024505615 0.03949696943163872
v 0.015531480312347412 0.04079020023345947 0.03651781007647514
v 0.014845659956336021 0.03971225023269653 0.038163669407367706
v 0.0026407239492982626 0.029611170291900635 0.0505184568464756
v -0.001551031949929893 0.029516270384192467 0.05012841150164604
v 0.0030545589979737997 0.02440606988966465 0.05533039942383766
v 0.051865220069885254 0.024023650214076042 0.0473833791911602
v 0.05048900097608566 0.026610130444169044 0.045945409685373306
v 0.04835385084152222 0.024146130308508873 0.04865795746445656
v -0.03214097023010254 0.006210863124579191 0.044556088745594025
v -0.03568850830197334 0.006568312179297209 0.04163962975144386
v -0.03457820042967796 0.0032720561139285564 0.04287213832139969
v -0.017189860343933105 0.03782587870955467 0.037099190056324005
v -0.01779562048614025 0.03960638865828514 0.034477900713682175
v -0.02156651020050049 0.037928760051727295 0.0342111699283123
v 0.057236071676015854 0.021627960726618767 0.04573661834001541
v 0.0586012601852417 0.024259980767965317 0.04325098916888237
v 0.05556738004088402 0.02349000982940197 0.0458650104701519
v 0.057236071676015854 0.021627960726618767 0.04573661834001541
v 0.058595240116119385 0.022514700889587402 0.044270109385252
v 0.0586012601852417 0.024259980767965317 0.04325098916888237
v -0.03698498010635376 0.018293550238013268 0.03697622939944267
v -0.038791120052337646 0.01908206008374691 0.03453833982348442
v -0.04026418179273605 0.016286790370941162 0.03424913063645363
v -0.019276609644293785 0.015157580375671387 0.05175496265292168
v -0.024654919281601906 0.016736090183258057 0.0476197674870491
v -0.019622499123215675 0.01467358972877264 0.05167502537369728
v -0.03786170110106468 0.022077500820159912 0.033777009695768356
v -0.03932803124189377 0.023774439468979836 0.030406009405851364
v -0.04021691903471947 0.020003970712423325 0.03214842826128006
v 0.0026407239492982626 0.029611170291900635 0.0505184568464756
v 0.0030545589979737997 0.02440606988966465 0.05533039942383766
v 0.005337715148925781 0.02438098005950451 0.05553508922457695
v 0.0609586201608181 0.018588420003652573 0.04343659058213234
v 0.06281626224517822 0.016387220472097397 0.04181862995028496
v 0.06257486343383789 0.017924070358276367 0.041771840304136276
v 0.0609586201608181 0.018588420003652573 0.04343659058213234
v 0.06257486343383789 0.017924070358276367 0.041771840304136276
v 0.06238025054335594 0.01898247003555298 0.04175318032503128
v 0.06035869941115379 0.020759940147399902 0.04344028979539871
v 0.05987972021102905 0.023148110136389732 0.04282731935381889
v 0.058595240116119385 0.022514700889587402 0.044270109385252
v 0.007353246212005615 0.02911650948226452 0.05119169130921364
v 0.0025439260061830282 0.032385341823101044 0.047775041311979294
v 0.0026407239492982626 0.029611170291900635 0.0505184568464756
v -0.01908499002456665 0.022510290145874023 0.048658739775419235
v -0.025523779913783073 0.022488830611109734 0.044493209570646286
v -0.021230990067124367 0.020647579804062843 0.04826844111084938
v -0.01908499002456665 0.022510290145874023 0.048658739775419235
v -0.023315539583563805 0.024572009220719337 0.044842429459095
v -0.025523779913783073 0.022488830611109734 0.044493209570646286
v -0.021044429391622543 0.031191280111670494 0.04153610020875931
v -0.025020480155944824 0.031565360724925995 0.03853446990251541
v -0.023958740755915642 0.029384249821305275 0.041122209280729294
v -0.021044429391622543 0.031191280111670494 0.04153610020875931
v -0.02280426025390625 0.03295964002609253 0.038831960409879684
v -0.025020480155944824 0.031565360724925995 0.03853446990251541
v 0.01725888065993786 0.0334051214158535 0.04579365998506546
v 0.008347450755536556 0.03743559122085571 0.04189438000321388
v 0.009402573108673096 0.03350925073027611 0.0464630201458931
v 0.01725888065993786 0.0334051214158535 0.04579365998506546
v 0.016248280182480812 0.03688871115446091 0.041710980236530304
v 0.008347450755536556 0.03743559122085571 0.04189438000321388
v -0.020447850227355957 0.02683841995894909 0.04519582912325859
v -0.02237473987042904 0.028184110298752785 0.043067049235105515
v -0.023315539583563805 0.024572009220719337 0.044842429459095
v -0.036899030208587646 0.025648770853877068 0.03214282914996147
v -0.03864055126905441 0.02480638027191162 0.03045428916811943
v -0.03932803124189377 0.023774439468979836 0.030406009405851364
v -0.01453595981001854 0.040368080139160156 0.0352141298353672
v -0.017014140263199806 0.0410647913813591 0.03284914046525955
v -0.01779562048614025 0.03960638865828514 0.034477900713682175
v -0.021230990067124367 0.020647579804062843 0.04826844111084938
v -0.025574320927262306 0.01970737986266613 0.04580158740282059
v -0.02208572067320347 0.018614349886775017 0.04862290993332863
v -0.03698498010635376 0.018293550238013268 0.03697622939944267
v -0.04026418179273605 0.016286790370941162 0.03424913063645363
v -0.037968989461660385 0.015549000352621078 0.037165768444538116
v 0.04062521085143089 0.021251549944281578 0.05329418554902077
v 0.04350537061691284 0.02445662021636963 0.04995310679078102
v 0.03990054130554199 0.024586139246821404 0.050790440291166306
v 0.04062521085143089 0.021251549944281578 0.05329418554902077
v 0.03990054130554199 0.024586139246821404 0.050790440291166306
v 0.036599040031433105 0.021608470007777214 0.05417245998978615
v 0.024601340293884277 0.03764379024505615 0.03949696943163872
v 0.014845659956336021 0.03971225023269653 0.038163669407367706
v 0.016248280182480812 0.03688871115446091 0.041710980236530304
v -0.017189860343933105 0.03782587870955467 0.037099190056324005
v -0.02156651020050049 0.037928760051727295 0.0342111699283123
v -0.020976180210709572 0.036237411201000214 0.036668550223112106
v -0.03214097023010254 0.006210863124579191 0.044556088745594025
v -0.03457820042967796 0.0032720561139285564 0.04287213832139969
v -0.02955006994307041 0.0038760900497436523 0.0467224195599556
v -0.033580780029296875 0.010693550109863281 0.042663998901844025
v -0.03551203012466431 0.010972670279443264 0.040963660925626755
v -0.03568850830197334 0.006568312179297209 0.04163962975144386
v 0.06147778034210205 0.015395820140838623 0.0435030497610569
v 0.06281626224517822 0.016387220472097397 0.04181862995028496
v 0.0609586201608181 0.018588420003652573 0.04343659058213234
v -0.035926640033721924 0.014950869604945183 0.039398737251758575
v -0.037968989461660385 0.015549000352621078 0.037165768444538116
v -0.039360519498586655 0.01297014020383358 0.03665542975068092
v -0.035926640033721924 0.014950869604945183 0.039398737251758575
v -0.039360519498586655 0.01297014020383358 0.03665542975068092
v -0.037341710180044174 0.011381030082702637 0.03919244930148125
v 0.0026407239492982626 0.029611170291900635 0.0505184568464756
v 0.005337715148925781 0.02438098005950451 0.05553508922457695
v 0.00792551040649414 0.0243375301361084 0.05575014278292656
v -0.01847285032272339 0.016158640384674072 0.051937591284513474
v -0.024654919281601906 0.016736090183258057 0.0476197674870491
v -0.019276609644293785 0.015157580375671387 0.05175496265292168
v -0.01453595981001854 0.040368080139160156 0.0352141298353672
v -0.014940500259399414 0.041704948991537094 0.033060140907764435
v -0.017014140263199806 0.0410647913813591 0.03284914046525955
v -0.036899030208587646 0.025648770853877068 0.03214282914996147
v -0.03932803124189377 0.023774439468979836 0.030406009405851364
v -0.03786170110106468 0.022077500820159912 0.033777009695768356
v -0.036899030208587646 0.025648770853877068 0.03214282914996147
v -0.03793114051222801 0.025799930095672607 0.030537199229002
v -0.03864055126905441 0.02480638027191162 0.03045428916811943
v -0.016193440183997154 0.03588533028960228 0.03976565971970558
v -0.017189860343933105 0.03782587870955467 0.037099190056324005
v -0.020976180210709572 0.036237411201000214 0.036668550223112106
v -0.016193440183997154 0.03588533028960228 0.03976565971970558
v -0.020976180210709572 0.036237411201000214 0.036668550223112106
v -0.01991260051727295 0.03456521034240723 0.03914261981844902
v 0.05354708060622215 0.022046860307455063 0.04778284952044487
v 0.05556738004088402 0.02349000982940197 0.0458650104701519
v 0.051865220069885254 0.024023650214076042 0.0473833791911602
v -0.01453595981001854 0.040368080139160156 0.0352141298353672
v -0.01779562048614025 0.03960638865828514 0.034477900713682175
v -0.017189860343933105 0.03782587870955467 0.037099190056324005
v 0.049267590045928955 0.021471019834280014 0.050065819174051285
v 0.051865220069885254 0.024023650214076042 0.0473833791911602
v 0.04835385084152222 0.024146130308508873 0.04865795746445656
v 0.0026407239492982626 0.029611170291900635 0.0505184568464756
v 0.00792551040649414 0.0243375301361084 0.05575014278292656
v 0.00973588228225708 0.02440178021788597 0.05581933632493019
v 0.04596399888396263 0.021192610263824463 0.05153411999344826
v 0.04835385084152222 0.024146130308508873 0.04865795746445656
v 0.04591614007949829 0.024181600660085678 0.04945207014679909
v 0.024601340293884277 0.03764379024505615 0.03949696943163872
v 0.02867257036268711 0.038176048547029495 0.03798462077975273
v 0.023637469857931137 0.03923385962843895 0.03742730990052223
v 0.012200949713587761 0.02758646011352539 0.05266052857041359
v 0.005619763862341642 0.033145301043987274 0.047033440321683884
v 0.007353246212005615 0.02911650948226452 0.05119169130921364
v 0.012200949713587761 0.02758646011352539 0.05266052857041359
v 0.009402573108673096 0.03350925073027611 0.0464630201458931
v 0.005619763862341642 0.033145301043987274 0.047033440321683884
v 0.05816202983260155 0.0195804201066494 0.04575664922595024
v 0.06035869941115379 0.020759940147399902 0.04344028979539871
v 0.058595240116119385 0.022514700889587402 0.044270109385252
v -0.03786170110106468 0.022077500820159912 0.033777009695768356
v -0.04021691903471947 0.020003970712423325 0.03214842826128006
v -0.038791120052337646 0.01908206008374691 0.03453833982348442
v 0.05816202983260155 0.0195804201066494 0.04575664922595024
v 0.058595240116119385 0.022514700889587402 0.044270109385252
v 0.057236071676015854 0.021627960726618767 0.04573661834001541
v 0.06147778034210205 0.015395820140838623 0.0435030497610569
v 0.06307756155729294 0.01470309030264616 0.04182625934481621
v 0.06281626224517822 0.016387220472097397 0.04181862995028496
v 0.016368260607123375 0.030110180377960205 0.04960836097598076
v 0.01725888065993786 0.0334051214158535 0.04579365998506546
v 0.009402573108673096 0.03350925073027611 0.0464630201458931
v -0.01453595981001854 0.040368080139160156 0.0352141298353672
v -0.013847580179572105 0.04198271036148071 0.03320349007844925
v -0.014940500259399414 0.041704948991537094 0.033060140907764435
v 0.025310929864645004 0.034736331552267075 0.04307413846254349
v 0.024601340293884277 0.03764379024505615 0.03949696943163872
v 0.016248280182480812 0.03688871115446091 0.041710980236530304
v -0.03581053018569946 0.02457278035581112 0.03435982018709183
v -0.036899030208587646 0.025648770853877068 0.03214282914996147
v -0.03786170110106468 0.022077500820159912 0.033777009695768356
v 0.03701967000961304 0.019663920626044273 0.05561727657914162
v 0.036599040031433105 0.021608470007777214 0.05417245998978615
v 0.03495882824063301 0.0203438401222229 0.05572235956788063
v -0.036899030208587646 0.025648770853877068 0.03214282914996147
v -0.037214990705251694 0.026745200157165527 0.030614089220762253
v -0.03793114051222801 0.025799930095672607 0.030537199229002
v 0.00973588228225708 0.02440178021788597 0.05581933632493019
v 0.007353246212005615 0.02911650948226452 0.05119169130921364
v 0.0026407239492982626 0.029611170291900635 0.0505184568464756
v 0.055609818547964096 0.020615870133042336 0.047272689640522
v 0.05556738004088402 0.02349000982940197 0.0458650104701519
v 0.05354708060622215 0.022046860307455063 0.04778284952044487
v -0.01875709928572178 0.029375970363616943 0.04433484002947807
v -0.021044429391622543 0.031191280111670494 0.04153610020875931
v -0.023958740755915642 0.029384249821305275 0.041122209280729294
v -0.01875709928572178 0.029375970363616943 0.04433484002947807
v -0.023958740755915642 0.029384249821305275 0.041122209280729294
v -0.02237473987042904 0.028184110298752785 0.043067049235105515
v 0.03216170892119408 0.03738147020339966 0.03841906785964966
v 0.02867257036268711 0.038176048547029495 0.03798462077975273
v 0.024601340293884277 0.03764379024505615 0.03949696943163872
v -0.017653459683060646 0.03192991018295288 0.042861830443143845
v -0.02280426025390625 0.03295964002609253 0.038831960409879684
v -0.021044429391622543 0.031191280111670494 0.04153610020875931
v -0.017653459683060646 0.03192991018295288 0.042861830443143845
v -0.01991260051727295 0.03456521034240723 0.03914261981844902
v -0.02280426025390625 0.03295964002609253 0.038831960409879684
v 0.04275773838162422 0.02045506052672863 0.053172770887613297
v 0.04591614007949829 0.024181600660085678 0.04945207014679909
v 0.04350537061691284 0.02445662021636963 0.04995310679078102
v 0.04275773838162422 0.02045506052672863 0.053172770887613297
v 0.04350537061691284 0.02445662021636963 0.04995310679078102
v 0.04062521085143089 0.021251549944281578 0.05329418554902077
v -0.036899030208587646 0.025648770853877068 0.03214282914996147
v -0.035719629377126694 0.028559919446706772 0.030774839222431183
v -0.03650045022368431 0.027635570615530014 0.03068936988711357
v -0.036899030208587646 0.025648770853877068 0.03214282914996147
v -0.03650045022368431 0.027635570615530014 0.03068936988711357
v -0.037214990705251694 0.026745200157165527 0.030614089220762253
v -0.01781100034713745 0.01684235967695713 0.052085231989622116
v -0.02208572067320347 0.018614349886775017 0.04862290993332863
v -0.01847285032272339 0.016158640384674072 0.051937591284513474
v 0.011543810367584229 0.024311179295182228 0.055953387171030045
v 0.007353246212005615 0.02911650948226452 0.05119169130921364
v 0.00973588228225708 0.02440178021788597 0.05581933632493019
v 0.03060281090438366 0.03534859046339989 0.04142910987138748
v 0.024601340293884277 0.03764379024505615 0.03949696943163872
v 0.025310929864645004 0.034736331552267075 0.04307413846254349
v -0.013923879712820053 0.039067141711711884 0.03718758001923561
v -0.01453595981001854 0.040368080139160156 0.0352141298353672
v -0.017189860343933105 0.03782587870955467 0.037099190056324005
v -0.03392605856060982 0.01715284027159214 0.04039401933550835
v -0.037968989461660385 0.015549000352621078 0.037165768444538116
v -0.035926640033721924 0.014950869604945183 0.039398737251758575
v -0.03392605856060982 0.01715284027159214 0.04039401933550835
v -0.03698498010635376 0.018293550238013268 0.03697622939944267
v -0.037968989461660385 0.015549000352621078 0.037165768444538116
v 0.03060281090438366 0.03534859046339989 0.04142910987138748
v 0.03216170892119408 0.03738147020339966 0.03841906785964966
v 0.024601340293884277 0.03764379024505615 0.03949696943163872
v -0.010435760021209717 0.04165041074156761 0.035137057304382324
v -0.013847580179572105 0.04198271036148071 0.03320349007844925
v -0.01453595981001854 0.040368080139160156 0.0352141298353672
v -0.010435760021209717 0.04165041074156761 0.035137057304382324
v -0.012749429792165756 0.04224205017089844 0.03331434726715088
v -0.013847580179572105 0.04198271036148071 0.03320349007844925
v -0.010435760021209717 0.04165041074156761 0.035137057304382324
v -0.0110162403434515 0.04259181022644043 0.033520590513944626
v -0.012749429792165756 0.04224205017089844 0.03331434726715088
v -0.0331917405128479 0.014197169803082943 0.042058419436216354
v -0.037341710180044174 0.011381030082702637 0.03919244930148125
v -0.03551203012466431 0.010972670279443264 0.040963660925626755
v -0.0331917405128479 0.014197169803082943 0.042058419436216354
v -0.035926640033721924 0.014950869604945183 0.039398737251758575
v -0.037341710180044174 0.011381030082702637 0.03919244930148125
v 0.025310929864645004 0.034736331552267075 0.04307413846254349
v 0.016248280182480812 0.03688871115446091 0.041710980236530304
v 0.01725888065993786 0.0334051214158535 0.04579365998506546
v -0.031075650826096535 0.010207530111074448 0.044744379818439484
v -0.033580780029296875 0.010693550109863281 0.042663998901844025
v -0.03568850830197334 0.006568312179297209 0.04163962975144386
v -0.031075650826096535 0.010207530111074448 0.044744379818439484
v -0.03568850830197334 0.006568312179297209 0.04163962975144386
v -0.03214097023010254 0.006210863124579191 0.044556088745594025
v 0.016368260607123375 0.030110180377960205 0.04960836097598076
v 0.009402573108673096 0.03350925073027611 0.0464630201458931
v 0.012200949713587761 0.02758646011352539 0.05266052857041359
v -0.03550136089324951 0.02077513001859188 0.03718435764312744
v -0.03786170110106468 0.022077500820159912 0.033777009695768356
v -0.038791120052337646 0.01908206008374691 0.03453833982348442
v 0.055609818547964096 0.020615870133042336 0.047272689640522
v 0.057236071676015854 0.021627960726618767 0.04573661834001541
v 0.05556738004088402 0.02349000982940197 0.0458650104701519
v -0.03550136089324951 0.02077513001859188 0.03718435764312744
v -0.038791120052337646 0.01908206008374691 0.03453833982348442
v -0.03698498010635376 0.018293550238013268 0.03697622939944267
v -0.01713269017636776 0.017505759373307228 0.052242461591959
v -0.02208572067320347 0.018614349886775017 0.04862290993332863
v -0.01781100034713745 0.01684235967695713 0.052085231989622116
v -0.01713269017636776 0.017505759373307228 0.052242461591959
v -0.01645869016647339 0.018248260021209717 0.05235416069626808
v -0.02208572067320347 0.018614349886775017 0.04862290993332863
v 0.05871766060590744 0.01753419078886509 0.04575211927294731
v 0.06035869941115379 0.020759940147399902 0.04344028979539871
v 0.05816202983260155 0.0195804201066494 0.04575664922595024
v 0.012200949713587761 0.02758646011352539 0.05266052857041359
v 0.011543810367584229 0.024311179295182228 0.055953387171030045
v 0.01303665991872549 0.024237090721726418 0.0560271181166172
v 0.012200949713587761 0.02758646011352539 0.05266052857041359
v 0.007353246212005615 0.02911650948226452 0.05119169130921364
v 0.011543810367584229 0.024311179295182228 0.055953387171030045
v 0.012200949713587761 0.02758646011352539 0.05266052857041359
v 0.01303665991872549 0.024237090721726418 0.0560271181166172
v 0.014468190260231495 0.024076279252767563 0.056117478758096695
v 0.05871766060590744 0.01753419078886509 0.04575211927294731
v 0.0609586201608181 0.018588420003652573 0.04343659058213234
v 0.06035869941115379 0.020759940147399902 0.04344028979539871
v 0.049267590045928955 0.021471019834280014 0.050065819174051285
v 0.04835385084152222 0.024146130308508873 0.04865795746445656
v 0.04596399888396263 0.021192610263824463 0.05153411999344826
v -0.024504059925675392 0.0009824599837884307 0.050421539694070816
v -0.02996324934065342 -0.00010592099715722725 0.046553678810596466
v -0.02453874982893467 -0.0006097729783505201 0.05041730776429176
v -0.017144139856100082 0.024878380820155144 0.048375729471445084
v -0.020447850227355957 0.02683841995894909 0.04519582912325859
v -0.023315539583563805 0.024572009220719337 0.044842429459095
v -0.017144139856100082 0.024878380820155144 0.048375729471445084
v -0.023315539583563805 0.024572009220719337 0.044842429459095
v -0.01908499002456665 0.022510290145874023 0.048658739775419235
v 0.017782390117645264 0.02389412932097912 0.05612635985016823
v 0.016368260607123375 0.030110180377960205 0.04960836097598076
v 0.012200949713587761 0.02758646011352539 0.05266052857041359
v -0.021230990067124367 0.020647579804062843 0.04826844111084938
v -0.02208572067320347 0.018614349886775017 0.04862290993332863
v -0.01645869016647339 0.018248260021209717 0.05235416069626808
v 0.037335749715566635 0.03480827063322067 0.04074377939105034
v 0.03584783896803856 0.0365058109164238 0.03878314048051834
v 0.03216170892119408 0.03738147020339966 0.03841906785964966
v 0.038698431104421616 0.0192260704934597 0.05543142929673195
v 0.04062521085143089 0.021251549944281578 0.05329418554902077
v 0.036599040031433105 0.021608470007777214 0.05417245998978615
v 0.038698431104421616 0.0192260704934597 0.05543142929673195
v 0.036599040031433105 0.021608470007777214 0.05417245998978615
v 0.03701967000961304 0.019663920626044273 0.05561727657914162
v 0.06206357106566429 0.011235710233449936 0.04350275918841362
v 0.06344281882047653 0.011865910142660141 0.04184211045503616
v 0.06307756155729294 0.01470309030264616 0.04182625934481621
v 0.025736570358276367 0.03191477060317993 0.04628564044833183
v 0.025310929864645004 0.034736331552267075 0.04307413846254349
v 0.01725888065993786 0.0334051214158535 0.04579365998506546
v -0.0331917405128479 0.014197169803082943 0.042058419436216354
v -0.03551203012466431 0.010972670279443264 0.040963660925626755
v -0.033580780029296875 0.010693550109863281 0.042663998901844025
v -0.01875709928572178 0.029375970363616943 0.04433484002947807
v -0.02237473987042904 0.028184110298752785 0.043067049235105515
v -0.020447850227355957 0.02683841995894909 0.04519582912325859
v 0.024054160341620445 0.02965443953871727 0.04905344173312187
v 0.01725888065993786 0.0334051214158535 0.04579365998506546
v 0.016368260607123375 0.030110180377960205 0.04960836097598076
v 0.012200949713587761 0.02758646011352539 0.05266052857041359
v 0.014468190260231495 0.024076279252767563 0.056117478758096695
v 0.016108930110931396 0.02394157089293003 0.056171778589487076
v 0.05096768960356712 0.019834870472550392 0.05014533922076225
v 0.05354708060622215 0.022046860307455063 0.04778284952044487
v 0.051865220069885254 0.024023650214076042 0.0473833791911602
v 0.05096768960356712 0.019834870472550392 0.05014533922076225
v 0.051865220069885254 0.024023650214076042 0.0473833791911602
v 0.049267590045928955 0.021471019834280014 0.050065819174051285
v 0.03191119059920311 0.032989438623189926 0.04403943940997124
v 0.03060281090438366 0.03534859046339989 0.04142910987138748
v 0.025310929864645004 0.034736331552267075 0.04307413846254349
v -0.014819200150668621 0.034008920192718506 0.042270250618457794
v -0.01991260051727295 0.03456521034240723 0.03914261981844902
v -0.017653459683060646 0.03192991018295288 0.042861830443143845
v -0.03392260894179344 0.027800319716334343 0.033808767795562744
v -0.035719629377126694 0.028559919446706772 0.030774839222431183
v -0.036899030208587646 0.025648770853877068 0.03214282914996147
v -0.03392260894179344 0.027800319716334343 0.033808767795562744
v -0.03497380018234253 0.029388900846242905 0.030867349356412888
v -0.035719629377126694 0.028559919446706772 0.030774839222431183
v -0.014819200150668621 0.034008920192718506 0.042270250618457794
v -0.016193440183997154 0.03588533028960228 0.03976565971970558
v -0.01991260051727295 0.03456521034240723 0.03914261981844902
v -0.028222020715475082 0.007251619827002287 0.04734719917178154
v -0.03214097023010254 0.006210863124579191 0.044556088745594025
v -0.02955006994307041 0.0038760900497436523 0.0467224195599556
v -0.034569911658763885 0.02385658025741577 0.03620970994234085
v -0.03786170110106468 0.022077500820159912 0.033777009695768356
v -0.03550136089324951 0.02077513001859188 0.03718435764312744
v -0.013168989680707455 0.03687340021133423 0.040041159838438034
v -0.013923879712820053 0.039067141711711884 0.03718758001923561
v -0.017189860343933105 0.03782587870955467 0.037099190056324005
v -0.034569911658763885 0.02385658025741577 0.03620970994234085
v -0.03581053018569946 0.02457278035581112 0.03435982018709183
v -0.03786170110106468 0.022077500820159912 0.033777009695768356
v 0.053903691470623016 0.0191422700881958 0.04887587949633598
v 0.055609818547964096 0.020615870133042336 0.047272689640522
v 0.05354708060622215 0.022046860307455063 0.04778284952044487
v 0.037335749715566635 0.03480827063322067 0.04074377939105034
v 0.040274620056152344 0.035334281623363495 0.03928668051958084
v 0.03584783896803856 0.0365058109164238 0.03878314048051834
v 0.04596399888396263 0.021192610263824463 0.05153411999344826
v 0.04591614007949829 0.024181600660085678 0.04945207014679909
v 0.04275773838162422 0.02045506052672863 0.053172770887613297
v -0.017653459683060646 0.03192991018295288 0.042861830443143845
v -0.021044429391622543 0.031191280111670494 0.04153610020875931
v -0.01875709928572178 0.029375970363616943 0.04433484002947807
v 0.037335749715566635 0.03480827063322067 0.04074377939105034
v 0.03216170892119408 0.03738147020339966 0.03841906785964966
v 0.03060281090438366 0.03534859046339989 0.04142910987138748
v -0.013923879712820053 0.039067141711711884 0.03718758001923561
v -0.010435760021209717 0.04165041074156761 0.035137057304382324
v -0.01453595981001854 0.040368080139160156 0.0352141298353672
v 0.06206357106566429 0.011235710233449936 0.04350275918841362
v 0.06307756155729294 0.01470309030264616 0.04182625934481621
v 0.06147778034210205 0.015395820140838623 0.0435030497610569
v -0.01908499002456665 0.022510290145874023 0.048658739775419235
v -0.021230990067124367 0.020647579804062843 0.04826844111084938
v -0.015798330307006836 0.018843770027160645 0.05247778072953224
v -0.015798330307006836 0.018843770027160645 0.05247778072953224
v -0.021230990067124367 0.020647579804062843 0.04826844111084938
v -0.01645869016647339 0.018248260021209717 0.05235416069626808
v -0.013168989680707455 0.03687340021133423 0.040041159838438034
v -0.017189860343933105 0.03782587870955467 0.037099190056324005
v -0.016193440183997154 0.03588533028960228 0.03976565971970558
v 0.05548429116606712 0.017641840502619743 0.04829275980591774
v 0.05816202983260155 0.0195804201066494 0.04575664922595024
v 0.057236071676015854 0.021627960726618767 0.04573661834001541
v 0.024054160341620445 0.02965443953871727 0.04905344173312187
v 0.025736570358276367 0.03191477060317993 0.04628564044833183
v 0.01725888065993786 0.0334051214158535 0.04579365998506546
v 0.05548429116606712 0.017641840502619743 0.04829275980591774
v 0.057236071676015854 0.021627960726618767 0.04573661834001541
v 0.055609818547964096 0.020615870133042336 0.047272689640522
v 0.04171990975737572 0.03362882137298584 0.04116738960146904
v 0.040274620056152344 0.035334281623363495 0.03928668051958084
v 0.037335749715566635 0.03480827063322067 0.04074377939105034
v -0.03392605856060982 0.01715284027159214 0.04039401933550835
v -0.035926640033721924 0.014950869604945183 0.039398737251758575
v -0.0331917405128479 0.014197169803082943 0.042058419436216354
v 0.017782390117645264 0.02389412932097912 0.05612635985016823
v 0.012200949713587761 0.02758646011352539 0.05266052857041359
v 0.016108930110931396 0.02394157089293003 0.056171778589487076
v -0.024453749880194664 0.0022241470869630575 0.05043013021349907
v -0.02996324934065342 -0.00010592099715722725 0.046553678810596466
v -0.024504059925675392 0.0009824599837884307 0.050421539694070816
v -0.024453749880194664 0.0022241470869630575 0.05043013021349907
v -0.02955006994307041 0.0038760900497436523 0.0467224195599556
v -0.02996324934065342 -0.00010592099715722725 0.046553678810596466
v -0.010435760021209717 0.04165041074156761 0.035137057304382324
v -0.00857168436050415 0.04295599088072777 0.033785589039325714
v -0.0110162403434515 0.04259181022644043 0.033520590513944626
v 0.03191119059920311 0.032989438623189926 0.04403943940997124
v 0.025310929864645004 0.034736331552267075 0.04307413846254349
v 0.025736570358276367 0.03191477060317993 0.04628564044833183
v 0.03662914037704468 0.03280007094144821 0.04333693906664848
v 0.03060281090438366 0.03534859046339989 0.04142910987138748
v 0.03191119059920311 0.032989438623189926 0.04403943940997124
v 0.039769820868968964 0.01887333020567894 0.05532795563340187
v 0.04062521085143089 0.021251549944281578 0.05329418554902077
v 0.038698431104421616 0.0192260704934597 0.05543142929673195
v 0.05876510962843895 0.013880670070648193 0.04628581926226616
v 0.06147778034210205 0.015395820140838623 0.0435030497610569
v 0.0609586201608181 0.018588420003652573 0.04343659058213234
v 0.03662914037704468 0.03280007094144821 0.04333693906664848
v 0.037335749715566635 0.03480827063322067 0.04074377939105034
v 0.03060281090438366 0.03534859046339989 0.04142910987138748
v 0.05876510962843895 0.013880670070648193 0.04628581926226616
v 0.0609586201608181 0.018588420003652573 0.04343659058213234
v 0.05871766060590744 0.01753419078886509 0.04575211927294731
v 0.019571779295802116 0.02361387014389038 0.056196216493844986
v 0.016368260607123375 0.030110180377960205 0.04960836097598076
v 0.017782390117645264 0.02389412932097912 0.05612635985016823
v -0.03398633003234863 0.03041308932006359 0.031018149107694626
v -0.03497380018234253 0.029388900846242905 0.030867349356412888
v -0.03392260894179344 0.027800319716334343 0.033808767795562744
v 0.06206357106566429 0.011235710233449936 0.04350275918841362
v 0.0637742206454277 0.00825732946395874 0.041898440569639206
v 0.06344281882047653 0.011865910142660141 0.04184211045503616
v -0.01908499002456665 0.022510290145874023 0.048658739775419235
v -0.015030560083687305 0.019366679713129997 0.052676741033792496
v -0.0135493203997612 0.020474430173635483 0.052955809980630875
v 0.04171990975737572 0.03362882137298584 0.04116738960146904
v 0.044167160987854004 0.0341717004776001 0.03971511870622635
v 0.040274620056152344 0.035334281623363495 0.03928668051958084
v -0.014371509663760662 0.02669410966336727 0.04857230558991432
v -0.01875709928572178 0.029375970363616943 0.04433484002947807
v -0.020447850227355957 0.02683841995894909 0.04519582912325859
v -0.014371509663760662 0.02669410966336727 0.04857230558991432
v -0.020447850227355957 0.02683841995894909 0.04519582912325859
v -0.017144139856100082 0.024878380820155144 0.048375729471445084
v -0.03327560052275658 0.023170650005340576 0.037927038967609406
v -0.034569911658763885 0.02385658025741577 0.03620970994234085
v -0.03550136089324951 0.02077513001859188 0.03718435764312744
v -0.010055840015411377 0.03962630033493042 0.03793353959918022
v -0.010435760021209717 0.04165041074156761 0.035137057304382324
v -0.013923879712820053 0.039067141711711884 0.03718758001923561
v -0.015030560083687305 0.019366679713129997 0.052676741033792496
v -0.01908499002456665 0.022510290145874023 0.048658739775419235
v -0.015798330307006836 0.018843770027160645 0.05247778072953224
v -0.03392260894179344 0.027800319716334343 0.033808767795562744
v -0.036899030208587646 0.025648770853877068 0.03214282914996147
v -0.03581053018569946 0.02457278035581112 0.03435982018709183
v 0.024054160341620445 0.02965443953871727 0.04905344173312187
v 0.03191119059920311 0.032989438623189926 0.04403943940997124
v 0.025736570358276367 0.03191477060317993 0.04628564044833183
v 0.053903691470623016 0.0191422700881958 0.04887587949633598
v 0.05354708060622215 0.022046860307455063 0.04778284952044487
v 0.05096768960356712 0.019834870472550392 0.05014533922076225
v 0.022026360034942627 0.023226970806717873 0.05621892586350441
v 0.016368260607123375 0.030110180377960205 0.04960836097598076
v 0.019571779295802116 0.02361387014389038 0.056196216493844986
v -0.024351060390472412 0.003260672092437744 0.050460997968912125
v -0.02955006994307041 0.0038760900497436523 0.0467224195599556
v -0.024453749880194664 0.0022241470869630575 0.05043013021349907
v 0.022026360034942627 0.023226970806717873 0.05621892586350441
v 0.024054160341620445 0.02965443953871727 0.04905344173312187
v 0.016368260607123375 0.030110180377960205 0.04960836097598076
v -0.028222020715475082 0.007251619827002287 0.04734719917178154
v -0.031075650826096535 0.010207530111074448 0.044744379818439484
v -0.03214097023010254 0.006210863124579191 0.044556088745594025
v 0.04063481092453003 0.01846987009048462 0.05527694150805473
v 0.04062521085143089 0.021251549944281578 0.05329418554902077
v 0.039769820868968964 0.01887333020567894 0.05532795563340187
v 0.04063481092453003 0.01846987009048462 0.05527694150805473
v 0.04275773838162422 0.02045506052672863 0.053172770887613297
v 0.04062521085143089 0.021251549944281578 0.05329418554902077
v -0.013055980205535889 0.03204017132520676 0.04482872039079666
v -0.014819200150668621 0.034008920192718506 0.042270250618457794
v -0.017653459683060646 0.03192991018295288 0.042861830443143845
v -0.031673841178417206 0.030759990215301514 0.03339250013232231
v -0.03398633003234863 0.03041308932006359 0.031018149107694626
v -0.03392260894179344 0.027800319716334343 0.033808767795562744
v 0.04688125103712082 0.018653269857168198 0.05257052555680275
v 0.049267590045928955 0.021471019834280014 0.050065819174051285
v 0.04596399888396263 0.021192610263824463 0.05153411999344826
v -0.007162988185882568 0.0409621000289917 0.037017110735177994
v -0.006904125213623047 0.043114420026540756 0.03399813920259476
v -0.00857168436050415 0.04295599088072777 0.033785589039325714
v -0.007162988185882568 0.0409621000289917 0.037017110735177994
v -0.00857168436050415 0.04295599088072777 0.033785589039325714
v -0.010435760021209717 0.04165041074156761 0.035137057304382324
v 0.03585683926939964 0.030446579679846764 0.04609590768814087
v 0.03662914037704468 0.03280007094144821 0.04333693906664848
v 0.03191119059920311 0.032989438623189926 0.04403943940997124
v 0.04573088139295578 0.03242594003677368 0.041493069380521774
v 0.044167160987854004 0.0341717004776001 0.03971511870622635
v 0.04171990975737572 0.03362882137298584 0.04116738960146904
v -0.032487690448760986 0.0193896796554327 0.040673140436410904
v -0.03698498010635376 0.018293550238013268 0.03697622939944267
v -0.03392605856060982 0.01715284027159214 0.04039401933550835
v 0.04573088139295578 0.03242594003677368 0.041493069380521774
v 0.047500550746917725 0.033025920391082764 0.040085259824991226
v 0.044167160987854004 0.0341717004776001 0.03971511870622635
v -0.032487690448760986 0.0193896796554327 0.040673140436410904
v -0.03550136089324951 0.02077513001859188 0.03718435764312744
v -0.03698498010635376 0.018293550238013268 0.03697622939944267
v -0.023895850405097008 0.005762934219092131 0.05060416832566261
v -0.028222020715475082 0.007251619827002287 0.04734719917178154
v -0.02955006994307041 0.0038760900497436523 0.0467224195599556
v 0.04090702161192894 0.031675100326538086 0.04367721825838089
v 0.037335749715566635 0.03480827063322067 0.04074377939105034
v 0.03662914037704468 0.03280007094144821 0.04333693906664848
v 0.04090702161192894 0.031675100326538086 0.04367721825838089
v 0.04171990975737572 0.03362882137298584 0.04116738960146904
v 0.037335749715566635 0.03480827063322067 0.04074377939105034
v -0.007162988185882568 0.0409621000289917 0.037017110735177994
v -0.010435760021209717 0.04165041074156761 0.035137057304382324
v -0.010055840015411377 0.03962630033493042 0.03793353959918022
v 0.05601096153259277 0.015670180320739746 0.048267725855112076
v 0.05871766060590744 0.01753419078886509 0.04575211927294731
v 0.05816202983260155 0.0195804201066494 0.04575664922595024
v 0.05601096153259277 0.015670180320739746 0.048267725855112076
v 0.05816202983260155 0.0195804201066494 0.04575664922595024
v 0.05548429116606712 0.017641840502619743 0.04829275980591774
v -0.010055840015411377 0.03962630033493042 0.03793353959918022
v -0.013923879712820053 0.039067141711711884 0.03718758001923561
v -0.013168989680707455 0.03687340021133423 0.040041159838438034
v 0.04317234829068184 0.01734215021133423 0.05493587628006935
v 0.04275773838162422 0.02045506052672863 0.053172770887613297
v 0.04205083101987839 0.01786172017455101 0.055122021585702896
v 0.04317234829068184 0.01734215021133423 0.05493587628006935
v 0.04596399888396263 0.021192610263824463 0.05153411999344826
v 0.04275773838162422 0.02045506052672863 0.053172770887613297
v -0.014268389903008938 0.029204780235886574 0.04671991989016533
v -0.017653459683060646 0.03192991018295288 0.042861830443143845
v -0.01875709928572178 0.029375970363616943 0.04433484002947807
v -0.030416250228881836 0.01610231027007103 0.04365373030304909
v -0.03392605856060982 0.01715284027159214 0.04039401933550835
v -0.0331917405128479 0.014197169803082943 0.042058419436216354
v 0.05548429116606712 0.017641840502619743 0.04829275980591774
v 0.055609818547964096 0.020615870133042336 0.047272689640522
v 0.053903691470623016 0.0191422700881958 0.04887587949633598
v 0.02982925996184349 0.02869712933897972 0.04906177893280983
v 0.03191119059920311 0.032989438623189926 0.04403943940997124
v 0.024054160341620445 0.02965443953871727 0.04905344173312187
v 0.04139560088515282 0.01815927028656006 0.055197540670633316
v 0.04275773838162422 0.02045506052672863 0.053172770887613297
v 0.04063481092453003 0.01846987009048462 0.05527694150805473
v -0.028056800365447998 0.012780070304870605 0.04642296954989433
v -0.0331917405128479 0.014197169803082943 0.042058419436216354
v -0.033580780029296875 0.010693550109863281 0.042663998901844025
v -0.028056800365447998 0.012780070304870605 0.04642296954989433
v -0.033580780029296875 0.010693550109863281 0.042663998901844025
v -0.031075650826096535 0.010207530111074448 0.044744379818439484
v 0.06305085867643356 0.005598783027380705 0.04297811910510063
v 0.0637742206454277 0.00825732946395874 0.041898440569639206
v 0.06206357106566429 0.011235710233449936 0.04350275918841362
v -0.02422529086470604 0.004181503783911467 0.050498250871896744
v -0.02955006994307041 0.0038760900497436523 0.0467224195599556
v -0.024351060390472412 0.003260672092437744 0.050460997968912125
v -0.027185549959540367 0.00999379064887762 0.04764813929796219
v -0.031075650826096535 0.010207530111074448 0.044744379818439484
v -0.028222020715475082 0.007251619827002287 0.04734719917178154
v -0.011779899708926678 0.03476225957274437 0.042735397815704346
v -0.016193440183997154 0.03588533028960228 0.03976565971970558
v -0.014819200150668621 0.034008920192718506 0.042270250618457794
v -0.011779899708926678 0.03476225957274437 0.042735397815704346
v -0.013168989680707455 0.03687340021133423 0.040041159838438034
v -0.016193440183997154 0.03588533028960228 0.03976565971970558
v -0.031673841178417206 0.030759990215301514 0.03339250013232231
v -0.0323142409324646 0.03204077109694481 0.031168170273303986
v -0.033161040395498276 0.0312496405094862 0.031056590378284454
v -0.031673841178417206 0.030759990215301514 0.03339250013232231
v -0.033161040395498276 0.0312496405094862 0.031056590378284454
v -0.03398633003234863 0.03041308932006359 0.031018149107694626
v 0.025812620297074318 0.024794040247797966 0.05384654924273491
v 0.024054160341620445 0.02965443953871727 0.04905344173312187
v 0.022026360034942627 0.023226970806717873 0.05621892586350441
v -0.008920370601117611 0.036760151386260986 0.041582949459552765
v -0.010055840015411377 0.03962630033493042 0.03793353959918022
v -0.013168989680707455 0.03687340021133423 0.040041159838438034
v 0.03585683926939964 0.030446579679846764 0.04609590768814087
v 0.03191119059920311 0.032989438623189926 0.04403943940997124
v 0.02982925996184349 0.02869712933897972 0.04906177893280983
v -0.004507302772253752 0.0412447415292263 0.03713453933596611
v -0.005048989783972502 0.04322367161512375 0.03421122953295708
v -0.006904125213623047 0.043114420026540756 0.03399813920259476
v -0.004507302772253752 0.0412447415292263 0.03713453933596611
v -0.006904125213623047 0.043114420026540756 0.03399813920259476
v -0.007162988185882568 0.0409621000289917 0.037017110735177994
v 0.04935203865170479 0.03073948062956333 0.04225827008485794
v 0.047500550746917725 0.033025920391082764 0.040085259824991226
v 0.04573088139295578 0.03242594003677368 0.041493069380521774
v 0.04935203865170479 0.03073948062956333 0.04225827008485794
v 0.05020982027053833 0.0319586917757988 0.040375418961048126
v 0.047500550746917725 0.033025920391082764 0.040085259824991226
v 0.04363662004470825 0.01698935031890869 0.05488115921616554
v 0.04596399888396263 0.021192610263824463 0.05153411999344826
v 0.04317234829068184 0.01734215021133423 0.05493587628006935
v -0.014268389903008938 0.029204780235886574 0.04671991989016533
v -0.013055980205535889 0.03204017132520676 0.04482872039079666
v -0.017653459683060646 0.03192991018295288 0.042861830443143845
v 0.06305085867643356 0.005598783027380705 0.04297811910510063
v 0.06389831751585007 0.006482123862951994 0.041910719126462936
v 0.0637742206454277 0.00825732946395874 0.041898440569639206
v 0.04205083101987839 0.01786172017455101 0.055122021585702896
v 0.04275773838162422 0.02045506052672863 0.053172770887613297
v 0.04139560088515282 0.01815927028656006 0.055197540670633316
v -0.03392260894179344 0.027800319716334343 0.033808767795562744
v -0.03581053018569946 0.02457278035581112 0.03435982018709183
v -0.034569911658763885 0.02385658025741577 0.03620970994234085
v -0.031523700803518295 0.02216028980910778 0.040078289806842804
v -0.03550136089324951 0.02077513001859188 0.03718435764312744
v -0.032487690448760986 0.0193896796554327 0.040673140436410904
v -0.031523700803518295 0.02216028980910778 0.040078289806842804
v -0.03327560052275658 0.023170650005340576 0.037927038967609406
v -0.03550136089324951 0.02077513001859188 0.03718435764312744
v -0.014268389903008938 0.029204780235886574 0.04671991989016533
v -0.01875709928572178 0.029375970363616943 0.04433484002947807
v -0.014371509663760662 0.02669410966336727 0.04857230558991432
v -0.024079380556941032 0.005015968810766935 0.05053980275988579
v -0.02955006994307041 0.0038760900497436523 0.0467224195599556
v -0.02422529086470604 0.004181503783911467 0.050498250871896744
v -0.030684350058436394 0.029519200325012207 0.035593338310718536
v -0.031673841178417206 0.030759990215301514 0.03339250013232231
v -0.03392260894179344 0.027800319716334343 0.033808767795562744
v -0.017144139856100082 0.024878380820155144 0.048375729471445084
v -0.01908499002456665 0.022510290145874023 0.048658739775419235
v -0.0135493203997612 0.020474430173635483 0.052955809980630875
v 0.0598100982606411 0.01064085029065609 0.04572929069399834
v 0.06147778034210205 0.015395820140838623 0.0435030497610569
v 0.05876510962843895 0.013880670070648193 0.04628581926226616
v 0.0598100982606411 0.01064085029065609 0.04572929069399834
v 0.06206357106566429 0.011235710233449936 0.04350275918841362
v 0.06147778034210205 0.015395820140838623 0.0435030497610569
v 0.04013139009475708 0.029178379103541374 0.04650449752807617
v 0.03662914037704468 0.03280007094144821 0.04333693906664848
v 0.03585683926939964 0.030446579679846764 0.04609590768814087
v 0.04013139009475708 0.029178379103541374 0.04650449752807617
v 0.04090702161192894 0.031675100326538086 0.04367721825838089
v 0.03662914037704468 0.03280007094144821 0.04333693906664848
v 0.05179601162672043 0.01721245050430298 0.05069423094391823
v 0.053903691470623016 0.0191422700881958 0.04887587949633598
v 0.05096768960356712 0.019834870472550392 0.05014533922076225
v 0.04485410079360008 0.03019160032272339 0.04430259019136429
v 0.04171990975737572 0.03362882137298584 0.04116738960146904
v 0.04090702161192894 0.031675100326538086 0.04367721825838089
v -0.004507302772253752 0.0412447415292263 0.03713453933596611
v -0.0032467839773744345 0.04324460029602051 0.03441781923174858
v -0.005048989783972502 0.04322367161512375 0.03421122953295708
v -0.031673841178417206 0.030759990215301514 0.03339250013232231
v -0.03130573034286499 0.03293329104781151 0.031280290335416794
v -0.0323142409324646 0.03204077109694481 0.031168170273303986
v 0.04485410079360008 0.03019160032272339 0.04430259019136429
v 0.04573088139295578 0.03242594003677368 0.041493069380521774
v 0.04171990975737572 0.03362882137298584 0.04116738960146904
v 0.05876510962843895 0.013880670070648193 0.04628581926226616
v 0.05871766060590744 0.01753419078886509 0.04575211927294731
v 0.05601096153259277 0.015670180320739746 0.048267725855112076
v -0.014371509663760662 0.02669410966336727 0.04857230558991432
v -0.017144139856100082 0.024878380820155144 0.048375729471445084
v -0.014494650065898895 0.02438282035291195 0.05008101835846901
v 0.06305085867643356 0.005598783027380705 0.04297811910510063
v 0.06401818245649338 0.004168986808508635 0.04191220924258232
v 0.06389831751585007 0.006482123862951994 0.041910719126462936
v -0.013055980205535889 0.03204017132520676 0.04482872039079666
v -0.011779899708926678 0.03476225957274437 0.042735397815704346
v -0.014819200150668621 0.034008920192718506 0.042270250618457794
v -0.03161197155714035 0.025808990001678467 0.03770221024751663
v -0.03392260894179344 0.027800319716334343 0.033808767795562744
v -0.034569911658763885 0.02385658025741577 0.03620970994234085
v 0.025812620297074318 0.024794040247797966 0.05384654924273491
v 0.02982925996184349 0.02869712933897972 0.04906177893280983
v 0.024054160341620445 0.02965443953871727 0.04905344173312187
v 0.04363662004470825 0.01698935031890869 0.05488115921616554
v 0.04688125103712082 0.018653269857168198 0.05257052555680275
v 0.04596399888396263 0.021192610263824463 0.05153411999344826
v 0.04935203865170479 0.03073948062956333 0.04225827008485794
v 0.05175817012786865 0.031259771436452866 0.04054725915193558
v 0.05020982027053833 0.0319586917757988 0.040375418961048126
v -0.006464182864874601 0.03827517852187157 0.040464889258146286
v -0.007162988185882568 0.0409621000289917 0.037017110735177994
v -0.010055840015411377 0.03962630033493042 0.03793353959918022
v -0.023895850405097008 0.005762934219092131 0.05060416832566261
v -0.02955006994307041 0.0038760900497436523 0.0467224195599556
v -0.024079380556941032 0.005015968810766935 0.05053980275988579
v -0.030416250228881836 0.01610231027007103 0.04365373030304909
v -0.0331917405128479 0.014197169803082943 0.042058419436216354
v -0.028056800365447998 0.012780070304870605 0.04642296954989433
v -0.01005375012755394 0.03262627124786377 0.04536015912890434
v -0.011779899708926678 0.03476225957274437 0.042735397815704346
v -0.013055980205535889 0.03204017132520676 0.04482872039079666
v 0.0481911301612854 0.016813689842820168 0.05271351709961891
v 0.05096768960356712 0.019834870472550392 0.05014533922076225
v 0.049267590045928955 0.021471019834280014 0.050065819174051285
v 0.0481911301612854 0.016813689842820168 0.05271351709961891
v 0.049267590045928955 0.021471019834280014 0.050065819174051285
v 0.04688125103712082 0.018653269857168198 0.05257052555680275
v 0.03472362831234932 0.027217090129852295 0.04957402125000954
v 0.03585683926939964 0.030446579679846764 0.04609590768814087
v 0.02982925996184349 0.02869712933897972 0.04906177893280983
v -0.012363850139081478 0.021146709099411964 0.05319869890809059
v -0.011789560317993164 0.021439850330352783 0.05330176278948784
v -0.017144139856100082 0.024878380820155144 0.048375729471445084
v -0.012363850139081478 0.021146709099411964 0.05319869890809059
v -0.017144139856100082 0.024878380820155144 0.048375729471445084
v -0.0135493203997612 0.020474430173635483 0.052955809980630875
v -0.03161197155714035 0.025808990001678467 0.03770221024751663
v -0.034569911658763885 0.02385658025741577 0.03620970994234085
v -0.03327560052275658 0.023170650005340576 0.037927038967609406
v 0.04935203865170479 0.03073948062956333 0.04225827008485794
v 0.04573088139295578 0.03242594003677368 0.041493069380521774
v 0.04485410079360008 0.03019160032272339 0.04430259019136429
v -0.0282437801361084 0.033861931413412094 0.03349198028445244
v -0.03130573034286499 0.03293329104781151 0.031280290335416794
v -0.031673841178417206 0.030759990215301514 0.03339250013232231
v -0.0282437801361084 0.033861931413412094 0.03349198028445244
v -0.030405700206756592 0.03368479013442993 0.03137999773025513
v -0.03130573034286499 0.03293329104781151 0.031280290335416794
v -0.006464182864874601 0.03827517852187157 0.040464889258146286
v -0.010055840015411377 0.03962630033493042 0.03793353959918022
v -0.008920370601117611 0.036760151386260986 0.041582949459552765
v 0.05355072021484375 0.030334940180182457 0.04083121940493584
v 0.05175817012786865 0.031259771436452866 0.04054725915193558
v 0.04935203865170479 0.03073948062956333 0.04225827008485794
v 0.05355072021484375 0.030334940180182457 0.04083121940493584
v 0.05276178941130638 0.030765350908041 0.040666889399290085
v 0.05175817012786865 0.031259771436452866 0.04054725915193558
v 0.025812620297074318 0.024794040247797966 0.05384654924273491
v 0.022026360034942627 0.023226970806717873 0.05621892586350441
v 0.025930460542440414 0.022427380084991455 0.05621642991900444
v -0.032487690448760986 0.0193896796554327 0.040673140436410904
v -0.03392605856060982 0.01715284027159214 0.04039401933550835
v -0.030416250228881836 0.01610231027007103 0.04365373030304909
v -0.008920370601117611 0.036760151386260986 0.041582949459552765
v -0.013168989680707455 0.03687340021133423 0.040041159838438034
v -0.011779899708926678 0.03476225957274437 0.042735397815704346
v 0.06176251173019409 0.005432486068457365 0.04431694746017456
v 0.06305085867643356 0.005598783027380705 0.04297811910510063
v 0.06206357106566429 0.011235710233449936 0.04350275918841362
v -0.029202640056610107 0.028229709714651108 0.03803605958819389
v -0.030684350058436394 0.029519200325012207 0.035593338310718536
v -0.03392260894179344 0.027800319716334343 0.033808767795562744
v -0.029202640056610107 0.028229709714651108 0.03803605958819389
v -0.03392260894179344 0.027800319716334343 0.033808767795562744
v -0.03161197155714035 0.025808990001678467 0.03770221024751663
v -0.0009929679799824953 0.04120725020766258 0.037496160715818405
v -0.0019757149275392294 0.043212950229644775 0.03457606956362724
v -0.0032467839773744345 0.04324460029602051 0.03441781923174858
v -0.0009929679799824953 0.04120725020766258 0.037496160715818405
v -0.0032467839773744345 0.04324460029602051 0.03441781923174858
v -0.004507302772253752 0.0412447415292263 0.03713453933596611
v -0.028931140899658203 0.020999670028686523 0.04277605935931206
v -0.031523700803518295 0.02216028980910778 0.040078289806842804
v -0.032487690448760986 0.0193896796554327 0.040673140436410904
v -0.023719480261206627 0.0065739150159060955 0.0506335012614727
v -0.028222020715475082 0.007251619827002287 0.04734719917178154
v -0.023895850405097008 0.005762934219092131 0.05060416832566261
v 0.02992885932326317 0.02471047081053257 0.053033482283353806
v 0.02982925996184349 0.02869712933897972 0.04906177893280983
v 0.025812620297074318 0.024794040247797966 0.05384654924273491
v -0.0282437801361084 0.033861931413412094 0.03349198028445244
v -0.029409879818558693 0.034474071115255356 0.03148115053772926
v -0.030405700206756592 0.03368479013442993 0.03137999773025513
v -0.009638308547437191 0.02260488085448742 0.05363434925675392
v -0.014371509663760662 0.02669410966336727 0.04857230558991432
v -0.014494650065898895 0.02438282035291195 0.05008101835846901
v 0.04485410079360008 0.03019160032272339 0.04430259019136429
v 0.04090702161192894 0.031675100326538086 0.04367721825838089
v 0.04013139009475708 0.029178379103541374 0.04650449752807617
v -0.009622037410736084 0.02860713005065918 0.049020301550626755
v -0.013055980205535889 0.03204017132520676 0.04482872039079666
v -0.014268389903008938 0.029204780235886574 0.04671991989016533
v 0.055899910628795624 0.011875210329890251 0.04879708215594292
v 0.05876510962843895 0.013880670070648193 0.04628581926226616
v 0.05601096153259277 0.015670180320739746 0.048267725855112076
v -0.028056800365447998 0.012780070304870605 0.04642296954989433
v -0.031075650826096535 0.010207530111074448 0.044744379818439484
v -0.027185549959540367 0.00999379064887762 0.04764813929796219
v 0.04802089184522629 0.028703030198812485 0.04486561939120293
v 0.04935203865170479 0.03073948062956333 0.04225827008485794
v 0.04485410079360008 0.03019160032272339 0.04430259019136429
v -0.0112000098451972 0.02187556028366089 0.05336588993668556
v -0.014494650065898895 0.02438282035291195 0.05008101835846901
v -0.017144139856100082 0.024878380820155144 0.048375729471445084
v -0.0112000098451972 0.02187556028366089 0.05336588993668556
v -0.017144139856100082 0.024878380820155144 0.048375729471445084
v -0.011789560317993164 0.021439850330352783 0.05330176278948784
v -0.025922060012817383 0.014803290367126465 0.04737753048539162
v -0.030416250228881836 0.01610231027007103 0.04365373030304909
v -0.028056800365447998 0.012780070304870605 0.04642296954989433
v -0.0107763996347785 0.026631949469447136 0.050185929983854294
v -0.014268389903008938 0.029204780235886574 0.04671991989016533
v -0.014371509663760662 0.02669410966336727 0.04857230558991432
v -0.0009929679799824953 0.04120725020766258 0.037496160715818405
v -0.0006194339948706329 0.04313921183347702 0.0347372405230999
v -0.0019757149275392294 0.043212950229644775 0.03457606956362724
v -0.0009929679799824953 0.04120725020766258 0.037496160715818405
v 0.0008760589989833534 0.043017078191041946 0.034927379339933395
v -0.0006194339948706329 0.04313921183347702 0.0347372405230999
v -0.02897346019744873 0.018207550048828125 0.04396707937121391
v -0.032487690448760986 0.0193896796554327 0.040673140436410904
v -0.030416250228881836 0.01610231027007103 0.04365373030304909
v 0.051685091108083725 0.014180660247802734 0.05146384611725807
v 0.05548429116606712 0.017641840502619743 0.04829275980591774
v 0.053903691470623016 0.0191422700881958 0.04887587949633598
v 0.051685091108083725 0.014180660247802734 0.05146384611725807
v 0.053903691470623016 0.0191422700881958 0.04887587949633598
v 0.05179601162672043 0.01721245050430298 0.05069423094391823
v 0.05203508958220482 0.02865833044052124 0.043410368263721466
v 0.05355072021484375 0.030334940180182457 0.04083121940493584
v 0.04935203865170479 0.03073948062956333 0.04225827008485794
v 0.03472362831234932 0.027217090129852295 0.04957402125000954
v 0.02982925996184349 0.02869712933897972 0.04906177893280983
v 0.02992885932326317 0.02471047081053257 0.053033482283353806
v 0.046567440032958984 0.013828090392053127 0.054499220103025436
v 0.05096768960356712 0.019834870472550392 0.05014533922076225
v 0.0481911301612854 0.016813689842820168 0.05271351709961891
v 0.046567440032958984 0.013828090392053127 0.054499220103025436
v 0.05179601162672043 0.01721245050430298 0.05069423094391823
v 0.05096768960356712 0.019834870472550392 0.05014533922076225
v 0.04013139009475708 0.029178379103541374 0.04650449752807617
v 0.03585683926939964 0.030446579679846764 0.04609590768814087
v 0.03472362831234932 0.027217090129852295 0.04957402125000954
v -0.003783643012866378 0.038308680057525635 0.04087777063250542
v -0.004507302772253752 0.0412447415292263 0.03713453933596611
v -0.007162988185882568 0.0409621000289917 0.037017110735177994
v -0.0282437801361084 0.033861931413412094 0.03349198028445244
v -0.028400540351867676 0.035224080085754395 0.03158576041460037
v -0.029409879818558693 0.034474071115255356 0.03148115053772926
v 0.05472182855010033 0.027942119166254997 0.042810749262571335
v 0.055431898683309555 0.029226720333099365 0.040969379246234894
v 0.05462116003036499 0.029737349599599838 0.0408673994243145
v 0.05472182855010033 0.027942119166254997 0.042810749262571335
v 0.05462116003036499 0.029737349599599838 0.0408673994243145
v 0.05355072021484375 0.030334940180182457 0.04083121940493584
v -0.003783643012866378 0.038308680057525635 0.04087777063250542
v -0.007162988185882568 0.0409621000289917 0.037017110735177994
v -0.006464182864874601 0.03827517852187157 0.040464889258146286
v 0.060191810131073 0.006523311138153076 0.04572482034564018
v 0.06206357106566429 0.011235710233449936 0.04350275918841362
v 0.0598100982606411 0.01064085029065609 0.04572929069399834
v 0.060191810131073 0.006523311138153076 0.04572482034564018
v 0.06176251173019409 0.005432486068457365 0.04431694746017456
v 0.06206357106566429 0.011235710233449936 0.04350275918841362
v -0.02340983971953392 0.007500648032873869 0.050717297941446304
v -0.028222020715475082 0.007251619827002287 0.04734719917178154
v -0.023719480261206627 0.0065739150159060955 0.0506335012614727
v 0.025812620297074318 0.024794040247797966 0.05384654924273491
v 0.025930460542440414 0.022427380084991455 0.05621642991900444
v 0.027116650715470314 0.022289510816335678 0.05610877647995949
v -0.010418529622256756 0.02225703001022339 0.05350178852677345
v -0.014494650065898895 0.02438282035291195 0.05008101835846901
v -0.0112000098451972 0.02187556028366089 0.05336588993668556
v -0.010418529622256756 0.02225703001022339 0.05350178852677345
v -0.009638308547437191 0.02260488085448742 0.05363434925675392
v -0.014494650065898895 0.02438282035291195 0.05008101835846901
v 0.06305085867643356 0.005598783027380705 0.04297811910510063
v 0.0641167089343071 0.0012010929640382528 0.04188651964068413
v 0.06401818245649338 0.004168986808508635 0.04191220924258232
v -0.006881653796881437 0.03328834846615791 0.04560137912631035
v -0.008920370601117611 0.036760151386260986 0.041582949459552765
v -0.011779899708926678 0.03476225957274437 0.042735397815704346
v -0.006881653796881437 0.03328834846615791 0.04560137912631035
v -0.011779899708926678 0.03476225957274437 0.042735397815704346
v -0.01005375012755394 0.03262627124786377 0.04536015912890434
v 0.04424893110990524 0.016532180830836296 0.05480707064270973
v 0.04688125103712082 0.018653269857168198 0.05257052555680275
v 0.04363662004470825 0.01698935031890869 0.05488115921616554
v -0.009622037410736084 0.02860713005065918 0.049020301550626755
v -0.014268389903008938 0.029204780235886574 0.04671991989016533
v -0.0107763996347785 0.026631949469447136 0.050185929983854294
v -0.04512310028076172 0.0005054139764979482 0.03174209967255592
v -0.046226680278778076 0.0037707090377807617 0.02964198961853981
v -0.04638129100203514 0.0011552569922059774 0.029593419283628464
v -0.04512310028076172 0.0005054139764979482 0.03174209967255592
v -0.04638129100203514 0.0011552569922059774 0.029593419283628464
v -0.04571259021759033 -0.0014095900114625692 0.03076595813035965
v -0.04503035172820091 0.0038844940718263388 0.03163480758666992
v -0.046226680278778076 0.0037707090377807617 0.02964198961853981
v -0.04512310028076172 0.0005054139764979482 0.03174209967255592
v 0.05472182855010033 0.027942119166254997 0.042810749262571335
v 0.056128378957509995 0.028753340244293213 0.04106022045016289
v 0.055431898683309555 0.029226720333099365 0.040969379246234894
v -0.04368335008621216 0.0027950999792665243 0.03369254991412163
v -0.04512310028076172 0.0005054139764979482 0.03174209967255592
v -0.0434609018266201 -0.0011683700140565634 0.03408616781234741
v -0.009622037410736084 0.02860713005065918 0.049020301550626755
v -0.01005375012755394 0.03262627124786377 0.04536015912890434
v -0.013055980205535889 0.03204017132520676 0.04482872039079666
v 0.03779375180602074 0.025991380214691162 0.05004836246371269
v 0.04013139009475708 0.029178379103541374 0.04650449752807617
v 0.03472362831234932 0.027217090129852295 0.04957402125000954
v 0.04964375123381615 0.01442641019821167 0.052620600908994675
v 0.05179601162672043 0.01721245050430298 0.05069423094391823
v 0.046567440032958984 0.013828090392053127 0.054499220103025436
v -0.028931140899658203 0.020999670028686523 0.04277605935931206
v -0.032487690448760986 0.0193896796554327 0.040673140436410904
v -0.02897346019744873 0.018207550048828125 0.04396707937121391
v -0.04503035172820091 0.0038844940718263388 0.03163480758666992
v -0.04512310028076172 0.0005054139764979482 0.03174209967255592
v -0.04368335008621216 0.0027950999792665243 0.03369254991412163
v -0.0282437801361084 0.033861931413412094 0.03349198028445244
v -0.027465760707855225 0.03587251156568527 0.03169585019350052
v -0.028400540351867676 0.035224080085754395 0.03158576041460037
v -0.0282437801361084 0.033861931413412094 0.03349198028445244
v -0.02639240026473999 0.03657788038253784 0.03181714937090874
v -0.027465760707855225 0.03587251156568527 0.03169585019350052
v -0.02880460023880005 0.02411741018295288 0.041176799684762955
v -0.03327560052275658 0.023170650005340576 0.037927038967609406
v -0.031523700803518295 0.02216028980910778 0.040078289806842804
v -0.04440397024154663 0.006599009037017822 0.03212475776672363
v -0.045929670333862305 0.006324529182165861 0.029664289206266403
v -0.046226680278778076 0.0037707090377807617 0.02964198961853981
v -0.02880460023880005 0.02411741018295288 0.041176799684762955
v -0.03161197155714035 0.025808990001678467 0.03770221024751663
v -0.03327560052275658 0.023170650005340576 0.037927038967609406
v -0.014371509663760662 0.02669410966336727 0.04857230558991432
v -0.009638308547437191 0.02260488085448742 0.05363434925675392
v -0.008850336074829102 0.022914109751582146 0.05376322194933891
v -0.04440397024154663 0.006599009037017822 0.03212475776672363
v -0.046226680278778076 0.0037707090377807617 0.02964198961853981
v -0.04503035172820091 0.0038844940718263388 0.03163480758666992
v -0.023104900494217873 0.008380234241485596 0.0507972277700901
v -0.027185549959540367 0.00999379064887762 0.04764813929796219
v -0.028222020715475082 0.007251619827002287 0.04734719917178154
v -0.023104900494217873 0.008380234241485596 0.0507972277700901
v -0.028222020715475082 0.007251619827002287 0.04734719917178154
v -0.02340983971953392 0.007500648032873869 0.050717297941446304
v 0.04402405023574829 0.02752763032913208 0.04714960977435112
v 0.04485410079360008 0.03019160032272339 0.04430259019136429
v 0.04013139009475708 0.029178379103541374 0.04650449752807617
v -0.0272211991250515 0.03274201974272728 0.035649657249450684
v -0.031673841178417206 0.030759990215301514 0.03339250013232231
v -0.030684350058436394 0.029519200325012207 0.035593338310718536
v -0.0272211991250515 0.03274201974272728 0.035649657249450684
v -0.0282437801361084 0.033861931413412094 0.03349198028445244
v -0.031673841178417206 0.030759990215301514 0.03339250013232231
v 0.06291335076093674 0 0.04331732913851738
v 0.0641167089343071 0.0012010929640382528 0.04188651964068413
v 0.06305085867643356 0.005598783027380705 0.04297811910510063
v 0.06291335076093674 0 0.04331732913851738
v 0.06407403200864792 0 0.04201501980423927
v 0.0641167089343071 0.0012010929640382528 0.04188651964068413
v -0.04141718149185181 -0.00009486640192335472 0.03657050058245659
v -0.04368335008621216 0.0027950999792665243 0.03369254991412163
v -0.0434609018266201 -0.0011683700140565634 0.03408616781234741
v 0.04619652032852173 0.014403989538550377 0.054554227739572525
v 0.04688125103712082 0.018653269857168198 0.05257052555680275
v 0.045439720153808594 0.015336389653384686 0.05466223135590553
v -0.00766032887622714 0.02992171049118042 0.04848809167742729
v -0.01005375012755394 0.03262627124786377 0.04536015912890434
v -0.009622037410736084 0.02860713005065918 0.049020301550626755
v 0.04619652032852173 0.014403989538550377 0.054554227739572525
v 0.0481911301612854 0.016813689842820168 0.05271351709961891
v 0.04688125103712082 0.018653269857168198 0.05257052555680275
v 0.05218029022216797 0.012341019697487354 0.05139357969164848
v 0.05601096153259277 0.015670180320739746 0.048267725855112076
v 0.05548429116606712 0.017641840502619743 0.04829275980591774
v -0.04440397024154663 0.006599009037017822 0.03212475776672363
v -0.04564874991774559 0.008004426024854183 0.029706008732318878
v -0.045929670333862305 0.006324529182165861 0.029664289206266403
v 0.05218029022216797 0.012341019697487354 0.05139357969164848
v 0.05548429116606712 0.017641840502619743 0.04829275980591774
v 0.051685091108083725 0.014180660247802734 0.05146384611725807
v -0.0107763996347785 0.026631949469447136 0.050185929983854294
v -0.014371509663760662 0.02669410966336727 0.04857230558991432
v -0.008065760135650635 0.023192699998617172 0.053889039903879166
v 0.045439720153808594 0.015336389653384686 0.05466223135590553
v 0.04688125103712082 0.018653269857168198 0.05257052555680275
v 0.04424893110990524 0.016532180830836296 0.05480707064270973
v 0.045439720153808594 0.015336389653384686 0.05466223135590553
v 0.04424893110990524 0.016532180830836296 0.05480707064270973
v 0.045036908239126205 0.015771210193634033 0.05471761152148247
v 0.003188610076904297 0.04073261842131615 0.038066279143095016
v 0.0008760589989833534 0.043017078191041946 0.034927379339933395
v -0.0009929679799824953 0.04120725020766258 0.037496160715818405
v 0.05793583020567894 0.007620394229888916 0.04758036881685257
v 0.0598100982606411 0.01064085029065609 0.04572929069399834
v 0.05876510962843895 0.013880670070648193 0.04628581926226616
v 0.05576949939131737 0.027439769357442856 0.04267752915620804
v 0.056755900382995605 0.02829176001250744 0.04112977907061577
v 0.056128378957509995 0.028753340244293213 0.04106022045016289
v -0.044238198548555374 0.008988617919385433 0.0317312590777874
v -0.04564874991774559 0.008004426024854183 0.029706008732318878
v -0.04440397024154663 0.006599009037017822 0.03212475776672363
v 0.05576949939131737 0.027439769357442856 0.04267752915620804
v 0.056128378957509995 0.028753340244293213 0.04106022045016289
v 0.05472182855010033 0.027942119166254997 0.042810749262571335
v 0.05576949939131737 0.027439769357442856 0.04267752915620804
v 0.05740410089492798 0.027771050110459328 0.04119307920336723
v 0.056755900382995605 0.02829176001250744 0.04112977907061577
v -0.004309176933020353 0.036115050315856934 0.043272197246551514
v -0.006464182864874601 0.03827517852187157 0.040464889258146286
v -0.008920370601117611 0.036760151386260986 0.041582949459552765
v -0.041446030139923096 0.003579675918444991 0.03636062890291214
v -0.04368335008621216 0.0027950999792665243 0.03369254991412163
v -0.04141718149185181 -0.00009486640192335472 0.03657050058245659
v 0.05472182855010033 0.027942119166254997 0.042810749262571335
v 0.05355072021484375 0.030334940180182457 0.04083121940493584
v 0.05203508958220482 0.02865833044052124 0.043410368263721466
v 0.05793583020567894 0.007620394229888916 0.04758036881685257
v 0.05876510962843895 0.013880670070648193 0.04628581926226616
v 0.055899910628795624 0.011875210329890251 0.04879708215594292
v -0.04440397024154663 0.006599009037017822 0.03212475776672363
v -0.04503035172820091 0.0038844940718263388 0.03163480758666992
v -0.04368335008621216 0.0027950999792665243 0.03369254991412163
v 0.05203508958220482 0.02865833044052124 0.043410368263721466
v 0.04935203865170479 0.03073948062956333 0.04225827008485794
v 0.04802089184522629 0.028703030198812485 0.04486561939120293
v 0.02992885932326317 0.02471047081053257 0.053033482283353806
v 0.027116650715470314 0.022289510816335678 0.05610877647995949
v 0.029097789898514748 0.02184700034558773 0.0560423769056797
v 0.02992885932326317 0.02471047081053257 0.053033482283353806
v 0.025812620297074318 0.024794040247797966 0.05384654924273491
v 0.027116650715470314 0.022289510816335678 0.05610877647995949
v -0.044238198548555374 0.008988617919385433 0.0317312590777874
v -0.045231930911540985 0.009989856742322445 0.029728539288043976
v -0.04564874991774559 0.008004426024854183 0.029706008732318878
v -0.00038287098868750036 0.03830397129058838 0.04117966070771217
v -0.0009929679799824953 0.04120725020766258 0.037496160715818405
v -0.004507302772253752 0.0412447415292263 0.03713453933596611
v -0.00038287098868750036 0.03830397129058838 0.04117966070771217
v -0.004507302772253752 0.0412447415292263 0.03713453933596611
v -0.003783643012866378 0.038308680057525635 0.04087777063250542
v -0.0041373372077941895 0.033548589795827866 0.04590589925646782
v -0.008920370601117611 0.036760151386260986 0.041582949459552765
v -0.006881653796881437 0.03328834846615791 0.04560137912631035
v -0.0041373372077941895 0.033548589795827866 0.04590589925646782
v -0.004309176933020353 0.036115050315856934 0.043272197246551514
v -0.008920370601117611 0.036760151386260986 0.041582949459552765
v 0.04619652032852173 0.014403989538550377 0.054554227739572525
v 0.045439720153808594 0.015336389653384686 0.05466223135590553
v 0.04574203118681908 0.014894720166921616 0.05463076010346413
v -0.024833019822835922 0.0363924503326416 0.033529650419950485
v -0.02639240026473999 0.03657788038253784 0.03181714937090874
v -0.0282437801361084 0.033861931413412094 0.03349198028445244
v 0.003188610076904297 0.04073261842131615 0.038066279143095016
v 0.002461432944983244 0.04285341128706932 0.0351034477353096
v 0.0008760589989833534 0.043017078191041946 0.034927379339933395
v -0.042590320110321045 0.007480024825781584 0.03441191092133522
v -0.04440397024154663 0.006599009037017822 0.03212475776672363
v -0.04368335008621216 0.0027950999792665243 0.03369254991412163
v 0.060657791793346405 0.0006847659824416041 0.04552317038178444
v 0.06176251173019409 0.005432486068457365 0.04431694746017456
v 0.060191810131073 0.006523311138153076 0.04572482034564018
v -0.027180610224604607 0.026779770851135254 0.040716659277677536
v -0.029202640056610107 0.028229709714651108 0.03803605958819389
v -0.03161197155714035 0.025808990001678467 0.03770221024751663
v -0.027180610224604607 0.026779770851135254 0.040716659277677536
v -0.03161197155714035 0.025808990001678467 0.03770221024751663
v -0.02880460023880005 0.02411741018295288 0.041176799684762955
v 0.003188610076904297 0.04073261842131615 0.038066279143095016
v 0.004164636135101318 0.04265064001083374 0.03526663780212402
v 0.002461432944983244 0.04285341128706932 0.0351034477353096
v 0.051685091108083725 0.014180660247802734 0.05146384611725807
v 0.05179601162672043 0.01721245050430298 0.05069423094391823
v 0.04964375123381615 0.01442641019821167 0.052620600908994675
v -0.04349035024642944 0.013043760322034359 0.03135884925723076
v -0.045231930911540985 0.009989856742322445 0.029728539288043976
v -0.044238198548555374 0.008988617919385433 0.0317312590777874
v -0.022777250036597252 0.009224176406860352 0.05088186636567116
v -0.027185549959540367 0.00999379064887762 0.04764813929796219
v -0.023104900494217873 0.008380234241485596 0.0507972277700901
v -0.008065760135650635 0.023192699998617172 0.053889039903879166
v -0.014371509663760662 0.02669410966336727 0.04857230558991432
v -0.008850336074829102 0.022914109751582146 0.05376322194933891
v -0.04349035024642944 0.013043760322034359 0.03135884925723076
v -0.044918060302734375 0.011239339597523212 0.029766209423542023
v -0.045231930911540985 0.009989856742322445 0.029728539288043976
v -0.02439313940703869 0.03777467831969261 0.03205043822526932
v -0.02536981925368309 0.037213679403066635 0.03192383795976639
v -0.02639240026473999 0.03657788038253784 0.03181714937090874
v -0.038286030292510986 0.0025760529097169638 0.039691340178251266
v -0.04141718149185181 -0.00009486640192335472 0.03657050058245659
v -0.03906112164258957 -0.00093719398137182 0.038989849388599396
v 0.04402405023574829 0.02752763032913208 0.04714960977435112
v 0.04802089184522629 0.028703030198812485 0.04486561939120293
v 0.04485410079360008 0.03019160032272339 0.04430259019136429
v -0.042590320110321045 0.007480024825781584 0.03441191092133522
v -0.04368335008621216 0.0027950999792665243 0.03369254991412163
v -0.041446030139923096 0.003579675918444991 0.03636062890291214
v 0.05766468867659569 0.025870800018310547 0.042807530611753464
v 0.05740410089492798 0.027771050110459328 0.04119307920336723
v 0.05576949939131737 0.027439769357442856 0.04267752915620804
v 0.05766468867659569 0.025870800018310547 0.042807530611753464
v 0.05800426006317139 0.027242720127105713 0.04126996919512749
v 0.05740410089492798 0.027771050110459328 0.04119307920336723
v 0.05766468867659569 0.025870800018310547 0.042807530611753464
v 0.058526571840047836 0.026740670204162598 0.04133171960711479
v 0.05800426006317139 0.027242720127105713 0.04126996919512749
v -0.004309176933020353 0.036115050315856934 0.043272197246551514
v -0.003783643012866378 0.038308680057525635 0.04087777063250542
v -0.006464182864874601 0.03827517852187157 0.040464889258146286
v 0.034209661185741425 0.023773670196533203 0.05291074886918068
v 0.03472362831234932 0.027217090129852295 0.04957402125000954
v 0.02992885932326317 0.02471047081053257 0.053033482283353806
v 0.05048900097608566 0.026610130444169044 0.045945409685373306
v 0.05203508958220482 0.02865833044052124 0.043410368263721466
v 0.04802089184522629 0.028703030198812485 0.04486561939120293
v -0.026734760031104088 0.030314559116959572 0.03832180052995682
v -0.030684350058436394 0.029519200325012207 0.035593338310718536
v -0.029202640056610107 0.028229709714651108 0.03803605958819389
v -0.026734760031104088 0.030314559116959572 0.03832180052995682
v -0.0272211991250515 0.03274201974272728 0.035649657249450684
v -0.030684350058436394 0.029519200325012207 0.035593338310718536
v 0.052739258855581284 0.009690642356872559 0.05125642940402031
v 0.055899910628795624 0.011875210329890251 0.04879708215594292
v 0.05601096153259277 0.015670180320739746 0.048267725855112076
v 0.052739258855581284 0.009690642356872559 0.05125642940402031
v 0.05601096153259277 0.015670180320739746 0.048267725855112076
v 0.05218029022216797 0.012341019697487354 0.05139357969164848
v -0.042590320110321045 0.007480024825781584 0.03441191092133522
v -0.044238198548555374 0.008988617919385433 0.0317312590777874
v -0.04440397024154663 0.006599009037017822 0.03212475776672363
v -0.04349035024642944 0.013043760322034359 0.03135884925723076
v -0.04456698149442673 0.01247859001159668 0.029805969446897507
v -0.044918060302734375 0.011239339597523212 0.029766209423542023
v -0.04349035024642944 0.013043760322034359 0.03135884925723076
v -0.0442163310945034 0.013606250286102295 0.029843397438526154
v -0.04456698149442673 0.01247859001159668 0.029805969446897507
v 0.05793583020567894 0.007620394229888916 0.04758036881685257
v 0.060191810131073 0.006523311138153076 0.04572482034564018
v 0.0598100982606411 0.01064085029065609 0.04572929069399834
v -0.040803249925374985 0.007369219791144133 0.03655988723039627
v -0.042590320110321045 0.007480024825781584 0.03441191092133522
v -0.041446030139923096 0.003579675918444991 0.03636062890291214
v -0.02242141030728817 0.010052969679236412 0.05097312107682228
v -0.027185549959540367 0.00999379064887762 0.04764813929796219
v -0.022777250036597252 0.009224176406860352 0.05088186636567116
v -0.0072692628018558025 0.02343595027923584 0.05401158705353737
v -0.0107763996347785 0.026631949469447136 0.050185929983854294
v -0.008065760135650635 0.023192699998617172 0.053889039903879166
v 0.046567440032958984 0.013828090392053127 0.054499220103025436
v 0.0481911301612854 0.016813689842820168 0.05271351709961891
v 0.04619652032852173 0.014403989538550377 0.054554227739572525
v -0.02880460023880005 0.02411741018295288 0.041176799684762955
v -0.031523700803518295 0.02216028980910778 0.040078289806842804
v -0.028931140899658203 0.020999670028686523 0.04277605935931206
v -0.025574320927262306 0.01970737986266613 0.04580158740282059
v -0.028931140899658203 0.020999670028686523 0.04277605935931206
v -0.02897346019744873 0.018207550048828125 0.04396707937121391
v -0.004294573795050383 0.029140830039978027 0.049987439066171646
v -0.006881653796881437 0.03328834846615791 0.04560137912631035
v -0.01005375012755394 0.03262627124786377 0.04536015912890434
v -0.004294573795050383 0.029140830039978027 0.049987439066171646
v -0.01005375012755394 0.03262627124786377 0.04536015912890434
v -0.00766032887622714 0.02992171049118042 0.04848809167742729
v -0.024833019822835922 0.0363924503326416 0.033529650419950485
v -0.02439313940703869 0.03777467831969261 0.03205043822526932
v -0.02639240026473999 0.03657788038253784 0.03181714937090874
v 0.06291335076093674 0 0.04331732913851738
v 0.06305085867643356 0.005598783027380705 0.04297811910510063
v 0.06176251173019409 0.005432486068457365 0.04431694746017456
v -0.042401958256959915 0.011149040423333645 0.03363317996263504
v -0.04349035024642944 0.013043760322034359 0.03135884925723076
v -0.044238198548555374 0.008988617919385433 0.0317312590777874
v -0.038286030292510986 0.0025760529097169638 0.039691340178251266
v -0.041446030139923096 0.003579675918444991 0.03636062890291214
v -0.04141718149185181 -0.00009486640192335472 0.03657050058245659
v -0.024654919281601906 0.016736090183258057 0.0476197674870491
v -0.030416250228881836 0.01610231027007103 0.04365373030304909
v -0.025922060012817383 0.014803290367126465 0.04737753048539162
v 0.04665505141019821 0.026651740074157715 0.04719192907214165
v 0.04802089184522629 0.028703030198812485 0.04486561939120293
v 0.04402405023574829 0.02752763032913208 0.04714960977435112
v -0.024654919281601906 0.016736090183258057 0.0476197674870491
v -0.02897346019744873 0.018207550048828125 0.04396707937121391
v -0.030416250228881836 0.01610231027007103 0.04365373030304909
v -0.004942715167999268 0.026931820437312126 0.05179161950945854
v -0.00766032887622714 0.02992171049118042 0.04848809167742729
v -0.009622037410736084 0.02860713005065918 0.049020301550626755
v 0.007936953566968441 0.04023844003677368 0.03831762820482254
v 0.004164636135101318 0.04265064001083374 0.03526663780212402
v 0.003188610076904297 0.04073261842131615 0.038066279143095016
v 0.007936953566968441 0.04023844003677368 0.03831762820482254
v 0.006280242931097746 0.04234588146209717 0.035506490617990494
v 0.004164636135101318 0.04265064001083374 0.03526663780212402
v 0.05766468867659569 0.025870800018310547 0.042807530611753464
v 0.05922042950987816 0.025992149487137794 0.04140491038560867
v 0.058526571840047836 0.026740670204162598 0.04133171960711479
v 0.046567440032958984 0.013828090392053127 0.054499220103025436
v 0.046812351793050766 0.013293740339577198 0.05447192117571831
v 0.047185301780700684 0.012597019784152508 0.054418209940195084
v -0.0055755372159183025 0.02384871058166027 0.05426150932908058
v -0.009622037410736084 0.02860713005065918 0.049020301550626755
v -0.0107763996347785 0.026631949469447136 0.050185929983854294
v -0.038286030292510986 0.0025760529097169638 0.039691340178251266
v -0.03906112164258957 -0.00093719398137182 0.038989849388599396
v -0.0377311110496521 -0.0023944969289004803 0.040208879858255386
v -0.006494044791907072 0.023630259558558464 0.054139140993356705
v -0.0055755372159183025 0.02384871058166027 0.05426150932908058
v -0.0107763996347785 0.026631949469447136 0.050185929983854294
v -0.006494044791907072 0.023630259558558464 0.054139140993356705
v -0.0107763996347785 0.026631949469447136 0.050185929983854294
v -0.0072692628018558025 0.02343595027923584 0.05401158705353737
v -0.042401958256959915 0.011149040423333645 0.03363317996263504
v -0.044238198548555374 0.008988617919385433 0.0317312590777874
v -0.042590320110321045 0.007480024825781584 0.03441191092133522
v 0.05363326892256737 0.025986069813370705 0.04511887952685356
v 0.05472182855010033 0.027942119166254997 0.042810749262571335
v 0.05203508958220482 0.02865833044052124 0.043410368263721466
v 0.03990054130554199 0.024586139246821404 0.050790440291166306
v 0.04402405023574829 0.02752763032913208 0.04714960977435112
v 0.04013139009475708 0.029178379103541374 0.04650449752807617
v 0.060657791793346405 0.0006847659824416041 0.04552317038178444
v 0.06291335076093674 0 0.04331732913851738
v 0.06176251173019409 0.005432486068457365 0.04431694746017456
v 0.03990054130554199 0.024586139246821404 0.050790440291166306
v 0.04013139009475708 0.029178379103541374 0.04650449752807617
v 0.03779375180602074 0.025991380214691162 0.05004836246371269
v -0.024180710315704346 0.03489089012145996 0.03585124760866165
v -0.0282437801361084 0.033861931413412094 0.03349198028445244
v -0.0272211991250515 0.03274201974272728 0.035649657249450684
v 0.0037325620651245117 0.037283480167388916 0.04241574928164482
v -0.0009929679799824953 0.04120725020766258 0.037496160715818405
v -0.00038287098868750036 0.03830397129058838 0.04117966070771217
v 0.0037325620651245117 0.037283480167388916 0.04241574928164482
v 0.003188610076904297 0.04073261842131615 0.038066279143095016
v -0.0009929679799824953 0.04120725020766258 0.037496160715818405
v -0.024180710315704346 0.03489089012145996 0.03585124760866165
v -0.024833019822835922 0.0363924503326416 0.033529650419950485
v -0.0282437801361084 0.033861931413412094 0.03349198028445244
v -0.0014441009843721986 0.03364640101790428 0.046190809458494186
v -0.004309176933020353 0.036115050315856934 0.043272197246551514
v -0.0041373372077941895 0.033548589795827866 0.04590589925646782
v -0.04349035024642944 0.013043760322034359 0.03135884925723076
v -0.043778471648693085 0.014875110238790512 0.029893290251493454
v -0.0442163310945034 0.013606250286102295 0.029843397438526154
v -0.04349035024642944 0.013043760322034359 0.03135884925723076
v -0.043329060077667236 0.016056180000305176 0.029938530176877975
v -0.043778471648693085 0.014875110238790512 0.029893290251493454
v -0.02201079949736595 0.010783850215375423 0.05107641592621803
v -0.028056800365447998 0.012780070304870605 0.04642296954989433
v -0.027185549959540367 0.00999379064887762 0.04764813929796219
v 0.031110940501093864 0.021361470222473145 0.055949222296476364
v 0.02992885932326317 0.02471047081053257 0.053033482283353806
v 0.029097789898514748 0.02184700034558773 0.0560423769056797
v -0.02201079949736595 0.010783850215375423 0.05107641592621803
v -0.027185549959540367 0.00999379064887762 0.04764813929796219
v -0.02242141030728817 0.010052969679236412 0.05097312107682228
v -0.02156651020050049 0.037928760051727295 0.0342111699283123
v -0.022179359570145607 0.038938820362091064 0.03228861838579178
v -0.023348510265350342 0.03834635019302368 0.03215140849351883
v -0.02156651020050049 0.037928760051727295 0.0342111699283123
v -0.023348510265350342 0.03834635019302368 0.03215140849351883
v -0.02439313940703869 0.03777467831969261 0.03205043822526932
v -0.04203540086746216 0.017339160665869713 0.031241249293088913
v -0.04288535937666893 0.01713860034942627 0.029979467391967773
v -0.043329060077667236 0.016056180000305176 0.029938530176877975
v -0.038286030292510986 0.0025760529097169638 0.039691340178251266
v -0.0377311110496521 -0.0023944969289004803 0.040208879858255386
v -0.034711480140686035 -0.00016428400704171509 0.042879290878772736
v 0.05578655004501343 0.006502627860754728 0.04930366203188896
v 0.05793583020567894 0.007620394229888916 0.04758036881685257
v 0.055899910628795624 0.011875210329890251 0.04879708215594292
v -0.004625737201422453 0.02401958964765072 0.05439460650086403
v -0.009622037410736084 0.02860713005065918 0.049020301550626755
v -0.0055755372159183025 0.02384871058166027 0.05426150932908058
v 0.047185301780700684 0.012597019784152508 0.054418209940195084
v 0.04964375123381615 0.01442641019821167 0.052620600908994675
v 0.046567440032958984 0.013828090392053127 0.054499220103025436
v -0.004942715167999268 0.026931820437312126 0.05179161950945854
v -0.009622037410736084 0.02860713005065918 0.049020301550626755
v -0.004625737201422453 0.02401958964765072 0.05439460650086403
v -0.025600910186767578 0.025763800367712975 0.042545389384031296
v -0.027180610224604607 0.026779770851135254 0.040716659277677536
v -0.02880460023880005 0.02411741018295288 0.041176799684762955
v 0.034209661185741425 0.023773670196533203 0.05291074886918068
v 0.03779375180602074 0.025991380214691162 0.05004836246371269
v 0.03472362831234932 0.027217090129852295 0.04957402125000954
v -0.025020480155944824 0.031565360724925995 0.03853446990251541
v -0.0272211991250515 0.03274201974272728 0.035649657249450684
v -0.026734760031104088 0.030314559116959572 0.03832180052995682
v 0.0007746780174784362 0.035335421562194824 0.044611819088459015
v -0.00038287098868750036 0.03830397129058838 0.04117966070771217
v -0.003783643012866378 0.038308680057525635 0.04087777063250542
v 0.0007746780174784362 0.035335421562194824 0.044611819088459015
v -0.003783643012866378 0.038308680057525635 0.04087777063250542
v -0.004309176933020353 0.036115050315856934 0.043272197246551514
v 0.058343470096588135 0.0004545279953163117 0.04750704765319824
v 0.060657791793346405 0.0006847659824416041 0.04552317038178444
v 0.060191810131073 0.006523311138153076 0.04572482034564018
v 0.058343470096588135 0.0004545279953163117 0.04750704765319824
v 0.060191810131073 0.006523311138153076 0.04572482034564018
v 0.05793583020567894 0.007620394229888916 0.04758036881685257
v 0.05578655004501343 0.006502627860754728 0.04930366203188896
v 0.055899910628795624 0.011875210329890251 0.04879708215594292
v 0.052739258855581284 0.009690642356872559 0.05125642940402031
v -0.025574320927262306 0.01970737986266613 0.04580158740282059
v -0.02897346019744873 0.018207550048828125 0.04396707937121391
v -0.024654919281601906 0.016736090183258057 0.0476197674870491
v -0.03850090131163597 0.0068961381912231445 0.039016079157590866
v -0.040803249925374985 0.007369219791144133 0.03655988723039627
v -0.041446030139923096 0.003579675918444991 0.03636062890291214
v 0.0586012601852417 0.024259980767965317 0.04325098916888237
v 0.05922042950987816 0.025992149487137794 0.04140491038560867
v 0.05766468867659569 0.025870800018310547 0.042807530611753464
v -0.03850090131163597 0.0068961381912231445 0.039016079157590866
v -0.041446030139923096 0.003579675918444991 0.03636062890291214
v -0.038286030292510986 0.0025760529097169638 0.039691340178251266
v -0.04203540086746216 0.017339160665869713 0.031241249293088913
v -0.043329060077667236 0.016056180000305176 0.029938530176877975
v -0.04349035024642944 0.013043760322034359 0.03135884925723076
v 0.0586012601852417 0.024259980767965317 0.04325098916888237
v 0.05986291170120239 0.025166509672999382 0.041473567485809326
v 0.05922042950987816 0.025992149487137794 0.04140491038560867
v 0.0586012601852417 0.024259980767965317 0.04325098916888237
v 0.06043874844908714 0.024301350116729736 0.041554100811481476
v 0.05986291170120239 0.025166509672999382 0.041473567485809326
v 0.05363326892256737 0.025986069813370705 0.04511887952685356
v 0.05203508958220482 0.02865833044052124 0.043410368263721466
v 0.05048900097608566 0.026610130444169044 0.045945409685373306
v -0.02156651020050049 0.037928760051727295 0.0342111699283123
v -0.02439313940703869 0.03777467831969261 0.03205043822526932
v -0.024833019822835922 0.0363924503326416 0.033529650419950485
v -0.041584670543670654 0.013686180114746094 0.03374475985765457
v -0.04349035024642944 0.013043760322034359 0.03135884925723076
v -0.042401958256959915 0.011149040423333645 0.03363317996263504
v 0.007936953566968441 0.04023844003677368 0.03831762820482254
v 0.009710966609418392 0.041804250329732895 0.03588724881410599
v 0.006280242931097746 0.04234588146209717 0.035506490617990494
v 0.0475044809281826 0.011871330440044403 0.05437922850251198
v 0.04964375123381615 0.01442641019821167 0.052620600908994675
v 0.047185301780700684 0.012597019784152508 0.054418209940195084
v -0.001551031949929893 0.029516270384192467 0.05012841150164604
v -0.0041373372077941895 0.033548589795827866 0.04590589925646782
v -0.006881653796881437 0.03328834846615791 0.04560137912631035
v -0.001551031949929893 0.029516270384192467 0.05012841150164604
v -0.006881653796881437 0.03328834846615791 0.04560137912631035
v -0.004294573795050383 0.029140830039978027 0.049987439066171646
v -0.040142711251974106 0.010553469881415367 0.036540690809488297
v -0.042590320110321045 0.007480024825781584 0.03441191092133522
v -0.040803249925374985 0.007369219791144133 0.03655988723039627
v 0.031110940501093864 0.021361470222473145 0.055949222296476364
v 0.034209661185741425 0.023773670196533203 0.05291074886918068
v 0.02992885932326317 0.02471047081053257 0.053033482283353806
v -0.040142711251974106 0.010553469881415367 0.036540690809488297
v -0.042401958256959915 0.011149040423333645 0.03363317996263504
v -0.042590320110321045 0.007480024825781584 0.03441191092133522
v 0.05363326892256737 0.025986069813370705 0.04511887952685356
v 0.05576949939131737 0.027439769357442856 0.04267752915620804
v 0.05472182855010033 0.027942119166254997 0.042810749262571335
v -0.025523779913783073 0.022488830611109734 0.044493209570646286
v -0.02880460023880005 0.02411741018295288 0.041176799684762955
v -0.028931140899658203 0.020999670028686523 0.04277605935931206
v 0.04350537061691284 0.02445662021636963 0.04995310679078102
v 0.04402405023574829 0.02752763032913208 0.04714960977435112
v 0.03990054130554199 0.024586139246821404 0.050790440291166306
v -0.02159065008163452 0.011597390286624432 0.05118371173739433
v -0.028056800365447998 0.012780070304870605 0.04642296954989433
v -0.02201079949736595 0.010783850215375423 0.05107641592621803
v -0.02156651020050049 0.037928760051727295 0.0342111699283123
v -0.021074170246720314 0.03946954011917114 0.03238840028643608
v -0.022179359570145607 0.038938820362091064 0.03228861838579178
v 0.051685091108083725 0.014180660247802734 0.05146384611725807
v 0.04964375123381615 0.01442641019821167 0.052620600908994675
v 0.0475044809281826 0.011871330440044403 0.05437922850251198
v 0.051685091108083725 0.014180660247802734 0.05146384611725807
v 0.0475044809281826 0.011871330440044403 0.05437922850251198
v 0.04793483018875122 0.010897389613091946 0.05428494140505791
v 0.05048900097608566 0.026610130444169044 0.045945409685373306
v 0.04802089184522629 0.028703030198812485 0.04486561939120293
v 0.04665505141019821 0.026651740074157715 0.04719192907214165
v -0.004294573795050383 0.029140830039978027 0.049987439066171646
v -0.00766032887622714 0.02992171049118042 0.04848809167742729
v -0.004942715167999268 0.026931820437312126 0.05179161950945854
v -0.04203540086746216 0.017339160665869713 0.031241249293088913
v -0.04242616146802902 0.01816480979323387 0.030048318207263947
v -0.04288535937666893 0.01713860034942627 0.029979467391967773
v -0.004942715167999268 0.026931820437312126 0.05179161950945854
v -0.004625737201422453 0.02401958964765072 0.05439460650086403
v -0.0036110279615968466 0.024162650108337402 0.054530929774045944
v -0.004942715167999268 0.026931820437312126 0.05179161950945854
v -0.0036110279615968466 0.024162650108337402 0.054530929774045944
v -0.002557337051257491 0.024273989722132683 0.05466796085238457
v -0.04203540086746216 0.017339160665869713 0.031241249293088913
v -0.04192245006561279 0.019233759492635727 0.03008640930056572
v -0.04242616146802902 0.01816480979323387 0.030048318207263947
v 0.058343470096588135 0.0004545279953163117 0.04750704765319824
v 0.05793583020567894 0.007620394229888916 0.04758036881685257
v 0.05578655004501343 0.006502627860754728 0.04930366203188896
v 0.048037171363830566 0.010105550289154053 0.054305922240018845
v 0.051685091108083725 0.014180660247802734 0.05146384611725807
v 0.04793483018875122 0.010897389613091946 0.05428494140505791
v 0.05987972021102905 0.023148110136389732 0.04282731935381889
v 0.06043874844908714 0.024301350116729736 0.041554100811481476
v 0.0586012601852417 0.024259980767965317 0.04325098916888237
v 0.05987972021102905 0.023148110136389732 0.04282731935381889
v 0.060937460511922836 0.023416219279170036 0.04159409925341606
v 0.06043874844908714 0.024301350116729736 0.041554100811481476
v 0.0007746780174784362 0.035335421562194824 0.044611819088459015
v -0.004309176933020353 0.036115050315856934 0.043272197246551514
v -0.0014441009843721986 0.03364640101790428 0.046190809458494186
v -0.004942715167999268 0.026931820437312126 0.05179161950945854
v -0.002557337051257491 0.024273989722132683 0.05466796085238457
v -0.001964390045031905 0.024234410375356674 0.05480111017823219
v 0.03990054130554199 0.024586139246821404 0.050790440291166306
v 0.03779375180602074 0.025991380214691162 0.05004836246371269
v 0.034209661185741425 0.023773670196533203 0.05291074886918068
v -0.03457820042967796 0.0032720561139285564 0.04287213832139969
v -0.038286030292510986 0.0025760529097169638 0.039691340178251266
v -0.034711480140686035 -0.00016428400704171509 0.042879290878772736
v 0.05628722161054611 0.024607529863715172 0.04469073936343193
v 0.05766468867659569 0.025870800018310547 0.042807530611753464
v 0.05576949939131737 0.027439769357442856 0.04267752915620804
v 0.05628722161054611 0.024607529863715172 0.04469073936343193
v 0.05576949939131737 0.027439769357442856 0.04267752915620804
v 0.05363326892256737 0.025986069813370705 0.04511887952685356
v -0.04026418179273605 0.016286790370941162 0.03424913063645363
v -0.04349035024642944 0.013043760322034359 0.03135884925723076
v -0.041584670543670654 0.013686180114746094 0.03374475985765457
v -0.04026418179273605 0.016286790370941162 0.03424913063645363
v -0.04203540086746216 0.017339160665869713 0.031241249293088913
v -0.04349035024642944 0.013043760322034359 0.03135884925723076
v 0.04822593182325363 0.009350298903882504 0.054271649569272995
v 0.05218029022216797 0.012341019697487354 0.05139357969164848
v 0.051685091108083725 0.014180660247802734 0.05146384611725807
v 0.04822593182325363 0.009350298903882504 0.054271649569272995
v 0.051685091108083725 0.014180660247802734 0.05146384611725807
v 0.048037171363830566 0.010105550289154053 0.054305922240018845
v 0.0037325620651245117 0.037283480167388916 0.04241574928164482
v -0.00038287098868750036 0.03830397129058838 0.04117966070771217
v 0.0007746780174784362 0.035335421562194824 0.044611819088459015
v 0.04883641004562378 0.005085587035864592 0.054161909967660904
v 0.05578655004501343 0.006502627860754728 0.04930366203188896
v 0.052739258855581284 0.009690642356872559 0.05125642940402031
v -0.0211489200592041 0.012389480136334896 0.051297906786203384
v -0.025922060012817383 0.014803290367126465 0.04737753048539162
v -0.028056800365447998 0.012780070304870605 0.04642296954989433
v -0.0211489200592041 0.012389480136334896 0.051297906786203384
v -0.028056800365447998 0.012780070304870605 0.04642296954989433
v -0.02159065008163452 0.011597390286624432 0.05118371173739433
v -0.023958740755915642 0.029384249821305275 0.041122209280729294
v -0.029202640056610107 0.028229709714651108 0.03803605958819389
v -0.027180610224604607 0.026779770851135254 0.040716659277677536
v 0.008347450755536556 0.03743559122085571 0.04189438000321388
v 0.007936953566968441 0.04023844003677368 0.03831762820482254
v 0.003188610076904297 0.04073261842131615 0.038066279143095016
v -0.023958740755915642 0.029384249821305275 0.041122209280729294
v -0.026734760031104088 0.030314559116959572 0.03832180052995682
v -0.029202640056610107 0.028229709714651108 0.03803605958819389
v 0.008347450755536556 0.03743559122085571 0.04189438000321388
v 0.003188610076904297 0.04073261842131615 0.038066279143095016
v 0.0037325620651245117 0.037283480167388916 0.04241574928164482
v -0.02156651020050049 0.037928760051727295 0.0342111699283123
v -0.019922969862818718 0.03996526822447777 0.0325060598552227
v -0.021074170246720314 0.03946954011917114 0.03238840028643608
v -0.03568850830197334 0.006568312179297209 0.04163962975144386
v -0.03850090131163597 0.0068961381912231445 0.039016079157590866
v -0.038286030292510986 0.0025760529097169638 0.039691340178251266
v -0.004942715167999268 0.026931820437312126 0.05179161950945854
v -0.001964390045031905 0.024234410375356674 0.05480111017823219
v -0.001375376945361495 0.024315889924764633 0.0548480786383152
v -0.023315539583563805 0.024572009220719337 0.044842429459095
v -0.025600910186767578 0.025763800367712975 0.042545389384031296
v -0.02880460023880005 0.02411741018295288 0.041176799684762955
v -0.023315539583563805 0.024572009220719337 0.044842429459095
v -0.02880460023880005 0.02411741018295288 0.041176799684762955
v -0.025523779913783073 0.022488830611109734 0.044493209570646286
v -0.04131937026977539 0.020407790318131447 0.030155789107084274
v -0.04192245006561279 0.019233759492635727 0.03008640930056572
v -0.04203540086746216 0.017339160665869713 0.031241249293088913
v -0.02208572067320347 0.018614349886775017 0.04862290993332863
v -0.025574320927262306 0.01970737986266613 0.04580158740282059
v -0.024654919281601906 0.016736090183258057 0.0476197674870491
v -0.039360519498586655 0.01297014020383358 0.03665542975068092
v -0.041584670543670654 0.013686180114746094 0.03374475985765457
v -0.042401958256959915 0.011149040423333645 0.03363317996263504
v 0.014845659956336021 0.03971225023269653 0.038163669407367706
v 0.009710966609418392 0.041804250329732895 0.03588724881410599
v 0.007936953566968441 0.04023844003677368 0.03831762820482254
v 0.05549627169966698 0.00027099798899143934 0.049673859030008316
v 0.058343470096588135 0.0004545279953163117 0.04750704765319824
v 0.05578655004501343 0.006502627860754728 0.04930366203188896
v 0.048384130001068115 0.008466958068311214 0.05425013229250908
v 0.05218029022216797 0.012341019697487354 0.05139357969164848
v 0.04822593182325363 0.009350298903882504 0.054271649569272995
v 0.02563272975385189 -0.03379011154174805 0.0441744402050972
v 0.02130728028714657 -0.03969823941588402 0.03717071935534477
v 0.026828819885849953 -0.03857653960585594 0.03777528926730156
v -0.02542901039123535 -0.03605926036834717 0.03343343734741211
v -0.02771723084151745 -0.03296357020735741 0.034981679171323776
v -0.028732890263199806 -0.0349692702293396 0.03159654885530472
v -0.0377311110496521 -0.0023944969289004803 0.040208879858255386
v -0.03906112164258957 -0.00093719398137182 0.038989849388599396
v -0.04028815031051636 -0.003894269000738859 0.03758407011628151
v -0.02542901039123535 -0.03605926036834717 0.03343343734741211
v -0.026758790016174316 -0.036342740058898926 0.03178346902132034
v -0.025669630616903305 -0.037028130143880844 0.0319070890545845
v 0.013368300162255764 -0.029904600232839584 0.050129178911447525
v 0.019017690792679787 -0.023638900369405746 0.0562104694545269
v 0.01762700080871582 -0.023860450834035873 0.05616152659058571
v -0.02485745958983898 -0.01688838005065918 0.047424089163541794
v -0.029707670211791992 -0.016075309365987778 0.04421442747116089
v -0.029044149443507195 -0.01826494000852108 0.04389268904924393
v 0.022348100319504738 -0.030912330374121666 0.04793478175997734
v 0.016585350036621094 -0.03260992839932442 0.046772550791502
v 0.02563272975385189 -0.03379011154174805 0.0441744402050972
v -0.04210186004638672 -0.016756530851125717 0.03149593994021416
v -0.04345870018005371 -0.012077920138835907 0.03183377906680107
v -0.04382513836026192 -0.014733970165252686 0.02989776059985161
v -0.04210186004638672 -0.016756530851125717 0.03149593994021416
v -0.04382513836026192 -0.014733970165252686 0.02989776059985161
v -0.043375130742788315 -0.01593703031539917 0.0299418605864048
v 0.022348100319504738 -0.030912330374121666 0.04793478175997734
v 0.013368300162255764 -0.029904600232839584 0.050129178911447525
v 0.016585350036621094 -0.03260992839932442 0.046772550791502
v 0.022348100319504738 -0.030912330374121666 0.04793478175997734
v 0.019017690792679787 -0.023638900369405746 0.0562104694545269
v 0.013368300162255764 -0.029904600232839584 0.050129178911447525
v 0.022348100319504738 -0.030912330374121666 0.04793478175997734
v 0.020624270662665367 -0.023354530334472656 0.05625361576676369
v 0.019017690792679787 -0.023638900369405746 0.0562104694545269
v -0.040376659482717514 -0.00969779398292303 0.036508508026599884
v -0.04236114025115967 -0.006928861141204834 0.03481258079409599
v -0.04243813827633858 -0.009563744068145752 0.03407479077577591
v 0.02563272975385189 -0.03379011154174805 0.0441744402050972
v 0.026828819885849953 -0.03857653960585594 0.03777528926730156
v 0.03154397010803223 -0.03752774000167847 0.03832859918475151
v -0.02771723084151745 -0.03296357020735741 0.034981679171323776
v -0.030022500082850456 -0.02898227982223034 0.03669298067688942
v -0.03026038035750389 -0.03175950050354004 0.033817779272794724
v 0.022348100319504738 -0.030912330374121666 0.04793478175997734
v 0.022430360317230225 -0.023116350173950195 0.056233469396829605
v 0.020624270662665367 -0.023354530334472656 0.05625361576676369
v -0.04186588153243065 -0.012886700220406055 0.03370470926165581
v -0.04243813827633858 -0.009563744068145752 0.03407479077577591
v -0.04345870018005371 -0.012077920138835907 0.03183377906680107
v -0.027189970016479492 -0.028858600184321404 0.039167650043964386
v -0.029148340225219727 -0.0273739006370306 0.03870398923754692
v -0.030022500082850456 -0.02898227982223034 0.03669298067688942
v 0.022348100319504738 -0.030912330374121666 0.04793478175997734
v 0.02414393052458763 -0.022774210199713707 0.05623960867524147
v 0.022430360317230225 -0.023116350173950195 0.056233469396829605
v -0.026945050805807114 -0.02595536969602108 0.04144448786973953
v -0.02848869003355503 -0.023720920085906982 0.0416494682431221
v -0.030507860705256462 -0.024837549775838852 0.03932923823595047
v 0.03723394125699997 -0.03118330053985119 0.04503900930285454
v 0.03154397010803223 -0.03752774000167847 0.03832859918475151
v 0.03638625144958496 -0.03637588024139404 0.03884536772966385
v -0.03815972059965134 -0.006348729133605957 0.03942460939288139
v -0.04028815031051636 -0.003894269000738859 0.03758407011628151
v -0.040332671254873276 -0.006810009013861418 0.037151940166950226
v 0.03723394125699997 -0.03118330053985119 0.04503900930285454
v 0.02563272975385189 -0.03379011154174805 0.0441744402050972
v 0.03154397010803223 -0.03752774000167847 0.03832859918475151
v 0.027839599177241325 -0.029236609116196632 0.048859838396310806
v 0.022348100319504738 -0.030912330374121666 0.04793478175997734
v 0.02563272975385189 -0.03379011154174805 0.0441744402050972
v 0.027839599177241325 -0.029236609116196632 0.048859838396310806
v 0.02603811025619507 -0.022418320178985596 0.05620056763291359
v 0.02414393052458763 -0.022774210199713707 0.05623960867524147
v 0.027839599177241325 -0.029236609116196632 0.048859838396310806
v 0.02414393052458763 -0.022774210199713707 0.05623960867524147
v 0.022348100319504738 -0.030912330374121666 0.04793478175997734
v 0.027839599177241325 -0.029236609116196632 0.048859838396310806
v 0.02563272975385189 -0.03379011154174805 0.0441744402050972
v 0.03723394125699997 -0.03118330053985119 0.04503900930285454
v 0.027839599177241325 -0.029236609116196632 0.048859838396310806
v 0.02790302038192749 -0.02204650081694126 0.05614114925265312
v 0.02603811025619507 -0.022418320178985596 0.05620056763291359
v -0.04210186004638672 -0.016756530851125717 0.03149593994021416
v -0.043375130742788315 -0.01593703031539917 0.0299418605864048
v -0.04274249076843262 -0.017467260360717773 0.03001713752746582
v 0.03723394125699997 -0.03118330053985119 0.04503900930285454
v 0.03638625144958496 -0.03637588024139404 0.03884536772966385
v 0.04119807109236717 -0.03508627042174339 0.03937030956149101
v -0.02542901039123535 -0.03605926036834717 0.03343343734741211
v -0.025669630616903305 -0.037028130143880844 0.0319070890545845
v -0.024563370272517204 -0.03767979145050049 0.032027967274188995
v -0.02542901039123535 -0.03605926036834717 0.03343343734741211
v -0.024563370272517204 -0.03767979145050049 0.032027967274188995
v -0.022916970774531364 -0.0385742112994194 0.03221232071518898
v -0.024693189188838005 -0.03457510098814964 0.035801537334918976
v -0.02771723084151745 -0.03296357020735741 0.034981679171323776
v -0.02542901039123535 -0.03605926036834717 0.03343343734741211
v 0.03359531983733177 -0.028566589578986168 0.04847532883286476
v 0.027839599177241325 -0.029236609116196632 0.048859838396310806
v 0.03723394125699997 -0.03118330053985119 0.04503900930285454
v 0.027839599177241325 -0.029236609116196632 0.048859838396310806
v 0.029790280386805534 -0.021569009870290756 0.05607682839035988
v 0.02790302038192749 -0.02204650081694126 0.05614114925265312
v -0.025914540514349937 -0.030929740518331528 0.03842807933688164
v -0.030022500082850456 -0.02898227982223034 0.03669298067688942
v -0.02771723084151745 -0.03296357020735741 0.034981679171323776
v -0.022244509309530258 -0.010459479875862598 0.051015738397836685
v -0.02828270010650158 -0.00988858938217163 0.04688424989581108
v -0.027242060750722885 -0.012417069636285305 0.047090839594602585
v -0.022244509309530258 -0.010459479875862598 0.051015738397836685
v -0.022945819422602654 -0.008722960017621517 0.05084562674164772
v -0.02828270010650158 -0.00988858938217163 0.04688424989581108
v -0.022244509309530258 -0.010459479875862598 0.051015738397836685
v -0.02244943007826805 -0.009866118431091309 0.05097300931811333
v -0.022945819422602654 -0.008722960017621517 0.05084562674164772
v 0.03723394125699997 -0.03118330053985119 0.04503900930285454
v 0.04119807109236717 -0.03508627042174339 0.03937030956149101
v 0.04446649178862572 -0.034071680158376694 0.039763517677783966
v -0.040376659482717514 -0.00969779398292303 0.036508508026599884
v -0.040332671254873276 -0.006810009013861418 0.037151940166950226
v -0.04236114025115967 -0.006928861141204834 0.03481258079409599
v -0.04063618183135986 -0.01611948013305664 0.033861350268125534
v -0.04345870018005371 -0.012077920138835907 0.03183377906680107
v -0.04210186004638672 -0.016756530851125717 0.03149593994021416
v -0.04063618183135986 -0.01611948013305664 0.033861350268125534
v -0.04186588153243065 -0.012886700220406055 0.03370470926165581
v -0.04345870018005371 -0.012077920138835907 0.03183377906680107
v 0.03359531983733177 -0.028566589578986168 0.04847532883286476
v 0.03168271854519844 -0.021098969504237175 0.055981460958719254
v 0.029790280386805534 -0.021569009870290756 0.05607682839035988
v 0.03359531983733177 -0.028566589578986168 0.04847532883286476
v 0.029790280386805534 -0.021569009870290756 0.05607682839035988
v 0.027839599177241325 -0.029236609116196632 0.048859838396310806
v -0.03815972059965134 -0.006348729133605957 0.03942460939288139
v -0.0377311110496521 -0.0023944969289004803 0.040208879858255386
v -0.04028815031051636 -0.003894269000738859 0.03758407011628151
v 0.0443149209022522 -0.029066620394587517 0.04559928923845291
v 0.03723394125699997 -0.03118330053985119 0.04503900930285454
v 0.04446649178862572 -0.034071680158376694 0.039763517677783966
v 0.03819965943694115 -0.02775835059583187 0.04831160232424736
v 0.03359531983733177 -0.028566589578986168 0.04847532883286476
v 0.03723394125699997 -0.03118330053985119 0.04503900930285454
v -0.025713859125971794 -0.022348159924149513 0.044438429176807404
v -0.026920020580291748 -0.019998610019683838 0.044731270521879196
v -0.03042685054242611 -0.021493790671229362 0.041339337825775146
v -0.025713859125971794 -0.022348159924149513 0.044438429176807404
v -0.03042685054242611 -0.021493790671229362 0.041339337825775146
v -0.02848869003355503 -0.023720920085906982 0.0416494682431221
v 0.0443149209022522 -0.029066620394587517 0.04559928923845291
v 0.04446649178862572 -0.034071680158376694 0.039763517677783966
v 0.04745345935225487 -0.03303812816739082 0.040101710706949234
v -0.04210186004638672 -0.016756530851125717 0.03149593994021416
v -0.04274249076843262 -0.017467260360717773 0.03001713752746582
v -0.04192351922392845 -0.019226249307394028 0.030092719942331314
v -0.02485745958983898 -0.01688838005065918 0.047424089163541794
v -0.024795709177851677 -0.014465630054473877 0.04825204983353615
v -0.029707670211791992 -0.016075309365987778 0.04421442747116089
v -0.039608120918273926 -0.012276530265808105 0.03661729022860527
v -0.04243813827633858 -0.009563744068145752 0.03407479077577591
v -0.04186588153243065 -0.012886700220406055 0.03370470926165581
v -0.039608120918273926 -0.012276530265808105 0.03661729022860527
v -0.040376659482717514 -0.00969779398292303 0.036508508026599884
v -0.04243813827633858 -0.009563744068145752 0.03407479077577591
v 0.03359531983733177 -0.028566589578986168 0.04847532883286476
v 0.03359388932585716 -0.020604489371180534 0.05586761608719826
v 0.03168271854519844 -0.021098969504237175 0.055981460958719254
v -0.025914540514349937 -0.030929740518331528 0.03842807933688164
v -0.027189970016479492 -0.028858600184321404 0.039167650043964386
v -0.030022500082850456 -0.02898227982223034 0.03669298067688942
v 0.03819965943694115 -0.02775835059583187 0.04831160232424736
v 0.03723394125699997 -0.03118330053985119 0.04503900930285454
v 0.0443149209022522 -0.029066620394587517 0.04559928923845291
v -0.0216599702835083 -0.037669241428375244 0.03447520732879639
v -0.02542901039123535 -0.03605926036834717 0.03343343734741211
v -0.022916970774531364 -0.0385742112994194 0.03221232071518898
v 0.0443149209022522 -0.029066620394587517 0.04559928923845291
v 0.04745345935225487 -0.03303812816739082 0.040101710706949234
v 0.04985123127698898 -0.03210175037384033 0.04036498814821243
v -0.026920020580291748 -0.019998610019683838 0.044731270521879196
v -0.02485745958983898 -0.01688838005065918 0.047424089163541794
v -0.029044149443507195 -0.01826494000852108 0.04389268904924393
v -0.03508538007736206 -0.004464923869818449 0.04237985983490944
v -0.034711480140686035 -0.00016428400704171509 0.042879290878772736
v -0.0377311110496521 -0.0023944969289004803 0.040208879858255386
v -0.027189970016479492 -0.028858600184321404 0.039167650043964386
v -0.026945050805807114 -0.02595536969602108 0.04144448786973953
v -0.029148340225219727 -0.0273739006370306 0.03870398923754692
v 0.03819965943694115 -0.02775835059583187 0.04831160232424736
v 0.03359388932585716 -0.020604489371180534 0.05586761608719826
v 0.03359531983733177 -0.028566589578986168 0.04847532883286476
v 0.03819965943694115 -0.02775835059583187 0.04831160232424736
v 0.03561139106750488 -0.020049750804901123 0.055719319730997086
v 0.03359388932585716 -0.020604489371180534 0.05586761608719826
v 0.04814291000366211 -0.027569109573960304 0.04589373990893364
v 0.0443149209022522 -0.029066620394587517 0.04559928923845291
v 0.04985123127698898 -0.03210175037384033 0.04036498814821243
v -0.03997331112623215 -0.019758880138397217 0.032651130110025406
v -0.04210186004638672 -0.016756530851125717 0.03149593994021416
v -0.04192351922392845 -0.019226249307394028 0.030092719942331314
v -0.03997331112623215 -0.019758880138397217 0.032651130110025406
v -0.04192351922392845 -0.019226249307394028 0.030092719942331314
v -0.04135429114103317 -0.020336980000138283 0.030169427394866943
v 0.043775320053100586 -0.02642666921019554 0.048208121210336685
v 0.03819965943694115 -0.02775835059583187 0.04831160232424736
v 0.0443149209022522 -0.029066620394587517 0.04559928923845291
v -0.03717653825879097 -0.008646070025861263 0.03996986895799637
v -0.03815972059965134 -0.006348729133605957 0.03942460939288139
v -0.040332671254873276 -0.006810009013861418 0.037151940166950226
v -0.03717653825879097 -0.008646070025861263 0.03996986895799637
v -0.040332671254873276 -0.006810009013861418 0.037151940166950226
v -0.040376659482717514 -0.00969779398292303 0.036508508026599884
v 0.04814291000366211 -0.027569109573960304 0.04589373990893364
v 0.04985123127698898 -0.03210175037384033 0.04036498814821243
v 0.05227530002593994 -0.030994290485978127 0.04065364971756935
v -0.0216599702835083 -0.037669241428375244 0.03447520732879639
v -0.022916970774531364 -0.0385742112994194 0.03221232071518898
v -0.02117769978940487 -0.039411600679159164 0.032405149191617966
v -0.03508538007736206 -0.004464923869818449 0.04237985983490944
v -0.0377311110496521 -0.0023944969289004803 0.040208879858255386
v -0.03815972059965134 -0.006348729133605957 0.03942460939288139
v 0.04016720876097679 -0.02446942962706089 0.05083120986819267
v 0.03762573003768921 -0.019462820142507553 0.055557262152433395
v 0.03561139106750488 -0.020049750804901123 0.055719319730997086
v 0.04016720876097679 -0.02446942962706089 0.05083120986819267
v 0.03561139106750488 -0.020049750804901123 0.055719319730997086
v 0.03819965943694115 -0.02775835059583187 0.04831160232424736
v -0.021294889971613884 -0.01216685026884079 0.05126703158020973
v -0.021579140797257423 -0.011632380075752735 0.05119514837861061
v -0.022244509309530258 -0.010459479875862598 0.051015738397836685
v -0.021294889971613884 -0.01216685026884079 0.05126703158020973
v -0.027242060750722885 -0.012417069636285305 0.047090839594602585
v -0.024795709177851677 -0.014465630054473877 0.04825204983353615
v -0.021294889971613884 -0.01216685026884079 0.05126703158020973
v -0.022244509309530258 -0.010459479875862598 0.051015738397836685
v -0.027242060750722885 -0.012417069636285305 0.047090839594602585
v 0.05048263072967529 -0.026468809694051743 0.046045608818531036
v 0.04814291000366211 -0.027569109573960304 0.04589373990893364
v 0.05227530002593994 -0.030994290485978127 0.04065364971756935
v 0.05048263072967529 -0.026468809694051743 0.046045608818531036
v 0.05227530002593994 -0.030994290485978127 0.04065364971756935
v 0.05384479835629463 -0.030170200392603874 0.04083557054400444
v -0.023194249719381332 -0.024634359404444695 0.04489082843065262
v -0.025713859125971794 -0.022348159924149513 0.044438429176807404
v -0.02848869003355503 -0.023720920085906982 0.0416494682431221
v -0.023194249719381332 -0.024634359404444695 0.04489082843065262
v -0.02848869003355503 -0.023720920085906982 0.0416494682431221
v -0.026945050805807114 -0.02595536969602108 0.04144448786973953
v -0.03997331112623215 -0.019758880138397217 0.032651130110025406
v -0.04135429114103317 -0.020336980000138283 0.030169427394866943
v -0.04078567028045654 -0.021378209814429283 0.030229579657316208
v -0.038415130227804184 -0.0153652997687459 0.03678340092301369
v -0.039608120918273926 -0.012276530265808105 0.03661729022860527
v -0.04186588153243065 -0.012886700220406055 0.03370470926165581
v -0.023243719711899757 -0.03271687030792236 0.03876286745071411
v -0.025914540514349937 -0.030929740518331528 0.03842807933688164
v -0.02771723084151745 -0.03296357020735741 0.034981679171323776
v -0.023243719711899757 -0.03271687030792236 0.03876286745071411
v -0.02771723084151745 -0.03296357020735741 0.034981679171323776
v -0.024693189188838005 -0.03457510098814964 0.035801537334918976
v -0.038415130227804184 -0.0153652997687459 0.03678340092301369
v -0.04186588153243065 -0.012886700220406055 0.03370470926165581
v -0.04063618183135986 -0.01611948013305664 0.033861350268125534
v 0.043775320053100586 -0.02642666921019554 0.048208121210336685
v 0.0443149209022522 -0.029066620394587517 0.04559928923845291
v 0.04814291000366211 -0.027569109573960304 0.04589373990893364
v -0.024905920028686523 -0.027034280821681023 0.0421830490231514
v -0.026945050805807114 -0.02595536969602108 0.04144448786973953
v -0.027189970016479492 -0.028858600184321404 0.039167650043964386
v -0.02240251936018467 -0.018079930916428566 0.04862738028168678
v -0.02485745958983898 -0.01688838005065918 0.047424089163541794
v -0.026920020580291748 -0.019998610019683838 0.044731270521879196
v 0.04559522122144699 -0.025123000144958496 0.0488058365881443
v 0.043775320053100586 -0.02642666921019554 0.048208121210336685
v 0.04814291000366211 -0.027569109573960304 0.04589373990893364
v 0.04016720876097679 -0.02446942962706089 0.05083120986819267
v 0.03888005018234253 -0.01907891035079956 0.05544096603989601
v 0.03762573003768921 -0.019462820142507553 0.055557262152433395
v -0.0216599702835083 -0.037669241428375244 0.03447520732879639
v -0.024693189188838005 -0.03457510098814964 0.035801537334918976
v -0.02542901039123535 -0.03605926036834717 0.03343343734741211
v 0.04016720876097679 -0.02446942962706089 0.05083120986819267
v 0.03819965943694115 -0.02775835059583187 0.04831160232424736
v 0.043775320053100586 -0.02642666921019554 0.048208121210336685
v -0.0216599702835083 -0.037669241428375244 0.03447520732879639
v -0.02117769978940487 -0.039411600679159164 0.032405149191617966
v -0.019853169098496437 -0.040000081062316895 0.03249407932162285
v -0.01970594935119152 -0.01460552029311657 0.05165756121277809
v -0.024795709177851677 -0.014465630054473877 0.04825204983353615
v -0.02485745958983898 -0.01688838005065918 0.047424089163541794
v -0.03997331112623215 -0.019758880138397217 0.032651130110025406
v -0.04063618183135986 -0.01611948013305664 0.033861350268125534
v -0.04210186004638672 -0.016756530851125717 0.03149593994021416
v 0.05288887023925781 -0.024936020374298096 0.046270739287137985
v 0.05384479835629463 -0.030170200392603874 0.04083557054400444
v 0.055180251598358154 -0.02938288077712059 0.0409662202000618
v 0.05288887023925781 -0.024936020374298096 0.046270739287137985
v 0.05048263072967529 -0.026468809694051743 0.046045608818531036
v 0.05384479835629463 -0.030170200392603874 0.04083557054400444
v -0.020830389112234116 -0.012952079996466637 0.051375631242990494
v -0.021294889971613884 -0.01216685026884079 0.05126703158020973
v -0.024795709177851677 -0.014465630054473877 0.04825204983353615
v -0.03877323120832443 -0.022389469668269157 0.032371290028095245
v -0.04019010066986084 -0.02240585908293724 0.030289359390735626
v -0.039592381566762924 -0.023366089910268784 0.03036648780107498
v -0.03877323120832443 -0.022389469668269157 0.032371290028095245
v -0.03997331112623215 -0.019758880138397217 0.032651130110025406
v -0.04078567028045654 -0.021378209814429283 0.030229579657316208
v -0.03877323120832443 -0.022389469668269157 0.032371290028095245
v -0.04078567028045654 -0.021378209814429283 0.030229579657316208
v -0.04019010066986084 -0.02240585908293724 0.030289359390735626
v -0.03637683019042015 -0.011488080024719238 0.0400620773434639
v -0.040376659482717514 -0.00969779398292303 0.036508508026599884
v -0.039608120918273926 -0.012276530265808105 0.03661729022860527
v 0.04016720876097679 -0.02446942962706089 0.05083120986819267
v 0.03988587111234665 -0.018742019310593605 0.05534124746918678
v 0.03888005018234253 -0.01907891035079956 0.05544096603989601
v -0.03637683019042015 -0.011488080024719238 0.0400620773434639
v -0.03717653825879097 -0.008646070025861263 0.03996986895799637
v -0.040376659482717514 -0.00969779398292303 0.036508508026599884
v -0.03717653825879097 -0.008646070025861263 0.03996986895799637
v -0.03508538007736206 -0.004464923869818449 0.04237985983490944
v -0.03815972059965134 -0.006348729133605957 0.03942460939288139
v -0.023344749584794044 -0.028829749673604965 0.04196197912096977
v -0.027189970016479492 -0.028858600184321404 0.039167650043964386
v -0.025914540514349937 -0.030929740518331528 0.03842807933688164
v 0.05288887023925781 -0.024936020374298096 0.046270739287137985
v 0.055180251598358154 -0.02938288077712059 0.0409662202000618
v 0.05648760870099068 -0.02848649024963379 0.04113126918673515
v 0.04854714125394821 -0.02441656030714512 0.04838377609848976
v 0.04559522122144699 -0.025123000144958496 0.0488058365881443
v 0.04814291000366211 -0.027569109573960304 0.04589373990893364
v -0.0209619402885437 -0.03612864017486572 0.036805640906095505
v -0.024693189188838005 -0.03457510098814964 0.035801537334918976
v -0.0216599702835083 -0.037669241428375244 0.03447520732879639
v 0.04854714125394821 -0.02441656030714512 0.04838377609848976
v 0.04814291000366211 -0.027569109573960304 0.04589373990893364
v 0.05048263072967529 -0.026468809694051743 0.046045608818531036
v -0.018621860072016716 -0.03920966014266014 0.034478139132261276
v -0.019853169098496437 -0.040000081062316895 0.03249407932162285
v -0.01836526021361351 -0.040583670139312744 0.03268587961792946
v -0.018621860072016716 -0.03920966014266014 0.034478139132261276
v -0.0216599702835083 -0.037669241428375244 0.03447520732879639
v -0.019853169098496437 -0.040000081062316895 0.03249407932162285
v -0.02148658037185669 -0.02043681964278221 0.04820806160569191
v -0.026920020580291748 -0.019998610019683838 0.044731270521879196
v -0.025713859125971794 -0.022348159924149513 0.044438429176807404
v -0.029725370928645134 -0.004322052001953125 0.04656602069735527
v -0.02996324934065342 -0.00010592099715722725 0.046553678810596466
v -0.034711480140686035 -0.00016428400704171509 0.042879290878772736
v -0.029725370928645134 -0.004322052001953125 0.04656602069735527
v -0.034711480140686035 -0.00016428400704171509 0.042879290878772736
v -0.03508538007736206 -0.004464923869818449 0.04237985983490944
v 0.04559522122144699 -0.025123000144958496 0.0488058365881443
v 0.04076308012008667 -0.018415210768580437 0.055249277502298355
v 0.03988587111234665 -0.018742019310593605 0.05534124746918678
v 0.04559522122144699 -0.025123000144958496 0.0488058365881443
v 0.04016720876097679 -0.02446942962706089 0.05083120986819267
v 0.043775320053100586 -0.02642666921019554 0.048208121210336685
v -0.024795709177851677 -0.014465630054473877 0.04825204983353615
v -0.020163049921393394 -0.013966199941933155 0.05153727903962135
v -0.020830389112234116 -0.012952079996466637 0.051375631242990494
v 0.04559522122144699 -0.025123000144958496 0.0488058365881443
v 0.03988587111234665 -0.018742019310593605 0.05534124746918678
v 0.04016720876097679 -0.02446942962706089 0.05083120986819267
v 0.05288887023925781 -0.024936020374298096 0.046270739287137985
v 0.05648760870099068 -0.02848649024963379 0.04113126918673515
v 0.05857139080762863 -0.026671050116419792 0.04137933999300003
v -0.033874209970235825 -0.00630152178928256 0.043171949684619904
v -0.03508538007736206 -0.004464923869818449 0.04237985983490944
v -0.03717653825879097 -0.008646070025861263 0.03996986895799637
v -0.018621860072016716 -0.03920966014266014 0.034478139132261276
v -0.01836526021361351 -0.040583670139312744 0.03268587961792946
v -0.017394719645380974 -0.04092574119567871 0.03281331807374954
v -0.023344749584794044 -0.028829749673604965 0.04196197912096977
v -0.024905920028686523 -0.027034280821681023 0.0421830490231514
v -0.027189970016479492 -0.028858600184321404 0.039167650043964386
v -0.03759406879544258 -0.018661370500922203 0.03613651916384697
v -0.04063618183135986 -0.01611948013305664 0.033861350268125534
v -0.03997331112623215 -0.019758880138397217 0.032651130110025406
v 0.04559522122144699 -0.025123000144958496 0.0488058365881443
v 0.041501760482788086 -0.0181122999638319 0.05516636744141579
v 0.04076308012008667 -0.018415210768580437 0.055249277502298355
v -0.03711158037185669 -0.02503490075469017 0.032406870275735855
v -0.03891443833708763 -0.024413999170064926 0.030414950102567673
v -0.03826040029525757 -0.025347469374537468 0.030497979372739792
v -0.03711158037185669 -0.02503490075469017 0.032406870275735855
v -0.039592381566762924 -0.023366089910268784 0.03036648780107498
v -0.03891443833708763 -0.024413999170064926 0.030414950102567673
v -0.03711158037185669 -0.02503490075469017 0.032406870275735855
v -0.03877323120832443 -0.022389469668269157 0.032371290028095245
v -0.039592381566762924 -0.023366089910268784 0.03036648780107498
v -0.03759406879544258 -0.018661370500922203 0.03613651916384697
v -0.038415130227804184 -0.0153652997687459 0.03678340092301369
v -0.04063618183135986 -0.01611948013305664 0.033861350268125534
v 0.05481963977217674 -0.023197880014777184 0.04645444080233574
v 0.05288887023925781 -0.024936020374298096 0.046270739287137985
v 0.05857139080762863 -0.026671050116419792 0.04137933999300003
v 0.04854714125394821 -0.02441656030714512 0.04838377609848976
v 0.05048263072967529 -0.026468809694051743 0.046045608818531036
v 0.05288887023925781 -0.024936020374298096 0.046270739287137985
v -0.033208008855581284 -0.009778319858014584 0.043163370341062546
v -0.033874209970235825 -0.00630152178928256 0.043171949684619904
v -0.03717653825879097 -0.008646070025861263 0.03996986895799637
v -0.023194249719381332 -0.024634359404444695 0.04489082843065262
v -0.026945050805807114 -0.02595536969602108 0.04144448786973953
v -0.024905920028686523 -0.027034280821681023 0.0421830490231514
v -0.01970594935119152 -0.01460552029311657 0.05165756121277809
v -0.020163049921393394 -0.013966199941933155 0.05153727903962135
v -0.024795709177851677 -0.014465630054473877 0.04825204983353615
v 0.05079786852002144 -0.022970790043473244 0.048516761511564255
v 0.04854714125394821 -0.02441656030714512 0.04838377609848976
v 0.05288887023925781 -0.024936020374298096 0.046270739287137985
v -0.019915640354156494 -0.03451794013381004 0.03919100761413574
v -0.023243719711899757 -0.03271687030792236 0.03876286745071411
v -0.024693189188838005 -0.03457510098814964 0.035801537334918976
v -0.019915640354156494 -0.03451794013381004 0.03919100761413574
v -0.024693189188838005 -0.03457510098814964 0.035801537334918976
v -0.0209619402885437 -0.03612864017486572 0.036805640906095505
v -0.03711158037185669 -0.02503490075469017 0.032406870275735855
v -0.03826040029525757 -0.025347469374537468 0.030497979372739792
v -0.03758202865719795 -0.02627331018447876 0.030565448105335236
v -0.035276830196380615 -0.014420390129089355 0.04019201919436455
v -0.039608120918273926 -0.012276530265808105 0.03661729022860527
v -0.038415130227804184 -0.0153652997687459 0.03678340092301369
v -0.035276830196380615 -0.014420390129089355 0.04019201919436455
v -0.03637683019042015 -0.011488080024719238 0.0400620773434639
v -0.039608120918273926 -0.012276530265808105 0.03661729022860527
v 0.05481963977217674 -0.023197880014777184 0.04645444080233574
v 0.05857139080762863 -0.026671050116419792 0.04137933999300003
v 0.05973070114850998 -0.02533555030822754 0.04148489981889725
v -0.037275850772857666 -0.021664319559931755 0.034725140780210495
v -0.03997331112623215 -0.019758880138397217 0.032651130110025406
v -0.03877323120832443 -0.022389469668269157 0.032371290028095245
v -0.021421249955892563 -0.030975280329585075 0.041490089148283005
v -0.023344749584794044 -0.028829749673604965 0.04196197912096977
v -0.025914540514349937 -0.030929740518331528 0.03842807933688164
v 0.04517548903822899 -0.02288419008255005 0.05064070597290993
v 0.04232053831219673 -0.017803430557250977 0.055048588663339615
v 0.041501760482788086 -0.0181122999638319 0.05516636744141579
v -0.021421249955892563 -0.030975280329585075 0.041490089148283005
v -0.025914540514349937 -0.030929740518331528 0.03842807933688164
v -0.023243719711899757 -0.03271687030792236 0.03876286745071411
v -0.02148658037185669 -0.02043681964278221 0.04820806160569191
v -0.02240251936018467 -0.018079930916428566 0.04862738028168678
v -0.026920020580291748 -0.019998610019683838 0.044731270521879196
v 0.04517548903822899 -0.02288419008255005 0.05064070597290993
v 0.041501760482788086 -0.0181122999638319 0.05516636744141579
v 0.04559522122144699 -0.025123000144958496 0.0488058365881443
v -0.019676020368933678 -0.022059500217437744 0.04853362962603569
v -0.025713859125971794 -0.022348159924149513 0.044438429176807404
v -0.023194249719381332 -0.024634359404444695 0.04489082843065262
v -0.019676020368933678 -0.022059500217437744 0.04853362962603569
v -0.02148658037185669 -0.02043681964278221 0.04820806160569191
v -0.025713859125971794 -0.022348159924149513 0.044438429176807404
v -0.029725370928645134 -0.004322052001953125 0.04656602069735527
v -0.03508538007736206 -0.004464923869818449 0.04237985983490944
v -0.033874209970235825 -0.00630152178928256 0.043171949684619904
v -0.03637683019042015 -0.011488080024719238 0.0400620773434639
v -0.033208008855581284 -0.009778319858014584 0.043163370341062546
v -0.03717653825879097 -0.008646070025861263 0.03996986895799637
v -0.01970594935119152 -0.01460552029311657 0.05165756121277809
v -0.02485745958983898 -0.01688838005065918 0.047424089163541794
v -0.02240251936018467 -0.018079930916428566 0.04862738028168678
v -0.037275850772857666 -0.021664319559931755 0.034725140780210495
v -0.03759406879544258 -0.018661370500922203 0.03613651916384697
v -0.03997331112623215 -0.019758880138397217 0.032651130110025406
v -0.01755863055586815 -0.03702044114470482 0.03778094798326492
v -0.0216599702835083 -0.037669241428375244 0.03447520732879639
v -0.018621860072016716 -0.03920966014266014 0.034478139132261276
v -0.01755863055586815 -0.03702044114470482 0.03778094798326492
v -0.0209619402885437 -0.03612864017486572 0.036805640906095505
v -0.0216599702835083 -0.037669241428375244 0.03447520732879639
v 0.05628364905714989 -0.021258950233459473 0.04655415937304497
v 0.05481963977217674 -0.023197880014777184 0.04645444080233574
v 0.05973070114850998 -0.02533555030822754 0.04148489981889725
v 0.04655629023909569 -0.02219885028898716 0.050654176622629166
v 0.04232053831219673 -0.017803430557250977 0.055048588663339615
v 0.04517548903822899 -0.02288419008255005 0.05064070597290993
v 0.04655629023909569 -0.02219885028898716 0.050654176622629166
v 0.04559522122144699 -0.025123000144958496 0.0488058365881443
v 0.04854714125394821 -0.02441656030714512 0.04838377609848976
v 0.04655629023909569 -0.02219885028898716 0.050654176622629166
v 0.04517548903822899 -0.02288419008255005 0.05064070597290993
v 0.04559522122144699 -0.025123000144958496 0.0488058365881443
v -0.03711158037185669 -0.02503490075469017 0.032406870275735855
v -0.03758202865719795 -0.02627331018447876 0.030565448105335236
v -0.036846280097961426 -0.02721470035612583 0.03064442053437233
v 0.04655629023909569 -0.02219885028898716 0.050654176622629166
v 0.042975958436727524 -0.01732265017926693 0.05500281974673271
v 0.04232053831219673 -0.017803430557250977 0.055048588663339615
v 0.05628364905714989 -0.021258950233459473 0.04655415937304497
v 0.05973070114850998 -0.02533555030822754 0.04148489981889725
v 0.06043398007750511 -0.024280190467834473 0.041570067405700684
v -0.03550022095441818 -0.02078508958220482 0.03717977926135063
v -0.03759406879544258 -0.018661370500922203 0.03613651916384697
v -0.037275850772857666 -0.021664319559931755 0.034725140780210495
v -0.020310640335083008 -0.026768919080495834 0.04531878978013992
v -0.024905920028686523 -0.027034280821681023 0.0421830490231514
v -0.023344749584794044 -0.028829749673604965 0.04196197912096977
v -0.020310640335083008 -0.026768919080495834 0.04531878978013992
v -0.023194249719381332 -0.024634359404444695 0.04489082843065262
v -0.024905920028686523 -0.027034280821681023 0.0421830490231514
v -0.018546579405665398 -0.016036570072174072 0.05192078277468681
v -0.01970594935119152 -0.01460552029311657 0.05165756121277809
v -0.02240251936018467 -0.018079930916428566 0.04862738028168678
v -0.018546579405665398 -0.016036570072174072 0.05192078277468681
v -0.018997490406036377 -0.015478730201721191 0.05181962624192238
v -0.01970594935119152 -0.01460552029311657 0.05165756121277809
v -0.03553164005279541 -0.017802000045776367 0.03863042965531349
v -0.038415130227804184 -0.0153652997687459 0.03678340092301369
v -0.03759406879544258 -0.018661370500922203 0.03613651916384697
v -0.019276440143585205 -0.029196500778198242 0.04418696090579033
v -0.023344749584794044 -0.028829749673604965 0.04196197912096977
v -0.021421249955892563 -0.030975280329585075 0.041490089148283005
v 0.05628364905714989 -0.021258950233459473 0.04655415937304497
v 0.06043398007750511 -0.024280190467834473 0.041570067405700684
v 0.060842689126729965 -0.023577330633997917 0.04160303995013237
v -0.0357661210000515 -0.024340510368347168 0.03457606956362724
v -0.03877323120832443 -0.022389469668269157 0.032371290028095245
v -0.03711158037185669 -0.02503490075469017 0.032406870275735855
v -0.0357661210000515 -0.024340510368347168 0.03457606956362724
v -0.037275850772857666 -0.021664319559931755 0.034725140780210495
v -0.03877323120832443 -0.022389469668269157 0.032371290028095245
v -0.02148658037185669 -0.02043681964278221 0.04820806160569191
v -0.017009669914841652 -0.017675340175628662 0.05226178094744682
v -0.02240251936018467 -0.018079930916428566 0.04862738028168678
v 0.04655629023909569 -0.02219885028898716 0.050654176622629166
v 0.044137291610240936 -0.016509950160980225 0.05485690012574196
v 0.042975958436727524 -0.01732265017926693 0.05500281974673271
v -0.029133260250091553 -0.007371782790869474 0.04667777940630913
v -0.029725370928645134 -0.004322052001953125 0.04656602069735527
v -0.033874209970235825 -0.00630152178928256 0.043171949684619904
v -0.034495409578084946 -0.027558859437704086 0.03336317092180252
v -0.03711158037185669 -0.02503490075469017 0.032406870275735855
v -0.036846280097961426 -0.02721470035612583 0.03064442053437233
v -0.034495409578084946 -0.027558859437704086 0.03336317092180252
v -0.036846280097961426 -0.02721470035612583 0.03064442053437233
v -0.03576105087995529 -0.028525229543447495 0.03075582906603813
v -0.01755863055586815 -0.03702044114470482 0.03778094798326492
v -0.019915640354156494 -0.03451794013381004 0.03919100761413574
v -0.0209619402885437 -0.03612864017486572 0.036805640906095505
v -0.018546579405665398 -0.016036570072174072 0.05192078277468681
v -0.02240251936018467 -0.018079930916428566 0.04862738028168678
v -0.017009669914841652 -0.017675340175628662 0.05226178094744682
v 0.05628364905714989 -0.021258950233459473 0.04655415937304497
v 0.060842689126729965 -0.023577330633997917 0.04160303995013237
v 0.06157689914107323 -0.02193569950759411 0.04168397933244705
v 0.05263261869549751 -0.021311810240149498 0.048624876886606216
v 0.05079786852002144 -0.022970790043473244 0.048516761511564255
v 0.05288887023925781 -0.024936020374298096 0.046270739287137985
v 0.05263261869549751 -0.021311810240149498 0.048624876886606216
v 0.05288887023925781 -0.024936020374298096 0.046270739287137985
v 0.05481963977217674 -0.023197880014777184 0.04645444080233574
v -0.01826946996152401 -0.032630980014801025 0.0419004000723362
v -0.023243719711899757 -0.03271687030792236 0.03876286745071411
v -0.019915640354156494 -0.03451794013381004 0.03919100761413574
v -0.01826946996152401 -0.032630980014801025 0.0419004000723362
v -0.021421249955892563 -0.030975280329585075 0.041490089148283005
v -0.023243719711899757 -0.03271687030792236 0.03876286745071411
v -0.03553164005279541 -0.017802000045776367 0.03863042965531349
v -0.035276830196380615 -0.014420390129089355 0.04019201919436455
v -0.038415130227804184 -0.0153652997687459 0.03678340092301369
v 0.04791754111647606 -0.02127707004547119 0.050698112696409225
v 0.04854714125394821 -0.02441656030714512 0.04838377609848976
v 0.05079786852002144 -0.022970790043473244 0.048516761511564255
v 0.04791754111647606 -0.02127707004547119 0.050698112696409225
v 0.04655629023909569 -0.02219885028898716 0.050654176622629166
v 0.04854714125394821 -0.02441656030714512 0.04838377609848976
v 0.04791754111647606 -0.02127707004547119 0.050698112696409225
v 0.044137291610240936 -0.016509950160980225 0.05485690012574196
v 0.04655629023909569 -0.02219885028898716 0.050654176622629166
v -0.018022770062088966 -0.023334980010986328 0.048806849867105484
v -0.019676020368933678 -0.022059500217437744 0.04853362962603569
v -0.023194249719381332 -0.024634359404444695 0.04489082843065262
v 0.057279158383607864 -0.019050300121307373 0.046606190502643585
v 0.05628364905714989 -0.021258950233459473 0.04655415937304497
v 0.06157689914107323 -0.02193569950759411 0.04168397933244705
v -0.017009669914841652 -0.017675340175628662 0.05226178094744682
v -0.017759380862116814 -0.016860900446772575 0.05209792032837868
v -0.018546579405665398 -0.016036570072174072 0.05192078277468681
v -0.029133260250091553 -0.007371782790869474 0.04667777940630913
v -0.033874209970235825 -0.00630152178928256 0.043171949684619904
v -0.033208008855581284 -0.009778319858014584 0.043163370341062546
v -0.024467220529913902 -0.0015940070152282715 0.05042858049273491
v -0.02453874982893467 -0.0006097729783505201 0.05041730776429176
v -0.02996324934065342 -0.00010592099715722725 0.046553678810596466
v -0.019276440143585205 -0.029196500778198242 0.04418696090579033
v -0.020310640335083008 -0.026768919080495834 0.04531878978013992
v -0.023344749584794044 -0.028829749673604965 0.04196197912096977
v -0.034272488206624985 -0.023504549637436867 0.03674817830324173
v -0.037275850772857666 -0.021664319559931755 0.034725140780210495
v -0.0357661210000515 -0.024340510368347168 0.03457606956362724
v -0.034272488206624985 -0.023504549637436867 0.03674817830324173
v -0.03550022095441818 -0.02078508958220482 0.03717977926135063
v -0.037275850772857666 -0.021664319559931755 0.034725140780210495
v -0.015865739434957504 -0.034595128148794174 0.04120362922549248
v -0.019915640354156494 -0.03451794013381004 0.03919100761413574
v -0.01755863055586815 -0.03702044114470482 0.03778094798326492
v -0.03173929080367088 -0.013608030043542385 0.04340459033846855
v -0.03637683019042015 -0.011488080024719238 0.0400620773434639
v -0.035276830196380615 -0.014420390129089355 0.04019201919436455
v -0.03173929080367088 -0.013608030043542385 0.04340459033846855
v -0.033208008855581284 -0.009778319858014584 0.043163370341062546
v -0.03637683019042015 -0.011488080024719238 0.0400620773434639
v 0.04883939027786255 -0.02071928046643734 0.05065077915787697
v 0.04791754111647606 -0.02127707004547119 0.050698112696409225
v 0.05079786852002144 -0.022970790043473244 0.048516761511564255
v -0.03550022095441818 -0.02078508958220482 0.03717977926135063
v -0.03553164005279541 -0.017802000045776367 0.03863042965531349
v -0.03759406879544258 -0.018661370500922203 0.03613651916384697
v 0.04883939027786255 -0.02071928046643734 0.05065077915787697
v 0.044666290283203125 -0.016030369326472282 0.05478304997086525
v 0.044137291610240936 -0.016509950160980225 0.05485690012574196
v 0.04883939027786255 -0.02071928046643734 0.05065077915787697
v 0.044137291610240936 -0.016509950160980225 0.05485690012574196
v 0.04791754111647606 -0.02127707004547119 0.050698112696409225
v -0.033314161002635956 -0.017099490389227867 0.04092920944094658
v -0.035276830196380615 -0.014420390129089355 0.04019201919436455
v -0.03553164005279541 -0.017802000045776367 0.03863042965531349
v 0.05402714014053345 -0.019480880349874496 0.04867136850953102
v 0.05263261869549751 -0.021311810240149498 0.048624876886606216
v 0.05481963977217674 -0.023197880014777184 0.04645444080233574
v 0.04883939027786255 -0.02071928046643734 0.05065077915787697
v 0.04506450146436691 -0.01561439037322998 0.054713908582925797
v 0.044666290283203125 -0.016030369326472282 0.05478304997086525
v 0.057279158383607864 -0.019050300121307373 0.046606190502643585
v 0.06157689914107323 -0.02193569950759411 0.04168397933244705
v 0.0620577298104763 -0.020354390144348145 0.04174168035387993
v -0.016335120424628258 -0.03074805997312069 0.044515907764434814
v -0.021421249955892563 -0.030975280329585075 0.041490089148283005
v -0.01826946996152401 -0.032630980014801025 0.0419004000723362
v -0.016335120424628258 -0.03074805997312069 0.044515907764434814
v -0.019276440143585205 -0.029196500778198242 0.04418696090579033
v -0.021421249955892563 -0.030975280329585075 0.041490089148283005
v -0.034495409578084946 -0.027558859437704086 0.03336317092180252
v -0.0357661210000515 -0.024340510368347168 0.03457606956362724
v -0.03711158037185669 -0.02503490075469017 0.032406870275735855
v 0.05402714014053345 -0.019480880349874496 0.04867136850953102
v 0.05481963977217674 -0.023197880014777184 0.04645444080233574
v 0.05628364905714989 -0.021258950233459473 0.04655415937304497
v -0.032332420349121094 -0.02986598014831543 0.03358585014939308
v -0.034495409578084946 -0.027558859437704086 0.03336317092180252
v -0.03576105087995529 -0.028525229543447495 0.03075582906603813
v -0.016198450699448586 -0.024562180042266846 0.04908037558197975
v -0.023194249719381332 -0.024634359404444695 0.04489082843065262
v -0.020310640335083008 -0.026768919080495834 0.04531878978013992
v -0.032332420349121094 -0.02986598014831543 0.03358585014939308
v -0.03576105087995529 -0.028525229543447495 0.03075582906603813
v -0.03446519002318382 -0.029928380623459816 0.030927248299121857
v -0.016198450699448586 -0.024562180042266846 0.04908037558197975
v -0.018022770062088966 -0.023334980010986328 0.048806849867105484
v -0.023194249719381332 -0.024634359404444695 0.04489082843065262
v 0.04883939027786255 -0.02071928046643734 0.05065077915787697
v 0.045426130294799805 -0.015208720229566097 0.05466331169009209
v 0.04506450146436691 -0.01561439037322998 0.054713908582925797
v -0.016334349289536476 -0.018266260623931885 0.052403222769498825
v -0.017009669914841652 -0.017675340175628662 0.05226178094744682
v -0.02148658037185669 -0.02043681964278221 0.04820806160569191
v -0.024381810799241066 -0.0026491880416870117 0.05045372620224953
v -0.02996324934065342 -0.00010592099715722725 0.046553678810596466
v -0.029725370928645134 -0.004322052001953125 0.04656602069735527
v -0.024381810799241066 -0.0026491880416870117 0.05045372620224953
v -0.024467220529913902 -0.0015940070152282715 0.05042858049273491
v -0.02996324934065342 -0.00010592099715722725 0.046553678810596466
v -0.015865739434957504 -0.034595128148794174 0.04120362922549248
v -0.01826946996152401 -0.032630980014801025 0.0419004000723362
v -0.019915640354156494 -0.03451794013381004 0.03919100761413574
v 0.05792135000228882 -0.01641184091567993 0.04662168771028519
v 0.0620577298104763 -0.020354390144348145 0.04174168035387993
v 0.062377870082855225 -0.018970420584082603 0.041768379509449005
v -0.03235822170972824 -0.01951109990477562 0.04072267934679985
v -0.03553164005279541 -0.017802000045776367 0.03863042965531349
v -0.03550022095441818 -0.02078508958220482 0.03717977926135063
v -0.01523900032043457 -0.02659272961318493 0.04822045937180519
v -0.020310640335083008 -0.026768919080495834 0.04531878978013992
v -0.019276440143585205 -0.029196500778198242 0.04418696090579033
v -0.033314161002635956 -0.017099490389227867 0.04092920944094658
v -0.03553164005279541 -0.017802000045776367 0.03863042965531349
v -0.03235822170972824 -0.01951109990477562 0.04072267934679985
v 0.05792135000228882 -0.01641184091567993 0.04662168771028519
v 0.057279158383607864 -0.019050300121307373 0.046606190502643585
v 0.0620577298104763 -0.020354390144348145 0.04174168035387993
v -0.019676020368933678 -0.022059500217437744 0.04853362962603569
v -0.014836600050330162 -0.01946401037275791 0.05271149054169655
v -0.015579810366034508 -0.018911179155111313 0.052560869604349136
v -0.015579810366034508 -0.018911179155111313 0.052560869604349136
v -0.02148658037185669 -0.02043681964278221 0.04820806160569191
v -0.019676020368933678 -0.022059500217437744 0.04853362962603569
v -0.015579810366034508 -0.018911179155111313 0.052560869604349136
v -0.016334349289536476 -0.018266260623931885 0.052403222769498825
v -0.02148658037185669 -0.02043681964278221 0.04820806160569191
v 0.05035477131605148 -0.019227920100092888 0.0507010854780674
v 0.04590553045272827 -0.01473522000014782 0.05459964647889137
v 0.045426130294799805 -0.015208720229566097 0.05466331169009209
v 0.05035477131605148 -0.019227920100092888 0.0507010854780674
v 0.05079786852002144 -0.022970790043473244 0.048516761511564255
v 0.05263261869549751 -0.021311810240149498 0.048624876886606216
v 0.05035477131605148 -0.019227920100092888 0.0507010854780674
v 0.045426130294799805 -0.015208720229566097 0.05466331169009209
v 0.04883939027786255 -0.02071928046643734 0.05065077915787697
v 0.05035477131605148 -0.019227920100092888 0.0507010854780674
v 0.04883939027786255 -0.02071928046643734 0.05065077915787697
v 0.05079786852002144 -0.022970790043473244 0.048516761511564255
v -0.032332420349121094 -0.02986598014831543 0.03358585014939308
v -0.03446519002318382 -0.029928380623459816 0.030927248299121857
v -0.03347694128751755 -0.03094523958861828 0.031011469662189484
v -0.02828270010650158 -0.00988858938217163 0.04688424989581108
v -0.029133260250091553 -0.007371782790869474 0.04667777940630913
v -0.033208008855581284 -0.009778319858014584 0.043163370341062546
v -0.024267669767141342 -0.003644644981250167 0.05048823729157448
v -0.024381810799241066 -0.0026491880416870117 0.05045372620224953
v -0.029725370928645134 -0.004322052001953125 0.04656602069735527
v -0.01523900032043457 -0.02659272961318493 0.04822045937180519
v -0.016198450699448586 -0.024562180042266846 0.04908037558197975
v -0.020310640335083008 -0.026768919080495834 0.04531878978013992
v 0.054990820586681366 -0.01740317977964878 0.048672500997781754
v 0.05402714014053345 -0.019480880349874496 0.04867136850953102
v 0.05628364905714989 -0.021258950233459473 0.04655415937304497
v 0.054990820586681366 -0.01740317977964878 0.048672500997781754
v 0.05628364905714989 -0.021258950233459473 0.04655415937304497
v 0.057279158383607864 -0.019050300121307373 0.046606190502643585
v 0.05792135000228882 -0.01641184091567993 0.04662168771028519
v 0.062377870082855225 -0.018970420584082603 0.041768379509449005
v 0.06279747933149338 -0.016577420756220818 0.041804440319538116
v -0.03173929080367088 -0.013608030043542385 0.04340459033846855
v -0.035276830196380615 -0.014420390129089355 0.04019201919436455
v -0.033314161002635956 -0.017099490389227867 0.04092920944094658
v 0.05035477131605148 -0.019227920100092888 0.0507010854780674
v 0.04628098011016846 -0.014156520366668701 0.054555896669626236
v 0.04590553045272827 -0.01473522000014782 0.05459964647889137
v -0.03249077871441841 -0.022415930405259132 0.039086949080228806
v -0.03550022095441818 -0.02078508958220482 0.03717977926135063
v -0.034272488206624985 -0.023504549637436867 0.03674817830324173
v -0.013966850005090237 -0.03263479098677635 0.043898649513721466
v -0.016335120424628258 -0.03074805997312069 0.044515907764434814
v -0.01826946996152401 -0.032630980014801025 0.0419004000723362
v -0.013966850005090237 -0.03263479098677635 0.043898649513721466
v -0.01826946996152401 -0.032630980014801025 0.0419004000723362
v -0.015865739434957504 -0.034595128148794174 0.04120362922549248
v -0.032398808747529984 -0.02602607011795044 0.03681344911456108
v -0.0357661210000515 -0.024340510368347168 0.03457606956362724
v -0.034495409578084946 -0.027558859437704086 0.03336317092180252
v -0.032398808747529984 -0.02602607011795044 0.03681344911456108
v -0.034272488206624985 -0.023504549637436867 0.03674817830324173
v -0.0357661210000515 -0.024340510368347168 0.03457606956362724
v -0.018022770062088966 -0.023334980010986328 0.048806849867105484
v -0.013472430408000946 -0.020457560196518898 0.05298985168337822
v -0.019676020368933678 -0.022059500217437744 0.04853362962603569
v 0.05035477131605148 -0.019227920100092888 0.0507010854780674
v 0.04656242951750755 -0.01373589038848877 0.05451047793030739
v 0.04628098011016846 -0.014156520366668701 0.054555896669626236
v -0.014286990277469158 -0.019891560077667236 0.05283266678452492
v -0.014836600050330162 -0.01946401037275791 0.05271149054169655
v -0.019676020368933678 -0.022059500217437744 0.04853362962603569
v -0.014286990277469158 -0.019891560077667236 0.05283266678452492
v -0.019676020368933678 -0.022059500217437744 0.04853362962603569
v -0.013472430408000946 -0.020457560196518898 0.05298985168337822
v -0.032332420349121094 -0.02986598014831543 0.03358585014939308
v -0.03347694128751755 -0.03094523958861828 0.031011469662189484
v -0.032549139112234116 -0.03182876110076904 0.031137239187955856
v 0.061158180236816406 -0.010627210140228271 0.044472940266132355
v 0.05792135000228882 -0.01641184091567993 0.04662168771028519
v 0.06279747933149338 -0.016577420756220818 0.041804440319538116
v 0.061158180236816406 -0.010627210140228271 0.044472940266132355
v 0.06279747933149338 -0.016577420756220818 0.041804440319538116
v 0.06330949068069458 -0.012973840348422527 0.041852839291095734
v -0.018022770062088966 -0.023334980010986328 0.048806849867105484
v -0.012309609912335873 -0.0212709903717041 0.05316640064120293
v -0.01272428035736084 -0.020908890292048454 0.05312241241335869
v -0.012584090232849121 -0.027856290340423584 0.04851287975907326
v -0.01523900032043457 -0.02659272961318493 0.04822045937180519
v -0.019276440143585205 -0.029196500778198242 0.04418696090579033
v -0.012584090232849121 -0.027856290340423584 0.04851287975907326
v -0.019276440143585205 -0.029196500778198242 0.04418696090579033
v -0.016335120424628258 -0.03074805997312069 0.044515907764434814
v 0.0516655407845974 -0.017518460750579834 0.05066801235079765
v 0.04694974049925804 -0.013057580217719078 0.05445237085223198
v 0.04656242951750755 -0.01373589038848877 0.05451047793030739
v -0.024185949936509132 -0.004514216911047697 0.050506118685007095
v -0.024267669767141342 -0.003644644981250167 0.05048823729157448
v -0.029725370928645134 -0.004322052001953125 0.04656602069735527
v 0.0516655407845974 -0.017518460750579834 0.05066801235079765
v 0.05035477131605148 -0.019227920100092888 0.0507010854780674
v 0.05263261869549751 -0.021311810240149498 0.048624876886606216
v 0.0516655407845974 -0.017518460750579834 0.05066801235079765
v 0.04656242951750755 -0.01373589038848877 0.05451047793030739
v 0.05035477131605148 -0.019227920100092888 0.0507010854780674
v 0.0516655407845974 -0.017518460750579834 0.05066801235079765
v 0.05263261869549751 -0.021311810240149498 0.048624876886606216
v 0.05402714014053345 -0.019480880349874496 0.04867136850953102
v -0.013472430408000946 -0.020457560196518898 0.05298985168337822
v -0.018022770062088966 -0.023334980010986328 0.048806849867105484
v -0.01272428035736084 -0.020908890292048454 0.05312241241335869
v 0.06291335076093674 0 0.04331732913851738
v 0.0640905424952507 -0.0017418860225006938 0.041925620287656784
v 0.06407403200864792 0 0.0420149601995945
v -0.029707670211791992 -0.016075309365987778 0.04421442747116089
v -0.03173929080367088 -0.013608030043542385 0.04340459033846855
v -0.033314161002635956 -0.017099490389227867 0.04092920944094658
v 0.061158180236816406 -0.010627210140228271 0.044472940266132355
v 0.06330949068069458 -0.012973840348422527 0.041852839291095734
v 0.06353764981031418 -0.010883679613471031 0.04188329726457596
v -0.011902029626071453 -0.03054291009902954 0.04655832797288895
v -0.016335120424628258 -0.03074805997312069 0.044515907764434814
v -0.013966850005090237 -0.03263479098677635 0.043898649513721466
v 0.06291335076093674 0 0.04331732913851738
v 0.06405334919691086 -0.0034899709280580282 0.041910719126462936
v 0.0640905424952507 -0.0017418860225006938 0.041925620287656784
v -0.016198450699448586 -0.024562180042266846 0.04908037558197975
v -0.012309609912335873 -0.0212709903717041 0.05316640064120293
v -0.018022770062088966 -0.023334980010986328 0.048806849867105484
v -0.03249077871441841 -0.022415930405259132 0.039086949080228806
v -0.03235822170972824 -0.01951109990477562 0.04072267934679985
v -0.03550022095441818 -0.02078508958220482 0.03717977926135063
v 0.061158180236816406 -0.010627210140228271 0.044472940266132355
v 0.06353764981031418 -0.010883679613471031 0.04188329726457596
v 0.06369113177061081 -0.009277342818677425 0.04189563915133476
v 0.061158180236816406 -0.010627210140228271 0.044472940266132355
v 0.06369113177061081 -0.009277342818677425 0.04189563915133476
v 0.06384813040494919 -0.007283985149115324 0.041915010660886765
v -0.010744810104370117 -0.0220979992300272 0.05345243588089943
v -0.016198450699448586 -0.024562180042266846 0.04908037558197975
v -0.01523900032043457 -0.02659272961318493 0.04822045937180519
v -0.011866450309753418 -0.021423330530524254 0.05329203978180885
v -0.012309609912335873 -0.0212709903717041 0.05316640064120293
v -0.016198450699448586 -0.024562180042266846 0.04908037558197975
v -0.011866450309753418 -0.021423330530524254 0.05329203978180885
v -0.016198450699448586 -0.024562180042266846 0.04908037558197975
v -0.010744810104370117 -0.0220979992300272 0.05345243588089943
v -0.011902029626071453 -0.03054291009902954 0.04655832797288895
v -0.012584090232849121 -0.027856290340423584 0.04851287975907326
v -0.016335120424628258 -0.03074805997312069 0.044515907764434814
v -0.03026038035750389 -0.03175950050354004 0.033817779272794724
v -0.032549139112234116 -0.03182876110076904 0.031137239187955856
v -0.03159672021865845 -0.03268307074904442 0.03124649077653885
v 0.05559659004211426 -0.015018460340797901 0.04865366593003273
v 0.054990820586681366 -0.01740317977964878 0.048672500997781754
v 0.057279158383607864 -0.019050300121307373 0.046606190502643585
v -0.03026038035750389 -0.03175950050354004 0.033817779272794724
v -0.032332420349121094 -0.02986598014831543 0.03358585014939308
v -0.032549139112234116 -0.03182876110076904 0.031137239187955856
v 0.05559659004211426 -0.015018460340797901 0.04865366593003273
v 0.057279158383607864 -0.019050300121307373 0.046606190502643585
v 0.05792135000228882 -0.01641184091567993 0.04662168771028519
v -0.027242060750722885 -0.012417069636285305 0.047090839594602585
v -0.033208008855581284 -0.009778319858014584 0.043163370341062546
v -0.03173929080367088 -0.013608030043542385 0.04340459033846855
v -0.027242060750722885 -0.012417069636285305 0.047090839594602585
v -0.02828270010650158 -0.00988858938217163 0.04688424989581108
v -0.033208008855581284 -0.009778319858014584 0.043163370341062546
v 0.0516655407845974 -0.017518460750579834 0.05066801235079765
v 0.04737091064453125 -0.012192130088806152 0.05438901111483574
v 0.04694974049925804 -0.013057580217719078 0.05445237085223198
v -0.009546576999127865 -0.02256160043179989 0.05369110032916069
v -0.010744810104370117 -0.0220979992300272 0.05345243588089943
v -0.01523900032043457 -0.02659272961318493 0.04822045937180519
v -0.008729994297027588 -0.022880490869283676 0.05382687970995903
v -0.009546576999127865 -0.02256160043179989 0.05369110032916069
v -0.01523900032043457 -0.02659272961318493 0.04822045937180519
v -0.008558212779462337 -0.027331700548529625 0.050430361181497574
v -0.012584090232849121 -0.027856290340423584 0.04851287975907326
v -0.011902029626071453 -0.03054291009902954 0.04655832797288895
v 0.052630841732025146 -0.01566869020462036 0.05057824030518532
v 0.0516655407845974 -0.017518460750579834 0.05066801235079765
v 0.05402714014053345 -0.019480880349874496 0.04867136850953102
v 0.052630841732025146 -0.01566869020462036 0.05057824030518532
v 0.04755818098783493 -0.011625460349023342 0.05436183139681816
v 0.04737091064453125 -0.012192130088806152 0.05438901111483574
v 0.052630841732025146 -0.01566869020462036 0.05057824030518532
v 0.05402714014053345 -0.019480880349874496 0.04867136850953102
v 0.054990820586681366 -0.01740317977964878 0.048672500997781754
v 0.052630841732025146 -0.01566869020462036 0.05057824030518532
v 0.04737091064453125 -0.012192130088806152 0.05438901111483574
v 0.0516655407845974 -0.017518460750579834 0.05066801235079765
v -0.030022500082850456 -0.02898227982223034 0.03669298067688942
v -0.034495409578084946 -0.027558859437704086 0.03336317092180252
v -0.032332420349121094 -0.02986598014831543 0.03358585014939308
v -0.030022500082850456 -0.02898227982223034 0.03669298067688942
v -0.032398808747529984 -0.02602607011795044 0.03681344911456108
v -0.034495409578084946 -0.027558859437704086 0.03336317092180252
v -0.00762629508972168 -0.023330269381403923 0.05396163836121559
v -0.01523900032043457 -0.02659272961318493 0.04822045937180519
v -0.012584090232849121 -0.027856290340423584 0.04851287975907326
v -0.00762629508972168 -0.023330269381403923 0.05396163836121559
v -0.008729994297027588 -0.022880490869283676 0.05382687970995903
v -0.01523900032043457 -0.02659272961318493 0.04822045937180519
v -0.03235822170972824 -0.01951109990477562 0.04072267934679985
v -0.029707670211791992 -0.016075309365987778 0.04421442747116089
v -0.033314161002635956 -0.017099490389227867 0.04092920944094658
v 0.052630841732025146 -0.01566869020462036 0.05057824030518532
v 0.04780399054288864 -0.010977800004184246 0.05432743951678276
v 0.04755818098783493 -0.011625460349023342 0.05436183139681816
v -0.03026038035750389 -0.03175950050354004 0.033817779272794724
v -0.03159672021865845 -0.03268307074904442 0.03124649077653885
v -0.030698180198669434 -0.033446069806814194 0.03134508058428764
v -0.03026038035750389 -0.03175950050354004 0.033817779272794724
v -0.030698180198669434 -0.033446069806814194 0.03134508058428764
v -0.02976148948073387 -0.03419715166091919 0.031449269503355026
v 0.06045268848538399 -0.007086396217346191 0.045461900532245636
v 0.061158180236816406 -0.010627210140228271 0.044472940266132355
v 0.06384813040494919 -0.007283985149115324 0.041915010660886765
v 0.06045268848538399 -0.007086396217346191 0.045461900532245636
v 0.06384813040494919 -0.007283985149115324 0.041915010660886765
v 0.06405334919691086 -0.0034899709280580282 0.041910719126462936
v -0.006332873832434416 -0.023620959371328354 0.054195646196603775
v -0.00762629508972168 -0.023330269381403923 0.05396163836121559
v -0.012584090232849121 -0.027856290340423584 0.04851287975907326
v 0.06045268848538399 -0.007086396217346191 0.045461900532245636
v 0.06291335076093674 0 0.04331732913851738
v 0.060657791793346405 0.0006847659824416041 0.04552317038178444
v 0.06045268848538399 -0.007086396217346191 0.045461900532245636
v 0.06405334919691086 -0.0034899709280580282 0.041910719126462936
v 0.06291335076093674 0 0.04331732913851738
v 0.052630841732025146 -0.01566869020462036 0.05057824030518532
v 0.04801129922270775 -0.010200380347669125 0.05429423972964287
v 0.04780399054288864 -0.010977800004184246 0.05432743951678276
v -0.03042685054242611 -0.021493790671229362 0.041339337825775146
v -0.03235822170972824 -0.01951109990477562 0.04072267934679985
v -0.03249077871441841 -0.022415930405259132 0.039086949080228806
v -0.008558212779462337 -0.027331700548529625 0.050430361181497574
v -0.006332873832434416 -0.023620959371328354 0.054195646196603775
v -0.012584090232849121 -0.027856290340423584 0.04851287975907326
v -0.008558212779462337 -0.027331700548529625 0.050430361181497574
v -0.005491197109222412 -0.023797810077667236 0.05431622639298439
v -0.006332873832434416 -0.023620959371328354 0.054195646196603775
v -0.008558212779462337 -0.027331700548529625 0.050430361181497574
v -0.004580974113196135 -0.023959750309586525 0.05444462224841118
v -0.005491197109222412 -0.023797810077667236 0.05431622639298439
v 0.06045268848538399 -0.007086396217346191 0.045461900532245636
v 0.05792135000228882 -0.01641184091567993 0.04662168771028519
v 0.061158180236816406 -0.010627210140228271 0.044472940266132355
v -0.008558212779462337 -0.027331700548529625 0.050430361181497574
v -0.0025754570960998535 -0.02420770935714245 0.05471177026629448
v -0.0036376710049808025 -0.024092430248856544 0.054572831839323044
v -0.008558212779462337 -0.027331700548529625 0.050430361181497574
v -0.0036376710049808025 -0.024092430248856544 0.054572831839323044
v -0.004580974113196135 -0.023959750309586525 0.05444462224841118
v -0.01423798967152834 -0.03937608003616333 0.03665775805711746
v -0.017394719645380974 -0.04092574119567871 0.03281331807374954
v -0.016210850328207016 -0.04132198914885521 0.032906658947467804
v -0.01423798967152834 -0.03937608003616333 0.03665775805711746
v -0.016210850328207016 -0.04132198914885521 0.032906658947467804
v -0.015139570459723473 -0.041635990142822266 0.03305644914507866
v -0.01423798967152834 -0.03937608003616333 0.03665775805711746
v -0.015139570459723473 -0.041635990142822266 0.03305644914507866
v -0.014146019704639912 -0.04191035032272339 0.03315407782793045
v -0.01423798967152834 -0.03937608003616333 0.03665775805711746
v -0.018621860072016716 -0.03920966014266014 0.034478139132261276
v -0.017394719645380974 -0.04092574119567871 0.03281331807374954
v -0.01423798967152834 -0.03937608003616333 0.03665775805711746
v -0.01755863055586815 -0.03702044114470482 0.03778094798326492
v -0.018621860072016716 -0.03920966014266014 0.034478139132261276
v -0.023779690265655518 -0.006122529041022062 0.050627175718545914
v -0.023907840251922607 -0.0055980677716434 0.05059641972184181
v -0.024185949936509132 -0.004514216911047697 0.050506118685007095
v -0.023779690265655518 -0.006122529041022062 0.050627175718545914
v -0.029725370928645134 -0.004322052001953125 0.04656602069735527
v -0.029133260250091553 -0.007371782790869474 0.04667777940630913
v -0.023779690265655518 -0.006122529041022062 0.050627175718545914
v -0.024185949936509132 -0.004514216911047697 0.050506118685007095
v -0.029725370928645134 -0.004322052001953125 0.04656602069735527
v 0.053185880184173584 -0.0134043600410223 0.0505763404071331
v 0.04818958044052124 -0.009414254687726498 0.05426974222064018
v 0.04801129922270775 -0.010200380347669125 0.05429423972964287
v 0.053185880184173584 -0.0134043600410223 0.0505763404071331
v 0.04801129922270775 -0.010200380347669125 0.05429423972964287
v 0.052630841732025146 -0.01566869020462036 0.05057824030518532
v 0.048883140087127686 0.000021537800421356224 0.054185282438993454
v 0.04886120185256004 -0.0017750259721651673 0.05417269840836525
v 0.05346179008483887 0.0019384620245546103 0.05111074820160866
v 0.053185880184173584 -0.0134043600410223 0.0505763404071331
v 0.052630841732025146 -0.01566869020462036 0.05057824030518532
v 0.054990820586681366 -0.01740317977964878 0.048672500997781754
v 0.053185880184173584 -0.0134043600410223 0.0505763404071331
v 0.054990820586681366 -0.01740317977964878 0.048672500997781754
v 0.05559659004211426 -0.015018460340797901 0.04865366593003273
v 0.053185880184173584 -0.0134043600410223 0.0505763404071331
v 0.04855746030807495 -0.006593048106878996 0.05420948192477226
v 0.04847604036331177 -0.007574737071990967 0.05423237010836601
v 0.053185880184173584 -0.0134043600410223 0.0505763404071331
v 0.04847604036331177 -0.007574737071990967 0.05423237010836601
v 0.04834187030792236 -0.008541584014892578 0.05424642935395241
v 0.053185880184173584 -0.0134043600410223 0.0505763404071331
v 0.04834187030792236 -0.008541584014892578 0.05424642935395241
v 0.04818958044052124 -0.009414254687726498 0.05426974222064018
v 0.055981751531362534 -0.009412466548383236 0.04894113913178444
v 0.05559659004211426 -0.015018460340797901 0.04865366593003273
v 0.05792135000228882 -0.01641184091567993 0.04662168771028519
v -0.029044149443507195 -0.01826494000852108 0.04389268904924393
v -0.029707670211791992 -0.016075309365987778 0.04421442747116089
v -0.03235822170972824 -0.01951109990477562 0.04072267934679985
v 0.055981751531362534 -0.009412466548383236 0.04894113913178444
v 0.053185880184173584 -0.0134043600410223 0.0505763404071331
v 0.05559659004211426 -0.015018460340797901 0.04865366593003273
v 0.055981751531362534 -0.009412466548383236 0.04894113913178444
v 0.05792135000228882 -0.01641184091567993 0.04662168771028519
v 0.06045268848538399 -0.007086396217346191 0.045461900532245636
v -0.04571259021759033 -0.0014095900114625692 0.03076595813035965
v -0.0463908314704895 -0.0011870859889313579 0.029572080820798874
v -0.04621446132659912 -0.0039930338971316814 0.029623158276081085
v -0.011058090254664421 -0.04029523953795433 0.03674710914492607
v -0.01423798967152834 -0.03937608003616333 0.03665775805711746
v -0.014146019704639912 -0.04191035032272339 0.03315407782793045
v -0.011058090254664421 -0.04029523953795433 0.03674710914492607
v -0.014146019704639912 -0.04191035032272339 0.03315407782793045
v -0.012998159974813461 -0.0421864315867424 0.03329182043671608
v -0.011058090254664421 -0.04029523953795433 0.03674710914492607
v -0.012998159974813461 -0.0421864315867424 0.03329182043671608
v -0.01172052975744009 -0.042457159608602524 0.03344262018799782
v 0.05904781073331833 -0.004967987071722746 0.04680097848176956
v 0.06045268848538399 -0.007086396217346191 0.045461900532245636
v 0.060657791793346405 0.0006847659824416041 0.04552317038178444
v -0.011058090254664421 -0.04029523953795433 0.03674710914492607
v -0.01172052975744009 -0.042457159608602524 0.03344262018799782
v -0.010594010353088379 -0.04266976937651634 0.033554259687662125
v 0.05904781073331833 -0.004967987071722746 0.04680097848176956
v 0.060657791793346405 0.0006847659824416041 0.04552317038178444
v 0.058343470096588135 0.0004545279953163117 0.04750704765319824
v -0.013054720126092434 -0.0368223711848259 0.0401693694293499
v -0.01755863055586815 -0.03702044114470482 0.03778094798326492
v -0.01423798967152834 -0.03937608003616333 0.03665775805711746
v -0.030507860705256462 -0.024837549775838852 0.03932923823595047
v -0.03249077871441841 -0.022415930405259132 0.039086949080228806
v -0.034272488206624985 -0.023504549637436867 0.03674817830324173
v -0.04529494047164917 -0.004401742946356535 0.03112906962633133
v -0.04571259021759033 -0.0014095900114625692 0.03076595813035965
v -0.04621446132659912 -0.0039930338971316814 0.029623158276081085
v 0.05904781073331833 -0.004967987071722746 0.04680097848176956
v 0.058343470096588135 0.0004545279953163117 0.04750704765319824
v 0.05549627169966698 0.00027099798899143934 0.049673859030008316
v -0.030507860705256462 -0.024837549775838852 0.03932923823595047
v -0.034272488206624985 -0.023504549637436867 0.03674817830324173
v -0.032398808747529984 -0.02602607011795044 0.03681344911456108
v 0.05904781073331833 -0.004967987071722746 0.04680097848176956
v 0.055981751531362534 -0.009412466548383236 0.04894113913178444
v 0.06045268848538399 -0.007086396217346191 0.045461900532245636
v 0.05904781073331833 -0.004967987071722746 0.04680097848176956
v 0.05549627169966698 0.00027099798899143934 0.049673859030008316
v 0.055981751531362534 -0.009412466548383236 0.04894113913178444
v 0.052083730697631836 -0.004528700839728117 0.0519791878759861
v 0.04878782853484154 -0.004717409145087004 0.05418938770890236
v 0.048680778592824936 -0.006083666812628508 0.054205190390348434
v 0.052083730697631836 -0.004528700839728117 0.0519791878759861
v 0.048680778592824936 -0.006083666812628508 0.054205190390348434
v 0.04855746030807495 -0.006593048106878996 0.05420948192477226
v 0.052083730697631836 -0.004528700839728117 0.0519791878759861
v 0.04855746030807495 -0.006593048106878996 0.05420948192477226
v 0.053185880184173584 -0.0134043600410223 0.0505763404071331
v -0.0434609018266201 -0.0011683700140565634 0.03408616781234741
v -0.04512310028076172 0.0005054139764979482 0.03174209967255592
v -0.04571259021759033 -0.0014095900114625692 0.03076595813035965
v 0.052083730697631836 -0.004528700839728117 0.0519791878759861
v 0.053185880184173584 -0.0134043600410223 0.0505763404071331
v 0.055981751531362534 -0.009412466548383236 0.04894113913178444
v 0.052083730697631836 -0.004528700839728117 0.0519791878759861
v 0.05549627169966698 0.00027099798899143934 0.049673859030008316
v 0.05346179008483887 0.0019384620245546103 0.05111074820160866
v 0.052083730697631836 -0.004528700839728117 0.0519791878759861
v 0.055981751531362534 -0.009412466548383236 0.04894113913178444
v 0.05549627169966698 0.00027099798899143934 0.049673859030008316
v -0.04529494047164917 -0.004401742946356535 0.03112906962633133
v -0.04613775014877319 -0.004643737804144621 0.029641930013895035
v -0.04593091830611229 -0.0063731069676578045 0.029645688831806183
v -0.04529494047164917 -0.004401742946356535 0.03112906962633133
v -0.04621446132659912 -0.0039930338971316814 0.029623158276081085
v -0.04613775014877319 -0.004643737804144621 0.029641930013895035
v -0.010431519709527493 -0.03834623098373413 0.039334189146757126
v -0.013054720126092434 -0.0368223711848259 0.0401693694293499
v -0.01423798967152834 -0.03937608003616333 0.03665775805711746
v -0.010431519709527493 -0.03834623098373413 0.039334189146757126
v -0.01423798967152834 -0.03937608003616333 0.03665775805711746
v -0.011058090254664421 -0.04029523953795433 0.03674710914492607
v 0.052083730697631836 -0.004528700839728117 0.0519791878759861
v 0.04886120185256004 -0.0017750259721651673 0.05417269840836525
v 0.04879659041762352 -0.003366648918017745 0.05417764559388161
v 0.052083730697631836 -0.004528700839728117 0.0519791878759861
v 0.04879659041762352 -0.003366648918017745 0.05417764559388161
v 0.04878782853484154 -0.004717409145087004 0.05418938770890236
v 0.052083730697631836 -0.004528700839728117 0.0519791878759861
v 0.05346179008483887 0.0019384620245546103 0.05111074820160866
v 0.04886120185256004 -0.0017750259721651673 0.05417269840836525
v -0.013054720126092434 -0.0368223711848259 0.0401693694293499
v -0.015865739434957504 -0.034595128148794174 0.04120362922549248
v -0.01755863055586815 -0.03702044114470482 0.03778094798326492
v -0.008360682986676693 -0.036016639322042465 0.04249401018023491
v -0.0052404399029910564 -0.03316694125533104 0.04605234041810036
v -0.013054720126092434 -0.0368223711848259 0.0401693694293499
v -0.008360682986676693 -0.036016639322042465 0.04249401018023491
v -0.010431519709527493 -0.03834623098373413 0.039334189146757126
v -0.008769631385803223 -0.040102601051330566 0.03767091780900955
v -0.008360682986676693 -0.036016639322042465 0.04249401018023491
v -0.013054720126092434 -0.0368223711848259 0.0401693694293499
v -0.010431519709527493 -0.03834623098373413 0.039334189146757126
v -0.0018537640571594238 -0.04042607173323631 0.03847784921526909
v -0.002561568981036544 -0.03686833009123802 0.042673539370298386
v -0.008769631385803223 -0.040102601051330566 0.03767091780900955
v -0.0018537640571594238 -0.04042607173323631 0.03847784921526909
v -0.008769631385803223 -0.040102601051330566 0.03767091780900955
v -0.005373119842261076 -0.04324162006378174 0.034114670008420944
v -0.0018537640571594238 -0.04042607173323631 0.03847784921526909
v -0.005373119842261076 -0.04324162006378174 0.034114670008420944
v -0.0036512610968202353 -0.04328715056180954 0.034290798008441925
v -0.0018537640571594238 -0.04042607173323631 0.03847784921526909
v -0.0036512610968202353 -0.04328715056180954 0.034290798008441925
v -0.0019091960275545716 -0.04325062036514282 0.0345081202685833
v -0.043734610080718994 -0.004172563087195158 0.03346801921725273
v -0.04571259021759033 -0.0014095900114625692 0.03076595813035965
v -0.04529494047164917 -0.004401742946356535 0.03112906962633133
v -0.043734610080718994 -0.004172563087195158 0.03346801921725273
v -0.0434609018266201 -0.0011683700140565634 0.03408616781234741
v -0.04571259021759033 -0.0014095900114625692 0.03076595813035965
v -0.04453938826918602 -0.007314621936529875 0.031744010746479034
v -0.04529494047164917 -0.004401742946356535 0.03112906962633133
v -0.04593091830611229 -0.0063731069676578045 0.029645688831806183
v -0.028732890263199806 -0.0349692702293396 0.03159654885530472
v -0.03026038035750389 -0.03175950050354004 0.033817779272794724
v -0.02976148948073387 -0.03419715166091919 0.031449269503355026
v -0.0018537640571594238 -0.04042607173323631 0.03847784921526909
v 0.00271183205768466 -0.03722631186246872 0.04252422973513603
v -0.002561568981036544 -0.03686833009123802 0.042673539370298386
v -0.0018537640571594238 -0.04042607173323631 0.03847784921526909
v -0.0019091960275545716 -0.04325062036514282 0.0345081202685833
v -0.0006571030244231224 -0.04318736866116524 0.034663569182157516
v -0.011058090254664421 -0.04029523953795433 0.03674710914492607
v -0.010594010353088379 -0.04266976937651634 0.033554259687662125
v -0.009360909461975098 -0.042866941541433334 0.03366703912615776
v -0.011058090254664421 -0.04029523953795433 0.03674710914492607
v -0.009360909461975098 -0.042866941541433334 0.03366703912615776
v -0.008189082145690918 -0.043015480041503906 0.03380376845598221
v -0.02356863021850586 -0.006889224052429199 0.05068023130297661
v -0.023779690265655518 -0.006122529041022062 0.050627175718545914
v -0.029133260250091553 -0.007371782790869474 0.04667777940630913
v -0.0018537640571594238 -0.04042607173323631 0.03847784921526909
v -0.0006571030244231224 -0.04318736866116524 0.034663569182157516
v 0.0007047000108286738 -0.043080270290374756 0.034820329397916794
v -0.0018537640571594238 -0.04042607173323631 0.03847784921526909
v 0.0007047000108286738 -0.043080270290374756 0.034820329397916794
v 0.0022615790367126465 -0.04292643070220947 0.034992337226867676
v -0.04453938826918602 -0.007314621936529875 0.031744010746479034
v -0.04593091830611229 -0.0063731069676578045 0.029645688831806183
v -0.045475538820028305 -0.00894069578498602 0.029676329344511032
v 0.00406223488971591 -0.039943210780620575 0.03905357047915459
v 0.00271183205768466 -0.03722631186246872 0.04252422973513603
v -0.0018537640571594238 -0.04042607173323631 0.03847784921526909
v 0.00406223488971591 -0.039943210780620575 0.03905357047915459
v -0.0018537640571594238 -0.04042607173323631 0.03847784921526909
v 0.0022615790367126465 -0.04292643070220947 0.034992337226867676
v -0.002561568981036544 -0.03686833009123802 0.042673539370298386
v -0.0052404399029910564 -0.03316694125533104 0.04605234041810036
v -0.008360682986676693 -0.036016639322042465 0.04249401018023491
v -0.002561568981036544 -0.03686833009123802 0.042673539370298386
v -0.008360682986676693 -0.036016639322042465 0.04249401018023491
v -0.008769631385803223 -0.040102601051330566 0.03767091780900955
v -0.002561568981036544 -0.03686833009123802 0.042673539370298386
v -0.0008651610114611685 -0.034238871186971664 0.04564208909869194
v -0.0052404399029910564 -0.03316694125533104 0.04605234041810036
v 0.00406223488971591 -0.039943210780620575 0.03905357047915459
v 0.0022615790367126465 -0.04292643070220947 0.034992337226867676
v 0.0039220452308654785 -0.04272478073835373 0.03517317771911621
v -0.0052404399029910564 -0.03316694125533104 0.04605234041810036
v 0.001955449115484953 -0.03141605108976364 0.048724059015512466
v -0.00320619298145175 -0.028092799708247185 0.05114716663956642
v -0.008769631385803223 -0.040102601051330566 0.03767091780900955
v -0.010431519709527493 -0.03834623098373413 0.039334189146757126
v -0.011058090254664421 -0.04029523953795433 0.03674710914492607
v -0.0052404399029910564 -0.03316694125533104 0.04605234041810036
v -0.007105708122253418 -0.029738599434494972 0.04879618063569069
v -0.013966850005090237 -0.03263479098677635 0.043898649513721466
v -0.0052404399029910564 -0.03316694125533104 0.04605234041810036
v -0.00320619298145175 -0.028092799708247185 0.05114716663956642
v -0.007105708122253418 -0.029738599434494972 0.04879618063569069
v -0.008769631385803223 -0.040102601051330566 0.03767091780900955
v -0.011058090254664421 -0.04029523953795433 0.03674710914492607
v -0.008189082145690918 -0.043015480041503906 0.03380376845598221
v 0.00406223488971591 -0.039943210780620575 0.03905357047915459
v 0.0039220452308654785 -0.04272478073835373 0.03517317771911621
v 0.005840479861944914 -0.04245644062757492 0.03538854047656059
v -0.04453938826918602 -0.007314621936529875 0.031744010746479034
v -0.043734610080718994 -0.004172563087195158 0.03346801921725273
v -0.04529494047164917 -0.004401742946356535 0.03112906962633133
v -0.008769631385803223 -0.040102601051330566 0.03767091780900955
v -0.008189082145690918 -0.043015480041503906 0.03380376845598221
v -0.006983398925513029 -0.04313832148909569 0.03392608091235161
v -0.008769631385803223 -0.040102601051330566 0.03767091780900955
v -0.006983398925513029 -0.04313832148909569 0.03392608091235161
v -0.005373119842261076 -0.04324162006378174 0.034114670008420944
v 0.00406223488971591 -0.039943210780620575 0.03905357047915459
v 0.005840479861944914 -0.04245644062757492 0.03538854047656059
v 0.008298872970044613 -0.04207390174269676 0.0356646291911602
v 0.00406223488971591 -0.039943210780620575 0.03905357047915459
v 0.013570070266723633 -0.03595304116606712 0.04319090023636818
v 0.00271183205768466 -0.03722631186246872 0.04252422973513603
v 0.012231700122356415 -0.03878355026245117 0.03975028917193413
v 0.008298872970044613 -0.04207390174269676 0.0356646291911602
v 0.011340320110321045 -0.041566189378499985 0.036003947257995605
v -0.013054720126092434 -0.0368223711848259 0.0401693694293499
v -0.013966850005090237 -0.03263479098677635 0.043898649513721466
v -0.015865739434957504 -0.034595128148794174 0.04120362922549248
v 0.012231700122356415 -0.03878355026245117 0.03975028917193413
v 0.013570070266723633 -0.03595304116606712 0.04319090023636818
v 0.00406223488971591 -0.039943210780620575 0.03905357047915459
v 0.012231700122356415 -0.03878355026245117 0.03975028917193413
v 0.00406223488971591 -0.039943210780620575 0.03905357047915459
v 0.008298872970044613 -0.04207390174269676 0.0356646291911602
v 0.012231700122356415 -0.03878355026245117 0.03975028917193413
v 0.011340320110321045 -0.041566189378499985 0.036003947257995605
v 0.014859969727694988 -0.040936700999736786 0.0364120677113533
v 0.012231700122356415 -0.03878355026245117 0.03975028917193413
v 0.014859969727694988 -0.040936700999736786 0.0364120677113533
v 0.02130728028714657 -0.03969823941588402 0.03717071935534477
v 0.012231700122356415 -0.03878355026245117 0.03975028917193413
v 0.02130728028714657 -0.03969823941588402 0.03717071935534477
v 0.013570070266723633 -0.03595304116606712 0.04319090023636818
v -0.029148340225219727 -0.0273739006370306 0.03870398923754692
v -0.032398808747529984 -0.02602607011795044 0.03681344911456108
v -0.030022500082850456 -0.02898227982223034 0.03669298067688942
v -0.04514420032501221 -0.010355169884860516 0.02977824956178665
v -0.04453938826918602 -0.007314621936529875 0.031744010746479034
v -0.045475538820028305 -0.00894069578498602 0.029676329344511032
v -0.0052404399029910564 -0.03316694125533104 0.04605234041810036
v -0.013966850005090237 -0.03263479098677635 0.043898649513721466
v -0.013054720126092434 -0.0368223711848259 0.0401693694293499
v -0.042082540690898895 -0.004036008846014738 0.035558950155973434
v -0.0434609018266201 -0.0011683700140565634 0.03408616781234741
v -0.043734610080718994 -0.004172563087195158 0.03346801921725273
v -0.007105708122253418 -0.029738599434494972 0.04879618063569069
v -0.011902029626071453 -0.03054291009902954 0.04655832797288895
v -0.013966850005090237 -0.03263479098677635 0.043898649513721466
v -0.007105708122253418 -0.029738599434494972 0.04879618063569069
v -0.008558212779462337 -0.027331700548529625 0.050430361181497574
v -0.011902029626071453 -0.03054291009902954 0.04655832797288895
v -0.02771723084151745 -0.03296357020735741 0.034981679171323776
v -0.03026038035750389 -0.03175950050354004 0.033817779272794724
v -0.028732890263199806 -0.0349692702293396 0.03159654885530472
v -0.04236114025115967 -0.006928861141204834 0.03481258079409599
v -0.043734610080718994 -0.004172563087195158 0.03346801921725273
v -0.04453938826918602 -0.007314621936529875 0.031744010746479034
v -0.042082540690898895 -0.004036008846014738 0.035558950155973434
v -0.04141718149185181 -0.00009486640192335472 0.03657050058245659
v -0.0434609018266201 -0.0011683700140565634 0.03408616781234741
v -0.029707670211791992 -0.016075309365987778 0.04421442747116089
v -0.027242060750722885 -0.012417069636285305 0.047090839594602585
v -0.03173929080367088 -0.013608030043542385 0.04340459033846855
v -0.023265769705176353 -0.007826565764844418 0.05076010152697563
v -0.02356863021850586 -0.006889224052429199 0.05068023130297661
v -0.029133260250091553 -0.007371782790869474 0.04667777940630913
v -0.023265769705176353 -0.007826565764844418 0.05076010152697563
v -0.029133260250091553 -0.007371782790869474 0.04667777940630913
v -0.02828270010650158 -0.00988858938217163 0.04688424989581108
v -0.00320619298145175 -0.028092799708247185 0.05114716663956642
v -0.0025754570960998535 -0.02420770935714245 0.05471177026629448
v -0.008558212779462337 -0.027331700548529625 0.050430361181497574
v -0.00320619298145175 -0.028092799708247185 0.05114716663956642
v -0.008558212779462337 -0.027331700548529625 0.050430361181497574
v -0.007105708122253418 -0.029738599434494972 0.04879618063569069
v -0.00320619298145175 -0.028092799708247185 0.05114716663956642
v -0.0003896979906130582 -0.024341339245438576 0.054977480322122574
v -0.0014399290084838867 -0.024289250373840332 0.05485302582383156
v -0.00320619298145175 -0.028092799708247185 0.05114716663956642
v -0.0014399290084838867 -0.024289250373840332 0.05485302582383156
v -0.0025754570960998535 -0.02420770935714245 0.05471177026629448
v -0.030022500082850456 -0.02898227982223034 0.03669298067688942
v -0.032332420349121094 -0.02986598014831543 0.03358585014939308
v -0.03026038035750389 -0.03175950050354004 0.033817779272794724
v -0.04345870018005371 -0.012077920138835907 0.03183377906680107
v -0.04453938826918602 -0.007314621936529875 0.031744010746479034
v -0.04514420032501221 -0.010355169884860516 0.02977824956178665
v -0.029148340225219727 -0.0273739006370306 0.03870398923754692
v -0.030507860705256462 -0.024837549775838852 0.03932923823595047
v -0.032398808747529984 -0.02602607011795044 0.03681344911456108
v -0.04028815031051636 -0.003894269000738859 0.03758407011628151
v -0.04141718149185181 -0.00009486640192335472 0.03657050058245659
v -0.042082540690898895 -0.004036008846014738 0.035558950155973434
v -0.026920020580291748 -0.019998610019683838 0.044731270521879196
v -0.029044149443507195 -0.01826494000852108 0.04389268904924393
v -0.03235822170972824 -0.01951109990477562 0.04072267934679985
v -0.0008651610114611685 -0.034238871186971664 0.04564208909869194
v -0.002561568981036544 -0.03686833009123802 0.042673539370298386
v 0.00271183205768466 -0.03722631186246872 0.04252422973513603
v 0.0028774139937013388 -0.03421115130186081 0.045886289328336716
v -0.0008651610114611685 -0.034238871186971664 0.04564208909869194
v 0.00271183205768466 -0.03722631186246872 0.04252422973513603
v -0.04236114025115967 -0.006928861141204834 0.03481258079409599
v -0.042082540690898895 -0.004036008846014738 0.035558950155973434
v -0.043734610080718994 -0.004172563087195158 0.03346801921725273
v -0.04243813827633858 -0.009563744068145752 0.03407479077577591
v -0.04236114025115967 -0.006928861141204834 0.03481258079409599
v -0.04453938826918602 -0.007314621936529875 0.031744010746479034
v -0.00320619298145175 -0.028092799708247185 0.05114716663956642
v 0.005608022212982178 -0.024386759847402573 0.05554528161883354
v 0.0028905270155519247 -0.024447500705718994 0.05527980253100395
v -0.00320619298145175 -0.028092799708247185 0.05114716663956642
v 0.0028905270155519247 -0.024447500705718994 0.05527980253100395
v 0.0014709229581058025 -0.02431773953139782 0.05518675968050957
v -0.00320619298145175 -0.028092799708247185 0.05114716663956642
v 0.0014709229581058025 -0.02431773953139782 0.05518675968050957
v 0.0003524470084812492 -0.024356959387660027 0.05506503954529762
v -0.00320619298145175 -0.028092799708247185 0.05114716663956642
v 0.0003524470084812492 -0.024356959387660027 0.05506503954529762
v -0.0003896979906130582 -0.024341339245438576 0.054977480322122574
v 0.001955449115484953 -0.03141605108976364 0.048724059015512466
v -0.0052404399029910564 -0.03316694125533104 0.04605234041810036
v -0.0008651610114611685 -0.034238871186971664 0.04564208909869194
v 0.001955449115484953 -0.03141605108976364 0.048724059015512466
v 0.005608022212982178 -0.024386759847402573 0.05554528161883354
v -0.00320619298145175 -0.028092799708247185 0.05114716663956642
v -0.02848869003355503 -0.023720920085906982 0.0416494682431221
v -0.03042685054242611 -0.021493790671229362 0.041339337825775146
v -0.03249077871441841 -0.022415930405259132 0.039086949080228806
v -0.02848869003355503 -0.023720920085906982 0.0416494682431221
v -0.03249077871441841 -0.022415930405259132 0.039086949080228806
v -0.030507860705256462 -0.024837549775838852 0.03932923823595047
v -0.04345870018005371 -0.012077920138835907 0.03183377906680107
v -0.04514420032501221 -0.010355169884860516 0.02977824956178665
v -0.04461956024169922 -0.012311330065131187 0.029789570719003677
v -0.04345870018005371 -0.012077920138835907 0.03183377906680107
v -0.04461956024169922 -0.012311330065131187 0.029789570719003677
v -0.0442468486726284 -0.013516119681298733 0.02983582764863968
v 0.001955449115484953 -0.03141605108976364 0.048724059015512466
v -0.0008651610114611685 -0.034238871186971664 0.04564208909869194
v 0.0028774139937013388 -0.03421115130186081 0.045886289328336716
v 0.001955449115484953 -0.03141605108976364 0.048724059015512466
v 0.007920563220977783 -0.024343010038137436 0.0557483471930027
v 0.005608022212982178 -0.024386759847402573 0.05554528161883354
v 0.008540630340576172 -0.033720970153808594 0.04627043753862381
v 0.0028774139937013388 -0.03421115130186081 0.045886289328336716
v 0.00271183205768466 -0.03722631186246872 0.04252422973513603
v 0.001955449115484953 -0.03141605108976364 0.048724059015512466
v 0.00991427805274725 -0.02429986000061035 0.055890511721372604
v 0.007920563220977783 -0.024343010038137436 0.0557483471930027
v -0.022945819422602654 -0.008722960017621517 0.05084562674164772
v -0.023265769705176353 -0.007826565764844418 0.05076010152697563
v -0.02828270010650158 -0.00988858938217163 0.04688424989581108
v -0.04243813827633858 -0.009563744068145752 0.03407479077577591
v -0.04453938826918602 -0.007314621936529875 0.031744010746479034
v -0.04345870018005371 -0.012077920138835907 0.03183377906680107
v -0.02542901039123535 -0.03605926036834717 0.03343343734741211
v -0.028732890263199806 -0.0349692702293396 0.03159654885530472
v -0.027805030345916748 -0.03563356027007103 0.031666290014982224
v -0.02542901039123535 -0.03605926036834717 0.03343343734741211
v -0.027805030345916748 -0.03563356027007103 0.031666290014982224
v -0.026758790016174316 -0.036342740058898926 0.03178346902132034
v 0.008540630340576172 -0.033720970153808594 0.04627043753862381
v 0.00271183205768466 -0.03722631186246872 0.04252422973513603
v 0.013570070266723633 -0.03595304116606712 0.04319090023636818
v 0.0077238078229129314 -0.030832400545477867 0.04942679777741432
v 0.0028774139937013388 -0.03421115130186081 0.045886289328336716
v 0.008540630340576172 -0.033720970153808594 0.04627043753862381
v 0.0077238078229129314 -0.030832400545477867 0.04942679777741432
v 0.001955449115484953 -0.03141605108976364 0.048724059015512466
v 0.0028774139937013388 -0.03421115130186081 0.045886289328336716
v 0.0077238078229129314 -0.030832400545477867 0.04942679777741432
v 0.01162772998213768 -0.024272680282592773 0.05597323551774025
v 0.00991427805274725 -0.02429986000061035 0.055890511721372604
v 0.0077238078229129314 -0.030832400545477867 0.04942679777741432
v 0.00991427805274725 -0.02429986000061035 0.055890511721372604
v 0.001955449115484953 -0.03141605108976364 0.048724059015512466
v -0.040332671254873276 -0.006810009013861418 0.037151940166950226
v -0.04028815031051636 -0.003894269000738859 0.03758407011628151
v -0.042082540690898895 -0.004036008846014738 0.035558950155973434
v -0.040332671254873276 -0.006810009013861418 0.037151940166950226
v -0.042082540690898895 -0.004036008846014738 0.035558950155973434
v -0.04236114025115967 -0.006928861141204834 0.03481258079409599
v -0.026945050805807114 -0.02595536969602108 0.04144448786973953
v -0.030507860705256462 -0.024837549775838852 0.03932923823595047
v -0.029148340225219727 -0.0273739006370306 0.03870398923754692
v -0.04345870018005371 -0.012077920138835907 0.03183377906680107
v -0.0442468486726284 -0.013516119681298733 0.02983582764863968
v -0.04382513836026192 -0.014733970165252686 0.02989776059985161
v -0.026920020580291748 -0.019998610019683838 0.044731270521879196
v -0.03235822170972824 -0.01951109990477562 0.04072267934679985
v -0.03042685054242611 -0.021493790671229362 0.041339337825775146
v 0.0077238078229129314 -0.030832400545477867 0.04942679777741432
v 0.01315534021705389 -0.024200139567255974 0.05604547634720802
v 0.01162772998213768 -0.024272680282592773 0.05597323551774025
v -0.04028815031051636 -0.003894269000738859 0.03758407011628151
v -0.03906112164258957 -0.00093719398137182 0.038989849388599396
v -0.04141718149185181 -0.00009486640192335472 0.03657050058245659
v 0.016585350036621094 -0.03260992839932442 0.046772550791502
v 0.008540630340576172 -0.033720970153808594 0.04627043753862381
v 0.013570070266723633 -0.03595304116606712 0.04319090023636818
v -0.024795709177851677 -0.014465630054473877 0.04825204983353615
v -0.027242060750722885 -0.012417069636285305 0.047090839594602585
v -0.029707670211791992 -0.016075309365987778 0.04421442747116089
v 0.013368300162255764 -0.029904600232839584 0.050129178911447525
v 0.014770199544727802 -0.02403891086578369 0.05612993612885475
v 0.01315534021705389 -0.024200139567255974 0.05604547634720802
v 0.013368300162255764 -0.029904600232839584 0.050129178911447525
v 0.01315534021705389 -0.024200139567255974 0.05604547634720802
v 0.0077238078229129314 -0.030832400545477867 0.04942679777741432
v 0.013368300162255764 -0.029904600232839584 0.050129178911447525
v 0.0077238078229129314 -0.030832400545477867 0.04942679777741432
v 0.008540630340576172 -0.033720970153808594 0.04627043753862381
v 0.02563272975385189 -0.03379011154174805 0.0441744402050972
v 0.013570070266723633 -0.03595304116606712 0.04319090023636818
v 0.02130728028714657 -0.03969823941588402 0.03717071935534477
v 0.013368300162255764 -0.029904600232839584 0.050129178911447525
v 0.016259130090475082 -0.023955339565873146 0.056156400591135025
v 0.014770199544727802 -0.02403891086578369 0.05612993612885475
v 0.013368300162255764 -0.029904600232839584 0.050129178911447525
v 0.01762700080871582 -0.023860450834035873 0.05616152659058571
v 0.016259130090475082 -0.023955339565873146 0.056156400591135025
v 0.013368300162255764 -0.029904600232839584 0.050129178911447525
v 0.008540630340576172 -0.033720970153808594 0.04627043753862381
v 0.016585350036621094 -0.03260992839932442 0.046772550791502
v 0.016585350036621094 -0.03260992839932442 0.046772550791502
v 0.013570070266723633 -0.03595304116606712 0.04319090023636818
v 0.02563272975385189 -0.03379011154174805 0.0441744402050972
v 0.01995939016342163 0.02341347001492977 0.05623133108019829
v 0.01762573979794979 0.023752739652991295 0.05620438978075981
v 0.018937230110168457 0.021370530128479004 0.05450177565217018
v -0.02249228022992611 -0.0001415919978171587 0.04949623718857765
v -0.024504059925675392 0.0009824599837884307 0.050421539694070816
v -0.02453874982893467 -0.0006097729783505201 0.05041730776429176
v 0.023234959691762924 0.022867200896143913 0.0562366284430027
v 0.01995939016342163 0.02341347001492977 0.05623133108019829
v 0.018937230110168457 0.021370530128479004 0.05450177565217018
v 0.023234959691762924 0.022867200896143913 0.0562366284430027
v 0.018937230110168457 0.021370530128479004 0.05450177565217018
v 0.02441048063337803 0.020492369309067726 0.05459107086062431
v -0.022374149411916733 0.0024382469709962606 0.04953319951891899
v -0.024341760203242302 0.0014097689418122172 0.05040687695145607
v -0.024504059925675392 0.0009824599837884307 0.050421539694070816
v -0.022374149411916733 0.0024382469709962606 0.04953319951891899
v -0.024504059925675392 0.0009824599837884307 0.050421539694070816
v -0.02249228022992611 -0.0001415919978171587 0.04949623718857765
v -0.022374149411916733 0.0024382469709962606 0.04953319951891899
v -0.02425568923354149 0.002523720031604171 0.050432268530130386
v -0.024341760203242302 0.0014097689418122172 0.05040687695145607
v -0.022374149411916733 0.0024382469709962606 0.04953319951891899
v -0.024147089570760727 0.0035172700881958008 0.05046588554978371
v -0.02425568923354149 0.002523720031604171 0.050432268530130386
v -0.022374149411916733 0.0024382469709962606 0.04953319951891899
v -0.02401489019393921 0.004417300224304199 0.05050564929842949
v -0.024147089570760727 0.0035172700881958008 0.05046588554978371
v 0.025930460542440414 0.022427380084991455 0.05621642991900444
v 0.023234959691762924 0.022867200896143913 0.0562366284430027
v 0.02441048063337803 0.020492369309067726 0.05459107086062431
v 0.025930460542440414 0.022427380084991455 0.05621642991900444
v 0.02441048063337803 0.020492369309067726 0.05459107086062431
v 0.028316140174865723 0.019666310399770737 0.0545504204928875
v -0.02152276039123535 0.006646155845373869 0.04978175088763237
v -0.02401489019393921 0.004417300224304199 0.05050564929842949
v -0.022374149411916733 0.0024382469709962606 0.04953319951891899
v -0.02152276039123535 0.006646155845373869 0.04978175088763237
v -0.023895850405097008 0.005762934219092131 0.05060416832566261
v -0.023858070373535156 0.005244373809546232 0.050550591200590134
v -0.02152276039123535 0.006646155845373869 0.04978175088763237
v -0.023858070373535156 0.005244373809546232 0.050550591200590134
v -0.02401489019393921 0.004417300224304199 0.05050564929842949
v 0.048887670040130615 0.0017602440202608705 0.05417877808213234
v 0.04685239866375923 0.0019111629808321595 0.05307311937212944
v 0.048883140087127686 0.000021537800421356224 0.054185282438993454
v 0.027812650427222252 0.021949579939246178 0.05614883080124855
v 0.025930460542440414 0.022427380084991455 0.05621642991900444
v 0.028316140174865723 0.019666310399770737 0.0545504204928875
v -0.02152276039123535 0.006646155845373869 0.04978175088763237
v -0.02312237024307251 0.00782471802085638 0.050745848566293716
v -0.02341938018798828 0.006914913188666105 0.050667885690927505
v -0.02152276039123535 0.006646155845373869 0.04978175088763237
v -0.02341938018798828 0.006914913188666105 0.050667885690927505
v -0.023895850405097008 0.005762934219092131 0.05060416832566261
v 0.04884849861264229 0.0033491249196231365 0.05418199673295021
v 0.04685239866375923 0.0019111629808321595 0.05307311937212944
v 0.048887670040130615 0.0017602440202608705 0.05417877808213234
v 0.029637569561600685 0.021535510197281837 0.05607837811112404
v 0.027812650427222252 0.021949579939246178 0.05614883080124855
v 0.028316140174865723 0.019666310399770737 0.0545504204928875
v -0.02152276039123535 0.006646155845373869 0.04978175088763237
v -0.022776300087571144 0.008765696547925472 0.05083608999848366
v -0.02312237024307251 0.00782471802085638 0.050745848566293716
v 0.029637569561600685 0.021535510197281837 0.05607837811112404
v 0.028316140174865723 0.019666310399770737 0.0545504204928875
v 0.03352576121687889 0.01838403008878231 0.05438840761780739
v -0.02152276039123535 0.006646155845373869 0.04978175088763237
v -0.022395430132746696 0.009688735008239746 0.05093461647629738
v -0.022776300087571144 0.008765696547925472 0.05083608999848366
v 0.0486946702003479 0.004713236819952726 0.054193031042814255
v 0.04685239866375923 0.0019111629808321595 0.05307311937212944
v 0.04884849861264229 0.0033491249196231365 0.05418199673295021
v 0.0486946702003479 0.004713236819952726 0.054193031042814255
v 0.046544190496206284 0.00686687184497714 0.05312390252947807
v 0.04685239866375923 0.0019111629808321595 0.05307311937212944
v 0.031625501811504364 0.021052589640021324 0.05597938224673271
v 0.029637569561600685 0.021535510197281837 0.05607837811112404
v 0.03352576121687889 0.01838403008878231 0.05438840761780739
v -0.019659100100398064 0.010963019914925098 0.05029243603348732
v -0.022395430132746696 0.009688735008239746 0.05093461647629738
v -0.02152276039123535 0.006646155845373869 0.04978175088763237
v -0.019659100100398064 0.010963019914925098 0.05029243603348732
v -0.02201079949736595 0.010783850215375423 0.05107641592621803
v -0.022395430132746696 0.009688735008239746 0.05093461647629738
v -0.019659100100398064 0.010963019914925098 0.05029243603348732
v -0.02159065008163452 0.011597390286624432 0.05118371173739433
v -0.02201079949736595 0.010783850215375423 0.05107641592621803
v 0.04865849018096924 0.006210565101355314 0.054210130125284195
v 0.046544190496206284 0.00686687184497714 0.05312390252947807
v 0.0486946702003479 0.004713236819952726 0.054193031042814255
v 0.03348296135663986 0.02057367004454136 0.0558701790869236
v 0.031625501811504364 0.021052589640021324 0.05597938224673271
v 0.03352576121687889 0.01838403008878231 0.05438840761780739
v -0.019659100100398064 0.010963019914925098 0.05029243603348732
v -0.0211489200592041 0.012389480136334896 0.051297906786203384
v -0.02159065008163452 0.011597390286624432 0.05118371173739433
v 0.048527300357818604 0.007446348201483488 0.054230038076639175
v 0.046544190496206284 0.00686687184497714 0.05312390252947807
v 0.04865849018096924 0.006210565101355314 0.054210130125284195
v -0.019659100100398064 0.010963019914925098 0.05029243603348732
v -0.020619690418243408 0.013048349879682064 0.05139053985476494
v -0.0211489200592041 0.012389480136334896 0.051297906786203384
v 0.03540128096938133 0.020043490454554558 0.05574167147278786
v 0.03348296135663986 0.02057367004454136 0.0558701790869236
v 0.03352576121687889 0.01838403008878231 0.05438840761780739
v 0.048384130001068115 0.008466958068311214 0.05425013229250908
v 0.046544190496206284 0.00686687184497714 0.05312390252947807
v 0.048527300357818604 0.007446348201483488 0.054230038076639175
v -0.018488580361008644 0.012805749662220478 0.05057829990983009
v -0.020619690418243408 0.013048349879682064 0.05139053985476494
v -0.019659100100398064 0.010963019914925098 0.05029243603348732
v -0.018488580361008644 0.012805749662220478 0.05057829990983009
v -0.020088309422135353 0.014058530330657959 0.0515596903860569
v -0.020619690418243408 0.013048349879682064 0.05139053985476494
v 0.03701967000961304 0.019663920626044273 0.05561727657914162
v 0.03540128096938133 0.020043490454554558 0.05574167147278786
v 0.03352576121687889 0.01838403008878231 0.05438840761780739
v -0.018488580361008644 0.012805749662220478 0.05057829990983009
v -0.019622499123215675 0.01467358972877264 0.05167502537369728
v -0.020088309422135353 0.014058530330657959 0.0515596903860569
v -0.019276609644293785 0.015157580375671387 0.05175496265292168
v -0.019622499123215675 0.01467358972877264 0.05167502537369728
v -0.018488580361008644 0.012805749662220478 0.05057829990983009
v 0.04822593182325363 0.009350298903882504 0.054271649569272995
v 0.045707881450653076 0.010975419543683529 0.05325615778565407
v 0.046544190496206284 0.00686687184497714 0.05312390252947807
v 0.04822593182325363 0.009350298903882504 0.054271649569272995
v 0.046544190496206284 0.00686687184497714 0.05312390252947807
v 0.048384130001068115 0.008466958068311214 0.05425013229250908
v 0.03748631104826927 0.019357619807124138 0.055533360689878464
v 0.03701967000961304 0.019663920626044273 0.05561727657914162
v 0.03352576121687889 0.01838403008878231 0.05438840761780739
v -0.015576420351862907 0.016156669706106186 0.05119563266634941
v -0.019276609644293785 0.015157580375671387 0.05175496265292168
v -0.018488580361008644 0.012805749662220478 0.05057829990983009
v -0.015576420351862907 0.016156669706106186 0.05119563266634941
v -0.01781100034713745 0.01684235967695713 0.052085231989622116
v -0.019276609644293785 0.015157580375671387 0.05175496265292168
v -0.01713269017636776 0.017505759373307228 0.052242461591959
v -0.01781100034713745 0.01684235967695713 0.052085231989622116
v -0.015576420351862907 0.016156669706106186 0.05119563266634941
v -0.016372619196772575 0.018056800588965416 0.05236155912280083
v -0.01713269017636776 0.017505759373307228 0.052242461591959
v -0.015576420351862907 0.016156669706106186 0.05119563266634941
v 0.048037171363830566 0.010105550289154053 0.054305922240018845
v 0.045707881450653076 0.010975419543683529 0.05325615778565407
v 0.04822593182325363 0.009350298903882504 0.054271649569272995
v -0.01568645052611828 0.018724020570516586 0.05252981558442116
v -0.016372619196772575 0.018056800588965416 0.05236155912280083
v -0.015576420351862907 0.016156669706106186 0.05119563266634941
v 0.03875190019607544 0.01898038014769554 0.05542625114321709
v 0.03352576121687889 0.01838403008878231 0.05438840761780739
v 0.039550840854644775 0.0166091900318861 0.05395865812897682
v 0.03875190019607544 0.01898038014769554 0.05542625114321709
v 0.03748631104826927 0.019357619807124138 0.055533360689878464
v 0.03352576121687889 0.01838403008878231 0.05438840761780739
v -0.015002479776740074 0.01918523944914341 0.05263519659638405
v -0.01568645052611828 0.018724020570516586 0.05252981558442116
v -0.015576420351862907 0.016156669706106186 0.05119563266634941
v 0.04776144027709961 0.011002950370311737 0.05433249846100807
v 0.045707881450653076 0.010975419543683529 0.05325615778565407
v 0.048037171363830566 0.010105550289154053 0.054305922240018845
v 0.03977363929152489 0.018643969669938087 0.055325161665678024
v 0.03875190019607544 0.01898038014769554 0.05542625114321709
v 0.039550840854644775 0.0166091900318861 0.05395865812897682
v -0.012692799791693687 0.01843482069671154 0.05171621963381767
v -0.015002479776740074 0.01918523944914341 0.05263519659638405
v -0.015576420351862907 0.016156669706106186 0.05119563266634941
v -0.014221309684216976 0.019800659269094467 0.05280822888016701
v -0.015002479776740074 0.01918523944914341 0.05263519659638405
v -0.012692799791693687 0.01843482069671154 0.05171621963381767
v 0.0475044809281826 0.011871330440044403 0.05437922850251198
v 0.045707881450653076 0.010975419543683529 0.05325615778565407
v 0.04776144027709961 0.011002950370311737 0.05433249846100807
v 0.04063481092453003 0.01846987009048462 0.05527694150805473
v 0.03977363929152489 0.018643969669938087 0.055325161665678024
v 0.039550840854644775 0.0166091900318861 0.05395865812897682
v -0.013435780070722103 0.020390570163726807 0.05298197641968727
v -0.014221309684216976 0.019800659269094467 0.05280822888016701
v -0.012692799791693687 0.01843482069671154 0.05171621963381767
v 0.047185301780700684 0.012597019784152508 0.054418209940195084
v 0.045707881450653076 0.010975419543683529 0.05325615778565407
v 0.0475044809281826 0.011871330440044403 0.05437922850251198
v 0.04139560088515282 0.01815927028656006 0.055197540670633316
v 0.04063481092453003 0.01846987009048462 0.05527694150805473
v 0.039550840854644775 0.0166091900318861 0.05395865812897682
v 0.04139560088515282 0.01815927028656006 0.055197540670633316
v 0.039550840854644775 0.0166091900318861 0.05395865812897682
v 0.04185456037521362 0.015587270259857178 0.05373132601380348
v -0.012363850139081478 0.021146709099411964 0.05319869890809059
v -0.013435780070722103 0.020390570163726807 0.05298197641968727
v -0.012692799791693687 0.01843482069671154 0.05171621963381767
v 0.046812351793050766 0.013293740339577198 0.05447192117571831
v 0.045707881450653076 0.010975419543683529 0.05325615778565407
v 0.047185301780700684 0.012597019784152508 0.054418209940195084
v 0.046812351793050766 0.013293740339577198 0.05447192117571831
v 0.04492979869246483 0.012539859861135483 0.053368519991636276
v 0.045707881450653076 0.010975419543683529 0.05325615778565407
v 0.04205083101987839 0.01786172017455101 0.055122021585702896
v 0.04139560088515282 0.01815927028656006 0.055197540670633316
v 0.04185456037521362 0.015587270259857178 0.05373132601380348
v 0.046497639268636703 0.013600519858300686 0.05447198078036308
v 0.04492979869246483 0.012539859861135483 0.053368519991636276
v 0.046812351793050766 0.013293740339577198 0.05447192117571831
v -0.011789560317993164 0.021439850330352783 0.05330176278948784
v -0.012363850139081478 0.021146709099411964 0.05319869890809059
v -0.012692799791693687 0.01843482069671154 0.05171621963381767
v -0.011789560317993164 0.021439850330352783 0.05330176278948784
v -0.012692799791693687 0.01843482069671154 0.05171621963381767
v -0.0094566335901618 0.02021116018295288 0.05221177265048027
v 0.04258757084608078 0.01749444007873535 0.055041197687387466
v 0.04205083101987839 0.01786172017455101 0.055122021585702896
v 0.04185456037521362 0.015587270259857178 0.05373132601380348
v 0.04621315002441406 0.01403898000717163 0.054512929171323776
v 0.04492979869246483 0.012539859861135483 0.053368519991636276
v 0.046497639268636703 0.013600519858300686 0.05447198078036308
v 0.04324549064040184 0.017075059935450554 0.054954711347818375
v 0.04258757084608078 0.01749444007873535 0.055041197687387466
v 0.04185456037521362 0.015587270259857178 0.05373132601380348
v -0.010896979831159115 0.021846110001206398 0.053450409322977066
v -0.011789560317993164 0.021439850330352783 0.05330176278948784
v -0.0094566335901618 0.02021116018295288 0.05221177265048027
v 0.04574203118681908 0.014894720166921616 0.05463076010346413
v 0.04492979869246483 0.012539859861135483 0.053368519991636276
v 0.04621315002441406 0.01403898000717163 0.054512929171323776
v 0.04574203118681908 0.014894720166921616 0.05463076010346413
v 0.04368126019835472 0.014132729731500149 0.05352498218417168
v 0.04492979869246483 0.012539859861135483 0.053368519991636276
v 0.04374498128890991 0.016730070114135742 0.05489349737763405
v 0.04324549064040184 0.017075059935450554 0.054954711347818375
v 0.04185456037521362 0.015587270259857178 0.05373132601380348
v 0.04541188105940819 0.015082409605383873 0.054628681391477585
v 0.04368126019835472 0.014132729731500149 0.05352498218417168
v 0.04574203118681908 0.014894720166921616 0.05463076010346413
v 0.04421985149383545 0.016325289383530617 0.05482048913836479
v 0.04374498128890991 0.016730070114135742 0.05489349737763405
v 0.04185456037521362 0.015587270259857178 0.05373132601380348
v 0.04421985149383545 0.016325289383530617 0.05482048913836479
v 0.04185456037521362 0.015587270259857178 0.05373132601380348
v 0.04368126019835472 0.014132729731500149 0.05352498218417168
v 0.04501909017562866 0.015522589907050133 0.05468476936221123
v 0.04368126019835472 0.014132729731500149 0.05352498218417168
v 0.04541188105940819 0.015082409605383873 0.054628681391477585
v -0.010041110217571259 0.02224658988416195 0.05359918996691704
v -0.010896979831159115 0.021846110001206398 0.053450409322977066
v -0.0094566335901618 0.02021116018295288 0.05221177265048027
v -0.010041110217571259 0.02224658988416195 0.05359918996691704
v -0.0094566335901618 0.02021116018295288 0.05221177265048027
v -0.007988630793988705 0.020797720178961754 0.05240899696946144
v 0.04501909017562866 0.015522589907050133 0.05468476936221123
v 0.04421985149383545 0.016325289383530617 0.05482048913836479
v 0.04368126019835472 0.014132729731500149 0.05352498218417168
v -0.00918263103812933 0.022606609389185905 0.05374414101243019
v -0.010041110217571259 0.02224658988416195 0.05359918996691704
v -0.007988630793988705 0.020797720178961754 0.05240899696946144
v -0.008319436572492123 0.022925550118088722 0.05388570949435234
v -0.00918263103812933 0.022606609389185905 0.05374414101243019
v -0.007988630793988705 0.020797720178961754 0.05240899696946144
v -0.00745046092197299 0.023203900083899498 0.05402368679642677
v -0.007988630793988705 0.020797720178961754 0.05240899696946144
v -0.005368291866034269 0.021525800228118896 0.05273020640015602
v -0.00745046092197299 0.023203900083899498 0.05402368679642677
v -0.008319436572492123 0.022925550118088722 0.05388570949435234
v -0.007988630793988705 0.020797720178961754 0.05240899696946144
v -0.006557822227478027 0.023387489840388298 0.05413259193301201
v -0.00745046092197299 0.023203900083899498 0.05402368679642677
v -0.005368291866034269 0.021525800228118896 0.05273020640015602
v -0.005739330779761076 0.02363431081175804 0.05428184196352959
v -0.006557822227478027 0.023387489840388298 0.05413259193301201
v -0.005368291866034269 0.021525800228118896 0.05273020640015602
v -0.004846394062042236 0.023802220821380615 0.05440962687134743
v -0.005739330779761076 0.02363431081175804 0.05428184196352959
v -0.005368291866034269 0.021525800228118896 0.05273020640015602
v -0.0038971900939941406 0.023944910615682602 0.05454069748520851
v -0.005368291866034269 0.021525800228118896 0.05273020640015602
v -0.000862503016833216 0.0220489501953125 0.05323672667145729
v -0.0038971900939941406 0.023944910615682602 0.05454069748520851
v -0.004846394062042236 0.023802220821380615 0.05440962687134743
v -0.005368291866034269 0.021525800228118896 0.05273020640015602
v -0.0028461809270083904 0.02406327985227108 0.05467957630753517
v -0.0038971900939941406 0.023944910615682602 0.05454069748520851
v -0.000862503016833216 0.0220489501953125 0.05323672667145729
v -0.00171488500200212 0.024077830836176872 0.05477744713425636
v -0.0028461809270083904 0.02406327985227108 0.05467957630753517
v -0.000862503016833216 0.0220489501953125 0.05323672667145729
v -0.0004531739978119731 0.024142740294337273 0.054927948862314224
v -0.00171488500200212 0.024077830836176872 0.05477744713425636
v -0.000862503016833216 0.0220489501953125 0.05323672667145729
v 0.0010131000308319926 0.024178560823202133 0.055092278867959976
v -0.0004531739978119731 0.024142740294337273 0.054927948862314224
v -0.000862503016833216 0.0220489501953125 0.05323672667145729
v 0.0027912850491702557 0.024183029308915138 0.05527527257800102
v -0.000862503016833216 0.0220489501953125 0.05323672667145729
v 0.008174717426300049 0.022033030167222023 0.054026972502470016
v 0.0027912850491702557 0.024183029308915138 0.05527527257800102
v 0.0010131000308319926 0.024178560823202133 0.055092278867959976
v -0.000862503016833216 0.0220489501953125 0.05323672667145729
v 0.005182563792914152 0.024162819609045982 0.055491041392087936
v 0.0027912850491702557 0.024183029308915138 0.05527527257800102
v 0.008174717426300049 0.022033030167222023 0.054026972502470016
v 0.007702291011810303 0.024149000644683838 0.05568528547883034
v 0.005182563792914152 0.024162819609045982 0.055491041392087936
v 0.008174717426300049 0.022033030167222023 0.054026972502470016
v 0.009732604026794434 0.024246150627732277 0.05587871000170708
v 0.007702291011810303 0.024149000644683838 0.05568528547883034
v 0.008174717426300049 0.022033030167222023 0.054026972502470016
v 0.012074530124664307 0.024118660017848015 0.05599023029208183
v 0.008174717426300049 0.022033030167222023 0.054026972502470016
v 0.012816250324249268 0.021930929273366928 0.054277125746011734
v 0.012074530124664307 0.024118660017848015 0.05599023029208183
v 0.009732604026794434 0.024246150627732277 0.05587871000170708
v 0.008174717426300049 0.022033030167222023 0.054026972502470016
v 0.014468190260231495 0.024076279252767563 0.056117478758096695
v 0.012074530124664307 0.024118660017848015 0.05599023029208183
v 0.012816250324249268 0.021930929273366928 0.054277125746011734
v 0.016108930110931396 0.02394157089293003 0.056171778589487076
v 0.012816250324249268 0.021930929273366928 0.054277125746011734
v 0.018937230110168457 0.021370530128479004 0.05450177565217018
v 0.016108930110931396 0.02394157089293003 0.056171778589487076
v 0.014468190260231495 0.024076279252767563 0.056117478758096695
v 0.012816250324249268 0.021930929273366928 0.054277125746011734
v 0.01762573979794979 0.023752739652991295 0.05620438978075981
v 0.016108930110931396 0.02394157089293003 0.056171778589487076
v 0.018937230110168457 0.021370530128479004 0.05450177565217018
v 0.020624270662665367 -0.023354530334472656 0.05625361576676369
v 0.017192240804433823 -0.021576160565018654 0.05445094034075737
v 0.014770199544727802 -0.02403891086578369 0.05612993612885475
v 0.020624270662665367 -0.023354530334472656 0.05625361576676369
v 0.020373700186610222 -0.021167870610952377 0.05454188957810402
v 0.017192240804433823 -0.021576160565018654 0.05445094034075737
v -0.02249228022992611 -0.0001415919978171587 0.04949623718857765
v -0.02453874982893467 -0.0006097729783505201 0.05041730776429176
v -0.024467220529913902 -0.0015940070152282715 0.05042858049273491
v -0.02221149019896984 -0.003780663013458252 0.04959249868988991
v -0.024467220529913902 -0.0015940070152282715 0.05042858049273491
v -0.024381810799241066 -0.0026491880416870117 0.05045372620224953
v -0.02221149019896984 -0.003780663013458252 0.04959249868988991
v -0.02249228022992611 -0.0001415919978171587 0.04949623718857765
v -0.024467220529913902 -0.0015940070152282715 0.05042858049273491
v -0.02221149019896984 -0.003780663013458252 0.04959249868988991
v -0.024381810799241066 -0.0026491880416870117 0.05045372620224953
v -0.024267669767141342 -0.003644644981250167 0.05048823729157448
v 0.027761340141296387 -0.02187119983136654 0.05611038580536842
v 0.020373700186610222 -0.021167870610952377 0.05454188957810402
v 0.020624270662665367 -0.023354530334472656 0.05625361576676369
v 0.027761340141296387 -0.02187119983136654 0.05611038580536842
v 0.02751225046813488 -0.019859490916132927 0.054576050490140915
v 0.020373700186610222 -0.021167870610952377 0.05454188957810402
v -0.02221149019896984 -0.003780663013458252 0.04959249868988991
v -0.024267669767141342 -0.003644644981250167 0.05048823729157448
v -0.024028360843658447 -0.004620850086212158 0.050531450659036636
v 0.0467754602432251 -0.004213153850287199 0.05309111997485161
v 0.048883140087127686 0.000021537800421356224 0.054185282438993454
v 0.04685239866375923 0.0019111629808321595 0.05307311937212944
v -0.02221149019896984 -0.003780663013458252 0.04959249868988991
v -0.024028360843658447 -0.004620850086212158 0.050531450659036636
v -0.023907840251922607 -0.0055980677716434 0.05059641972184181
v -0.02221149019896984 -0.003780663013458252 0.04959249868988991
v -0.023907840251922607 -0.0055980677716434 0.05059641972184181
v -0.023779690265655518 -0.006122529041022062 0.050627175718545914
v 0.04876399040222168 -0.0009955780114978552 0.05414463207125664
v 0.048883140087127686 0.000021537800421356224 0.054185282438993454
v 0.0467754602432251 -0.004213153850287199 0.05309111997485161
v -0.021287139505147934 -0.007289766799658537 0.0498511902987957
v -0.023779690265655518 -0.006122529041022062 0.050627175718545914
v -0.02356863021850586 -0.006889224052429199 0.05068023130297661
v -0.021287139505147934 -0.007289766799658537 0.0498511902987957
v -0.02221149019896984 -0.003780663013458252 0.04959249868988991
v -0.023779690265655518 -0.006122529041022062 0.050627175718545914
v -0.021287139505147934 -0.007289766799658537 0.0498511902987957
v -0.02356863021850586 -0.006889224052429199 0.05068023130297661
v -0.023265769705176353 -0.007826565764844418 0.05076010152697563
v 0.04886120185256004 -0.0017750259721651673 0.05417269840836525
v 0.04876399040222168 -0.0009955780114978552 0.05414463207125664
v 0.0467754602432251 -0.004213153850287199 0.05309111997485161
v -0.021287139505147934 -0.007289766799658537 0.0498511902987957
v -0.023265769705176353 -0.007826565764844418 0.05076010152697563
v -0.022945819422602654 -0.008722960017621517 0.05084562674164772
v -0.021287139505147934 -0.007289766799658537 0.0498511902987957
v -0.022945819422602654 -0.008722960017621517 0.05084562674164772
v -0.02244943007826805 -0.009866118431091309 0.05097300931811333
v 0.04879659041762352 -0.003366648918017745 0.05417764559388161
v 0.04886120185256004 -0.0017750259721651673 0.05417269840836525
v 0.0467754602432251 -0.004213153850287199 0.05309111997485161
v 0.029790280386805534 -0.021569009870290756 0.05607682839035988
v 0.02751225046813488 -0.019859490916132927 0.054576050490140915
v 0.027761340141296387 -0.02187119983136654 0.05611038580536842
v -0.01988868974149227 -0.010519740171730518 0.05023175850510597
v -0.02244943007826805 -0.009866118431091309 0.05097300931811333
v -0.02208488993346691 -0.01048344001173973 0.051040951162576675
v -0.01988868974149227 -0.010519740171730518 0.05023175850510597
v -0.021287139505147934 -0.007289766799658537 0.0498511902987957
v -0.02244943007826805 -0.009866118431091309 0.05097300931811333
v -0.01988868974149227 -0.010519740171730518 0.05023175850510597
v -0.02208488993346691 -0.01048344001173973 0.051040951162576675
v -0.021579140797257423 -0.011632380075752735 0.05119514837861061
v 0.03168271854519844 -0.021098969504237175 0.055981460958719254
v 0.03248763084411621 -0.01865690015256405 0.05443507805466652
v 0.02751225046813488 -0.019859490916132927 0.054576050490140915
v 0.03168271854519844 -0.021098969504237175 0.055981460958719254
v 0.02751225046813488 -0.019859490916132927 0.054576050490140915
v 0.029790280386805534 -0.021569009870290756 0.05607682839035988
v 0.04860270023345947 -0.005085945129394531 0.0541691891849041
v 0.04879659041762352 -0.003366648918017745 0.05417764559388161
v 0.0467754602432251 -0.004213153850287199 0.05309111997485161
v -0.01988868974149227 -0.010519740171730518 0.05023175850510597
v -0.021579140797257423 -0.011632380075752735 0.05119514837861061
v -0.021294889971613884 -0.01216685026884079 0.05126703158020973
v -0.018262799829244614 -0.013131380081176758 0.050628911703825
v -0.021294889971613884 -0.01216685026884079 0.05126703158020973
v -0.020830389112234116 -0.012952079996466637 0.051375631242990494
v 0.03359388932585716 -0.020604489371180534 0.05586761608719826
v 0.03248763084411621 -0.01865690015256405 0.05443507805466652
v 0.03168271854519844 -0.021098969504237175 0.055981460958719254
v -0.018262799829244614 -0.013131380081176758 0.050628911703825
v -0.01988868974149227 -0.010519740171730518 0.05023175850510597
v -0.021294889971613884 -0.01216685026884079 0.05126703158020973
v 0.04855746030807495 -0.006593048106878996 0.05420948192477226
v 0.0467754602432251 -0.004213153850287199 0.05309111997485161
v 0.04631203040480614 -0.008516073226928711 0.0531613864004612
v 0.04855746030807495 -0.006593048106878996 0.05420948192477226
v 0.04860270023345947 -0.005085945129394531 0.0541691891849041
v 0.0467754602432251 -0.004213153850287199 0.05309111997485161
v -0.018262799829244614 -0.013131380081176758 0.050628911703825
v -0.020830389112234116 -0.012952079996466637 0.051375631242990494
v -0.020163049921393394 -0.013966199941933155 0.05153727903962135
v 0.04847604036331177 -0.007574737071990967 0.05423237010836601
v 0.04855746030807495 -0.006593048106878996 0.05420948192477226
v 0.04631203040480614 -0.008516073226928711 0.0531613864004612
v 0.03561139106750488 -0.020049750804901123 0.055719319730997086
v 0.038312431424856186 -0.017043650150299072 0.05407774820923805
v 0.03248763084411621 -0.01865690015256405 0.05443507805466652
v 0.03561139106750488 -0.020049750804901123 0.055719319730997086
v 0.03248763084411621 -0.01865690015256405 0.05443507805466652
v 0.03359388932585716 -0.020604489371180534 0.05586761608719826
v -0.01970594935119152 -0.01460552029311657 0.05165756121277809
v -0.018262799829244614 -0.013131380081176758 0.050628911703825
v -0.020163049921393394 -0.013966199941933155 0.05153727903962135
v 0.04834187030792236 -0.008541584014892578 0.05424642935395241
v 0.04631203040480614 -0.008516073226928711 0.0531613864004612
v 0.04595857113599777 -0.010107100009918213 0.053218189626932144
v 0.04834187030792236 -0.008541584014892578 0.05424642935395241
v 0.04847604036331177 -0.007574737071990967 0.05423237010836601
v 0.04631203040480614 -0.008516073226928711 0.0531613864004612
v -0.018997490406036377 -0.015478730201721191 0.05181962624192238
v -0.018262799829244614 -0.013131380081176758 0.050628911703825
v -0.01970594935119152 -0.01460552029311657 0.05165756121277809
v 0.04818958044052124 -0.009414254687726498 0.05426974222064018
v 0.04834187030792236 -0.008541584014892578 0.05424642935395241
v 0.04595857113599777 -0.010107100009918213 0.053218189626932144
v -0.018546579405665398 -0.016036570072174072 0.05192078277468681
v -0.018262799829244614 -0.013131380081176758 0.050628911703825
v -0.018997490406036377 -0.015478730201721191 0.05181962624192238
v 0.03762573003768921 -0.019462820142507553 0.055557262152433395
v 0.038312431424856186 -0.017043650150299072 0.05407774820923805
v 0.03561139106750488 -0.020049750804901123 0.055719319730997086
v -0.014872009865939617 -0.01680343970656395 0.0513315312564373
v -0.018262799829244614 -0.013131380081176758 0.050628911703825
v -0.018546579405665398 -0.016036570072174072 0.05192078277468681
v -0.017759380862116814 -0.016860900446772575 0.05209792032837868
v -0.014872009865939617 -0.01680343970656395 0.0513315312564373
v -0.018546579405665398 -0.016036570072174072 0.05192078277468681
v -0.017009669914841652 -0.017675340175628662 0.05226178094744682
v -0.014872009865939617 -0.01680343970656395 0.0513315312564373
v -0.017759380862116814 -0.016860900446772575 0.05209792032837868
v 0.04801129922270775 -0.010200380347669125 0.05429423972964287
v 0.04818958044052124 -0.009414254687726498 0.05426974222064018
v 0.04595857113599777 -0.010107100009918213 0.053218189626932144
v -0.016334349289536476 -0.018266260623931885 0.052403222769498825
v -0.014872009865939617 -0.01680343970656395 0.0513315312564373
v -0.017009669914841652 -0.017675340175628662 0.05226178094744682
v 0.03888005018234253 -0.01907891035079956 0.05544096603989601
v 0.038312431424856186 -0.017043650150299072 0.05407774820923805
v 0.03762573003768921 -0.019462820142507553 0.055557262152433395
v -0.015579810366034508 -0.018911179155111313 0.052560869604349136
v -0.014872009865939617 -0.01680343970656395 0.0513315312564373
v -0.016334349289536476 -0.018266260623931885 0.052403222769498825
v 0.04780399054288864 -0.010977800004184246 0.05432743951678276
v 0.04801129922270775 -0.010200380347669125 0.05429423972964287
v 0.04595857113599777 -0.010107100009918213 0.053218189626932144
v -0.014836600050330162 -0.01946401037275791 0.05271149054169655
v -0.014872009865939617 -0.01680343970656395 0.0513315312564373
v -0.015579810366034508 -0.018911179155111313 0.052560869604349136
v 0.03988587111234665 -0.018742019310593605 0.05534124746918678
v 0.038312431424856186 -0.017043650150299072 0.05407774820923805
v 0.03888005018234253 -0.01907891035079956 0.05544096603989601
v 0.04755818098783493 -0.011625460349023342 0.05436183139681816
v 0.04595857113599777 -0.010107100009918213 0.053218189626932144
v 0.04523925855755806 -0.011953890323638916 0.053319815546274185
v 0.04755818098783493 -0.011625460349023342 0.05436183139681816
v 0.04780399054288864 -0.010977800004184246 0.05432743951678276
v 0.04595857113599777 -0.010107100009918213 0.053218189626932144
v -0.014286990277469158 -0.019891560077667236 0.05283266678452492
v -0.014872009865939617 -0.01680343970656395 0.0513315312564373
v -0.014836600050330162 -0.01946401037275791 0.05271149054169655
v 0.04737091064453125 -0.012192130088806152 0.05438901111483574
v 0.04755818098783493 -0.011625460349023342 0.05436183139681816
v 0.04523925855755806 -0.011953890323638916 0.053319815546274185
v -0.011551430448889732 -0.019131120294332504 0.05189533159136772
v -0.014872009865939617 -0.01680343970656395 0.0513315312564373
v -0.014286990277469158 -0.019891560077667236 0.05283266678452492
v 0.04076308012008667 -0.018415210768580437 0.055249277502298355
v 0.04106235131621361 -0.015994960442185402 0.05381697788834572
v 0.038312431424856186 -0.017043650150299072 0.05407774820923805
v 0.04076308012008667 -0.018415210768580437 0.055249277502298355
v 0.038312431424856186 -0.017043650150299072 0.05407774820923805
v 0.03988587111234665 -0.018742019310593605 0.05534124746918678
v -0.013472430408000946 -0.020457560196518898 0.05298985168337822
v -0.011551430448889732 -0.019131120294332504 0.05189533159136772
v -0.014286990277469158 -0.019891560077667236 0.05283266678452492
v 0.04694974049925804 -0.013057580217719078 0.05445237085223198
v 0.04737091064453125 -0.012192130088806152 0.05438901111483574
v 0.04523925855755806 -0.011953890323638916 0.053319815546274185
v 0.041501760482788086 -0.0181122999638319 0.05516636744141579
v 0.04106235131621361 -0.015994960442185402 0.05381697788834572
v 0.04076308012008667 -0.018415210768580437 0.055249277502298355
v -0.01272428035736084 -0.020908890292048454 0.05312241241335869
v -0.011551430448889732 -0.019131120294332504 0.05189533159136772
v -0.013472430408000946 -0.020457560196518898 0.05298985168337822
v 0.04228419065475464 -0.01762997917830944 0.055070411413908005
v 0.04106235131621361 -0.015994960442185402 0.05381697788834572
v 0.041501760482788086 -0.0181122999638319 0.05516636744141579
v 0.04656242951750755 -0.01373589038848877 0.05451047793030739
v 0.04694974049925804 -0.013057580217719078 0.05445237085223198
v 0.04523925855755806 -0.011953890323638916 0.053319815546274185
v 0.04656242951750755 -0.01373589038848877 0.05451047793030739
v 0.04523925855755806 -0.011953890323638916 0.053319815546274185
v 0.04416000097990036 -0.013616619631648064 0.05347282066941261
v 0.042975958436727524 -0.01732265017926693 0.05500281974673271
v 0.04106235131621361 -0.015994960442185402 0.05381697788834572
v 0.04228419065475464 -0.01762997917830944 0.055070411413908005
v -0.011866450309753418 -0.021423330530524254 0.05329203978180885
v -0.011551430448889732 -0.019131120294332504 0.05189533159136772
v -0.01272428035736084 -0.020908890292048454 0.05312241241335869
v 0.04628098011016846 -0.014156520366668701 0.054555896669626236
v 0.04656242951750755 -0.01373589038848877 0.05451047793030739
v 0.04416000097990036 -0.013616619631648064 0.05347282066941261
v 0.042975958436727524 -0.01732265017926693 0.05500281974673271
v 0.04289335012435913 -0.014866050332784653 0.0536201111972332
v 0.04106235131621361 -0.015994960442185402 0.05381697788834572
v 0.04563051089644432 -0.014819920063018799 0.0545964278280735
v 0.04628098011016846 -0.014156520366668701 0.054555896669626236
v 0.04416000097990036 -0.013616619631648064 0.05347282066941261
v 0.045426130294799805 -0.015208720229566097 0.05466331169009209
v 0.04416000097990036 -0.013616619631648064 0.05347282066941261
v 0.04289335012435913 -0.014866050332784653 0.0536201111972332
v -0.010962840169668198 -0.02182215079665184 0.053439509123563766
v -0.011551430448889732 -0.019131120294332504 0.05189533159136772
v -0.011866450309753418 -0.021423330530524254 0.05329203978180885
v -0.010962840169668198 -0.02182215079665184 0.053439509123563766
v -0.009845912456512451 -0.020031800493597984 0.05215175077319145
v -0.011551430448889732 -0.019131120294332504 0.05189533159136772
v 0.045426130294799805 -0.015208720229566097 0.05466331169009209
v 0.04563051089644432 -0.014819920063018799 0.0545964278280735
v 0.04416000097990036 -0.013616619631648064 0.05347282066941261
v 0.044137291610240936 -0.016509950160980225 0.05485690012574196
v 0.04289335012435913 -0.014866050332784653 0.0536201111972332
v 0.042975958436727524 -0.01732265017926693 0.05500281974673271
v 0.04506450146436691 -0.01561439037322998 0.054713908582925797
v 0.045426130294799805 -0.015208720229566097 0.05466331169009209
v 0.04289335012435913 -0.014866050332784653 0.0536201111972332
v 0.044666290283203125 -0.016030369326472282 0.05478304997086525
v 0.04289335012435913 -0.014866050332784653 0.0536201111972332
v 0.044137291610240936 -0.016509950160980225 0.05485690012574196
v 0.044666290283203125 -0.016030369326472282 0.05478304997086525
v 0.04506450146436691 -0.01561439037322998 0.054713908582925797
v 0.04289335012435913 -0.014866050332784653 0.0536201111972332
v -0.01020091027021408 -0.022155579179525375 0.053561750799417496
v -0.009845912456512451 -0.020031800493597984 0.05215175077319145
v -0.010962840169668198 -0.02182215079665184 0.053439509123563766
v -0.009546576999127865 -0.02256160043179989 0.05369110032916069
v -0.009845912456512451 -0.020031800493597984 0.05215175077319145
v -0.01020091027021408 -0.022155579179525375 0.053561750799417496
v -0.009546576999127865 -0.02256160043179989 0.05369110032916069
v -0.00623971177265048 -0.021345069631934166 0.05262858048081398
v -0.009845912456512451 -0.020031800493597984 0.05215175077319145
v -0.008729994297027588 -0.022880490869283676 0.05382687970995903
v -0.00623971177265048 -0.021345069631934166 0.05262858048081398
v -0.009546576999127865 -0.02256160043179989 0.05369110032916069
v -0.007579981815069914 -0.023173030465841293 0.054004739969968796
v -0.00623971177265048 -0.021345069631934166 0.05262858048081398
v -0.008729994297027588 -0.022880490869283676 0.05382687970995903
v -0.006188035011291504 -0.02348124049603939 0.054183732718229294
v -0.00623971177265048 -0.021345069631934166 0.05262858048081398
v -0.007579981815069914 -0.023173030465841293 0.054004739969968796
v -0.0052387709729373455 -0.023653090000152588 0.054310571402311325
v -0.00623971177265048 -0.021345069631934166 0.05262858048081398
v -0.006188035011291504 -0.02348124049603939 0.054183732718229294
v -0.0052387709729373455 -0.023653090000152588 0.054310571402311325
v -0.0025680060498416424 -0.021927829831838608 0.05305344983935356
v -0.00623971177265048 -0.021345069631934166 0.05262858048081398
v -0.004281163215637207 -0.023811930790543556 0.05444425716996193
v -0.0025680060498416424 -0.021927829831838608 0.05305344983935356
v -0.0052387709729373455 -0.023653090000152588 0.054310571402311325
v -0.003253221046179533 -0.023943360894918442 0.05458218976855278
v -0.0025680060498416424 -0.021927829831838608 0.05305344983935356
v -0.004281163215637207 -0.023811930790543556 0.05444425716996193
v -0.0021416540257632732 -0.024047130718827248 0.05472457781434059
v -0.0025680060498416424 -0.021927829831838608 0.05305344983935356
v -0.003253221046179533 -0.023943360894918442 0.05458218976855278
v -0.0009355450165458024 -0.02412194013595581 0.05487145110964775
v 0.0025520320050418377 -0.022079279646277428 0.053579580038785934
v -0.0025680060498416424 -0.021927829831838608 0.05305344983935356
v -0.0009355450165458024 -0.02412194013595581 0.05487145110964775
v -0.0025680060498416424 -0.021927829831838608 0.05305344983935356
v -0.0021416540257632732 -0.024047130718827248 0.05472457781434059
v 0.00011086599988630041 -0.024160919710993767 0.05499256029725075
v 0.0025520320050418377 -0.022079279646277428 0.053579580038785934
v -0.0009355450165458024 -0.02412194013595581 0.05487145110964775
v 0.0014709229581058025 -0.02431773953139782 0.05518675968050957
v 0.0025520320050418377 -0.022079279646277428 0.053579580038785934
v 0.00011086599988630041 -0.024160919710993767 0.05499256029725075
v 0.0033426880836486816 -0.02423650026321411 0.05536289140582085
v 0.0025520320050418377 -0.022079279646277428 0.053579580038785934
v 0.0014709229581058025 -0.02431773953139782 0.05518675968050957
v 0.005707501899451017 -0.02421635016798973 0.055567990988492966
v 0.0025520320050418377 -0.022079279646277428 0.053579580038785934
v 0.0033426880836486816 -0.02423650026321411 0.05536289140582085
v 0.008203566074371338 -0.024149060249328613 0.05571967735886574
v 0.011982380412518978 -0.021964550018310547 0.05423194542527199
v 0.0025520320050418377 -0.022079279646277428 0.053579580038785934
v 0.008203566074371338 -0.024149060249328613 0.05571967735886574
v 0.0025520320050418377 -0.022079279646277428 0.053579580038785934
v 0.005707501899451017 -0.02421635016798973 0.055567990988492966
v 0.014770199544727802 -0.02403891086578369 0.05612993612885475
v 0.011982380412518978 -0.021964550018310547 0.05423194542527199
v 0.008203566074371338 -0.024149060249328613 0.05571967735886574
v 0.014770199544727802 -0.02403891086578369 0.05612993612885475
v 0.017192240804433823 -0.021576160565018654 0.05445094034075737
v 0.011982380412518978 -0.021964550018310547 0.05423194542527199
v -0.00857168436050415 0.04295599088072777 0.033785589039325714
v -0.011069109663367271 0.042599551379680634 0.032476019114255905
v -0.0110162403434515 0.04259181022644043 0.033520590513944626
v -0.0006194339948706329 0.04313921183347702 0.0347372405230999
v -0.0015222430229187012 0.043219078332185745 0.033563800156116486
v -0.0019757149275392294 0.043212950229644775 0.03457606956362724
v 0.0008760589989833534 0.043017078191041946 0.034927379339933395
v -0.0015222430229187012 0.043219078332185745 0.033563800156116486
v -0.0006194339948706329 0.04313921183347702 0.0347372405230999
v 0.003343581920489669 0.04277687892317772 0.03411787748336792
v -0.0015222430229187012 0.043219078332185745 0.033563800156116486
v 0.0008760589989833534 0.043017078191041946 0.034927379339933395
v 0.002461432944983244 0.04285341128706932 0.0351034477353096
v 0.003343581920489669 0.04277687892317772 0.03411787748336792
v 0.0008760589989833534 0.043017078191041946 0.034927379339933395
v 0.004164636135101318 0.04265064001083374 0.03526663780212402
v 0.003343581920489669 0.04277687892317772 0.03411787748336792
v 0.002461432944983244 0.04285341128706932 0.0351034477353096
v 0.06307756155729294 0.01470309030264616 0.04182625934481621
v 0.06257486343383789 0.017924070358276367 0.041771840304136276
v 0.06281626224517822 0.016387220472097397 0.04181862995028496
v -0.04639070853590965 0.0006978249875828624 0.029156159609556198
v -0.0463908314704895 -0.0011870859889313579 0.029572080820798874
v -0.04638129100203514 0.0011552569922059774 0.029593419283628464
v -0.04615050181746483 0.004769920837134123 0.029183339327573776
v -0.04639070853590965 0.0006978249875828624 0.029156159609556198
v -0.04638129100203514 0.0011552569922059774 0.029593419283628464
v -0.046226680278778076 0.0037707090377807617 0.02964198961853981
v -0.04615050181746483 0.004769920837134123 0.029183339327573776
v -0.04638129100203514 0.0011552569922059774 0.029593419283628464
v -0.045929670333862305 0.006324529182165861 0.029664289206266403
v -0.04615050181746483 0.004769920837134123 0.029183339327573776
v -0.046226680278778076 0.0037707090377807617 0.02964198961853981
v -0.045279499143362045 0.009934484027326107 0.029282759875059128
v -0.04615050181746483 0.004769920837134123 0.029183339327573776
v -0.045929670333862305 0.006324529182165861 0.029664289206266403
v -0.04564874991774559 0.008004426024854183 0.029706008732318878
v -0.045279499143362045 0.009934484027326107 0.029282759875059128
v -0.045929670333862305 0.006324529182165861 0.029664289206266403
v -0.045231930911540985 0.009989856742322445 0.029728539288043976
v -0.045279499143362045 0.009934484027326107 0.029282759875059128
v -0.04564874991774559 0.008004426024854183 0.029706008732318878
v -0.044918060302734375 0.011239339597523212 0.029766209423542023
v -0.045279499143362045 0.009934484027326107 0.029282759875059128
v -0.045231930911540985 0.009989856742322445 0.029728539288043976
v -0.04456698149442673 0.01247859001159668 0.029805969446897507
v -0.045279499143362045 0.009934484027326107 0.029282759875059128
v -0.044918060302734375 0.011239339597523212 0.029766209423542023
v -0.04389292001724243 0.014605220407247543 0.029440708458423615
v -0.045279499143362045 0.009934484027326107 0.029282759875059128
v -0.04456698149442673 0.01247859001159668 0.029805969446897507
v -0.0442163310945034 0.013606250286102295 0.029843397438526154
v -0.04389292001724243 0.014605220407247543 0.029440708458423615
v -0.04456698149442673 0.01247859001159668 0.029805969446897507
v -0.043778471648693085 0.014875110238790512 0.029893290251493454
v -0.04389292001724243 0.014605220407247543 0.029440708458423615
v -0.0442163310945034 0.013606250286102295 0.029843397438526154
v -0.043329060077667236 0.016056180000305176 0.029938530176877975
v -0.04389292001724243 0.014605220407247543 0.029440708458423615
v -0.043778471648693085 0.014875110238790512 0.029893290251493454
v -0.04288535937666893 0.01713860034942627 0.029979467391967773
v -0.04389292001724243 0.014605220407247543 0.029440708458423615
v -0.043329060077667236 0.016056180000305176 0.029938530176877975
v -0.04243987053632736 0.018181920051574707 0.02960629016160965
v -0.04389292001724243 0.014605220407247543 0.029440708458423615
v -0.04288535937666893 0.01713860034942627 0.029979467391967773
v -0.04243987053632736 0.018181920051574707 0.02960629016160965
v -0.04288535937666893 0.01713860034942627 0.029979467391967773
v -0.04242616146802902 0.01816480979323387 0.030048318207263947
v -0.04192245006561279 0.019233759492635727 0.03008640930056572
v -0.04243987053632736 0.018181920051574707 0.02960629016160965
v -0.04242616146802902 0.01816480979323387 0.030048318207263947
v -0.04131937026977539 0.020407790318131447 0.030155789107084274
v -0.04243987053632736 0.018181920051574707 0.02960629016160965
v -0.04192245006561279 0.019233759492635727 0.03008640930056572
v -0.04016625136137009 0.022508909925818443 0.029864970594644547
v -0.04243987053632736 0.018181920051574707 0.02960629016160965
v -0.04131937026977539 0.020407790318131447 0.030155789107084274
v -0.040579140186309814 0.021745970472693443 0.030238747596740723
v -0.04016625136137009 0.022508909925818443 0.029864970594644547
v -0.04131937026977539 0.020407790318131447 0.030155789107084274
v -0.03998887166380882 0.022745490074157715 0.03029453754425049
v -0.04016625136137009 0.022508909925818443 0.029864970594644547
v -0.040579140186309814 0.021745970472693443 0.030238747596740723
v -0.03932803124189377 0.023774439468979836 0.030406009405851364
v -0.04016625136137009 0.022508909925818443 0.029864970594644547
v -0.03998887166380882 0.022745490074157715 0.03029453754425049
v -0.03864055126905441 0.02480638027191162 0.03045428916811943
v -0.04016625136137009 0.022508909925818443 0.029864970594644547
v -0.03932803124189377 0.023774439468979836 0.030406009405851364
v -0.03764355182647705 0.026209890842437744 0.03015274927020073
v -0.04016625136137009 0.022508909925818443 0.029864970594644547
v -0.03864055126905441 0.02480638027191162 0.03045428916811943
v -0.03793114051222801 0.025799930095672607 0.030537199229002
v -0.03764355182647705 0.026209890842437744 0.03015274927020073
v -0.03864055126905441 0.02480638027191162 0.03045428916811943
v -0.037214990705251694 0.026745200157165527 0.030614089220762253
v -0.03764355182647705 0.026209890842437744 0.03015274927020073
v -0.03793114051222801 0.025799930095672607 0.030537199229002
v -0.03764355182647705 0.026209890842437744 0.03015274927020073
v -0.037214990705251694 0.026745200157165527 0.030614089220762253
v -0.03650045022368431 0.027635570615530014 0.03068936988711357
v -0.035613831132650375 0.02869712933897972 0.03038370981812477
v -0.03764355182647705 0.026209890842437744 0.03015274927020073
v -0.03650045022368431 0.027635570615530014 0.03068936988711357
v -0.035719629377126694 0.028559919446706772 0.030774839222431183
v -0.035613831132650375 0.02869712933897972 0.03038370981812477
v -0.03650045022368431 0.027635570615530014 0.03068936988711357
v -0.03497380018234253 0.029388900846242905 0.030867349356412888
v -0.035613831132650375 0.02869712933897972 0.03038370981812477
v -0.035719629377126694 0.028559919446706772 0.030774839222431183
v -0.03326869010925293 0.0311700701713562 0.030651219189167023
v -0.035613831132650375 0.02869712933897972 0.03038370981812477
v -0.03497380018234253 0.029388900846242905 0.030867349356412888
v -0.03326869010925293 0.0311700701713562 0.030651219189167023
v -0.03497380018234253 0.029388900846242905 0.030867349356412888
v -0.03398633003234863 0.03041308932006359 0.031018149107694626
v -0.033161040395498276 0.0312496405094862 0.031056590378284454
v -0.03326869010925293 0.0311700701713562 0.030651219189167023
v -0.03398633003234863 0.03041308932006359 0.031018149107694626
v -0.0323142409324646 0.03204077109694481 0.031168170273303986
v -0.03326869010925293 0.0311700701713562 0.030651219189167023
v -0.033161040395498276 0.0312496405094862 0.031056590378284454
v -0.03130573034286499 0.03293329104781151 0.031280290335416794
v -0.03326869010925293 0.0311700701713562 0.030651219189167023
v -0.0323142409324646 0.03204077109694481 0.031168170273303986
v -0.030608350411057472 0.03354305028915405 0.03095436841249466
v -0.03326869010925293 0.0311700701713562 0.030651219189167023
v -0.03130573034286499 0.03293329104781151 0.031280290335416794
v -0.030405700206756592 0.03368479013442993 0.03137999773025513
v -0.030608350411057472 0.03354305028915405 0.03095436841249466
v -0.03130573034286499 0.03293329104781151 0.031280290335416794
v -0.029409879818558693 0.034474071115255356 0.03148115053772926
v -0.030608350411057472 0.03354305028915405 0.03095436841249466
v -0.030405700206756592 0.03368479013442993 0.03137999773025513
v -0.027480950579047203 0.03589123114943504 0.03131062909960747
v -0.030608350411057472 0.03354305028915405 0.03095436841249466
v -0.029409879818558693 0.034474071115255356 0.03148115053772926
v -0.028400540351867676 0.035224080085754395 0.03158576041460037
v -0.027480950579047203 0.03589123114943504 0.03131062909960747
v -0.029409879818558693 0.034474071115255356 0.03148115053772926
v -0.027480950579047203 0.03589123114943504 0.03131062909960747
v -0.028400540351867676 0.035224080085754395 0.03158576041460037
v -0.027465760707855225 0.03587251156568527 0.03169585019350052
v -0.02639240026473999 0.03657788038253784 0.03181714937090874
v -0.027480950579047203 0.03589123114943504 0.03131062909960747
v -0.027465760707855225 0.03587251156568527 0.03169585019350052
v -0.02536981925368309 0.037213679403066635 0.03192383795976639
v -0.027480950579047203 0.03589123114943504 0.03131062909960747
v -0.02639240026473999 0.03657788038253784 0.03181714937090874
v -0.014940500259399414 0.041704948991537094 0.033060140907764435
v -0.015900850296020508 0.04144752025604248 0.03192557021975517
v -0.017014140263199806 0.0410647913813591 0.03284914046525955
v 0.014859969727694988 -0.040936700999736786 0.0364120677113533
v 0.014261960051953793 -0.04107290133833885 0.03606665879487991
v 0.02130728028714657 -0.03969823941588402 0.03717071935534477
v 0.011340320110321045 -0.041566189378499985 0.036003947257995605
v 0.014261960051953793 -0.04107290133833885 0.03606665879487991
v 0.014859969727694988 -0.040936700999736786 0.0364120677113533
v 0.008298872970044613 -0.04207390174269676 0.0356646291911602
v 0.014261960051953793 -0.04107290133833885 0.03606665879487991
v 0.011340320110321045 -0.041566189378499985 0.036003947257995605
v 0.005237578880041838 -0.04256469011306763 0.035038478672504425
v 0.014261960051953793 -0.04107290133833885 0.03606665879487991
v 0.008298872970044613 -0.04207390174269676 0.0356646291911602
v 0.005840479861944914 -0.04245644062757492 0.03538854047656059
v 0.005237578880041838 -0.04256469011306763 0.035038478672504425
v 0.008298872970044613 -0.04207390174269676 0.0356646291911602
v 0.0039220452308654785 -0.04272478073835373 0.03517317771911621
v 0.005237578880041838 -0.04256469011306763 0.035038478672504425
v 0.005840479861944914 -0.04245644062757492 0.03538854047656059
v 0.0022615790367126465 -0.04292643070220947 0.034992337226867676
v 0.005237578880041838 -0.04256469011306763 0.035038478672504425
v 0.0039220452308654785 -0.04272478073835373 0.03517317771911621
v 0.00020830999710597098 -0.04314671829342842 0.03446543961763382
v 0.005237578880041838 -0.04256469011306763 0.035038478672504425
v 0.0022615790367126465 -0.04292643070220947 0.034992337226867676
v 0.0007047000108286738 -0.043080270290374756 0.034820329397916794
v 0.00020830999710597098 -0.04314671829342842 0.03446543961763382
v 0.0022615790367126465 -0.04292643070220947 0.034992337226867676
v -0.0006571030244231224 -0.04318736866116524 0.034663569182157516
v 0.00020830999710597098 -0.04314671829342842 0.03446543961763382
v 0.0007047000108286738 -0.043080270290374756 0.034820329397916794
v -0.0019091960275545716 -0.04325062036514282 0.0345081202685833
v 0.00020830999710597098 -0.04314671829342842 0.03446543961763382
v -0.0006571030244231224 -0.04318736866116524 0.034663569182157516
v -0.004513620864599943 -0.043297410011291504 0.033927448093891144
v 0.00020830999710597098 -0.04314671829342842 0.03446543961763382
v -0.0019091960275545716 -0.04325062036514282 0.0345081202685833
v -0.0036512610968202353 -0.04328715056180954 0.034290798008441925
v -0.004513620864599943 -0.043297410011291504 0.033927448093891144
v -0.0019091960275545716 -0.04325062036514282 0.0345081202685833
v -0.005373119842261076 -0.04324162006378174 0.034114670008420944
v -0.004513620864599943 -0.043297410011291504 0.033927448093891144
v -0.0036512610968202353 -0.04328715056180954 0.034290798008441925
v -0.006983398925513029 -0.04313832148909569 0.03392608091235161
v -0.004513620864599943 -0.043297410011291504 0.033927448093891144
v -0.005373119842261076 -0.04324162006378174 0.034114670008420944
v -0.008623898029327393 -0.04297757148742676 0.03345895931124687
v -0.004513620864599943 -0.043297410011291504 0.033927448093891144
v -0.006983398925513029 -0.04313832148909569 0.03392608091235161
v -0.008189082145690918 -0.043015480041503906 0.03380376845598221
v -0.008623898029327393 -0.04297757148742676 0.03345895931124687
v -0.006983398925513029 -0.04313832148909569 0.03392608091235161
v -0.009360909461975098 -0.042866941541433334 0.03366703912615776
v -0.008623898029327393 -0.04297757148742676 0.03345895931124687
v -0.008189082145690918 -0.043015480041503906 0.03380376845598221
v -0.010594010353088379 -0.04266976937651634 0.033554259687662125
v -0.008623898029327393 -0.04297757148742676 0.03345895931124687
v -0.009360909461975098 -0.042866941541433334 0.03366703912615776
v -0.01215893030166626 -0.04238826036453247 0.033056389540433884
v -0.008623898029327393 -0.04297757148742676 0.03345895931124687
v -0.010594010353088379 -0.04266976937651634 0.033554259687662125
v -0.01172052975744009 -0.042457159608602524 0.03344262018799782
v -0.01215893030166626 -0.04238826036453247 0.033056389540433884
v -0.010594010353088379 -0.04266976937651634 0.033554259687662125
v -0.01215893030166626 -0.04238826036453247 0.033056389540433884
v -0.01172052975744009 -0.042457159608602524 0.03344262018799782
v -0.012998159974813461 -0.0421864315867424 0.03329182043671608
v -0.014146019704639912 -0.04191035032272339 0.03315407782793045
v -0.01215893030166626 -0.04238826036453247 0.033056389540433884
v -0.012998159974813461 -0.0421864315867424 0.03329182043671608
v -0.01600039005279541 -0.041405320167541504 0.03261870890855789
v -0.01215893030166626 -0.04238826036453247 0.033056389540433884
v -0.014146019704639912 -0.04191035032272339 0.03315407782793045
v -0.015139570459723473 -0.041635990142822266 0.03305644914507866
v -0.01600039005279541 -0.041405320167541504 0.03261870890855789
v -0.014146019704639912 -0.04191035032272339 0.03315407782793045
v -0.016210850328207016 -0.04132198914885521 0.032906658947467804
v -0.01600039005279541 -0.041405320167541504 0.03261870890855789
v -0.015139570459723473 -0.041635990142822266 0.03305644914507866
v -0.017394719645380974 -0.04092574119567871 0.03281331807374954
v -0.01600039005279541 -0.041405320167541504 0.03261870890855789
v -0.016210850328207016 -0.04132198914885521 0.032906658947467804
v -0.01836526021361351 -0.040583670139312744 0.03268587961792946
v -0.01600039005279541 -0.041405320167541504 0.03261870890855789
v -0.017394719645380974 -0.04092574119567871 0.03281331807374954
v -0.019602889195084572 -0.04011188820004463 0.032207850366830826
v -0.01600039005279541 -0.041405320167541504 0.03261870890855789
v -0.01836526021361351 -0.040583670139312744 0.03268587961792946
v -0.019853169098496437 -0.040000081062316895 0.03249407932162285
v -0.019602889195084572 -0.04011188820004463 0.032207850366830826
v -0.01836526021361351 -0.040583670139312744 0.03268587961792946
v -0.02117769978940487 -0.039411600679159164 0.032405149191617966
v -0.019602889195084572 -0.04011188820004463 0.032207850366830826
v -0.019853169098496437 -0.040000081062316895 0.03249407932162285
v -0.022769620642066002 -0.03866386041045189 0.031847309321165085
v -0.019602889195084572 -0.04011188820004463 0.032207850366830826
v -0.02117769978940487 -0.039411600679159164 0.032405149191617966
v -0.022916970774531364 -0.0385742112994194 0.03221232071518898
v -0.022769620642066002 -0.03866386041045189 0.031847309321165085
v -0.02117769978940487 -0.039411600679159164 0.032405149191617966
v -0.024563370272517204 -0.03767979145050049 0.032027967274188995
v -0.022769620642066002 -0.03866386041045189 0.031847309321165085
v -0.022916970774531364 -0.0385742112994194 0.03221232071518898
v -0.026677370071411133 -0.03643267974257469 0.03140217810869217
v -0.022769620642066002 -0.03866386041045189 0.031847309321165085
v -0.024563370272517204 -0.03767979145050049 0.032027967274188995
v -0.025669630616903305 -0.037028130143880844 0.0319070890545845
v -0.026677370071411133 -0.03643267974257469 0.03140217810869217
v -0.024563370272517204 -0.03767979145050049 0.032027967274188995
v -0.026758790016174316 -0.036342740058898926 0.03178346902132034
v -0.026677370071411133 -0.03643267974257469 0.03140217810869217
v -0.025669630616903305 -0.037028130143880844 0.0319070890545845
v -0.027805030345916748 -0.03563356027007103 0.031666290014982224
v -0.026677370071411133 -0.03643267974257469 0.03140217810869217
v -0.026758790016174316 -0.036342740058898926 0.03178346902132034
v -0.028732890263199806 -0.0349692702293396 0.03159654885530472
v -0.026677370071411133 -0.03643267974257469 0.03140217810869217
v -0.027805030345916748 -0.03563356027007103 0.031666290014982224
v -0.030560970306396484 -0.03358978033065796 0.030959367752075195
v -0.028732890263199806 -0.0349692702293396 0.03159654885530472
v -0.02976148948073387 -0.03419715166091919 0.031449269503355026
v -0.030560970306396484 -0.03358978033065796 0.030959367752075195
v -0.026677370071411133 -0.03643267974257469 0.03140217810869217
v -0.028732890263199806 -0.0349692702293396 0.03159654885530472
v -0.030698180198669434 -0.033446069806814194 0.03134508058428764
v -0.030560970306396484 -0.03358978033065796 0.030959367752075195
v -0.02976148948073387 -0.03419715166091919 0.031449269503355026
v -0.03159672021865845 -0.03268307074904442 0.03124649077653885
v -0.030560970306396484 -0.03358978033065796 0.030959367752075195
v -0.030698180198669434 -0.033446069806814194 0.03134508058428764
v -0.032549139112234116 -0.03182876110076904 0.031137239187955856
v -0.030560970306396484 -0.03358978033065796 0.030959367752075195
v -0.03159672021865845 -0.03268307074904442 0.03124649077653885
v -0.033822111785411835 -0.030628079548478127 0.03058815747499466
v -0.030560970306396484 -0.03358978033065796 0.030959367752075195
v -0.032549139112234116 -0.03182876110076904 0.031137239187955856
v -0.03347694128751755 -0.03094523958861828 0.031011469662189484
v -0.033822111785411835 -0.030628079548478127 0.03058815747499466
v -0.032549139112234116 -0.03182876110076904 0.031137239187955856
v -0.03446519002318382 -0.029928380623459816 0.030927248299121857
v -0.033822111785411835 -0.030628079548478127 0.03058815747499466
v -0.03347694128751755 -0.03094523958861828 0.031011469662189484
v -0.03576105087995529 -0.028525229543447495 0.03075582906603813
v -0.033822111785411835 -0.030628079548478127 0.03058815747499466
v -0.03446519002318382 -0.029928380623459816 0.030927248299121857
v -0.03676902875304222 -0.027334090322256088 0.030252229422330856
v -0.033822111785411835 -0.030628079548478127 0.03058815747499466
v -0.03576105087995529 -0.028525229543447495 0.03075582906603813
v -0.036846280097961426 -0.02721470035612583 0.03064442053437233
v -0.03676902875304222 -0.027334090322256088 0.030252229422330856
v -0.03576105087995529 -0.028525229543447495 0.03075582906603813
v -0.03758202865719795 -0.02627331018447876 0.030565448105335236
v -0.03676902875304222 -0.027334090322256088 0.030252229422330856
v -0.036846280097961426 -0.02721470035612583 0.03064442053437233
v -0.038944900035858154 -0.024393020197749138 0.03000444918870926
v -0.03758202865719795 -0.02627331018447876 0.030565448105335236
v -0.03826040029525757 -0.025347469374537468 0.030497979372739792
v -0.038944900035858154 -0.024393020197749138 0.03000444918870926
v -0.03676902875304222 -0.027334090322256088 0.030252229422330856
v -0.03758202865719795 -0.02627331018447876 0.030565448105335236
v -0.03891443833708763 -0.024413999170064926 0.030414950102567673
v -0.038944900035858154 -0.024393020197749138 0.03000444918870926
v -0.03826040029525757 -0.025347469374537468 0.030497979372739792
v -0.039592381566762924 -0.023366089910268784 0.03036648780107498
v -0.038944900035858154 -0.024393020197749138 0.03000444918870926
v -0.03891443833708763 -0.024413999170064926 0.030414950102567673
v -0.04019010066986084 -0.02240585908293724 0.030289359390735626
v -0.038944900035858154 -0.024393020197749138 0.03000444918870926
v -0.039592381566762924 -0.023366089910268784 0.03036648780107498
v -0.041369080543518066 -0.020371969789266586 0.029728300869464874
v -0.038944900035858154 -0.024393020197749138 0.03000444918870926
v -0.04019010066986084 -0.02240585908293724 0.030289359390735626
v -0.041369080543518066 -0.020371969789266586 0.029728300869464874
v -0.04019010066986084 -0.02240585908293724 0.030289359390735626
v -0.04078567028045654 -0.021378209814429283 0.030229579657316208
v -0.04135429114103317 -0.020336980000138283 0.030169427394866943
v -0.041369080543518066 -0.020371969789266586 0.029728300869464874
v -0.04078567028045654 -0.021378209814429283 0.030229579657316208
v -0.04192351922392845 -0.019226249307394028 0.030092719942331314
v -0.041369080543518066 -0.020371969789266586 0.029728300869464874
v -0.04135429114103317 -0.020336980000138283 0.030169427394866943
v -0.041369080543518066 -0.020371969789266586 0.029728300869464874
v -0.04192351922392845 -0.019226249307394028 0.030092719942331314
v -0.04274249076843262 -0.017467260360717773 0.03001713752746582
v -0.043200671672821045 -0.016408680006861687 0.029519569128751755
v -0.041369080543518066 -0.020371969789266586 0.029728300869464874
v -0.04274249076843262 -0.017467260360717773 0.03001713752746582
v -0.043375130742788315 -0.01593703031539917 0.0299418605864048
v -0.043200671672821045 -0.016408680006861687 0.029519569128751755
v -0.04274249076843262 -0.017467260360717773 0.03001713752746582
v -0.04382513836026192 -0.014733970165252686 0.02989776059985161
v -0.043200671672821045 -0.016408680006861687 0.029519569128751755
v -0.043375130742788315 -0.01593703031539917 0.0299418605864048
v -0.04447966068983078 -0.012822380289435387 0.02937353029847145
v -0.043200671672821045 -0.016408680006861687 0.029519569128751755
v -0.04382513836026192 -0.014733970165252686 0.02989776059985161
v -0.0442468486726284 -0.013516119681298733 0.02983582764863968
v -0.04447966068983078 -0.012822380289435387 0.02937353029847145
v -0.04382513836026192 -0.014733970165252686 0.02989776059985161
v -0.04461956024169922 -0.012311330065131187 0.029789570719003677
v -0.04447966068983078 -0.012822380289435387 0.02937353029847145
v -0.0442468486726284 -0.013516119681298733 0.02983582764863968
v -0.04514420032501221 -0.010355169884860516 0.02977824956178665
v -0.04447966068983078 -0.012822380289435387 0.02937353029847145
v -0.04461956024169922 -0.012311330065131187 0.029789570719003677
v -0.04549551010131836 -0.008877097629010677 0.029258139431476593
v -0.04447966068983078 -0.012822380289435387 0.02937353029847145
v -0.04514420032501221 -0.010355169884860516 0.02977824956178665
v -0.045475538820028305 -0.00894069578498602 0.029676329344511032
v -0.04549551010131836 -0.008877097629010677 0.029258139431476593
v -0.04514420032501221 -0.010355169884860516 0.02977824956178665
v -0.04593091830611229 -0.0063731069676578045 0.029645688831806183
v -0.04549551010131836 -0.008877097629010677 0.029258139431476593
v -0.045475538820028305 -0.00894069578498602 0.029676329344511032
v -0.046043869107961655 -0.00554996682330966 0.02919543907046318
v -0.04549551010131836 -0.008877097629010677 0.029258139431476593
v -0.04593091830611229 -0.0063731069676578045 0.029645688831806183
v -0.046043869107961655 -0.00554996682330966 0.02919543907046318
v -0.04593091830611229 -0.0063731069676578045 0.029645688831806183
v -0.04613775014877319 -0.004643737804144621 0.029641930013895035
v -0.04621446132659912 -0.0039930338971316814 0.029623158276081085
v -0.046043869107961655 -0.00554996682330966 0.02919543907046318
v -0.04613775014877319 -0.004643737804144621 0.029641930013895035
v -0.04633975028991699 -0.0023682708851993084 0.029162000864744186
v -0.046043869107961655 -0.00554996682330966 0.02919543907046318
v -0.04621446132659912 -0.0039930338971316814 0.029623158276081085
v -0.04633975028991699 -0.0023682708851993084 0.029162000864744186
v -0.04621446132659912 -0.0039930338971316814 0.029623158276081085
v -0.0463908314704895 -0.0011870859889313579 0.029572080820798874
v -0.04639070853590965 0.0006978249875828624 0.029156159609556198
v -0.04633975028991699 -0.0023682708851993084 0.029162000864744186
v -0.0463908314704895 -0.0011870859889313579 0.029572080820798874
v 0.014261960051953793 -0.04107290133833885 0.03606665879487991
v 0.026828819885849953 -0.03857653960585594 0.03777528926730156
v 0.02130728028714657 -0.03969823941588402 0.03717071935534477
v 0.05763036012649536 -0.027571430429816246 0.04122168943285942
v 0.05930953845381737 -0.025895770639181137 0.04119909927248955
v 0.05857139080762863 -0.026671050116419792 0.04137933999300003
v 0.060849130153656006 -0.02361946925520897 0.04137701913714409
v 0.061397671699523926 -0.022386010736227036 0.04143710061907768
v 0.06157689914107323 -0.02193569950759411 0.04168397933244705
v 0.060842689126729965 -0.023577330633997917 0.04160303995013237
v 0.060849130153656006 -0.02361946925520897 0.04137701913714409
v 0.06157689914107323 -0.02193569950759411 0.04168397933244705
v 0.06043398007750511 -0.024280190467834473 0.041570067405700684
v 0.060849130153656006 -0.02361946925520897 0.04137701913714409
v 0.060842689126729965 -0.023577330633997917 0.04160303995013237
v 0.05973070114850998 -0.02533555030822754 0.04148489981889725
v 0.060849130153656006 -0.02361946925520897 0.04137701913714409
v 0.06043398007750511 -0.024280190467834473 0.041570067405700684
v 0.05930953845381737 -0.025895770639181137 0.04119909927248955
v 0.060849130153656006 -0.02361946925520897 0.04137701913714409
v 0.05973070114850998 -0.02533555030822754 0.04148489981889725
v 0.05857139080762863 -0.026671050116419792 0.04137933999300003
v 0.05930953845381737 -0.025895770639181137 0.04119909927248955
v 0.05973070114850998 -0.02533555030822754 0.04148489981889725
v 0.05763036012649536 -0.027571430429816246 0.04122168943285942
v 0.05857139080762863 -0.026671050116419792 0.04137933999300003
v 0.05648760870099068 -0.02848649024963379 0.04113126918673515
v 0.0640905424952507 -0.0017418860225006938 0.041925620287656784
v 0.0641167089343071 0.0012010929640382528 0.04188651964068413
v 0.06407403200864792 0 0.0420149601995945
v 0.061990201473236084 0.020678279921412468 0.04167056828737259
v 0.0617486797273159 0.02143293060362339 0.04169834032654762
v 0.062177181243896484 0.019913610070943832 0.041732799261808395
v 0.06407403200864792 0 0.0420149601995945
v 0.0641167089343071 0.0012010929640382528 0.04188651964068413
v 0.06407403200864792 0 0.04201501980423927
v -0.024028360843658447 -0.004620850086212158 0.050531450659036636
v -0.024267669767141342 -0.003644644981250167 0.05048823729157448
v -0.024185949936509132 -0.004514216911047697 0.050506118685007095
v -0.023907840251922607 -0.0055980677716434 0.05059641972184181
v -0.024028360843658447 -0.004620850086212158 0.050531450659036636
v -0.024185949936509132 -0.004514216911047697 0.050506118685007095
v 0.04228419065475464 -0.01762997917830944 0.055070411413908005
v 0.04232053831219673 -0.017803430557250977 0.055048588663339615
v 0.042975958436727524 -0.01732265017926693 0.05500281974673271
v -0.02244943007826805 -0.009866118431091309 0.05097300931811333
v -0.022244509309530258 -0.010459479875862598 0.051015738397836685
v -0.02208488993346691 -0.01048344001173973 0.051040951162576675
v -0.021579140797257423 -0.011632380075752735 0.05119514837861061
v -0.02208488993346691 -0.01048344001173973 0.051040951162576675
v -0.022244509309530258 -0.010459479875862598 0.051015738397836685
v 0.04590553045272827 -0.01473522000014782 0.05459964647889137
v 0.04628098011016846 -0.014156520366668701 0.054555896669626236
v 0.04563051089644432 -0.014819920063018799 0.0545964278280735
v -0.01020091027021408 -0.022155579179525375 0.053561750799417496
v -0.010744810104370117 -0.0220979992300272 0.05345243588089943
v -0.009546576999127865 -0.02256160043179989 0.05369110032916069
v -0.011866450309753418 -0.021423330530524254 0.05329203978180885
v -0.01272428035736084 -0.020908890292048454 0.05312241241335869
v -0.012309609912335873 -0.0212709903717041 0.05316640064120293
v -0.010962840169668198 -0.02182215079665184 0.053439509123563766
v -0.011866450309753418 -0.021423330530524254 0.05329203978180885
v -0.010744810104370117 -0.0220979992300272 0.05345243588089943
v -0.007579981815069914 -0.023173030465841293 0.054004739969968796
v -0.00762629508972168 -0.023330269381403923 0.05396163836121559
v -0.006188035011291504 -0.02348124049603939 0.054183732718229294
v -0.01020091027021408 -0.022155579179525375 0.053561750799417496
v -0.010962840169668198 -0.02182215079665184 0.053439509123563766
v -0.010744810104370117 -0.0220979992300272 0.05345243588089943
v -0.006332873832434416 -0.023620959371328354 0.054195646196603775
v -0.006188035011291504 -0.02348124049603939 0.054183732718229294
v -0.00762629508972168 -0.023330269381403923 0.05396163836121559
v 0.048680778592824936 -0.006083666812628508 0.054205190390348434
v 0.04860270023345947 -0.005085945129394531 0.0541691891849041
v 0.04855746030807495 -0.006593048106878996 0.05420948192477226
v 0.04878782853484154 -0.004717409145087004 0.05418938770890236
v 0.04879659041762352 -0.003366648918017745 0.05417764559388161
v 0.04860270023345947 -0.005085945129394531 0.0541691891849041
v -0.007579981815069914 -0.023173030465841293 0.054004739969968796
v -0.008729994297027588 -0.022880490869283676 0.05382687970995903
v -0.00762629508972168 -0.023330269381403923 0.05396163836121559
v -0.005491197109222412 -0.023797810077667236 0.05431622639298439
v -0.0052387709729373455 -0.023653090000152588 0.054310571402311325
v -0.006188035011291504 -0.02348124049603939 0.054183732718229294
v -0.004580974113196135 -0.023959750309586525 0.05444462224841118
v -0.004281163215637207 -0.023811930790543556 0.05444425716996193
v -0.0052387709729373455 -0.023653090000152588 0.054310571402311325
v -0.0036376710049808025 -0.024092430248856544 0.054572831839323044
v -0.003253221046179533 -0.023943360894918442 0.05458218976855278
v -0.004281163215637207 -0.023811930790543556 0.05444425716996193
v -0.005491197109222412 -0.023797810077667236 0.05431622639298439
v -0.006188035011291504 -0.02348124049603939 0.054183732718229294
v -0.006332873832434416 -0.023620959371328354 0.054195646196603775
v -0.004580974113196135 -0.023959750309586525 0.05444462224841118
v -0.0052387709729373455 -0.023653090000152588 0.054310571402311325
v -0.005491197109222412 -0.023797810077667236 0.05431622639298439
v -0.0025754570960998535 -0.02420770935714245 0.05471177026629448
v -0.0021416540257632732 -0.024047130718827248 0.05472457781434059
v -0.003253221046179533 -0.023943360894918442 0.05458218976855278
v -0.0036376710049808025 -0.024092430248856544 0.054572831839323044
v -0.004281163215637207 -0.023811930790543556 0.05444425716996193
v -0.004580974113196135 -0.023959750309586525 0.05444462224841118
v -0.0025754570960998535 -0.02420770935714245 0.05471177026629448
v -0.003253221046179533 -0.023943360894918442 0.05458218976855278
v -0.0036376710049808025 -0.024092430248856544 0.054572831839323044
v -0.0014399290084838867 -0.024289250373840332 0.05485302582383156
v -0.0009355450165458024 -0.02412194013595581 0.05487145110964775
v -0.0021416540257632732 -0.024047130718827248 0.05472457781434059
v -0.0014399290084838867 -0.024289250373840332 0.05485302582383156
v -0.0021416540257632732 -0.024047130718827248 0.05472457781434059
v -0.0025754570960998535 -0.02420770935714245 0.05471177026629448
v -0.0003896979906130582 -0.024341339245438576 0.054977480322122574
v -0.0009355450165458024 -0.02412194013595581 0.05487145110964775
v -0.0014399290084838867 -0.024289250373840332 0.05485302582383156
v -0.0003896979906130582 -0.024341339245438576 0.054977480322122574
v 0.00011086599988630041 -0.024160919710993767 0.05499256029725075
v -0.0009355450165458024 -0.02412194013595581 0.05487145110964775
v 0.0003524470084812492 -0.024356959387660027 0.05506503954529762
v 0.00011086599988630041 -0.024160919710993767 0.05499256029725075
v -0.0003896979906130582 -0.024341339245438576 0.054977480322122574
v 0.0003524470084812492 -0.024356959387660027 0.05506503954529762
v 0.0014709229581058025 -0.02431773953139782 0.05518675968050957
v 0.00011086599988630041 -0.024160919710993767 0.05499256029725075
v 0.0033426880836486816 -0.02423650026321411 0.05536289140582085
v 0.0028905270155519247 -0.024447500705718994 0.05527980253100395
v 0.005608022212982178 -0.024386759847402573 0.05554528161883354
v 0.0033426880836486816 -0.02423650026321411 0.05536289140582085
v 0.0014709229581058025 -0.02431773953139782 0.05518675968050957
v 0.0028905270155519247 -0.024447500705718994 0.05527980253100395
v 0.005707501899451017 -0.02421635016798973 0.055567990988492966
v 0.0033426880836486816 -0.02423650026321411 0.05536289140582085
v 0.005608022212982178 -0.024386759847402573 0.05554528161883354
v 0.007920563220977783 -0.024343010038137436 0.0557483471930027
v 0.005707501899451017 -0.02421635016798973 0.055567990988492966
v 0.005608022212982178 -0.024386759847402573 0.05554528161883354
v 0.007920563220977783 -0.024343010038137436 0.0557483471930027
v 0.008203566074371338 -0.024149060249328613 0.05571967735886574
v 0.005707501899451017 -0.02421635016798973 0.055567990988492966
v 0.00991427805274725 -0.02429986000061035 0.055890511721372604
v 0.008203566074371338 -0.024149060249328613 0.05571967735886574
v 0.007920563220977783 -0.024343010038137436 0.0557483471930027
v 0.027761340141296387 -0.02187119983136654 0.05611038580536842
v 0.02603811025619507 -0.022418320178985596 0.05620056763291359
v 0.02790302038192749 -0.02204650081694126 0.05614114925265312
v 0.014770199544727802 -0.02403891086578369 0.05612993612885475
v 0.00991427805274725 -0.02429986000061035 0.055890511721372604
v 0.01162772998213768 -0.024272680282592773 0.05597323551774025
v 0.014770199544727802 -0.02403891086578369 0.05612993612885475
v 0.008203566074371338 -0.024149060249328613 0.05571967735886574
v 0.00991427805274725 -0.02429986000061035 0.055890511721372604
v 0.014770199544727802 -0.02403891086578369 0.05612993612885475
v 0.01162772998213768 -0.024272680282592773 0.05597323551774025
v 0.01315534021705389 -0.024200139567255974 0.05604547634720802
v 0.04228419065475464 -0.01762997917830944 0.055070411413908005
v 0.041501760482788086 -0.0181122999638319 0.05516636744141579
v 0.04232053831219673 -0.017803430557250977 0.055048588663339615
v 0.019017690792679787 -0.023638900369405746 0.0562104694545269
v 0.016259130090475082 -0.023955339565873146 0.056156400591135025
v 0.01762700080871582 -0.023860450834035873 0.05616152659058571
v 0.020624270662665367 -0.023354530334472656 0.05625361576676369
v 0.016259130090475082 -0.023955339565873146 0.056156400591135025
v 0.019017690792679787 -0.023638900369405746 0.0562104694545269
v 0.020624270662665367 -0.023354530334472656 0.05625361576676369
v 0.014770199544727802 -0.02403891086578369 0.05612993612885475
v 0.016259130090475082 -0.023955339565873146 0.056156400591135025
v 0.04563051089644432 -0.014819920063018799 0.0545964278280735
v 0.045426130294799805 -0.015208720229566097 0.05466331169009209
v 0.04590553045272827 -0.01473522000014782 0.05459964647889137
v 0.02414393052458763 -0.022774210199713707 0.05623960867524147
v 0.020624270662665367 -0.023354530334472656 0.05625361576676369
v 0.022430360317230225 -0.023116350173950195 0.056233469396829605
v 0.02414393052458763 -0.022774210199713707 0.05623960867524147
v 0.027761340141296387 -0.02187119983136654 0.05611038580536842
v 0.020624270662665367 -0.023354530334472656 0.05625361576676369
v 0.02603811025619507 -0.022418320178985596 0.05620056763291359
v 0.027761340141296387 -0.02187119983136654 0.05611038580536842
v 0.02414393052458763 -0.022774210199713707 0.05623960867524147
v 0.04878782853484154 -0.004717409145087004 0.05418938770890236
v 0.04860270023345947 -0.005085945129394531 0.0541691891849041
v 0.048680778592824936 -0.006083666812628508 0.054205190390348434
v 0.02790302038192749 -0.02204650081694126 0.05614114925265312
v 0.029790280386805534 -0.021569009870290756 0.05607682839035988
v 0.027761340141296387 -0.02187119983136654 0.05611038580536842
v 0.048883140087127686 0.000021537800421356224 0.054185282438993454
v 0.04876399040222168 -0.0009955780114978552 0.05414463207125664
v 0.04886120185256004 -0.0017750259721651673 0.05417269840836525
v 0.019571779295802116 0.02361387014389038 0.056196216493844986
v 0.017782390117645264 0.02389412932097912 0.05612635985016823
v 0.01762573979794979 0.023752739652991295 0.05620438978075981
v 0.019571779295802116 0.02361387014389038 0.056196216493844986
v 0.01762573979794979 0.023752739652991295 0.05620438978075981
v 0.01995939016342163 0.02341347001492977 0.05623133108019829
v -0.024453749880194664 0.0022241470869630575 0.05043013021349907
v -0.024504059925675392 0.0009824599837884307 0.050421539694070816
v -0.024341760203242302 0.0014097689418122172 0.05040687695145607
v -0.024351060390472412 0.003260672092437744 0.050460997968912125
v -0.024453749880194664 0.0022241470869630575 0.05043013021349907
v -0.02425568923354149 0.002523720031604171 0.050432268530130386
v -0.02422529086470604 0.004181503783911467 0.050498250871896744
v -0.024351060390472412 0.003260672092437744 0.050460997968912125
v -0.024147089570760727 0.0035172700881958008 0.05046588554978371
v 0.022026360034942627 0.023226970806717873 0.05621892586350441
v 0.019571779295802116 0.02361387014389038 0.056196216493844986
v 0.01995939016342163 0.02341347001492977 0.05623133108019829
v -0.024079380556941032 0.005015968810766935 0.05053980275988579
v -0.02422529086470604 0.004181503783911467 0.050498250871896744
v -0.02401489019393921 0.004417300224304199 0.05050564929842949
v -0.023895850405097008 0.005762934219092131 0.05060416832566261
v -0.024079380556941032 0.005015968810766935 0.05053980275988579
v -0.023858070373535156 0.005244373809546232 0.050550591200590134
v -0.02340983971953392 0.007500648032873869 0.050717297941446304
v -0.023719480261206627 0.0065739150159060955 0.0506335012614727
v -0.02341938018798828 0.006914913188666105 0.050667885690927505
v 0.022026360034942627 0.023226970806717873 0.05621892586350441
v 0.01995939016342163 0.02341347001492977 0.05623133108019829
v 0.023234959691762924 0.022867200896143913 0.0562366284430027
v -0.023104900494217873 0.008380234241485596 0.0507972277700901
v -0.02340983971953392 0.007500648032873869 0.050717297941446304
v -0.02312237024307251 0.00782471802085638 0.050745848566293716
v -0.022777250036597252 0.009224176406860352 0.05088186636567116
v -0.023104900494217873 0.008380234241485596 0.0507972277700901
v -0.022776300087571144 0.008765696547925472 0.05083608999848366
v -0.02242141030728817 0.010052969679236412 0.05097312107682228
v -0.022777250036597252 0.009224176406860352 0.05088186636567116
v -0.022395430132746696 0.009688735008239746 0.05093461647629738
v 0.025930460542440414 0.022427380084991455 0.05621642991900444
v 0.022026360034942627 0.023226970806717873 0.05621892586350441
v 0.023234959691762924 0.022867200896143913 0.0562366284430027
v -0.02070087008178234 0.013242539949715137 0.05140155926346779
v -0.0211489200592041 0.012389480136334896 0.051297906786203384
v -0.020619690418243408 0.013048349879682064 0.05139053985476494
v 0.027812650427222252 0.021949579939246178 0.05614883080124855
v 0.029097789898514748 0.02184700034558773 0.0560423769056797
v 0.027116650715470314 0.022289510816335678 0.05610877647995949
v 0.029637569561600685 0.021535510197281837 0.05607837811112404
v 0.031110940501093864 0.021361470222473145 0.055949222296476364
v 0.029097789898514748 0.02184700034558773 0.0560423769056797
v 0.031625501811504364 0.021052589640021324 0.05597938224673271
v 0.032939791679382324 0.020896609872579575 0.0558510459959507
v 0.031110940501093864 0.021361470222473145 0.055949222296476364
v -0.01645869016647339 0.018248260021209717 0.05235416069626808
v -0.01713269017636776 0.017505759373307228 0.052242461591959
v -0.016372619196772575 0.018056800588965416 0.05236155912280083
v 0.03348296135663986 0.02057367004454136 0.0558701790869236
v 0.03495882824063301 0.0203438401222229 0.05572235956788063
v 0.032939791679382324 0.020896609872579575 0.0558510459959507
v -0.015030560083687305 0.019366679713129997 0.052676741033792496
v -0.015798330307006836 0.018843770027160645 0.05247778072953224
v -0.015002479776740074 0.01918523944914341 0.05263519659638405
v 0.03540128096938133 0.020043490454554558 0.05574167147278786
v 0.03701967000961304 0.019663920626044273 0.05561727657914162
v 0.03495882824063301 0.0203438401222229 0.05572235956788063
v -0.0135493203997612 0.020474430173635483 0.052955809980630875
v -0.014221309684216976 0.019800659269094467 0.05280822888016701
v -0.013435780070722103 0.020390570163726807 0.05298197641968727
v 0.038698431104421616 0.0192260704934597 0.05543142929673195
v 0.03748631104826927 0.019357619807124138 0.055533360689878464
v 0.03875190019607544 0.01898038014769554 0.05542625114321709
v -0.0135493203997612 0.020474430173635483 0.052955809980630875
v -0.013435780070722103 0.020390570163726807 0.05298197641968727
v -0.012363850139081478 0.021146709099411964 0.05319869890809059
v 0.039769820868968964 0.01887333020567894 0.05532795563340187
v 0.03875190019607544 0.01898038014769554 0.05542625114321709
v 0.03977363929152489 0.018643969669938087 0.055325161665678024
v -0.010896979831159115 0.021846110001206398 0.053450409322977066
v -0.0112000098451972 0.02187556028366089 0.05336588993668556
v -0.011789560317993164 0.021439850330352783 0.05330176278948784
v -0.010041110217571259 0.02224658988416195 0.05359918996691704
v -0.010418529622256756 0.02225703001022339 0.05350178852677345
v -0.010896979831159115 0.021846110001206398 0.053450409322977066
v -0.00918263103812933 0.022606609389185905 0.05374414101243019
v -0.009638308547437191 0.02260488085448742 0.05363434925675392
v -0.010041110217571259 0.02224658988416195 0.05359918996691704
v -0.008319436572492123 0.022925550118088722 0.05388570949435234
v -0.008850336074829102 0.022914109751582146 0.05376322194933891
v -0.00918263103812933 0.022606609389185905 0.05374414101243019
v -0.00745046092197299 0.023203900083899498 0.05402368679642677
v -0.008065760135650635 0.023192699998617172 0.053889039903879166
v -0.008319436572492123 0.022925550118088722 0.05388570949435234
v -0.006557822227478027 0.023387489840388298 0.05413259193301201
v -0.0072692628018558025 0.02343595027923584 0.05401158705353737
v -0.00745046092197299 0.023203900083899498 0.05402368679642677
v -0.005739330779761076 0.02363431081175804 0.05428184196352959
v -0.006494044791907072 0.023630259558558464 0.054139140993356705
v -0.006557822227478027 0.023387489840388298 0.05413259193301201
v -0.004846394062042236 0.023802220821380615 0.05440962687134743
v -0.0055755372159183025 0.02384871058166027 0.05426150932908058
v -0.005739330779761076 0.02363431081175804 0.05428184196352959
v -0.0038971900939941406 0.023944910615682602 0.05454069748520851
v -0.004625737201422453 0.02401958964765072 0.05439460650086403
v -0.004846394062042236 0.023802220821380615 0.05440962687134743
v -0.0028461809270083904 0.02406327985227108 0.05467957630753517
v -0.0036110279615968466 0.024162650108337402 0.054530929774045944
v -0.0038971900939941406 0.023944910615682602 0.05454069748520851
v -0.001375376945361495 0.024315889924764633 0.0548480786383152
v -0.001964390045031905 0.024234410375356674 0.05480111017823219
v -0.00171488500200212 0.024077830836176872 0.05477744713425636
v 0.04317234829068184 0.01734215021133423 0.05493587628006935
v 0.04205083101987839 0.01786172017455101 0.055122021585702896
v 0.04258757084608078 0.01749444007873535 0.055041197687387466
v -0.0001071619990398176 0.0243721604347229 0.054997269064188004
v -0.001375376945361495 0.024315889924764633 0.0548480786383152
v -0.0004531739978119731 0.024142740294337273 0.054927948862314224
v 0.0013476009480655193 0.024408400058746338 0.05515642091631889
v -0.0001071619990398176 0.0243721604347229 0.054997269064188004
v 0.0010131000308319926 0.024178560823202133 0.055092278867959976
v 0.0030545589979737997 0.02440606988966465 0.05533039942383766
v 0.0013476009480655193 0.024408400058746338 0.05515642091631889
v 0.0027912850491702557 0.024183029308915138 0.05527527257800102
v 0.04324549064040184 0.017075059935450554 0.054954711347818375
v 0.04363662004470825 0.01698935031890869 0.05488115921616554
v 0.04317234829068184 0.01734215021133423 0.05493587628006935
v 0.005337715148925781 0.02438098005950451 0.05553508922457695
v 0.0030545589979737997 0.02440606988966465 0.05533039942383766
v 0.005182563792914152 0.024162819609045982 0.055491041392087936
v 0.04374498128890991 0.016730070114135742 0.05489349737763405
v 0.04424893110990524 0.016532180830836296 0.05480707064270973
v 0.04363662004470825 0.01698935031890869 0.05488115921616554
v 0.04421985149383545 0.016325289383530617 0.05482048913836479
v 0.04501909017562866 0.015522589907050133 0.05468476936221123
v 0.04424893110990524 0.016532180830836296 0.05480707064270973
v 0.00792551040649414 0.0243375301361084 0.05575014278292656
v 0.005337715148925781 0.02438098005950451 0.05553508922457695
v 0.007702291011810303 0.024149000644683838 0.05568528547883034
v 0.045036908239126205 0.015771210193634033 0.05471761152148247
v 0.04424893110990524 0.016532180830836296 0.05480707064270973
v 0.04501909017562866 0.015522589907050133 0.05468476936221123
v 0.045439720153808594 0.015336389653384686 0.05466223135590553
v 0.04501909017562866 0.015522589907050133 0.05468476936221123
v 0.04541188105940819 0.015082409605383873 0.054628681391477585
v 0.04574203118681908 0.014894720166921616 0.05463076010346413
v 0.045439720153808594 0.015336389653384686 0.05466223135590553
v 0.04541188105940819 0.015082409605383873 0.054628681391477585
v 0.04619652032852173 0.014403989538550377 0.054554227739572525
v 0.04574203118681908 0.014894720166921616 0.05463076010346413
v 0.04621315002441406 0.01403898000717163 0.054512929171323776
v 0.046567440032958984 0.013828090392053127 0.054499220103025436
v 0.04621315002441406 0.01403898000717163 0.054512929171323776
v 0.046497639268636703 0.013600519858300686 0.05447198078036308
v 0.027812650427222252 0.021949579939246178 0.05614883080124855
v 0.027116650715470314 0.022289510816335678 0.05610877647995949
v 0.025930460542440414 0.022427380084991455 0.05621642991900444
v 0.029637569561600685 0.021535510197281837 0.05607837811112404
v 0.029097789898514748 0.02184700034558773 0.0560423769056797
v 0.027812650427222252 0.021949579939246178 0.05614883080124855
v 0.031625501811504364 0.021052589640021324 0.05597938224673271
v 0.031110940501093864 0.021361470222473145 0.055949222296476364
v 0.029637569561600685 0.021535510197281837 0.05607837811112404
v 0.03348296135663986 0.02057367004454136 0.0558701790869236
v 0.032939791679382324 0.020896609872579575 0.0558510459959507
v 0.031625501811504364 0.021052589640021324 0.05597938224673271
v 0.03540128096938133 0.020043490454554558 0.05574167147278786
v 0.03495882824063301 0.0203438401222229 0.05572235956788063
v 0.03348296135663986 0.02057367004454136 0.0558701790869236
v 0.038698431104421616 0.0192260704934597 0.05543142929673195
v 0.03701967000961304 0.019663920626044273 0.05561727657914162
v 0.03748631104826927 0.019357619807124138 0.055533360689878464
v 0.039769820868968964 0.01887333020567894 0.05532795563340187
v 0.038698431104421616 0.0192260704934597 0.05543142929673195
v 0.03875190019607544 0.01898038014769554 0.05542625114321709
v 0.04063481092453003 0.01846987009048462 0.05527694150805473
v 0.039769820868968964 0.01887333020567894 0.05532795563340187
v 0.03977363929152489 0.018643969669938087 0.055325161665678024
v 0.04324549064040184 0.017075059935450554 0.054954711347818375
v 0.04317234829068184 0.01734215021133423 0.05493587628006935
v 0.04258757084608078 0.01749444007873535 0.055041197687387466
v 0.04363662004470825 0.01698935031890869 0.05488115921616554
v 0.04324549064040184 0.017075059935450554 0.054954711347818375
v 0.04374498128890991 0.016730070114135742 0.05489349737763405
v 0.04421985149383545 0.016325289383530617 0.05482048913836479
v 0.04424893110990524 0.016532180830836296 0.05480707064270973
v 0.04374498128890991 0.016730070114135742 0.05489349737763405
v 0.0486946702003479 0.004713236819952726 0.054193031042814255
v 0.04884849861264229 0.0033491249196231365 0.05418199673295021
v 0.04883641004562378 0.005085587035864592 0.054161909967660904
v 0.045439720153808594 0.015336389653384686 0.05466223135590553
v 0.045036908239126205 0.015771210193634033 0.05471761152148247
v 0.04501909017562866 0.015522589907050133 0.05468476936221123
v 0.046567440032958984 0.013828090392053127 0.054499220103025436
v 0.04619652032852173 0.014403989538550377 0.054554227739572525
v 0.04621315002441406 0.01403898000717163 0.054512929171323776
v 0.046812351793050766 0.013293740339577198 0.05447192117571831
v 0.046567440032958984 0.013828090392053127 0.054499220103025436
v 0.046497639268636703 0.013600519858300686 0.05447198078036308
v 0.04793483018875122 0.010897389613091946 0.05428494140505791
v 0.0475044809281826 0.011871330440044403 0.05437922850251198
v 0.04776144027709961 0.011002950370311737 0.05433249846100807
v 0.048037171363830566 0.010105550289154053 0.054305922240018845
v 0.04793483018875122 0.010897389613091946 0.05428494140505791
v 0.04776144027709961 0.011002950370311737 0.05433249846100807
v 0.0486946702003479 0.004713236819952726 0.054193031042814255
v 0.04883641004562378 0.005085587035864592 0.054161909967660904
v 0.04865849018096924 0.006210565101355314 0.054210130125284195
v 0.048883140087127686 0.000021537800421356224 0.054185282438993454
v 0.04897826164960861 0.0009690899751149118 0.05413861200213432
v 0.048887670040130615 0.0017602440202608705 0.05417877808213234
v -0.024453749880194664 0.0022241470869630575 0.05043013021349907
v -0.024341760203242302 0.0014097689418122172 0.05040687695145607
v -0.02425568923354149 0.002523720031604171 0.050432268530130386
v -0.024351060390472412 0.003260672092437744 0.050460997968912125
v -0.02425568923354149 0.002523720031604171 0.050432268530130386
v -0.024147089570760727 0.0035172700881958008 0.05046588554978371
v -0.02422529086470604 0.004181503783911467 0.050498250871896744
v -0.024147089570760727 0.0035172700881958008 0.05046588554978371
v -0.02401489019393921 0.004417300224304199 0.05050564929842949
v -0.024079380556941032 0.005015968810766935 0.05053980275988579
v -0.02401489019393921 0.004417300224304199 0.05050564929842949
v -0.023858070373535156 0.005244373809546232 0.050550591200590134
v -0.023719480261206627 0.0065739150159060955 0.0506335012614727
v -0.023895850405097008 0.005762934219092131 0.05060416832566261
v -0.02341938018798828 0.006914913188666105 0.050667885690927505
v -0.02340983971953392 0.007500648032873869 0.050717297941446304
v -0.02341938018798828 0.006914913188666105 0.050667885690927505
v -0.02312237024307251 0.00782471802085638 0.050745848566293716
v -0.023104900494217873 0.008380234241485596 0.0507972277700901
v -0.02312237024307251 0.00782471802085638 0.050745848566293716
v -0.022776300087571144 0.008765696547925472 0.05083608999848366
v -0.022777250036597252 0.009224176406860352 0.05088186636567116
v -0.022776300087571144 0.008765696547925472 0.05083608999848366
v -0.022395430132746696 0.009688735008239746 0.05093461647629738
v -0.02242141030728817 0.010052969679236412 0.05097312107682228
v -0.022395430132746696 0.009688735008239746 0.05093461647629738
v -0.02201079949736595 0.010783850215375423 0.05107641592621803
v -0.020619690418243408 0.013048349879682064 0.05139053985476494
v -0.020088309422135353 0.014058530330657959 0.0515596903860569
v -0.02070087008178234 0.013242539949715137 0.05140155926346779
v -0.01781100034713745 0.01684235967695713 0.052085231989622116
v -0.01847285032272339 0.016158640384674072 0.051937591284513474
v -0.019276609644293785 0.015157580375671387 0.05175496265292168
v -0.016372619196772575 0.018056800588965416 0.05236155912280083
v -0.01568645052611828 0.018724020570516586 0.05252981558442116
v -0.015798330307006836 0.018843770027160645 0.05247778072953224
v -0.01645869016647339 0.018248260021209717 0.05235416069626808
v -0.016372619196772575 0.018056800588965416 0.05236155912280083
v -0.015798330307006836 0.018843770027160645 0.05247778072953224
v -0.015798330307006836 0.018843770027160645 0.05247778072953224
v -0.01568645052611828 0.018724020570516586 0.05252981558442116
v -0.015002479776740074 0.01918523944914341 0.05263519659638405
v -0.015030560083687305 0.019366679713129997 0.052676741033792496
v -0.015002479776740074 0.01918523944914341 0.05263519659638405
v -0.014221309684216976 0.019800659269094467 0.05280822888016701
v -0.0135493203997612 0.020474430173635483 0.052955809980630875
v -0.015030560083687305 0.019366679713129997 0.052676741033792496
v -0.014221309684216976 0.019800659269094467 0.05280822888016701
v -0.010896979831159115 0.021846110001206398 0.053450409322977066
v -0.010418529622256756 0.02225703001022339 0.05350178852677345
v -0.0112000098451972 0.02187556028366089 0.05336588993668556
v -0.010041110217571259 0.02224658988416195 0.05359918996691704
v -0.009638308547437191 0.02260488085448742 0.05363434925675392
v -0.010418529622256756 0.02225703001022339 0.05350178852677345
v -0.00918263103812933 0.022606609389185905 0.05374414101243019
v -0.008850336074829102 0.022914109751582146 0.05376322194933891
v -0.009638308547437191 0.02260488085448742 0.05363434925675392
v -0.008319436572492123 0.022925550118088722 0.05388570949435234
v -0.008065760135650635 0.023192699998617172 0.053889039903879166
v -0.008850336074829102 0.022914109751582146 0.05376322194933891
v -0.00745046092197299 0.023203900083899498 0.05402368679642677
v -0.0072692628018558025 0.02343595027923584 0.05401158705353737
v -0.008065760135650635 0.023192699998617172 0.053889039903879166
v -0.006494044791907072 0.023630259558558464 0.054139140993356705
v -0.0072692628018558025 0.02343595027923584 0.05401158705353737
v -0.006557822227478027 0.023387489840388298 0.05413259193301201
v -0.005739330779761076 0.02363431081175804 0.05428184196352959
v -0.0055755372159183025 0.02384871058166027 0.05426150932908058
v -0.006494044791907072 0.023630259558558464 0.054139140993356705
v -0.004846394062042236 0.023802220821380615 0.05440962687134743
v -0.004625737201422453 0.02401958964765072 0.05439460650086403
v -0.0055755372159183025 0.02384871058166027 0.05426150932908058
v -0.0038971900939941406 0.023944910615682602 0.05454069748520851
v -0.0036110279615968466 0.024162650108337402 0.054530929774045944
v -0.004625737201422453 0.02401958964765072 0.05439460650086403
v -0.0028461809270083904 0.02406327985227108 0.05467957630753517
v -0.002557337051257491 0.024273989722132683 0.05466796085238457
v -0.0036110279615968466 0.024162650108337402 0.054530929774045944
v -0.001964390045031905 0.024234410375356674 0.05480111017823219
v -0.0028461809270083904 0.02406327985227108 0.05467957630753517
v -0.00171488500200212 0.024077830836176872 0.05477744713425636
v -0.001964390045031905 0.024234410375356674 0.05480111017823219
v -0.002557337051257491 0.024273989722132683 0.05466796085238457
v -0.0028461809270083904 0.02406327985227108 0.05467957630753517
v -0.001375376945361495 0.024315889924764633 0.0548480786383152
v -0.00171488500200212 0.024077830836176872 0.05477744713425636
v -0.0004531739978119731 0.024142740294337273 0.054927948862314224
v -0.0001071619990398176 0.0243721604347229 0.054997269064188004
v -0.0004531739978119731 0.024142740294337273 0.054927948862314224
v 0.0010131000308319926 0.024178560823202133 0.055092278867959976
v 0.0013476009480655193 0.024408400058746338 0.05515642091631889
v 0.0010131000308319926 0.024178560823202133 0.055092278867959976
v 0.0027912850491702557 0.024183029308915138 0.05527527257800102
v 0.0030545589979737997 0.02440606988966465 0.05533039942383766
v 0.0027912850491702557 0.024183029308915138 0.05527527257800102
v 0.005182563792914152 0.024162819609045982 0.055491041392087936
v 0.005337715148925781 0.02438098005950451 0.05553508922457695
v 0.005182563792914152 0.024162819609045982 0.055491041392087936
v 0.007702291011810303 0.024149000644683838 0.05568528547883034
v 0.00792551040649414 0.0243375301361084 0.05575014278292656
v 0.007702291011810303 0.024149000644683838 0.05568528547883034
v 0.009732604026794434 0.024246150627732277 0.05587871000170708
v 0.009732604026794434 0.024246150627732277 0.05587871000170708
v 0.00973588228225708 0.02440178021788597 0.05581933632493019
v 0.00792551040649414 0.0243375301361084 0.05575014278292656
v 0.011543810367584229 0.024311179295182228 0.055953387171030045
v 0.00973588228225708 0.02440178021788597 0.05581933632493019
v 0.009732604026794434 0.024246150627732277 0.05587871000170708
v 0.014468190260231495 0.024076279252767563 0.056117478758096695
v 0.009732604026794434 0.024246150627732277 0.05587871000170708
v 0.012074530124664307 0.024118660017848015 0.05599023029208183
v 0.01303665991872549 0.024237090721726418 0.0560271181166172
v 0.011543810367584229 0.024311179295182228 0.055953387171030045
v 0.009732604026794434 0.024246150627732277 0.05587871000170708
v 0.01303665991872549 0.024237090721726418 0.0560271181166172
v 0.009732604026794434 0.024246150627732277 0.05587871000170708
v 0.014468190260231495 0.024076279252767563 0.056117478758096695
v 0.01762573979794979 0.023752739652991295 0.05620438978075981
v 0.017782390117645264 0.02389412932097912 0.05612635985016823
v 0.016108930110931396 0.02394157089293003 0.056171778589487076
v 0.06157689914107323 -0.02193569950759411 0.04168397933244705
v 0.06152033060789108 -0.022192830219864845 0.04074658080935478
v 0.0620577298104763 -0.020354390144348145 0.04174168035387993
v 0.0620577298104763 -0.020354390144348145 0.04174168035387993
v 0.06264203041791916 -0.017655840143561363 0.04087473079562187
v 0.062377870082855225 -0.018970420584082603 0.041768379509449005
v 0.06152033060789108 -0.022192830219864845 0.04074658080935478
v 0.06264203041791916 -0.017655840143561363 0.04087473079562187
v 0.0620577298104763 -0.020354390144348145 0.04174168035387993
v 0.06264203041791916 -0.017655840143561363 0.04087473079562187
v 0.06279747933149338 -0.016577420756220818 0.041804440319538116
v 0.062377870082855225 -0.018970420584082603 0.041768379509449005
v 0.0584295317530632 -0.02683882974088192 0.04039406776428223
v 0.05999838933348656 -0.02499181032180786 0.0405731275677681
v 0.05930953845381737 -0.025895770639181137 0.04119909927248955
v 0.05930953845381737 -0.025895770639181137 0.04119909927248955
v 0.05999838933348656 -0.02499181032180786 0.0405731275677681
v 0.060849130153656006 -0.02361946925520897 0.04137701913714409
v 0.05999838933348656 -0.02499181032180786 0.0405731275677681
v 0.06152033060789108 -0.022192830219864845 0.04074658080935478
v 0.060849130153656006 -0.02361946925520897 0.04137701913714409
v 0.060849130153656006 -0.02361946925520897 0.04137701913714409
v 0.06152033060789108 -0.022192830219864845 0.04074658080935478
v 0.061349738389253616 -0.022501230239868164 0.041431307792663574
v 0.061349738389253616 -0.022501230239868164 0.041431307792663574
v 0.06152033060789108 -0.022192830219864845 0.04074658080935478
v 0.061397671699523926 -0.022386010736227036 0.04143710061907768
v 0.061397671699523926 -0.022386010736227036 0.04143710061907768
v 0.06152033060789108 -0.022192830219864845 0.04074658080935478
v 0.06157689914107323 -0.02193569950759411 0.04168397933244705
v 0.04745345935225487 -0.03303812816739082 0.040101710706949234
v 0.04799484834074974 -0.032853420823812485 0.03920549899339676
v 0.04985123127698898 -0.03210175037384033 0.04036498814821243
v 0.04799484834074974 -0.032853420823812485 0.03920549899339676
v 0.052132900804281235 -0.031090140342712402 0.03967666998505592
v 0.04985123127698898 -0.03210175037384033 0.04036498814821243
v 0.04985123127698898 -0.03210175037384033 0.04036498814821243
v 0.052132900804281235 -0.031090140342712402 0.03967666998505592
v 0.05227530002593994 -0.030994290485978127 0.04065364971756935
v 0.05227530002593994 -0.030994290485978127 0.04065364971756935
v 0.052132900804281235 -0.031090140342712402 0.03967666998505592
v 0.05384479835629463 -0.030170200392603874 0.04083557054400444
v 0.05384479835629463 -0.030170200392603874 0.04083557054400444
v 0.05599832162261009 -0.028884470462799072 0.04011739045381546
v 0.055180251598358154 -0.02938288077712059 0.0409662202000618
v 0.052132900804281235 -0.031090140342712402 0.03967666998505592
v 0.05599832162261009 -0.028884470462799072 0.04011739045381546
v 0.05384479835629463 -0.030170200392603874 0.04083557054400444
v 0.055180251598358154 -0.02938288077712059 0.0409662202000618
v 0.05599832162261009 -0.028884470462799072 0.04011739045381546
v 0.05648760870099068 -0.02848649024963379 0.04113126918673515
v 0.05648760870099068 -0.02848649024963379 0.04113126918673515
v 0.05599832162261009 -0.028884470462799072 0.04011739045381546
v 0.05763036012649536 -0.027571430429816246 0.04122168943285942
v 0.05599832162261009 -0.028884470462799072 0.04011739045381546
v 0.0584295317530632 -0.02683882974088192 0.04039406776428223
v 0.05763036012649536 -0.027571430429816246 0.04122168943285942
v 0.05763036012649536 -0.027571430429816246 0.04122168943285942
v 0.0584295317530632 -0.02683882974088192 0.04039406776428223
v 0.05930953845381737 -0.025895770639181137 0.04119909927248955
v 0.04220455139875412 -0.03480440005660057 0.03854567930102348
v 0.04446649178862572 -0.034071680158376694 0.039763517677783966
v 0.04119807109236717 -0.03508627042174339 0.03937030956149101
v 0.04446649178862572 -0.034071680158376694 0.039763517677783966
v 0.04799484834074974 -0.032853420823812485 0.03920549899339676
v 0.04745345935225487 -0.03303812816739082 0.040101710706949234
v 0.04220455139875412 -0.03480440005660057 0.03854567930102348
v 0.04799484834074974 -0.032853420823812485 0.03920549899339676
v 0.04446649178862572 -0.034071680158376694 0.039763517677783966
v 0.01848614029586315 -0.04029225930571556 0.0358433797955513
v 0.026828819885849953 -0.03857653960585594 0.03777528926730156
v 0.014261960051953793 -0.04107290133833885 0.03606665879487991
v 0.01848614029586315 -0.04029225930571556 0.0358433797955513
v 0.03371948003768921 -0.03704911097884178 0.037579070776700974
v 0.026828819885849953 -0.03857653960585594 0.03777528926730156
v 0.03371948003768921 -0.03704911097884178 0.037579070776700974
v 0.03154397010803223 -0.03752774000167847 0.03832859918475151
v 0.026828819885849953 -0.03857653960585594 0.03777528926730156
v 0.03154397010803223 -0.03752774000167847 0.03832859918475151
v 0.03371948003768921 -0.03704911097884178 0.037579070776700974
v 0.03638625144958496 -0.03637588024139404 0.03884536772966385
v 0.03638625144958496 -0.03637588024139404 0.03884536772966385
v 0.04220455139875412 -0.03480440005660057 0.03854567930102348
v 0.04119807109236717 -0.03508627042174339 0.03937030956149101
v 0.03371948003768921 -0.03704911097884178 0.037579070776700974
v 0.04220455139875412 -0.03480440005660057 0.03854567930102348
v 0.03638625144958496 -0.03637588024139404 0.03884536772966385
v -0.04639070853590965 0.0006978249875828624 0.029156159609556198
v -0.04639720171689987 0.0011724230134859681 0.0284506194293499
v -0.04633975028991699 -0.0023682708851993084 0.029162000864744186
v -0.04639720171689987 0.0011724230134859681 0.0284506194293499
v -0.046154141426086426 -0.004816650878638029 0.02847857028245926
v -0.04633975028991699 -0.0023682708851993084 0.029162000864744186
v -0.04633975028991699 -0.0023682708851993084 0.029162000864744186
v -0.046154141426086426 -0.004816650878638029 0.02847857028245926
v -0.046043869107961655 -0.00554996682330966 0.02919543907046318
v -0.046043869107961655 -0.00554996682330966 0.02919543907046318
v -0.046154141426086426 -0.004816650878638029 0.02847857028245926
v -0.04549551010131836 -0.008877097629010677 0.029258139431476593
v -0.046154141426086426 -0.004816650878638029 0.02847857028245926
v -0.04526275023818016 -0.009902595542371273 0.028580140322446823
v -0.04549551010131836 -0.008877097629010677 0.029258139431476593
v -0.04549551010131836 -0.008877097629010677 0.029258139431476593
v -0.04526275023818016 -0.009902595542371273 0.028580140322446823
v -0.04447966068983078 -0.012822380289435387 0.02937353029847145
v -0.04526275023818016 -0.009902595542371273 0.028580140322446823
v -0.04401205852627754 -0.014257550239562988 0.028722230345010757
v -0.04447966068983078 -0.012822380289435387 0.02937353029847145
v -0.04447966068983078 -0.012822380289435387 0.02937353029847145
v -0.04401205852627754 -0.014257550239562988 0.028722230345010757
v -0.043200671672821045 -0.016408680006861687 0.029519569128751755
v -0.04401205852627754 -0.014257550239562988 0.028722230345010757
v -0.04186974838376045 -0.019411679357290268 0.02896636724472046
v -0.043200671672821045 -0.016408680006861687 0.029519569128751755
v -0.043200671672821045 -0.016408680006861687 0.029519569128751755
v -0.04186974838376045 -0.019411679357290268 0.02896636724472046
v -0.041369080543518066 -0.020371969789266586 0.029728300869464874
v -0.041369080543518066 -0.020371969789266586 0.029728300869464874
v -0.039103150367736816 -0.024153590202331543 0.029281560331583023
v -0.038944900035858154 -0.024393020197749138 0.03000444918870926
v -0.04186974838376045 -0.019411679357290268 0.02896636724472046
v -0.039103150367736816 -0.024153590202331543 0.029281560331583023
v -0.041369080543518066 -0.020371969789266586 0.029728300869464874
v -0.038944900035858154 -0.024393020197749138 0.03000444918870926
v -0.039103150367736816 -0.024153590202331543 0.029281560331583023
v -0.03676902875304222 -0.027334090322256088 0.030252229422330856
v -0.039103150367736816 -0.024153590202331543 0.029281560331583023
v -0.03576080873608589 -0.028570590540766716 0.029662739485502243
v -0.03676902875304222 -0.027334090322256088 0.030252229422330856
v -0.03576080873608589 -0.028570590540766716 0.029662739485502243
v -0.033822111785411835 -0.030628079548478127 0.03058815747499466
v -0.03676902875304222 -0.027334090322256088 0.030252229422330856
v -0.03576080873608589 -0.028570590540766716 0.029662739485502243
v -0.03178519010543823 -0.03254181146621704 0.030115369707345963
v -0.033822111785411835 -0.030628079548478127 0.03058815747499466
v -0.03178519010543823 -0.03254181146621704 0.030115369707345963
v -0.030560970306396484 -0.03358978033065796 0.030959367752075195
v -0.033822111785411835 -0.030628079548478127 0.03058815747499466
v -0.03178519010543823 -0.03254181146621704 0.030115369707345963
v -0.027462949976325035 -0.035917580127716064 0.03060806915163994
v -0.030560970306396484 -0.03358978033065796 0.030959367752075195
v -0.030560970306396484 -0.03358978033065796 0.030959367752075195
v -0.027462949976325035 -0.035917580127716064 0.03060806915163994
v -0.026677370071411133 -0.03643267974257469 0.03140217810869217
v -0.027462949976325035 -0.035917580127716064 0.03060806915163994
v -0.02273315005004406 -0.038687821477651596 0.031147070229053497
v -0.026677370071411133 -0.03643267974257469 0.03140217810869217
v -0.026677370071411133 -0.03643267974257469 0.03140217810869217
v -0.02273315005004406 -0.038687821477651596 0.031147070229053497
v -0.022769620642066002 -0.03866386041045189 0.031847309321165085
v -0.022769620642066002 -0.03866386041045189 0.031847309321165085
v -0.02273315005004406 -0.038687821477651596 0.031147070229053497
v -0.019602889195084572 -0.04011188820004463 0.032207850366830826
v -0.02273315005004406 -0.038687821477651596 0.031147070229053497
v -0.018325919285416603 -0.04062407836318016 0.03164923936128616
v -0.019602889195084572 -0.04011188820004463 0.032207850366830826
v -0.019602889195084572 -0.04011188820004463 0.032207850366830826
v -0.018325919285416603 -0.04062407836318016 0.03164923936128616
v -0.01600039005279541 -0.041405320167541504 0.03261870890855789
v -0.018325919285416603 -0.04062407836318016 0.03164923936128616
v -0.014005480334162712 -0.04195797070860863 0.03214127942919731
v -0.01600039005279541 -0.041405320167541504 0.03261870890855789
v -0.01600039005279541 -0.041405320167541504 0.03261870890855789
v -0.014005480334162712 -0.04195797070860863 0.03214127942919731
v -0.01215893030166626 -0.04238826036453247 0.033056389540433884
v -0.014005480334162712 -0.04195797070860863 0.03214127942919731
v -0.009716570377349854 -0.04283696040511131 0.03262979909777641
v -0.01215893030166626 -0.04238826036453247 0.033056389540433884
v -0.01215893030166626 -0.04238826036453247 0.033056389540433884
v -0.009716570377349854 -0.04283696040511131 0.03262979909777641
v -0.008623898029327393 -0.04297757148742676 0.03345895931124687
v -0.009716570377349854 -0.04283696040511131 0.03262979909777641
v -0.005408405791968107 -0.04325366020202637 0.03312099725008011
v -0.008623898029327393 -0.04297757148742676 0.03345895931124687
v -0.008623898029327393 -0.04297757148742676 0.03345895931124687
v -0.005408405791968107 -0.04325366020202637 0.03312099725008011
v -0.004513620864599943 -0.043297410011291504 0.033927448093891144
v -0.005408405791968107 -0.04325366020202637 0.03312099725008011
v -0.0009896720293909311 -0.04323523864150047 0.03362441807985306
v -0.004513620864599943 -0.043297410011291504 0.033927448093891144
v -0.004513620864599943 -0.043297410011291504 0.033927448093891144
v -0.0009896720293909311 -0.04323523864150047 0.03362441807985306
v 0.00020830999710597098 -0.04314671829342842 0.03446543961763382
v -0.0009896720293909311 -0.04323523864150047 0.03362441807985306
v 0.0051240320317447186 -0.04258834943175316 0.03432101756334305
v 0.00020830999710597098 -0.04314671829342842 0.03446543961763382
v 0.0051240320317447186 -0.04258834943175316 0.03432101756334305
v 0.005237578880041838 -0.04256469011306763 0.035038478672504425
v 0.00020830999710597098 -0.04314671829342842 0.03446543961763382
v 0.0051240320317447186 -0.04258834943175316 0.03432101756334305
v 0.014261960051953793 -0.04107290133833885 0.03606665879487991
v 0.005237578880041838 -0.04256469011306763 0.035038478672504425
v 0.0051240320317447186 -0.04258834943175316 0.03432101756334305
v 0.01848614029586315 -0.04029225930571556 0.0358433797955513
v 0.014261960051953793 -0.04107290133833885 0.03606665879487991
v -0.015900850296020508 0.04144752025604248 0.03192557021975517
v -0.01896709017455578 0.04034959897398949 0.03262979909777641
v -0.017014140263199806 0.0410647913813591 0.03284914046525955
v -0.015900850296020508 0.04144752025604248 0.03192557021975517
v -0.021150410175323486 0.03946197032928467 0.031327199190855026
v -0.01896709017455578 0.04034959897398949 0.03262979909777641
v -0.021150410175323486 0.03946197032928467 0.031327199190855026
v -0.019922969862818718 0.03996526822447777 0.0325060598552227
v -0.01896709017455578 0.04034959897398949 0.03262979909777641
v -0.021150410175323486 0.03946197032928467 0.031327199190855026
v -0.021074170246720314 0.03946954011917114 0.03238840028643608
v -0.019922969862818718 0.03996526822447777 0.0325060598552227
v -0.021150410175323486 0.03946197032928467 0.031327199190855026
v -0.022179359570145607 0.038938820362091064 0.03228861838579178
v -0.021074170246720314 0.03946954011917114 0.03238840028643608
v -0.021150410175323486 0.03946197032928467 0.031327199190855026
v -0.023348510265350342 0.03834635019302368 0.03215140849351883
v -0.022179359570145607 0.038938820362091064 0.03228861838579178
v -0.021150410175323486 0.03946197032928467 0.031327199190855026
v -0.02574950084090233 0.037017520517110825 0.03080344945192337
v -0.023348510265350342 0.03834635019302368 0.03215140849351883
v -0.02574950084090233 0.037017520517110825 0.03080344945192337
v -0.02439313940703869 0.03777467831969261 0.03205043822526932
v -0.023348510265350342 0.03834635019302368 0.03215140849351883
v -0.02439313940703869 0.03777467831969261 0.03205043822526932
v -0.02574950084090233 0.037017520517110825 0.03080344945192337
v -0.02536981925368309 0.037213679403066635 0.03192383795976639
v -0.02536981925368309 0.037213679403066635 0.03192383795976639
v -0.02574950084090233 0.037017520517110825 0.03080344945192337
v -0.027480950579047203 0.03589123114943504 0.03131062909960747
v -0.02574950084090233 0.037017520517110825 0.03080344945192337
v -0.02895450033247471 0.03482753038406372 0.0304378904402256
v -0.027480950579047203 0.03589123114943504 0.03131062909960747
v -0.027480950579047203 0.03589123114943504 0.03131062909960747
v -0.02895450033247471 0.03482753038406372 0.0304378904402256
v -0.030608350411057472 0.03354305028915405 0.03095436841249466
v -0.02895450033247471 0.03482753038406372 0.0304378904402256
v -0.03249502182006836 0.031931400299072266 0.030034847557544708
v -0.030608350411057472 0.03354305028915405 0.03095436841249466
v -0.030608350411057472 0.03354305028915405 0.03095436841249466
v -0.03249502182006836 0.031931400299072266 0.030034847557544708
v -0.03326869010925293 0.0311700701713562 0.030651219189167023
v -0.03249502182006836 0.031931400299072266 0.030034847557544708
v -0.035613831132650375 0.02869712933897972 0.03038370981812477
v -0.03326869010925293 0.0311700701713562 0.030651219189167023
v -0.03249502182006836 0.031931400299072266 0.030034847557544708
v -0.03618716821074486 0.028042549267411232 0.029614217579364777
v -0.035613831132650375 0.02869712933897972 0.03038370981812477
v -0.035613831132650375 0.02869712933897972 0.03038370981812477
v -0.03618716821074486 0.028042549267411232 0.029614217579364777
v -0.03764355182647705 0.026209890842437744 0.03015274927020073
v -0.03618716821074486 0.028042549267411232 0.029614217579364777
v -0.039515070617198944 0.023574650287628174 0.029234647750854492
v -0.03764355182647705 0.026209890842437744 0.03015274927020073
v -0.03764355182647705 0.026209890842437744 0.03015274927020073
v -0.039515070617198944 0.023574650287628174 0.029234647750854492
v -0.04016625136137009 0.022508909925818443 0.029864970594644547
v -0.04016625136137009 0.022508909925818443 0.029864970594644547
v -0.04229635000228882 0.018492570146918297 0.028917979449033737
v -0.04243987053632736 0.018181920051574707 0.02960629016160965
v -0.039515070617198944 0.023574650287628174 0.029234647750854492
v -0.04229635000228882 0.018492570146918297 0.028917979449033737
v -0.04016625136137009 0.022508909925818443 0.029864970594644547
v -0.04243987053632736 0.018181920051574707 0.02960629016160965
v -0.04388545826077461 0.01460294984281063 0.02873701974749565
v -0.04389292001724243 0.014605220407247543 0.029440708458423615
v -0.04229635000228882 0.018492570146918297 0.028917979449033737
v -0.04388545826077461 0.01460294984281063 0.02873701974749565
v -0.04243987053632736 0.018181920051574707 0.02960629016160965
v -0.04388545826077461 0.01460294984281063 0.02873701974749565
v -0.045279499143362045 0.009934484027326107 0.029282759875059128
v -0.04389292001724243 0.014605220407247543 0.029440708458423615
v -0.04388545826077461 0.01460294984281063 0.02873701974749565
v -0.04499917849898338 0.010964930057525635 0.02861017733812332
v -0.045279499143362045 0.009934484027326107 0.029282759875059128
v -0.04499917849898338 0.010964930057525635 0.02861017733812332
v -0.0459170900285244 0.006527959834784269 0.028505630791187286
v -0.045279499143362045 0.009934484027326107 0.029282759875059128
v -0.045279499143362045 0.009934484027326107 0.029282759875059128
v -0.0459170900285244 0.006527959834784269 0.028505630791187286
v -0.04615050181746483 0.004769920837134123 0.029183339327573776
v -0.0459170900285244 0.006527959834784269 0.028505630791187286
v -0.04639720171689987 0.0011724230134859681 0.0284506194293499
v -0.04615050181746483 0.004769920837134123 0.029183339327573776
v -0.04615050181746483 0.004769920837134123 0.029183339327573776
v -0.04639720171689987 0.0011724230134859681 0.0284506194293499
v -0.04639070853590965 0.0006978249875828624 0.029156159609556198
v 0.06414741277694702 0.00158852303866297 0.041045550256967545
v 0.06401818245649338 0.004168986808508635 0.04191220924258232
v 0.0641167089343071 0.0012010929640382528 0.04188651964068413
v 0.06414741277694702 0.00158852303866297 0.041045550256967545
v 0.06389831751585007 0.006482123862951994 0.041910719126462936
v 0.06401818245649338 0.004168986808508635 0.04191220924258232
v 0.06414741277694702 0.00158852303866297 0.041045550256967545
v 0.0637742206454277 0.00825732946395874 0.041898440569639206
v 0.06389831751585007 0.006482123862951994 0.041910719126462936
v 0.06414741277694702 0.00158852303866297 0.041045550256967545
v 0.0634789988398552 0.011790930293500423 0.040969740599393845
v 0.0637742206454277 0.00825732946395874 0.041898440569639206
v 0.0634789988398552 0.011790930293500423 0.040969740599393845
v 0.06344281882047653 0.011865910142660141 0.04184211045503616
v 0.0637742206454277 0.00825732946395874 0.041898440569639206
v 0.0634789988398552 0.011790930293500423 0.040969740599393845
v 0.06307756155729294 0.01470309030264616 0.04182625934481621
v 0.06344281882047653 0.011865910142660141 0.04184211045503616
v 0.0634789988398552 0.011790930293500423 0.040969740599393845
v 0.06257486343383789 0.017924070358276367 0.041771840304136276
v 0.06307756155729294 0.01470309030264616 0.04182625934481621
v 0.0634789988398552 0.011790930293500423 0.040969740599393845
v 0.06231081113219261 0.0194588303565979 0.0408366397023201
v 0.06257486343383789 0.017924070358276367 0.041771840304136276
v 0.06231081113219261 0.0194588303565979 0.0408366397023201
v 0.06238025054335594 0.01898247003555298 0.04175318032503128
v 0.06257486343383789 0.017924070358276367 0.041771840304136276
v 0.06231081113219261 0.0194588303565979 0.0408366397023201
v 0.062177181243896484 0.019913610070943832 0.041732799261808395
v 0.06238025054335594 0.01898247003555298 0.04175318032503128
v 0.06231081113219261 0.0194588303565979 0.0408366397023201
v 0.061990201473236084 0.020678279921412468 0.04167056828737259
v 0.062177181243896484 0.019913610070943832 0.041732799261808395
v 0.061990201473236084 0.020678279921412468 0.04167056828737259
v 0.06231081113219261 0.0194588303565979 0.0408366397023201
v 0.0617486797273159 0.02143293060362339 0.04169834032654762
v 0.06231081113219261 0.0194588303565979 0.0408366397023201
v 0.061446238309144974 0.022351259365677834 0.040737807750701904
v 0.0617486797273159 0.02143293060362339 0.04169834032654762
v 0.0617486797273159 0.02143293060362339 0.04169834032654762
v 0.061446238309144974 0.022351259365677834 0.040737807750701904
v 0.06147480010986328 0.02219896949827671 0.04165918007493019
v 0.06147480010986328 0.02219896949827671 0.04165918007493019
v 0.061446238309144974 0.022351259365677834 0.040737807750701904
v 0.06121248006820679 0.022832930088043213 0.04162408038973808
v 0.06121248006820679 0.022832930088043213 0.04162408038973808
v 0.061446238309144974 0.022351259365677834 0.040737807750701904
v 0.060937460511922836 0.023416219279170036 0.04159409925341606
v 0.061446238309144974 0.022351259365677834 0.040737807750701904
v 0.06013298034667969 0.02483670972287655 0.040588509291410446
v 0.060937460511922836 0.023416219279170036 0.04159409925341606
v 0.060937460511922836 0.023416219279170036 0.04159409925341606
v 0.06013298034667969 0.02483670972287655 0.040588509291410446
v 0.06043874844908714 0.024301350116729736 0.041554100811481476
v 0.06043874844908714 0.024301350116729736 0.041554100811481476
v 0.06013298034667969 0.02483670972287655 0.040588509291410446
v 0.05986291170120239 0.025166509672999382 0.041473567485809326
v 0.05986291170120239 0.025166509672999382 0.041473567485809326
v 0.06013298034667969 0.02483670972287655 0.040588509291410446
v 0.05922042950987816 0.025992149487137794 0.04140491038560867
v 0.06013298034667969 0.02483670972287655 0.040588509291410446
v 0.0584864616394043 0.02680324949324131 0.04040087014436722
v 0.05922042950987816 0.025992149487137794 0.04140491038560867
v 0.0584864616394043 0.02680324949324131 0.04040087014436722
v 0.058526571840047836 0.026740670204162598 0.04133171960711479
v 0.05922042950987816 0.025992149487137794 0.04140491038560867
v 0.0584864616394043 0.02680324949324131 0.04040087014436722
v 0.05800426006317139 0.027242720127105713 0.04126996919512749
v 0.058526571840047836 0.026740670204162598 0.04133171960711479
v 0.05800426006317139 0.027242720127105713 0.04126996919512749
v 0.0584864616394043 0.02680324949324131 0.04040087014436722
v 0.05740410089492798 0.027771050110459328 0.04119307920336723
v 0.05740410089492798 0.027771050110459328 0.04119307920336723
v 0.05639714002609253 0.028591930866241455 0.04016286879777908
v 0.056755900382995605 0.02829176001250744 0.04112977907061577
v 0.0584864616394043 0.02680324949324131 0.04040087014436722
v 0.05639714002609253 0.028591930866241455 0.04016286879777908
v 0.05740410089492798 0.027771050110459328 0.04119307920336723
v 0.056755900382995605 0.02829176001250744 0.04112977907061577
v 0.05639714002609253 0.028591930866241455 0.04016286879777908
v 0.056128378957509995 0.028753340244293213 0.04106022045016289
v 0.056128378957509995 0.028753340244293213 0.04106022045016289
v 0.05639714002609253 0.028591930866241455 0.04016286879777908
v 0.055431898683309555 0.029226720333099365 0.040969379246234894
v 0.055431898683309555 0.029226720333099365 0.040969379246234894
v 0.05639714002609253 0.028591930866241455 0.04016286879777908
v 0.05462116003036499 0.029737349599599838 0.0408673994243145
v 0.05462116003036499 0.029737349599599838 0.0408673994243145
v 0.05254608020186424 0.030921870842576027 0.03972405940294266
v 0.05355072021484375 0.030334940180182457 0.04083121940493584
v 0.05639714002609253 0.028591930866241455 0.04016286879777908
v 0.05254608020186424 0.030921870842576027 0.03972405940294266
v 0.05462116003036499 0.029737349599599838 0.0408673994243145
v 0.05355072021484375 0.030334940180182457 0.04083121940493584
v 0.05254608020186424 0.030921870842576027 0.03972405940294266
v 0.05276178941130638 0.030765350908041 0.040666889399290085
v 0.05276178941130638 0.030765350908041 0.040666889399290085
v 0.05254608020186424 0.030921870842576027 0.03972405940294266
v 0.05175817012786865 0.031259771436452866 0.04054725915193558
v 0.05254608020186424 0.030921870842576027 0.03972405940294266
v 0.05020982027053833 0.0319586917757988 0.040375418961048126
v 0.05175817012786865 0.031259771436452866 0.04054725915193558
v 0.05020982027053833 0.0319586917757988 0.040375418961048126
v 0.048079658299684525 0.03281337022781372 0.039215099066495895
v 0.047500550746917725 0.033025920391082764 0.040085259824991226
v 0.05254608020186424 0.030921870842576027 0.03972405940294266
v 0.048079658299684525 0.03281337022781372 0.039215099066495895
v 0.05020982027053833 0.0319586917757988 0.040375418961048126
v 0.048079658299684525 0.03281337022781372 0.039215099066495895
v 0.044167160987854004 0.0341717004776001 0.03971511870622635
v 0.047500550746917725 0.033025920391082764 0.040085259824991226
v 0.048079658299684525 0.03281337022781372 0.039215099066495895
v 0.043222058564424515 0.03448987007141113 0.038661789149045944
v 0.044167160987854004 0.0341717004776001 0.03971511870622635
v 0.044167160987854004 0.0341717004776001 0.03971511870622635
v 0.043222058564424515 0.03448987007141113 0.038661789149045944
v 0.040274620056152344 0.035334281623363495 0.03928668051958084
v 0.043222058564424515 0.03448987007141113 0.038661789149045944
v 0.03341192007064819 0.03713572025299072 0.037544019520282745
v 0.040274620056152344 0.035334281623363495 0.03928668051958084
v 0.040274620056152344 0.035334281623363495 0.03928668051958084
v 0.03341192007064819 0.03713572025299072 0.037544019520282745
v 0.03584783896803856 0.0365058109164238 0.03878314048051834
v 0.03584783896803856 0.0365058109164238 0.03878314048051834
v 0.03341192007064819 0.03713572025299072 0.037544019520282745
v 0.03216170892119408 0.03738147020339966 0.03841906785964966
v 0.03341192007064819 0.03713572025299072 0.037544019520282745
v 0.02867257036268711 0.038176048547029495 0.03798462077975273
v 0.03216170892119408 0.03738147020339966 0.03841906785964966
v 0.02867257036268711 0.038176048547029495 0.03798462077975273
v 0.03341192007064819 0.03713572025299072 0.037544019520282745
v 0.023637469857931137 0.03923385962843895 0.03742730990052223
v 0.03341192007064819 0.03713572025299072 0.037544019520282745
v 0.015578379854559898 0.04081832990050316 0.03551222011446953
v 0.023637469857931137 0.03923385962843895 0.03742730990052223
v 0.023637469857931137 0.03923385962843895 0.03742730990052223
v 0.015578379854559898 0.04081832990050316 0.03551222011446953
v 0.015531480312347412 0.04079020023345947 0.03651781007647514
v 0.015578379854559898 0.04081832990050316 0.03551222011446953
v 0.009710966609418392 0.041804250329732895 0.03588724881410599
v 0.015531480312347412 0.04079020023345947 0.03651781007647514
v 0.015578379854559898 0.04081832990050316 0.03551222011446953
v 0.003343581920489669 0.04277687892317772 0.03411787748336792
v 0.009710966609418392 0.041804250329732895 0.03588724881410599
v 0.009710966609418392 0.041804250329732895 0.03588724881410599
v 0.003343581920489669 0.04277687892317772 0.03411787748336792
v 0.006280242931097746 0.04234588146209717 0.035506490617990494
v 0.003343581920489669 0.04277687892317772 0.03411787748336792
v 0.004164636135101318 0.04265064001083374 0.03526663780212402
v 0.006280242931097746 0.04234588146209717 0.035506490617990494
v -0.0015222430229187012 0.043219078332185745 0.033563800156116486
v -0.0032467839773744345 0.04324460029602051 0.03441781923174858
v -0.0019757149275392294 0.043212950229644775 0.03457606956362724
v -0.0015222430229187012 0.043219078332185745 0.033563800156116486
v -0.005048989783972502 0.04322367161512375 0.03421122953295708
v -0.0032467839773744345 0.04324460029602051 0.03441781923174858
v -0.0015222430229187012 0.043219078332185745 0.033563800156116486
v -0.0067136879079043865 0.043164610862731934 0.03297198936343193
v -0.005048989783972502 0.04322367161512375 0.03421122953295708
v -0.0067136879079043865 0.043164610862731934 0.03297198936343193
v -0.006904125213623047 0.043114420026540756 0.03399813920259476
v -0.005048989783972502 0.04322367161512375 0.03421122953295708
v -0.0067136879079043865 0.043164610862731934 0.03297198936343193
v -0.00857168436050415 0.04295599088072777 0.033785589039325714
v -0.006904125213623047 0.043114420026540756 0.03399813920259476
v -0.0067136879079043865 0.043164610862731934 0.03297198936343193
v -0.011069109663367271 0.042599551379680634 0.032476019114255905
v -0.00857168436050415 0.04295599088072777 0.033785589039325714
v -0.0110162403434515 0.04259181022644043 0.033520590513944626
v -0.011069109663367271 0.042599551379680634 0.032476019114255905
v -0.012749429792165756 0.04224205017089844 0.03331434726715088
v -0.011069109663367271 0.042599551379680634 0.032476019114255905
v -0.015900850296020508 0.04144752025604248 0.03192557021975517
v -0.012749429792165756 0.04224205017089844 0.03331434726715088
v -0.012749429792165756 0.04224205017089844 0.03331434726715088
v -0.015900850296020508 0.04144752025604248 0.03192557021975517
v -0.013847580179572105 0.04198271036148071 0.03320349007844925
v -0.013847580179572105 0.04198271036148071 0.03320349007844925
v -0.015900850296020508 0.04144752025604248 0.03192557021975517
v -0.014940500259399414 0.041704948991537094 0.033060140907764435
v 0.06385654211044312 -0.007917343638837337 0.04101229086518288
v 0.06414741277694702 0.00158852303866297 0.041045550256967545
v 0.06405334919691086 -0.0034899709280580282 0.041910719126462936
v 0.06414741277694702 0.00158852303866297 0.041045550256967545
v 0.0640905424952507 -0.0017418860225006938 0.041925620287656784
v 0.06405334919691086 -0.0034899709280580282 0.041910719126462936
v 0.06414741277694702 0.00158852303866297 0.041045550256967545
v 0.0641167089343071 0.0012010929640382528 0.04188651964068413
v 0.0640905424952507 -0.0017418860225006938 0.041925620287656784
v 0.06264203041791916 -0.017655840143561363 0.04087473079562187
v 0.06385654211044312 -0.007917343638837337 0.04101229086518288
v 0.06330949068069458 -0.012973840348422527 0.041852839291095734
v 0.06385654211044312 -0.007917343638837337 0.04101229086518288
v 0.06353764981031418 -0.010883679613471031 0.04188329726457596
v 0.06330949068069458 -0.012973840348422527 0.041852839291095734
v 0.06385654211044312 -0.007917343638837337 0.04101229086518288
v 0.06369113177061081 -0.009277342818677425 0.04189563915133476
v 0.06353764981031418 -0.010883679613471031 0.04188329726457596
v 0.06385654211044312 -0.007917343638837337 0.04101229086518288
v 0.06384813040494919 -0.007283985149115324 0.041915010660886765
v 0.06369113177061081 -0.009277342818677425 0.04189563915133476
v 0.06385654211044312 -0.007917343638837337 0.04101229086518288
v 0.06405334919691086 -0.0034899709280580282 0.041910719126462936
v 0.06384813040494919 -0.007283985149115324 0.041915010660886765
v 0.06279747933149338 -0.016577420756220818 0.041804440319538116
v 0.06264203041791916 -0.017655840143561363 0.04087473079562187
v 0.06330949068069458 -0.012973840348422527 0.041852839291095734
vn -0.18537909843357078 -0.9806118971212048 -0.06352083979536466
vn -0.18537909843357078 -0.9806118971212048 -0.06352083979536466
vn -0.18537909843357078 -0.9806118971212048 -0.06352083979536466
vn -0.210495371489705 -0.9244885017399335 0.3178249655581894
vn -0.210495371489705 -0.9244885017399335 0.3178249655581894
vn -0.210495371489705 -0.9244885017399335 0.3178249655581894
vn -0.23497750679335155 -0.9647010287339336 0.11890120462329366
vn -0.23497750679335155 -0.9647010287339336 0.11890120462329366
vn -0.23497750679335155 -0.9647010287339336 0.11890120462329366
vn -0.23169041027313736 -0.9707362201324614 0.06317234134023293
vn -0.23169041027313736 -0.9707362201324614 0.06317234134023293
vn -0.23169041027313736 -0.9707362201324614 0.06317234134023293
vn -0.3006797966251023 -0.9461147587911889 0.1202435989937825
vn -0.3006797966251023 -0.9461147587911889 0.1202435989937825
vn -0.3006797966251023 -0.9461147587911889 0.1202435989937825
vn -0.29396530550491035 -0.952955589486971 0.07389210800176203
vn -0.29396530550491035 -0.952955589486971 0.07389210800176203
vn -0.29396530550491035 -0.952955589486971 0.07389210800176203
vn -0.39728429594297704 -0.9163429663461713 0.0498071904948733
vn -0.39728429594297704 -0.9163429663461713 0.0498071904948733
vn -0.39728429594297704 -0.9163429663461713 0.0498071904948733
vn -0.39595180311780626 -0.9173530834737909 0.04105471774213001
vn -0.39595180311780626 -0.9173530834737909 0.04105471774213001
vn -0.39595180311780626 -0.9173530834737909 0.04105471774213001
vn -0.9592815583977974 -0.2806030794197485 0.032261486916251136
vn -0.9592815583977974 -0.2806030794197485 0.032261486916251136
vn -0.9592815583977974 -0.2806030794197485 0.032261486916251136
vn -0.31988886015230855 -0.9440596704585624 -0.08014022563062445
vn -0.31988886015230855 -0.9440596704585624 -0.08014022563062445
vn -0.31988886015230855 -0.9440596704585624 -0.08014022563062445
vn -0.9583951168019637 -0.2824062089310487 0.04153953836218405
vn -0.9583951168019637 -0.2824062089310487 0.04153953836218405
vn -0.9583951168019637 -0.2824062089310487 0.04153953836218405
vn -0.884953653000486 -0.4620557894729385 -0.057978267097551876
vn -0.884953653000486 -0.4620557894729385 -0.057978267097551876
vn -0.884953653000486 -0.4620557894729385 -0.057978267097551876
vn -0.8106436014522311 -0.5803744707839554 0.07760428523477177
vn -0.8106436014522311 -0.5803744707839554 0.07760428523477177
vn -0.8106436014522311 -0.5803744707839554 0.07760428523477177
vn -0.7651146792664926 -0.6395222663654065 -0.07490526279098404
vn -0.7651146792664926 -0.6395222663654065 -0.07490526279098404
vn -0.7651146792664926 -0.6395222663654065 -0.07490526279098404
vn -0.6502869073417816 -0.756692760654494 -0.06740181090254138
vn -0.6502869073417816 -0.756692760654494 -0.06740181090254138
vn -0.6502869073417816 -0.756692760654494 -0.06740181090254138
vn -0.6828531615294712 -0.7274782649535204 0.06698457889262112
vn -0.6828531615294712 -0.7274782649535204 0.06698457889262112
vn -0.6828531615294712 -0.7274782649535204 0.06698457889262112
vn -0.5173779637032472 -0.8547445984678667 -0.04161386865321547
vn -0.5173779637032472 -0.8547445984678667 -0.04161386865321547
vn -0.5173779637032472 -0.8547445984678667 -0.04161386865321547
vn -0.5399258209652066 -0.8388110512505613 0.06982927863708628
vn -0.5399258209652066 -0.8388110512505613 0.06982927863708628
vn -0.5399258209652066 -0.8388110512505613 0.06982927863708628
vn -0.9999671590044521 0.00791090727773058 0.0017602439058940528
vn -0.9999671590044521 0.00791090727773058 0.0017602439058940528
vn -0.9999671590044521 0.00791090727773058 0.0017602439058940528
vn -0.9987657778615879 -0.038631197499903035 -0.03121780825523737
vn -0.9987657778615879 -0.038631197499903035 -0.03121780825523737
vn -0.9987657778615879 -0.038631197499903035 -0.03121780825523737
vn -0.9956723668148425 -0.052876823800372355 0.07642368393445981
vn -0.9956723668148425 -0.052876823800372355 0.07642368393445981
vn -0.9956723668148425 -0.052876823800372355 0.07642368393445981
vn -0.9902028877351183 -0.13433649918760177 0.038104410598408675
vn -0.9902028877351183 -0.13433649918760177 0.038104410598408675
vn -0.9902028877351183 -0.13433649918760177 0.038104410598408675
vn -0.9871283902386389 0.1293075996149143 -0.0941120920323336
vn -0.9871283902386389 0.1293075996149143 -0.0941120920323336
vn -0.9871283902386389 0.1293075996149143 -0.0941120920323336
vn -0.9958732631712544 0.08109038992921165 0.04075282029217228
vn -0.9958732631712544 0.08109038992921165 0.04075282029217228
vn -0.9958732631712544 0.08109038992921165 0.04075282029217228
vn -0.977199899402562 0.17258940413362406 0.12366589743507893
vn -0.977199899402562 0.17258940413362406 0.12366589743507893
vn -0.977199899402562 0.17258940413362406 0.12366589743507893
vn -0.7499003282599576 0.21297938758929094 0.6263300073744659
vn -0.7499003282599576 0.21297938758929094 0.6263300073744659
vn -0.7499003282599576 0.21297938758929094 0.6263300073744659
vn -0.8695804918288745 -0.0009580209564641009 0.49379028992731316
vn -0.8695804918288745 -0.0009580209564641009 0.49379028992731316
vn -0.8695804918288745 -0.0009580209564641009 0.49379028992731316
vn -0.10165060021360406 0.6779214546264267 0.728072562890131
vn -0.10165060021360406 0.6779214546264267 0.728072562890131
vn -0.10165060021360406 0.6779214546264267 0.728072562890131
vn -0.08218348008630484 0.6951419696187976 0.7141593083307132
vn -0.08218348008630484 0.6951419696187976 0.7141593083307132
vn -0.08218348008630484 0.6951419696187976 0.7141593083307132
vn 0.20167520491965235 0.6415625762805343 0.7400841657790687
vn 0.20167520491965235 0.6415625762805343 0.7400841657790687
vn 0.20167520491965235 0.6415625762805343 0.7400841657790687
vn -0.4762849487299139 0.6251555651804976 0.6183309525951258
vn -0.4762849487299139 0.6251555651804976 0.6183309525951258
vn -0.4762849487299139 0.6251555651804976 0.6183309525951258
vn -0.478870128519364 0.619188791881747 0.6223251883218853
vn -0.478870128519364 0.619188791881747 0.6223251883218853
vn -0.478870128519364 0.619188791881747 0.6223251883218853
vn -0.15740378784371964 0.6519757750864428 0.7417220748183794
vn -0.15740378784371964 0.6519757750864428 0.7417220748183794
vn -0.15740378784371964 0.6519757750864428 0.7417220748183794
vn 0.6758182512515363 0.3165528712278793 0.6656305063567182
vn 0.6758182512515363 0.3165528712278793 0.6656305063567182
vn 0.6758182512515363 0.3165528712278793 0.6656305063567182
vn -0.4438901877937743 0.6903921422191857 0.5712444232921765
vn -0.4438901877937743 0.6903921422191857 0.5712444232921765
vn -0.4438901877937743 0.6903921422191857 0.5712444232921765
vn -0.11603560384361267 0.6691976835072954 0.7339687997654382
vn -0.11603560384361267 0.6691976835072954 0.7339687997654382
vn -0.11603560384361267 0.6691976835072954 0.7339687997654382
vn 0.6719454011201722 0.3503598910740684 0.6524854976472794
vn 0.6719454011201722 0.3503598910740684 0.6524854976472794
vn 0.6719454011201722 0.3503598910740684 0.6524854976472794
vn 0.20659909754348102 0.652721273559358 0.7288839084087868
vn 0.20659909754348102 0.652721273559358 0.7288839084087868
vn 0.20659909754348102 0.652721273559358 0.7288839084087868
vn 0.5588544612648014 0.062120247693240364 0.8269357689391355
vn 0.5588544612648014 0.062120247693240364 0.8269357689391355
vn 0.5588544612648014 0.062120247693240364 0.8269357689391355
vn 0.5490713839248726 0.07271319046512906 0.8326063939744919
vn 0.5490713839248726 0.07271319046512906 0.8326063939744919
vn 0.5490713839248726 0.07271319046512906 0.8326063939744919
vn -0.049974911175931204 0.7163140811188331 0.6959860957259416
vn -0.049974911175931204 0.7163140811188331 0.6959860957259416
vn -0.049974911175931204 0.7163140811188331 0.6959860957259416
vn -0.7827503758985581 0.3617732858854082 0.5063812186982652
vn -0.7827503758985581 0.3617732858854082 0.5063812186982652
vn -0.7827503758985581 0.3617732858854082 0.5063812186982652
vn 0.5880066261853668 0.020641381291235182 0.8085926916195149
vn 0.5880066261853668 0.020641381291235182 0.8085926916195149
vn 0.5880066261853668 0.020641381291235182 0.8085926916195149
vn -0.5608941435103061 0.19688629029904664 0.8041352799548842
vn -0.5608941435103061 0.19688629029904664 0.8041352799548842
vn -0.5608941435103061 0.19688629029904664 0.8041352799548842
vn -0.6563997831768779 0.060061629560054966 0.7520185671244684
vn -0.6563997831768779 0.060061629560054966 0.7520185671244684
vn -0.6563997831768779 0.060061629560054966 0.7520185671244684
vn -0.7682536725783958 0.3936322272682492 0.504816763019657
vn -0.7682536725783958 0.3936322272682492 0.504816763019657
vn -0.7682536725783958 0.3936322272682492 0.504816763019657
vn -0.5413956535160432 0.3659100758243923 0.7569680064336433
vn -0.5413956535160432 0.3659100758243923 0.7569680064336433
vn -0.5413956535160432 0.3659100758243923 0.7569680064336433
vn 0.0808181099392806 0.8180326296754611 0.5694655827107483
vn 0.0808181099392806 0.8180326296754611 0.5694655827107483
vn 0.0808181099392806 0.8180326296754611 0.5694655827107483
vn 0.5596277655819238 0.046080231189346996 0.8274620089667679
vn 0.5596277655819238 0.046080231189346996 0.8274620089667679
vn 0.5596277655819238 0.046080231189346996 0.8274620089667679
vn 0.5675075681718623 0.03660713529046516 0.8225539968375842
vn 0.5675075681718623 0.03660713529046516 0.8225539968375842
vn 0.5675075681718623 0.03660713529046516 0.8225539968375842
vn 0.18635538115657516 0.6400178634908564 0.7454185443940786
vn 0.18635538115657516 0.6400178634908564 0.7454185443940786
vn 0.18635538115657516 0.6400178634908564 0.7454185443940786
vn 0.5120797721432568 0.4916377036937939 0.7043200091353385
vn 0.5120797721432568 0.4916377036937939 0.7043200091353385
vn 0.5120797721432568 0.4916377036937939 0.7043200091353385
vn 0.0038554069232956487 0.7454973896963097 0.6664973951887918
vn 0.0038554069232956487 0.7454973896963097 0.6664973951887918
vn 0.0038554069232956487 0.7454973896963097 0.6664973951887918
vn 0.22686289130245244 0.6196384396990262 0.7513863404382914
vn 0.22686289130245244 0.6196384396990262 0.7513863404382914
vn 0.22686289130245244 0.6196384396990262 0.7513863404382914
vn -0.37312538425724234 0.7538895807831074 0.5407660747583524
vn -0.37312538425724234 0.7538895807831074 0.5407660747583524
vn -0.37312538425724234 0.7538895807831074 0.5407660747583524
vn 0.31283648694091565 0.583211103285068 0.7496653529698969
vn 0.31283648694091565 0.583211103285068 0.7496653529698969
vn 0.31283648694091565 0.583211103285068 0.7496653529698969
vn 0.5558483036252454 0.05235128507055145 0.8296336578926864
vn 0.5558483036252454 0.05235128507055145 0.8296336578926864
vn 0.5558483036252454 0.05235128507055145 0.8296336578926864
vn -0.7027175858528235 0.14994719274570162 0.6954881982613818
vn -0.7027175858528235 0.14994719274570162 0.6954881982613818
vn -0.7027175858528235 0.14994719274570162 0.6954881982613818
vn -0.7056546077941759 0.15520000164584796 0.6913497913415296
vn -0.7056546077941759 0.15520000164584796 0.6913497913415296
vn -0.7056546077941759 0.15520000164584796 0.6913497913415296
vn -0.7597704901615673 0.3272074960477351 0.5618576837686063
vn -0.7597704901615673 0.3272074960477351 0.5618576837686063
vn -0.7597704901615673 0.3272074960477351 0.5618576837686063
vn -0.1281684082619659 0.6578319882265861 0.742179179436779
vn -0.1281684082619659 0.6578319882265861 0.742179179436779
vn -0.1281684082619659 0.6578319882265861 0.742179179436779
vn -0.43694008918499005 0.6885070570969379 0.5788276002323377
vn -0.43694008918499005 0.6885070570969379 0.5788276002323377
vn -0.43694008918499005 0.6885070570969379 0.5788276002323377
vn 0.25098806538719265 0.6099574546220881 0.7516361450756195
vn 0.25098806538719265 0.6099574546220881 0.7516361450756195
vn 0.25098806538719265 0.6099574546220881 0.7516361450756195
vn 0.25327377723718086 0.6107050586545291 0.7502611046147728
vn 0.25327377723718086 0.6107050586545291 0.7502611046147728
vn 0.25327377723718086 0.6107050586545291 0.7502611046147728
vn 0.6745075776607773 0.3075456707330487 0.6711595846678715
vn 0.6745075776607773 0.3075456707330487 0.6711595846678715
vn 0.6745075776607773 0.3075456707330487 0.6711595846678715
vn 0.6938679687139346 0.2819479056170279 0.6626104591017031
vn 0.6938679687139346 0.2819479056170279 0.6626104591017031
vn 0.6938679687139346 0.2819479056170279 0.6626104591017031
vn 0.07393382686755512 0.7943092796337048 0.6029979747333346
vn 0.07393382686755512 0.7943092796337048 0.6029979747333346
vn 0.07393382686755512 0.7943092796337048 0.6029979747333346
vn 0.2056710003204462 0.6557278126980348 0.726443717903485
vn 0.2056710003204462 0.6557278126980348 0.726443717903485
vn 0.2056710003204462 0.6557278126980348 0.726443717903485
vn 0.21972558855378538 0.6289790118971812 0.7457251962536455
vn 0.21972558855378538 0.6289790118971812 0.7457251962536455
vn 0.21972558855378538 0.6289790118971812 0.7457251962536455
vn 0.6107270519811924 0.013430709515617456 0.7917272788152933
vn 0.6107270519811924 0.013430709515617456 0.7917272788152933
vn 0.6107270519811924 0.013430709515617456 0.7917272788152933
vn -0.4897437715863369 0.5571919111099496 0.6705879602155349
vn -0.4897437715863369 0.5571919111099496 0.6705879602155349
vn -0.4897437715863369 0.5571919111099496 0.6705879602155349
vn 0.5566493088501291 0.012794609689336897 0.8306490503934685
vn 0.5566493088501291 0.012794609689336897 0.8306490503934685
vn 0.5566493088501291 0.012794609689336897 0.8306490503934685
vn -0.3736841001410178 0.7540752127897128 0.5401210667599877
vn -0.3736841001410178 0.7540752127897128 0.5401210667599877
vn -0.3736841001410178 0.7540752127897128 0.5401210667599877
vn -0.06077079626983345 0.7007743295537386 0.7107898770798854
vn -0.06077079626983345 0.7007743295537386 0.7107898770798854
vn -0.06077079626983345 0.7007743295537386 0.7107898770798854
vn -0.748468400672656 0.41308203429250184 0.5188046705064294
vn -0.748468400672656 0.41308203429250184 0.5188046705064294
vn -0.748468400672656 0.41308203429250184 0.5188046705064294
vn 0.5563271747336688 0.021568948812435804 0.8306833663315888
vn 0.5563271747336688 0.021568948812435804 0.8306833663315888
vn 0.5563271747336688 0.021568948812435804 0.8306833663315888
vn 0.5619251049029896 -0.015712439781854205 0.82703887194972
vn 0.5619251049029896 -0.015712439781854205 0.82703887194972
vn 0.5619251049029896 -0.015712439781854205 0.82703887194972
vn -0.7376591569633406 0.25313097260532086 0.6259262567235999
vn -0.7376591569633406 0.25313097260532086 0.6259262567235999
vn -0.7376591569633406 0.25313097260532086 0.6259262567235999
vn 0.04767905136608927 0.7629558977538986 0.6446898526759768
vn 0.04767905136608927 0.7629558977538986 0.6446898526759768
vn 0.04767905136608927 0.7629558977538986 0.6446898526759768
vn -0.0965024850843214 0.6794213210978292 0.727374689420955
vn -0.0965024850843214 0.6794213210978292 0.727374689420955
vn -0.0965024850843214 0.6794213210978292 0.727374689420955
vn 0.7200465369721558 0.21799639374156862 0.6587947760191155
vn 0.7200465369721558 0.21799639374156862 0.6587947760191155
vn 0.7200465369721558 0.21799639374156862 0.6587947760191155
vn -0.7470548586620581 0.3342534231025436 0.5746161216791993
vn -0.7470548586620581 0.3342534231025436 0.5746161216791993
vn -0.7470548586620581 0.3342534231025436 0.5746161216791993
vn -0.014237101754309896 0.727263300645465 0.6862108979518627
vn -0.014237101754309896 0.727263300645465 0.6862108979518627
vn -0.014237101754309896 0.727263300645465 0.6862108979518627
vn -0.49397517073804714 0.5003603780206631 0.7110752581839255
vn -0.49397517073804714 0.5003603780206631 0.7110752581839255
vn -0.49397517073804714 0.5003603780206631 0.7110752581839255
vn -0.49375877381714467 0.5056772293236639 0.7074551667930148
vn -0.49375877381714467 0.5056772293236639 0.7074551667930148
vn -0.49375877381714467 0.5056772293236639 0.7074551667930148
vn -0.5406072215381877 0.2593537903358087 0.8002995960633805
vn -0.5406072215381877 0.2593537903358087 0.8002995960633805
vn -0.5406072215381877 0.2593537903358087 0.8002995960633805
vn -0.5424075708338676 0.25186538629628685 0.8014723041302957
vn -0.5424075708338676 0.25186538629628685 0.8014723041302957
vn -0.5424075708338676 0.25186538629628685 0.8014723041302957
vn 0.5861370717265899 0.4070459711041926 0.7005404417702259
vn 0.5861370717265899 0.4070459711041926 0.7005404417702259
vn 0.5861370717265899 0.4070459711041926 0.7005404417702259
vn 0.06878626299951386 0.7890725678350938 0.6104366737940086
vn 0.06878626299951386 0.7890725678350938 0.6104366737940086
vn 0.06878626299951386 0.7890725678350938 0.6104366737940086
vn -0.5413980466907464 0.2545366577214533 0.8013109539469906
vn -0.5413980466907464 0.2545366577214533 0.8013109539469906
vn -0.5413980466907464 0.2545366577214533 0.8013109539469906
vn -0.7241292550925825 0.2647281570695552 0.6368326505241533
vn -0.7241292550925825 0.2647281570695552 0.6368326505241533
vn -0.7241292550925825 0.2647281570695552 0.6368326505241533
vn -0.5180094237843905 0.37178257077217186 0.7703531378144692
vn -0.5180094237843905 0.37178257077217186 0.7703531378144692
vn -0.5180094237843905 0.37178257077217186 0.7703531378144692
vn -0.5279178119041913 0.29720530452691 0.7955952430949782
vn -0.5279178119041913 0.29720530452691 0.7955952430949782
vn -0.5279178119041913 0.29720530452691 0.7955952430949782
vn -0.07361530743636213 0.6780805800605548 0.7312916746796665
vn -0.07361530743636213 0.6780805800605548 0.7312916746796665
vn -0.07361530743636213 0.6780805800605548 0.7312916746796665
vn 0.5219101935907803 0.4348590995106434 0.7338305754047227
vn 0.5219101935907803 0.4348590995106434 0.7338305754047227
vn 0.5219101935907803 0.4348590995106434 0.7338305754047227
vn -0.34352429518434285 0.7755501003257081 0.5296348747041538
vn -0.34352429518434285 0.7755501003257081 0.5296348747041538
vn -0.34352429518434285 0.7755501003257081 0.5296348747041538
vn -0.6096915168388756 0.02529436044445692 0.7922350974454598
vn -0.6096915168388756 0.02529436044445692 0.7922350974454598
vn -0.6096915168388756 0.02529436044445692 0.7922350974454598
vn -0.611955757863179 0.030007298837376656 0.7903225369648689
vn -0.611955757863179 0.030007298837376656 0.7903225369648689
vn -0.611955757863179 0.030007298837376656 0.7903225369648689
vn 0.3865286363842808 0.5259706911418383 0.7575951724467925
vn 0.3865286363842808 0.5259706911418383 0.7575951724467925
vn 0.3865286363842808 0.5259706911418383 0.7575951724467925
vn 0.39665747264987467 0.5311567860506198 0.7486890663175133
vn 0.39665747264987467 0.5311567860506198 0.7486890663175133
vn 0.39665747264987467 0.5311567860506198 0.7486890663175133
vn -0.7398390654451638 0.41801291051558115 0.527165404672499
vn -0.7398390654451638 0.41801291051558115 0.527165404672499
vn -0.7398390654451638 0.41801291051558115 0.527165404672499
vn 0.7182907301750963 0.19731978631548178 0.6671756357009297
vn 0.7182907301750963 0.19731978631548178 0.6671756357009297
vn 0.7182907301750963 0.19731978631548178 0.6671756357009297
vn 0.731903455278359 0.17403628442802765 0.6588085487105383
vn 0.731903455278359 0.17403628442802765 0.6588085487105383
vn 0.731903455278359 0.17403628442802765 0.6588085487105383
vn 0.027505567413838927 0.7499991687115852 0.6608666209555254
vn 0.027505567413838927 0.7499991687115852 0.6608666209555254
vn 0.027505567413838927 0.7499991687115852 0.6608666209555254
vn -0.43001350128304694 0.6540439628772339 0.6223462728563081
vn -0.43001350128304694 0.6540439628772339 0.6223462728563081
vn -0.43001350128304694 0.6540439628772339 0.6223462728563081
vn -0.4324664771367495 0.6497780680371922 0.6251089572632785
vn -0.4324664771367495 0.6497780680371922 0.6251089572632785
vn -0.4324664771367495 0.6497780680371922 0.6251089572632785
vn -0.008770941600528515 0.7163360587392811 0.6977003092541335
vn -0.008770941600528515 0.7163360587392811 0.6977003092541335
vn -0.008770941600528515 0.7163360587392811 0.6977003092541335
vn -0.48151570774740976 0.48441320875224037 0.7304015788447267
vn -0.48151570774740976 0.48441320875224037 0.7304015788447267
vn -0.48151570774740976 0.48441320875224037 0.7304015788447267
vn -0.6713076120752496 0.14492408687066885 0.7268721338822456
vn -0.6713076120752496 0.14492408687066885 0.7268721338822456
vn -0.6713076120752496 0.14492408687066885 0.7268721338822456
vn -0.6667971798132108 0.1391019860200234 0.7321421709466229
vn -0.6667971798132108 0.1391019860200234 0.7321421709466229
vn -0.6667971798132108 0.1391019860200234 0.7321421709466229
vn -0.7040621019292057 0.19546830590401892 0.6827068902640735
vn -0.7040621019292057 0.19546830590401892 0.6827068902640735
vn -0.7040621019292057 0.19546830590401892 0.6827068902640735
vn 0.09037809735333735 0.8096271082329767 0.5799446052280326
vn 0.09037809735333735 0.8096271082329767 0.5799446052280326
vn 0.09037809735333735 0.8096271082329767 0.5799446052280326
vn 0.09438935521505777 0.8143215649729707 0.5726875574360402
vn 0.09438935521505777 0.8143215649729707 0.5726875574360402
vn 0.09438935521505777 0.8143215649729707 0.5726875574360402
vn -0.08361791486572125 0.6728607744430906 0.7350281780512592
vn -0.08361791486572125 0.6728607744430906 0.7350281780512592
vn -0.08361791486572125 0.6728607744430906 0.7350281780512592
vn 0.2958536063860852 0.5795509054208858 0.7593361519209912
vn 0.2958536063860852 0.5795509054208858 0.7593361519209912
vn 0.2958536063860852 0.5795509054208858 0.7593361519209912
vn -0.6284360106231908 0.07768910896623277 0.7739719522696167
vn -0.6284360106231908 0.07768910896623277 0.7739719522696167
vn -0.6284360106231908 0.07768910896623277 0.7739719522696167
vn -0.3651710858405061 0.7286958913428458 0.5793551380682845
vn -0.3651710858405061 0.7286958913428458 0.5793551380682845
vn -0.3651710858405061 0.7286958913428458 0.5793551380682845
vn 0.5278352518921835 0.42220688025497055 0.7369744209436851
vn 0.5278352518921835 0.42220688025497055 0.7369744209436851
vn 0.5278352518921835 0.42220688025497055 0.7369744209436851
vn 0.5174905082974891 0.43015727577443275 0.7397082478385143
vn 0.5174905082974891 0.43015727577443275 0.7397082478385143
vn 0.5174905082974891 0.43015727577443275 0.7397082478385143
vn -0.7129241198242606 0.31067669261504255 0.6286646101369008
vn -0.7129241198242606 0.31067669261504255 0.6286646101369008
vn -0.7129241198242606 0.31067669261504255 0.6286646101369008
vn -0.5414142726747385 0.25450996119652064 0.8013084705628846
vn -0.5414142726747385 0.25450996119652064 0.8013084705628846
vn -0.5414142726747385 0.25450996119652064 0.8013084705628846
vn -0.7363034041031021 0.41907201072728445 0.5312588323323904
vn -0.7363034041031021 0.41907201072728445 0.5312588323323904
vn -0.7363034041031021 0.41907201072728445 0.5312588323323904
vn -0.058506128180028136 0.6751560653413081 0.7353511544821463
vn -0.058506128180028136 0.6751560653413081 0.7353511544821463
vn -0.058506128180028136 0.6751560653413081 0.7353511544821463
vn 0.7373980629654272 0.13596859113105214 0.6616318001431558
vn 0.7373980629654272 0.13596859113105214 0.6616318001431558
vn 0.7373980629654272 0.13596859113105214 0.6616318001431558
vn 0.7384053535782259 0.14737798407444128 0.6580556690867186
vn 0.7384053535782259 0.14737798407444128 0.6580556690867186
vn 0.7384053535782259 0.14737798407444128 0.6580556690867186
vn 0.6389368217645218 0.30896660884694693 0.704485182534785
vn 0.6389368217645218 0.30896660884694693 0.704485182534785
vn 0.6389368217645218 0.30896660884694693 0.704485182534785
vn -0.027882091349059553 0.7023810655620106 0.7112548261502181
vn -0.027882091349059553 0.7023810655620106 0.7112548261502181
vn -0.027882091349059553 0.7023810655620106 0.7112548261502181
vn -0.4960782722486053 0.41129638886969877 0.7646840055248862
vn -0.4960782722486053 0.41129638886969877 0.7646840055248862
vn -0.4960782722486053 0.41129638886969877 0.7646840055248862
vn -0.49881267841015714 0.3998357677136734 0.7689715669087528
vn -0.49881267841015714 0.3998357677136734 0.7689715669087528
vn -0.49881267841015714 0.3998357677136734 0.7689715669087528
vn -0.4554586017410443 0.5797920106004164 0.67557285805753
vn -0.4554586017410443 0.5797920106004164 0.67557285805753
vn -0.4554586017410443 0.5797920106004164 0.67557285805753
vn -0.45544610169682603 0.5798195098955109 0.6755576839868628
vn -0.45544610169682603 0.5798195098955109 0.6755576839868628
vn -0.45544610169682603 0.5798195098955109 0.6755576839868628
vn 0.06480771198131187 0.7641566867945202 0.6417667165683875
vn 0.06480771198131187 0.7641566867945202 0.6417667165683875
vn 0.06480771198131187 0.7641566867945202 0.6417667165683875
vn 0.06790739328061711 0.7671908174295485 0.6378141073930653
vn 0.06790739328061711 0.7671908174295485 0.6378141073930653
vn 0.06790739328061711 0.7671908174295485 0.6378141073930653
vn -0.47372077909907345 0.48476557915079116 0.7352489080035175
vn -0.47372077909907345 0.48476557915079116 0.7352489080035175
vn -0.47372077909907345 0.48476557915079116 0.7352489080035175
vn -0.7230654808856757 0.4574726727586195 0.5175858035443512
vn -0.7230654808856757 0.4574726727586195 0.5175858035443512
vn -0.7230654808856757 0.4574726727586195 0.5175858035443512
vn -0.30580394919915466 0.7775193911530024 0.5494975350584071
vn -0.30580394919915466 0.7775193911530024 0.5494975350584071
vn -0.30580394919915466 0.7775193911530024 0.5494975350584071
vn -0.5186622013817588 0.3537348718895883 0.7783708378832574
vn -0.5186622013817588 0.3537348718895883 0.7783708378832574
vn -0.5186622013817588 0.3537348718895883 0.7783708378832574
vn -0.7116588181629233 0.29904722442632387 0.6356984222836037
vn -0.7116588181629233 0.29904722442632387 0.6356984222836037
vn -0.7116588181629233 0.29904722442632387 0.6356984222836037
vn 0.19919959991681646 0.6157196695543934 0.7623705187878194
vn 0.19919959991681646 0.6157196695543934 0.7623705187878194
vn 0.19919959991681646 0.6157196695543934 0.7623705187878194
vn 0.2196378945225272 0.6158499547559385 0.7566293865009605
vn 0.2196378945225272 0.6158499547559385 0.7566293865009605
vn 0.2196378945225272 0.6158499547559385 0.7566293865009605
vn 0.08686732503905287 0.7959070208541386 0.5991544725658396
vn 0.08686732503905287 0.7959070208541386 0.5991544725658396
vn 0.08686732503905287 0.7959070208541386 0.5991544725658396
vn -0.3693459647705757 0.7216974531413812 0.5854368833930235
vn -0.3693459647705757 0.7216974531413812 0.5854368833930235
vn -0.3693459647705757 0.7216974531413812 0.5854368833930235
vn -0.6111841064892848 0.054418372634137895 0.7896154942088882
vn -0.6111841064892848 0.054418372634137895 0.7896154942088882
vn -0.6111841064892848 0.054418372634137895 0.7896154942088882
vn -0.6425866397641145 0.1413440834220502 0.7530632513130918
vn -0.6425866397641145 0.1413440834220502 0.7530632513130918
vn -0.6425866397641145 0.1413440834220502 0.7530632513130918
vn 0.7361456663606484 0.1335196032020827 0.66352247396693
vn 0.7361456663606484 0.1335196032020827 0.66352247396693
vn 0.7361456663606484 0.1335196032020827 0.66352247396693
vn -0.6855527757327686 0.23347750301802056 0.6895691751155691
vn -0.6855527757327686 0.23347750301802056 0.6895691751155691
vn -0.6855527757327686 0.23347750301802056 0.6895691751155691
vn -0.6852543600563349 0.231731587044532 0.6904541502443194
vn -0.6852543600563349 0.231731587044532 0.6904541502443194
vn -0.6852543600563349 0.231731587044532 0.6904541502443194
vn -0.0495705548752321 0.6779381975184664 0.7334456765396975
vn -0.0495705548752321 0.6779381975184664 0.7334456765396975
vn -0.0495705548752321 0.6779381975184664 0.7334456765396975
vn -0.5317072416967474 0.28120041658643974 0.7988828041952395
vn -0.5317072416967474 0.28120041658643974 0.7988828041952395
vn -0.5317072416967474 0.28120041658643974 0.7988828041952395
vn -0.2976195845533568 0.7851131646284557 0.5431573451748386
vn -0.2976195845533568 0.7851131646284557 0.5431573451748386
vn -0.2976195845533568 0.7851131646284557 0.5431573451748386
vn -0.7215821776633166 0.4393484910932149 0.5350626732007953
vn -0.7215821776633166 0.4393484910932149 0.5350626732007953
vn -0.7215821776633166 0.4393484910932149 0.5350626732007953
vn -0.720598279538013 0.4722439938899523 0.5076649778758845
vn -0.720598279538013 0.4722439938899523 0.5076649778758845
vn -0.720598279538013 0.4722439938899523 0.5076649778758845
vn -0.3595593723614417 0.6854302604690787 0.6331685524252899
vn -0.3595593723614417 0.6854302604690787 0.6331685524252899
vn -0.3595593723614417 0.6854302604690787 0.6331685524252899
vn -0.35224209209582846 0.6981471373932269 0.623310583181127
vn -0.35224209209582846 0.6981471373932269 0.623310583181127
vn -0.35224209209582846 0.6981471373932269 0.623310583181127
vn 0.3903427220708373 0.4896579208065106 0.7796586945053419
vn 0.3903427220708373 0.4896579208065106 0.7796586945053419
vn 0.3903427220708373 0.4896579208065106 0.7796586945053419
vn -0.30739205700831934 0.7526436356319245 0.5822694230602813
vn -0.30739205700831934 0.7526436356319245 0.5822694230602813
vn -0.30739205700831934 0.7526436356319245 0.5822694230602813
vn 0.30684795614757365 0.5232172546832488 0.7950396444264782
vn 0.30684795614757365 0.5232172546832488 0.7950396444264782
vn 0.30684795614757365 0.5232172546832488 0.7950396444264782
vn -0.05208264957056888 0.6765310065275094 0.7345700748196762
vn -0.05208264957056888 0.6765310065275094 0.7345700748196762
vn -0.05208264957056888 0.6765310065275094 0.7345700748196762
vn 0.2651354977055611 0.5539730805053366 0.7891875530771202
vn 0.2651354977055611 0.5539730805053366 0.7891875530771202
vn 0.2651354977055611 0.5539730805053366 0.7891875530771202
vn 0.10704009024602365 0.811887427114399 0.5739174372448395
vn 0.10704009024602365 0.811887427114399 0.5739174372448395
vn 0.10704009024602365 0.811887427114399 0.5739174372448395
vn 0.018224950843419005 0.7218601093182594 0.6917989836229781
vn 0.018224950843419005 0.7218601093182594 0.6917989836229781
vn 0.018224950843419005 0.7218601093182594 0.6917989836229781
vn 0.03274451839106786 0.7299035559892453 0.6827654029530141
vn 0.03274451839106786 0.7299035559892453 0.6827654029530141
vn 0.03274451839106786 0.7299035559892453 0.6827654029530141
vn 0.6218698969226722 0.27890898666853625 0.7317701882810719
vn 0.6218698969226722 0.27890898666853625 0.7317701882810719
vn 0.6218698969226722 0.27890898666853625 0.7317701882810719
vn -0.7268314272372254 0.3722306146239424 0.57720052487587
vn -0.7268314272372254 0.3722306146239424 0.57720052487587
vn -0.7268314272372254 0.3722306146239424 0.57720052487587
vn 0.6116315967429495 0.28382251803353176 0.7384792266020592
vn 0.6116315967429495 0.28382251803353176 0.7384792266020592
vn 0.6116315967429495 0.28382251803353176 0.7384792266020592
vn 0.7423958757007928 0.11817239935947212 0.6594570856182217
vn 0.7423958757007928 0.11817239935947212 0.6594570856182217
vn 0.7423958757007928 0.11817239935947212 0.6594570856182217
vn 0.06622791118808995 0.7474197551804755 0.6610427923709785
vn 0.06622791118808995 0.7474197551804755 0.6610427923709785
vn 0.06622791118808995 0.7474197551804755 0.6610427923709785
vn -0.2730205653216459 0.7935689682260058 0.5437904592581242
vn -0.2730205653216459 0.7935689682260058 0.5437904592581242
vn -0.2730205653216459 0.7935689682260058 0.5437904592581242
vn 0.0928500234152646 0.7815877912841311 0.6168463322962847
vn 0.0928500234152646 0.7815877912841311 0.6168463322962847
vn 0.0928500234152646 0.7815877912841311 0.6168463322962847
vn -0.6997187698548929 0.4445349849812249 0.5592694254476078
vn -0.6997187698548929 0.4445349849812249 0.5592694254476078
vn -0.6997187698548929 0.4445349849812249 0.5592694254476078
vn 0.24028961174004854 0.611895377656402 0.7535548747719346
vn 0.24028961174004854 0.611895377656402 0.7535548747719346
vn 0.24028961174004854 0.611895377656402 0.7535548747719346
vn -0.708486686743332 0.49591890714327247 0.5021066144209592
vn -0.708486686743332 0.49591890714327247 0.5021066144209592
vn -0.708486686743332 0.49591890714327247 0.5021066144209592
vn -0.030325529340958775 0.6923150672845907 0.7209578419581296
vn -0.030325529340958775 0.6923150672845907 0.7209578419581296
vn -0.030325529340958775 0.6923150672845907 0.7209578419581296
vn 0.4688841355045972 0.39407828051113125 0.7904745260294582
vn 0.4688841355045972 0.39407828051113125 0.7904745260294582
vn 0.4688841355045972 0.39407828051113125 0.7904745260294582
vn -0.4396993507005915 0.5457278476575654 0.7133341413983487
vn -0.4396993507005915 0.5457278476575654 0.7133341413983487
vn -0.4396993507005915 0.5457278476575654 0.7133341413983487
vn -0.43245050401655494 0.5662837040362944 0.7016475811393938
vn -0.43245050401655494 0.5662837040362944 0.7016475811393938
vn -0.43245050401655494 0.5662837040362944 0.7016475811393938
vn 0.11094470090996973 0.8054672907870029 0.5821629641365405
vn 0.11094470090996973 0.8054672907870029 0.5821629641365405
vn 0.11094470090996973 0.8054672907870029 0.5821629641365405
vn -0.3982865757174367 0.6271866476176253 0.6693315416543906
vn -0.3982865757174367 0.6271866476176253 0.6693315416543906
vn -0.3982865757174367 0.6271866476176253 0.6693315416543906
vn -0.41045110472381885 0.6076772073016409 0.6798958025735085
vn -0.41045110472381885 0.6076772073016409 0.6798958025735085
vn -0.41045110472381885 0.6076772073016409 0.6798958025735085
vn 0.22851980251179344 0.5840155018798325 0.7789124427199876
vn 0.22851980251179344 0.5840155018798325 0.7789124427199876
vn 0.22851980251179344 0.5840155018798325 0.7789124427199876
vn 0.2591536682361279 0.5756053420112943 0.7755758289734279
vn 0.2591536682361279 0.5756053420112943 0.7755758289734279
vn 0.2591536682361279 0.5756053420112943 0.7755758289734279
vn -0.673029539635078 0.5198756438344638 0.526080368124773
vn -0.673029539635078 0.5198756438344638 0.526080368124773
vn -0.673029539635078 0.5198756438344638 0.526080368124773
vn -0.6914149918029568 0.5117617696911269 0.5099462718686383
vn -0.6914149918029568 0.5117617696911269 0.5099462718686383
vn -0.6914149918029568 0.5117617696911269 0.5099462718686383
vn -0.5112457115442676 0.3229053813523031 0.796467160102235
vn -0.5112457115442676 0.3229053813523031 0.796467160102235
vn -0.5112457115442676 0.3229053813523031 0.796467160102235
vn -0.018390769359365764 0.6956176841189906 0.7181767311346858
vn -0.018390769359365764 0.6956176841189906 0.7181767311346858
vn -0.018390769359365764 0.6956176841189906 0.7181767311346858
vn 0.10085119460984049 0.7817471742749408 0.6153863762376556
vn 0.10085119460984049 0.7817471742749408 0.6153863762376556
vn 0.10085119460984049 0.7817471742749408 0.6153863762376556
vn -0.3011958572047354 0.7505524091088558 0.5881769604324854
vn -0.3011958572047354 0.7505524091088558 0.5881769604324854
vn -0.3011958572047354 0.7505524091088558 0.5881769604324854
vn -0.6648973146688428 0.2936406994360454 0.6867945111755566
vn -0.6648973146688428 0.2936406994360454 0.6867945111755566
vn -0.6648973146688428 0.2936406994360454 0.6867945111755566
vn -0.6646347421370078 0.28595941309810685 0.6902810106073172
vn -0.6646347421370078 0.28595941309810685 0.6902810106073172
vn -0.6646347421370078 0.28595941309810685 0.6902810106073172
vn 0.1124963808518606 0.7954470328840624 0.5954902032537348
vn 0.1124963808518606 0.7954470328840624 0.5954902032537348
vn 0.1124963808518606 0.7954470328840624 0.5954902032537348
vn -0.23830338477666946 0.7954562525119652 0.5571901355404661
vn -0.23830338477666946 0.7954562525119652 0.5571901355404661
vn -0.23830338477666946 0.7954562525119652 0.5571901355404661
vn -0.24326547153034095 0.7885899871632356 0.5647545860876287
vn -0.24326547153034095 0.7885899871632356 0.5647545860876287
vn -0.24326547153034095 0.7885899871632356 0.5647545860876287
vn -0.22759769809760189 0.8037042005094646 0.5497807252933805
vn -0.22759769809760189 0.8037042005094646 0.5497807252933805
vn -0.22759769809760189 0.8037042005094646 0.5497807252933805
vn -0.6518735259451263 0.2229999889559596 0.7247978415375633
vn -0.6518735259451263 0.2229999889559596 0.7247978415375633
vn -0.6518735259451263 0.2229999889559596 0.7247978415375633
vn -0.6496595620106445 0.21539470154835597 0.729073093751945
vn -0.6496595620106445 0.21539470154835597 0.729073093751945
vn -0.6496595620106445 0.21539470154835597 0.729073093751945
vn 0.08711879184800009 0.7683621847329383 0.6340582537743443
vn 0.08711879184800009 0.7683621847329383 0.6340582537743443
vn 0.08711879184800009 0.7683621847329383 0.6340582537743443
vn -0.619572761000336 0.12411848502258334 0.7750639944560187
vn -0.619572761000336 0.12411848502258334 0.7750639944560187
vn -0.619572761000336 0.12411848502258334 0.7750639944560187
vn -0.621889779939604 0.12937978116183838 0.7723431710277406
vn -0.621889779939604 0.12937978116183838 0.7723431710277406
vn -0.621889779939604 0.12937978116183838 0.7723431710277406
vn 0.05200742790380504 0.733594993899802 0.6775939878481658
vn 0.05200742790380504 0.733594993899802 0.6775939878481658
vn 0.05200742790380504 0.733594993899802 0.6775939878481658
vn -0.690452809604585 0.3719314014526015 0.6204369027730687
vn -0.690452809604585 0.3719314014526015 0.6204369027730687
vn -0.690452809604585 0.3719314014526015 0.6204369027730687
vn 0.4933544801088907 0.38845897553241154 0.7782679366932672
vn 0.4933544801088907 0.38845897553241154 0.7782679366932672
vn 0.4933544801088907 0.38845897553241154 0.7782679366932672
vn -0.6901813391058292 0.3599623865728451 0.6277553658893458
vn -0.6901813391058292 0.3599623865728451 0.6277553658893458
vn -0.6901813391058292 0.3599623865728451 0.6277553658893458
vn -0.5075821143706857 0.33034830395323417 0.7957577490959206
vn -0.5075821143706857 0.33034830395323417 0.7957577490959206
vn -0.5075821143706857 0.33034830395323417 0.7957577490959206
vn -0.5046009523735472 0.33857846947069103 0.7941929859137473
vn -0.5046009523735472 0.33857846947069103 0.7941929859137473
vn -0.5046009523735472 0.33857846947069103 0.7941929859137473
vn 0.6665814465892793 0.1794380829362603 0.7235130610121033
vn 0.6665814465892793 0.1794380829362603 0.7235130610121033
vn 0.6665814465892793 0.1794380829362603 0.7235130610121033
vn 0.0003508179954391028 0.70896169806661 0.7052468983279848
vn 0.0003508179954391028 0.70896169806661 0.7052468983279848
vn 0.0003508179954391028 0.70896169806661 0.7052468983279848
vn 0.009509264743903496 0.7080149838502603 0.7061333843740474
vn 0.009509264743903496 0.7080149838502603 0.7061333843740474
vn 0.009509264743903496 0.7080149838502603 0.7061333843740474
vn 0.035879957869046714 0.7129003891951211 0.70034681673351
vn 0.035879957869046714 0.7129003891951211 0.70034681673351
vn 0.035879957869046714 0.7129003891951211 0.70034681673351
vn 0.6638184367389922 0.18217079828778968 0.7253681019293513
vn 0.6638184367389922 0.18217079828778968 0.7253681019293513
vn 0.6638184367389922 0.18217079828778968 0.7253681019293513
vn 0.3088392624976133 0.5234216468013022 0.794133546451567
vn 0.3088392624976133 0.5234216468013022 0.794133546451567
vn 0.3088392624976133 0.5234216468013022 0.794133546451567
vn -0.5794672209599272 0.010457630911154838 0.814928449490325
vn -0.5794672209599272 0.010457630911154838 0.814928449490325
vn -0.5794672209599272 0.010457630911154838 0.814928449490325
vn -0.45802518433068484 0.46103968922096067 0.7600364040504126
vn -0.45802518433068484 0.46103968922096067 0.7600364040504126
vn -0.45802518433068484 0.46103968922096067 0.7600364040504126
vn -0.4570943764904763 0.46522138049058426 0.7580460395749178
vn -0.4570943764904763 0.46522138049058426 0.7580460395749178
vn -0.4570943764904763 0.46522138049058426 0.7580460395749178
vn 0.058401998477777724 0.7287330670528827 0.6823029558469613
vn 0.058401998477777724 0.7287330670528827 0.6823029558469613
vn 0.058401998477777724 0.7287330670528827 0.6823029558469613
vn -0.5020159397703996 0.34899463656951063 0.7913170918551917
vn -0.5020159397703996 0.34899463656951063 0.7913170918551917
vn -0.5020159397703996 0.34899463656951063 0.7913170918551917
vn 0.1309085933022041 0.7965114102478515 0.5902817238781979
vn 0.1309085933022041 0.7965114102478515 0.5902817238781979
vn 0.1309085933022041 0.7965114102478515 0.5902817238781979
vn 0.22085700863619134 0.6006708723361391 0.7683857656562979
vn 0.22085700863619134 0.6006708723361391 0.7683857656562979
vn 0.22085700863619134 0.6006708723361391 0.7683857656562979
vn 0.24294172105752934 0.6118567555312281 0.7527354321940776
vn 0.24294172105752934 0.6118567555312281 0.7527354321940776
vn 0.24294172105752934 0.6118567555312281 0.7527354321940776
vn 0.7464969264838163 0.09977889203546321 0.6578651164595909
vn 0.7464969264838163 0.09977889203546321 0.6578651164595909
vn 0.7464969264838163 0.09977889203546321 0.6578651164595909
vn 0.09484301546283373 0.7540549666743568 0.649927618778931
vn 0.09484301546283373 0.7540549666743568 0.649927618778931
vn 0.09484301546283373 0.7540549666743568 0.649927618778931
vn -0.6310942533707098 0.19963528961534546 0.7495770770925854
vn -0.6310942533707098 0.19963528961534546 0.7495770770925854
vn -0.6310942533707098 0.19963528961534546 0.7495770770925854
vn -0.4308565603509709 0.5339248238021288 0.7275210697501454
vn -0.4308565603509709 0.5339248238021288 0.7275210697501454
vn -0.4308565603509709 0.5339248238021288 0.7275210697501454
vn 0.09192424741620753 0.742860593355933 0.6631048722305055
vn 0.09192424741620753 0.742860593355933 0.6631048722305055
vn 0.09192424741620753 0.742860593355933 0.6631048722305055
vn 0.03533356717864104 0.7127387687246756 0.700539068565962
vn 0.03533356717864104 0.7127387687246756 0.700539068565962
vn 0.03533356717864104 0.7127387687246756 0.700539068565962
vn 0.3498336688876957 0.46229475949296234 0.8148005642228767
vn 0.3498336688876957 0.46229475949296234 0.8148005642228767
vn 0.3498336688876957 0.46229475949296234 0.8148005642228767
vn 0.39200098162205566 0.44640747668975395 0.8043976598442039
vn 0.39200098162205566 0.44640747668975395 0.8043976598442039
vn 0.39200098162205566 0.44640747668975395 0.8043976598442039
vn 0.1092414926394072 0.7640814156683845 0.6358033394974517
vn 0.1092414926394072 0.7640814156683845 0.6358033394974517
vn 0.1092414926394072 0.7640814156683845 0.6358033394974517
vn -0.341280972727704 0.6566376796354314 0.6725728624744153
vn -0.341280972727704 0.6566376796354314 0.6725728624744153
vn -0.341280972727704 0.6566376796354314 0.6725728624744153
vn -0.6714357056255237 0.520090871702669 0.5279011066314531
vn -0.6714357056255237 0.520090871702669 0.5279011066314531
vn -0.6714357056255237 0.520090871702669 0.5279011066314531
vn -0.6607962341909646 0.5358603670644345 0.5255492402131405
vn -0.6607962341909646 0.5358603670644345 0.5255492402131405
vn -0.6607962341909646 0.5358603670644345 0.5255492402131405
vn -0.3443830700847477 0.6508565718058721 0.6765988648941937
vn -0.3443830700847477 0.6508565718058721 0.6765988648941937
vn -0.3443830700847477 0.6508565718058721 0.6765988648941937
vn -0.592902559369403 0.08505373709344712 0.8007698901055472
vn -0.592902559369403 0.08505373709344712 0.8007698901055472
vn -0.592902559369403 0.08505373709344712 0.8007698901055472
vn -0.6746598479780949 0.40012407288913193 0.6202699539884119
vn -0.6746598479780949 0.40012407288913193 0.6202699539884119
vn -0.6746598479780949 0.40012407288913193 0.6202699539884119
vn -0.2906719713305205 0.719859711623864 0.630326741193515
vn -0.2906719713305205 0.719859711623864 0.630326741193515
vn -0.2906719713305205 0.719859711623864 0.630326741193515
vn -0.6750078850825539 0.4118703934402828 0.6121496010647431
vn -0.6750078850825539 0.4118703934402828 0.6121496010647431
vn -0.6750078850825539 0.4118703934402828 0.6121496010647431
vn 0.45277289158236084 0.362196211863312 0.8147457350364066
vn 0.45277289158236084 0.362196211863312 0.8147457350364066
vn 0.45277289158236084 0.362196211863312 0.8147457350364066
vn 0.14547549439166688 0.7999326128711668 0.5821895699826715
vn 0.14547549439166688 0.7999326128711668 0.5821895699826715
vn 0.14547549439166688 0.7999326128711668 0.5821895699826715
vn 0.27504759410242574 0.5524902815921601 0.7868311824811488
vn 0.27504759410242574 0.5524902815921601 0.7868311824811488
vn 0.27504759410242574 0.5524902815921601 0.7868311824811488
vn -0.40294393077775115 0.5816691399562636 0.706609651980438
vn -0.40294393077775115 0.5816691399562636 0.706609651980438
vn -0.40294393077775115 0.5816691399562636 0.706609651980438
vn 0.12443518509589369 0.7911786951047152 0.5987922487161559
vn 0.12443518509589369 0.7911786951047152 0.5987922487161559
vn 0.12443518509589369 0.7911786951047152 0.5987922487161559
vn -0.23216541032221552 0.7774640295193485 0.584507403762737
vn -0.23216541032221552 0.7774640295193485 0.584507403762737
vn -0.23216541032221552 0.7774640295193485 0.584507403762737
vn 0.7407525536192615 0.10424969750339863 0.6636397026075166
vn 0.7407525536192615 0.10424969750339863 0.6636397026075166
vn 0.7407525536192615 0.10424969750339863 0.6636397026075166
vn -0.48027807212472357 0.38855105426814535 0.7863593654705662
vn -0.48027807212472357 0.38855105426814535 0.7863593654705662
vn -0.48027807212472357 0.38855105426814535 0.7863593654705662
vn -0.48644178244105124 0.37570720245520994 0.7888082722175604
vn -0.48644178244105124 0.37570720245520994 0.7888082722175604
vn -0.48644178244105124 0.37570720245520994 0.7888082722175604
vn -0.29211188062183574 0.7180602722458606 0.6317120345709547
vn -0.29211188062183574 0.7180602722458606 0.6317120345709547
vn -0.29211188062183574 0.7180602722458606 0.6317120345709547
vn 0.5580418748801484 0.26007098159269826 0.7880052984680109
vn 0.5580418748801484 0.26007098159269826 0.7880052984680109
vn 0.5580418748801484 0.26007098159269826 0.7880052984680109
vn 0.09216200865468129 0.743064487740508 0.6628433685416719
vn 0.09216200865468129 0.743064487740508 0.6628433685416719
vn 0.09216200865468129 0.743064487740508 0.6628433685416719
vn 0.5826346238350256 0.24157170786180518 0.7760025805816299
vn 0.5826346238350256 0.24157170786180518 0.7760025805816299
vn 0.5826346238350256 0.24157170786180518 0.7760025805816299
vn 0.154428710218061 0.7880318997899811 0.595950919433622
vn 0.154428710218061 0.7880318997899811 0.595950919433622
vn 0.154428710218061 0.7880318997899811 0.595950919433622
vn -0.6383871423820258 0.2511125798155975 0.7276017651845454
vn -0.6383871423820258 0.2511125798155975 0.7276017651845454
vn -0.6383871423820258 0.2511125798155975 0.7276017651845454
vn 0.039215200213531295 0.7147346837830995 0.6982954244943077
vn 0.039215200213531295 0.7147346837830995 0.6982954244943077
vn 0.039215200213531295 0.7147346837830995 0.6982954244943077
vn -0.5803850367211998 0.017855879147189835 0.8141464098858463
vn -0.5803850367211998 0.017855879147189835 0.8141464098858463
vn -0.5803850367211998 0.017855879147189835 0.8141464098858463
vn -0.5825814697457389 0.02602540929302899 0.8123555312669603
vn -0.5825814697457389 0.02602540929302899 0.8123555312669603
vn -0.5825814697457389 0.02602540929302899 0.8123555312669603
vn -0.18101468253951045 0.8202126428111719 0.5426646342611917
vn -0.18101468253951045 0.8202126428111719 0.5426646342611917
vn -0.18101468253951045 0.8202126428111719 0.5426646342611917
vn 0.10470089540540502 0.7539534730213663 0.6485305567360156
vn 0.10470089540540502 0.7539534730213663 0.6485305567360156
vn 0.10470089540540502 0.7539534730213663 0.6485305567360156
vn 0.12458539758775004 0.766381204412629 0.6301891210033307
vn 0.12458539758775004 0.766381204412629 0.6301891210033307
vn 0.12458539758775004 0.766381204412629 0.6301891210033307
vn 0.2629989100990075 0.5706573157794007 0.7779343167865674
vn 0.2629989100990075 0.5706573157794007 0.7779343167865674
vn 0.2629989100990075 0.5706573157794007 0.7779343167865674
vn 0.6755765520016966 0.12498328545277672 0.7266192267913977
vn 0.6755765520016966 0.12498328545277672 0.7266192267913977
vn 0.6755765520016966 0.12498328545277672 0.7266192267913977
vn 0.12557139819066676 0.7675228012759079 0.6286020788050452
vn 0.12557139819066676 0.7675228012759079 0.6286020788050452
vn 0.12557139819066676 0.7675228012759079 0.6286020788050452
vn 0.6875681022581613 0.11367588807913274 0.7171665756478972
vn 0.6875681022581613 0.11367588807913274 0.7171665756478972
vn 0.6875681022581613 0.11367588807913274 0.7171665756478972
vn 0.08794014691708327 0.730325800686976 0.6774147587786445
vn 0.08794014691708327 0.730325800686976 0.6774147587786445
vn 0.08794014691708327 0.730325800686976 0.6774147587786445
vn -0.6489417476713262 0.5479574139119656 0.5278420982341172
vn -0.6489417476713262 0.5479574139119656 0.5278420982341172
vn -0.6489417476713262 0.5479574139119656 0.5278420982341172
vn 0.7518606858956031 0.0792661317359729 0.6545398302351114
vn 0.7518606858956031 0.0792661317359729 0.6545398302351114
vn 0.7518606858956031 0.0792661317359729 0.6545398302351114
vn -0.45807171413762665 0.41437390940434915 0.7864251826537428
vn -0.45807171413762665 0.41437390940434915 0.7864251826537428
vn -0.45807171413762665 0.41437390940434915 0.7864251826537428
vn 0.17203738083528025 0.7918952240077697 0.5859224298394974
vn 0.17203738083528025 0.7918952240077697 0.5859224298394974
vn 0.17203738083528025 0.7918952240077697 0.5859224298394974
vn -0.4042364137291283 0.5237616995635644 0.7498443864467479
vn -0.4042364137291283 0.5237616995635644 0.7498443864467479
vn -0.4042364137291283 0.5237616995635644 0.7498443864467479
vn -0.40148135581691263 0.5323631109331081 0.7452531375640338
vn -0.40148135581691263 0.5323631109331081 0.7452531375640338
vn -0.40148135581691263 0.5323631109331081 0.7452531375640338
vn -0.647556824817803 0.40074293780974785 0.6481321288344666
vn -0.647556824817803 0.40074293780974785 0.6481321288344666
vn -0.647556824817803 0.40074293780974785 0.6481321288344666
vn -0.2259106894548336 0.7742882831536329 0.5911362067755972
vn -0.2259106894548336 0.7742882831536329 0.5911362067755972
vn -0.2259106894548336 0.7742882831536329 0.5911362067755972
vn -0.47334575053284117 0.3955217549750905 0.7870872517033455
vn -0.47334575053284117 0.3955217549750905 0.7870872517033455
vn -0.47334575053284117 0.3955217549750905 0.7870872517033455
vn -0.6673360507371412 0.48661807474150165 0.5637955699732218
vn -0.6673360507371412 0.48661807474150165 0.5637955699732218
vn -0.6673360507371412 0.48661807474150165 0.5637955699732218
vn 0.11588960025719719 0.7336459682954409 0.6695768766587389
vn 0.11588960025719719 0.7336459682954409 0.6695768766587389
vn 0.11588960025719719 0.7336459682954409 0.6695768766587389
vn 0.44061668556134376 0.3630563819923017 0.821003654011111
vn 0.44061668556134376 0.3630563819923017 0.821003654011111
vn 0.44061668556134376 0.3630563819923017 0.821003654011111
vn 0.10947229716163874 0.7338563205797481 0.6704257728483503
vn 0.10947229716163874 0.7338563205797481 0.6704257728483503
vn 0.10947229716163874 0.7338563205797481 0.6704257728483503
vn -0.5808901594314969 0.03336387017080203 0.8132979004294034
vn -0.5808901594314969 0.03336387017080203 0.8132979004294034
vn -0.5808901594314969 0.03336387017080203 0.8132979004294034
vn 0.09221369011686845 0.7281172262590188 0.6792215692834724
vn 0.09221369011686845 0.7281172262590188 0.6792215692834724
vn 0.09221369011686845 0.7281172262590188 0.6792215692834724
vn -0.5970548368401981 0.12179078859979776 0.7929013341002548
vn -0.5970548368401981 0.12179078859979776 0.7929013341002548
vn -0.5970548368401981 0.12179078859979776 0.7929013341002548
vn 0.30398139491291265 0.5536562228716849 0.775280657840926
vn 0.30398139491291265 0.5536562228716849 0.775280657840926
vn 0.30398139491291265 0.5536562228716849 0.775280657840926
vn 0.25467279503556 0.5618674148050288 0.7870494111865464
vn 0.25467279503556 0.5618674148050288 0.7870494111865464
vn 0.25467279503556 0.5618674148050288 0.7870494111865464
vn -0.317199467193436 0.6332994671142644 0.705915209472773
vn -0.317199467193436 0.6332994671142644 0.705915209472773
vn -0.317199467193436 0.6332994671142644 0.705915209472773
vn -0.6340943491343694 0.5571954176907823 0.5361507464326195
vn -0.6340943491343694 0.5571954176907823 0.5361507464326195
vn -0.6340943491343694 0.5571954176907823 0.5361507464326195
vn 0.3290075167574673 0.4562906170893315 0.8267725967116482
vn 0.3290075167574673 0.4562906170893315 0.8267725967116482
vn 0.3290075167574673 0.4562906170893315 0.8267725967116482
vn -0.14914368374592374 0.8111533675749115 0.5654965745878364
vn -0.14914368374592374 0.8111533675749115 0.5654965745878364
vn -0.14914368374592374 0.8111533675749115 0.5654965745878364
vn -0.15553608704237665 0.8089518038138379 0.5669263662362901
vn -0.15553608704237665 0.8089518038138379 0.5669263662362901
vn -0.15553608704237665 0.8089518038138379 0.5669263662362901
vn 0.12844410715060903 0.7364643913315474 0.6641703935278478
vn 0.12844410715060903 0.7364643913315474 0.6641703935278478
vn 0.12844410715060903 0.7364643913315474 0.6641703935278478
vn 0.1843415802334977 0.7774872207326744 0.6012751478270147
vn 0.1843415802334977 0.7774872207326744 0.6012751478270147
vn 0.1843415802334977 0.7774872207326744 0.6012751478270147
vn -0.6461802449032188 0.3296128968734017 0.6883359857740553
vn -0.6461802449032188 0.3296128968734017 0.6883359857740553
vn -0.6461802449032188 0.3296128968734017 0.6883359857740553
vn 0.2034117111768382 0.7820951263159147 0.5890253722455461
vn 0.2034117111768382 0.7820951263159147 0.5890253722455461
vn 0.2034117111768382 0.7820951263159147 0.5890253722455461
vn -0.6462662177029479 0.32859080811404306 0.6887438251475552
vn -0.6462662177029479 0.32859080811404306 0.6887438251475552
vn -0.6462662177029479 0.32859080811404306 0.6887438251475552
vn -0.5820352824363516 0.07919930385292977 0.8092974732868303
vn -0.5820352824363516 0.07919930385292977 0.8092974732868303
vn -0.5820352824363516 0.07919930385292977 0.8092974732868303
vn 0.15009590491671465 0.761463438360623 0.6305907162076287
vn 0.15009590491671465 0.761463438360623 0.6305907162076287
vn 0.15009590491671465 0.761463438360623 0.6305907162076287
vn 0.14249028017475235 0.7581536041865637 0.6363172420378406
vn 0.14249028017475235 0.7581536041865637 0.6363172420378406
vn 0.14249028017475235 0.7581536041865637 0.6363172420378406
vn -0.17520089331529526 0.7860748715820997 0.5927823742729773
vn -0.17520089331529526 0.7860748715820997 0.5927823742729773
vn -0.17520089331529526 0.7860748715820997 0.5927823742729773
vn 0.6087714968436204 0.16362219884198687 0.7762892764149787
vn 0.6087714968436204 0.16362219884198687 0.7762892764149787
vn 0.6087714968436204 0.16362219884198687 0.7762892764149787
vn 0.6177515427336052 0.1552297929989893 0.770899956424789
vn 0.6177515427336052 0.1552297929989893 0.770899956424789
vn 0.6177515427336052 0.1552297929989893 0.770899956424789
vn -0.22880218142516048 0.741570447418052 0.6306527041813728
vn -0.22880218142516048 0.741570447418052 0.6306527041813728
vn -0.22880218142516048 0.741570447418052 0.6306527041813728
vn 0.36071958562924217 0.4955585817976072 0.7901285164770426
vn 0.36071958562924217 0.4955585817976072 0.7901285164770426
vn 0.36071958562924217 0.4955585817976072 0.7901285164770426
vn 0.30013359423976316 0.5000587244203859 0.8123183475336364
vn 0.30013359423976316 0.5000587244203859 0.8123183475336364
vn 0.30013359423976316 0.5000587244203859 0.8123183475336364
vn -0.3654248831574533 0.5785091704781952 0.7292405600636817
vn -0.3654248831574533 0.5785091704781952 0.7292405600636817
vn -0.3654248831574533 0.5785091704781952 0.7292405600636817
vn -0.6115604623899311 0.2673769586613419 0.7446498256351268
vn -0.6115604623899311 0.2673769586613419 0.7446498256351268
vn -0.6115604623899311 0.2673769586613419 0.7446498256351268
vn 0.5372406924103047 0.2532648483670468 0.8045056587744509
vn 0.5372406924103047 0.2532648483670468 0.8045056587744509
vn 0.5372406924103047 0.2532648483670468 0.8045056587744509
vn 0.11997069699611256 0.7295944861702814 0.6732747712577606
vn 0.11997069699611256 0.7295944861702814 0.6732747712577606
vn 0.11997069699611256 0.7295944861702814 0.6732747712577606
vn 0.29786444107207066 0.5258980463481326 0.7966856466587309
vn 0.29786444107207066 0.5258980463481326 0.7966856466587309
vn 0.29786444107207066 0.5258980463481326 0.7966856466587309
vn -0.6017892476360696 0.20044708637244224 0.7730916291064159
vn -0.6017892476360696 0.20044708637244224 0.7730916291064159
vn -0.6017892476360696 0.20044708637244224 0.7730916291064159
vn -0.6020693721720763 0.2025763969225101 0.7723181174245592
vn -0.6020693721720763 0.2025763969225101 0.7723181174245592
vn -0.6020693721720763 0.2025763969225101 0.7723181174245592
vn 0.7430687959286424 0.06818663905567073 0.6657321884748019
vn 0.7430687959286424 0.06818663905567073 0.6657321884748019
vn 0.7430687959286424 0.06818663905567073 0.6657321884748019
vn -0.5795809767416438 0.04624252878739302 0.8136015732104684
vn -0.5795809767416438 0.04624252878739302 0.8136015732104684
vn -0.5795809767416438 0.04624252878739302 0.8136015732104684
vn -0.587968271095665 0.13469399082133654 0.7975906475262836
vn -0.587968271095665 0.13469399082133654 0.7975906475262836
vn -0.587968271095665 0.13469399082133654 0.7975906475262836
vn -0.27373490509833687 0.6916259722343628 0.6683731863724615
vn -0.27373490509833687 0.6916259722343628 0.6683731863724615
vn -0.27373490509833687 0.6916259722343628 0.6683731863724615
vn -0.28337798287202165 0.6784968559242902 0.6777454797519767
vn -0.28337798287202165 0.6784968559242902 0.6777454797519767
vn -0.28337798287202165 0.6784968559242902 0.6777454797519767
vn -0.6194038650027084 0.5899273403712224 0.5180005647701966
vn -0.6194038650027084 0.5899273403712224 0.5180005647701966
vn -0.6194038650027084 0.5899273403712224 0.5180005647701966
vn -0.620548414412165 0.5883729337508594 0.5183984531226485
vn -0.620548414412165 0.5883729337508594 0.5183984531226485
vn -0.620548414412165 0.5883729337508594 0.5183984531226485
vn 0.12959730826756524 0.719613682497237 0.6821735011363074
vn 0.12959730826756524 0.719613682497237 0.6821735011363074
vn 0.12959730826756524 0.719613682497237 0.6821735011363074
vn -0.21399336552126982 0.7347839302591813 0.64366094750711
vn -0.21399336552126982 0.7347839302591813 0.64366094750711
vn -0.21399336552126982 0.7347839302591813 0.64366094750711
vn 0.11942200161508715 0.7297620054336132 0.6731907611931088
vn 0.11942200161508715 0.7297620054336132 0.6731907611931088
vn 0.11942200161508715 0.7297620054336132 0.6731907611931088
vn -0.11351958665627081 0.812848091365762 0.5713066460390841
vn -0.11351958665627081 0.812848091365762 0.5713066460390841
vn -0.11351958665627081 0.812848091365762 0.5713066460390841
vn -0.11181109852107451 0.8136610772635311 0.5704856962219655
vn -0.11181109852107451 0.8136610772635311 0.5704856962219655
vn -0.11181109852107451 0.8136610772635311 0.5704856962219655
vn 0.22586428824214577 0.7609441181013729 0.6082346359948542
vn 0.22586428824214577 0.7609441181013729 0.6082346359948542
vn 0.22586428824214577 0.7609441181013729 0.6082346359948542
vn 0.23612417093844906 0.7630335032170878 0.6016853404121532
vn 0.23612417093844906 0.7630335032170878 0.6016853404121532
vn 0.23612417093844906 0.7630335032170878 0.6016853404121532
vn 0.4122610497028389 0.41684473641182496 0.8101119012973885
vn 0.4122610497028389 0.41684473641182496 0.8101119012973885
vn 0.4122610497028389 0.41684473641182496 0.8101119012973885
vn -0.3220734088709309 0.6167718341557559 0.7182347971871057
vn -0.3220734088709309 0.6167718341557559 0.7182347971871057
vn -0.3220734088709309 0.6167718341557559 0.7182347971871057
vn 0.7581657047086309 0.05748855973509758 0.649522770734983
vn 0.7581657047086309 0.05748855973509758 0.649522770734983
vn 0.7581657047086309 0.05748855973509758 0.649522770734983
vn 0.323632947592334 0.510555433592289 0.7966146273211955
vn 0.323632947592334 0.510555433592289 0.7966146273211955
vn 0.323632947592334 0.510555433592289 0.7966146273211955
vn -0.6345243589866748 0.47523678366839095 0.6095316540599613
vn -0.6345243589866748 0.47523678366839095 0.6095316540599613
vn -0.6345243589866748 0.47523678366839095 0.6095316540599613
vn -0.6274603513296748 0.3659038788089914 0.6873193282469043
vn -0.6274603513296748 0.3659038788089914 0.6873193282469043
vn -0.6274603513296748 0.3659038788089914 0.6873193282469043
vn -0.6273440089779256 0.37055709764186384 0.6849284136219949
vn -0.6273440089779256 0.37055709764186384 0.6849284136219949
vn -0.6273440089779256 0.37055709764186384 0.6849284136219949
vn -0.3716430154034686 0.5610160361440237 0.7396907977601617
vn -0.3716430154034686 0.5610160361440237 0.7396907977601617
vn -0.3716430154034686 0.5610160361440237 0.7396907977601617
vn -0.5796846754031768 0.06090139977152383 0.8125618109464551
vn -0.5796846754031768 0.06090139977152383 0.8125618109464551
vn -0.5796846754031768 0.06090139977152383 0.8125618109464551
vn -0.6076312577038498 0.5431736632479698 0.579436472976131
vn -0.6076312577038498 0.5431736632479698 0.579436472976131
vn -0.6076312577038498 0.5431736632479698 0.579436472976131
vn -0.43755027339277697 0.451542076223676 0.7775985543026157
vn -0.43755027339277697 0.451542076223676 0.7775985543026157
vn -0.43755027339277697 0.451542076223676 0.7775985543026157
vn 0.6856824169163066 0.09724741442621915 0.7213754663968186
vn 0.6856824169163066 0.09724741442621915 0.7213754663968186
vn 0.6856824169163066 0.09724741442621915 0.7213754663968186
vn 0.6865352260066597 0.09661078267127572 0.7206495265547798
vn 0.6865352260066597 0.09661078267127572 0.7206495265547798
vn 0.6865352260066597 0.09661078267127572 0.7206495265547798
vn 0.15303408617284106 0.7302826412837802 0.6657836227400228
vn 0.15303408617284106 0.7302826412837802 0.6657836227400228
vn 0.15303408617284106 0.7302826412837802 0.6657836227400228
vn 0.13650890220644693 0.7236786763543865 0.6765016578016303
vn 0.13650890220644693 0.7236786763543865 0.6765016578016303
vn 0.13650890220644693 0.7236786763543865 0.6765016578016303
vn 0.4382676794736434 0.3146727691579898 0.8419634727701851
vn 0.4382676794736434 0.3146727691579898 0.8419634727701851
vn 0.4382676794736434 0.3146727691579898 0.8419634727701851
vn 0.17948548944281334 0.7472677417567842 0.6398248832369603
vn 0.17948548944281334 0.7472677417567842 0.6398248832369603
vn 0.17948548944281334 0.7472677417567842 0.6398248832369603
vn -0.07465285669741246 0.8193061200205648 0.5684755339359502
vn -0.07465285669741246 0.8193061200205648 0.5684755339359502
vn -0.07465285669741246 0.8193061200205648 0.5684755339359502
vn -0.5969456876110467 0.6088645897003476 0.5224363668922773
vn -0.5969456876110467 0.6088645897003476 0.5224363668922773
vn -0.5969456876110467 0.6088645897003476 0.5224363668922773
vn 0.17086448951213096 0.7444887024322866 0.6454005718733515
vn 0.17086448951213096 0.7444887024322866 0.6454005718733515
vn 0.17086448951213096 0.7444887024322866 0.6454005718733515
vn 0.6301393472083955 0.12022539157937694 0.7671181514730065
vn 0.6301393472083955 0.12022539157937694 0.7671181514730065
vn 0.6301393472083955 0.12022539157937694 0.7671181514730065
vn -0.3926838578678645 0.5172895117064816 0.7604018338013662
vn -0.3926838578678645 0.5172895117064816 0.7604018338013662
vn -0.3926838578678645 0.5172895117064816 0.7604018338013662
vn 0.7661134003810155 0.040115647013857156 0.6414522527993003
vn 0.7661134003810155 0.040115647013857156 0.6414522527993003
vn 0.7661134003810155 0.040115647013857156 0.6414522527993003
vn -0.27118298112173267 0.6634180472612002 0.697378150875166
vn -0.27118298112173267 0.6634180472612002 0.697378150875166
vn -0.27118298112173267 0.6634180472612002 0.697378150875166
vn -0.6262301075845691 0.47783835724752716 0.6160408725868792
vn -0.6262301075845691 0.47783835724752716 0.6160408725868792
vn -0.6262301075845691 0.47783835724752716 0.6160408725868792
vn 0.11812708906347322 0.7185832039663752 0.6853350784884787
vn 0.11812708906347322 0.7185832039663752 0.6853350784884787
vn 0.11812708906347322 0.7185832039663752 0.6853350784884787
vn 0.3469534775361704 0.4591189571276066 0.8178221491446761
vn 0.3469534775361704 0.4591189571276066 0.8178221491446761
vn 0.3469534775361704 0.4591189571276066 0.8178221491446761
vn 0.270044894133322 0.7474011809469008 0.6070150161830438
vn 0.270044894133322 0.7474011809469008 0.6070150161830438
vn 0.270044894133322 0.7474011809469008 0.6070150161830438
vn -0.15425439427357526 0.7639153722761302 0.6266090374767298
vn -0.15425439427357526 0.7639153722761302 0.6266090374767298
vn -0.15425439427357526 0.7639153722761302 0.6266090374767298
vn -0.5808882234167106 0.07281868306308446 0.810719625575165
vn -0.5808882234167106 0.07281868306308446 0.810719625575165
vn -0.5808882234167106 0.07281868306308446 0.810719625575165
vn -0.5955481542136419 0.22083607363853977 0.7723689692061934
vn -0.5955481542136419 0.22083607363853977 0.7723689692061934
vn -0.5955481542136419 0.22083607363853977 0.7723689692061934
vn -0.25403319869238783 0.6616217850420533 0.7054953915653035
vn -0.25403319869238783 0.6616217850420533 0.7054953915653035
vn -0.25403319869238783 0.6616217850420533 0.7054953915653035
vn 0.3469036871468075 0.4016483488520146 0.8475473058823327
vn 0.3469036871468075 0.4016483488520146 0.8475473058823327
vn 0.3469036871468075 0.4016483488520146 0.8475473058823327
vn 0.4289304112412269 0.36948160150135423 0.8243191423620019
vn 0.4289304112412269 0.36948160150135423 0.8243191423620019
vn 0.4289304112412269 0.36948160150135423 0.8243191423620019
vn 0.13942478872526834 0.7025837440967593 0.6978085774909145
vn 0.13942478872526834 0.7025837440967593 0.6978085774909145
vn 0.13942478872526834 0.7025837440967593 0.6978085774909145
vn -0.3926233642282954 0.4971153727288392 0.773772059497319
vn -0.3926233642282954 0.4971153727288392 0.773772059497319
vn -0.3926233642282954 0.4971153727288392 0.773772059497319
vn -0.42274799005902314 0.4643155829505737 0.7782642072781741
vn -0.42274799005902314 0.4643155829505737 0.7782642072781741
vn -0.42274799005902314 0.4643155829505737 0.7782642072781741
vn -0.6200541422406409 0.44597764006627116 0.6454740934004576
vn -0.6200541422406409 0.44597764006627116 0.6454740934004576
vn -0.6200541422406409 0.44597764006627116 0.6454740934004576
vn 0.2049431984419901 0.7338948373596615 0.6476084103138275
vn 0.2049431984419901 0.7338948373596615 0.6476084103138275
vn 0.2049431984419901 0.7338948373596615 0.6476084103138275
vn -0.5747228180972408 0.6183362512989314 0.5360540669446977
vn -0.5747228180972408 0.6183362512989314 0.5360540669446977
vn -0.5747228180972408 0.6183362512989314 0.5360540669446977
vn -0.5749939071926463 0.6174135195108681 0.5368263710144439
vn -0.5749939071926463 0.6174135195108681 0.5368263710144439
vn -0.5749939071926463 0.6174135195108681 0.5368263710144439
vn -0.17004350835111612 0.7486045148028702 0.6408404525967466
vn -0.17004350835111612 0.7486045148028702 0.6408404525967466
vn -0.17004350835111612 0.7486045148028702 0.6408404525967466
vn 0.28082236269331623 0.7341804405498713 0.6181568420112653
vn 0.28082236269331623 0.7341804405498713 0.6181568420112653
vn 0.28082236269331623 0.7341804405498713 0.6181568420112653
vn 0.3412010671173836 0.8086129430429467 0.47929838320338913
vn 0.3412010671173836 0.8086129430429467 0.47929838320338913
vn 0.3412010671173836 0.8086129430429467 0.47929838320338913
vn 0.1445770886410081 0.7037385236010626 0.6955929526956746
vn 0.1445770886410081 0.7037385236010626 0.6955929526956746
vn 0.1445770886410081 0.7037385236010626 0.6955929526956746
vn -0.6016423788788159 0.2941992921235383 0.7426124321953196
vn -0.6016423788788159 0.2941992921235383 0.7426124321953196
vn -0.6016423788788159 0.2941992921235383 0.7426124321953196
vn -0.224306694482009 0.7075873826899958 0.6700795495077254
vn -0.224306694482009 0.7075873826899958 0.6700795495077254
vn -0.224306694482009 0.7075873826899958 0.6700795495077254
vn 0.7154872980334728 0.06053810911134344 0.6959978905844353
vn 0.7154872980334728 0.06053810911134344 0.6959978905844353
vn 0.7154872980334728 0.06053810911134344 0.6959978905844353
vn -0.6056599132946084 0.4906932206285298 0.6264153834774244
vn -0.6056599132946084 0.4906932206285298 0.6264153834774244
vn -0.6056599132946084 0.4906932206285298 0.6264153834774244
vn -0.598817978341449 0.5109599012613645 0.6167146893969987
vn -0.598817978341449 0.5109599012613645 0.6167146893969987
vn -0.598817978341449 0.5109599012613645 0.6167146893969987
vn -0.05159686560830793 0.8149951783328079 0.5771660270266028
vn -0.05159686560830793 0.8149951783328079 0.5771660270266028
vn -0.05159686560830793 0.8149951783328079 0.5771660270266028
vn -0.05064529160886039 0.8153703181117251 0.5767202951000058
vn -0.05064529160886039 0.8153703181117251 0.5767202951000058
vn -0.05064529160886039 0.8153703181117251 0.5767202951000058
vn -0.5902318547312835 0.3604585941754267 0.7222852342015197
vn -0.5902318547312835 0.3604585941754267 0.7222852342015197
vn -0.5902318547312835 0.3604585941754267 0.7222852342015197
vn -0.5773248122848705 0.09623013514151452 0.8108241623255223
vn -0.5773248122848705 0.09623013514151452 0.8108241623255223
vn -0.5773248122848705 0.09623013514151452 0.8108241623255223
vn 0.15212998161485125 0.6994662453744546 0.6982860733794054
vn 0.15212998161485125 0.6994662453744546 0.6982860733794054
vn 0.15212998161485125 0.6994662453744546 0.6982860733794054
vn -0.5619389561862818 0.642172770618384 0.521381570633812
vn -0.5619389561862818 0.642172770618384 0.521381570633812
vn -0.5619389561862818 0.642172770618384 0.521381570633812
vn -0.3713101827403218 0.5213313814954263 0.7683373860885717
vn -0.3713101827403218 0.5213313814954263 0.7683373860885717
vn -0.3713101827403218 0.5213313814954263 0.7683373860885717
vn 0.16215438864848972 0.7171588418034058 0.6777825240187534
vn 0.16215438864848972 0.7171588418034058 0.6777825240187534
vn 0.16215438864848972 0.7171588418034058 0.6777825240187534
vn -0.28568610071805695 0.6133077042185046 0.7363675113710136
vn -0.28568610071805695 0.6133077042185046 0.7363675113710136
vn -0.28568610071805695 0.6133077042185046 0.7363675113710136
vn 0.6198086040928956 0.09060232937814706 0.77950529966362
vn 0.6198086040928956 0.09060232937814706 0.77950529966362
vn 0.6198086040928956 0.09060232937814706 0.77950529966362
vn -0.5839030792864246 0.16678400481139796 0.7945063182498318
vn -0.5839030792864246 0.16678400481139796 0.7945063182498318
vn -0.5839030792864246 0.16678400481139796 0.7945063182498318
vn 0.21641400094541036 0.7127635955831508 0.6671829112066486
vn 0.21641400094541036 0.7127635955831508 0.6671829112066486
vn 0.21641400094541036 0.7127635955831508 0.6671829112066486
vn -0.4104062943650364 0.47807059027485166 0.7765405232567157
vn -0.4104062943650364 0.47807059027485166 0.7765405232567157
vn -0.4104062943650364 0.47807059027485166 0.7765405232567157
vn -0.42392557845543244 0.4586640594888298 0.7809701559371229
vn -0.42392557845543244 0.4586640594888298 0.7809701559371229
vn -0.42392557845543244 0.4586640594888298 0.7809701559371229
vn -0.5770799977666553 0.2406654897234388 0.7804221922996644
vn -0.5770799977666553 0.2406654897234388 0.7804221922996644
vn -0.5770799977666553 0.2406654897234388 0.7804221922996644
vn -0.3283755991658901 0.5694789737971273 0.7535669607111326
vn -0.3283755991658901 0.5694789737971273 0.7535669607111326
vn -0.3283755991658901 0.5694789737971273 0.7535669607111326
vn -0.023297714215317778 0.8203806332441533 0.5713430082798451
vn -0.023297714215317778 0.8203806332441533 0.5713430082798451
vn -0.023297714215317778 0.8203806332441533 0.5713430082798451
vn -0.0059552775905588875 0.8194874086032063 0.57306624556819
vn -0.0059552775905588875 0.8194874086032063 0.57306624556819
vn -0.0059552775905588875 0.8194874086032063 0.57306624556819
vn -0.5972795413973362 0.2985588573943673 0.7443922071727762
vn -0.5972795413973362 0.2985588573943673 0.7443922071727762
vn -0.5972795413973362 0.2985588573943673 0.7443922071727762
vn 0.5071501775552629 0.20930780650644862 0.8360555840021191
vn 0.5071501775552629 0.20930780650644862 0.8360555840021191
vn 0.5071501775552629 0.20930780650644862 0.8360555840021191
vn 0.5363947566887467 0.18915178729154308 0.8224975783315324
vn 0.5363947566887467 0.18915178729154308 0.8224975783315324
vn 0.5363947566887467 0.18915178729154308 0.8224975783315324
vn 0.2848702908962923 0.7185070963921849 0.6345049013197087
vn 0.2848702908962923 0.7185070963921849 0.6345049013197087
vn 0.2848702908962923 0.7185070963921849 0.6345049013197087
vn 0.13864080256531686 0.7006968082232793 0.6998590649621922
vn 0.13864080256531686 0.7006968082232793 0.6998590649621922
vn 0.13864080256531686 0.7006968082232793 0.6998590649621922
vn 0.5473604820921781 0.1898418970795542 0.8150807056709503
vn 0.5473604820921781 0.1898418970795542 0.8150807056709503
vn 0.5473604820921781 0.1898418970795542 0.8150807056709503
vn 0.419368562275024 0.3109879770917044 0.8528871479157067
vn 0.419368562275024 0.3109879770917044 0.8528871479157067
vn 0.419368562275024 0.3109879770917044 0.8528871479157067
vn 0.14156779742922151 0.702000384325199 0.6979641961722045
vn 0.14156779742922151 0.702000384325199 0.6979641961722045
vn 0.14156779742922151 0.702000384325199 0.6979641961722045
vn -0.10981349872074919 0.7716547408875144 0.6264901885620643
vn -0.10981349872074919 0.7716547408875144 0.6264901885620643
vn -0.10981349872074919 0.7716547408875144 0.6264901885620643
vn -0.5444591049286427 0.6606215839357932 0.5168591741455936
vn -0.5444591049286427 0.6606215839357932 0.5168591741455936
vn -0.5444591049286427 0.6606215839357932 0.5168591741455936
vn 0.35918715744260515 0.6947261719730934 0.6231694247184412
vn 0.35918715744260515 0.6947261719730934 0.6231694247184412
vn 0.35918715744260515 0.6947261719730934 0.6231694247184412
vn 0.36591349078484126 0.6929697588762675 0.6212086851812519
vn 0.36591349078484126 0.6929697588762675 0.6212086851812519
vn 0.36591349078484126 0.6929697588762675 0.6212086851812519
vn -0.1058648941776674 0.7738082771586554 0.624510507823131
vn -0.1058648941776674 0.7738082771586554 0.624510507823131
vn -0.1058648941776674 0.7738082771586554 0.624510507823131
vn 0.6929008618359359 0.06345385545348627 0.7182353401880928
vn 0.6929008618359359 0.06345385545348627 0.7182353401880928
vn 0.6929008618359359 0.06345385545348627 0.7182353401880928
vn 0.6907502447220454 0.06520890477014837 0.7201471364624816
vn 0.6907502447220454 0.06520890477014837 0.7201471364624816
vn 0.6907502447220454 0.06520890477014837 0.7201471364624816
vn -0.5737106966691052 0.11844240472963366 0.81044890850029
vn -0.5737106966691052 0.11844240472963366 0.81044890850029
vn -0.5737106966691052 0.11844240472963366 0.81044890850029
vn 0.1449141846243275 0.7037120684064194 0.6955495696740998
vn 0.1449141846243275 0.7037120684064194 0.6955495696740998
vn 0.1449141846243275 0.7037120684064194 0.6955495696740998
vn -0.38234994303098824 0.5084170763966758 0.771570215529641
vn -0.38234994303098824 0.5084170763966758 0.771570215529641
vn -0.38234994303098824 0.5084170763966758 0.771570215529641
vn -0.36608231226523225 0.5294811748593917 0.7652668986151557
vn -0.36608231226523225 0.5294811748593917 0.7652668986151557
vn -0.36608231226523225 0.5294811748593917 0.7652668986151557
vn 0.7531411531773297 0.01930843822715238 0.6575755375650394
vn 0.7531411531773297 0.01930843822715238 0.6575755375650394
vn 0.7531411531773297 0.01930843822715238 0.6575755375650394
vn -0.20041366899593216 0.6887651505933132 0.6967330396986777
vn -0.20041366899593216 0.6887651505933132 0.6967330396986777
vn -0.20041366899593216 0.6887651505933132 0.6967330396986777
vn -0.19736699115163853 0.69279710175221 0.6935981881518198
vn -0.19736699115163853 0.69279710175221 0.6935981881518198
vn -0.19736699115163853 0.69279710175221 0.6935981881518198
vn 0.3925162775946349 0.39079248149872514 0.8325936633360358
vn 0.3925162775946349 0.39079248149872514 0.8325936633360358
vn 0.3925162775946349 0.39079248149872514 0.8325936633360358
vn -0.2889136174156068 0.6061423030847145 0.7410266055162842
vn -0.2889136174156068 0.6061423030847145 0.7410266055162842
vn -0.2889136174156068 0.6061423030847145 0.7410266055162842
vn -0.8567608524801091 0.04107265513315555 0.5140757518672415
vn -0.8567608524801091 0.04107265513315555 0.5140757518672415
vn -0.8567608524801091 0.04107265513315555 0.5140757518672415
vn -0.8620099284344432 0.006980835345963179 0.5068433201871352
vn -0.8620099284344432 0.006980835345963179 0.5068433201871352
vn -0.8620099284344432 0.006980835345963179 0.5068433201871352
vn -0.857684013976212 0.03983079631601418 0.5126320706261805
vn -0.857684013976212 0.03983079631601418 0.5126320706261805
vn -0.857684013976212 0.03983079631601418 0.5126320706261805
vn 0.38229730254603583 0.6821501171049011 0.6233137173204149
vn 0.38229730254603583 0.6821501171049011 0.6233137173204149
vn 0.38229730254603583 0.6821501171049011 0.6233137173204149
vn -0.8114214554417766 0.012498908699143009 0.5843278180354582
vn -0.8114214554417766 0.012498908699143009 0.5843278180354582
vn -0.8114214554417766 0.012498908699143009 0.5843278180354582
vn -0.25320241519544384 0.6363702583384505 0.7286435556851155
vn -0.25320241519544384 0.6363702583384505 0.7286435556851155
vn -0.25320241519544384 0.6363702583384505 0.7286435556851155
vn 0.16038939452161835 0.6789829771355815 0.7164198202765546
vn 0.16038939452161835 0.6789829771355815 0.7164198202765546
vn 0.16038939452161835 0.6789829771355815 0.7164198202765546
vn 0.4768953758914003 0.21998909750193263 0.8509850747420223
vn 0.4768953758914003 0.21998909750193263 0.8509850747420223
vn 0.4768953758914003 0.21998909750193263 0.8509850747420223
vn -0.5860539540607042 0.3254179582015127 0.7420538494002794
vn -0.5860539540607042 0.3254179582015127 0.7420538494002794
vn -0.5860539540607042 0.3254179582015127 0.7420538494002794
vn -0.8260152193069885 0.04053252118284707 0.5621885557353421
vn -0.8260152193069885 0.04053252118284707 0.5621885557353421
vn -0.8260152193069885 0.04053252118284707 0.5621885557353421
vn -0.526680448537223 0.6705392332055086 0.522479513340761
vn -0.526680448537223 0.6705392332055086 0.522479513340761
vn -0.526680448537223 0.6705392332055086 0.522479513340761
vn -0.5046343266932103 0.6755212625141128 0.5376013580844354
vn -0.5046343266932103 0.6755212625141128 0.5376013580844354
vn -0.5046343266932103 0.6755212625141128 0.5376013580844354
vn -0.5880480869786753 0.43381728726624974 0.6826433978803812
vn -0.5880480869786753 0.43381728726624974 0.6826433978803812
vn -0.5880480869786753 0.43381728726624974 0.6826433978803812
vn -0.8507610735883229 0.09445529626973725 0.5169949638762844
vn -0.8507610735883229 0.09445529626973725 0.5169949638762844
vn -0.8507610735883229 0.09445529626973725 0.5169949638762844
vn -0.5886959874543918 0.42955746115319926 0.684775453650842
vn -0.5886959874543918 0.42955746115319926 0.684775453650842
vn -0.5886959874543918 0.42955746115319926 0.684775453650842
vn -0.3405394015311356 0.5499082896125324 0.762649191319466
vn -0.3405394015311356 0.5499082896125324 0.762649191319466
vn -0.3405394015311356 0.5499082896125324 0.762649191319466
vn -0.8552082746815886 0.10576459728076387 0.5073782187660192
vn -0.8552082746815886 0.10576459728076387 0.5073782187660192
vn -0.8552082746815886 0.10576459728076387 0.5073782187660192
vn -0.5736827876973158 0.12804059743715274 0.809007827222811
vn -0.5736827876973158 0.12804059743715274 0.809007827222811
vn -0.5736827876973158 0.12804059743715274 0.809007827222811
vn -0.5734652359901758 0.12524080449225608 0.8096001259886663
vn -0.5734652359901758 0.12524080449225608 0.8096001259886663
vn -0.5734652359901758 0.12524080449225608 0.8096001259886663
vn 0.17763139534410965 0.6922106831284097 0.6994937151619056
vn 0.17763139534410965 0.6922106831284097 0.6994937151619056
vn 0.17763139534410965 0.6922106831284097 0.6994937151619056
vn -0.5583127809691819 0.5897408800567069 0.583517380200795
vn -0.5583127809691819 0.5897408800567069 0.583517380200795
vn -0.5583127809691819 0.5897408800567069 0.583517380200795
vn -0.5578764510755991 0.5984587490984054 0.5749965138701856
vn -0.5578764510755991 0.5984587490984054 0.5749965138701856
vn -0.5578764510755991 0.5984587490984054 0.5749965138701856
vn 0.7563759986446946 0.021035368667530176 0.6537987931613685
vn 0.7563759986446946 0.021035368667530176 0.6537987931613685
vn 0.7563759986446946 0.021035368667530176 0.6537987931613685
vn 0.7457722506451888 0.04464672554342028 0.6647032571500312
vn 0.7457722506451888 0.04464672554342028 0.6647032571500312
vn 0.7457722506451888 0.04464672554342028 0.6647032571500312
vn -0.7761401383445943 0.019042487817971743 0.6302728530629703
vn -0.7761401383445943 0.019042487817971743 0.6302728530629703
vn -0.7761401383445943 0.019042487817971743 0.6302728530629703
vn 0.48970471174186814 0.30278239483745306 0.8176259026439356
vn 0.48970471174186814 0.30278239483745306 0.8176259026439356
vn 0.48970471174186814 0.30278239483745306 0.8176259026439356
vn -0.23130158389503278 0.64136187307621 0.7315425654408805
vn -0.23130158389503278 0.64136187307621 0.7315425654408805
vn -0.23130158389503278 0.64136187307621 0.7315425654408805
vn 0.3828741230519501 0.33940099947333063 0.8591940220076629
vn 0.3828741230519501 0.33940099947333063 0.8591940220076629
vn 0.3828741230519501 0.33940099947333063 0.8591940220076629
vn 0.552059470313971 0.1370200958618442 0.8224693517491513
vn 0.552059470313971 0.1370200958618442 0.8224693517491513
vn 0.552059470313971 0.1370200958618442 0.8224693517491513
vn -0.8491374801212643 0.12927989586999722 0.5121057003950964
vn -0.8491374801212643 0.12927989586999722 0.5121057003950964
vn -0.8491374801212643 0.12927989586999722 0.5121057003950964
vn 0.5682237766729956 0.12187479484438914 0.8137986692082482
vn 0.5682237766729956 0.12187479484438914 0.8137986692082482
vn 0.5682237766729956 0.12187479484438914 0.8137986692082482
vn -0.33184369797890106 0.5576717156562085 0.7608429651831901
vn -0.33184369797890106 0.5576717156562085 0.7608429651831901
vn -0.33184369797890106 0.5576717156562085 0.7608429651831901
vn 0.4382671309546536 0.3354103185871526 0.8339195645324801
vn 0.4382671309546536 0.3354103185871526 0.8339195645324801
vn 0.4382671309546536 0.3354103185871526 0.8339195645324801
vn 0.0878711196876477 0.20532748175030127 -0.9747406278405137
vn 0.0878711196876477 0.20532748175030127 -0.9747406278405137
vn 0.0878711196876477 0.20532748175030127 -0.9747406278405137
vn 0.012894147183664306 0.8129578300827178 0.5821797896488718
vn 0.012894147183664306 0.8129578300827178 0.5821797896488718
vn 0.012894147183664306 0.8129578300827178 0.5821797896488718
vn 0.6378210812144638 0.07403743300884513 0.7666177188611499
vn 0.6378210812144638 0.07403743300884513 0.7666177188611499
vn 0.6378210812144638 0.07403743300884513 0.7666177188611499
vn 0.41516808574080505 0.6588942551193262 0.6272908584963308
vn 0.41516808574080505 0.6588942551193262 0.6272908584963308
vn 0.41516808574080505 0.6588942551193262 0.6272908584963308
vn -0.8434701564305717 0.1437395066428105 0.5175877214937278
vn -0.8434701564305717 0.1437395066428105 0.5175877214937278
vn -0.8434701564305717 0.1437395066428105 0.5175877214937278
vn 0.39951068164752385 0.6661877632446983 0.6297500133803544
vn 0.39951068164752385 0.6661877632446983 0.6297500133803544
vn 0.39951068164752385 0.6661877632446983 0.6297500133803544
vn 0.4464170812874049 0.6326911701886188 0.6327824845080582
vn 0.4464170812874049 0.6326911701886188 0.6327824845080582
vn 0.4464170812874049 0.6326911701886188 0.6327824845080582
vn -0.14378948888316856 0.7278890801407559 0.6704491553418209
vn -0.14378948888316856 0.7278890801407559 0.6704491553418209
vn -0.14378948888316856 0.7278890801407559 0.6704491553418209
vn -0.7702732045783929 0.03033458611851148 0.6369921531648187
vn -0.7702732045783929 0.03033458611851148 0.6369921531648187
vn -0.7702732045783929 0.03033458611851148 0.6369921531648187
vn 0.3279978749050046 0.6922682768815412 0.6427923668504962
vn 0.3279978749050046 0.6922682768815412 0.6427923668504962
vn 0.3279978749050046 0.6922682768815412 0.6427923668504962
vn 0.6258955102069331 0.07756429289822321 0.7760403280564753
vn 0.6258955102069331 0.07756429289822321 0.7760403280564753
vn 0.6258955102069331 0.07756429289822321 0.7760403280564753
vn -0.8129011207227352 0.0835504587314127 0.5763775574859691
vn -0.8129011207227352 0.0835504587314127 0.5763775574859691
vn -0.8129011207227352 0.0835504587314127 0.5763775574859691
vn 0.25146209227149835 0.6963214010592867 0.6722375492169953
vn 0.25146209227149835 0.6963214010592867 0.6722375492169953
vn 0.25146209227149835 0.6963214010592867 0.6722375492169953
vn 0.17724178799331453 0.6880226161607638 0.703711750818637
vn 0.17724178799331453 0.6880226161607638 0.703711750818637
vn 0.17724178799331453 0.6880226161607638 0.703711750818637
vn 0.15121638658032546 0.7047900503061498 0.6931122487873406
vn 0.15121638658032546 0.7047900503061498 0.6931122487873406
vn 0.15121638658032546 0.7047900503061498 0.6931122487873406
vn -0.8455912102068737 0.1717586116468412 0.5054448382821058
vn -0.8455912102068737 0.1717586116468412 0.5054448382821058
vn -0.8455912102068737 0.1717586116468412 0.5054448382821058
vn -0.05586557628240684 0.7796346776084939 0.6237377709077222
vn -0.05586557628240684 0.7796346776084939 0.6237377709077222
vn -0.05586557628240684 0.7796346776084939 0.6237377709077222
vn -0.05421047163898789 0.7805602375849836 0.6227254132167344
vn -0.05421047163898789 0.7805602375849836 0.6227254132167344
vn -0.05421047163898789 0.7805602375849836 0.6227254132167344
vn -0.1437662848324702 0.7115984600810642 0.6877200643835594
vn -0.1437662848324702 0.7115984600810642 0.6877200643835594
vn -0.1437662848324702 0.7115984600810642 0.6877200643835594
vn -0.15620069636686335 0.7022779777674922 0.6945552421494696
vn -0.15620069636686335 0.7022779777674922 0.6945552421494696
vn -0.15620069636686335 0.7022779777674922 0.6945552421494696
vn 0.32665240327089634 0.15713029889403615 0.9319915646650556
vn 0.32665240327089634 0.15713029889403615 0.9319915646650556
vn 0.32665240327089634 0.15713029889403615 0.9319915646650556
vn -0.5071982535656544 0.6756607616108072 0.5350069782717364
vn -0.5071982535656544 0.6756607616108072 0.5350069782717364
vn -0.5071982535656544 0.6756607616108072 0.5350069782717364
vn 0.01995073817888109 0.8153049350674763 0.5786880255377126
vn 0.01995073817888109 0.8153049350674763 0.5786880255377126
vn 0.01995073817888109 0.8153049350674763 0.5786880255377126
vn -0.7974479747089148 0.09453766736804253 0.5959356987807151
vn -0.7974479747089148 0.09453766736804253 0.5959356987807151
vn -0.7974479747089148 0.09453766736804253 0.5959356987807151
vn 0.6781708788616729 0.028778248343531758 0.7343405691409569
vn 0.6781708788616729 0.028778248343531758 0.7343405691409569
vn 0.6781708788616729 0.028778248343531758 0.7343405691409569
vn -0.5647840667235801 0.4684435864022176 0.6793964706515649
vn -0.5647840667235801 0.4684435864022176 0.6793964706515649
vn -0.5647840667235801 0.4684435864022176 0.6793964706515649
vn -0.5656450359682574 0.4629773770122384 0.6824204288115474
vn -0.5656450359682574 0.4629773770122384 0.6824204288115474
vn -0.5656450359682574 0.4629773770122384 0.6824204288115474
vn 0.04222171650500194 0.8173058429373754 0.5746551015659718
vn 0.04222171650500194 0.8173058429373754 0.5746551015659718
vn 0.04222171650500194 0.8173058429373754 0.5746551015659718
vn 0.5012108200287652 0.1956265016693185 0.8429222892596427
vn 0.5012108200287652 0.1956265016693185 0.8429222892596427
vn 0.5012108200287652 0.1956265016693185 0.8429222892596427
vn -0.8337845394055237 0.2009956881971003 0.5142023679199588
vn -0.8337845394055237 0.2009956881971003 0.5142023679199588
vn -0.8337845394055237 0.2009956881971003 0.5142023679199588
vn -0.5696690798986979 0.13990289268517084 0.8098792008847323
vn -0.5696690798986979 0.13990289268517084 0.8098792008847323
vn -0.5696690798986979 0.13990289268517084 0.8098792008847323
vn -0.32304130108621726 0.5678419068826873 0.7570996543258737
vn -0.32304130108621726 0.5678419068826873 0.7570996543258737
vn -0.32304130108621726 0.5678419068826873 0.7570996543258737
vn -0.8289927341644965 0.19244210648279028 0.5251067342502276
vn -0.8289927341644965 0.19244210648279028 0.5251067342502276
vn -0.8289927341644965 0.19244210648279028 0.5251067342502276
vn -0.3592844599713449 0.43965497542805876 0.8231756674030472
vn -0.3592844599713449 0.43965497542805876 0.8231756674030472
vn -0.3592844599713449 0.43965497542805876 0.8231756674030472
vn -0.7132678884897534 0.01746903981609608 0.7006737842229236
vn -0.7132678884897534 0.01746903981609608 0.7006737842229236
vn -0.7132678884897534 0.01746903981609608 0.7006737842229236
vn 0.19813150325685272 0.6862329299413523 0.6998773273090697
vn 0.19813150325685272 0.6862329299413523 0.6998773273090697
vn 0.19813150325685272 0.6862329299413523 0.6998773273090697
vn -0.7756359106839877 0.08491873133719693 0.6254420381821981
vn -0.7756359106839877 0.08491873133719693 0.6254420381821981
vn -0.7756359106839877 0.08491873133719693 0.6254420381821981
vn 0.4611451073482937 0.6103891788158674 0.6440265835765022
vn 0.4611451073482937 0.6103891788158674 0.6440265835765022
vn 0.4611451073482937 0.6103891788158674 0.6440265835765022
vn 0.45577259474551746 0.6117774063248933 0.6465289993413479
vn 0.45577259474551746 0.6117774063248933 0.6465289993413479
vn 0.45577259474551746 0.6117774063248933 0.6465289993413479
vn 0.4936286924472058 0.5919035813928423 0.6371662768282617
vn 0.4936286924472058 0.5919035813928423 0.6371662768282617
vn 0.4936286924472058 0.5919035813928423 0.6371662768282617
vn -0.11066339359719822 0.7448058259429261 0.6580409523418944
vn -0.11066339359719822 0.7448058259429261 0.6580409523418944
vn -0.11066339359719822 0.7448058259429261 0.6580409523418944
vn 0.16792401308452595 0.6729714724994402 0.7203547202812813
vn 0.16792401308452595 0.6729714724994402 0.7203547202812813
vn 0.16792401308452595 0.6729714724994402 0.7203547202812813
vn 0.2604326927344478 0.6671943128770855 0.6978728834247382
vn 0.2604326927344478 0.6671943128770855 0.6978728834247382
vn 0.2604326927344478 0.6671943128770855 0.6978728834247382
vn -0.544570919516422 0.5588958229168506 0.6253622732010102
vn -0.544570919516422 0.5588958229168506 0.6253622732010102
vn -0.544570919516422 0.5588958229168506 0.6253622732010102
vn -0.5413669843318692 0.5709385765907187 0.6172122244706288
vn -0.5413669843318692 0.5709385765907187 0.6172122244706288
vn -0.5413669843318692 0.5709385765907187 0.6172122244706288
vn 0.5684111118338904 0.09733199328222235 0.816967129710535
vn 0.5684111118338904 0.09733199328222235 0.816967129710535
vn 0.5684111118338904 0.09733199328222235 0.816967129710535
vn 0.5863711735907147 0.08196584743297505 0.8058848842337485
vn 0.5863711735907147 0.08196584743297505 0.8058848842337485
vn 0.5863711735907147 0.08196584743297505 0.8058848842337485
vn -0.8020464095847041 0.1508004053148665 0.5779107151015258
vn -0.8020464095847041 0.1508004053148665 0.5779107151015258
vn -0.8020464095847041 0.1508004053148665 0.5779107151015258
vn -0.8372920235915533 0.22113339815262475 0.50004208568023
vn -0.8372920235915533 0.22113339815262475 0.50004208568023
vn -0.8372920235915533 0.22113339815262475 0.50004208568023
vn -0.8362922202359466 0.2437876798841045 0.4911037461774819
vn -0.8362922202359466 0.2437876798841045 0.4911037461774819
vn -0.8362922202359466 0.2437876798841045 0.4911037461774819
vn 0.6512213380111921 0.059549026472597945 0.7565478718264156
vn 0.6512213380111921 0.059549026472597945 0.7565478718264156
vn 0.6512213380111921 0.059549026472597945 0.7565478718264156
vn -0.7627596120972135 0.09574918275511668 0.639554429392085
vn -0.7627596120972135 0.09574918275511668 0.639554429392085
vn -0.7627596120972135 0.09574918275511668 0.639554429392085
vn -0.5667598259148637 0.15421278806357333 0.8093217627906796
vn -0.5667598259148637 0.15421278806357333 0.8093217627906796
vn -0.5667598259148637 0.15421278806357333 0.8093217627906796
vn -0.2945649876423564 0.5830696135160809 0.7571402075239874
vn -0.2945649876423564 0.5830696135160809 0.7571402075239874
vn -0.2945649876423564 0.5830696135160809 0.7571402075239874
vn 0.490053019515855 0.23547106579942878 0.8392862534527027
vn 0.490053019515855 0.23547106579942878 0.8392862534527027
vn 0.490053019515855 0.23547106579942878 0.8392862534527027
vn -0.5730691657741257 0.3923163784302884 0.7194995416637113
vn -0.5730691657741257 0.3923163784302884 0.7194995416637113
vn -0.5730691657741257 0.3923163784302884 0.7194995416637113
vn -0.5573806881385714 0.3328920971708779 0.7605981988746406
vn -0.5573806881385714 0.3328920971708779 0.7605981988746406
vn -0.5573806881385714 0.3328920971708779 0.7605981988746406
vn -0.19215848923194442 0.6539406139971514 0.7317354633890073
vn -0.19215848923194442 0.6539406139971514 0.7317354633890073
vn -0.19215848923194442 0.6539406139971514 0.7317354633890073
vn -0.15882558804394353 0.6834715468686154 0.7124893523439614
vn -0.15882558804394353 0.6834715468686154 0.7124893523439614
vn -0.15882558804394353 0.6834715468686154 0.7124893523439614
vn -0.4833427399917203 0.7067190453042863 0.5166507395731611
vn -0.4833427399917203 0.7067190453042863 0.5166507395731611
vn -0.4833427399917203 0.7067190453042863 0.5166507395731611
vn 0.7188458733925862 0.02443676913441622 0.6947398467201382
vn 0.7188458733925862 0.02443676913441622 0.6947398467201382
vn 0.7188458733925862 0.02443676913441622 0.6947398467201382
vn -0.8085145981481408 0.19994017558870414 0.5534691235894813
vn -0.8085145981481408 0.19994017558870414 0.5534691235894813
vn -0.8085145981481408 0.19994017558870414 0.5534691235894813
vn -0.7199077958375034 0.03394275043660854 0.6932392481569302
vn -0.7199077958375034 0.03394275043660854 0.6932392481569302
vn -0.7199077958375034 0.03394275043660854 0.6932392481569302
vn -0.5656458717277372 0.2733506849559116 0.7780258034483832
vn -0.5656458717277372 0.2733506849559116 0.7780258034483832
vn -0.5656458717277372 0.2733506849559116 0.7780258034483832
vn 0.21103240629822398 0.6683750774053406 0.7132601765102173
vn 0.21103240629822398 0.6683750774053406 0.7132601765102173
vn 0.21103240629822398 0.6683750774053406 0.7132601765102173
vn -0.5657738594420847 0.27189979664741937 0.7784410321630665
vn -0.5657738594420847 0.27189979664741937 0.7784410321630665
vn -0.5657738594420847 0.27189979664741937 0.7784410321630665
vn -0.21787049037967413 0.6277068303914021 0.7473396714357535
vn -0.21787049037967413 0.6277068303914021 0.7473396714357535
vn -0.21787049037967413 0.6277068303914021 0.7473396714357535
vn 0.05425749969860969 0.8148310001544863 0.5771538485652634
vn 0.05425749969860969 0.8148310001544863 0.5771538485652634
vn 0.05425749969860969 0.8148310001544863 0.5771538485652634
vn 0.05147652773261207 0.8133815641863816 0.5794485293227595
vn 0.05147652773261207 0.8133815641863816 0.5794485293227595
vn 0.05147652773261207 0.8133815641863816 0.5794485293227595
vn 0.532297362315349 0.555859197139457 0.6384982936763423
vn 0.532297362315349 0.555859197139457 0.6384982936763423
vn 0.532297362315349 0.555859197139457 0.6384982936763423
vn 0.3182452097066001 0.09779161442331234 0.9429511051201351
vn 0.3182452097066001 0.09779161442331234 0.9429511051201351
vn 0.3182452097066001 0.09779161442331234 0.9429511051201351
vn -0.2682904622767281 0.6010555673509903 0.7528296173821262
vn -0.2682904622767281 0.6010555673509903 0.7528296173821262
vn -0.2682904622767281 0.6010555673509903 0.7528296173821262
vn -0.6747732143022891 0.0015195599946158933 0.7380235769930252
vn -0.6747732143022891 0.0015195599946158933 0.7380235769930252
vn -0.6747732143022891 0.0015195599946158933 0.7380235769930252
vn -0.2471493004639548 0.6238573711559674 0.7414305117369687
vn -0.2471493004639548 0.6238573711559674 0.7414305117369687
vn -0.2471493004639548 0.6238573711559674 0.7414305117369687
vn -0.27400198195369263 0.5994976675057321 0.7520142688411137
vn -0.27400198195369263 0.5994976675057321 0.7520142688411137
vn -0.27400198195369263 0.5994976675057321 0.7520142688411137
vn -0.7963419614616856 0.1644161802584107 0.582071129746691
vn -0.7963419614616856 0.1644161802584107 0.582071129746691
vn -0.7963419614616856 0.1644161802584107 0.582071129746691
vn 0.3258955950350821 0.6398672813378713 0.6959611507907687
vn 0.3258955950350821 0.6398672813378713 0.6959611507907687
vn 0.3258955950350821 0.6398672813378713 0.6959611507907687
vn 0.1633930018436064 0.6687282760875302 0.7253311103968555
vn 0.1633930018436064 0.6687282760875302 0.7253311103968555
vn 0.1633930018436064 0.6687282760875302 0.7253311103968555
vn 0.7018228192983961 0.017630148728575868 0.7121333499899153
vn 0.7018228192983961 0.017630148728575868 0.7121333499899153
vn 0.7018228192983961 0.017630148728575868 0.7121333499899153
vn 0.1889711051525173 0.6649125320951945 0.7226210944057704
vn 0.1889711051525173 0.6649125320951945 0.7226210944057704
vn 0.1889711051525173 0.6649125320951945 0.7226210944057704
vn -0.49780228874852145 0.6505504268931475 0.5735651866927397
vn -0.49780228874852145 0.6505504268931475 0.5735651866927397
vn -0.49780228874852145 0.6505504268931475 0.5735651866927397
vn 0.009305118713148949 0.7860943188823687 0.6180365171950596
vn 0.009305118713148949 0.7860943188823687 0.6180365171950596
vn 0.009305118713148949 0.7860943188823687 0.6180365171950596
vn 0.004286824705792964 0.7837869488799276 0.6210150093994793
vn 0.004286824705792964 0.7837869488799276 0.6210150093994793
vn 0.004286824705792964 0.7837869488799276 0.6210150093994793
vn -0.49539408579468475 0.6592998570082093 0.5656044539327842
vn -0.49539408579468475 0.6592998570082093 0.5656044539327842
vn -0.49539408579468475 0.6592998570082093 0.5656044539327842
vn -0.09959124306039648 0.7093652684356047 0.6977696613087784
vn -0.09959124306039648 0.7093652684356047 0.6977696613087784
vn -0.09959124306039648 0.7093652684356047 0.6977696613087784
vn -0.8272047842746595 0.26595751106504384 0.49497358230637034
vn -0.8272047842746595 0.26595751106504384 0.49497358230637034
vn -0.8272047842746595 0.26595751106504384 0.49497358230637034
vn -0.8062957605130535 0.2870306997124213 0.5172045282103339
vn -0.8062957605130535 0.2870306997124213 0.5172045282103339
vn -0.8062957605130535 0.2870306997124213 0.5172045282103339
vn -0.5622168173759304 0.17920687764189178 0.8073395476907617
vn -0.5622168173759304 0.17920687764189178 0.8073395476907617
vn -0.5622168173759304 0.17920687764189178 0.8073395476907617
vn 0.1971780937157092 0.6824083859802287 0.7038747005699936
vn 0.1971780937157092 0.6824083859802287 0.7038747005699936
vn 0.1971780937157092 0.6824083859802287 0.7038747005699936
vn -0.5621469734215478 0.20255597358503016 0.8018490243418731
vn -0.5621469734215478 0.20255597358503016 0.8018490243418731
vn -0.5621469734215478 0.20255597358503016 0.8018490243418731
vn -0.43321824325935393 0.7336455030225949 0.5235324532462174
vn -0.43321824325935393 0.7336455030225949 0.5235324532462174
vn -0.43321824325935393 0.7336455030225949 0.5235324532462174
vn -0.44559111600600687 0.7203553223499344 0.5315418769002528
vn -0.44559111600600687 0.7203553223499344 0.5315418769002528
vn -0.44559111600600687 0.7203553223499344 0.5315418769002528
vn -0.8099618486225229 0.3132335815400854 0.49582913102353715
vn -0.8099618486225229 0.3132335815400854 0.49582913102353715
vn -0.8099618486225229 0.3132335815400854 0.49582913102353715
vn -0.6639969393247575 0.0037336938798160145 0.7477259685856618
vn -0.6639969393247575 0.0037336938798160145 0.7477259685856618
vn -0.6639969393247575 0.0037336938798160145 0.7477259685856618
vn 0.6044860487833561 0.06212823471240272 0.7941893346537756
vn 0.6044860487833561 0.06212823471240272 0.7941893346537756
vn 0.6044860487833561 0.06212823471240272 0.7941893346537756
vn -0.21800517310160303 0.632891991527471 0.7429141750978584
vn -0.21800517310160303 0.632891991527471 0.7429141750978584
vn -0.21800517310160303 0.632891991527471 0.7429141750978584
vn 0.4851688961272014 0.18728509238869098 0.8541284659813607
vn 0.4851688961272014 0.18728509238869098 0.8541284659813607
vn 0.4851688961272014 0.18728509238869098 0.8541284659813607
vn -0.209682189061066 0.6388180628996956 0.74023297825998
vn -0.209682189061066 0.6388180628996956 0.74023297825998
vn -0.209682189061066 0.6388180628996956 0.74023297825998
vn -0.5363915642527588 0.4505356915349176 0.7136537538972466
vn -0.5363915642527588 0.4505356915349176 0.7136537538972466
vn -0.5363915642527588 0.4505356915349176 0.7136537538972466
vn 0.15807090276683355 0.674873989642604 0.7208041951892015
vn 0.15807090276683355 0.674873989642604 0.7208041951892015
vn 0.15807090276683355 0.674873989642604 0.7208041951892015
vn -0.5080297559189175 0.5895005429611857 0.6280086599318773
vn -0.5080297559189175 0.5895005429611857 0.6280086599318773
vn -0.5080297559189175 0.5895005429611857 0.6280086599318773
vn -0.0579389261418436 0.7453136472382678 0.6641917253910357
vn -0.0579389261418436 0.7453136472382678 0.6641917253910357
vn -0.0579389261418436 0.7453136472382678 0.6641917253910357
vn -0.06180738805107777 0.7426657853803607 0.6668038527240793
vn -0.06180738805107777 0.7426657853803607 0.6668038527240793
vn -0.06180738805107777 0.7426657853803607 0.6668038527240793
vn 0.649136161602763 0.025565496630272338 0.7602424936042966
vn 0.649136161602763 0.025565496630272338 0.7602424936042966
vn 0.649136161602763 0.025565496630272338 0.7602424936042966
vn 0.6432800420877924 0.02877150905716868 0.7650901827354087
vn 0.6432800420877924 0.02877150905716868 0.7650901827354087
vn 0.6432800420877924 0.02877150905716868 0.7650901827354087
vn 0.5849620121733216 0.0638946818280072 0.8085399890841742
vn 0.5849620121733216 0.0638946818280072 0.8085399890841742
vn 0.5849620121733216 0.0638946818280072 0.8085399890841742
vn -0.5528181138742253 0.3037654726444517 0.7759630600754374
vn -0.5528181138742253 0.3037654726444517 0.7759630600754374
vn -0.5528181138742253 0.3037654726444517 0.7759630600754374
vn -0.7186276353958776 0.08560745462524937 0.6901055610252069
vn -0.7186276353958776 0.08560745462524937 0.6901055610252069
vn -0.7186276353958776 0.08560745462524937 0.6901055610252069
vn 0.5558985474574386 0.5049895646775946 0.6602744463489734
vn 0.5558985474574386 0.5049895646775946 0.6602744463489734
vn 0.5558985474574386 0.5049895646775946 0.6602744463489734
vn -0.7123023552293828 0.07367295317139591 0.6979954517800809
vn -0.7123023552293828 0.07367295317139591 0.6979954517800809
vn -0.7123023552293828 0.07367295317139591 0.6979954517800809
vn -0.8060125690116622 0.2871870987989253 0.5175589907234506
vn -0.8060125690116622 0.2871870987989253 0.5175589907234506
vn -0.8060125690116622 0.2871870987989253 0.5175589907234506
vn 0.5679265418540345 0.49656991550596546 0.6564127985285751
vn 0.5679265418540345 0.49656991550596546 0.6564127985285751
vn 0.5679265418540345 0.49656991550596546 0.6564127985285751
vn 0.5972555114731475 0.45871766134422887 0.6579239782724372
vn 0.5972555114731475 0.45871766134422887 0.6579239782724372
vn 0.5972555114731475 0.45871766134422887 0.6579239782724372
vn 0.31176391462035963 0.637128178762133 0.7048907329280449
vn 0.31176391462035963 0.637128178762133 0.7048907329280449
vn 0.31176391462035963 0.637128178762133 0.7048907329280449
vn -0.4483388763627906 0.7157234711220131 0.5354737760402531
vn -0.4483388763627906 0.7157234711220131 0.5354737760402531
vn -0.4483388763627906 0.7157234711220131 0.5354737760402531
vn -0.7896985358637474 0.22938687945414193 0.5689972600891366
vn -0.7896985358637474 0.22938687945414193 0.5689972600891366
vn -0.7896985358637474 0.22938687945414193 0.5689972600891366
vn 0.06524568172064649 0.8164903076867858 0.5736606823465823
vn 0.06524568172064649 0.8164903076867858 0.5736606823465823
vn 0.06524568172064649 0.8164903076867858 0.5736606823465823
vn 0.49488628498447984 0.17192079331045182 0.8517809611406945
vn 0.49488628498447984 0.17192079331045182 0.8517809611406945
vn 0.49488628498447984 0.17192079331045182 0.8517809611406945
vn -0.14431220377395387 0.6699978748382197 0.7282010955458486
vn -0.14431220377395387 0.6699978748382197 0.7282010955458486
vn -0.14431220377395387 0.6699978748382197 0.7282010955458486
vn -0.13022420165201434 0.6809036917289955 0.7207023101766226
vn -0.13022420165201434 0.6809036917289955 0.7207023101766226
vn -0.13022420165201434 0.6809036917289955 0.7207023101766226
vn -0.7546905319952154 0.16037300315757547 0.6361781989152088
vn -0.7546905319952154 0.16037300315757547 0.6361781989152088
vn -0.7546905319952154 0.16037300315757547 0.6361781989152088
vn 0.16934999600878636 0.68047659694406 0.7129321004578594
vn 0.16934999600878636 0.68047659694406 0.7129321004578594
vn 0.16934999600878636 0.68047659694406 0.7129321004578594
vn -0.7604999592230609 0.17193758600730955 0.6261607449686555
vn -0.7604999592230609 0.17193758600730955 0.6261607449686555
vn -0.7604999592230609 0.17193758600730955 0.6261607449686555
vn 0.3805694765470047 0.6091835914565553 0.6957458051765972
vn 0.3805694765470047 0.6091835914565553 0.6957458051765972
vn 0.3805694765470047 0.6091835914565553 0.6957458051765972
vn -0.5458286803881951 0.3998472844458401 0.7363376948024386
vn -0.5458286803881951 0.3998472844458401 0.7363376948024386
vn -0.5458286803881951 0.3998472844458401 0.7363376948024386
vn 0.195105687352612 0.6430804152163928 0.7405277512205581
vn 0.195105687352612 0.6430804152163928 0.7405277512205581
vn 0.195105687352612 0.6430804152163928 0.7405277512205581
vn -0.5609101086127962 0.18319830393386485 0.807352606666837
vn -0.5609101086127962 0.18319830393386485 0.807352606666837
vn -0.5609101086127962 0.18319830393386485 0.807352606666837
vn -0.4068458830787914 0.7488745782746549 0.523128371851304
vn -0.4068458830787914 0.7488745782746549 0.523128371851304
vn -0.4068458830787914 0.7488745782746549 0.523128371851304
vn 0.5012148072669864 0.16501839623620745 0.8494425500761942
vn 0.5012148072669864 0.16501839623620745 0.8494425500761942
vn 0.5012148072669864 0.16501839623620745 0.8494425500761942
vn 0.5113350776665252 0.14391830641366235 0.8472449229277161
vn 0.5113350776665252 0.14391830641366235 0.8472449229277161
vn 0.5113350776665252 0.14391830641366235 0.8472449229277161
vn 0.24037848427806843 0.6537038687920549 0.7175579671514202
vn 0.24037848427806843 0.6537038687920549 0.7175579671514202
vn 0.24037848427806843 0.6537038687920549 0.7175579671514202
vn -0.17648026396337152 0.6531822699628143 0.7363474985614088
vn -0.17648026396337152 0.6531822699628143 0.7363474985614088
vn -0.17648026396337152 0.6531822699628143 0.7363474985614088
vn -0.8068208564352005 0.3280483729391116 0.49134954017803995
vn -0.8068208564352005 0.3280483729391116 0.49134954017803995
vn -0.8068208564352005 0.3280483729391116 0.49134954017803995
vn -0.19027381652004818 0.6426513627820134 0.7421557118700333
vn -0.19027381652004818 0.6426513627820134 0.7421557118700333
vn -0.19027381652004818 0.6426513627820134 0.7421557118700333
vn -0.1651251043102572 0.6523358920851011 0.7397239916509821
vn -0.1651251043102572 0.6523358920851011 0.7397239916509821
vn -0.1651251043102572 0.6523358920851011 0.7397239916509821
vn -0.7885304545467466 0.3536899621296427 0.503113439435912
vn -0.7885304545467466 0.3536899621296427 0.503113439435912
vn -0.7885304545467466 0.3536899621296427 0.503113439435912
vn 0.6167329975949706 0.027039938792798292 0.7867078564420237
vn 0.6167329975949706 0.027039938792798292 0.7867078564420237
vn 0.6167329975949706 0.027039938792798292 0.7867078564420237
vn 0.545531515228756 0.09257429159676978 0.832961803702651
vn 0.545531515228756 0.09257429159676978 0.832961803702651
vn 0.545531515228756 0.09257429159676978 0.832961803702651
vn 0.603563148430959 0.4408860938000177 0.6643274630405324
vn 0.603563148430959 0.4408860938000177 0.6643274630405324
vn 0.603563148430959 0.4408860938000177 0.6643274630405324
vn 0.6523648490516578 0.39674207507803144 0.6457676281640211
vn 0.6523648490516578 0.39674207507803144 0.6457676281640211
vn 0.6523648490516578 0.39674207507803144 0.6457676281640211
vn -0.06823742208431356 0.7276974127125645 0.6824955162920318
vn -0.06823742208431356 0.7276974127125645 0.6824955162920318
vn -0.06823742208431356 0.7276974127125645 0.6824955162920318
vn -0.1174411876370231 0.6789407462303929 0.7247392845392906
vn -0.1174411876370231 0.6789407462303929 0.7247392845392906
vn -0.1174411876370231 0.6789407462303929 0.7247392845392906
vn 0.17944030637461983 0.6561147038100454 0.7330175113136377
vn 0.17944030637461983 0.6561147038100454 0.7330175113136377
vn 0.17944030637461983 0.6561147038100454 0.7330175113136377
vn -0.653776778125051 0.026930798391148654 0.7562080775040974
vn -0.653776778125051 0.026930798391148654 0.7562080775040974
vn -0.653776778125051 0.026930798391148654 0.7562080775040974
vn 0.4276176060216969 0.5743623925207737 0.6980336847732247
vn 0.4276176060216969 0.5743623925207737 0.6980336847732247
vn 0.4276176060216969 0.5743623925207737 0.6980336847732247
vn 0.41318036903793104 0.5765814017382911 0.7048658523514858
vn 0.41318036903793104 0.5765814017382911 0.7048658523514858
vn 0.41318036903793104 0.5765814017382911 0.7048658523514858
vn -0.7841060058526053 0.2918852827329945 0.5477049874793491
vn -0.7841060058526053 0.2918852827329945 0.5477049874793491
vn -0.7841060058526053 0.2918852827329945 0.5477049874793491
vn -0.7812451688152801 0.2799029040762215 0.5579519248936077
vn -0.7812451688152801 0.2799029040762215 0.5579519248936077
vn -0.7812451688152801 0.2799029040762215 0.5579519248936077
vn 0.5290194117928994 0.11026598438388555 0.8414153995703594
vn 0.5290194117928994 0.11026598438388555 0.8414153995703594
vn 0.5290194117928994 0.11026598438388555 0.8414153995703594
vn 0.5415918709710864 0.09750467327571485 0.8349677143383654
vn 0.5415918709710864 0.09750467327571485 0.8349677143383654
vn 0.5415918709710864 0.09750467327571485 0.8349677143383654
vn -0.00991755692917796 0.7546416880965463 0.6560621652338683
vn -0.00991755692917796 0.7546416880965463 0.6560621652338683
vn -0.00991755692917796 0.7546416880965463 0.6560621652338683
vn 0.5672400519601287 0.038299664354304756 0.822661448691148
vn 0.5672400519601287 0.038299664354304756 0.822661448691148
vn 0.5672400519601287 0.038299664354304756 0.822661448691148
vn -0.5562312747748392 0.20716968717879802 0.8047903389558031
vn -0.5562312747748392 0.20716968717879802 0.8047903389558031
vn -0.5562312747748392 0.20716968717879802 0.8047903389558031
vn -0.5581356752917488 0.19498499773312986 0.8065143635581667
vn -0.5581356752917488 0.19498499773312986 0.8065143635581667
vn -0.5581356752917488 0.19498499773312986 0.8065143635581667
vn -0.5136682334735964 0.530438655748008 0.6743736193004298
vn -0.5136682334735964 0.530438655748008 0.6743736193004298
vn -0.5136682334735964 0.530438655748008 0.6743736193004298
vn 0.049689166209162215 0.788907944541941 0.6124991769790781
vn 0.049689166209162215 0.788907944541941 0.6124991769790781
vn 0.049689166209162215 0.788907944541941 0.6124991769790781
vn -0.5158455759400634 0.5169790774239413 0.6831075869063049
vn -0.5158455759400634 0.5169790774239413 0.6831075869063049
vn -0.5158455759400634 0.5169790774239413 0.6831075869063049
vn 0.04385190555765206 0.7854421315474979 0.6173796792647824
vn 0.04385190555765206 0.7854421315474979 0.6173796792647824
vn 0.04385190555765206 0.7854421315474979 0.6173796792647824
vn -0.3796321259321001 0.7545562596562675 0.5352796465155549
vn -0.3796321259321001 0.7545562596562675 0.5352796465155549
vn -0.3796321259321001 0.7545562596562675 0.5352796465155549
vn -0.6748318615583362 0.08108793131055503 0.7335030374998358
vn -0.6748318615583362 0.08108793131055503 0.7335030374998358
vn -0.6748318615583362 0.08108793131055503 0.7335030374998358
vn -0.1498597903343901 0.6579317639340299 0.7380161497200376
vn -0.1498597903343901 0.6579317639340299 0.7380161497200376
vn -0.1498597903343901 0.6579317639340299 0.7380161497200376
vn -0.5290706296475508 0.41358540547048783 0.7409665182895625
vn -0.5290706296475508 0.41358540547048783 0.7409665182895625
vn -0.5290706296475508 0.41358540547048783 0.7409665182895625
vn -0.5249720242100364 0.43370595791680866 0.7323274649118933
vn -0.5249720242100364 0.43370595791680866 0.7323274649118933
vn -0.5249720242100364 0.43370595791680866 0.7323274649118933
vn -0.770280224820349 0.36477195404626417 0.5230772378836444
vn -0.770280224820349 0.36477195404626417 0.5230772378836444
vn -0.770280224820349 0.36477195404626417 0.5230772378836444
vn -0.5356131824708499 0.313964577442384 0.7839290547459465
vn -0.5356131824708499 0.313964577442384 0.7839290547459465
vn -0.5356131824708499 0.313964577442384 0.7839290547459465
vn -0.7500337136002203 0.21410901198528742 0.6257849146869449
vn -0.7500337136002203 0.21410901198528742 0.6257849146869449
vn -0.7500337136002203 0.21410901198528742 0.6257849146869449
vn 0.07476847760694824 0.8125508581805104 0.5780750622769119
vn 0.07476847760694824 0.8125508581805104 0.5780750622769119
vn 0.07476847760694824 0.8125508581805104 0.5780750622769119
vn 0.6047014091517331 0.019128617194976806 0.7962225202630961
vn 0.6047014091517331 0.019128617194976806 0.7962225202630961
vn 0.6047014091517331 0.019128617194976806 0.7962225202630961
vn 0.5475877522665452 0.07773767410634465 0.8331293462555551
vn 0.5475877522665452 0.07773767410634465 0.8331293462555551
vn 0.5475877522665452 0.07773767410634465 0.8331293462555551
vn 0.09372233808005405 -0.788770633608792 0.607500626255803
vn 0.09372233808005405 -0.788770633608792 0.607500626255803
vn 0.09372233808005405 -0.788770633608792 0.607500626255803
vn -0.5201133863633443 -0.6572311836069425 0.5454624062392127
vn -0.5201133863633443 -0.6572311836069425 0.5454624062392127
vn -0.5201133863633443 -0.6572311836069425 0.5454624062392127
vn -0.7021289409589382 -0.04643916672702742 0.7105338514536653
vn -0.7021289409589382 -0.04643916672702742 0.7105338514536653
vn -0.7021289409589382 -0.04643916672702742 0.7105338514536653
vn -0.496528049682914 -0.6953222617724808 0.5196025867542264
vn -0.496528049682914 -0.6953222617724808 0.5196025867542264
vn -0.496528049682914 -0.6953222617724808 0.5196025867542264
vn 0.09356944432500713 -0.7355717553841173 0.6709537627659876
vn 0.09356944432500713 -0.7355717553841173 0.6709537627659876
vn 0.09356944432500713 -0.7355717553841173 0.6709537627659876
vn -0.5617724732051977 -0.2843991854009442 0.7768711551423406
vn -0.5617724732051977 -0.2843991854009442 0.7768711551423406
vn -0.5617724732051977 -0.2843991854009442 0.7768711551423406
vn 0.08961856163906243 -0.7516183684323914 0.653481707199808
vn 0.08961856163906243 -0.7516183684323914 0.653481707199808
vn 0.08961856163906243 -0.7516183684323914 0.653481707199808
vn -0.8062446916268546 -0.2717646130739916 0.5254650248154121
vn -0.8062446916268546 -0.2717646130739916 0.5254650248154121
vn -0.8062446916268546 -0.2717646130739916 0.5254650248154121
vn -0.8096550117086333 -0.28405430948349836 0.5135872966487254
vn -0.8096550117086333 -0.28405430948349836 0.5135872966487254
vn -0.8096550117086333 -0.28405430948349836 0.5135872966487254
vn 0.08147858219380037 -0.7364030603420776 0.6716187708533096
vn 0.08147858219380037 -0.7364030603420776 0.6716187708533096
vn 0.08147858219380037 -0.7364030603420776 0.6716187708533096
vn 0.08321618446827735 -0.7316739698157847 0.6765561828381677
vn 0.08321618446827735 -0.7316739698157847 0.6765561828381677
vn 0.08321618446827735 -0.7316739698157847 0.6765561828381677
vn 0.10989999451596623 -0.7242255000316266 0.6807491581407437
vn 0.10989999451596623 -0.7242255000316266 0.6807491581407437
vn 0.10989999451596623 -0.7242255000316266 0.6807491581407437
vn -0.7579920319585378 -0.15522649940918543 0.6335241221678438
vn -0.7579920319585378 -0.15522649940918543 0.6335241221678438
vn -0.7579920319585378 -0.15522649940918543 0.6335241221678438
vn 0.10371050440516226 -0.7870639119788472 0.608090889371466
vn 0.10371050440516226 -0.7870639119788472 0.608090889371466
vn 0.10371050440516226 -0.7870639119788472 0.608090889371466
vn -0.5496776708357294 -0.5776695617854748 0.6034503588292786
vn -0.5496776708357294 -0.5776695617854748 0.6034503588292786
vn -0.5496776708357294 -0.5776695617854748 0.6034503588292786
vn 0.10326620146100705 -0.7254486052206651 0.6804854243987936
vn 0.10326620146100705 -0.7254486052206651 0.6804854243987936
vn 0.10326620146100705 -0.7254486052206651 0.6804854243987936
vn -0.7870607812877896 -0.200520720000476 0.5833753229346825
vn -0.7870607812877896 -0.200520720000476 0.5833753229346825
vn -0.7870607812877896 -0.200520720000476 0.5833753229346825
vn -0.5490489833622328 -0.5198567728874258 0.6544418610938407
vn -0.5490489833622328 -0.5198567728874258 0.6544418610938407
vn -0.5490489833622328 -0.5198567728874258 0.6544418610938407
vn 0.1417436901706751 -0.7221775671113763 0.6770290155214127
vn 0.1417436901706751 -0.7221775671113763 0.6770290155214127
vn 0.1417436901706751 -0.7221775671113763 0.6770290155214127
vn -0.5561359449779603 -0.44838123909368316 0.6997621561161224
vn -0.5561359449779603 -0.44838123909368316 0.6997621561161224
vn -0.5561359449779603 -0.44838123909368316 0.6997621561161224
vn 0.11580000065130043 -0.7689098710743998 0.6287829275779591
vn 0.11580000065130043 -0.7689098710743998 0.6287829275779591
vn 0.11580000065130043 -0.7689098710743998 0.6287829275779591
vn -0.7102369250054077 -0.09259474512166543 0.6978464899494132
vn -0.7102369250054077 -0.09259474512166543 0.6978464899494132
vn -0.7102369250054077 -0.09259474512166543 0.6978464899494132
vn 0.12715970251242006 -0.7723202870269438 0.6223759188011473
vn 0.12715970251242006 -0.7723202870269438 0.6223759188011473
vn 0.12715970251242006 -0.7723202870269438 0.6223759188011473
vn 0.11349090347252698 -0.7386801942045153 0.6644331309612496
vn 0.11349090347252698 -0.7386801942045153 0.6644331309612496
vn 0.11349090347252698 -0.7386801942045153 0.6644331309612496
vn 0.1470313070011803 -0.7064859856559598 0.6922855962919146
vn 0.1470313070011803 -0.7064859856559598 0.6922855962919146
vn 0.1470313070011803 -0.7064859856559598 0.6922855962919146
vn 0.10490120174712181 -0.7215431909656864 0.6843764763951671
vn 0.10490120174712181 -0.7215431909656864 0.6843764763951671
vn 0.10490120174712181 -0.7215431909656864 0.6843764763951671
vn 0.11664541452704034 -0.7391312367577086 0.663384399966441
vn 0.11664541452704034 -0.7391312367577086 0.663384399966441
vn 0.11664541452704034 -0.7391312367577086 0.663384399966441
vn 0.16219389091665637 -0.7028326837870965 0.6926177591932963
vn 0.16219389091665637 -0.7028326837870965 0.6926177591932963
vn 0.16219389091665637 -0.7028326837870965 0.6926177591932963
vn -0.809023098197554 -0.30990538611707474 0.49943996459880724
vn -0.809023098197554 -0.30990538611707474 0.49943996459880724
vn -0.809023098197554 -0.30990538611707474 0.49943996459880724
vn 0.13768327071885275 -0.7682171968345468 0.6252084895871377
vn 0.13768327071885275 -0.7682171968345468 0.6252084895871377
vn 0.13768327071885275 -0.7682171968345468 0.6252084895871377
vn -0.4740997868010052 -0.7076477433955384 0.5238931794005757
vn -0.4740997868010052 -0.7076477433955384 0.5238931794005757
vn -0.4740997868010052 -0.7076477433955384 0.5238931794005757
vn -0.4468452539499555 -0.7103574128241794 0.5438029652991404
vn -0.4468452539499555 -0.7103574128241794 0.5438029652991404
vn -0.4468452539499555 -0.7103574128241794 0.5438029652991404
vn -0.5019685621422415 -0.6540443891243861 0.5659094447663506
vn -0.5019685621422415 -0.6540443891243861 0.5659094447663506
vn -0.5019685621422415 -0.6540443891243861 0.5659094447663506
vn 0.1292727901771361 -0.7181724984527202 0.6837520078113086
vn 0.1292727901771361 -0.7181724984527202 0.6837520078113086
vn 0.1292727901771361 -0.7181724984527202 0.6837520078113086
vn 0.20004260132633264 -0.6980367756789855 0.6875519016439993
vn 0.20004260132633264 -0.6980367756789855 0.6875519016439993
vn 0.20004260132633264 -0.6980367756789855 0.6875519016439993
vn -0.5343235542894784 -0.575508574239075 0.6191027542409789
vn -0.5343235542894784 -0.575508574239075 0.6191027542409789
vn -0.5343235542894784 -0.575508574239075 0.6191027542409789
vn -0.5674477744263777 -0.16767069486511363 0.8061572807969922
vn -0.5674477744263777 -0.16767069486511363 0.8061572807969922
vn -0.5674477744263777 -0.16767069486511363 0.8061572807969922
vn -0.5679230556695145 -0.15008237605669436 0.8092828203021354
vn -0.5679230556695145 -0.15008237605669436 0.8092828203021354
vn -0.5679230556695145 -0.15008237605669436 0.8092828203021354
vn -0.4044584907099271 -0.07399301934174246 0.9115582057012818
vn -0.4044584907099271 -0.07399301934174246 0.9115582057012818
vn -0.4044584907099271 -0.07399301934174246 0.9115582057012818
vn 0.15906398577673017 -0.7577017821668878 0.6329191557615729
vn 0.15906398577673017 -0.7577017821668878 0.6329191557615729
vn 0.15906398577673017 -0.7577017821668878 0.6329191557615729
vn -0.7453100639037467 -0.13416258914679338 0.6530798636592786
vn -0.7453100639037467 -0.13416258914679338 0.6530798636592786
vn -0.7453100639037467 -0.13416258914679338 0.6530798636592786
vn -0.7849771410318375 -0.2679871926976552 0.5585640094094073
vn -0.7849771410318375 -0.2679871926976552 0.5585640094094073
vn -0.7849771410318375 -0.2679871926976552 0.5585640094094073
vn -0.787562912978961 -0.27280926920449744 0.5525574727901175
vn -0.787562912978961 -0.27280926920449744 0.5525574727901175
vn -0.787562912978961 -0.27280926920449744 0.5525574727901175
vn 0.2020194808827886 -0.6680854493854326 0.7161354352797473
vn 0.2020194808827886 -0.6680854493854326 0.7161354352797473
vn 0.2020194808827886 -0.6680854493854326 0.7161354352797473
vn 0.12825380755325475 -0.6968313721599121 0.7056748540381945
vn 0.12825380755325475 -0.6968313721599121 0.7056748540381945
vn 0.12825380755325475 -0.6968313721599121 0.7056748540381945
vn -0.6954409408987426 -0.06652956387920785 0.7154968307769881
vn -0.6954409408987426 -0.06652956387920785 0.7154968307769881
vn -0.6954409408987426 -0.06652956387920785 0.7154968307769881
vn 0.17191879927078643 -0.7455536929476907 0.6438894450053917
vn 0.17191879927078643 -0.7455536929476907 0.6438894450053917
vn 0.17191879927078643 -0.7455536929476907 0.6438894450053917
vn 0.14837928055033878 -0.704750952193872 0.6937648625328288
vn 0.14837928055033878 -0.704750952193872 0.6937648625328288
vn 0.14837928055033878 -0.704750952193872 0.6937648625328288
vn -0.5555614294930485 -0.3775434834116415 0.7408187471932957
vn -0.5555614294930485 -0.3775434834116415 0.7408187471932957
vn -0.5555614294930485 -0.3775434834116415 0.7408187471932957
vn -0.5552759090936873 -0.3802702968447463 0.7396371854617556
vn -0.5552759090936873 -0.3802702968447463 0.7396371854617556
vn -0.5552759090936873 -0.3802702968447463 0.7396371854617556
vn 0.1845353085693597 -0.7436560347930294 0.642590399715962
vn 0.1845353085693597 -0.7436560347930294 0.642590399715962
vn 0.1845353085693597 -0.7436560347930294 0.642590399715962
vn -0.7890534211351632 -0.3455525553645991 0.5079253193884808
vn -0.7890534211351632 -0.3455525553645991 0.5079253193884808
vn -0.7890534211351632 -0.3455525553645991 0.5079253193884808
vn -0.5630024817147592 -0.25436640443560765 0.7863370383477579
vn -0.5630024817147592 -0.25436640443560765 0.7863370383477579
vn -0.5630024817147592 -0.25436640443560765 0.7863370383477579
vn -0.7537669946636113 -0.1995428005527891 0.6261133990766667
vn -0.7537669946636113 -0.1995428005527891 0.6261133990766667
vn -0.7537669946636113 -0.1995428005527891 0.6261133990766667
vn -0.7532784988869379 -0.1980418725061058 0.6271769446088695
vn -0.7532784988869379 -0.1980418725061058 0.6271769446088695
vn -0.7532784988869379 -0.1980418725061058 0.6271769446088695
vn 0.2145777715585736 -0.664525366087592 0.7157949551227001
vn 0.2145777715585736 -0.664525366087592 0.7157949551227001
vn 0.2145777715585736 -0.664525366087592 0.7157949551227001
vn -0.5329721544696336 -0.5559591624552224 0.6378480165698445
vn -0.5329721544696336 -0.5559591624552224 0.6378480165698445
vn -0.5329721544696336 -0.5559591624552224 0.6378480165698445
vn 0.15601308555293764 -0.7050298412372881 0.6918040474738322
vn 0.15601308555293764 -0.7050298412372881 0.6918040474738322
vn 0.15601308555293764 -0.7050298412372881 0.6918040474738322
vn -0.4525589541139519 -0.7124315932949032 0.5363129850437816
vn -0.4525589541139519 -0.7124315932949032 0.5363129850437816
vn -0.4525589541139519 -0.7124315932949032 0.5363129850437816
vn 0.21376149176254586 -0.7298632202640637 0.6493117158539664
vn 0.21376149176254586 -0.7298632202640637 0.6493117158539664
vn 0.21376149176254586 -0.7298632202640637 0.6493117158539664
vn -0.5539505491813818 -0.30377435739556546 0.7751515521822535
vn -0.5539505491813818 -0.30377435739556546 0.7751515521822535
vn -0.5539505491813818 -0.30377435739556546 0.7751515521822535
vn -0.6488029199495924 -0.03187412316842697 0.7602886368591383
vn -0.6488029199495924 -0.03187412316842697 0.7602886368591383
vn -0.6488029199495924 -0.03187412316842697 0.7602886368591383
vn -0.535802178396316 -0.49260559021722045 0.685751965445602
vn -0.535802178396316 -0.49260559021722045 0.685751965445602
vn -0.535802178396316 -0.49260559021722045 0.685751965445602
vn 0.1439757060537519 -0.6732915097393745 0.7252237854477729
vn 0.1439757060537519 -0.6732915097393745 0.7252237854477729
vn 0.1439757060537519 -0.6732915097393745 0.7252237854477729
vn 0.22854130109036017 -0.6335706749339078 0.7391597077490885
vn 0.22854130109036017 -0.6335706749339078 0.7391597077490885
vn 0.22854130109036017 -0.6335706749339078 0.7391597077490885
vn 0.22970178467723398 -0.7166558424355239 0.6585146115456536
vn 0.22970178467723398 -0.7166558424355239 0.6585146115456536
vn 0.22970178467723398 -0.7166558424355239 0.6585146115456536
vn -0.7783507487651592 -0.35168900104987594 0.5200816843893433
vn -0.7783507487651592 -0.35168900104987594 0.5200816843893433
vn -0.7783507487651592 -0.35168900104987594 0.5200816843893433
vn -0.7761486174293925 -0.36206117279923977 0.5162412525299404
vn -0.7761486174293925 -0.36206117279923977 0.5162412525299404
vn -0.7761486174293925 -0.36206117279923977 0.5162412525299404
vn 0.17428490250929213 -0.6738923684215601 0.7179790028548935
vn 0.17428490250929213 -0.6738923684215601 0.7179790028548935
vn 0.17428490250929213 -0.6738923684215601 0.7179790028548935
vn -0.7024060893970163 -0.13472079866633324 0.698910575098629
vn -0.7024060893970163 -0.13472079866633324 0.698910575098629
vn -0.7024060893970163 -0.13472079866633324 0.698910575098629
vn -0.7044000772728967 -0.14412778916971958 0.695016339035987
vn -0.7044000772728967 -0.14412778916971958 0.695016339035987
vn -0.7044000772728967 -0.14412778916971958 0.695016339035987
vn 0.2462791962228051 -0.7108191884506811 0.6588494811701412
vn 0.2462791962228051 -0.7108191884506811 0.6588494811701412
vn 0.2462791962228051 -0.7108191884506811 0.6588494811701412
vn -0.4153514693903538 -0.7413169547886908 0.5271928768658549
vn -0.4153514693903538 -0.7413169547886908 0.5271928768658549
vn -0.4153514693903538 -0.7413169547886908 0.5271928768658549
vn -0.6668769924973453 -0.07476531947122723 0.7414075963207154
vn -0.6668769924973453 -0.07476531947122723 0.7414075963207154
vn -0.6668769924973453 -0.07476531947122723 0.7414075963207154
vn 0.2364948899743763 -0.600787476248129 0.7636259394490286
vn 0.2364948899743763 -0.600787476248129 0.7636259394490286
vn 0.2364948899743763 -0.600787476248129 0.7636259394490286
vn 0.1539403913758058 -0.6572728022764691 0.7377633897739174
vn 0.1539403913758058 -0.6572728022764691 0.7377633897739174
vn 0.1539403913758058 -0.6572728022764691 0.7377633897739174
vn -0.458410552674218 -0.12527918585761133 0.8798664050796418
vn -0.458410552674218 -0.12527918585761133 0.8798664050796418
vn -0.458410552674218 -0.12527918585761133 0.8798664050796418
vn -0.5562088568805916 -0.20816168485730377 0.8045498247373831
vn -0.5562088568805916 -0.20816168485730377 0.8045498247373831
vn -0.5562088568805916 -0.20816168485730377 0.8045498247373831
vn -0.5585763870614107 -0.19189959146536423 0.8069491722610831
vn -0.5585763870614107 -0.19189959146536423 0.8069491722610831
vn -0.5585763870614107 -0.19189959146536423 0.8069491722610831
vn 0.2798297026471634 -0.6875221530886181 0.6700810596702395
vn 0.2798297026471634 -0.6875221530886181 0.6700810596702395
vn 0.2798297026471634 -0.6875221530886181 0.6700810596702395
vn 0.28272347744199144 -0.6863533040398812 0.6700646068377631
vn 0.28272347744199144 -0.6863533040398812 0.6700646068377631
vn 0.28272347744199144 -0.6863533040398812 0.6700646068377631
vn -0.5239217929706568 -0.4321680708172261 0.7339868618827786
vn -0.5239217929706568 -0.4321680708172261 0.7339868618827786
vn -0.5239217929706568 -0.4321680708172261 0.7339868618827786
vn -0.5242544492967277 -0.42961157026736696 0.7352490537804126
vn -0.5242544492967277 -0.42961157026736696 0.7352490537804126
vn -0.5242544492967277 -0.42961157026736696 0.7352490537804126
vn -0.7641909831834462 -0.38760215618792243 0.5155353622590705
vn -0.7641909831834462 -0.38760215618792243 0.5155353622590705
vn -0.7641909831834462 -0.38760215618792243 0.5155353622590705
vn -0.7386676867393281 -0.25165969808879696 0.6253298688892331
vn -0.7386676867393281 -0.25165969808879696 0.6253298688892331
vn -0.7386676867393281 -0.25165969808879696 0.6253298688892331
vn -0.4890138849341758 -0.6149181183416395 0.6186607536257346
vn -0.4890138849341758 -0.6149181183416395 0.6186607536257346
vn -0.4890138849341758 -0.6149181183416395 0.6186607536257346
vn -0.49275135958721267 -0.6078944201890789 0.6226238603907958
vn -0.49275135958721267 -0.6078944201890789 0.6226238603907958
vn -0.49275135958721267 -0.6078944201890789 0.6226238603907958
vn -0.7384813517808836 -0.25057807869724713 0.6259839610950708
vn -0.7384813517808836 -0.25057807869724713 0.6259839610950708
vn -0.7384813517808836 -0.25057807869724713 0.6259839610950708
vn 0.20552887735135728 -0.6663213716220597 0.7167800989804248
vn 0.20552887735135728 -0.6663213716220597 0.7167800989804248
vn 0.20552887735135728 -0.6663213716220597 0.7167800989804248
vn -0.5165731349736522 -0.5009908713866394 0.6943776659792195
vn -0.5165731349736522 -0.5009908713866394 0.6943776659792195
vn -0.5165731349736522 -0.5009908713866394 0.6943776659792195
vn -0.5375081862649951 -0.3192879835357876 0.780474300196852
vn -0.5375081862649951 -0.3192879835357876 0.780474300196852
vn -0.5375081862649951 -0.3192879835357876 0.780474300196852
vn 0.22016370073187988 -0.6434767180984854 0.7331204936060958
vn 0.22016370073187988 -0.6434767180984854 0.7331204936060958
vn 0.22016370073187988 -0.6434767180984854 0.7331204936060958
vn 0.252463407037021 -0.5933411278200009 0.7643353545038649
vn 0.252463407037021 -0.5933411278200009 0.7643353545038649
vn 0.252463407037021 -0.5933411278200009 0.7643353545038649
vn -0.45091500959126996 -0.6865273726366444 0.5703997026173233
vn -0.45091500959126996 -0.6865273726366444 0.5703997026173233
vn -0.45091500959126996 -0.6865273726366444 0.5703997026173233
vn 0.171602686452358 -0.6617542704758305 0.7298176508617308
vn 0.171602686452358 -0.6617542704758305 0.7298176508617308
vn 0.171602686452358 -0.6617542704758305 0.7298176508617308
vn -0.3704482040140621 -0.751355711943857 0.5461068780670095
vn -0.3704482040140621 -0.751355711943857 0.5461068780670095
vn -0.3704482040140621 -0.751355711943857 0.5461068780670095
vn -0.5419772125142926 -0.2593561044833385 0.7993716983872178
vn -0.5419772125142926 -0.2593561044833385 0.7993716983872178
vn -0.5419772125142926 -0.2593561044833385 0.7993716983872178
vn -0.762233088983858 -0.3249714121302286 0.5598163085836381
vn -0.762233088983858 -0.3249714121302286 0.5598163085836381
vn -0.762233088983858 -0.3249714121302286 0.5598163085836381
vn 0.3185625086723234 -0.6541581771332295 0.6859992764997104
vn 0.3185625086723234 -0.6541581771332295 0.6859992764997104
vn 0.3185625086723234 -0.6541581771332295 0.6859992764997104
vn 0.34672247147525753 -0.6444052231814044 0.681561028896616
vn 0.34672247147525753 -0.6444052231814044 0.681561028896616
vn 0.34672247147525753 -0.6444052231814044 0.681561028896616
vn -0.5522543291915507 -0.2152964809781167 0.8053959157877756
vn -0.5522543291915507 -0.2152964809781167 0.8053959157877756
vn -0.5522543291915507 -0.2152964809781167 0.8053959157877756
vn -0.7471802283538459 -0.423990580233551 0.5118141207804952
vn -0.7471802283538459 -0.423990580233551 0.5118141207804952
vn -0.7471802283538459 -0.423990580233551 0.5118141207804952
vn -0.7546432574537059 -0.3996410646824744 0.5203850241879738
vn -0.7546432574537059 -0.3996410646824744 0.5203850241879738
vn -0.7546432574537059 -0.3996410646824744 0.5203850241879738
vn -0.7537275960435247 -0.40681739624934005 0.5161340107678979
vn -0.7537275960435247 -0.40681739624934005 0.5161340107678979
vn -0.7537275960435247 -0.40681739624934005 0.5161340107678979
vn -0.6969410812508431 -0.17840750606122302 0.6945818101893545
vn -0.6969410812508431 -0.17840750606122302 0.6945818101893545
vn -0.6969410812508431 -0.17840750606122302 0.6945818101893545
vn 0.27219419909628945 -0.5870149567338647 0.7624459053264491
vn 0.27219419909628945 -0.5870149567338647 0.7624459053264491
vn 0.27219419909628945 -0.5870149567338647 0.7624459053264491
vn -0.6963462277839542 -0.17336189857136083 0.6964535757498775
vn -0.6963462277839542 -0.17336189857136083 0.6964535757498775
vn -0.6963462277839542 -0.17336189857136083 0.6964535757498775
vn -0.6557446100738513 -0.10312549736175014 0.7479065036172533
vn -0.6557446100738513 -0.10312549736175014 0.7479065036172533
vn -0.6557446100738513 -0.10312549736175014 0.7479065036172533
vn -0.49027908225294703 -0.5448250216409658 0.680288260444886
vn -0.49027908225294703 -0.5448250216409658 0.680288260444886
vn -0.49027908225294703 -0.5448250216409658 0.680288260444886
vn 0.35056919363955125 -0.6376211138926997 0.6859595874314663
vn 0.35056919363955125 -0.6376211138926997 0.6859595874314663
vn 0.35056919363955125 -0.6376211138926997 0.6859595874314663
vn 0.2544130096576107 -0.6193131231977089 0.7427821187616567
vn 0.2544130096576107 -0.6193131231977089 0.7427821187616567
vn 0.2544130096576107 -0.6193131231977089 0.7427821187616567
vn -0.4409995024398691 -0.6822594915731987 0.5831307100522731
vn -0.4409995024398691 -0.6822594915731987 0.5831307100522731
vn -0.4409995024398691 -0.6822594915731987 0.5831307100522731
vn 0.24326807940672912 -0.6202257665124801 0.7457483758586189
vn 0.24326807940672912 -0.6202257665124801 0.7457483758586189
vn 0.24326807940672912 -0.6202257665124801 0.7457483758586189
vn -0.367744410857428 -0.7626769436072601 0.5320600792889946
vn -0.367744410857428 -0.7626769436072601 0.5320600792889946
vn -0.367744410857428 -0.7626769436072601 0.5320600792889946
vn -0.3819574405633015 -0.7523298839799635 0.536757169741613
vn -0.3819574405633015 -0.7523298839799635 0.536757169741613
vn -0.3819574405633015 -0.7523298839799635 0.536757169741613
vn -0.5226060097068119 -0.36436307046904665 0.7707934298479016
vn -0.5226060097068119 -0.36436307046904665 0.7707934298479016
vn -0.5226060097068119 -0.36436307046904665 0.7707934298479016
vn -0.6114335490030787 -0.032183046509564 0.790641047929377
vn -0.6114335490030787 -0.032183046509564 0.790641047929377
vn -0.6114335490030787 -0.032183046509564 0.790641047929377
vn -0.6144395447431278 -0.03808491662673209 0.7880441516700653
vn -0.6144395447431278 -0.03808491662673209 0.7880441516700653
vn -0.6144395447431278 -0.03808491662673209 0.7880441516700653
vn 0.28663885485996343 -0.5482251623589773 0.7856763571859864
vn 0.28663885485996343 -0.5482251623589773 0.7856763571859864
vn 0.28663885485996343 -0.5482251623589773 0.7856763571859864
vn 0.20417301464617627 -0.6289595398740079 0.7501488367595919
vn 0.20417301464617627 -0.6289595398740079 0.7501488367595919
vn 0.20417301464617627 -0.6289595398740079 0.7501488367595919
vn -0.5461238713641812 -0.23100537446513117 0.8052237167982721
vn -0.5461238713641812 -0.23100537446513117 0.8052237167982721
vn -0.5461238713641812 -0.23100537446513117 0.8052237167982721
vn 0.2161974990387312 -0.5974562583033958 0.7722076539529403
vn 0.2161974990387312 -0.5974562583033958 0.7722076539529403
vn 0.2161974990387312 -0.5974562583033958 0.7722076539529403
vn 0.4224260866264903 -0.5800381466003418 0.6964997845124359
vn 0.4224260866264903 -0.5800381466003418 0.6964997845124359
vn 0.4224260866264903 -0.5800381466003418 0.6964997845124359
vn -0.6521918202543968 -0.1064258892433479 0.7505460410208152
vn -0.6521918202543968 -0.1064258892433479 0.7505460410208152
vn -0.6521918202543968 -0.1064258892433479 0.7505460410208152
vn -0.34189715617180166 -0.7687825478653313 0.5404440106979854
vn -0.34189715617180166 -0.7687825478653313 0.5404440106979854
vn -0.34189715617180166 -0.7687825478653313 0.5404440106979854
vn -0.4996594490452148 -0.5197888614652363 0.6929357650435615
vn -0.4996594490452148 -0.5197888614652363 0.6929357650435615
vn -0.4996594490452148 -0.5197888614652363 0.6929357650435615
vn -0.72701866216525 -0.33221668362274875 0.6008959477198633
vn -0.72701866216525 -0.33221668362274875 0.6008959477198633
vn -0.72701866216525 -0.33221668362274875 0.6008959477198633
vn 0.3075658082004831 -0.5345805285697426 0.787163853400344
vn 0.3075658082004831 -0.5345805285697426 0.787163853400344
vn 0.3075658082004831 -0.5345805285697426 0.787163853400344
vn -0.7244045316497576 -0.4620563203471954 0.5116073018952184
vn -0.7244045316497576 -0.4620563203471954 0.5116073018952184
vn -0.7244045316497576 -0.4620563203471954 0.5116073018952184
vn -0.7281094091350174 -0.44701608388579744 0.519647292955964
vn -0.7281094091350174 -0.44701608388579744 0.519647292955964
vn -0.7281094091350174 -0.44701608388579744 0.519647292955964
vn -0.7280481374614596 -0.45035597167986063 0.5168417633194787
vn -0.7280481374614596 -0.45035597167986063 0.5168417633194787
vn -0.7280481374614596 -0.45035597167986063 0.5168417633194787
vn -0.7198091399662048 -0.30196328021208074 0.6250543811738887
vn -0.7198091399662048 -0.30196328021208074 0.6250543811738887
vn -0.7198091399662048 -0.30196328021208074 0.6250543811738887
vn 0.43620956028114166 -0.5590899001404165 0.7050813450094338
vn 0.43620956028114166 -0.5590899001404165 0.7050813450094338
vn 0.43620956028114166 -0.5590899001404165 0.7050813450094338
vn 0.29905068865032275 -0.5806822178936942 0.7572165129207286
vn 0.29905068865032275 -0.5806822178936942 0.7572165129207286
vn 0.29905068865032275 -0.5806822178936942 0.7572165129207286
vn -0.6434205617510583 -0.12515130341512024 0.7552133022990584
vn -0.6434205617510583 -0.12515130341512024 0.7552133022990584
vn -0.6434205617510583 -0.12515130341512024 0.7552133022990584
vn -0.5073611153915276 -0.46016997222854494 0.7285796423506803
vn -0.5073611153915276 -0.46016997222854494 0.7285796423506803
vn -0.5073611153915276 -0.46016997222854494 0.7285796423506803
vn -0.5446075679679077 -0.2381349005624034 0.8041730945799015
vn -0.5446075679679077 -0.2381349005624034 0.8041730945799015
vn -0.5446075679679077 -0.2381349005624034 0.8041730945799015
vn 0.3099477276071989 -0.5536113354530788 0.772946890419382
vn 0.3099477276071989 -0.5536113354530788 0.772946890419382
vn 0.3099477276071989 -0.5536113354530788 0.772946890419382
vn -0.43318039740607384 -0.6526873196366969 0.6215738138697449
vn -0.43318039740607384 -0.6526873196366969 0.6215738138697449
vn -0.43318039740607384 -0.6526873196366969 0.6215738138697449
vn -0.4371844081127403 -0.6446954228791806 0.6270866008947629
vn -0.4371844081127403 -0.6446954228791806 0.6270866008947629
vn -0.4371844081127403 -0.6446954228791806 0.6270866008947629
vn -0.7120978679071871 -0.48470734507316143 0.507912803691899
vn -0.7120978679071871 -0.48470734507316143 0.507912803691899
vn -0.7120978679071871 -0.48470734507316143 0.507912803691899
vn -0.684292923697129 -0.2270164079913782 0.6929695123746262
vn -0.684292923697129 -0.2270164079913782 0.6929695123746262
vn -0.684292923697129 -0.2270164079913782 0.6929695123746262
vn -0.684156070768953 -0.225919384267862 0.6934629785662804
vn -0.684156070768953 -0.225919384267862 0.6934629785662804
vn -0.684156070768953 -0.225919384267862 0.6934629785662804
vn 0.5033935912716172 -0.4930658646522123 0.7095639121188663
vn 0.5033935912716172 -0.4930658646522123 0.7095639121188663
vn 0.5033935912716172 -0.4930658646522123 0.7095639121188663
vn -0.718286447471616 -0.3890540560792466 0.5768028439830128
vn -0.718286447471616 -0.3890540560792466 0.5768028439830128
vn -0.718286447471616 -0.3890540560792466 0.5768028439830128
vn -0.4673974682575872 -0.5680085859333821 0.6774259022006448
vn -0.4673974682575872 -0.5680085859333821 0.6774259022006448
vn -0.4673974682575872 -0.5680085859333821 0.6774259022006448
vn 0.3099766979250034 -0.5176646725422893 0.7974570418180502
vn 0.3099766979250034 -0.5176646725422893 0.7974570418180502
vn 0.3099766979250034 -0.5176646725422893 0.7974570418180502
vn -0.4664578642034946 -0.5704622153970532 0.6760102970569313
vn -0.4664578642034946 -0.5704622153970532 0.6760102970569313
vn -0.4664578642034946 -0.5704622153970532 0.6760102970569313
vn -0.5257864013270273 -0.34281957246376404 0.7784750483575799
vn -0.5257864013270273 -0.34281957246376404 0.7784750483575799
vn -0.5257864013270273 -0.34281957246376404 0.7784750483575799
vn 0.17195108372957024 -0.6049601379388044 0.7774677204291436
vn 0.17195108372957024 -0.6049601379388044 0.7774677204291436
vn 0.17195108372957024 -0.6049601379388044 0.7774677204291436
vn -0.5011454675673043 -0.4005150977154292 0.767099000676411
vn -0.5011454675673043 -0.4005150977154292 0.767099000676411
vn -0.5011454675673043 -0.4005150977154292 0.767099000676411
vn -0.5000803534669199 -0.4043305866058797 0.7657913663729473
vn -0.5000803534669199 -0.4043305866058797 0.7657913663729473
vn -0.5000803534669199 -0.4043305866058797 0.7657913663729473
vn -0.6131477346493441 -0.06482510258682812 0.7873039829500323
vn -0.6131477346493441 -0.06482510258682812 0.7873039829500323
vn -0.6131477346493441 -0.06482510258682812 0.7873039829500323
vn -0.6459862830686458 -0.15755339554270528 0.7469127456672026
vn -0.6459862830686458 -0.15755339554270528 0.7469127456672026
vn -0.6459862830686458 -0.15755339554270528 0.7469127456672026
vn -0.5298989302577868 -0.2852643667644346 0.7986434528412159
vn -0.5298989302577868 -0.2852643667644346 0.7986434528412159
vn -0.5298989302577868 -0.2852643667644346 0.7986434528412159
vn -0.7147887281650246 -0.3581044342090182 0.6006981673753179
vn -0.7147887281650246 -0.3581044342090182 0.6006981673753179
vn -0.7147887281650246 -0.3581044342090182 0.6006981673753179
vn -0.3645206862165832 -0.7178389778571302 0.5931541715180143
vn -0.3645206862165832 -0.7178389778571302 0.5931541715180143
vn -0.3645206862165832 -0.7178389778571302 0.5931541715180143
vn -0.3584401523637904 -0.7257772514264343 0.5871695142676542
vn -0.3584401523637904 -0.7257772514264343 0.5871695142676542
vn -0.3584401523637904 -0.7257772514264343 0.5871695142676542
vn 0.5359001078124783 -0.4416308037792855 0.7195646653358102
vn 0.5359001078124783 -0.4416308037792855 0.7195646653358102
vn 0.5359001078124783 -0.4416308037792855 0.7195646653358102
vn 0.26227899972350016 -0.5440637979561547 0.7969970577471192
vn 0.26227899972350016 -0.5440637979561547 0.7969970577471192
vn 0.26227899972350016 -0.5440637979561547 0.7969970577471192
vn 0.24898549820221838 -0.5746241786211822 0.7796238035289358
vn 0.24898549820221838 -0.5746241786211822 0.7796238035289358
vn 0.24898549820221838 -0.5746241786211822 0.7796238035289358
vn 0.2788802675155046 -0.5769201500145101 0.7677167035422088
vn 0.2788802675155046 -0.5769201500145101 0.7677167035422088
vn 0.2788802675155046 -0.5769201500145101 0.7677167035422088
vn -0.6959818736923584 -0.5007859565824696 0.5146092276489561
vn -0.6959818736923584 -0.5007859565824696 0.5146092276489561
vn -0.6959818736923584 -0.5007859565824696 0.5146092276489561
vn 0.38169139257717566 -0.4431301908925859 0.8111395162066738
vn 0.38169139257717566 -0.4431301908925859 0.8111395162066738
vn 0.38169139257717566 -0.4431301908925859 0.8111395162066738
vn 0.551674886848739 -0.42552779902496385 0.7173429524832603
vn 0.551674886848739 -0.42552779902496385 0.7173429524832603
vn 0.551674886848739 -0.42552779902496385 0.7173429524832603
vn -0.685904547740265 -0.36782067224076687 0.6278876527385874
vn -0.685904547740265 -0.36782067224076687 0.6278876527385874
vn -0.685904547740265 -0.36782067224076687 0.6278876527385874
vn -0.4690845379652099 -0.4977131559112041 0.7295487034289587
vn -0.4690845379652099 -0.4977131559112041 0.7295487034289587
vn -0.4690845379652099 -0.4977131559112041 0.7295487034289587
vn -0.47173759559830597 -0.49035510648016783 0.7328134213071922
vn -0.47173759559830597 -0.49035510648016783 0.7328134213071922
vn -0.47173759559830597 -0.49035510648016783 0.7328134213071922
vn -0.5314095590849165 -0.2837041602830661 0.798195358262158
vn -0.5314095590849165 -0.2837041602830661 0.798195358262158
vn -0.5314095590849165 -0.2837041602830661 0.798195358262158
vn -0.713869228813477 -0.4860885839800155 0.5040918692833232
vn -0.713869228813477 -0.4860885839800155 0.5040918692833232
vn -0.713869228813477 -0.4860885839800155 0.5040918692833232
vn -0.6814802684684141 -0.3006907911105292 0.6672103804869512
vn -0.6814802684684141 -0.3006907911105292 0.6672103804869512
vn -0.6814802684684141 -0.3006907911105292 0.6672103804869512
vn -0.4384820900424945 -0.549508052869254 0.7111781468407243
vn -0.4384820900424945 -0.549508052869254 0.7111781468407243
vn -0.4384820900424945 -0.549508052869254 0.7111781468407243
vn 0.5876425627937725 -0.3752803881202262 0.7168269307758321
vn 0.5876425627937725 -0.3752803881202262 0.7168269307758321
vn 0.5876425627937725 -0.3752803881202262 0.7168269307758321
vn -0.6984844977156193 -0.43105040070268547 0.5712398432401344
vn -0.6984844977156193 -0.43105040070268547 0.5712398432401344
vn -0.6984844977156193 -0.43105040070268547 0.5712398432401344
vn -0.6982107265526397 -0.42593649658382954 0.5753954137849276
vn -0.6982107265526397 -0.42593649658382954 0.5753954137849276
vn -0.6982107265526397 -0.42593649658382954 0.5753954137849276
vn -0.5082978523123346 -0.33841347141130795 0.7919025291675839
vn -0.5082978523123346 -0.33841347141130795 0.7919025291675839
vn -0.5082978523123346 -0.33841347141130795 0.7919025291675839
vn 0.40115292090695537 -0.4278050194132177 0.8099748140607055
vn 0.40115292090695537 -0.4278050194132177 0.8099748140607055
vn 0.40115292090695537 -0.4278050194132177 0.8099748140607055
vn -0.6050757313621228 -0.08847974451200367 0.7912361810026657
vn -0.6050757313621228 -0.08847974451200367 0.7912361810026657
vn -0.6050757313621228 -0.08847974451200367 0.7912361810026657
vn -0.6823006258679735 -0.5080686797478347 0.5256729711517076
vn -0.6823006258679735 -0.5080686797478347 0.5256729711517076
vn -0.6823006258679735 -0.5080686797478347 0.5256729711517076
vn -0.6785500819052401 -0.5175835622503933 0.5212264790228764
vn -0.6785500819052401 -0.5175835622503933 0.5212264790228764
vn -0.6785500819052401 -0.5175835622503933 0.5212264790228764
vn -0.3605520756174938 -0.691998368476496 0.625412231087452
vn -0.3605520756174938 -0.691998368476496 0.625412231087452
vn -0.3605520756174938 -0.691998368476496 0.625412231087452
vn -0.5138263781922074 -0.3159236956857316 0.7976055864762659
vn -0.5138263781922074 -0.3159236956857316 0.7976055864762659
vn -0.5138263781922074 -0.3159236956857316 0.7976055864762659
vn 0.6210306234568413 -0.3131773743509849 0.7184990584012132
vn 0.6210306234568413 -0.3131773743509849 0.7184990584012132
vn 0.6210306234568413 -0.3131773743509849 0.7184990584012132
vn 0.3896979726773189 -0.4821375654437563 0.7846520617950067
vn 0.3896979726773189 -0.4821375654437563 0.7846520617950067
vn 0.3896979726773189 -0.4821375654437563 0.7846520617950067
vn 0.3647469651130703 -0.4889379834878458 0.7924009715690938
vn 0.3647469651130703 -0.4889379834878458 0.7924009715690938
vn 0.3647469651130703 -0.4889379834878458 0.7924009715690938
vn -0.4160248188230619 -0.6080031174357786 0.6762067430243603
vn -0.4160248188230619 -0.6080031174357786 0.6762067430243603
vn -0.4160248188230619 -0.6080031174357786 0.6762067430243603
vn -0.41180540045868 -0.6179058092991315 0.669782593822392
vn -0.41180540045868 -0.6179058092991315 0.669782593822392
vn -0.41180540045868 -0.6179058092991315 0.669782593822392
vn -0.6702833589294703 -0.26889010532089774 0.6916779091475624
vn -0.6702833589294703 -0.26889010532089774 0.6916779091475624
vn -0.6702833589294703 -0.26889010532089774 0.6916779091475624
vn 0.29253986625747075 -0.5287049439456337 0.7968007962455267
vn 0.29253986625747075 -0.5287049439456337 0.7968007962455267
vn 0.29253986625747075 -0.5287049439456337 0.7968007962455267
vn 0.32521981682280937 -0.5179870237157065 0.7911520170029793
vn 0.32521981682280937 -0.5179870237157065 0.7911520170029793
vn 0.32521981682280937 -0.5179870237157065 0.7911520170029793
vn 0.2993456756302468 -0.48133308258117197 0.8238389588350249
vn 0.2993456756302468 -0.48133308258117197 0.8238389588350249
vn 0.2993456756302468 -0.48133308258117197 0.8238389588350249
vn -0.4679481759044247 -0.442721582488553 0.7648673774364763
vn -0.4679481759044247 -0.442721582488553 0.7648673774364763
vn -0.4679481759044247 -0.442721582488553 0.7648673774364763
vn 0.6251841162058908 -0.29880016920676405 0.7210154504071798
vn 0.6251841162058908 -0.29880016920676405 0.7210154504071798
vn 0.6251841162058908 -0.29880016920676405 0.7210154504071798
vn -0.3659375907020009 -0.15140810613123046 0.918240309019904
vn -0.3659375907020009 -0.15140810613123046 0.918240309019904
vn -0.3659375907020009 -0.15140810613123046 0.918240309019904
vn -0.6075268971726671 -0.11834927624706686 0.7854326947762915
vn -0.6075268971726671 -0.11834927624706686 0.7854326947762915
vn -0.6075268971726671 -0.11834927624706686 0.7854326947762915
vn -0.5818557166106558 -0.032942708711310886 0.8126245769051426
vn -0.5818557166106558 -0.032942708711310886 0.8126245769051426
vn -0.5818557166106558 -0.032942708711310886 0.8126245769051426
vn -0.44387350758676863 -0.5269997867010041 0.7247396319228825
vn -0.44387350758676863 -0.5269997867010041 0.7247396319228825
vn -0.44387350758676863 -0.5269997867010041 0.7247396319228825
vn -0.6690733507850648 -0.41190508470227494 0.6186073491849715
vn -0.6690733507850648 -0.41190508470227494 0.6186073491849715
vn -0.6690733507850648 -0.41190508470227494 0.6186073491849715
vn -0.6679842326933627 -0.4010808678739457 0.6268422467403915
vn -0.6679842326933627 -0.4010808678739457 0.6268422467403915
vn -0.6679842326933627 -0.4010808678739457 0.6268422467403915
vn -0.33576271593183554 -0.6822198166472695 0.6494917400274185
vn -0.33576271593183554 -0.6822198166472695 0.6494917400274185
vn -0.33576271593183554 -0.6822198166472695 0.6494917400274185
vn -0.6320692972757248 -0.20397930092228525 0.7475833386563852
vn -0.6320692972757248 -0.20397930092228525 0.7475833386563852
vn -0.6320692972757248 -0.20397930092228525 0.7475833386563852
vn -0.6304964493474311 -0.1944663844332163 0.7514366591308643
vn -0.6304964493474311 -0.1944663844332163 0.7514366591308643
vn -0.6304964493474311 -0.1944663844332163 0.7514366591308643
vn 0.33227527860763906 -0.48032857027195475 0.8117127594209146
vn 0.33227527860763906 -0.48032857027195475 0.8117127594209146
vn 0.33227527860763906 -0.48032857027195475 0.8117127594209146
vn -0.667933478297221 -0.33113337269413223 0.6664949797695288
vn -0.667933478297221 -0.33113337269413223 0.6664949797695288
vn -0.667933478297221 -0.33113337269413223 0.6664949797695288
vn 0.43209444927445373 -0.3484754220071983 0.8317807807127496
vn 0.43209444927445373 -0.3484754220071983 0.8317807807127496
vn 0.43209444927445373 -0.3484754220071983 0.8317807807127496
vn 0.32291096533626373 -0.4637105775125749 0.8250460646343066
vn 0.32291096533626373 -0.4637105775125749 0.8250460646343066
vn 0.32291096533626373 -0.4637105775125749 0.8250460646343066
vn -0.6471879441334494 -0.2788586598878236 0.7094967320389053
vn -0.6471879441334494 -0.2788586598878236 0.7094967320389053
vn -0.6471879441334494 -0.2788586598878236 0.7094967320389053
vn 0.4681882152785138 -0.37685935808421506 0.7992351464360619
vn 0.4681882152785138 -0.37685935808421506 0.7992351464360619
vn 0.4681882152785138 -0.37685935808421506 0.7992351464360619
vn 0.46871193908737974 -0.31136098281732943 0.8266580045798716
vn 0.46871193908737974 -0.31136098281732943 0.8266580045798716
vn 0.46871193908737974 -0.31136098281732943 0.8266580045798716
vn 0.6634237191369063 -0.22773487938525663 0.7127452515435918
vn 0.6634237191369063 -0.22773487938525663 0.7127452515435918
vn 0.6634237191369063 -0.22773487938525663 0.7127452515435918
vn -0.3972467855866246 -0.5799135676344441 0.7112631337378492
vn -0.3972467855866246 -0.5799135676344441 0.7112631337378492
vn -0.3972467855866246 -0.5799135676344441 0.7112631337378492
vn -0.3917475106181585 -0.5935255382185364 0.7030372133869391
vn -0.3917475106181585 -0.5935255382185364 0.7030372133869391
vn -0.3917475106181585 -0.5935255382185364 0.7030372133869391
vn -0.6693538022872381 -0.47847710429094337 0.5683530135690061
vn -0.6693538022872381 -0.47847710429094337 0.5683530135690061
vn -0.6693538022872381 -0.47847710429094337 0.5683530135690061
vn 0.45301223690993175 -0.3834342435808817 0.8048342028389556
vn 0.45301223690993175 -0.3834342435808817 0.8048342028389556
vn 0.45301223690993175 -0.3834342435808817 0.8048342028389556
vn -0.6473868717213057 -0.5566685395742861 0.5205865685658183
vn -0.6473868717213057 -0.5566685395742861 0.5205865685658183
vn -0.6473868717213057 -0.5566685395742861 0.5205865685658183
vn -0.45303790008112615 -0.45875970771594626 0.7643926946710461
vn -0.45303790008112615 -0.45875970771594626 0.7643926946710461
vn -0.45303790008112615 -0.45875970771594626 0.7643926946710461
vn -0.6519735563055872 -0.5367185561973666 0.5355965583456074
vn -0.6519735563055872 -0.5367185561973666 0.5355965583456074
vn -0.6519735563055872 -0.5367185561973666 0.5355965583456074
vn -0.44346238272001537 -0.4923007907209756 0.7489866798333524
vn -0.44346238272001537 -0.4923007907209756 0.7489866798333524
vn -0.44346238272001537 -0.4923007907209756 0.7489866798333524
vn 0.46691226900111316 -0.3130082782120127 0.8270542611140961
vn 0.46691226900111316 -0.3130082782120127 0.8270542611140961
vn 0.46691226900111316 -0.3130082782120127 0.8270542611140961
vn -0.4884421614471662 -0.36893135966999147 0.7907679221951733
vn -0.4884421614471662 -0.36893135966999147 0.7907679221951733
vn -0.4884421614471662 -0.36893135966999147 0.7907679221951733
vn -0.5817964758515859 -0.03044598780598095 0.8127643585401572
vn -0.5817964758515859 -0.03044598780598095 0.8127643585401572
vn -0.5817964758515859 -0.03044598780598095 0.8127643585401572
vn -0.5810005664229129 -0.027676397931715432 0.8134324549793793
vn -0.5810005664229129 -0.027676397931715432 0.8134324549793793
vn -0.5810005664229129 -0.027676397931715432 0.8134324549793793
vn -0.3447366899418816 -0.6590471165465468 0.6684411064406479
vn -0.3447366899418816 -0.6590471165465468 0.6684411064406479
vn -0.3447366899418816 -0.6590471165465468 0.6684411064406479
vn 0.6792130492424023 -0.1708865916340871 0.713769855442581
vn 0.6792130492424023 -0.1708865916340871 0.713769855442581
vn 0.6792130492424023 -0.1708865916340871 0.713769855442581
vn -0.6386482339149739 -0.34194172604395123 0.6893506287132609
vn -0.6386482339149739 -0.34194172604395123 0.6893506287132609
vn -0.6386482339149739 -0.34194172604395123 0.6893506287132609
vn -0.4095139854517717 -0.5229839154237846 0.7475199796175442
vn -0.4095139854517717 -0.5229839154237846 0.7475199796175442
vn -0.4095139854517717 -0.5229839154237846 0.7475199796175442
vn -0.6343552915190446 -0.3120451793271034 0.7072631548302963
vn -0.6343552915190446 -0.3120451793271034 0.7072631548302963
vn -0.6343552915190446 -0.3120451793271034 0.7072631548302963
vn 0.6799204486392084 -0.169676486093204 0.7133849406802196
vn 0.6799204486392084 -0.169676486093204 0.7133849406802196
vn 0.6799204486392084 -0.169676486093204 0.7133849406802196
vn -0.4622021142837375 -0.4066672135665367 0.7880298109600117
vn -0.4622021142837375 -0.4066672135665367 0.7880298109600117
vn -0.4622021142837375 -0.4066672135665367 0.7880298109600117
vn -0.48288893297753277 -0.380561348608835 0.7886642748044599
vn -0.48288893297753277 -0.380561348608835 0.7886642748044599
vn -0.48288893297753277 -0.380561348608835 0.7886642748044599
vn -0.4853526241316818 -0.37470587219355406 0.7899546440094889
vn -0.4853526241316818 -0.37470587219355406 0.7899546440094889
vn -0.4853526241316818 -0.37470587219355406 0.7899546440094889
vn 0.424613515038563 -0.315803803071408 0.8485112378821104
vn 0.424613515038563 -0.315803803071408 0.8485112378821104
vn 0.424613515038563 -0.315803803071408 0.8485112378821104
vn 0.3499618103875894 -0.44091840712051455 0.826509340257295
vn 0.3499618103875894 -0.44091840712051455 0.826509340257295
vn 0.3499618103875894 -0.44091840712051455 0.826509340257295
vn 0.35927297503288047 -0.3935996762792178 0.8461691463554541
vn 0.35927297503288047 -0.3935996762792178 0.8461691463554541
vn 0.35927297503288047 -0.3935996762792178 0.8461691463554541
vn 0.3941878716788609 -0.4279722615207422 0.8132992470118924
vn 0.3941878716788609 -0.4279722615207422 0.8132992470118924
vn 0.3941878716788609 -0.4279722615207422 0.8132992470118924
vn -0.6331563694919293 -0.5721225235515983 0.5213337029357975
vn -0.6331563694919293 -0.5721225235515983 0.5213337029357975
vn -0.6331563694919293 -0.5721225235515983 0.5213337029357975
vn -0.5990015710975678 -0.13772269730737366 0.7888152993375742
vn -0.5990015710975678 -0.13772269730737366 0.7888152993375742
vn -0.5990015710975678 -0.13772269730737366 0.7888152993375742
vn -0.580019707931031 -0.03829764544940642 0.8137016829063544
vn -0.580019707931031 -0.03829764544940642 0.8137016829063544
vn -0.580019707931031 -0.03829764544940642 0.8137016829063544
vn -0.4125987067041067 -0.5135638805606605 0.7523393169372276
vn -0.4125987067041067 -0.5135638805606605 0.7523393169372276
vn -0.4125987067041067 -0.5135638805606605 0.7523393169372276
vn 0.5475162409753775 -0.25439641539735725 0.7971878258611127
vn 0.5475162409753775 -0.25439641539735725 0.7971878258611127
vn 0.5475162409753775 -0.25439641539735725 0.7971878258611127
vn 0.5367689706353459 -0.26086279641089777 0.8023899760164989
vn 0.5367689706353459 -0.26086279641089777 0.8023899760164989
vn 0.5367689706353459 -0.26086279641089777 0.8023899760164989
vn 0.6943351657212089 -0.13241048215981396 0.7073656351966126
vn 0.6943351657212089 -0.13241048215981396 0.7073656351966126
vn 0.6943351657212089 -0.13241048215981396 0.7073656351966126
vn -0.6192503033195039 -0.24868820839508057 0.7447705934339428
vn -0.6192503033195039 -0.24868820839508057 0.7447705934339428
vn -0.6192503033195039 -0.24868820839508057 0.7447705934339428
vn 0.4829871491308877 -0.24990897578225543 0.8392073150288204
vn 0.4829871491308877 -0.24990897578225543 0.8392073150288204
vn 0.4829871491308877 -0.24990897578225543 0.8392073150288204
vn -0.6345656970691591 -0.39220257731219244 0.6659605952703251
vn -0.6345656970691591 -0.39220257731219244 0.6659605952703251
vn -0.6345656970691591 -0.39220257731219244 0.6659605952703251
vn -0.325186307189639 -0.6369078657272764 0.6990008842563016
vn -0.325186307189639 -0.6369078657272764 0.6990008842563016
vn -0.325186307189639 -0.6369078657272764 0.6990008842563016
vn -0.3233215872637919 -0.6422488816094931 0.6949672836044714
vn -0.3233215872637919 -0.6422488816094931 0.6949672836044714
vn -0.3233215872637919 -0.6422488816094931 0.6949672836044714
vn -0.6393986387187462 -0.4790925713697947 0.6013648550280372
vn -0.6393986387187462 -0.4790925713697947 0.6013648550280372
vn -0.6393986387187462 -0.4790925713697947 0.6013648550280372
vn -0.6395321520963947 -0.4592459821257309 0.6165158183991117
vn -0.6395321520963947 -0.4592459821257309 0.6165158183991117
vn -0.6395321520963947 -0.4592459821257309 0.6165158183991117
vn -0.45477437636672047 -0.42142206118752085 0.7845914305832825
vn -0.45477437636672047 -0.42142206118752085 0.7845914305832825
vn -0.45477437636672047 -0.42142206118752085 0.7845914305832825
vn 0.49307605214675354 -0.23960947791410195 0.8363392283595835
vn 0.49307605214675354 -0.23960947791410195 0.8363392283595835
vn 0.49307605214675354 -0.23960947791410195 0.8363392283595835
vn -0.4750228658337476 -0.38667295474874647 0.7904665097276213
vn -0.4750228658337476 -0.38667295474874647 0.7904665097276213
vn -0.4750228658337476 -0.38667295474874647 0.7904665097276213
vn -0.4503856325903552 -0.4309813403777586 0.7819257421279696
vn -0.4503856325903552 -0.4309813403777586 0.7819257421279696
vn -0.4503856325903552 -0.4309813403777586 0.7819257421279696
vn -0.6244519791375036 -0.581544205771913 0.5214077698734164
vn -0.6244519791375036 -0.581544205771913 0.5214077698734164
vn -0.6244519791375036 -0.581544205771913 0.5214077698734164
vn 0.6950351958365898 -0.1259700017559874 0.707854247148373
vn 0.6950351958365898 -0.1259700017559874 0.707854247148373
vn 0.6950351958365898 -0.1259700017559874 0.707854247148373
vn 0.7169648613965479 -0.11111209859376642 0.6881972748193051
vn 0.7169648613965479 -0.11111209859376642 0.6881972748193051
vn 0.7169648613965479 -0.11111209859376642 0.6881972748193051
vn -0.44998787244229266 -0.419555289600118 0.7883427386761547
vn -0.44998787244229266 -0.419555289600118 0.7883427386761547
vn -0.44998787244229266 -0.419555289600118 0.7883427386761547
vn -0.3568794955235114 -0.5804473047661077 0.731927559301223
vn -0.3568794955235114 -0.5804473047661077 0.731927559301223
vn -0.3568794955235114 -0.5804473047661077 0.731927559301223
vn -0.37333729335017996 -0.549156896451827 0.7476937665069563
vn -0.37333729335017996 -0.549156896451827 0.7476937665069563
vn -0.37333729335017996 -0.549156896451827 0.7476937665069563
vn 0.4869913831066637 -0.20536019221000226 0.8489208350814166
vn 0.4869913831066637 -0.20536019221000226 0.8489208350814166
vn 0.4869913831066637 -0.20536019221000226 0.8489208350814166
vn -0.5800723367683822 -0.037779505867300896 0.813688388176021
vn -0.5800723367683822 -0.037779505867300896 0.813688388176021
vn -0.5800723367683822 -0.037779505867300896 0.813688388176021
vn 0.4523114938310657 -0.3307799158102928 0.8282505417111693
vn 0.4523114938310657 -0.3307799158102928 0.8282505417111693
vn 0.4523114938310657 -0.3307799158102928 0.8282505417111693
vn 0.418608817157017 -0.304417314093504 0.8556265289707303
vn 0.418608817157017 -0.304417314093504 0.8556265289707303
vn 0.418608817157017 -0.304417314093504 0.8556265289707303
vn 0.42323741140680265 -0.3436208055025945 0.8383285964414056
vn 0.42323741140680265 -0.3436208055025945 0.8383285964414056
vn 0.42323741140680265 -0.3436208055025945 0.8383285964414056
vn -0.4197513670364715 -0.4673282703271622 0.778082950349149
vn -0.4197513670364715 -0.4673282703271622 0.778082950349149
vn -0.4197513670364715 -0.4673282703271622 0.778082950349149
vn 0.7462597458349989 -0.02706413891097201 0.6651044460318174
vn 0.7462597458349989 -0.02706413891097201 0.6651044460318174
vn 0.7462597458349989 -0.02706413891097201 0.6651044460318174
vn -0.6101246469707572 -0.2563013729717151 0.7497049562138579
vn -0.6101246469707572 -0.2563013729717151 0.7497049562138579
vn -0.6101246469707572 -0.2563013729717151 0.7497049562138579
vn 0.7289730543132601 -0.08946376579471293 0.6786711432608769
vn 0.7289730543132601 -0.08946376579471293 0.6786711432608769
vn 0.7289730543132601 -0.08946376579471293 0.6786711432608769
vn -0.30471560387520463 -0.6192718750073917 0.7236371643163436
vn -0.30471560387520463 -0.6192718750073917 0.7236371643163436
vn -0.30471560387520463 -0.6192718750073917 0.7236371643163436
vn 0.7498319888620771 -0.02158992965130574 0.6612759359123795
vn 0.7498319888620771 -0.02158992965130574 0.6612759359123795
vn 0.7498319888620771 -0.02158992965130574 0.6612759359123795
vn -0.4269003470211791 -0.4612488638739647 0.777821045799208
vn -0.4269003470211791 -0.4612488638739647 0.777821045799208
vn -0.4269003470211791 -0.4612488638739647 0.777821045799208
vn -0.6305660673779073 -0.35877308638355765 0.6882356479857584
vn -0.6305660673779073 -0.35877308638355765 0.6882356479857584
vn -0.6305660673779073 -0.35877308638355765 0.6882356479857584
vn 0.7305683725517742 -0.07501785695262636 0.6787062502771635
vn 0.7305683725517742 -0.07501785695262636 0.6787062502771635
vn 0.7305683725517742 -0.07501785695262636 0.6787062502771635
vn 0.7283077704407376 -0.06399273011661397 0.6822556133941767
vn 0.7283077704407376 -0.06399273011661397 0.6822556133941767
vn 0.7283077704407376 -0.06399273011661397 0.6822556133941767
vn -0.38687635331669457 -0.508556973365325 0.7692181043669449
vn -0.38687635331669457 -0.508556973365325 0.7692181043669449
vn -0.38687635331669457 -0.508556973365325 0.7692181043669449
vn -0.3908263851307438 -0.4986925859465599 0.7736668801283718
vn -0.3908263851307438 -0.4986925859465599 0.7736668801283718
vn -0.3908263851307438 -0.4986925859465599 0.7736668801283718
vn -0.40284737464888076 -0.4852881373790968 0.7760215309240015
vn -0.40284737464888076 -0.4852881373790968 0.7760215309240015
vn -0.40284737464888076 -0.4852881373790968 0.7760215309240015
vn -0.30824759174875793 -0.6095877205196214 0.7303329604863681
vn -0.30824759174875793 -0.6095877205196214 0.7303329604863681
vn -0.30824759174875793 -0.6095877205196214 0.7303329604863681
vn -0.5999075819158654 -0.6013020325917244 0.5277752919196955
vn -0.5999075819158654 -0.6013020325917244 0.5277752919196955
vn -0.5999075819158654 -0.6013020325917244 0.5277752919196955
vn 0.602598892942438 -0.14686040272686168 0.7844148113947441
vn 0.602598892942438 -0.14686040272686168 0.7844148113947441
vn 0.602598892942438 -0.14686040272686168 0.7844148113947441
vn -0.6033874048250903 -0.5953150883201106 0.5305879619034545
vn -0.6033874048250903 -0.5953150883201106 0.5305879619034545
vn -0.6033874048250903 -0.5953150883201106 0.5305879619034545
vn 0.5980678725519144 -0.15018610477341676 0.7872477080018813
vn 0.5980678725519144 -0.15018610477341676 0.7872477080018813
vn 0.5980678725519144 -0.15018610477341676 0.7872477080018813
vn -0.5949555766169523 -0.17880928909248517 0.7836166792422362
vn -0.5949555766169523 -0.17880928909248517 0.7836166792422362
vn -0.5949555766169523 -0.17880928909248517 0.7836166792422362
vn -0.5953976936679163 -0.18108537272095876 0.7827577365707972
vn -0.5953976936679163 -0.18108537272095876 0.7827577365707972
vn -0.5953976936679163 -0.18108537272095876 0.7827577365707972
vn 0.503874954920641 -0.18340729080872803 0.8440804437267367
vn 0.503874954920641 -0.18340729080872803 0.8440804437267367
vn 0.503874954920641 -0.18340729080872803 0.8440804437267367
vn -0.35888039615408346 -0.5330454044207669 0.7662032746485681
vn -0.35888039615408346 -0.5330454044207669 0.7662032746485681
vn -0.35888039615408346 -0.5330454044207669 0.7662032746485681
vn -0.3416959887315758 -0.5508587869258303 0.7614449738171193
vn -0.3416959887315758 -0.5508587869258303 0.7614449738171193
vn -0.3416959887315758 -0.5508587869258303 0.7614449738171193
vn -0.2744194887910761 -0.6103022148989954 0.7431185306941449
vn -0.2744194887910761 -0.6103022148989954 0.7431185306941449
vn -0.2744194887910761 -0.6103022148989954 0.7431185306941449
vn 0.5119139003965458 -0.22692989025242793 0.8285209614070221
vn 0.5119139003965458 -0.22692989025242793 0.8285209614070221
vn 0.5119139003965458 -0.22692989025242793 0.8285209614070221
vn 0.522656666694101 -0.1323983935742463 0.8421999015312043
vn 0.522656666694101 -0.1323983935742463 0.8421999015312043
vn 0.522656666694101 -0.1323983935742463 0.8421999015312043
vn 0.5014935076098749 -0.23307251652578925 0.8331755300448278
vn 0.5014935076098749 -0.23307251652578925 0.8331755300448278
vn 0.5014935076098749 -0.23307251652578925 0.8331755300448278
vn 0.4794734332184185 -0.20884617787609178 0.8523429478937986
vn 0.4794734332184185 -0.20884617787609178 0.8523429478937986
vn 0.4794734332184185 -0.20884617787609178 0.8523429478937986
vn -0.611254309903191 -0.5150410326122639 0.6009167191470604
vn -0.611254309903191 -0.5150410326122639 0.6009167191470604
vn -0.611254309903191 -0.5150410326122639 0.6009167191470604
vn -0.611132575336772 -0.5157197228996863 0.6004582772970287
vn -0.611132575336772 -0.5157197228996863 0.6004582772970287
vn -0.611132575336772 -0.5157197228996863 0.6004582772970287
vn -0.34351858642607375 -0.5447151088014575 0.7650362285691106
vn -0.34351858642607375 -0.5447151088014575 0.7650362285691106
vn -0.34351858642607375 -0.5447151088014575 0.7650362285691106
vn -0.324568896470473 -0.5704025012293769 0.7545170760395089
vn -0.324568896470473 -0.5704025012293769 0.7545170760395089
vn -0.324568896470473 -0.5704025012293769 0.7545170760395089
vn -0.594574013436818 -0.299604912063436 0.7461358048057306
vn -0.594574013436818 -0.299604912063436 0.7461358048057306
vn -0.594574013436818 -0.299604912063436 0.7461358048057306
vn 0.5119288990258136 -0.14936309558280939 0.8459429460785985
vn 0.5119288990258136 -0.14936309558280939 0.8459429460785985
vn 0.5119288990258136 -0.14936309558280939 0.8459429460785985
vn -0.5834070521709942 -0.6191665612564271 0.5256129573165428
vn -0.5834070521709942 -0.6191665612564271 0.5256129573165428
vn -0.5834070521709942 -0.6191665612564271 0.5256129573165428
vn -0.5653352293741056 -0.631413894027274 0.5307660245888406
vn -0.5653352293741056 -0.631413894027274 0.5307660245888406
vn -0.5653352293741056 -0.631413894027274 0.5307660245888406
vn 0.7200809296405888 -0.04984312998381517 0.6920976211210106
vn 0.7200809296405888 -0.04984312998381517 0.6920976211210106
vn 0.7200809296405888 -0.04984312998381517 0.6920976211210106
vn 0.720775295502545 -0.03820519837527312 0.6921151177443856
vn 0.720775295502545 -0.03820519837527312 0.6921151177443856
vn 0.720775295502545 -0.03820519837527312 0.6921151177443856
vn -0.2713536002480504 -0.6044536780850439 0.7490013182110452
vn -0.2713536002480504 -0.6044536780850439 0.7490013182110452
vn -0.2713536002480504 -0.6044536780850439 0.7490013182110452
vn 0.6952626873277382 -0.02401858067472558 0.7183543021324392
vn 0.6952626873277382 -0.02401858067472558 0.7183543021324392
vn 0.6952626873277382 -0.02401858067472558 0.7183543021324392
vn 0.7225727781836535 -0.042076578752366034 0.6900131460692998
vn 0.7225727781836535 -0.042076578752366034 0.6900131460692998
vn 0.7225727781836535 -0.042076578752366034 0.6900131460692998
vn 0.5416794412912165 -0.1088095902115736 0.8335129608832876
vn 0.5416794412912165 -0.1088095902115736 0.8335129608832876
vn 0.5416794412912165 -0.1088095902115736 0.8335129608832876
vn -0.6047316056333044 -0.36964940185838063 0.7054495055309821
vn -0.6047316056333044 -0.36964940185838063 0.7054495055309821
vn -0.6047316056333044 -0.36964940185838063 0.7054495055309821
vn -0.2809638762905645 -0.5953219710692196 0.7527622805255585
vn -0.2809638762905645 -0.5953219710692196 0.7527622805255585
vn -0.2809638762905645 -0.5953219710692196 0.7527622805255585
vn -0.23724249203175865 -0.6181407622391331 0.7494117680107407
vn -0.23724249203175865 -0.6181407622391331 0.7494117680107407
vn -0.23724249203175865 -0.6181407622391331 0.7494117680107407
vn -0.21730109018818158 -0.6306399240387206 0.7450325646651056
vn -0.21730109018818158 -0.6306399240387206 0.7450325646651056
vn -0.21730109018818158 -0.6306399240387206 0.7450325646651056
vn 0.6488158305954527 -0.08203237755561114 0.7565108769881015
vn 0.6488158305954527 -0.08203237755561114 0.7565108769881015
vn 0.6488158305954527 -0.08203237755561114 0.7565108769881015
vn -0.16731218936102132 -0.6703496552292993 0.7229370449943628
vn -0.16731218936102132 -0.6703496552292993 0.7229370449943628
vn -0.16731218936102132 -0.6703496552292993 0.7229370449943628
vn -0.19138138032521868 -0.6498967421469268 0.7355320467604556
vn -0.19138138032521868 -0.6498967421469268 0.7355320467604556
vn -0.19138138032521868 -0.6498967421469268 0.7355320467604556
vn -0.30241590158513426 -0.7717572898725173 0.5594062101881581
vn -0.30241590158513426 -0.7717572898725173 0.5594062101881581
vn -0.30241590158513426 -0.7717572898725173 0.5594062101881581
vn -0.3042399845422893 -0.7707337641204366 0.5598280956244074
vn -0.3042399845422893 -0.7707337641204366 0.5598280956244074
vn -0.3042399845422893 -0.7707337641204366 0.5598280956244074
vn -0.2712180844278345 -0.7832549017360149 0.5594215848408082
vn -0.2712180844278345 -0.7832549017360149 0.5594215848408082
vn -0.2712180844278345 -0.7832549017360149 0.5594215848408082
vn -0.30888587515066357 -0.7667787144217801 0.5627076676588746
vn -0.30888587515066357 -0.7667787144217801 0.5627076676588746
vn -0.30888587515066357 -0.7667787144217801 0.5627076676588746
vn -0.3228001657303579 -0.7377361798668962 0.5929126258731992
vn -0.3228001657303579 -0.7377361798668962 0.5929126258731992
vn -0.3228001657303579 -0.7377361798668962 0.5929126258731992
vn -0.8797636814434834 -0.18911499185456876 0.4361781570285879
vn -0.8797636814434834 -0.18911499185456876 0.4361781570285879
vn -0.8797636814434834 -0.18911499185456876 0.4361781570285879
vn -0.5790519757842157 -0.08270162406087637 0.8110852302428453
vn -0.5790519757842157 -0.08270162406087637 0.8110852302428453
vn -0.5790519757842157 -0.08270162406087637 0.8110852302428453
vn -0.5794653224581702 -0.08536595000219184 0.8105137843668495
vn -0.5794653224581702 -0.08536595000219184 0.8105137843668495
vn -0.5794653224581702 -0.08536595000219184 0.8105137843668495
vn 0.5406430248324348 -0.09656679424281875 0.835691314989991
vn 0.5406430248324348 -0.09656679424281875 0.835691314989991
vn 0.5406430248324348 -0.09656679424281875 0.835691314989991
vn 0.5251917074591582 -0.1280328888368214 0.8412973610990538
vn 0.5251917074591582 -0.1280328888368214 0.8412973610990538
vn 0.5251917074591582 -0.1280328888368214 0.8412973610990538
vn 0.5610708744297508 -0.012647919694904248 0.827671132753841
vn 0.5610708744297508 -0.012647919694904248 0.827671132753841
vn 0.5610708744297508 -0.012647919694904248 0.827671132753841
vn 0.5597019116490571 -0.1365126054076044 0.8173726681638055
vn 0.5597019116490571 -0.1365126054076044 0.8173726681638055
vn 0.5597019116490571 -0.1365126054076044 0.8173726681638055
vn 0.5605279885856936 -0.13592000505899404 0.8169052125166295
vn 0.5605279885856936 -0.13592000505899404 0.8169052125166295
vn 0.5605279885856936 -0.13592000505899404 0.8169052125166295
vn 0.5894064419972397 -0.03009252866558224 0.8072759663526877
vn 0.5894064419972397 -0.03009252866558224 0.8072759663526877
vn 0.5894064419972397 -0.03009252866558224 0.8072759663526877
vn 0.5598674924349704 -0.06568109140590482 0.8259748090264665
vn 0.5598674924349704 -0.06568109140590482 0.8259748090264665
vn 0.5598674924349704 -0.06568109140590482 0.8259748090264665
vn 0.5536542660555295 -0.0744611563306292 0.8294109294411417
vn 0.5536542660555295 -0.0744611563306292 0.8294109294411417
vn 0.5536542660555295 -0.0744611563306292 0.8294109294411417
vn 0.627239665677215 -0.08280592690968307 0.7744117640311026
vn 0.627239665677215 -0.08280592690968307 0.7744117640311026
vn 0.627239665677215 -0.08280592690968307 0.7744117640311026
vn -0.6016528978084541 -0.2915978919001398 0.7436292490200237
vn -0.6016528978084541 -0.2915978919001398 0.7436292490200237
vn -0.6016528978084541 -0.2915978919001398 0.7436292490200237
vn 0.5874643379044706 -0.0816479258188044 0.8051206542500005
vn 0.5874643379044706 -0.0816479258188044 0.8051206542500005
vn 0.5874643379044706 -0.0816479258188044 0.8051206542500005
vn 0.637109998608706 -0.07756773427720944 0.7668598935085306
vn 0.637109998608706 -0.07756773427720944 0.7668598935085306
vn 0.637109998608706 -0.07756773427720944 0.7668598935085306
vn -0.8722397064494304 -0.045961610843727733 0.4869141863015097
vn -0.8722397064494304 -0.045961610843727733 0.4869141863015097
vn -0.8722397064494304 -0.045961610843727733 0.4869141863015097
vn -0.24386790953878368 -0.7888238014823712 0.5641679297089511
vn -0.24386790953878368 -0.7888238014823712 0.5641679297089511
vn -0.24386790953878368 -0.7888238014823712 0.5641679297089511
vn -0.2561821695366233 -0.7800874284036877 0.5708189731062118
vn -0.2561821695366233 -0.7800874284036877 0.5708189731062118
vn -0.2561821695366233 -0.7800874284036877 0.5708189731062118
vn -0.2343090030765949 -0.7913361202540864 0.564700306231954
vn -0.2343090030765949 -0.7913361202540864 0.564700306231954
vn -0.2343090030765949 -0.7913361202540864 0.564700306231954
vn 0.6709199882185487 -0.02355693933893467 0.7411554762786309
vn 0.6709199882185487 -0.02355693933893467 0.7411554762786309
vn 0.6709199882185487 -0.02355693933893467 0.7411554762786309
vn -0.20675718916753114 -0.7992317727732223 0.56434035662649
vn -0.20675718916753114 -0.7992317727732223 0.56434035662649
vn -0.20675718916753114 -0.7992317727732223 0.56434035662649
vn 0.6515591382874906 -0.014128139759278253 0.758466271485427
vn 0.6515591382874906 -0.014128139759278253 0.758466271485427
vn 0.6515591382874906 -0.014128139759278253 0.758466271485427
vn -0.2998085820808463 -0.7206714520415753 0.6250979701798428
vn -0.2998085820808463 -0.7206714520415753 0.6250979701798428
vn -0.2998085820808463 -0.7206714520415753 0.6250979701798428
vn -0.6090130022408511 -0.43215365867395145 0.6650912556907533
vn -0.6090130022408511 -0.43215365867395145 0.6650912556907533
vn -0.6090130022408511 -0.43215365867395145 0.6650912556907533
vn -0.8589735163738978 -0.05817525178599873 0.5087043721533132
vn -0.8589735163738978 -0.05817525178599873 0.5087043721533132
vn -0.8589735163738978 -0.05817525178599873 0.5087043721533132
vn 0.6064174583511946 -0.024721439162236365 0.7947620503349572
vn 0.6064174583511946 -0.024721439162236365 0.7947620503349572
vn 0.6064174583511946 -0.024721439162236365 0.7947620503349572
vn -0.6088352162073746 -0.4352275699659253 0.6632470443562299
vn -0.6088352162073746 -0.4352275699659253 0.6632470443562299
vn -0.6088352162073746 -0.4352275699659253 0.6632470443562299
vn 0.634087022996005 -0.06646782127066242 0.7703996858797354
vn 0.634087022996005 -0.06646782127066242 0.7703996858797354
vn 0.634087022996005 -0.06646782127066242 0.7703996858797354
vn 0.6012415842631474 -0.030276885038155375 0.7984934987744902
vn 0.6012415842631474 -0.030276885038155375 0.7984934987744902
vn 0.6012415842631474 -0.030276885038155375 0.7984934987744902
vn 0.5579760758894098 -0.03412937799420355 0.8291549217684139
vn 0.5579760758894098 -0.03412937799420355 0.8291549217684139
vn 0.5579760758894098 -0.03412937799420355 0.8291549217684139
vn 0.5848174624838867 -0.13479438271154268 0.7998868732285346
vn 0.5848174624838867 -0.13479438271154268 0.7998868732285346
vn 0.5848174624838867 -0.13479438271154268 0.7998868732285346
vn 0.558923946540276 -0.06129871164125718 0.8269501133290719
vn 0.558923946540276 -0.06129871164125718 0.8269501133290719
vn 0.558923946540276 -0.06129871164125718 0.8269501133290719
vn -0.8260922451819361 -0.03250091903279931 0.5625969185058618
vn -0.8260922451819361 -0.03250091903279931 0.5625969185058618
vn -0.8260922451819361 -0.03250091903279931 0.5625969185058618
vn 0.566059886408048 -0.059661917282918094 0.82220232341306
vn 0.566059886408048 -0.059661917282918094 0.82220232341306
vn 0.566059886408048 -0.059661917282918094 0.82220232341306
vn 0.5706421817783384 -0.011331729759447969 0.8211206319877223
vn 0.5706421817783384 -0.011331729759447969 0.8211206319877223
vn 0.5706421817783384 -0.011331729759447969 0.8211206319877223
vn 0.5895617627898901 -0.03151415673615501 0.807108286279658
vn 0.5895617627898901 -0.03151415673615501 0.807108286279658
vn 0.5895617627898901 -0.03151415673615501 0.807108286279658
vn -0.8583097404456107 -0.101573310160154 0.5029783813637496
vn -0.8583097404456107 -0.101573310160154 0.5029783813637496
vn -0.8583097404456107 -0.101573310160154 0.5029783813637496
vn -0.8605617798174172 -0.08693079566915043 0.501872951932865
vn -0.8605617798174172 -0.08693079566915043 0.501872951932865
vn -0.8605617798174172 -0.08693079566915043 0.501872951932865
vn -0.2355542513555147 -0.7465345962876029 0.6222542014434684
vn -0.2355542513555147 -0.7465345962876029 0.6222542014434684
vn -0.2355542513555147 -0.7465345962876029 0.6222542014434684
vn -0.23380318631678593 -0.748520445032552 0.6205265614269774
vn -0.23380318631678593 -0.748520445032552 0.6205265614269774
vn -0.23380318631678593 -0.748520445032552 0.6205265614269774
vn 0.5509817613125327 -0.01977323745341266 0.834282996219838
vn 0.5509817613125327 -0.01977323745341266 0.834282996219838
vn 0.5509817613125327 -0.01977323745341266 0.834282996219838
vn 0.5568073851198944 0.003609477919346797 0.8306337987013864
vn 0.5568073851198944 0.003609477919346797 0.8306337987013864
vn 0.5568073851198944 0.003609477919346797 0.8306337987013864
vn 0.5582624092783945 -0.007550776025061933 0.8296300791124329
vn 0.5582624092783945 -0.007550776025061933 0.8296300791124329
vn 0.5582624092783945 -0.007550776025061933 0.8296300791124329
vn -0.3126841778893995 -0.6951822628218872 0.6472636451674626
vn -0.3126841778893995 -0.6951822628218872 0.6472636451674626
vn -0.3126841778893995 -0.6951822628218872 0.6472636451674626
vn -0.2525022938437913 -0.6350824869364715 0.7300087851459118
vn -0.2525022938437913 -0.6350824869364715 0.7300087851459118
vn -0.2525022938437913 -0.6350824869364715 0.7300087851459118
vn -0.14425557765829092 -0.7489585831834199 0.6467235645856404
vn -0.14425557765829092 -0.7489585831834199 0.6467235645856404
vn -0.14425557765829092 -0.7489585831834199 0.6467235645856404
vn -0.20575819875876464 -0.7183985698379137 0.6645051230038705
vn -0.20575819875876464 -0.7183985698379137 0.6645051230038705
vn -0.20575819875876464 -0.7183985698379137 0.6645051230038705
vn -0.10962379501114375 -0.7671587907411203 0.6320205798516192
vn -0.10962379501114375 -0.7671587907411203 0.6320205798516192
vn -0.10962379501114375 -0.7671587907411203 0.6320205798516192
vn -0.1069725905465103 -0.7938896451583162 0.598578396020247
vn -0.1069725905465103 -0.7938896451583162 0.598578396020247
vn -0.1069725905465103 -0.7938896451583162 0.598578396020247
vn -0.08127873386051773 -0.8063168520873264 0.5858727690053667
vn -0.08127873386051773 -0.8063168520873264 0.5858727690053667
vn -0.08127873386051773 -0.8063168520873264 0.5858727690053667
vn -0.05519741390702667 -0.8131901606535671 0.5793746698935001
vn -0.05519741390702667 -0.8131901606535671 0.5793746698935001
vn -0.05519741390702667 -0.8131901606535671 0.5793746698935001
vn -0.8287424353777134 -0.04802518657542625 0.557565742543973
vn -0.8287424353777134 -0.04802518657542625 0.557565742543973
vn -0.8287424353777134 -0.04802518657542625 0.557565742543973
vn -0.8255711574301429 -0.04060541730398985 0.5628352015510608
vn -0.8255711574301429 -0.04060541730398985 0.5628352015510608
vn -0.8255711574301429 -0.04060541730398985 0.5628352015510608
vn -0.8505795815410723 -0.11217069167468442 0.5137432348894116
vn -0.8505795815410723 -0.11217069167468442 0.5137432348894116
vn -0.8505795815410723 -0.11217069167468442 0.5137432348894116
vn -0.5541137983071913 -0.6356553951221998 0.53749429501867
vn -0.5541137983071913 -0.6356553951221998 0.53749429501867
vn -0.5541137983071913 -0.6356553951221998 0.53749429501867
vn -0.0337378273199502 -0.7650755099397833 0.6430561585881203
vn -0.0337378273199502 -0.7650755099397833 0.6430561585881203
vn -0.0337378273199502 -0.7650755099397833 0.6430561585881203
vn -0.03088187539145531 -0.8142053291270862 0.5797551136414062
vn -0.03088187539145531 -0.8142053291270862 0.5797551136414062
vn -0.03088187539145531 -0.8142053291270862 0.5797551136414062
vn -0.18028018052789357 -0.8016378957032604 0.5699787194986128
vn -0.18028018052789357 -0.8016378957032604 0.5699787194986128
vn -0.18028018052789357 -0.8016378957032604 0.5699787194986128
vn -0.16858499822672726 -0.8003471890583596 0.5753463959557552
vn -0.16858499822672726 -0.8003471890583596 0.5753463959557552
vn -0.16858499822672726 -0.8003471890583596 0.5753463959557552
vn -0.5750077415498391 -0.10211820986874522 0.8117499420209134
vn -0.5750077415498391 -0.10211820986874522 0.8117499420209134
vn -0.5750077415498391 -0.10211820986874522 0.8117499420209134
vn -0.0036380874734892304 -0.8105510923337337 0.5856566323675729
vn -0.0036380874734892304 -0.8105510923337337 0.5856566323675729
vn -0.0036380874734892304 -0.8105510923337337 0.5856566323675729
vn 0.013900509979849006 -0.804623004555619 0.5936232781505358
vn 0.013900509979849006 -0.804623004555619 0.5936232781505358
vn 0.013900509979849006 -0.804623004555619 0.5936232781505358
vn -0.8533398386487248 -0.14537098795041242 0.5006779360400149
vn -0.8533398386487248 -0.14537098795041242 0.5006779360400149
vn -0.8533398386487248 -0.14537098795041242 0.5006779360400149
vn 0.004114746942792912 -0.7866405048611925 0.6173975906734045
vn 0.004114746942792912 -0.7866405048611925 0.6173975906734045
vn 0.004114746942792912 -0.7866405048611925 0.6173975906734045
vn 0.008546352427946883 -0.8077086249445954 0.5895199208256565
vn 0.008546352427946883 -0.8077086249445954 0.5895199208256565
vn 0.008546352427946883 -0.8077086249445954 0.5895199208256565
vn -0.1265445010868744 -0.7171767111964905 0.685305810687506
vn -0.1265445010868744 -0.7171767111964905 0.685305810687506
vn -0.1265445010868744 -0.7171767111964905 0.685305810687506
vn -0.13033769832483108 -0.7510186919037235 0.6472889685500638
vn -0.13033769832483108 -0.7510186919037235 0.6472889685500638
vn -0.13033769832483108 -0.7510186919037235 0.6472889685500638
vn -0.10945919528766794 -0.7121957783004148 0.6933944461401769
vn -0.10945919528766794 -0.7121957783004148 0.6933944461401769
vn -0.10945919528766794 -0.7121957783004148 0.6933944461401769
vn 0.035365038371916055 -0.8128472143366666 0.5814023737533878
vn 0.035365038371916055 -0.8128472143366666 0.5814023737533878
vn 0.035365038371916055 -0.8128472143366666 0.5814023737533878
vn -0.10159948347923498 -0.6842963018465037 0.7220914874418277
vn -0.10159948347923498 -0.6842963018465037 0.7220914874418277
vn -0.10159948347923498 -0.6842963018465037 0.7220914874418277
vn -0.18589199189465658 -0.7626266725701454 0.619552036260091
vn -0.18589199189465658 -0.7626266725701454 0.619552036260091
vn -0.18589199189465658 -0.7626266725701454 0.619552036260091
vn -0.21470679000693063 -0.678816605720824 0.7022172100729084
vn -0.21470679000693063 -0.678816605720824 0.7022172100729084
vn -0.21470679000693063 -0.678816605720824 0.7022172100729084
vn -0.15689030133077492 -0.6677364044308286 0.7276768015720493
vn -0.15689030133077492 -0.6677364044308286 0.7276768015720493
vn -0.15689030133077492 -0.6677364044308286 0.7276768015720493
vn -0.16574508268992766 -0.7995069776028862 0.577336262786608
vn -0.16574508268992766 -0.7995069776028862 0.577336262786608
vn -0.16574508268992766 -0.7995069776028862 0.577336262786608
vn 0.04848711853066706 -0.8126237846687215 0.5807680982348088
vn 0.04848711853066706 -0.8126237846687215 0.5807680982348088
vn 0.04848711853066706 -0.8126237846687215 0.5807680982348088
vn -0.8237124131757981 -0.09567183309962174 0.5588781269037654
vn -0.8237124131757981 -0.09567183309962174 0.5588781269037654
vn -0.8237124131757981 -0.09567183309962174 0.5588781269037654
vn -0.1406481843336585 -0.8008500826989565 0.5821144503314788
vn -0.1406481843336585 -0.8008500826989565 0.5821144503314788
vn -0.1406481843336585 -0.8008500826989565 0.5821144503314788
vn -0.12030970652257313 -0.7984698150655045 0.5898911161779868
vn -0.12030970652257313 -0.7984698150655045 0.5898911161779868
vn -0.12030970652257313 -0.7984698150655045 0.5898911161779868
vn 0.06033980159409464 -0.8093234974537702 0.5842555817557777
vn 0.06033980159409464 -0.8093234974537702 0.5842555817557777
vn 0.06033980159409464 -0.8093234974537702 0.5842555817557777
vn 0.05246895340118272 -0.7763287067159133 0.6281407072127884
vn 0.05246895340118272 -0.7763287067159133 0.6281407072127884
vn 0.05246895340118272 -0.7763287067159133 0.6281407072127884
vn 0.0698227812969944 -0.8086978852103112 0.5840655011797242
vn 0.0698227812969944 -0.8086978852103112 0.5840655011797242
vn 0.0698227812969944 -0.8086978852103112 0.5840655011797242
vn -0.2799226066528738 -0.6717528154986034 0.6858509234187554
vn -0.2799226066528738 -0.6717528154986034 0.6858509234187554
vn -0.2799226066528738 -0.6717528154986034 0.6858509234187554
vn 0.05806647609465812 -0.7819189423656017 0.6206698413196887
vn 0.05806647609465812 -0.7819189423656017 0.6206698413196887
vn 0.05806647609465812 -0.7819189423656017 0.6206698413196887
vn 0.06438898351125613 -0.8065869282252346 0.5875981501149976
vn 0.06438898351125613 -0.8065869282252346 0.5875981501149976
vn 0.06438898351125613 -0.8065869282252346 0.5875981501149976
vn 0.07714437029218192 -0.8090832914342303 0.5826087655143672
vn 0.07714437029218192 -0.8090832914342303 0.5826087655143672
vn 0.07714437029218192 -0.8090832914342303 0.5826087655143672
vn 0.08563069813128092 -0.8052026454463873 0.5867845288550894
vn 0.08563069813128092 -0.8052026454463873 0.5867845288550894
vn 0.08563069813128092 -0.8052026454463873 0.5867845288550894
vn 0.09421890126395925 -0.786493173618534 0.6103697948752532
vn 0.09421890126395925 -0.786493173618534 0.6103697948752532
vn 0.09421890126395925 -0.786493173618534 0.6103697948752532
vn -0.5810462213500523 -0.49344080492062886 0.6472259734390361
vn -0.5810462213500523 -0.49344080492062886 0.6472259734390361
vn -0.5810462213500523 -0.49344080492062886 0.6472259734390361
vn -0.8452151615320529 -0.16127819199885216 0.5095102310080993
vn -0.8452151615320529 -0.16127819199885216 0.5095102310080993
vn -0.8452151615320529 -0.16127819199885216 0.5095102310080993
vn -0.2153010806556087 -0.6751932474114462 0.7055207461999349
vn -0.2153010806556087 -0.6751932474114462 0.7055207461999349
vn -0.2153010806556087 -0.6751932474114462 0.7055207461999349
vn -0.7815885550924145 -0.05662493785399817 0.6212189203184193
vn -0.7815885550924145 -0.05662493785399817 0.6212189203184193
vn -0.7815885550924145 -0.05662493785399817 0.6212189203184193
vn -0.21276576117711268 -0.680938042670772 0.7007525332914765
vn -0.21276576117711268 -0.680938042670772 0.7007525332914765
vn -0.21276576117711268 -0.680938042670772 0.7007525332914765
vn -0.23463977979044426 -0.6389883189381322 0.7325558695420519
vn -0.23463977979044426 -0.6389883189381322 0.7325558695420519
vn -0.23463977979044426 -0.6389883189381322 0.7325558695420519
vn -0.5492029776980901 -0.6362801779660979 0.5417782059246957
vn -0.5492029776980901 -0.6362801779660979 0.5417782059246957
vn -0.5492029776980901 -0.6362801779660979 0.5417782059246957
vn -0.8031398844754 -0.11503969406154185 0.5845786471939155
vn -0.8031398844754 -0.11503969406154185 0.5845786471939155
vn -0.8031398844754 -0.11503969406154185 0.5845786471939155
vn -0.7639839673131674 -0.03635608788792108 0.6442101617965358
vn -0.7639839673131674 -0.03635608788792108 0.6442101617965358
vn -0.7639839673131674 -0.03635608788792108 0.6442101617965358
vn -0.5820887765821178 -0.22259389173785288 0.7820643295395402
vn -0.5820887765821178 -0.22259389173785288 0.7820643295395402
vn -0.5820887765821178 -0.22259389173785288 0.7820643295395402
vn -0.5733106639976084 -0.11609019897056504 0.8110720980588569
vn -0.5733106639976084 -0.11609019897056504 0.8110720980588569
vn -0.5733106639976084 -0.11609019897056504 0.8110720980588569
vn -0.5731075495122113 -0.12727157969337818 0.8095367080586651
vn -0.5731075495122113 -0.12727157969337818 0.8095367080586651
vn -0.5731075495122113 -0.12727157969337818 0.8095367080586651
vn -0.19086239800871904 -0.6466303917736488 0.7385395598483665
vn -0.19086239800871904 -0.6466303917736488 0.7385395598483665
vn -0.19086239800871904 -0.6466303917736488 0.7385395598483665
vn -0.19034548238447765 -0.62749422040377 0.7549964242933112
vn -0.19034548238447765 -0.62749422040377 0.7549964242933112
vn -0.19034548238447765 -0.62749422040377 0.7549964242933112
vn -0.12037619430314693 -0.6635379320332375 0.7383948703763765
vn -0.12037619430314693 -0.6635379320332375 0.7383948703763765
vn -0.12037619430314693 -0.6635379320332375 0.7383948703763765
vn -0.13936388636540017 -0.6570845314188484 0.7408222632637359
vn -0.13936388636540017 -0.6570845314188484 0.7408222632637359
vn -0.13936388636540017 -0.6570845314188484 0.7408222632637359
vn -0.5794153211920411 -0.5617436169045643 0.5905268786726832
vn -0.5794153211920411 -0.5617436169045643 0.5905268786726832
vn -0.5794153211920411 -0.5617436169045643 0.5905268786726832
vn -0.8288363309755367 -0.17804670530306302 0.5304052292217103
vn -0.8288363309755367 -0.17804670530306302 0.5304052292217103
vn -0.8288363309755367 -0.17804670530306302 0.5304052292217103
vn -0.5812422050694108 -0.47450417390973204 0.6610622421438784
vn -0.5812422050694108 -0.47450417390973204 0.6610622421438784
vn -0.5812422050694108 -0.47450417390973204 0.6610622421438784
vn -0.7461663509201797 -0.04451292022853757 0.6642698071470592
vn -0.7461663509201797 -0.04451292022853757 0.6642698071470592
vn -0.7461663509201797 -0.04451292022853757 0.6642698071470592
vn -0.5762085399210577 -0.3483618844627896 0.7393427594665256
vn -0.5762085399210577 -0.3483618844627896 0.7393427594665256
vn -0.5762085399210577 -0.3483618844627896 0.7393427594665256
vn -0.031150161075318424 -0.7393022946047607 0.672652796513266
vn -0.031150161075318424 -0.7393022946047607 0.672652796513266
vn -0.031150161075318424 -0.7393022946047607 0.672652796513266
vn -0.038109061035754635 -0.7429949173638548 0.6682112332477297
vn -0.038109061035754635 -0.7429949173638548 0.6682112332477297
vn -0.038109061035754635 -0.7429949173638548 0.6682112332477297
vn -0.7790790030244705 -0.08523367904418147 0.6211047633072785
vn -0.7790790030244705 -0.08523367904418147 0.6211047633072785
vn -0.7790790030244705 -0.08523367904418147 0.6211047633072785
vn -0.7989476897980797 -0.1403812017293233 0.5847868903860128
vn -0.7989476897980797 -0.1403812017293233 0.5847868903860128
vn -0.7989476897980797 -0.1403812017293233 0.5847868903860128
vn -0.05286328828434297 -0.708918804708488 0.7033061929788867
vn -0.05286328828434297 -0.708918804708488 0.7033061929788867
vn -0.05286328828434297 -0.708918804708488 0.7033061929788867
vn -0.10904989748455722 -0.6601460792105136 0.7431791667973435
vn -0.10904989748455722 -0.6601460792105136 0.7431791667973435
vn -0.10904989748455722 -0.6601460792105136 0.7431791667973435
vn -0.05323117039053228 -0.6981059067172033 0.7140130149411884
vn -0.05323117039053228 -0.6981059067172033 0.7140130149411884
vn -0.05323117039053228 -0.6981059067172033 0.7140130149411884
vn -0.10063969432179809 -0.6728002488025177 0.7329471175590263
vn -0.10063969432179809 -0.6728002488025177 0.7329471175590263
vn -0.10063969432179809 -0.6728002488025177 0.7329471175590263
vn -0.10054299147289425 -0.6861605584132845 0.7204684552037314
vn -0.10054299147289425 -0.6861605584132845 0.7204684552037314
vn -0.10054299147289425 -0.6861605584132845 0.7204684552037314
vn -0.08577530970324684 -0.6705238331911891 0.7369127393171505
vn -0.08577530970324684 -0.6705238331911891 0.7369127393171505
vn -0.08577530970324684 -0.6705238331911891 0.7369127393171505
vn -0.5828891949062257 -0.4095692902035588 0.7017785854411098
vn -0.5828891949062257 -0.4095692902035588 0.7017785854411098
vn -0.5828891949062257 -0.4095692902035588 0.7017785854411098
vn -0.5829663084846383 -0.4070120915953013 0.7032008535738644
vn -0.5829663084846383 -0.4070120915953013 0.7032008535738644
vn -0.5829663084846383 -0.4070120915953013 0.7032008535738644
vn -0.8368812693145611 -0.2215303899519222 0.5005537207914834
vn -0.8368812693145611 -0.2215303899519222 0.5005537207914834
vn -0.8368812693145611 -0.2215303899519222 0.5005537207914834
vn -0.8325558691006024 -0.23838529880064777 0.5000231736048507
vn -0.8325558691006024 -0.23838529880064777 0.5000231736048507
vn -0.8325558691006024 -0.23838529880064777 0.5000231736048507
vn -0.040008601807562647 -0.7183402957401701 0.6945405181105914
vn -0.040008601807562647 -0.7183402957401701 0.6945405181105914
vn -0.040008601807562647 -0.7183402957401701 0.6945405181105914
vn -0.05119233778072197 -0.6816621688587327 0.7298739837118139
vn -0.05119233778072197 -0.6816621688587327 0.7298739837118139
vn -0.05119233778072197 -0.6816621688587327 0.7298739837118139
vn 0.019229288512061758 -0.7448029869299396 0.667007305150071
vn 0.019229288512061758 -0.7448029869299396 0.667007305150071
vn 0.019229288512061758 -0.7448029869299396 0.667007305150071
vn -0.03675811657079855 -0.6884002534420768 0.7243990143056878
vn -0.03675811657079855 -0.6884002534420768 0.7243990143056878
vn -0.03675811657079855 -0.6884002534420768 0.7243990143056878
vn -0.5730829293778774 -0.12734870734589876 0.8095420080471423
vn -0.5730829293778774 -0.12734870734589876 0.8095420080471423
vn -0.5730829293778774 -0.12734870734589876 0.8095420080471423
vn -0.8087117700932616 -0.17288088860444623 0.5622254630199176
vn -0.8087117700932616 -0.17288088860444623 0.5622254630199176
vn -0.8087117700932616 -0.17288088860444623 0.5622254630199176
vn -0.5178486038496913 -0.6670966057837364 0.535551063898433
vn -0.5178486038496913 -0.6670966057837364 0.535551063898433
vn -0.5178486038496913 -0.6670966057837364 0.535551063898433
vn -0.5154143123694792 -0.6726570918446183 0.530924216245443
vn -0.5154143123694792 -0.6726570918446183 0.530924216245443
vn -0.5154143123694792 -0.6726570918446183 0.530924216245443
vn 0.050751028588694555 -0.7674235984161591 0.6391285893239192
vn 0.050751028588694555 -0.7674235984161591 0.6391285893239192
vn 0.050751028588694555 -0.7674235984161591 0.6391285893239192
vn 0.017697148028285453 -0.735315323010997 0.6774940491966688
vn 0.017697148028285453 -0.735315323010997 0.6774940491966688
vn 0.017697148028285453 -0.735315323010997 0.6774940491966688
vn -0.012929370031401323 -0.7144794053693069 0.6995369973730574
vn -0.012929370031401323 -0.7144794053693069 0.6995369973730574
vn -0.012929370031401323 -0.7144794053693069 0.6995369973730574
vn -0.023405785737655376 -0.6991790274363658 0.7145634029161727
vn -0.023405785737655376 -0.6991790274363658 0.7145634029161727
vn -0.023405785737655376 -0.6991790274363658 0.7145634029161727
vn -0.016034238122825756 -0.7005369699229759 0.7134359515604439
vn -0.016034238122825756 -0.7005369699229759 0.7134359515604439
vn -0.016034238122825756 -0.7005369699229759 0.7134359515604439
vn -0.7425761010941455 -0.08709674825088617 0.6640744615838944
vn -0.7425761010941455 -0.08709674825088617 0.6640744615838944
vn -0.7425761010941455 -0.08709674825088617 0.6640744615838944
vn -0.749541218493735 -0.09678088814805028 0.6548445781009427
vn -0.749541218493735 -0.09678088814805028 0.6548445781009427
vn -0.749541218493735 -0.09678088814805028 0.6548445781009427
vn -0.5551435254088031 -0.46719282046812366 0.6881471751738326
vn -0.5551435254088031 -0.46719282046812366 0.6881471751738326
vn -0.5551435254088031 -0.46719282046812366 0.6881471751738326
vn -0.8207175675234525 -0.2582375091441856 0.5096430743465408
vn -0.8207175675234525 -0.2582375091441856 0.5096430743465408
vn -0.8207175675234525 -0.2582375091441856 0.5096430743465408
vn -0.5787713933989284 -0.3321197818120469 0.7447953576064912
vn -0.5787713933989284 -0.3321197818120469 0.7447953576064912
vn -0.5787713933989284 -0.3321197818120469 0.7447953576064912
vn 0.00007576119898172267 -0.70640837480217 0.7078044943835816
vn 0.00007576119898172267 -0.70640837480217 0.7078044943835816
vn 0.00007576119898172267 -0.70640837480217 0.7078044943835816
vn -0.7212569900243658 -0.02970486024898166 0.6920303285395665
vn -0.7212569900243658 -0.02970486024898166 0.6920303285395665
vn -0.7212569900243658 -0.02970486024898166 0.6920303285395665
vn 0.06368464433906373 -0.7557292820805561 0.6517802684044787
vn 0.06368464433906373 -0.7557292820805561 0.6517802684044787
vn 0.06368464433906373 -0.7557292820805561 0.6517802684044787
vn -0.570211769265409 -0.23468358860609959 0.7872624412673167
vn -0.570211769265409 -0.23468358860609959 0.7872624412673167
vn -0.570211769265409 -0.23468358860609959 0.7872624412673167
vn 0.03545175509787687 -0.7187867199128432 0.6943261656724571
vn 0.03545175509787687 -0.7187867199128432 0.6943261656724571
vn 0.03545175509787687 -0.7187867199128432 0.6943261656724571
vn 0.03177969514972524 -0.7189417446917695 0.6943434443528254
vn 0.03177969514972524 -0.7189417446917695 0.6943434443528254
vn 0.03177969514972524 -0.7189417446917695 0.6943434443528254
vn 0.035846706697839424 -0.7326029583671713 0.6797116440157456
vn 0.035846706697839424 -0.7326029583671713 0.6797116440157456
vn 0.035846706697839424 -0.7326029583671713 0.6797116440157456
vn 0.09175555298469752 -0.7883432413408196 0.6083550380564977
vn 0.09175555298469752 -0.7883432413408196 0.6083550380564977
vn 0.09175555298469752 -0.7883432413408196 0.6083550380564977
vn 0.02794498080644208 -0.7180856028854842 0.6953935180718313
vn 0.02794498080644208 -0.7180856028854842 0.6953935180718313
vn 0.02794498080644208 -0.7180856028854842 0.6953935180718313
vn 0.0475105600371682 -0.7221904907206901 0.6900606073364595
vn 0.0475105600371682 -0.7221904907206901 0.6900606073364595
vn 0.0475105600371682 -0.7221904907206901 0.6900606073364595
vn 0.06190334767993454 -0.7472769781002806 0.6616230751321555
vn 0.06190334767993454 -0.7472769781002806 0.6616230751321555
vn 0.06190334767993454 -0.7472769781002806 0.6616230751321555
vn 0.0845415485216404 -0.7629233901725843 0.6409373037209909
vn 0.0845415485216404 -0.7629233901725843 0.6409373037209909
vn 0.0845415485216404 -0.7629233901725843 0.6409373037209909
vn -0.09829407199119516 -0.6138957747497277 0.7832434188397763
vn -0.09829407199119516 -0.6138957747497277 0.7832434188397763
vn -0.09829407199119516 -0.6138957747497277 0.7832434188397763
vn 0.4125786912668981 -0.011409989262080866 0.9108505012665542
vn 0.4125786912668981 -0.011409989262080866 0.9108505012665542
vn 0.4125786912668981 -0.011409989262080866 0.9108505012665542
vn -0.1033482931444961 -0.6120437427127539 0.7840418275259832
vn -0.1033482931444961 -0.6120437427127539 0.7840418275259832
vn -0.1033482931444961 -0.6120437427127539 0.7840418275259832
vn -0.10951849585910974 -0.6021771899277424 0.7908149789903361
vn -0.10951849585910974 -0.6021771899277424 0.7908149789903361
vn -0.10951849585910974 -0.6021771899277424 0.7908149789903361
vn 0.46436275762748824 -0.1464080770532089 0.8734597325018346
vn 0.46436275762748824 -0.1464080770532089 0.8734597325018346
vn 0.46436275762748824 -0.1464080770532089 0.8734597325018346
vn 0.40304655116142774 -0.031569052706523826 0.914634830141566
vn 0.40304655116142774 -0.031569052706523826 0.914634830141566
vn 0.40304655116142774 -0.031569052706523826 0.914634830141566
vn 0.4285331050703765 -0.05366950829962542 0.9019306856613861
vn 0.4285331050703765 -0.05366950829962542 0.9019306856613861
vn 0.4285331050703765 -0.05366950829962542 0.9019306856613861
vn 0.4269997452669499 -0.07715634956735336 0.9009540028566388
vn 0.4269997452669499 -0.07715634956735336 0.9009540028566388
vn 0.4269997452669499 -0.07715634956735336 0.9009540028566388
vn 0.4144453886161446 -0.10083629653214338 0.9044705971763232
vn 0.4144453886161446 -0.10083629653214338 0.9044705971763232
vn 0.4144453886161446 -0.10083629653214338 0.9044705971763232
vn -0.09149747536512931 -0.5973612793206137 0.7967356612893937
vn -0.09149747536512931 -0.5973612793206137 0.7967356612893937
vn -0.09149747536512931 -0.5973612793206137 0.7967356612893937
vn -0.11521759593617374 -0.5842773896267793 0.8033335780095372
vn -0.11521759593617374 -0.5842773896267793 0.8033335780095372
vn -0.11521759593617374 -0.5842773896267793 0.8033335780095372
vn 0.3832038735996625 -0.13153700856693132 0.9142498600686122
vn 0.3832038735996625 -0.13153700856693132 0.9142498600686122
vn 0.3832038735996625 -0.13153700856693132 0.9142498600686122
vn 0.35011530460774576 -0.07098709901038745 0.9340129042221607
vn 0.35011530460774576 -0.07098709901038745 0.9340129042221607
vn 0.35011530460774576 -0.07098709901038745 0.9340129042221607
vn 0.3752171627248667 -0.12105738897330863 0.9189979267504721
vn 0.3752171627248667 -0.12105738897330863 0.9189979267504721
vn 0.3752171627248667 -0.12105738897330863 0.9189979267504721
vn -0.4771099011924814 0.0045292367412055395 0.8788319681251034
vn -0.4771099011924814 0.0045292367412055395 0.8788319681251034
vn -0.4771099011924814 0.0045292367412055395 0.8788319681251034
vn -0.120225693705472 -0.5869762467454407 0.8006276714738717
vn -0.120225693705472 -0.5869762467454407 0.8006276714738717
vn -0.120225693705472 -0.5869762467454407 0.8006276714738717
vn 0.39043354093537663 -0.20438286193820177 0.8976576718652904
vn 0.39043354093537663 -0.20438286193820177 0.8976576718652904
vn 0.39043354093537663 -0.20438286193820177 0.8976576718652904
vn 0.38914928784790287 -0.2105806968065053 0.8967823603862628
vn 0.38914928784790287 -0.2105806968065053 0.8967823603862628
vn 0.38914928784790287 -0.2105806968065053 0.8967823603862628
vn -0.4780970808626913 -0.013544378793066721 0.878202556972868
vn -0.4780970808626913 -0.013544378793066721 0.878202556972868
vn -0.4780970808626913 -0.013544378793066721 0.878202556972868
vn -0.10181399466525971 -0.5854688305022113 0.8042761708521989
vn -0.10181399466525971 -0.5854688305022113 0.8042761708521989
vn -0.10181399466525971 -0.5854688305022113 0.8042761708521989
vn 0.3762747711990809 -0.2245921830359839 0.8988746563777457
vn 0.3762747711990809 -0.2245921830359839 0.8988746563777457
vn 0.3762747711990809 -0.2245921830359839 0.8988746563777457
vn -0.11704618237155245 -0.5776319382072066 0.8078623243815937
vn -0.11704618237155245 -0.5776319382072066 0.8078623243815937
vn -0.11704618237155245 -0.5776319382072066 0.8078623243815937
vn 0.3518793532631108 -0.24171928715985017 0.9042968024725448
vn 0.3518793532631108 -0.24171928715985017 0.9042968024725448
vn 0.3518793532631108 -0.24171928715985017 0.9042968024725448
vn -0.4524104278752089 -0.05823754122997724 0.8899062835721845
vn -0.4524104278752089 -0.05823754122997724 0.8899062835721845
vn -0.4524104278752089 -0.05823754122997724 0.8899062835721845
vn -0.4755608924167713 -0.03858745007784505 0.8788360747603923
vn -0.4755608924167713 -0.03858745007784505 0.8788360747603923
vn -0.4755608924167713 -0.03858745007784505 0.8788360747603923
vn -0.09466592146699243 -0.5586521580814715 0.8239818745480508
vn -0.09466592146699243 -0.5586521580814715 0.8239818745480508
vn -0.09466592146699243 -0.5586521580814715 0.8239818745480508
vn 0.3301186621466307 -0.25019237852937415 0.9101787970659023
vn 0.3301186621466307 -0.25019237852937415 0.9101787970659023
vn 0.3301186621466307 -0.25019237852937415 0.9101787970659023
vn 0.32348249122514333 -0.232386370992441 0.9172544098818706
vn 0.32348249122514333 -0.232386370992441 0.9172544098818706
vn 0.32348249122514333 -0.232386370992441 0.9172544098818706
vn 0.3225944986252813 -0.28562000836358786 0.9024156471820995
vn 0.3225944986252813 -0.28562000836358786 0.9024156471820995
vn 0.3225944986252813 -0.28562000836358786 0.9024156471820995
vn -0.4620992466586452 -0.02129172685583898 0.8865725850741207
vn -0.4620992466586452 -0.02129172685583898 0.8865725850741207
vn -0.4620992466586452 -0.02129172685583898 0.8865725850741207
vn -0.09576587359931424 -0.5591681588495457 0.8235046251130407
vn -0.09576587359931424 -0.5591681588495457 0.8235046251130407
vn -0.09576587359931424 -0.5591681588495457 0.8235046251130407
vn 0.3145962621317891 -0.30503105785391066 0.8988799951034792
vn 0.3145962621317891 -0.30503105785391066 0.8988799951034792
vn 0.3145962621317891 -0.30503105785391066 0.8988799951034792
vn -0.47173185944172424 -0.06424508826453923 0.8793984429264899
vn -0.47173185944172424 -0.06424508826453923 0.8793984429264899
vn -0.47173185944172424 -0.06424508826453923 0.8793984429264899
vn 0.27400657188439087 -0.34624707261398346 0.8972365146773791
vn 0.27400657188439087 -0.34624707261398346 0.8972365146773791
vn 0.27400657188439087 -0.34624707261398346 0.8972365146773791
vn -0.0993630227013827 -0.5590174858829825 0.8231806850240803
vn -0.0993630227013827 -0.5590174858829825 0.8231806850240803
vn -0.0993630227013827 -0.5590174858829825 0.8231806850240803
vn -0.46688998743910415 -0.08282958148218629 0.8804277369895835
vn -0.46688998743910415 -0.08282958148218629 0.8804277369895835
vn -0.46688998743910415 -0.08282958148218629 0.8804277369895835
vn 0.30293688498971 -0.3310491775772444 0.893664190699259
vn 0.30293688498971 -0.3310491775772444 0.893664190699259
vn 0.30293688498971 -0.3310491775772444 0.893664190699259
vn 0.30713494856524487 -0.31209846563215726 0.8990342991899015
vn 0.30713494856524487 -0.31209846563215726 0.8990342991899015
vn 0.30713494856524487 -0.31209846563215726 0.8990342991899015
vn -0.07340299478417907 -0.5791558734024079 0.8119054591885734
vn -0.07340299478417907 -0.5791558734024079 0.8119054591885734
vn -0.07340299478417907 -0.5791558734024079 0.8119054591885734
vn 0.2616401048613237 -0.3656472012279487 0.8932225813101253
vn 0.2616401048613237 -0.3656472012279487 0.8932225813101253
vn 0.2616401048613237 -0.3656472012279487 0.8932225813101253
vn 0.28484151370009286 -0.3508664145798101 0.8920527289308343
vn 0.28484151370009286 -0.3508664145798101 0.8920527289308343
vn 0.28484151370009286 -0.3508664145798101 0.8920527289308343
vn -0.43566168525791166 -0.11740719842636804 0.8924205543105268
vn -0.43566168525791166 -0.11740719842636804 0.8924205543105268
vn -0.43566168525791166 -0.11740719842636804 0.8924205543105268
vn -0.45285358407770165 -0.10264679649637398 0.8856564043448294
vn -0.45285358407770165 -0.10264679649637398 0.8856564043448294
vn -0.45285358407770165 -0.10264679649637398 0.8856564043448294
vn -0.1417285969217664 -0.4564693635279124 0.8783784634057292
vn -0.1417285969217664 -0.4564693635279124 0.8783784634057292
vn -0.1417285969217664 -0.4564693635279124 0.8783784634057292
vn 0.23582908826481702 -0.3704718698922026 0.8984070540388471
vn 0.23582908826481702 -0.3704718698922026 0.8984070540388471
vn 0.23582908826481702 -0.3704718698922026 0.8984070540388471
vn 0.2381624786738398 -0.3822179828265792 0.8928538779419137
vn 0.2381624786738398 -0.3822179828265792 0.8928538779419137
vn 0.2381624786738398 -0.3822179828265792 0.8928538779419137
vn 0.21709010101377882 -0.42968490910560725 0.8764945903590811
vn 0.21709010101377882 -0.42968490910560725 0.8764945903590811
vn 0.21709010101377882 -0.42968490910560725 0.8764945903590811
vn 0.19235811098957853 -0.45340321555702556 0.8703010291037638
vn 0.19235811098957853 -0.45340321555702556 0.8703010291037638
vn 0.19235811098957853 -0.45340321555702556 0.8703010291037638
vn -0.4529879482652448 -0.15311009000919665 0.878270584195907
vn -0.4529879482652448 -0.15311009000919665 0.878270584195907
vn -0.4529879482652448 -0.15311009000919665 0.878270584195907
vn 0.21718127078861416 -0.4427736512351761 0.8699332097296396
vn 0.21718127078861416 -0.4427736512351761 0.8699332097296396
vn 0.21718127078861416 -0.4427736512351761 0.8699332097296396
vn -0.10229139656819741 -0.5482121642652108 0.8300601744089288
vn -0.10229139656819741 -0.5482121642652108 0.8300601744089288
vn -0.10229139656819741 -0.5482121642652108 0.8300601744089288
vn -0.09857355335496862 -0.5635691443674652 0.8201664916929357
vn -0.09857355335496862 -0.5635691443674652 0.8201664916929357
vn -0.09857355335496862 -0.5635691443674652 0.8201664916929357
vn 0.1675288930959614 -0.44894562965165785 0.8777140146965403
vn 0.1675288930959614 -0.44894562965165785 0.8777140146965403
vn 0.1675288930959614 -0.44894562965165785 0.8777140146965403
vn -0.45604277634998397 -0.1660030817818839 0.8743385860053963
vn -0.45604277634998397 -0.1660030817818839 0.8743385860053963
vn -0.45604277634998397 -0.1660030817818839 0.8743385860053963
vn -0.09801201483503418 -0.5474155523537958 0.8311015930613813
vn -0.09801201483503418 -0.5474155523537958 0.8311015930613813
vn -0.09801201483503418 -0.5474155523537958 0.8311015930613813
vn 0.19947460504042966 -0.4512470114114913 0.8698195310730624
vn 0.19947460504042966 -0.4512470114114913 0.8698195310730624
vn 0.19947460504042966 -0.4512470114114913 0.8698195310730624
vn 0.18630198771130024 -0.4778617229279598 0.8584519457343783
vn 0.18630198771130024 -0.4778617229279598 0.8584519457343783
vn 0.18630198771130024 -0.4778617229279598 0.8584519457343783
vn -0.45461595415031947 -0.18144667290912878 0.8720099994393424
vn -0.45461595415031947 -0.18144667290912878 0.8720099994393424
vn -0.45461595415031947 -0.18144667290912878 0.8720099994393424
vn -0.06490968694904302 -0.5514320546018596 0.8316907007402146
vn -0.06490968694904302 -0.5514320546018596 0.8316907007402146
vn -0.06490968694904302 -0.5514320546018596 0.8316907007402146
vn 0.17630138633935769 -0.48674966892951854 0.8555656497147515
vn 0.17630138633935769 -0.48674966892951854 0.8555656497147515
vn 0.17630138633935769 -0.48674966892951854 0.8555656497147515
vn -0.4281468607959783 -0.2352047815859887 0.8725645972130869
vn -0.4281468607959783 -0.2352047815859887 0.8725645972130869
vn -0.4281468607959783 -0.2352047815859887 0.8725645972130869
vn -0.12584039499309266 -0.5236577958711767 0.8425833536281876
vn -0.12584039499309266 -0.5236577958711767 0.8425833536281876
vn -0.12584039499309266 -0.5236577958711767 0.8425833536281876
vn -0.1421363795256702 -0.5092405061063662 0.8488058414949009
vn -0.1421363795256702 -0.5092405061063662 0.8488058414949009
vn -0.1421363795256702 -0.5092405061063662 0.8488058414949009
vn 0.1716116802338592 -0.4885000548175754 0.8555215530017568
vn 0.1716116802338592 -0.4885000548175754 0.8555215530017568
vn 0.1716116802338592 -0.4885000548175754 0.8555215530017568
vn -0.38869191171850376 -0.2758365043280088 0.8791091062232942
vn -0.38869191171850376 -0.2758365043280088 0.8791091062232942
vn -0.38869191171850376 -0.2758365043280088 0.8791091062232942
vn -0.406423542544873 -0.2649417841201383 0.8744288164810865
vn -0.406423542544873 -0.2649417841201383 0.8744288164810865
vn -0.406423542544873 -0.2649417841201383 0.8744288164810865
vn -0.1329416005647419 -0.5086451650425754 0.8506507079395724
vn -0.1329416005647419 -0.5086451650425754 0.8506507079395724
vn -0.1329416005647419 -0.5086451650425754 0.8506507079395724
vn -0.3569678711720909 -0.36628988872742874 0.8593053336078587
vn -0.3569678711720909 -0.36628988872742874 0.8593053336078587
vn -0.3569678711720909 -0.36628988872742874 0.8593053336078587
vn 0.09226470226147011 -0.4862139708026932 0.868955234354958
vn 0.09226470226147011 -0.4862139708026932 0.868955234354958
vn 0.09226470226147011 -0.4862139708026932 0.868955234354958
vn 0.1401914919940563 -0.4946852205555144 0.8576904325783413
vn 0.1401914919940563 -0.4946852205555144 0.8576904325783413
vn 0.1401914919940563 -0.4946852205555144 0.8576904325783413
vn -0.21284619903862992 -0.49626378899515233 0.8416761534503534
vn -0.21284619903862992 -0.49626378899515233 0.8416761534503534
vn -0.21284619903862992 -0.49626378899515233 0.8416761534503534
vn -0.38394462853535316 -0.32971164404895315 0.8624829006985507
vn -0.38394462853535316 -0.32971164404895315 0.8624829006985507
vn -0.38394462853535316 -0.32971164404895315 0.8624829006985507
vn -0.20712939530919017 -0.49852137284514597 0.8417682902173496
vn -0.20712939530919017 -0.49852137284514597 0.8417682902173496
vn -0.20712939530919017 -0.49852137284514597 0.8417682902173496
vn 0.10631179501255134 -0.5392489872947249 0.8354090805963406
vn 0.10631179501255134 -0.5392489872947249 0.8354090805963406
vn 0.10631179501255134 -0.5392489872947249 0.8354090805963406
vn -0.38365388070944834 -0.32998836173282053 0.8625064526932361
vn -0.38365388070944834 -0.32998836173282053 0.8625064526932361
vn -0.38365388070944834 -0.32998836173282053 0.8625064526932361
vn -0.3385973782582736 -0.35113229433277104 0.8729592930447719
vn -0.3385973782582736 -0.35113229433277104 0.8729592930447719
vn -0.3385973782582736 -0.35113229433277104 0.8729592930447719
vn -0.22894710557244108 -0.48158410727692774 0.8459668849714427
vn -0.22894710557244108 -0.48158410727692774 0.8459668849714427
vn -0.22894710557244108 -0.48158410727692774 0.8459668849714427
vn -0.274337773117164 -0.47310248804121807 0.837205364322473
vn -0.274337773117164 -0.47310248804121807 0.837205364322473
vn -0.274337773117164 -0.47310248804121807 0.837205364322473
vn -0.2531849105332052 -0.451356224936097 0.8556722265504054
vn -0.2531849105332052 -0.451356224936097 0.8556722265504054
vn -0.2531849105332052 -0.451356224936097 0.8556722265504054
vn -0.25668108414203106 -0.4441551557630535 0.8583944423473217
vn -0.25668108414203106 -0.4441551557630535 0.8583944423473217
vn -0.25668108414203106 -0.4441551557630535 0.8583944423473217
vn -0.3263834782371194 -0.4003510557933582 0.8562668142927082
vn -0.3263834782371194 -0.4003510557933582 0.8562668142927082
vn -0.3263834782371194 -0.4003510557933582 0.8562668142927082
vn 0.10693619596752672 -0.5388426283663837 0.8355915699952952
vn 0.10693619596752672 -0.5388426283663837 0.8355915699952952
vn 0.10693619596752672 -0.5388426283663837 0.8355915699952952
vn 0.10343790685601224 -0.5397471726175025 0.8354481366767531
vn 0.10343790685601224 -0.5397471726175025 0.8354481366767531
vn 0.10343790685601224 -0.5397471726175025 0.8354481366767531
vn -0.28997490441555046 -0.43305508245477875 0.8534505553160517
vn -0.28997490441555046 -0.43305508245477875 0.8534505553160517
vn -0.28997490441555046 -0.43305508245477875 0.8534505553160517
vn 0.09133660740605577 -0.551662799513276 0.8290511321871088
vn 0.09133660740605577 -0.551662799513276 0.8290511321871088
vn 0.09133660740605577 -0.551662799513276 0.8290511321871088
vn 0.07206527785911213 -0.5610908189793904 0.8246112348156105
vn 0.07206527785911213 -0.5610908189793904 0.8246112348156105
vn 0.07206527785911213 -0.5610908189793904 0.8246112348156105
vn 0.05605237803583304 -0.5649610629389181 0.823211472393003
vn 0.05605237803583304 -0.5649610629389181 0.823211472393003
vn 0.05605237803583304 -0.5649610629389181 0.823211472393003
vn 0.049920842021400166 -0.5641998645240961 0.8241276736057747
vn 0.049920842021400166 -0.5641998645240961 0.8241276736057747
vn 0.049920842021400166 -0.5641998645240961 0.8241276736057747
vn 0.023414725476873465 -0.5919275293701326 0.8056510104285933
vn 0.023414725476873465 -0.5919275293701326 0.8056510104285933
vn 0.023414725476873465 -0.5919275293701326 0.8056510104285933
vn 0.030340606003259322 -0.5889612369621924 0.8075915483605058
vn 0.030340606003259322 -0.5889612369621924 0.8075915483605058
vn 0.030340606003259322 -0.5889612369621924 0.8075915483605058
vn -0.0036742084833929346 -0.593119333584277 0.805106177047825
vn -0.0036742084833929346 -0.593119333584277 0.805106177047825
vn -0.0036742084833929346 -0.593119333584277 0.805106177047825
vn -0.02215445159638507 -0.5903686699107129 0.8068296064611903
vn -0.02215445159638507 -0.5903686699107129 0.8068296064611903
vn -0.02215445159638507 -0.5903686699107129 0.8068296064611903
vn -0.02272843876827775 -0.5901386568485444 0.8069818980399452
vn -0.02272843876827775 -0.5901386568485444 0.8069818980399452
vn -0.02272843876827775 -0.5901386568485444 0.8069818980399452
vn -0.03679644720368984 -0.6056084684561108 0.7949115701808784
vn -0.03679644720368984 -0.6056084684561108 0.7949115701808784
vn -0.03679644720368984 -0.6056084684561108 0.7949115701808784
vn -0.05978273966943557 -0.6195036762773062 0.7827140085091866
vn -0.05978273966943557 -0.6195036762773062 0.7827140085091866
vn -0.05978273966943557 -0.6195036762773062 0.7827140085091866
vn -0.061420498647934044 -0.6198747589537936 0.7822932989344952
vn -0.061420498647934044 -0.6198747589537936 0.7822932989344952
vn -0.061420498647934044 -0.6198747589537936 0.7822932989344952
vn -0.07263743244807513 -0.6180663800558966 0.7827628972121453
vn -0.07263743244807513 -0.6180663800558966 0.7827628972121453
vn -0.07263743244807513 -0.6180663800558966 0.7827628972121453
vn -0.06911550485383781 -0.6246707460334748 0.7778235699943666
vn -0.06911550485383781 -0.6246707460334748 0.7778235699943666
vn -0.06911550485383781 -0.6246707460334748 0.7778235699943666
vn -0.07924991606443897 -0.6142696552496523 0.7851065159857308
vn -0.07924991606443897 -0.6142696552496523 0.7851065159857308
vn -0.07924991606443897 -0.6142696552496523 0.7851065159857308
vn -0.07478790540328309 -0.6341062623175729 0.769620697028755
vn -0.07478790540328309 -0.6341062623175729 0.769620697028755
vn -0.07478790540328309 -0.6341062623175729 0.769620697028755
vn -0.06346171491659171 -0.624341025054039 0.7785697754050802
vn -0.06346171491659171 -0.624341025054039 0.7785697754050802
vn -0.06346171491659171 -0.624341025054039 0.7785697754050802
vn -0.04466318828506055 -0.6223904653328232 0.7814315761952579
vn -0.04466318828506055 -0.6223904653328232 0.7814315761952579
vn -0.04466318828506055 -0.6223904653328232 0.7814315761952579
vn -0.05566661855920791 -0.6271994171391269 0.7768668603554427
vn -0.05566661855920791 -0.6271994171391269 0.7768668603554427
vn -0.05566661855920791 -0.6271994171391269 0.7768668603554427
vn -0.07079601366552736 -0.6103171178008195 0.7889872877102464
vn -0.07079601366552736 -0.6103171178008195 0.7889872877102464
vn -0.07079601366552736 -0.6103171178008195 0.7889872877102464
vn -0.05242603657991926 -0.6266350762008029 0.7775474210383151
vn -0.05242603657991926 -0.6266350762008029 0.7775474210383151
vn -0.05242603657991926 -0.6266350762008029 0.7775474210383151
vn -0.08454375635407296 -0.6065108123618584 0.7905675099254343
vn -0.08454375635407296 -0.6065108123618584 0.7905675099254343
vn -0.08454375635407296 -0.6065108123618584 0.7905675099254343
vn -0.07644634020128 -0.614626949799613 0.7851048781212954
vn -0.07644634020128 -0.614626949799613 0.7851048781212954
vn -0.07644634020128 -0.614626949799613 0.7851048781212954
vn -0.09309249272938212 -0.6123475367701565 0.7850887096430261
vn -0.09309249272938212 -0.6123475367701565 0.7850887096430261
vn -0.09309249272938212 -0.6123475367701565 0.7850887096430261
vn -0.08887933270708445 0.6192674689843454 0.7801334924711708
vn -0.08887933270708445 0.6192674689843454 0.7801334924711708
vn -0.08887933270708445 0.6192674689843454 0.7801334924711708
vn -0.10034339918400732 0.6061366822720647 0.7890054021642773
vn -0.10034339918400732 0.6061366822720647 0.7890054021642773
vn -0.10034339918400732 0.6061366822720647 0.7890054021642773
vn 0.40254290109504337 0.039705512363903725 0.9145396027870559
vn 0.40254290109504337 0.039705512363903725 0.9145396027870559
vn 0.40254290109504337 0.039705512363903725 0.9145396027870559
vn 0.3923502491608358 0.05366217617929057 0.9182492324152157
vn 0.3923502491608358 0.05366217617929057 0.9182492324152157
vn 0.3923502491608358 0.05366217617929057 0.9182492324152157
vn 0.3931399757515391 0.054620379717408636 0.9178548761027558
vn 0.3931399757515391 0.054620379717408636 0.9178548761027558
vn 0.3931399757515391 0.054620379717408636 0.9178548761027558
vn 0.40249315715436046 0.0777737364947035 0.9121132080808652
vn 0.40249315715436046 0.0777737364947035 0.9121132080808652
vn 0.40249315715436046 0.0777737364947035 0.9121132080808652
vn -0.1098715164852311 0.6048316488536718 0.788737552301261
vn -0.1098715164852311 0.6048316488536718 0.788737552301261
vn -0.1098715164852311 0.6048316488536718 0.788737552301261
vn -0.11263219119628937 0.5937198322745023 0.7967501178351085
vn -0.11263219119628937 0.5937198322745023 0.7967501178351085
vn -0.11263219119628937 0.5937198322745023 0.7967501178351085
vn 0.40321898681748636 0.13888368086765746 0.904503052431848
vn 0.40321898681748636 0.13888368086765746 0.904503052431848
vn 0.40321898681748636 0.13888368086765746 0.904503052431848
vn -0.4742083726872925 0.008549330538553068 0.8803711309559238
vn -0.4742083726872925 0.008549330538553068 0.8803711309559238
vn -0.4742083726872925 0.008549330538553068 0.8803711309559238
vn 0.4151821897560324 0.11123319358978588 0.9029124685999208
vn 0.4151821897560324 0.11123319358978588 0.9029124685999208
vn 0.4151821897560324 0.11123319358978588 0.9029124685999208
vn 0.3824324825991623 0.14694049647491877 0.9122246909335144
vn 0.3824324825991623 0.14694049647491877 0.9122246909335144
vn 0.3824324825991623 0.14694049647491877 0.9122246909335144
vn -0.4976226666504451 0.02363871773077152 0.8670714461102643
vn -0.4976226666504451 0.02363871773077152 0.8670714461102643
vn -0.4976226666504451 0.02363871773077152 0.8670714461102643
vn 0.3621360747009233 0.16319570339246015 0.9177279693865974
vn 0.3621360747009233 0.16319570339246015 0.9177279693865974
vn 0.3621360747009233 0.16319570339246015 0.9177279693865974
vn 0.3620725894103448 0.163034902102283 0.9177815974915747
vn 0.3620725894103448 0.163034902102283 0.9177815974915747
vn 0.3620725894103448 0.163034902102283 0.9177815974915747
vn 0.36507508913501424 0.1954956840165626 0.91022064183579
vn 0.36507508913501424 0.1954956840165626 0.91022064183579
vn 0.36507508913501424 0.1954956840165626 0.91022064183579
vn -0.43942202013503434 -0.02246986746876837 0.8979996621805496
vn -0.43942202013503434 -0.02246986746876837 0.8979996621805496
vn -0.43942202013503434 -0.02246986746876837 0.8979996621805496
vn 0.3589543033988621 0.21480640349013028 0.908300620439661
vn 0.3589543033988621 0.21480640349013028 0.908300620439661
vn 0.3589543033988621 0.21480640349013028 0.908300620439661
vn 0.33310151740554705 0.2460633861641172 0.9102176602832812
vn 0.33310151740554705 0.2460633861641172 0.9102176602832812
vn 0.33310151740554705 0.2460633861641172 0.9102176602832812
vn -0.4805819792987976 0.022235028921161297 0.8766678759154605
vn -0.4805819792987976 0.022235028921161297 0.8766678759154605
vn -0.4805819792987976 0.022235028921161297 0.8766678759154605
vn -0.07599771078739091 0.5987125083172304 0.7973504125160821
vn -0.07599771078739091 0.5987125083172304 0.7973504125160821
vn -0.07599771078739091 0.5987125083172304 0.7973504125160821
vn 0.33454689215211014 0.29602488726472054 0.8946773960882626
vn 0.33454689215211014 0.29602488726472054 0.8946773960882626
vn 0.33454689215211014 0.29602488726472054 0.8946773960882626
vn 0.3274271771221354 0.24914847200282744 0.9114364939920314
vn 0.3274271771221354 0.24914847200282744 0.9114364939920314
vn 0.3274271771221354 0.24914847200282744 0.9114364939920314
vn 0.3368703913028818 0.2693706962574666 0.9021960803845308
vn 0.3368703913028818 0.2693706962574666 0.9021960803845308
vn 0.3368703913028818 0.2693706962574666 0.9021960803845308
vn -0.11146759342399334 0.5576266100654766 0.8225737288311291
vn -0.11146759342399334 0.5576266100654766 0.8225737288311291
vn -0.11146759342399334 0.5576266100654766 0.8225737288311291
vn -0.10216739220095734 0.5759180296073245 0.8110981735548866
vn -0.10216739220095734 0.5759180296073245 0.8110981735548866
vn -0.10216739220095734 0.5759180296073245 0.8110981735548866
vn -0.489341388384208 0.05090480776151785 0.8706053676385063
vn -0.489341388384208 0.05090480776151785 0.8706053676385063
vn -0.489341388384208 0.05090480776151785 0.8706053676385063
vn 0.3212483795618311 0.2919752572650126 0.9008606594662281
vn 0.3212483795618311 0.2919752572650126 0.9008606594662281
vn 0.3212483795618311 0.2919752572650126 0.9008606594662281
vn 0.28575501286884325 0.29513219454355005 0.911724223855128
vn 0.28575501286884325 0.29513219454355005 0.911724223855128
vn 0.28575501286884325 0.29513219454355005 0.911724223855128
vn -0.09424733167817079 0.5546043395910321 0.82675961861858
vn -0.09424733167817079 0.5546043395910321 0.82675961861858
vn -0.09424733167817079 0.5546043395910321 0.82675961861858
vn 0.2911468766117637 0.3184503638790285 0.9021213122327444
vn 0.2911468766117637 0.3184503638790285 0.9021213122327444
vn 0.2911468766117637 0.3184503638790285 0.9021213122327444
vn -0.4670283729264049 0.06469999163509195 0.8818721052194213
vn -0.4670283729264049 0.06469999163509195 0.8818721052194213
vn -0.4670283729264049 0.06469999163509195 0.8818721052194213
vn -0.49423638713741397 0.03803991582363289 0.8684948810634908
vn -0.49423638713741397 0.03803991582363289 0.8684948810634908
vn -0.49423638713741397 0.03803991582363289 0.8684948810634908
vn 0.28475376530368796 0.3307959685063641 0.8997162443600254
vn 0.28475376530368796 0.3307959685063641 0.8997162443600254
vn 0.28475376530368796 0.3307959685063641 0.8997162443600254
vn -0.46330228418423836 0.05906425785239024 0.8842298382852808
vn -0.46330228418423836 0.05906425785239024 0.8842298382852808
vn -0.46330228418423836 0.05906425785239024 0.8842298382852808
vn -0.09968870050778965 0.5443940713716502 0.8328849008395259
vn -0.09968870050778965 0.5443940713716502 0.8328849008395259
vn -0.09968870050778965 0.5443940713716502 0.8328849008395259
vn -0.0920222910913048 0.5555710718604748 0.8263611087497464
vn -0.0920222910913048 0.5555710718604748 0.8263611087497464
vn -0.0920222910913048 0.5555710718604748 0.8263611087497464
vn 0.2687505724787471 0.3602433724475927 0.893307249718668
vn 0.2687505724787471 0.3602433724475927 0.893307249718668
vn 0.2687505724787471 0.3602433724475927 0.893307249718668
vn -0.46580769293755275 0.13469139850498626 0.8745749941365608
vn -0.46580769293755275 0.13469139850498626 0.8745749941365608
vn -0.46580769293755275 0.13469139850498626 0.8745749941365608
vn -0.4692266723182443 0.07790386163734697 0.8796347641647277
vn -0.4692266723182443 0.07790386163734697 0.8796347641647277
vn -0.4692266723182443 0.07790386163734697 0.8796347641647277
vn 0.2552401957226372 0.37267198249410893 0.892170407462263
vn 0.2552401957226372 0.37267198249410893 0.892170407462263
vn 0.2552401957226372 0.37267198249410893 0.892170407462263
vn -0.4499281899411811 0.10221750190528883 0.8871956978031931
vn -0.4499281899411811 0.10221750190528883 0.8871956978031931
vn -0.4499281899411811 0.10221750190528883 0.8871956978031931
vn 0.25918927517342905 0.37118285505736315 0.8916525151349807
vn 0.25918927517342905 0.37118285505736315 0.8916525151349807
vn 0.25918927517342905 0.37118285505736315 0.8916525151349807
vn -0.08932333527975612 0.5379854493923726 0.8382082068415859
vn -0.08932333527975612 0.5379854493923726 0.8382082068415859
vn -0.08932333527975612 0.5379854493923726 0.8382082068415859
vn 0.22295427863585357 0.37782309376407064 0.8986329058389262
vn 0.22295427863585357 0.37782309376407064 0.8986329058389262
vn 0.22295427863585357 0.37782309376407064 0.8986329058389262
vn 0.22679686995810966 0.40674118013641347 0.8849433835892792
vn 0.22679686995810966 0.40674118013641347 0.8849433835892792
vn 0.22679686995810966 0.40674118013641347 0.8849433835892792
vn 0.22895088665147384 0.3901804664000333 0.891818756890298
vn 0.22895088665147384 0.3901804664000333 0.891818756890298
vn 0.22895088665147384 0.3901804664000333 0.891818756890298
vn -0.45563432290309563 0.1307729176477441 0.8805088345965268
vn -0.45563432290309563 0.1307729176477441 0.8805088345965268
vn -0.45563432290309563 0.1307729176477441 0.8805088345965268
vn 0.2015005924347396 0.4397678029617083 0.8752152825029285
vn 0.2015005924347396 0.4397678029617083 0.8752152825029285
vn 0.2015005924347396 0.4397678029617083 0.8752152825029285
vn -0.0867689116027592 0.5375835380898581 0.8387342222385246
vn -0.0867689116027592 0.5375835380898581 0.8387342222385246
vn -0.0867689116027592 0.5375835380898581 0.8387342222385246
vn 0.19670760189502565 0.44383998707878175 0.8742494982707254
vn 0.19670760189502565 0.44383998707878175 0.8742494982707254
vn 0.19670760189502565 0.44383998707878175 0.8742494982707254
vn -0.4527974890348775 0.15817980005594537 0.8774699908133445
vn -0.4527974890348775 0.15817980005594537 0.8774699908133445
vn -0.4527974890348775 0.15817980005594537 0.8774699908133445
vn 0.16186970304986825 0.45604460960021587 0.8751122861034086
vn 0.16186970304986825 0.45604460960021587 0.8751122861034086
vn 0.16186970304986825 0.45604460960021587 0.8751122861034086
vn -0.09609232519678411 0.535286229723827 0.8391870573991985
vn -0.09609232519678411 0.535286229723827 0.8391870573991985
vn -0.09609232519678411 0.535286229723827 0.8391870573991985
vn -0.4254387686211838 0.21408918847674616 0.8792995357279902
vn -0.4254387686211838 0.21408918847674616 0.8792995357279902
vn -0.4254387686211838 0.21408918847674616 0.8792995357279902
vn -0.4292145755669926 0.20953628841692595 0.8785609779390986
vn -0.4292145755669926 0.20953628841692595 0.8785609779390986
vn -0.4292145755669926 0.20953628841692595 0.8785609779390986
vn 0.1618100829913367 0.45604895929279377 0.8751210452104877
vn 0.1618100829913367 0.45604895929279377 0.8751210452104877
vn 0.1618100829913367 0.45604895929279377 0.8751210452104877
vn -0.4243882682438001 0.18285699559023152 0.8868246258087009
vn -0.4243882682438001 0.18285699559023152 0.8868246258087009
vn -0.4243882682438001 0.18285699559023152 0.8868246258087009
vn 0.1720584746999193 0.4568391652759332 0.8727507423966625
vn 0.1720584746999193 0.4568391652759332 0.8727507423966625
vn 0.1720584746999193 0.4568391652759332 0.8727507423966625
vn -0.11650620779848281 0.5164579917088085 0.8483498372396385
vn -0.11650620779848281 0.5164579917088085 0.8483498372396385
vn -0.11650620779848281 0.5164579917088085 0.8483498372396385
vn -0.1079884022480929 0.5270599722894652 0.8429390788130139
vn -0.1079884022480929 0.5270599722894652 0.8429390788130139
vn -0.1079884022480929 0.5270599722894652 0.8429390788130139
vn 0.16385398483992 0.4757768716544379 0.8641691038510898
vn 0.16385398483992 0.4757768716544379 0.8641691038510898
vn 0.16385398483992 0.4757768716544379 0.8641691038510898
vn -0.40892708535136185 0.26296156795033077 0.8738591720907571
vn -0.40892708535136185 0.26296156795033077 0.8738591720907571
vn -0.40892708535136185 0.26296156795033077 0.8738591720907571
vn -0.11655840855631716 0.516460768925058 0.8483409759973618
vn -0.11655840855631716 0.516460768925058 0.8483409759973618
vn -0.11655840855631716 0.516460768925058 0.8483409759973618
vn 0.1465806024786857 0.49460820919765364 0.8566661230440221
vn 0.1465806024786857 0.49460820919765364 0.8566661230440221
vn 0.1465806024786857 0.49460820919765364 0.8566661230440221
vn -0.2023004938993755 0.49612806461396053 0.8443526832257209
vn -0.2023004938993755 0.49612806461396053 0.8443526832257209
vn -0.2023004938993755 0.49612806461396053 0.8443526832257209
vn -0.387237937236543 0.29593107179058525 0.8731961868410001
vn -0.387237937236543 0.29593107179058525 0.8731961868410001
vn -0.387237937236543 0.29593107179058525 0.8731961868410001
vn -0.36290106664897587 0.3162144763038637 0.8765336392865414
vn -0.36290106664897587 0.3162144763038637 0.8765336392865414
vn -0.36290106664897587 0.3162144763038637 0.8765336392865414
vn -0.15240939341501936 0.5270410311496821 0.8360616773202476
vn -0.15240939341501936 0.5270410311496821 0.8360616773202476
vn -0.15240939341501936 0.5270410311496821 0.8360616773202476
vn 0.1323725866930078 0.5024242354581206 0.8544281045919107
vn 0.1323725866930078 0.5024242354581206 0.8544281045919107
vn 0.1323725866930078 0.5024242354581206 0.8544281045919107
vn -0.35960375648559206 0.3346682729789273 0.8710236996676689
vn -0.35960375648559206 0.3346682729789273 0.8710236996676689
vn -0.35960375648559206 0.3346682729789273 0.8710236996676689
vn -0.20097508527446192 0.4753391624665376 0.8565405394518891
vn -0.20097508527446192 0.4753391624665376 0.8565405394518891
vn -0.20097508527446192 0.4753391624665376 0.8565405394518891
vn -0.33985874225495954 0.385649832016991 0.8577705068246072
vn -0.33985874225495954 0.385649832016991 0.8577705068246072
vn -0.33985874225495954 0.385649832016991 0.8577705068246072
vn -0.3004452627262741 0.406325971676658 0.8629205344910733
vn -0.3004452627262741 0.406325971676658 0.8629205344910733
vn -0.3004452627262741 0.406325971676658 0.8629205344910733
vn 0.08531193932214758 0.5098618120729764 0.8560156573327122
vn 0.08531193932214758 0.5098618120729764 0.8560156573327122
vn 0.08531193932214758 0.5098618120729764 0.8560156573327122
vn 0.14571079727225628 0.5161781947978652 0.8439955182188471
vn 0.14571079727225628 0.5161781947978652 0.8439955182188471
vn 0.14571079727225628 0.5161781947978652 0.8439955182188471
vn -0.3750034802384969 0.34513648733952046 0.860379680673569
vn -0.3750034802384969 0.34513648733952046 0.860379680673569
vn -0.3750034802384969 0.34513648733952046 0.860379680673569
vn -0.22345776805797493 0.4723665405639905 0.8526056985794526
vn -0.22345776805797493 0.4723665405639905 0.8526056985794526
vn -0.22345776805797493 0.4723665405639905 0.8526056985794526
vn -0.30717000520885523 0.3824701030558797 0.8714144870085742
vn -0.30717000520885523 0.3824701030558797 0.8714144870085742
vn -0.30717000520885523 0.3824701030558797 0.8714144870085742
vn -0.27565836890468703 0.4359488782742134 0.8567152614400321
vn -0.27565836890468703 0.4359488782742134 0.8567152614400321
vn -0.27565836890468703 0.4359488782742134 0.8567152614400321
vn -0.2888784730159948 0.419606867875614 0.8605110715496715
vn -0.2888784730159948 0.419606867875614 0.8605110715496715
vn -0.2888784730159948 0.419606867875614 0.8605110715496715
vn 0.10142310230860216 0.5384436391563596 0.8365355950407339
vn 0.10142310230860216 0.5384436391563596 0.8365355950407339
vn 0.10142310230860216 0.5384436391563596 0.8365355950407339
vn 0.16202671482581243 0.5268679745620486 0.8343605222346271
vn 0.16202671482581243 0.5268679745620486 0.8343605222346271
vn 0.16202671482581243 0.5268679745620486 0.8343605222346271
vn 0.07914024060188703 0.5250038050386163 0.8474124302914432
vn 0.07914024060188703 0.5250038050386163 0.8474124302914432
vn 0.07914024060188703 0.5250038050386163 0.8474124302914432
vn 0.07112376219471403 0.539457844531407 0.8390033637744237
vn 0.07112376219471403 0.539457844531407 0.8390033637744237
vn 0.07112376219471403 0.539457844531407 0.8390033637744237
vn 0.025074595380446842 0.589473361917627 0.8073985510613932
vn 0.025074595380446842 0.589473361917627 0.8073985510613932
vn 0.025074595380446842 0.589473361917627 0.8073985510613932
vn 0.02650498803390159 0.5887727182057145 0.8078639563107002
vn 0.02650498803390159 0.5887727182057145 0.8078639563107002
vn 0.02650498803390159 0.5887727182057145 0.8078639563107002
vn -0.0014801017065014827 0.5885373283760931 0.8084686898123321
vn -0.0014801017065014827 0.5885373283760931 0.8084686898123321
vn -0.0014801017065014827 0.5885373283760931 0.8084686898123321
vn -0.000051417097017551794 0.5889442566941129 0.8081736569966267
vn -0.000051417097017551794 0.5889442566941129 0.8081736569966267
vn -0.000051417097017551794 0.5889442566941129 0.8081736569966267
vn -0.01194297919876456 0.6008602506735633 0.799264864990549
vn -0.01194297919876456 0.6008602506735633 0.799264864990549
vn -0.01194297919876456 0.6008602506735633 0.799264864990549
vn -0.0282252401912576 0.6101499974247759 0.7917829983389968
vn -0.0282252401912576 0.6101499974247759 0.7917829983389968
vn -0.0282252401912576 0.6101499974247759 0.7917829983389968
vn -0.04380606496380623 0.6131439817610073 0.7887556569069059
vn -0.04380606496380623 0.6131439817610073 0.7887556569069059
vn -0.04380606496380623 0.6131439817610073 0.7887556569069059
vn -0.06328897284685807 0.6084034545293413 0.7911003365141195
vn -0.06328897284685807 0.6084034545293413 0.7911003365141195
vn -0.06328897284685807 0.6084034545293413 0.7911003365141195
vn -0.05825457958302958 0.6108823275818663 0.7895753199066987
vn -0.05825457958302958 0.6108823275818663 0.7895753199066987
vn -0.05825457958302958 0.6108823275818663 0.7895753199066987
vn -0.06816679299706646 0.6138157302915117 0.7865008185496014
vn -0.06816679299706646 0.6138157302915117 0.7865008185496014
vn -0.06816679299706646 0.6138157302915117 0.7865008185496014
vn -0.045518448986470735 0.5970440912463244 0.8009159905443994
vn -0.045518448986470735 0.5970440912463244 0.8009159905443994
vn -0.045518448986470735 0.5970440912463244 0.8009159905443994
vn -0.10038100272711335 0.6118269021348126 0.7845963905828383
vn -0.10038100272711335 0.6118269021348126 0.7845963905828383
vn -0.10038100272711335 0.6118269021348126 0.7845963905828383
vn -0.07307290452421297 0.6194101713253231 0.7816593825210115
vn -0.07307290452421297 0.6194101713253231 0.7816593825210115
vn -0.07307290452421297 0.6194101713253231 0.7816593825210115
vn -0.06113832457110499 0.6319336308728084 0.7726072685656972
vn -0.06113832457110499 0.6319336308728084 0.7726072685656972
vn -0.06113832457110499 0.6319336308728084 0.7726072685656972
vn -0.06407295217531304 0.6274479676656216 0.7760178507430233
vn -0.06407295217531304 0.6274479676656216 0.7760178507430233
vn -0.06407295217531304 0.6274479676656216 0.7760178507430233
vn -0.05896108389665933 0.6295835749889906 0.7746922696721668
vn -0.05896108389665933 0.6295835749889906 0.7746922696721668
vn -0.05896108389665933 0.6295835749889906 0.7746922696721668
vn -0.07875502125757712 0.6132699263813419 0.7859374300941151
vn -0.07875502125757712 0.6132699263813419 0.7859374300941151
vn -0.07875502125757712 0.6132699263813419 0.7859374300941151
vn -0.14891257455577753 0.9887379124671728 0.014912598339234756
vn -0.14891257455577753 0.9887379124671728 0.014912598339234756
vn -0.14891257455577753 0.9887379124671728 0.014912598339234756
vn 0.05084012318708284 0.9982905132456071 0.02883284651477169
vn 0.05084012318708284 0.9982905132456071 0.02883284651477169
vn 0.05084012318708284 0.9982905132456071 0.02883284651477169
vn 0.08066212277847064 0.9967247114186019 0.005785464231660443
vn 0.08066212277847064 0.9967247114186019 0.005785464231660443
vn 0.08066212277847064 0.9967247114186019 0.005785464231660443
vn 0.09215790301543227 0.9956374458151638 -0.014594430528632836
vn 0.09215790301543227 0.9956374458151638 -0.014594430528632836
vn 0.09215790301543227 0.9956374458151638 -0.014594430528632836
vn 0.10124888871113402 0.9947711086824369 0.013382969232418829
vn 0.10124888871113402 0.9947711086824369 0.013382969232418829
vn 0.10124888871113402 0.9947711086824369 0.013382969232418829
vn 0.11567769084227005 0.9929350515507389 0.026432087381287706
vn 0.11567769084227005 0.9929350515507389 0.026432087381287706
vn 0.11567769084227005 0.9929350515507389 0.026432087381287706
vn 0.9855871154824749 0.15260130096191876 -0.07301288064214773
vn 0.9855871154824749 0.15260130096191876 -0.07301288064214773
vn 0.9855871154824749 0.15260130096191876 -0.07301288064214773
vn -0.9998402319662423 0.00391662063446941 0.017440488080801887
vn -0.9998402319662423 0.00391662063446941 0.017440488080801887
vn -0.9998402319662423 0.00391662063446941 0.017440488080801887
vn -0.9974358392271354 0.05910651589075319 -0.04035054404238064
vn -0.9974358392271354 0.05910651589075319 -0.04035054404238064
vn -0.9974358392271354 0.05910651589075319 -0.04035054404238064
vn -0.9975753645802942 0.05961852651736264 -0.03590297032825541
vn -0.9975753645802942 0.05961852651736264 -0.03590297032825541
vn -0.9975753645802942 0.05961852651736264 -0.03590297032825541
vn -0.9898169811574391 0.11439809405228471 0.08470785022404025
vn -0.9898169811574391 0.11439809405228471 0.08470785022404025
vn -0.9898169811574391 0.11439809405228471 0.08470785022404025
vn -0.9817863206436711 0.16731009057209195 -0.09001641066894962
vn -0.9817863206436711 0.16731009057209195 -0.09001641066894962
vn -0.9817863206436711 0.16731009057209195 -0.09001641066894962
vn -0.9812756790571652 0.16649700724587196 -0.09683381779661372
vn -0.9812756790571652 0.16649700724587196 -0.09683381779661372
vn -0.9812756790571652 0.16649700724587196 -0.09683381779661372
vn -0.9758177034927671 0.20394070929977037 0.07866382040308584
vn -0.9758177034927671 0.20394070929977037 0.07866382040308584
vn -0.9758177034927671 0.20394070929977037 0.07866382040308584
vn -0.9677762635376164 0.24093321578678198 0.073213996365516
vn -0.9677762635376164 0.24093321578678198 0.073213996365516
vn -0.9677762635376164 0.24093321578678198 0.073213996365516
vn -0.9618414382380439 0.27302416426601694 -0.017856467036170616
vn -0.9618414382380439 0.27302416426601694 -0.017856467036170616
vn -0.9618414382380439 0.27302416426601694 -0.017856467036170616
vn -0.9535977393145791 0.28624549954660006 -0.09335344430411499
vn -0.9535977393145791 0.28624549954660006 -0.09335344430411499
vn -0.9535977393145791 0.28624549954660006 -0.09335344430411499
vn -0.9542517281309302 0.29770386890732625 -0.027857598545868147
vn -0.9542517281309302 0.29770386890732625 -0.027857598545868147
vn -0.9542517281309302 0.29770386890732625 -0.027857598545868147
vn -0.9448851734801387 0.3242296207029555 0.045466053229039585
vn -0.9448851734801387 0.3242296207029555 0.045466053229039585
vn -0.9448851734801387 0.3242296207029555 0.045466053229039585
vn -0.9346364980857343 0.3547469172220142 0.02468281117523914
vn -0.9346364980857343 0.3547469172220142 0.02468281117523914
vn -0.9346364980857343 0.3547469172220142 0.02468281117523914
vn -0.9225040283017574 0.3805797780626445 -0.06438439482373545
vn -0.9225040283017574 0.3805797780626445 -0.06438439482373545
vn -0.9225040283017574 0.3805797780626445 -0.06438439482373545
vn -0.9246607559488519 0.37783438525719143 -0.04736732761532754
vn -0.9246607559488519 0.37783438525719143 -0.04736732761532754
vn -0.9246607559488519 0.37783438525719143 -0.04736732761532754
vn -0.9130175451550971 0.40553887531810734 0.04401343936441274
vn -0.9130175451550971 0.40553887531810734 0.04401343936441274
vn -0.9130175451550971 0.40553887531810734 0.04401343936441274
vn -0.9042954655500096 0.4245835939589655 0.04448013856295319
vn -0.9042954655500096 0.4245835939589655 0.04448013856295319
vn -0.9042954655500096 0.4245835939589655 0.04448013856295319
vn -0.8872900516275578 0.4586568726825225 -0.04847924735238916
vn -0.8872900516275578 0.4586568726825225 -0.04847924735238916
vn -0.8872900516275578 0.4586568726825225 -0.04847924735238916
vn -0.877943770888803 0.4674809663964578 -0.10332609164476811
vn -0.877943770888803 0.4674809663964578 -0.10332609164476811
vn -0.877943770888803 0.4674809663964578 -0.10332609164476811
vn -0.8753966035283584 0.4830283490724041 0.019089277707703106
vn -0.8753966035283584 0.4830283490724041 0.019089277707703106
vn -0.8753966035283584 0.4830283490724041 0.019089277707703106
vn -0.8603203456891518 0.5037500952127691 0.0780047714337053
vn -0.8603203456891518 0.5037500952127691 0.0780047714337053
vn -0.8603203456891518 0.5037500952127691 0.0780047714337053
vn -0.84285639460674 0.535491339333962 0.05331157068448692
vn -0.84285639460674 0.535491339333962 0.05331157068448692
vn -0.84285639460674 0.535491339333962 0.05331157068448692
vn -0.8320367540048391 0.5546587245407921 -0.008278845080835774
vn -0.8320367540048391 0.5546587245407921 -0.008278845080835774
vn -0.8320367540048391 0.5546587245407921 -0.008278845080835774
vn -0.8206626031062103 0.5656875867497927 -0.08068733519044209
vn -0.8206626031062103 0.5656875867497927 -0.08068733519044209
vn -0.8206626031062103 0.5656875867497927 -0.08068733519044209
vn -0.8141677335947918 0.5805427996974731 0.010047850145161547
vn -0.8141677335947918 0.5805427996974731 0.010047850145161547
vn -0.8141677335947918 0.5805427996974731 0.010047850145161547
vn -0.7980259299664423 0.6010188044155065 0.04394327980647482
vn -0.7980259299664423 0.6010188044155065 0.04394327980647482
vn -0.7980259299664423 0.6010188044155065 0.04394327980647482
vn -0.7798262567465621 0.6259929919422731 -0.0019450778406769058
vn -0.7798262567465621 0.6259929919422731 -0.0019450778406769058
vn -0.7798262567465621 0.6259929919422731 -0.0019450778406769058
vn -0.7724103238085736 0.6339344305564845 -0.038851376152720704
vn -0.7724103238085736 0.6339344305564845 -0.038851376152720704
vn -0.7724103238085736 0.6339344305564845 -0.038851376152720704
vn -0.7646569668680437 0.6441534211302137 0.019133558644561163
vn -0.7646569668680437 0.6441534211302137 0.019133558644561163
vn -0.7646569668680437 0.6441534211302137 0.019133558644561163
vn -0.744815501586001 0.6664860008689479 0.032346240011948954
vn -0.744815501586001 0.6664860008689479 0.032346240011948954
vn -0.744815501586001 0.6664860008689479 0.032346240011948954
vn -0.7237932098176353 0.6894356619997828 -0.02831708644627487
vn -0.7237932098176353 0.6894356619997828 -0.02831708644627487
vn -0.7237932098176353 0.6894356619997828 -0.02831708644627487
vn -0.7211159693814075 0.6925700524058318 0.018397858943263182
vn -0.7211159693814075 0.6925700524058318 0.018397858943263182
vn -0.7211159693814075 0.6925700524058318 0.018397858943263182
vn -0.7121209472939748 0.7001525134862215 0.05167411619039506
vn -0.7121209472939748 0.7001525134862215 0.05167411619039506
vn -0.7121209472939748 0.7001525134862215 0.05167411619039506
vn -0.6849042149923878 0.7275847763649227 0.03907185032304476
vn -0.6849042149923878 0.7275847763649227 0.03907185032304476
vn -0.6849042149923878 0.7275847763649227 0.03907185032304476
vn -0.6590368688883993 0.7506108216995285 -0.04747420134487076
vn -0.6590368688883993 0.7506108216995285 -0.04747420134487076
vn -0.6590368688883993 0.7506108216995285 -0.04747420134487076
vn -0.6640385056666583 0.7473522125082105 -0.02274936155311122
vn -0.6640385056666583 0.7473522125082105 -0.02274936155311122
vn -0.6640385056666583 0.7473522125082105 -0.02274936155311122
vn -0.6434235405534711 0.76374141376435 0.05201154067000813
vn -0.6434235405534711 0.76374141376435 0.05201154067000813
vn -0.6434235405534711 0.76374141376435 0.05201154067000813
vn -0.6230186815879585 0.7813588375608089 0.03641550985532862
vn -0.6230186815879585 0.7813588375608089 0.03641550985532862
vn -0.6230186815879585 0.7813588375608089 0.03641550985532862
vn -0.5945379066494405 0.8015209340026628 -0.06394427192798534
vn -0.5945379066494405 0.8015209340026628 -0.06394427192798534
vn -0.5945379066494405 0.8015209340026628 -0.06394427192798534
vn -0.5937448684482312 0.803884260289601 -0.03517281976233409
vn -0.5937448684482312 0.803884260289601 -0.03517281976233409
vn -0.5937448684482312 0.803884260289601 -0.03517281976233409
vn -0.5738126747168617 0.8166139880716926 0.06229453282533206
vn -0.5738126747168617 0.8166139880716926 0.06229453282533206
vn -0.5738126747168617 0.8166139880716926 0.06229453282533206
vn -0.5529942423469748 0.8308644757000432 0.06214170057849584
vn -0.5529942423469748 0.8308644757000432 0.06214170057849584
vn -0.5529942423469748 0.8308644757000432 0.06214170057849584
vn -0.5263025045839066 0.8500332044471973 -0.021194928778751707
vn -0.5263025045839066 0.8500332044471973 -0.021194928778751707
vn -0.5263025045839066 0.8500332044471973 -0.021194928778751707
vn -0.2980940655856329 0.9538612416548191 0.03589790706092827
vn -0.2980940655856329 0.9538612416548191 0.03589790706092827
vn -0.2980940655856329 0.9538612416548191 0.03589790706092827
vn 0.17949647994442422 -0.9808300024395306 0.07585196109548681
vn 0.17949647994442422 -0.9808300024395306 0.07585196109548681
vn 0.17949647994442422 -0.9808300024395306 0.07585196109548681
vn 0.1634203044322731 -0.9810839281954233 0.10376960024930625
vn 0.1634203044322731 -0.9810839281954233 0.10376960024930625
vn 0.1634203044322731 -0.9810839281954233 0.10376960024930625
vn 0.16687788143006244 -0.985756818836756 -0.02086304882449293
vn 0.16687788143006244 -0.985756818836756 -0.02086304882449293
vn 0.16687788143006244 -0.985756818836756 -0.02086304882449293
vn 0.1688564877143155 -0.9841533959700068 -0.05412559244468424
vn 0.1688564877143155 -0.9841533959700068 -0.05412559244468424
vn 0.1688564877143155 -0.9841533959700068 -0.05412559244468424
vn 0.14806989153663092 -0.9876982185988544 0.05027460787494841
vn 0.14806989153663092 -0.9876982185988544 0.05027460787494841
vn 0.14806989153663092 -0.9876982185988544 0.05027460787494841
vn 0.1288439001027637 -0.9881448481994934 0.08348058686370845
vn 0.1288439001027637 -0.9881448481994934 0.08348058686370845
vn 0.1288439001027637 -0.9881448481994934 0.08348058686370845
vn 0.1206950008457547 -0.9926884048402814 -0.0015645019977234124
vn 0.1206950008457547 -0.9926884048402814 -0.0015645019977234124
vn 0.1206950008457547 -0.9926884048402814 -0.0015645019977234124
vn 0.1213475909197465 -0.9908862084458943 -0.058474644844527995
vn 0.1213475909197465 -0.9908862084458943 -0.058474644844527995
vn 0.1213475909197465 -0.9908862084458943 -0.058474644844527995
vn 0.0918355412882301 -0.9940923211520358 0.05785058671141737
vn 0.0918355412882301 -0.9940923211520358 0.05785058671141737
vn 0.0918355412882301 -0.9940923211520358 0.05785058671141737
vn 0.06763194555531821 -0.993494280183869 0.0916244245948549
vn 0.06763194555531821 -0.993494280183869 0.0916244245948549
vn 0.06763194555531821 -0.993494280183869 0.0916244245948549
vn 0.04917519535255726 -0.9987411490211145 0.009895322835655062
vn 0.04917519535255726 -0.9987411490211145 0.009895322835655062
vn 0.04917519535255726 -0.9987411490211145 0.009895322835655062
vn 0.04603939793300839 -0.990877491326831 -0.12665769230414822
vn 0.04603939793300839 -0.990877491326831 -0.12665769230414822
vn 0.04603939793300839 -0.990877491326831 -0.12665769230414822
vn 0.024843210149651383 -0.99921458135873 -0.03087126996996349
vn 0.024843210149651383 -0.99921458135873 -0.03087126996996349
vn 0.024843210149651383 -0.99921458135873 -0.03087126996996349
vn -0.03845298007261158 -0.99213608429338 0.11911069879122667
vn -0.03845298007261158 -0.99213608429338 0.11911069879122667
vn -0.03845298007261158 -0.99213608429338 0.11911069879122667
vn -0.06427971873028313 -0.9979293716270127 0.002255438775858538
vn -0.06427971873028313 -0.9979293716270127 0.002255438775858538
vn -0.06427971873028313 -0.9979293716270127 0.002255438775858538
vn -0.06377475752269102 -0.9910706349333268 -0.11709729662026494
vn -0.06377475752269102 -0.9910706349333268 -0.11709729662026494
vn -0.06377475752269102 -0.9910706349333268 -0.11709729662026494
vn -0.10346119310045503 -0.9944085079029773 0.02115421783958709
vn -0.10346119310045503 -0.9944085079029773 0.02115421783958709
vn -0.10346119310045503 -0.9944085079029773 0.02115421783958709
vn -0.1321907014610104 -0.9895321510861266 0.05789421744966557
vn -0.1321907014610104 -0.9895321510861266 0.05789421744966557
vn -0.1321907014610104 -0.9895321510861266 0.05789421744966557
vn -0.1555330047637737 -0.9874918710805392 -0.02587061999658262
vn -0.1555330047637737 -0.9874918710805392 -0.02587061999658262
vn -0.1555330047637737 -0.9874918710805392 -0.02587061999658262
vn -0.1570549040670334 -0.9855407661164307 -0.06358581155520564
vn -0.1570549040670334 -0.9855407661164307 -0.06358581155520564
vn -0.1570549040670334 -0.9855407661164307 -0.06358581155520564
vn -0.18908130033030973 -0.9811630456877249 0.03958964059178728
vn -0.18908130033030973 -0.9811630456877249 0.03958964059178728
vn -0.18908130033030973 -0.9811630456877249 0.03958964059178728
vn -0.2146350926559895 -0.9741956159692847 0.06981890021176748
vn -0.2146350926559895 -0.9741956159692847 0.06981890021176748
vn -0.2146350926559895 -0.9741956159692847 0.06981890021176748
vn -0.2338419892353303 -0.9722745575349983 -0.0003299099679225087
vn -0.2338419892353303 -0.9722745575349983 -0.0003299099679225087
vn -0.2338419892353303 -0.9722745575349983 -0.0003299099679225087
vn -0.2370912850954581 -0.9671985389724191 -0.09118502476504584
vn -0.2370912850954581 -0.9671985389724191 -0.09118502476504584
vn -0.2370912850954581 -0.9671985389724191 -0.09118502476504584
vn -0.2678225986812825 -0.9632813522599661 0.01897609084653132
vn -0.2678225986812825 -0.9632813522599661 0.01897609084653132
vn -0.2678225986812825 -0.9632813522599661 0.01897609084653132
vn -0.2891040719872375 -0.9550829455348997 0.06507997164088473
vn -0.2891040719872375 -0.9550829455348997 0.06507997164088473
vn -0.2891040719872375 -0.9550829455348997 0.06507997164088473
vn -0.3199871751000867 -0.9465754546869459 0.04003893549619046
vn -0.3199871751000867 -0.9465754546869459 0.04003893549619046
vn -0.3199871751000867 -0.9465754546869459 0.04003893549619046
vn -0.3288075681571797 -0.9439314763636744 -0.029647108669409578
vn -0.3288075681571797 -0.9439314763636744 -0.029647108669409578
vn -0.3288075681571797 -0.9439314763636744 -0.029647108669409578
vn -0.3291780302405756 -0.9411641811885124 -0.07649711402851718
vn -0.3291780302405756 -0.9411641811885124 -0.07649711402851718
vn -0.3291780302405756 -0.9411641811885124 -0.07649711402851718
vn -0.369309909482153 -0.9284466092300018 0.039963540478747575
vn -0.369309909482153 -0.9284466092300018 0.039963540478747575
vn -0.369309909482153 -0.9284466092300018 0.039963540478747575
vn -0.406117086422664 -0.9138187873643193 0.0020337098051837403
vn -0.406117086422664 -0.9138187873643193 0.0020337098051837403
vn -0.406117086422664 -0.9138187873643193 0.0020337098051837403
vn -0.41087123468953934 -0.9104365643804205 -0.04785489258027704
vn -0.41087123468953934 -0.9104365643804205 -0.04785489258027704
vn -0.41087123468953934 -0.9104365643804205 -0.04785489258027704
vn -0.437328794290483 -0.8982246099392613 0.04400086117219019
vn -0.437328794290483 -0.8982246099392613 0.04400086117219019
vn -0.437328794290483 -0.8982246099392613 0.04400086117219019
vn -0.47916404290254777 -0.8774494689447285 0.022005668312943334
vn -0.47916404290254777 -0.8774494689447285 0.022005668312943334
vn -0.47916404290254777 -0.8774494689447285 0.022005668312943334
vn -0.4860117265238499 -0.8692566981022026 -0.09047316997741855
vn -0.4860117265238499 -0.8692566981022026 -0.09047316997741855
vn -0.4860117265238499 -0.8692566981022026 -0.09047316997741855
vn -0.5072283121133868 -0.8618028713008912 -0.003905177095120257
vn -0.5072283121133868 -0.8618028713008912 -0.003905177095120257
vn -0.5072283121133868 -0.8618028713008912 -0.003905177095120257
vn -0.5375050926832321 -0.8391433992434282 0.08322638311121387
vn -0.5375050926832321 -0.8391433992434282 0.08322638311121387
vn -0.5375050926832321 -0.8391433992434282 0.08322638311121387
vn -0.5651857158254465 -0.8217092609053902 0.07320517173803509
vn -0.5651857158254465 -0.8217092609053902 0.07320517173803509
vn -0.5651857158254465 -0.8217092609053902 0.07320517173803509
vn -0.5810747182282302 -0.8136266519909137 -0.019074669224906235
vn -0.5810747182282302 -0.8136266519909137 -0.019074669224906235
vn -0.5810747182282302 -0.8136266519909137 -0.019074669224906235
vn -0.5988501977425553 -0.800711998900146 -0.015451067310555006
vn -0.5988501977425553 -0.800711998900146 -0.015451067310555006
vn -0.5988501977425553 -0.800711998900146 -0.015451067310555006
vn -0.5830939480092945 -0.8086676691868093 -0.07783346713919015
vn -0.5830939480092945 -0.8086676691868093 -0.07783346713919015
vn -0.5830939480092945 -0.8086676691868093 -0.07783346713919015
vn -0.6286428988766172 -0.7749629397272814 0.06511948818328539
vn -0.6286428988766172 -0.7749629397272814 0.06511948818328539
vn -0.6286428988766172 -0.7749629397272814 0.06511948818328539
vn -0.6496784918383445 -0.758462396449746 0.051503887371365624
vn -0.6496784918383445 -0.758462396449746 0.051503887371365624
vn -0.6496784918383445 -0.758462396449746 0.051503887371365624
vn -0.664554768367351 -0.74609851119318 -0.04127918889145869
vn -0.664554768367351 -0.74609851119318 -0.04127918889145869
vn -0.664554768367351 -0.74609851119318 -0.04127918889145869
vn -0.6649188494605756 -0.7424180614057357 -0.08184342203606632
vn -0.6649188494605756 -0.7424180614057357 -0.08184342203606632
vn -0.6649188494605756 -0.7424180614057357 -0.08184342203606632
vn -0.6909955417046736 -0.7225213932467635 0.022090668731860604
vn -0.6909955417046736 -0.7225213932467635 0.022090668731860604
vn -0.6909955417046736 -0.7225213932467635 0.022090668731860604
vn -0.7183001718911343 -0.6925138313620631 0.06685399339907132
vn -0.7183001718911343 -0.6925138313620631 0.06685399339907132
vn -0.7183001718911343 -0.6925138313620631 0.06685399339907132
vn -0.7349401515694973 -0.6781092104599326 0.00555628476692987
vn -0.7349401515694973 -0.6781092104599326 0.00555628476692987
vn -0.7349401515694973 -0.6781092104599326 0.00555628476692987
vn -0.7350265653932943 -0.6688941367002134 -0.11098009755903822
vn -0.7350265653932943 -0.6688941367002134 -0.11098009755903822
vn -0.7350265653932943 -0.6688941367002134 -0.11098009755903822
vn -0.7712892174885757 -0.6351358792503679 0.04141687910409063
vn -0.7712892174885757 -0.6351358792503679 0.04141687910409063
vn -0.7712892174885757 -0.6351358792503679 0.04141687910409063
vn -0.7887677004908494 -0.6138836184812484 0.031502660566160454
vn -0.7887677004908494 -0.6138836184812484 0.031502660566160454
vn -0.7887677004908494 -0.6138836184812484 0.031502660566160454
vn -0.8053911143772422 -0.592083917402522 -0.027960465580302726
vn -0.8053911143772422 -0.592083917402522 -0.027960465580302726
vn -0.8053911143772422 -0.592083917402522 -0.027960465580302726
vn -0.8003664065609752 -0.5968738234737193 -0.05617164854742123
vn -0.8003664065609752 -0.5968738234737193 -0.05617164854742123
vn -0.8003664065609752 -0.5968738234737193 -0.05617164854742123
vn -0.8198835049486448 -0.5716507888495936 0.031724027499087704
vn -0.8198835049486448 -0.5716507888495936 0.031724027499087704
vn -0.8198835049486448 -0.5716507888495936 0.031724027499087704
vn -0.8398442151741795 -0.5417154952161095 0.034727748001152615
vn -0.8398442151741795 -0.5417154952161095 0.034727748001152615
vn -0.8398442151741795 -0.5417154952161095 0.034727748001152615
vn -0.8482891740165236 -0.5293022879745439 -0.01563858021935884
vn -0.8482891740165236 -0.5293022879745439 -0.01563858021935884
vn -0.8482891740165236 -0.5293022879745439 -0.01563858021935884
vn -0.8496267307870926 -0.5187370247239269 -0.09511213125887522
vn -0.8496267307870926 -0.5187370247239269 -0.09511213125887522
vn -0.8496267307870926 -0.5187370247239269 -0.09511213125887522
vn -0.8652039256583232 -0.5014200260596017 0.00035283397653108943
vn -0.8652039256583232 -0.5014200260596017 0.00035283397653108943
vn -0.8652039256583232 -0.5014200260596017 0.00035283397653108943
vn -0.8772934328596299 -0.4752576486287778 0.06698059481082155
vn -0.8772934328596299 -0.4752576486287778 0.06698059481082155
vn -0.8772934328596299 -0.4752576486287778 0.06698059481082155
vn -0.8898790706233494 -0.45146838984872373 0.06550979036697285
vn -0.8898790706233494 -0.45146838984872373 0.06550979036697285
vn -0.8898790706233494 -0.45146838984872373 0.06550979036697285
vn -0.904844693073828 -0.4232571086597309 -0.04592930856364935
vn -0.904844693073828 -0.4232571086597309 -0.04592930856364935
vn -0.904844693073828 -0.4232571086597309 -0.04592930856364935
vn -0.9046391354314632 -0.4214168240154205 -0.06352869495409914
vn -0.9046391354314632 -0.4214168240154205 -0.06352869495409914
vn -0.9046391354314632 -0.4214168240154205 -0.06352869495409914
vn -0.924037802995909 -0.37992169994864855 0.042586858802012524
vn -0.924037802995909 -0.37992169994864855 0.042586858802012524
vn -0.924037802995909 -0.37992169994864855 0.042586858802012524
vn -0.93664411796075 -0.35025667435783603 0.004249512597647929
vn -0.93664411796075 -0.35025667435783603 0.004249512597647929
vn -0.93664411796075 -0.35025667435783603 0.004249512597647929
vn -0.9395948136815254 -0.337446275404664 -0.057372443893379706
vn -0.9395948136815254 -0.337446275404664 -0.057372443893379706
vn -0.9395948136815254 -0.337446275404664 -0.057372443893379706
vn -0.9445882831341114 -0.32785790449504815 -0.01619165914500165
vn -0.9445882831341114 -0.32785790449504815 -0.01619165914500165
vn -0.9445882831341114 -0.32785790449504815 -0.01619165914500165
vn -0.9549990009869679 -0.29389627886295466 0.04002356036638455
vn -0.9549990009869679 -0.29389627886295466 0.04002356036638455
vn -0.9549990009869679 -0.29389627886295466 0.04002356036638455
vn -0.9658383948895144 -0.25906581281558616 -0.006410895994021418
vn -0.9658383948895144 -0.25906581281558616 -0.006410895994021418
vn -0.9658383948895144 -0.25906581281558616 -0.006410895994021418
vn -0.9662956408705102 -0.2505221616497558 -0.05925690640746913
vn -0.9662956408705102 -0.2505221616497558 -0.05925690640746913
vn -0.9662956408705102 -0.2505221616497558 -0.05925690640746913
vn -0.9737646923758273 -0.22724359639431027 0.011944529291292132
vn -0.9737646923758273 -0.22724359639431027 0.011944529291292132
vn -0.9737646923758273 -0.22724359639431027 0.011944529291292132
vn -0.9844695933202404 -0.17435438944253148 0.020497968435981118
vn -0.9844695933202404 -0.17435438944253148 0.020497968435981118
vn -0.9844695933202404 -0.17435438944253148 0.020497968435981118
vn -0.9852243007445373 -0.16334989570130537 -0.051477070592742126
vn -0.9852243007445373 -0.16334989570130537 -0.051477070592742126
vn -0.9852243007445373 -0.16334989570130537 -0.051477070592742126
vn -0.9924198628276479 -0.11862889218183424 0.03209364119047886
vn -0.9924198628276479 -0.11862889218183424 0.03209364119047886
vn -0.9924198628276479 -0.11862889218183424 0.03209364119047886
vn -0.9928462130033971 -0.11625980099236281 0.027203970262247926
vn -0.9928462130033971 -0.11625980099236281 0.027203970262247926
vn -0.9928462130033971 -0.11625980099236281 0.027203970262247926
vn -0.9939855367528332 -0.09304021327327036 -0.05776046606673853
vn -0.9939855367528332 -0.09304021327327036 -0.05776046606673853
vn -0.9939855367528332 -0.09304021327327036 -0.05776046606673853
vn -0.9966619104984878 -0.061673820577207134 0.05349183131015891
vn -0.9966619104984878 -0.061673820577207134 0.05349183131015891
vn -0.9966619104984878 -0.061673820577207134 0.05349183131015891
vn -0.9969644088353427 -0.01671694801027309 -0.07604282454523614
vn -0.9969644088353427 -0.01671694801027309 -0.07604282454523614
vn -0.9969644088353427 -0.01671694801027309 -0.07604282454523614
vn 0.21359489743963872 -0.9630693145765231 -0.16393509419540497
vn 0.21359489743963872 -0.9630693145765231 -0.16393509419540497
vn 0.21359489743963872 -0.9630693145765231 -0.16393509419540497
vn 0.696307963883406 -0.699887044022729 -0.15910168145457132
vn 0.696307963883406 -0.699887044022729 -0.15910168145457132
vn 0.696307963883406 -0.699887044022729 -0.15910168145457132
vn 0.9088659168501902 -0.40833839243990266 0.08498530724577709
vn 0.9088659168501902 -0.40833839243990266 0.08498530724577709
vn 0.9088659168501902 -0.40833839243990266 0.08498530724577709
vn 0.9061835175574486 -0.41031845350702306 0.10232399141361825
vn 0.9061835175574486 -0.41031845350702306 0.10232399141361825
vn 0.9061835175574486 -0.41031845350702306 0.10232399141361825
vn 0.8560062496792872 -0.5032670409662711 0.1182183826105557
vn 0.8560062496792872 -0.5032670409662711 0.1182183826105557
vn 0.8560062496792872 -0.5032670409662711 0.1182183826105557
vn 0.8323178652736858 -0.5477736437875406 -0.08479980140292409
vn 0.8323178652736858 -0.5477736437875406 -0.08479980140292409
vn 0.8323178652736858 -0.5477736437875406 -0.08479980140292409
vn 0.8248658920866185 -0.5466223454920219 -0.14422299220633095
vn 0.8248658920866185 -0.5466223454920219 -0.14422299220633095
vn 0.8248658920866185 -0.5466223454920219 -0.14422299220633095
vn 0.7325236098773353 -0.6514901427648976 0.1974075856000748
vn 0.7325236098773353 -0.6514901427648976 0.1974075856000748
vn 0.7325236098773353 -0.6514901427648976 0.1974075856000748
vn 0.30982326896036094 -0.4685638759487387 0.8273194281331794
vn 0.30982326896036094 -0.4685638759487387 0.8273194281331794
vn 0.30982326896036094 -0.4685638759487387 0.8273194281331794
vn 0.9618707423847 -0.0049229865600193224 0.2734601235054865
vn 0.9618707423847 -0.0049229865600193224 0.2734601235054865
vn 0.9618707423847 -0.0049229865600193224 0.2734601235054865
vn 0.8177555903659185 0.24239249836241283 0.5220360822423256
vn 0.8177555903659185 0.24239249836241283 0.5220360822423256
vn 0.8177555903659185 0.24239249836241283 0.5220360822423256
vn 0.9996876471899445 -0.02499215988731087 0
vn 0.9996876471899445 -0.02499215988731087 0
vn 0.9996876471899445 -0.02499215988731087 0
vn -0.15488429817583574 0.005756914317246246 0.9879158426283701
vn -0.15488429817583574 0.005756914317246246 0.9879158426283701
vn -0.15488429817583574 0.005756914317246246 0.9879158426283701
vn -0.1251268801875357 0.05044214670998031 0.9908576354299454
vn -0.1251268801875357 0.05044214670998031 0.9908576354299454
vn -0.1251268801875357 0.05044214670998031 0.9908576354299454
vn 0.1384471087658752 -0.09495680976840179 0.9858070817117199
vn 0.1384471087658752 -0.09495680976840179 0.9858070817117199
vn 0.1384471087658752 -0.09495680976840179 0.9858070817117199
vn -0.15330998536546928 0.018194008543849147 0.9880106408538046
vn -0.15330998536546928 0.018194008543849147 0.9880106408538046
vn -0.15330998536546928 0.018194008543849147 0.9880106408538046
vn -0.14560888831656835 0.06835549382971132 0.9869780028483459
vn -0.14560888831656835 0.06835549382971132 0.9869780028483459
vn -0.14560888831656835 0.06835549382971132 0.9869780028483459
vn -0.043430796643326476 0.10331138703856552 0.9937004192467133
vn -0.043430796643326476 0.10331138703856552 0.9937004192467133
vn -0.043430796643326476 0.10331138703856552 0.9937004192467133
vn -0.19772927451805009 -0.006366429846836969 0.9802359933044547
vn -0.19772927451805009 -0.006366429846836969 0.9802359933044547
vn -0.19772927451805009 -0.006366429846836969 0.9802359933044547
vn -0.3536696791293075 -0.29726449153123696 0.8868774324218921
vn -0.3536696791293075 -0.29726449153123696 0.8868774324218921
vn -0.3536696791293075 -0.29726449153123696 0.8868774324218921
vn -0.21225518189991224 -0.12227949616332315 0.9695336314820021
vn -0.21225518189991224 -0.12227949616332315 0.9695336314820021
vn -0.21225518189991224 -0.12227949616332315 0.9695336314820021
vn -0.17093269794882518 -0.21332259810551854 0.9619124086471945
vn -0.17093269794882518 -0.21332259810551854 0.9619124086471945
vn -0.17093269794882518 -0.21332259810551854 0.9619124086471945
vn -0.20775320075456666 -0.1186892042835784 0.9709539022851518
vn -0.20775320075456666 -0.1186892042835784 0.9709539022851518
vn -0.20775320075456666 -0.1186892042835784 0.9709539022851518
vn -0.12705952050071942 0.21437201108006512 0.9684526416483231
vn -0.12705952050071942 0.21437201108006512 0.9684526416483231
vn -0.12705952050071942 0.21437201108006512 0.9684526416483231
vn -0.08600996554862712 0.02920698787847191 0.9958660741713169
vn -0.08600996554862712 0.02920698787847191 0.9958660741713169
vn -0.08600996554862712 0.02920698787847191 0.9958660741713169
vn -0.12700548532592823 0.009446262206850178 0.9918570334617004
vn -0.12700548532592823 0.009446262206850178 0.9918570334617004
vn -0.12700548532592823 0.009446262206850178 0.9918570334617004
vn -0.20003499268540678 -0.20377819421290788 0.9583634223324028
vn -0.20003499268540678 -0.20377819421290788 0.9583634223324028
vn -0.20003499268540678 -0.20377819421290788 0.9583634223324028
vn -0.09375010634530626 0.20169939539032564 0.9749503943583082
vn -0.09375010634530626 0.20169939539032564 0.9749503943583082
vn -0.09375010634530626 0.20169939539032564 0.9749503943583082
vn -0.10135539586986364 0.2079362862261069 0.972876962723734
vn -0.10135539586986364 0.2079362862261069 0.972876962723734
vn -0.10135539586986364 0.2079362862261069 0.972876962723734
vn -0.10401499261812837 0.20723378639208037 0.972746132908403
vn -0.10401499261812837 0.20723378639208037 0.972746132908403
vn -0.10401499261812837 0.20723378639208037 0.972746132908403
vn -0.10055758547306948 0.1876321685085623 0.9770784724599149
vn -0.10055758547306948 0.1876321685085623 0.9770784724599149
vn -0.10055758547306948 0.1876321685085623 0.9770784724599149
vn -0.09948890479528169 0.21162169795871225 0.9722747630046288
vn -0.09948890479528169 0.21162169795871225 0.9722747630046288
vn -0.09948890479528169 0.21162169795871225 0.9722747630046288
vn -0.10528878974251046 0.20685647637517127 0.972689400032819
vn -0.10528878974251046 0.20685647637517127 0.972689400032819
vn -0.10528878974251046 0.20685647637517127 0.972689400032819
vn -0.10255429663646866 0.21038949017575162 0.9722236772805868
vn -0.10255429663646866 0.21038949017575162 0.9722236772805868
vn -0.10255429663646866 0.21038949017575162 0.9722236772805868
vn -0.10455869612957555 0.20859810170613322 0.9723961697930947
vn -0.10455869612957555 0.20859810170613322 0.9723961697930947
vn -0.10455869612957555 0.20859810170613322 0.9723961697930947
vn -0.10531309673777398 0.21036838849352507 0.9719332758878757
vn -0.10531309673777398 0.21036838849352507 0.9719332758878757
vn -0.10531309673777398 0.21036838849352507 0.9719332758878757
vn -0.10594450994388792 0.20867401975972139 0.9722298670016618
vn -0.10594450994388792 0.20867401975972139 0.9722298670016618
vn -0.10594450994388792 0.20867401975972139 0.9722298670016618
vn -0.10486198945040319 0.20898438956844959 0.9722805603760707
vn -0.10486198945040319 0.20898438956844959 0.9722805603760707
vn -0.10486198945040319 0.20898438956844959 0.9722805603760707
vn -0.10472449811927147 0.2093023092056269 0.9722269914247694
vn -0.10472449811927147 0.2093023092056269 0.9722269914247694
vn -0.10472449811927147 0.2093023092056269 0.9722269914247694
vn -0.1095930957951928 0.2230730850671132 0.9686215732021801
vn -0.1095930957951928 0.2230730850671132 0.9686215732021801
vn -0.1095930957951928 0.2230730850671132 0.9686215732021801
vn -0.11315379567266896 0.2188853972797812 0.9691673753189076
vn -0.11315379567266896 0.2188853972797812 0.9691673753189076
vn -0.11315379567266896 0.2188853972797812 0.9691673753189076
vn -0.0912762129063821 -0.18937988450564322 0.9776522450759768
vn -0.0912762129063821 -0.18937988450564322 0.9776522450759768
vn -0.0912762129063821 -0.18937988450564322 0.9776522450759768
vn -0.082775817879496 -0.20652917416231745 0.9749327485494637
vn -0.082775817879496 -0.20652917416231745 0.9749327485494637
vn -0.082775817879496 -0.20652917416231745 0.9749327485494637
vn -0.08541493176396127 -0.08245985266501782 0.9929273196615255
vn -0.08541493176396127 -0.08245985266501782 0.9929273196615255
vn -0.08541493176396127 -0.08245985266501782 0.9929273196615255
vn -0.08563255368852848 -0.08233050857980832 0.9929193084565188
vn -0.08563255368852848 -0.08233050857980832 0.9929193084565188
vn -0.08563255368852848 -0.08233050857980832 0.9929193084565188
vn -0.06531273703314161 0.23853227969748297 0.9689358069157944
vn -0.06531273703314161 0.23853227969748297 0.9689358069157944
vn -0.06531273703314161 0.23853227969748297 0.9689358069157944
vn -0.0742562926475368 0.25101595837091756 0.9651305567877193
vn -0.0742562926475368 0.25101595837091756 0.9651305567877193
vn -0.0742562926475368 0.25101595837091756 0.9651305567877193
vn -0.0026637311833525718 0.17081960020169704 0.9852987205528663
vn -0.0026637311833525718 0.17081960020169704 0.9852987205528663
vn -0.0026637311833525718 0.17081960020169704 0.9852987205528663
vn -0.047772514740753926 -0.027049237395444778 0.9984919256517147
vn -0.047772514740753926 -0.027049237395444778 0.9984919256517147
vn -0.047772514740753926 -0.027049237395444778 0.9984919256517147
vn -0.06434761795992645 0.3349507781965843 0.9400358292365167
vn -0.06434761795992645 0.3349507781965843 0.9400358292365167
vn -0.06434761795992645 0.3349507781965843 0.9400358292365167
vn -0.042525230811251626 -0.09516697892198438 0.9945525882864678
vn -0.042525230811251626 -0.09516697892198438 0.9945525882864678
vn -0.042525230811251626 -0.09516697892198438 0.9945525882864678
vn 0.17391450542290174 -0.08691649803596263 0.9809175639026311
vn 0.17391450542290174 -0.08691649803596263 0.9809175639026311
vn 0.17391450542290174 -0.08691649803596263 0.9809175639026311
vn 0.019360480608350043 -0.3299722037672716 0.9437920939124167
vn 0.019360480608350043 -0.3299722037672716 0.9437920939124167
vn 0.019360480608350043 -0.3299722037672716 0.9437920939124167
vn -0.006230771045277814 -0.11569020095170611 0.9932658027416101
vn -0.006230771045277814 -0.11569020095170611 0.9932658027416101
vn -0.006230771045277814 -0.11569020095170611 0.9932658027416101
vn -0.01465504985993512 -0.05507117125909888 0.9983748772929705
vn -0.01465504985993512 -0.05507117125909888 0.9983748772929705
vn -0.01465504985993512 -0.05507117125909888 0.9983748772929705
vn -0.07530962817305607 0.20735390873920623 0.9753629152448893
vn -0.07530962817305607 0.20735390873920623 0.9753629152448893
vn -0.07530962817305607 0.20735390873920623 0.9753629152448893
vn 0.038915927665864984 -0.21240560280693868 0.9764063756808053
vn 0.038915927665864984 -0.21240560280693868 0.9764063756808053
vn 0.038915927665864984 -0.21240560280693868 0.9764063756808053
vn -0.05401759736615693 0.3501878770814156 0.9351206071518258
vn -0.05401759736615693 0.3501878770814156 0.9351206071518258
vn -0.05401759736615693 0.3501878770814156 0.9351206071518258
vn -0.024661118644839383 0.237772886614427 0.9710076640368128
vn -0.024661118644839383 0.237772886614427 0.9710076640368128
vn -0.024661118644839383 0.237772886614427 0.9710076640368128
vn -0.15464709850279568 0.023538699603629924 0.9876893259247245
vn -0.15464709850279568 0.023538699603629924 0.9876893259247245
vn -0.15464709850279568 0.023538699603629924 0.9876893259247245
vn -0.008473038660377078 0.16625651691630897 0.9860461339099286
vn -0.008473038660377078 0.16625651691630897 0.9860461339099286
vn -0.008473038660377078 0.16625651691630897 0.9860461339099286
vn -0.2996769830864073 -0.00302392173014387 0.9540359331312418
vn -0.2996769830864073 -0.00302392173014387 0.9540359331312418
vn -0.2996769830864073 -0.00302392173014387 0.9540359331312418
vn 0.03602962984318002 0.4521398002711501 0.8912190902264875
vn 0.03602962984318002 0.4521398002711501 0.8912190902264875
vn 0.03602962984318002 0.4521398002711501 0.8912190902264875
vn 0.018963028235237194 0.20809439362092166 0.9779249086221757
vn 0.018963028235237194 0.20809439362092166 0.9779249086221757
vn 0.018963028235237194 0.20809439362092166 0.9779249086221757
vn 0.1206175021241771 -0.011748489990643533 0.9926295336953579
vn 0.1206175021241771 -0.011748489990643533 0.9926295336953579
vn 0.1206175021241771 -0.011748489990643533 0.9926295336953579
vn 0.040267697541041196 -0.03372567069482696 0.9986195930738228
vn 0.040267697541041196 -0.03372567069482696 0.9986195930738228
vn 0.040267697541041196 -0.03372567069482696 0.9986195930738228
vn 0.03245912574047693 -0.04482846820039482 0.998467232108781
vn 0.03245912574047693 -0.04482846820039482 0.998467232108781
vn 0.03245912574047693 -0.04482846820039482 0.998467232108781
vn 0.025783827104773668 0.22076438004688967 0.9749862987562152
vn 0.025783827104773668 0.22076438004688967 0.9749862987562152
vn 0.025783827104773668 0.22076438004688967 0.9749862987562152
vn 0.02564728039349519 -0.05418514760121748 0.998201476049726
vn 0.02564728039349519 -0.05418514760121748 0.998201476049726
vn 0.02564728039349519 -0.05418514760121748 0.998201476049726
vn 0.05347663179383791 -0.0987655523254734 0.9936727909758979
vn 0.05347663179383791 -0.0987655523254734 0.9936727909758979
vn 0.05347663179383791 -0.0987655523254734 0.9936727909758979
vn -0.0189669693575992 -0.08373605572497167 0.9963074460451514
vn -0.0189669693575992 -0.08373605572497167 0.9963074460451514
vn -0.0189669693575992 -0.08373605572497167 0.9963074460451514
vn 0.01492159880727811 0.09905271059223024 0.9949703042872016
vn 0.01492159880727811 0.09905271059223024 0.9949703042872016
vn 0.01492159880727811 0.09905271059223024 0.9949703042872016
vn 0.005150196971640414 -0.09225628341987724 0.9957219760760052
vn 0.005150196971640414 -0.09225628341987724 0.9957219760760052
vn 0.005150196971640414 -0.09225628341987724 0.9957219760760052
vn -0.0011263479207806928 -0.09935294058165098 0.9950516190319679
vn -0.0011263479207806928 -0.09935294058165098 0.9950516190319679
vn -0.0011263479207806928 -0.09935294058165098 0.9950516190319679
vn -0.00875568271194393 -0.10572459985062047 0.9943569012214246
vn -0.00875568271194393 -0.10572459985062047 0.9943569012214246
vn -0.00875568271194393 -0.10572459985062047 0.9943569012214246
vn 0.03388022725267047 0.16233326944414567 0.9861541663618735
vn 0.03388022725267047 0.16233326944414567 0.9861541663618735
vn 0.03388022725267047 0.16233326944414567 0.9861541663618735
vn -0.06831835206611528 -0.08493792261038846 0.9940413231217313
vn -0.06831835206611528 -0.08493792261038846 0.9940413231217313
vn -0.06831835206611528 -0.08493792261038846 0.9940413231217313
vn 0.10373679285706296 0.3232808627248083 0.940599894537329
vn 0.10373679285706296 0.3232808627248083 0.940599894537329
vn 0.10373679285706296 0.3232808627248083 0.940599894537329
vn 0.11987308996899669 0.31640857033285796 0.9410186283603539
vn 0.11987308996899669 0.31640857033285796 0.9410186283603539
vn 0.11987308996899669 0.31640857033285796 0.9410186283603539
vn 0.1284666074134263 0.30619246071074324 0.9432616327316532
vn 0.1284666074134263 0.30619246071074324 0.9432616327316532
vn 0.1284666074134263 0.30619246071074324 0.9432616327316532
vn -0.1379265049738076 -0.02377491833389749 0.9901570746522629
vn -0.1379265049738076 -0.02377491833389749 0.9901570746522629
vn -0.1379265049738076 -0.02377491833389749 0.9901570746522629
vn 0.14019370000449588 0.29192098811534106 0.9461119717965798
vn 0.14019370000449588 0.29192098811534106 0.9461119717965798
vn 0.14019370000449588 0.29192098811534106 0.9461119717965798
vn -0.09036384762460162 -0.23551026610984965 0.96766176404741
vn -0.09036384762460162 -0.23551026610984965 0.96766176404741
vn -0.09036384762460162 -0.23551026610984965 0.96766176404741
vn 0.13432240779185167 0.25935161679545105 0.9563964813980574
vn 0.13432240779185167 0.25935161679545105 0.9563964813980574
vn 0.13432240779185167 0.25935161679545105 0.9563964813980574
vn -0.22025037388080812 0.005991577327549911 0.9754249708749988
vn -0.22025037388080812 0.005991577327549911 0.9754249708749988
vn -0.22025037388080812 0.005991577327549911 0.9754249708749988
vn 0.08348362058730315 -0.002830146781704607 0.996505130625442
vn 0.08348362058730315 -0.002830146781704607 0.996505130625442
vn 0.08348362058730315 -0.002830146781704607 0.996505130625442
vn -0.21102387952841856 0.019061678794427314 0.9772950294922785
vn -0.21102387952841856 0.019061678794427314 0.9772950294922785
vn -0.21102387952841856 0.019061678794427314 0.9772950294922785
vn 0.09499292949492522 -0.010568970026328853 0.9954218403363242
vn 0.09499292949492522 -0.010568970026328853 0.9954218403363242
vn 0.09499292949492522 -0.010568970026328853 0.9954218403363242
vn -0.24612917456123973 0.19324018414548608 0.9497782165649103
vn -0.24612917456123973 0.19324018414548608 0.9497782165649103
vn -0.24612917456123973 0.19324018414548608 0.9497782165649103
vn -0.2424128883492514 0.16264459046951246 0.9564427472427077
vn -0.2424128883492514 0.16264459046951246 0.9564427472427077
vn -0.2424128883492514 0.16264459046951246 0.9564427472427077
vn -0.23158469408140264 0.16635030229306863 0.9584863621326222
vn -0.23158469408140264 0.16635030229306863 0.9584863621326222
vn -0.23158469408140264 0.16635030229306863 0.9584863621326222
vn -0.22476259327819517 0.183484885821566 0.9569822743070572
vn -0.22476259327819517 0.183484885821566 0.9569822743070572
vn -0.22476259327819517 0.183484885821566 0.9569822743070572
vn -0.21320060295443702 0.1904870009391654 0.9582589448437553
vn -0.21320060295443702 0.1904870009391654 0.9582589448437553
vn -0.21320060295443702 0.1904870009391654 0.9582589448437553
vn -0.15389488629667233 0.17094539097250075 0.9731875653115349
vn -0.15389488629667233 0.17094539097250075 0.9731875653115349
vn -0.15389488629667233 0.17094539097250075 0.9731875653115349
vn -0.18584888925735993 0.022326638624439003 0.982324646728127
vn -0.18584888925735993 0.022326638624439003 0.982324646728127
vn -0.18584888925735993 0.022326638624439003 0.982324646728127
vn -0.1798353744799706 0.22812827832518848 0.9568786374008118
vn -0.1798353744799706 0.22812827832518848 0.9568786374008118
vn -0.1798353744799706 0.22812827832518848 0.9568786374008118
vn -0.16768559916829814 0.2362878039138501 0.9571048080294753
vn -0.16768559916829814 0.2362878039138501 0.9571048080294753
vn -0.16768559916829814 0.2362878039138501 0.9571048080294753
vn -0.15413327221956682 0.2454923642671607 0.957066577350504
vn -0.15413327221956682 0.2454923642671607 0.957066577350504
vn -0.15413327221956682 0.2454923642671607 0.957066577350504
vn -0.04693346970267856 -0.22199638789281306 0.9739172722486296
vn -0.04693346970267856 -0.22199638789281306 0.9739172722486296
vn -0.04693346970267856 -0.22199638789281306 0.9739172722486296
vn 0.19399480829727156 0.06816177923434348 0.9786316907832657
vn 0.19399480829727156 0.06816177923434348 0.9786316907832657
vn 0.19399480829727156 0.06816177923434348 0.9786316907832657
vn -0.1100492948157086 -0.13169560120067617 0.9851626369970381
vn -0.1100492948157086 -0.13169560120067617 0.9851626369970381
vn -0.1100492948157086 -0.13169560120067617 0.9851626369970381
vn -0.10491489697634614 -0.12273309471786086 0.9868786408943195
vn -0.10491489697634614 -0.12273309471786086 0.9868786408943195
vn -0.10491489697634614 -0.12273309471786086 0.9868786408943195
vn -0.10077409599507804 -0.12500509809834337 0.9870249779138309
vn -0.10077409599507804 -0.12500509809834337 0.9870249779138309
vn -0.10077409599507804 -0.12500509809834337 0.9870249779138309
vn 0.20988757581107942 0.1257969866451485 0.9695990530477786
vn 0.20988757581107942 0.1257969866451485 0.9695990530477786
vn 0.20988757581107942 0.1257969866451485 0.9695990530477786
vn -0.08994775528273122 -0.13529268302453623 0.9867143919289008
vn -0.08994775528273122 -0.13529268302453623 0.9867143919289008
vn -0.08994775528273122 -0.13529268302453623 0.9867143919289008
vn 0.21966527832552915 0.13773298533260667 0.9658037017166251
vn 0.21966527832552915 0.13773298533260667 0.9658037017166251
vn 0.21966527832552915 0.13773298533260667 0.9658037017166251
vn 0.20142928125376525 0.035107669115853064 0.9788736875730408
vn 0.20142928125376525 0.035107669115853064 0.9788736875730408
vn 0.20142928125376525 0.035107669115853064 0.9788736875730408
vn -0.08442020387609046 -0.2333047084042959 0.9687322345281516
vn -0.08442020387609046 -0.2333047084042959 0.9687322345281516
vn -0.08442020387609046 -0.2333047084042959 0.9687322345281516
vn -0.013021169100983247 -0.13006138672365364 0.9914204379771299
vn -0.013021169100983247 -0.13006138672365364 0.9914204379771299
vn -0.013021169100983247 -0.13006138672365364 0.9914204379771299
vn -0.0047020911974737225 -0.13048389499724145 0.9914392787683568
vn -0.0047020911974737225 -0.13048389499724145 0.9914392787683568
vn -0.0047020911974737225 -0.13048389499724145 0.9914392787683568
vn -0.07583402929973534 -0.12243449084476192 0.9895751590716851
vn -0.07583402929973534 -0.12243449084476192 0.9895751590716851
vn -0.07583402929973534 -0.12243449084476192 0.9895751590716851
vn 0.048303478067153134 -0.11010219293743746 0.9927458290604819
vn 0.048303478067153134 -0.11010219293743746 0.9927458290604819
vn 0.048303478067153134 -0.11010219293743746 0.9927458290604819
vn -0.02737014799025889 -0.11053269592012603 0.9934955450990308
vn -0.02737014799025889 -0.11053269592012603 0.9934955450990308
vn -0.02737014799025889 -0.11053269592012603 0.9934955450990308
vn 0.12632599273450532 0.36731039897536083 0.921479687439828
vn 0.12632599273450532 0.36731039897536083 0.921479687439828
vn 0.12632599273450532 0.36731039897536083 0.921479687439828
vn 0.101781697753981 0.286433463035886 0.9526785172636082
vn 0.101781697753981 0.286433463035886 0.9526785172636082
vn 0.101781697753981 0.286433463035886 0.9526785172636082
vn 0.11738618930447672 0.28839006337291145 0.9502902998075596
vn 0.11738618930447672 0.28839006337291145 0.9502902998075596
vn 0.11738618930447672 0.28839006337291145 0.9502902998075596
vn 0.12501739035266252 0.2668843582262496 0.9555853658588399
vn 0.12501739035266252 0.2668843582262496 0.9555853658588399
vn 0.12501739035266252 0.2668843582262496 0.9555853658588399
vn 0.13655687859350565 0.2625495789657847 0.9552067511767742
vn 0.13655687859350565 0.2625495789657847 0.9552067511767742
vn 0.13655687859350565 0.2625495789657847 0.9552067511767742
vn 0.06403648042999374 -0.1717447173978343 0.9830580253576475
vn 0.06403648042999374 -0.1717447173978343 0.9830580253576475
vn 0.06403648042999374 -0.1717447173978343 0.9830580253576475
vn 0.09612040032130979 -0.00005984839545114626 0.9953697127501122
vn 0.09612040032130979 -0.00005984839545114626 0.9953697127501122
vn 0.09612040032130979 -0.00005984839545114626 0.9953697127501122
vn 0.0536202066022269 -0.011284528925794464 0.9984976378794581
vn 0.0536202066022269 -0.011284528925794464 0.9984976378794581
vn 0.0536202066022269 -0.011284528925794464 0.9984976378794581
vn 0.20732508061249294 0.12514808448933187 0.97023413045392
vn 0.20732508061249294 0.12514808448933187 0.97023413045392
vn 0.20732508061249294 0.12514808448933187 0.97023413045392
vn 0.2114880923975346 0.13441130168815474 0.9680942044824707
vn 0.2114880923975346 0.13441130168815474 0.9680942044824707
vn 0.2114880923975346 0.13441130168815474 0.9680942044824707
vn 0.18333748350532245 0.03789012955095033 0.9823195535183793
vn 0.18333748350532245 0.03789012955095033 0.9823195535183793
vn 0.18333748350532245 0.03789012955095033 0.9823195535183793
vn 0.18269706923334017 0.012649227630204 0.9830878790494303
vn 0.18269706923334017 0.012649227630204 0.9830878790494303
vn 0.18269706923334017 0.012649227630204 0.9830878790494303
vn -0.004781304330054078 -0.130656687686338 0.9914161432474954
vn -0.004781304330054078 -0.130656687686338 0.9914161432474954
vn -0.004781304330054078 -0.130656687686338 0.9914161432474954
vn -0.029227847272453318 -0.11367419377251262 0.9930880679043462
vn -0.029227847272453318 -0.11367419377251262 0.9930880679043462
vn -0.029227847272453318 -0.11367419377251262 0.9930880679043462
vn -0.08896839106749406 -0.09143352003070863 0.99182888484136
vn -0.08896839106749406 -0.09143352003070863 0.99182888484136
vn -0.08896839106749406 -0.09143352003070863 0.99182888484136
vn 0.2824371687230664 0.03197758567951281 0.9587526686991841
vn 0.2824371687230664 0.03197758567951281 0.9587526686991841
vn 0.2824371687230664 0.03197758567951281 0.9587526686991841
vn 0.3000344021093579 0.06399004870338083 0.9517797178012458
vn 0.3000344021093579 0.06399004870338083 0.9517797178012458
vn 0.3000344021093579 0.06399004870338083 0.9517797178012458
vn 0.22853299606049227 -0.0055959819842975045 0.9735200843830838
vn 0.22853299606049227 -0.0055959819842975045 0.9735200843830838
vn 0.22853299606049227 -0.0055959819842975045 0.9735200843830838
vn 0.42187406921156084 0.0022916786462611953 0.906651541627687
vn 0.42187406921156084 0.0022916786462611953 0.906651541627687
vn 0.42187406921156084 0.0022916786462611953 0.906651541627687
vn 0.02685921804141324 -0.02484886701045635 0.9993303338808947
vn 0.02685921804141324 -0.02484886701045635 0.9993303338808947
vn 0.02685921804141324 -0.02484886701045635 0.9993303338808947
vn 0.021543741267933503 -0.03616076342316449 0.9991137404724421
vn 0.021543741267933503 -0.03616076342316449 0.9991137404724421
vn 0.021543741267933503 -0.03616076342316449 0.9991137404724421
vn 0.01708846757942768 -0.04664592533390769 0.998765308731501
vn 0.01708846757942768 -0.04664592533390769 0.998765308731501
vn 0.01708846757942768 -0.04664592533390769 0.998765308731501
vn 0.009130179189204014 -0.05597644818006241 0.9983903430407959
vn 0.009130179189204014 -0.05597644818006241 0.9983903430407959
vn 0.009130179189204014 -0.05597644818006241 0.9983903430407959
vn -0.09702788871704394 -0.01487784993417073 0.9951704569532043
vn -0.09702788871704394 -0.01487784993417073 0.9951704569532043
vn -0.09702788871704394 -0.01487784993417073 0.9951704569532043
vn -0.004254757399151471 -0.08399074470300244 0.9964574510954843
vn -0.004254757399151471 -0.08399074470300244 0.9964574510954843
vn -0.004254757399151471 -0.08399074470300244 0.9964574510954843
vn -0.010054878624142735 -0.09177694971614901 0.9957288239860556
vn -0.010054878624142735 -0.09177694971614901 0.9957288239860556
vn -0.010054878624142735 -0.09177694971614901 0.9957288239860556
vn -0.01653527794649826 -0.0993714230236734 0.9949130137200349
vn -0.01653527794649826 -0.0993714230236734 0.9949130137200349
vn -0.01653527794649826 -0.0993714230236734 0.9949130137200349
vn -0.05583976708391258 -0.10889349379851952 0.992483817208304
vn -0.05583976708391258 -0.10889349379851952 0.992483817208304
vn -0.05583976708391258 -0.10889349379851952 0.992483817208304
vn -0.11587758790672802 -0.10447078657747379 0.9877541391322047
vn -0.11587758790672802 -0.10447078657747379 0.9877541391322047
vn -0.11587758790672802 -0.10447078657747379 0.9877541391322047
vn -0.19891959805083617 -0.01904707996815814 0.9798307008131458
vn -0.19891959805083617 -0.01904707996815814 0.9798307008131458
vn -0.19891959805083617 -0.01904707996815814 0.9798307008131458
vn -0.3285421029574301 0.10108579376877375 0.9390642943283737
vn -0.3285421029574301 0.10108579376877375 0.9390642943283737
vn -0.3285421029574301 0.10108579376877375 0.9390642943283737
vn -0.15596208149587432 -0.032005720196053314 0.9872443785660197
vn -0.15596208149587432 -0.032005720196053314 0.9872443785660197
vn -0.15596208149587432 -0.032005720196053314 0.9872443785660197
vn -0.2607148925676563 0.1694218989345335 0.9504335668287669
vn -0.2607148925676563 0.1694218989345335 0.9504335668287669
vn -0.2607148925676563 0.1694218989345335 0.9504335668287669
vn -0.03566615327534142 -0.22829045637240866 0.9729395628916614
vn -0.03566615327534142 -0.22829045637240866 0.9729395628916614
vn -0.03566615327534142 -0.22829045637240866 0.9729395628916614
vn -0.09562562889287127 -0.12106250640072588 0.9880281416249324
vn -0.09562562889287127 -0.12106250640072588 0.9880281416249324
vn -0.09562562889287127 -0.12106250640072588 0.9880281416249324
vn -0.24925598096317025 0.1710210861731972 0.9532173120743388
vn -0.24925598096317025 0.1710210861731972 0.9532173120743388
vn -0.24925598096317025 0.1710210861731972 0.9532173120743388
vn -0.2413661964359353 0.17778870738669802 0.9540091900730393
vn -0.2413661964359353 0.17778870738669802 0.9540091900730393
vn -0.2413661964359353 0.17778870738669802 0.9540091900730393
vn -0.23062737835293814 0.19003586923621427 0.9543046582500199
vn -0.23062737835293814 0.19003586923621427 0.9543046582500199
vn -0.23062737835293814 0.19003586923621427 0.9543046582500199
vn -0.22432528685989148 0.20113179311616153 0.9535324679700766
vn -0.22432528685989148 0.20113179311616153 0.9535324679700766
vn -0.22432528685989148 0.20113179311616153 0.9535324679700766
vn -0.21248957310015967 0.21568996996473047 0.9530613926606857
vn -0.21248957310015967 0.21568996996473047 0.9530613926606857
vn -0.21248957310015967 0.21568996996473047 0.9530613926606857
vn -0.1665346906815343 0.017149677359304935 0.9858864464866517
vn -0.1665346906815343 0.017149677359304935 0.9858864464866517
vn -0.1665346906815343 0.017149677359304935 0.9858864464866517
vn -0.18200749476854888 0.22971769078587478 0.9560873675496825
vn -0.18200749476854888 0.22971769078587478 0.9560873675496825
vn -0.18200749476854888 0.22971769078587478 0.9560873675496825
vn -0.17783889392929783 0.24629827146306757 0.9527384159780213
vn -0.17783889392929783 0.24629827146306757 0.9527384159780213
vn -0.17783889392929783 0.24629827146306757 0.9527384159780213
vn -0.16433438597873273 0.25867995524003573 0.951881762795152
vn -0.16433438597873273 0.25867995524003573 0.951881762795152
vn -0.16433438597873273 0.25867995524003573 0.951881762795152
vn -0.15150839448232886 0.2603410841926317 0.953555308455043
vn -0.15150839448232886 0.2603410841926317 0.953555308455043
vn -0.15150839448232886 0.2603410841926317 0.953555308455043
vn -0.07949714977643645 -0.271621103612132 0.9591153107160527
vn -0.07949714977643645 -0.271621103612132 0.9591153107160527
vn -0.07949714977643645 -0.271621103612132 0.9591153107160527
vn -0.1885699803628149 0.3099476735877946 0.9318657640151191
vn -0.1885699803628149 0.3099476735877946 0.9318657640151191
vn -0.1885699803628149 0.3099476735877946 0.9318657640151191
vn -0.11054590459588765 -0.13451710483492335 0.9847257239881098
vn -0.11054590459588765 -0.13451710483492335 0.9847257239881098
vn -0.11054590459588765 -0.13451710483492335 0.9847257239881098
vn -0.10705440042470642 -0.13612610478197065 0.9848903689988009
vn -0.10705440042470642 -0.13612610478197065 0.9848903689988009
vn -0.10705440042470642 -0.13612610478197065 0.9848903689988009
vn -0.10120190577000167 -0.12803660202811148 0.98659252116039
vn -0.10120190577000167 -0.12803660202811148 0.98659252116039
vn -0.10120190577000167 -0.12803660202811148 0.98659252116039
vn -0.090161510114716 -0.13737341807730538 0.9864073428860878
vn -0.090161510114716 -0.13737341807730538 0.9864073428860878
vn -0.090161510114716 -0.13737341807730538 0.9864073428860878
vn -0.07684873266370412 -0.14457008660013512 0.9865058349287205
vn -0.07684873266370412 -0.14457008660013512 0.9865058349287205
vn -0.07684873266370412 -0.14457008660013512 0.9865058349287205
vn -0.08087067400305355 -0.23728128054153794 0.9680689686127016
vn -0.08087067400305355 -0.23728128054153794 0.9680689686127016
vn -0.08087067400305355 -0.23728128054153794 0.9680689686127016
vn -0.04831992936341153 0.3569116965428337 0.932887573771476
vn -0.04831992936341153 0.3569116965428337 0.932887573771476
vn -0.04831992936341153 0.3569116965428337 0.932887573771476
vn -0.0512722654329734 0.35691967481168213 0.9327269163746127
vn -0.0512722654329734 0.35691967481168213 0.9327269163746127
vn -0.0512722654329734 0.35691967481168213 0.9327269163746127
vn -0.05512659684756425 -0.1489426062966068 0.9873080362022686
vn -0.05512659684756425 -0.1489426062966068 0.9873080362022686
vn -0.05512659684756425 -0.1489426062966068 0.9873080362022686
vn -0.0444059883807997 0.0948443392103881 0.9945012114199103
vn -0.0444059883807997 0.0948443392103881 0.9945012114199103
vn -0.0444059883807997 0.0948443392103881 0.9945012114199103
vn -0.043813094753898704 0.16373378134513936 0.9855311570795253
vn -0.043813094753898704 0.16373378134513936 0.9855311570795253
vn -0.043813094753898704 0.16373378134513936 0.9855311570795253
vn 0.03699046110219676 0.45128048800721837 0.8916151787242149
vn 0.03699046110219676 0.45128048800721837 0.8916151787242149
vn 0.03699046110219676 0.45128048800721837 0.8916151787242149
vn 0.9562817785212843 -0.2915926865526283 0.02233529084632789
vn 0.9562817785212843 -0.2915926865526283 0.02233529084632789
vn 0.9562817785212843 -0.2915926865526283 0.02233529084632789
vn 0.9735770494223657 -0.2244046839420532 -0.04231154290388754
vn 0.9735770494223657 -0.2244046839420532 -0.04231154290388754
vn 0.9735770494223657 -0.2244046839420532 -0.04231154290388754
vn 0.9678171961416168 -0.23686596967378226 -0.08499639558874242
vn 0.9678171961416168 -0.23686596967378226 -0.08499639558874242
vn 0.9678171961416168 -0.23686596967378226 -0.08499639558874242
vn 0.984231829377006 -0.17312599713887497 0.03626424073191994
vn 0.984231829377006 -0.17312599713887497 0.03626424073191994
vn 0.984231829377006 -0.17312599713887497 0.03626424073191994
vn 0.7634855679136827 -0.6402812742981613 -0.08443741688756289
vn 0.7634855679136827 -0.6402812742981613 -0.08443741688756289
vn 0.7634855679136827 -0.6402812742981613 -0.08443741688756289
vn 0.8215345567007264 -0.5627943754678284 0.09134255901997759
vn 0.8215345567007264 -0.5627943754678284 0.09134255901997759
vn 0.8215345567007264 -0.5627943754678284 0.09134255901997759
vn 0.8746704501382823 -0.4677413724574071 -0.12715978981799234
vn 0.8746704501382823 -0.4677413724574071 -0.12715978981799234
vn 0.8746704501382823 -0.4677413724574071 -0.12715978981799234
vn 0.9111053596015052 -0.4099942855569736 0.04232858981868849
vn 0.9111053596015052 -0.4099942855569736 0.04232858981868849
vn 0.9111053596015052 -0.4099942855569736 0.04232858981868849
vn 0.9210359612300696 -0.38545236653315806 0.05585007837944231
vn 0.9210359612300696 -0.38545236653315806 0.05585007837944231
vn 0.9210359612300696 -0.38545236653315806 0.05585007837944231
vn 0.917539317628387 -0.39412397966397 0.052800466473962755
vn 0.917539317628387 -0.39412397966397 0.052800466473962755
vn 0.917539317628387 -0.39412397966397 0.052800466473962755
vn 0.36117718523610554 -0.9321345919160829 0.02600275789914079
vn 0.36117718523610554 -0.9321345919160829 0.02600275789914079
vn 0.36117718523610554 -0.9321345919160829 0.02600275789914079
vn 0.3953951583951698 -0.9177198379252711 -0.03811781468123203
vn 0.3953951583951698 -0.9177198379252711 -0.03811781468123203
vn 0.3953951583951698 -0.9177198379252711 -0.03811781468123203
vn 0.41249556194680875 -0.9104913659717094 0.029204175474696895
vn 0.41249556194680875 -0.9104913659717094 0.029204175474696895
vn 0.41249556194680875 -0.9104913659717094 0.029204175474696895
vn 0.463010574882215 -0.8861392054926898 0.01945548858356634
vn 0.463010574882215 -0.8861392054926898 0.01945548858356634
vn 0.463010574882215 -0.8861392054926898 0.01945548858356634
vn 0.5089021965302615 -0.8606951907432403 -0.014911170246904163
vn 0.5089021965302615 -0.8606951907432403 -0.014911170246904163
vn 0.5089021965302615 -0.8606951907432403 -0.014911170246904163
vn 0.49934770439259224 -0.8648938325727245 -0.05109333122347936
vn 0.49934770439259224 -0.8648938325727245 -0.05109333122347936
vn 0.49934770439259224 -0.8648938325727245 -0.05109333122347936
vn 0.5599760973999006 -0.8267307229500447 0.05425018038009965
vn 0.5599760973999006 -0.8267307229500447 0.05425018038009965
vn 0.5599760973999006 -0.8267307229500447 0.05425018038009965
vn 0.6247992994451521 -0.7807699295504152 0.004914521613204843
vn 0.6247992994451521 -0.7807699295504152 0.004914521613204843
vn 0.6247992994451521 -0.7807699295504152 0.004914521613204843
vn 0.6463211268439548 -0.7614342675933717 -0.0498683981064763
vn 0.6463211268439548 -0.7614342675933717 -0.0498683981064763
vn 0.6463211268439548 -0.7614342675933717 -0.0498683981064763
vn 0.7056408537699689 -0.706337751277985 0.0561957881904748
vn 0.7056408537699689 -0.706337751277985 0.0561957881904748
vn 0.7056408537699689 -0.706337751277985 0.0561957881904748
vn 0.29293277152395114 -0.9556334980060338 0.03090321756788657
vn 0.29293277152395114 -0.9556334980060338 0.03090321756788657
vn 0.29293277152395114 -0.9556334980060338 0.03090321756788657
vn 0.32672037975158214 -0.9451176917949294 0.0025183548611885254
vn 0.32672037975158214 -0.9451176917949294 0.0025183548611885254
vn 0.32672037975158214 -0.9451176917949294 0.0025183548611885254
vn 0.3221357808030559 -0.9462497963212464 -0.02898036729244862
vn 0.3221357808030559 -0.9462497963212464 -0.02898036729244862
vn 0.3221357808030559 -0.9462497963212464 -0.02898036729244862
vn 0.1849261868006939 -0.9801222338716534 0.07185201532173438
vn 0.1849261868006939 -0.9801222338716534 0.07185201532173438
vn 0.1849261868006939 -0.9801222338716534 0.07185201532173438
vn 0.21439469124371788 -0.974901151729283 -0.06002216859984657
vn 0.21439469124371788 -0.974901151729283 -0.06002216859984657
vn 0.21439469124371788 -0.974901151729283 -0.06002216859984657
vn 0.2165489759489305 -0.9762583224696698 0.00512140841721558
vn 0.2165489759489305 -0.9762583224696698 0.00512140841721558
vn 0.2165489759489305 -0.9762583224696698 0.00512140841721558
vn 0.22735386832033838 -0.9730495701442385 0.038532487616176996
vn 0.22735386832033838 -0.9730495701442385 0.038532487616176996
vn 0.22735386832033838 -0.9730495701442385 0.038532487616176996
vn 0.2601259069087938 -0.9654936255047598 -0.012512859966948746
vn 0.2601259069087938 -0.9654936255047598 -0.012512859966948746
vn 0.2601259069087938 -0.9654936255047598 -0.012512859966948746
vn 0.25905718703732505 -0.9653199651872817 -0.03235334071056128
vn 0.25905718703732505 -0.9653199651872817 -0.03235334071056128
vn 0.25905718703732505 -0.9653199651872817 -0.03235334071056128
vn -0.9998601310172677 -0.01661716812527892 -0.0018942348398527605
vn -0.9998601310172677 -0.01661716812527892 -0.0018942348398527605
vn -0.9998601310172677 -0.01661716812527892 -0.0018942348398527605
vn -0.9915621076443939 -0.04082529907779686 -0.12303609892635455
vn -0.9915621076443939 -0.04082529907779686 -0.12303609892635455
vn -0.9915621076443939 -0.04082529907779686 -0.12303609892635455
vn -0.9940275128523287 -0.09181873661700822 0.05897985502415075
vn -0.9940275128523287 -0.09181873661700822 0.05897985502415075
vn -0.9940275128523287 -0.09181873661700822 0.05897985502415075
vn -0.9865346996116943 -0.16287578393282015 -0.014858178567157545
vn -0.9865346996116943 -0.16287578393282015 -0.014858178567157545
vn -0.9865346996116943 -0.16287578393282015 -0.014858178567157545
vn -0.9819914068534694 -0.17359559177817396 -0.07454828892154051
vn -0.9819914068534694 -0.17359559177817396 -0.07454828892154051
vn -0.9819914068534694 -0.17359559177817396 -0.07454828892154051
vn -0.9678330179113704 -0.24793548261206194 0.04274629694480045
vn -0.9678330179113704 -0.24793548261206194 0.04274629694480045
vn -0.9678330179113704 -0.24793548261206194 0.04274629694480045
vn -0.9577062137948684 -0.27750700735310535 -0.07608330256121436
vn -0.9577062137948684 -0.27750700735310535 -0.07608330256121436
vn -0.9577062137948684 -0.27750700735310535 -0.07608330256121436
vn -0.9410170149627306 -0.33323180083884374 0.05868172168855852
vn -0.9410170149627306 -0.33323180083884374 0.05868172168855852
vn -0.9410170149627306 -0.33323180083884374 0.05868172168855852
vn -0.9160803107791803 -0.38592881585233024 -0.10888440337136857
vn -0.9160803107791803 -0.38592881585233024 -0.10888440337136857
vn -0.9160803107791803 -0.38592881585233024 -0.10888440337136857
vn -0.906807375827989 -0.415247356790144 0.0725948746314437
vn -0.906807375827989 -0.415247356790144 0.0725948746314437
vn -0.906807375827989 -0.415247356790144 0.0725948746314437
vn -0.8568001937829017 -0.5153744192029008 0.0168117805379062
vn -0.8568001937829017 -0.5153744192029008 0.0168117805379062
vn -0.8568001937829017 -0.5153744192029008 0.0168117805379062
vn -0.8592806551356755 -0.5062245185259049 -0.07330411006771846
vn -0.8592806551356755 -0.5062245185259049 -0.07330411006771846
vn -0.8592806551356755 -0.5062245185259049 -0.07330411006771846
vn -0.8028443328160392 -0.5957959199674083 -0.02163790690798702
vn -0.8028443328160392 -0.5957959199674083 -0.02163790690798702
vn -0.8028443328160392 -0.5957959199674083 -0.02163790690798702
vn -0.7912849490814671 -0.6058671846097086 -0.08242016725441242
vn -0.7912849490814671 -0.6058671846097086 -0.08242016725441242
vn -0.7912849490814671 -0.6058671846097086 -0.08242016725441242
vn -0.7465437857453242 -0.6574295345245034 0.10226819202437416
vn -0.7465437857453242 -0.6574295345245034 0.10226819202437416
vn -0.7465437857453242 -0.6574295345245034 0.10226819202437416
vn -0.6944825192942257 -0.7091379904371716 -0.12172650045686505
vn -0.6944825192942257 -0.7091379904371716 -0.12172650045686505
vn -0.6944825192942257 -0.7091379904371716 -0.12172650045686505
vn -0.6749464084202704 -0.7348589691106662 0.06655555031841262
vn -0.6749464084202704 -0.7348589691106662 0.06655555031841262
vn -0.6749464084202704 -0.7348589691106662 0.06655555031841262
vn -0.6049618332233142 -0.7895763786949787 -0.10290929282630744
vn -0.6049618332233142 -0.7895763786949787 -0.10290929282630744
vn -0.6049618332233142 -0.7895763786949787 -0.10290929282630744
vn -0.5943632859247119 -0.8012985176238627 0.06821268209489398
vn -0.5943632859247119 -0.8012985176238627 0.06821268209489398
vn -0.5943632859247119 -0.8012985176238627 0.06821268209489398
vn -0.4985013137753843 -0.8642612324400217 -0.06744599517740721
vn -0.4985013137753843 -0.8642612324400217 -0.06744599517740721
vn -0.4985013137753843 -0.8642612324400217 -0.06744599517740721
vn -0.4961620732191957 -0.868221497743686 0.0038246509043609357
vn -0.4961620732191957 -0.868221497743686 0.0038246509043609357
vn -0.4961620732191957 -0.868221497743686 0.0038246509043609357
vn -0.41672227574544907 -0.9089856915682041 0.009357212288278464
vn -0.41672227574544907 -0.9089856915682041 0.009357212288278464
vn -0.41672227574544907 -0.9089856915682041 0.009357212288278464
vn -0.3953282798393665 -0.9163341441772216 -0.06361829433619301
vn -0.3953282798393665 -0.9163341441772216 -0.06361829433619301
vn -0.3953282798393665 -0.9163341441772216 -0.06361829433619301
vn -0.3442342548932694 -0.9361701524941897 0.07133178349853303
vn -0.3442342548932694 -0.9361701524941897 0.07133178349853303
vn -0.3442342548932694 -0.9361701524941897 0.07133178349853303
vn -0.28498980137465657 -0.9546906859155869 -0.08571176896121133
vn -0.28498980137465657 -0.9546906859155869 -0.08571176896121133
vn -0.28498980137465657 -0.9546906859155869 -0.08571176896121133
vn -0.25365519985041 -0.9655651029755229 0.05781930045163504
vn -0.25365519985041 -0.9655651029755229 0.05781930045163504
vn -0.25365519985041 -0.9655651029755229 0.05781930045163504
vn -0.19237190541956206 -0.9786769776709782 -0.07200294009307354
vn -0.19237190541956206 -0.9786769776709782 -0.07200294009307354
vn -0.19237190541956206 -0.9786769776709782 -0.07200294009307354
vn -0.17058248691713349 -0.9836355374993804 0.05798917593371359
vn -0.17058248691713349 -0.9836355374993804 0.05798917593371359
vn -0.17058248691713349 -0.9836355374993804 0.05798917593371359
vn -0.09058712473832424 -0.9946671184255339 -0.04930817736124933
vn -0.09058712473832424 -0.9946671184255339 -0.04930817736124933
vn -0.09058712473832424 -0.9946671184255339 -0.04930817736124933
vn -0.08167194814099953 -0.9959873848585566 0.036589917866366284
vn -0.08167194814099953 -0.9959873848585566 0.036589917866366284
vn -0.08167194814099953 -0.9959873848585566 0.036589917866366284
vn 0.011819601031166355 -0.9976668334389142 -0.0672397686450064
vn 0.011819601031166355 -0.9976668334389142 -0.0672397686450064
vn 0.011819601031166355 -0.9976668334389142 -0.0672397686450064
vn 0.023707798093980877 -0.997186377176803 0.07111448152477456
vn 0.023707798093980877 -0.997186377176803 0.07111448152477456
vn 0.023707798093980877 -0.997186377176803 0.07111448152477456
vn 0.1111460016449765 -0.9923390028386009 -0.053943208688638056
vn 0.1111460016449765 -0.9923390028386009 -0.053943208688638056
vn 0.1111460016449765 -0.9923390028386009 -0.053943208688638056
vn 0.11329199897915142 -0.9934510991017125 0.01482688979211407
vn 0.11329199897915142 -0.9934510991017125 0.01482688979211407
vn 0.11329199897915142 -0.9934510991017125 0.01482688979211407
vn 0.16233030382967434 -0.9867127793860954 0.006838381002287065
vn 0.16233030382967434 -0.9867127793860954 0.006838381002287065
vn 0.16233030382967434 -0.9867127793860954 0.006838381002287065
vn 0.1772961009137913 -0.9811962780228832 -0.07628864001152165
vn 0.1772961009137913 -0.9811962780228832 -0.07628864001152165
vn 0.1772961009137913 -0.9811962780228832 -0.07628864001152165
vn -0.3415932703933483 0.9395797982376968 -0.022446388698087648
vn -0.3415932703933483 0.9395797982376968 -0.022446388698087648
vn -0.3415932703933483 0.9395797982376968 -0.022446388698087648
vn -0.3477546498383046 0.9359755316069193 -0.05492274345827314
vn -0.3477546498383046 0.9359755316069193 -0.05492274345827314
vn -0.3477546498383046 0.9359755316069193 -0.05492274345827314
vn -0.3720395592854145 0.9281742642193463 -0.008893906205346129
vn -0.3720395592854145 0.9281742642193463 -0.008893906205346129
vn -0.3720395592854145 0.9281742642193463 -0.008893906205346129
vn -0.39730736859298366 0.9174218234604946 0.02200119769785974
vn -0.39730736859298366 0.9174218234604946 0.02200119769785974
vn -0.39730736859298366 0.9174218234604946 0.02200119769785974
vn -0.43456932238980345 0.9002967935463891 0.024802974977969572
vn -0.43456932238980345 0.9002967935463891 0.024802974977969572
vn -0.43456932238980345 0.9002967935463891 0.024802974977969572
vn -0.45215740846470454 0.89193701835938 0.0014259209871076164
vn -0.45215740846470454 0.89193701835938 0.0014259209871076164
vn -0.45215740846470454 0.89193701835938 0.0014259209871076164
vn -0.4650348962745217 0.8842300065933215 -0.04335712959732475
vn -0.4650348962745217 0.8842300065933215 -0.04335712959732475
vn -0.4650348962745217 0.8842300065933215 -0.04335712959732475
vn -0.47916045979030514 0.8776492512011825 -0.011706649373204904
vn -0.47916045979030514 0.8776492512011825 -0.011706649373204904
vn -0.47916045979030514 0.8776492512011825 -0.011706649373204904
vn -0.49972599233745285 0.8660020143637768 0.017732560453268636
vn -0.49972599233745285 0.8660020143637768 0.017732560453268636
vn -0.49972599233745285 0.8660020143637768 0.017732560453268636
vn -0.537762525366733 0.8423797530025671 0.03475367667640305
vn -0.537762525366733 0.8423797530025671 0.03475367667640305
vn -0.537762525366733 0.8423797530025671 0.03475367667640305
vn -0.5577170288583237 0.827342217508411 -0.0667575527540435
vn -0.5577170288583237 0.827342217508411 -0.0667575527540435
vn -0.5577170288583237 0.827342217508411 -0.0667575527540435
vn -0.6032490577046025 0.7960950530004046 0.048200010028961945
vn -0.6032490577046025 0.7960950530004046 0.048200010028961945
vn -0.6032490577046025 0.7960950530004046 0.048200010028961945
vn -0.6262080725219777 0.7760131428269833 -0.07527982510671336
vn -0.6262080725219777 0.7760131428269833 -0.07527982510671336
vn -0.6262080725219777 0.7760131428269833 -0.07527982510671336
vn -0.6685196761639891 0.739922047139883 0.07481180881331517
vn -0.6685196761639891 0.739922047139883 0.07481180881331517
vn -0.6685196761639891 0.739922047139883 0.07481180881331517
vn -0.7216860337282748 0.6901591093195276 -0.05338232427337586
vn -0.7216860337282748 0.6901591093195276 -0.05338232427337586
vn -0.7216860337282748 0.6901591093195276 -0.05338232427337586
vn -0.7216213284644406 0.6905008496201013 -0.04971151757021904
vn -0.7216213284644406 0.6905008496201013 -0.04971151757021904
vn -0.7216213284644406 0.6905008496201013 -0.04971151757021904
vn -0.7760005686535691 0.6292729453353205 0.04287980548403123
vn -0.7760005686535691 0.6292729453353205 0.04287980548403123
vn -0.7760005686535691 0.6292729453353205 0.04287980548403123
vn -0.7933288914445269 0.5997841435155146 -0.10434678330815327
vn -0.7933288914445269 0.5997841435155146 -0.10434678330815327
vn -0.7933288914445269 0.5997841435155146 -0.10434678330815327
vn -0.8262859007278375 0.5564629449293685 0.08718142680021236
vn -0.8262859007278375 0.5564629449293685 0.08718142680021236
vn -0.8262859007278375 0.5564629449293685 0.08718142680021236
vn -0.8855714352256574 0.463848479515559 0.02465402935573285
vn -0.8855714352256574 0.463848479515559 0.02465402935573285
vn -0.8855714352256574 0.463848479515559 0.02465402935573285
vn -0.871809146119227 0.4824064193103344 -0.08504621891093275
vn -0.871809146119227 0.4824064193103344 -0.08504621891093275
vn -0.871809146119227 0.4824064193103344 -0.08504621891093275
vn -0.926238505527934 0.3767797167971652 -0.010921350082631363
vn -0.926238505527934 0.3767797167971652 -0.010921350082631363
vn -0.926238505527934 0.3767797167971652 -0.010921350082631363
vn -0.9251395468068652 0.37899506108970815 -0.02189891786359691
vn -0.9251395468068652 0.37899506108970815 -0.02189891786359691
vn -0.9251395468068652 0.37899506108970815 -0.02189891786359691
vn -0.958490580303485 0.28491296477854233 -0.010973147706543078
vn -0.958490580303485 0.28491296477854233 -0.010973147706543078
vn -0.958490580303485 0.28491296477854233 -0.010973147706543078
vn -0.9555903762082923 0.29086858304766555 0.047355045073755306
vn -0.9555903762082923 0.29086858304766555 0.047355045073755306
vn -0.9555903762082923 0.29086858304766555 0.047355045073755306
vn -0.9744969714748419 0.20381278026214386 -0.093893573732053
vn -0.9744969714748419 0.20381278026214386 -0.093893573732053
vn -0.9744969714748419 0.20381278026214386 -0.093893573732053
vn -0.9825998356675826 0.1640402941309654 0.08711110633820518
vn -0.9825998356675826 0.1640402941309654 0.08711110633820518
vn -0.9825998356675826 0.1640402941309654 0.08711110633820518
vn -0.9900962584664625 0.08987777566037711 -0.10784889620693755
vn -0.9900962584664625 0.08987777566037711 -0.10784889620693755
vn -0.9900962584664625 0.08987777566037711 -0.10784889620693755
vn -0.9971035903844678 0.05849563438900261 0.04860751793530991
vn -0.9971035903844678 0.05849563438900261 0.04860751793530991
vn -0.9971035903844678 0.05849563438900261 0.04860751793530991
vn 0.9981375203714024 0.03268963054989606 0.05150610139914982
vn 0.9981375203714024 0.03268963054989606 0.05150610139914982
vn 0.9981375203714024 0.03268963054989606 0.05150610139914982
vn 0.998646833832878 0.05174808465182882 -0.005161105543908841
vn 0.998646833832878 0.05174808465182882 -0.005161105543908841
vn 0.998646833832878 0.05174808465182882 -0.005161105543908841
vn 0.9923445206661458 0.06865869614924558 -0.10265639652239433
vn 0.9923445206661458 0.06865869614924558 -0.10265639652239433
vn 0.9923445206661458 0.06865869614924558 -0.10265639652239433
vn 0.9954270739741227 0.06469351065754705 -0.07028292878159302
vn 0.9954270739741227 0.06469351065754705 -0.07028292878159302
vn 0.9954270739741227 0.06469351065754705 -0.07028292878159302
vn 0.9952071263063501 0.09191822218108037 0.03337388470235396
vn 0.9952071263063501 0.09191822218108037 0.03337388470235396
vn 0.9952071263063501 0.09191822218108037 0.03337388470235396
vn 0.9913431261781122 0.12779268436460572 0.03013031699627373
vn 0.9913431261781122 0.12779268436460572 0.03013031699627373
vn 0.9913431261781122 0.12779268436460572 0.03013031699627373
vn 0.9865361999484715 0.1529894910656605 -0.05779742048482363
vn 0.9865361999484715 0.1529894910656605 -0.05779742048482363
vn 0.9865361999484715 0.1529894910656605 -0.05779742048482363
vn 0.9881434475973639 0.14997068101190708 -0.03288345795716288
vn 0.9881434475973639 0.14997068101190708 -0.03288345795716288
vn 0.9881434475973639 0.14997068101190708 -0.03288345795716288
vn 0.9832601750520042 0.18114419655979513 0.019652180779957104
vn 0.9832601750520042 0.18114419655979513 0.019652180779957104
vn 0.9832601750520042 0.18114419655979513 0.019652180779957104
vn 0.976193210738646 0.213704084012564 0.03711306756554085
vn 0.976193210738646 0.213704084012564 0.03711306756554085
vn 0.976193210738646 0.213704084012564 0.03711306756554085
vn 0.970675779686805 0.2392578902640431 0.023327937667359203
vn 0.970675779686805 0.2392578902640431 0.023327937667359203
vn 0.970675779686805 0.2392578902640431 0.023327937667359203
vn 0.9481692942573257 0.3065356622673336 -0.08373098103983001
vn 0.9481692942573257 0.3065356622673336 -0.08373098103983001
vn 0.9481692942573257 0.3065356622673336 -0.08373098103983001
vn 0.9579913850073036 0.28535059791109585 -0.02876703883906497
vn 0.9579913850073036 0.28535059791109585 -0.02876703883906497
vn 0.9579913850073036 0.28535059791109585 -0.02876703883906497
vn 0.9408586433083347 0.3377437523993427 0.026723978506417237
vn 0.9408586433083347 0.3377437523993427 0.026723978506417237
vn 0.9408586433083347 0.3377437523993427 0.026723978506417237
vn 0.9227723108591939 0.38376296503818014 0.034889095383627826
vn 0.9227723108591939 0.38376296503818014 0.034889095383627826
vn 0.9227723108591939 0.38376296503818014 0.034889095383627826
vn 0.9043476396470178 0.42674451192954077 0.0066684483116902955
vn 0.9043476396470178 0.42674451192954077 0.0066684483116902955
vn 0.9043476396470178 0.42674451192954077 0.0066684483116902955
vn 0.8842591699626144 0.464118185613766 -0.05176900732691289
vn 0.8842591699626144 0.464118185613766 -0.05176900732691289
vn 0.8842591699626144 0.464118185613766 -0.05176900732691289
vn 0.8712948435255943 0.4907452691463928 -0.0037916297478395094
vn 0.8712948435255943 0.4907452691463928 -0.0037916297478395094
vn 0.8712948435255943 0.4907452691463928 -0.0037916297478395094
vn 0.8296147643181275 0.556451562974884 0.04583667623406531
vn 0.8296147643181275 0.556451562974884 0.04583667623406531
vn 0.8296147643181275 0.556451562974884 0.04583667623406531
vn 0.7886797837395444 0.6146938245010576 0.011649070383881254
vn 0.7886797837395444 0.6146938245010576 0.011649070383881254
vn 0.7886797837395444 0.6146938245010576 0.011649070383881254
vn 0.7680650986956145 0.638756516712415 -0.045454554481574094
vn 0.7680650986956145 0.638756516712415 -0.045454554481574094
vn 0.7680650986956145 0.638756516712415 -0.045454554481574094
vn 0.7326119929670749 0.680498759453395 0.014181189766758362
vn 0.7326119929670749 0.680498759453395 0.014181189766758362
vn 0.7326119929670749 0.680498759453395 0.014181189766758362
vn 0.6917049196491287 0.7219374083549324 0.018726519990535765
vn 0.6917049196491287 0.7219374083549324 0.018726519990535765
vn 0.6917049196491287 0.7219374083549324 0.018726519990535765
vn 0.6615840835788716 0.7497739244706083 -0.012064930130223934
vn 0.6615840835788716 0.7497739244706083 -0.012064930130223934
vn 0.6615840835788716 0.7497739244706083 -0.012064930130223934
vn 0.6256394578468303 0.7800479770894395 0.010021088952678565
vn 0.6256394578468303 0.7800479770894395 0.010021088952678565
vn 0.6256394578468303 0.7800479770894395 0.010021088952678565
vn 0.65219800311149 0.7572828374141546 -0.03406565565715785
vn 0.65219800311149 0.7572828374141546 -0.03406565565715785
vn 0.65219800311149 0.7572828374141546 -0.03406565565715785
vn 0.590003853943649 0.8067838629851259 0.031547595129243836
vn 0.590003853943649 0.8067838629851259 0.031547595129243836
vn 0.590003853943649 0.8067838629851259 0.031547595129243836
vn 0.5603118454036886 0.8280680054243584 0.018815267546262893
vn 0.5603118454036886 0.8280680054243584 0.018815267546262893
vn 0.5603118454036886 0.8280680054243584 0.018815267546262893
vn 0.5349884768296128 0.8445070009378659 -0.024397848808089945
vn 0.5349884768296128 0.8445070009378659 -0.024397848808089945
vn 0.5349884768296128 0.8445070009378659 -0.024397848808089945
vn 0.48681706985298073 0.8732479357308506 0.021146707582186616
vn 0.48681706985298073 0.8732479357308506 0.021146707582186616
vn 0.48681706985298073 0.8732479357308506 0.021146707582186616
vn 0.5220391076536612 0.8503225319100127 -0.06653391470757052
vn 0.5220391076536612 0.8503225319100127 -0.06653391470757052
vn 0.5220391076536612 0.8503225319100127 -0.06653391470757052
vn 0.47238907887857295 0.880565953820758 0.03810720572269842
vn 0.47238907887857295 0.880565953820758 0.03810720572269842
vn 0.47238907887857295 0.880565953820758 0.03810720572269842
vn 0.4366598170941057 0.8982789006121475 0.0492262211669095
vn 0.4366598170941057 0.8982789006121475 0.0492262211669095
vn 0.4366598170941057 0.8982789006121475 0.0492262211669095
vn 0.4097495983569434 0.912023904267417 0.017823150426941114
vn 0.4097495983569434 0.912023904267417 0.017823150426941114
vn 0.4097495983569434 0.912023904267417 0.017823150426941114
vn 0.3649934862497071 0.9308800784590365 0.01555745877008438
vn 0.3649934862497071 0.9308800784590365 0.01555745877008438
vn 0.3649934862497071 0.9308800784590365 0.01555745877008438
vn 0.3941139803302276 0.9178325958649134 -0.04751311898980736
vn 0.3941139803302276 0.9178325958649134 -0.04751311898980736
vn 0.3941139803302276 0.9178325958649134 -0.04751311898980736
vn 0.3263830771757819 0.9451394477844985 -0.013620248708488632
vn 0.3263830771757819 0.9451394477844985 -0.013620248708488632
vn 0.3263830771757819 0.9451394477844985 -0.013620248708488632
vn 0.3270515881325512 0.9449730155793045 -0.007953522925829296
vn 0.3270515881325512 0.9449730155793045 -0.007953522925829296
vn 0.3270515881325512 0.9449730155793045 -0.007953522925829296
vn 0.28232938076783365 0.9586304434871832 0.0363014266223531
vn 0.28232938076783365 0.9586304434871832 0.0363014266223531
vn 0.28232938076783365 0.9586304434871832 0.0363014266223531
vn 0.26533749817527413 0.9628791851879218 -0.049595229548115086
vn 0.26533749817527413 0.9628791851879218 -0.049595229548115086
vn 0.26533749817527413 0.9628791851879218 -0.049595229548115086
vn 0.25739220047965866 0.9661925533876569 -0.014872959035745568
vn 0.25739220047965866 0.9661925533876569 -0.014872959035745568
vn 0.25739220047965866 0.9661925533876569 -0.014872959035745568
vn 0.226152770996472 0.9728130411059217 0.049897006171368614
vn 0.226152770996472 0.9728130411059217 0.049897006171368614
vn 0.226152770996472 0.9728130411059217 0.049897006171368614
vn 0.217537895647721 0.9753547942866082 0.03688209890027563
vn 0.217537895647721 0.9753547942866082 0.03688209890027563
vn 0.217537895647721 0.9753547942866082 0.03688209890027563
vn 0.21017870689540927 0.9766137181664153 -0.045283072521011436
vn 0.21017870689540927 0.9766137181664153 -0.045283072521011436
vn 0.21017870689540927 0.9766137181664153 -0.045283072521011436
vn 0.2101247903373218 0.9745637163061475 -0.07793032365676142
vn 0.2101247903373218 0.9745637163061475 -0.07793032365676142
vn 0.2101247903373218 0.9745637163061475 -0.07793032365676142
vn 0.18453467862623185 0.9821648321094051 0.0360443470161062
vn 0.18453467862623185 0.9821648321094051 0.0360443470161062
vn 0.18453467862623185 0.9821648321094051 0.0360443470161062
vn 0.16780090621263435 0.9851870110570774 0.03534698174725374
vn 0.16780090621263435 0.9851870110570774 0.03534698174725374
vn 0.16780090621263435 0.9851870110570774 0.03534698174725374
vn 0.16280719477735317 0.9856734774914495 -0.044063739045181724
vn 0.16280719477735317 0.9856734774914495 -0.044063739045181724
vn 0.16280719477735317 0.9856734774914495 -0.044063739045181724
vn 0.1591534891391667 0.9867884385304921 -0.030310798032752946
vn 0.1591534891391667 0.9867884385304921 -0.030310798032752946
vn 0.1591534891391667 0.9867884385304921 -0.030310798032752946
vn 0.1417489764892132 0.9898744598189444 0.007468698843425139
vn 0.1417489764892132 0.9898744598189444 0.007468698843425139
vn 0.1417489764892132 0.9898744598189444 0.007468698843425139
vn 0.022824158215679444 0.9996068181413729 0.01628701713101065
vn 0.022824158215679444 0.9996068181413729 0.01628701713101065
vn 0.022824158215679444 0.9996068181413729 0.01628701713101065
vn -0.006621896861297469 0.9990468781700172 -0.04314493829757034
vn -0.006621896861297469 0.9990468781700172 -0.04314493829757034
vn -0.006621896861297469 0.9990468781700172 -0.04314493829757034
vn -0.005976616893304798 0.9991961755544531 -0.03963940978199941
vn -0.005976616893304798 0.9991961755544531 -0.03963940978199941
vn -0.005976616893304798 0.9991961755544531 -0.03963940978199941
vn -0.06302577203204672 0.9973226700286376 0.037084281127098474
vn -0.06302577203204672 0.9973226700286376 0.037084281127098474
vn -0.06302577203204672 0.9973226700286376 0.037084281127098474
vn -0.09837501544594206 0.9946849395217804 0.030401108936399114
vn -0.09837501544594206 0.9946849395217804 0.030401108936399114
vn -0.09837501544594206 0.9946849395217804 0.030401108936399114
vn -0.12507009618697615 0.9916527360447299 -0.03134201867751229
vn -0.12507009618697615 0.9916527360447299 -0.03134201867751229
vn -0.12507009618697615 0.9916527360447299 -0.03134201867751229
vn -0.1997827015872662 0.9796851983277409 0.017429409744125112
vn -0.1997827015872662 0.9796851983277409 0.017429409744125112
vn -0.1997827015872662 0.9796851983277409 0.017429409744125112
vn -0.22735919094456725 0.972959758397505 -0.04070757708462576
vn -0.22735919094456725 0.972959758397505 -0.04070757708462576
vn -0.22735919094456725 0.972959758397505 -0.04070757708462576
vn -0.2252088081598063 0.9732357442840063 -0.04575127074952106
vn -0.2252088081598063 0.9732357442840063 -0.04575127074952106
vn -0.2252088081598063 0.9732357442840063 -0.04575127074952106
vn -0.24472769439118663 0.969506774196581 -0.012844079761264185
vn -0.24472769439118663 0.969506774196581 -0.012844079761264185
vn -0.24472769439118663 0.969506774196581 -0.012844079761264185
vn 0.9971384729666423 -0.03026991627353727 -0.06927191276806366
vn 0.9971384729666423 -0.03026991627353727 -0.06927191276806366
vn 0.9971384729666423 -0.03026991627353727 -0.06927191276806366
vn 0.9996580918973139 -0.021135266534934884 -0.015394798235725343
vn 0.9996580918973139 -0.021135266534934884 -0.015394798235725343
vn 0.9996580918973139 -0.021135266534934884 -0.015394798235725343
vn 0.9994328031794336 -0.008454381496546128 0.03259747478579149
vn 0.9994328031794336 -0.008454381496546128 0.03259747478579149
vn 0.9994328031794336 -0.008454381496546128 0.03259747478579149
vn 0.9883924358054561 -0.12198289769405389 -0.09055697384916955
vn 0.9883924358054561 -0.12198289769405389 -0.09055697384916955
vn 0.9883924358054561 -0.12198289769405389 -0.09055697384916955
vn 0.9940888114025371 -0.10843779704531027 -0.005355297961023659
vn 0.9940888114025371 -0.10843779704531027 -0.005355297961023659
vn 0.9940888114025371 -0.10843779704531027 -0.005355297961023659
vn 0.9946617326921979 -0.09533981828242777 0.03947602522580329
vn 0.9946617326921979 -0.09533981828242777 0.03947602522580329
vn 0.9946617326921979 -0.09533981828242777 0.03947602522580329
vn 0.9947755991901229 -0.07897657202905571 0.06468545683900913
vn 0.9947755991901229 -0.07897657202905571 0.06468545683900913
vn 0.9947755991901229 -0.07897657202905571 0.06468545683900913
vn 0.9974343389175964 -0.053899337733061554 0.04711264097834673
vn 0.9974343389175964 -0.053899337733061554 0.04711264097834673
vn 0.9974343389175964 -0.053899337733061554 0.04711264097834673
vn 0.9900577504627156 -0.14064107608365128 -0.0023955097035482614
vn 0.9900577504627156 -0.14064107608365128 -0.0023955097035482614
vn 0.9900577504627156 -0.14064107608365128 -0.0023955097035482614
f 1//1 2//2 3//3
f 4//4 5//5 6//6
f 7//7 8//8 9//9
f 10//10 11//11 12//12
f 13//13 14//14 15//15
f 16//16 17//17 18//18
f 19//19 20//20 21//21
f 22//22 23//23 24//24
f 25//25 26//26 27//27
f 28//28 29//29 30//30
f 31//31 32//32 33//33
f 34//34 35//35 36//36
f 37//37 38//38 39//39
f 40//40 41//41 42//42
f 43//43 44//44 45//45
f 46//46 47//47 48//48
f 49//49 50//50 51//51
f 52//52 53//53 54//54
f 55//55 56//56 57//57
f 58//58 59//59 60//60
f 61//61 62//62 63//63
f 64//64 65//65 66//66
f 67//67 68//68 69//69
f 70//70 71//71 72//72
f 73//73 74//74 75//75
f 76//76 77//77 78//78
f 79//79 80//80 81//81
f 82//82 83//83 84//84
f 85//85 86//86 87//87
f 88//88 89//89 90//90
f 91//91 92//92 93//93
f 94//94 95//95 96//96
f 97//97 98//98 99//99
f 100//100 101//101 102//102
f 103//103 104//104 105//105
f 106//106 107//107 108//108
f 109//109 110//110 111//111
f 112//112 113//113 114//114
f 115//115 116//116 117//117
f 118//118 119//119 120//120
f 121//121 122//122 123//123
f 124//124 125//125 126//126
f 127//127 128//128 129//129
f 130//130 131//131 132//132
f 133//133 134//134 135//135
f 136//136 137//137 138//138
f 139//139 140//140 141//141
f 142//142 143//143 144//144
f 145//145 146//146 147//147
f 148//148 149//149 150//150
f 151//151 152//152 153//153
f 154//154 155//155 156//156
f 157//157 158//158 159//159
f 160//160 161//161 162//162
f 163//163 164//164 165//165
f 166//166 167//167 168//168
f 169//169 170//170 171//171
f 172//172 173//173 174//174
f 175//175 176//176 177//177
f 178//178 179//179 180//180
f 181//181 182//182 183//183
f 184//184 185//185 186//186
f 187//187 188//188 189//189
f 190//190 191//191 192//192
f 193//193 194//194 195//195
f 196//196 197//197 198//198
f 199//199 200//200 201//201
f 202//202 203//203 204//204
f 205//205 206//206 207//207
f 208//208 209//209 210//210
f 211//211 212//212 213//213
f 214//214 215//215 216//216
f 217//217 218//218 219//219
f 220//220 221//221 222//222
f 223//223 224//224 225//225
f 226//226 227//227 228//228
f 229//229 230//230 231//231
f 232//232 233//233 234//234
f 235//235 236//236 237//237
f 238//238 239//239 240//240
f 241//241 242//242 243//243
f 244//244 245//245 246//246
f 247//247 248//248 249//249
f 250//250 251//251 252//252
f 253//253 254//254 255//255
f 256//256 257//257 258//258
f 259//259 260//260 261//261
f 262//262 263//263 264//264
f 265//265 266//266 267//267
f 268//268 269//269 270//270
f 271//271 272//272 273//273
f 274//274 275//275 276//276
f 277//277 278//278 279//279
f 280//280 281//281 282//282
f 283//283 284//284 285//285
f 286//286 287//287 288//288
f 289//289 290//290 291//291
f 292//292 293//293 294//294
f 295//295 296//296 297//297
f 298//298 299//299 300//300
f 301//301 302//302 303//303
f 304//304 305//305 306//306
f 307//307 308//308 309//309
f 310//310 311//311 312//312
f 313//313 314//314 315//315
f 316//316 317//317 318//318
f 319//319 320//320 321//321
f 322//322 323//323 324//324
f 325//325 326//326 327//327
f 328//328 329//329 330//330
f 331//331 332//332 333//333
f 334//334 335//335 336//336
f 337//337 338//338 339//339
f 340//340 341//341 342//342
f 343//343 344//344 345//345
f 346//346 347//347 348//348
f 349//349 350//350 351//351
f 352//352 353//353 354//354
f 355//355 356//356 357//357
f 358//358 359//359 360//360
f 361//361 362//362 363//363
f 364//364 365//365 366//366
f 367//367 368//368 369//369
f 370//370 371//371 372//372
f 373//373 374//374 375//375
f 376//376 377//377 378//378
f 379//379 380//380 381//381
f 382//382 383//383 384//384
f 385//385 386//386 387//387
f 388//388 389//389 390//390
f 391//391 392//392 393//393
f 394//394 395//395 396//396
f 397//397 398//398 399//399
f 400//400 401//401 402//402
f 403//403 404//404 405//405
f 406//406 407//407 408//408
f 409//409 410//410 411//411
f 412//412 413//413 414//414
f 415//415 416//416 417//417
f 418//418 419//419 420//420
f 421//421 422//422 423//423
f 424//424 425//425 426//426
f 427//427 428//428 429//429
f 430//430 431//431 432//432
f 433//433 434//434 435//435
f 436//436 437//437 438//438
f 439//439 440//440 441//441
f 442//442 443//443 444//444
f 445//445 446//446 447//447
f 448//448 449//449 450//450
f 451//451 452//452 453//453
f 454//454 455//455 456//456
f 457//457 458//458 459//459
f 460//460 461//461 462//462
f 463//463 464//464 465//465
f 466//466 467//467 468//468
f 469//469 470//470 471//471
f 472//472 473//473 474//474
f 475//475 476//476 477//477
f 478//478 479//479 480//480
f 481//481 482//482 483//483
f 484//484 485//485 486//486
f 487//487 488//488 489//489
f 490//490 491//491 492//492
f 493//493 494//494 495//495
f 496//496 497//497 498//498
f 499//499 500//500 501//501
f 502//502 503//503 504//504
f 505//505 506//506 507//507
f 508//508 509//509 510//510
f 511//511 512//512 513//513
f 514//514 515//515 516//516
f 517//517 518//518 519//519
f 520//520 521//521 522//522
f 523//523 524//524 525//525
f 526//526 527//527 528//528
f 529//529 530//530 531//531
f 532//532 533//533 534//534
f 535//535 536//536 537//537
f 538//538 539//539 540//540
f 541//541 542//542 543//543
f 544//544 545//545 546//546
f 547//547 548//548 549//549
f 550//550 551//551 552//552
f 553//553 554//554 555//555
f 556//556 557//557 558//558
f 559//559 560//560 561//561
f 562//562 563//563 564//564
f 565//565 566//566 567//567
f 568//568 569//569 570//570
f 571//571 572//572 573//573
f 574//574 575//575 576//576
f 577//577 578//578 579//579
f 580//580 581//581 582//582
f 583//583 584//584 585//585
f 586//586 587//587 588//588
f 589//589 590//590 591//591
f 592//592 593//593 594//594
f 595//595 596//596 597//597
f 598//598 599//599 600//600
f 601//601 602//602 603//603
f 604//604 605//605 606//606
f 607//607 608//608 609//609
f 610//610 611//611 612//612
f 613//613 614//614 615//615
f 616//616 617//617 618//618
f 619//619 620//620 621//621
f 622//622 623//623 624//624
f 625//625 626//626 627//627
f 628//628 629//629 630//630
f 631//631 632//632 633//633
f 634//634 635//635 636//636
f 637//637 638//638 639//639
f 640//640 641//641 642//642
f 643//643 644//644 645//645
f 646//646 647//647 648//648
f 649//649 650//650 651//651
f 652//652 653//653 654//654
f 655//655 656//656 657//657
f 658//658 659//659 660//660
f 661//661 662//662 663//663
f 664//664 665//665 666//666
f 667//667 668//668 669//669
f 670//670 671//671 672//672
f 673//673 674//674 675//675
f 676//676 677//677 678//678
f 679//679 680//680 681//681
f 682//682 683//683 684//684
f 685//685 686//686 687//687
f 688//688 689//689 690//690
f 691//691 692//692 693//693
f 694//694 695//695 696//696
f 697//697 698//698 699//699
f 700//700 701//701 702//702
f 703//703 704//704 705//705
f 706//706 707//707 708//708
f 709//709 710//710 711//711
f 712//712 713//713 714//714
f 715//715 716//716 717//717
f 718//718 719//719 720//720
f 721//721 722//722 723//723
f 724//724 725//725 726//726
f 727//727 728//728 729//729
f 730//730 731//731 732//732
f 733//733 734//734 735//735
f 736//736 737//737 738//738
f 739//739 740//740 741//741
f 742//742 743//743 744//744
f 745//745 746//746 747//747
f 748//748 749//749 750//750
f 751//751 752//752 753//753
f 754//754 755//755 756//756
f 757//757 758//758 759//759
f 760//760 761//761 762//762
f 763//763 764//764 765//765
f 766//766 767//767 768//768
f 769//769 770//770 771//771
f 772//772 773//773 774//774
f 775//775 776//776 777//777
f 778//778 779//779 780//780
f 781//781 782//782 783//783
f 784//784 785//785 786//786
f 787//787 788//788 789//789
f 790//790 791//791 792//792
f 793//793 794//794 795//795
f 796//796 797//797 798//798
f 799//799 800//800 801//801
f 802//802 803//803 804//804
f 805//805 806//806 807//807
f 808//808 809//809 810//810
f 811//811 812//812 813//813
f 814//814 815//815 816//816
f 817//817 818//818 819//819
f 820//820 821//821 822//822
f 823//823 824//824 825//825
f 826//826 827//827 828//828
f 829//829 830//830 831//831
f 832//832 833//833 834//834
f 835//835 836//836 837//837
f 838//838 839//839 840//840
f 841//841 842//842 843//843
f 844//844 845//845 846//846
f 847//847 848//848 849//849
f 850//850 851//851 852//852
f 853//853 854//854 855//855
f 856//856 857//857 858//858
f 859//859 860//860 861//861
f 862//862 863//863 864//864
f 865//865 866//866 867//867
f 868//868 869//869 870//870
f 871//871 872//872 873//873
f 874//874 875//875 876//876
f 877//877 878//878 879//879
f 880//880 881//881 882//882
f 883//883 884//884 885//885
f 886//886 887//887 888//888
f 889//889 890//890 891//891
f 892//892 893//893 894//894
f 895//895 896//896 897//897
f 898//898 899//899 900//900
f 901//901 902//902 903//903
f 904//904 905//905 906//906
f 907//907 908//908 909//909
f 910//910 911//911 912//912
f 913//913 914//914 915//915
f 916//916 917//917 918//918
f 919//919 920//920 921//921
f 922//922 923//923 924//924
f 925//925 926//926 927//927
f 928//928 929//929 930//930
f 931//931 932//932 933//933
f 934//934 935//935 936//936
f 937//937 938//938 939//939
f 940//940 941//941 942//942
f 943//943 944//944 945//945
f 946//946 947//947 948//948
f 949//949 950//950 951//951
f 952//952 953//953 954//954
f 955//955 956//956 957//957
f 958//958 959//959 960//960
f 961//961 962//962 963//963
f 964//964 965//965 966//966
f 967//967 968//968 969//969
f 970//970 971//971 972//972
f 973//973 974//974 975//975
f 976//976 977//977 978//978
f 979//979 980//980 981//981
f 982//982 983//983 984//984
f 985//985 986//986 987//987
f 988//988 989//989 990//990
f 991//991 992//992 993//993
f 994//994 995//995 996//996
f 997//997 998//998 999//999
f 1000//1000 1001//1001 1002//1002
f 1003//1003 1004//1004 1005//1005
f 1006//1006 1007//1007 1008//1008
f 1009//1009 1010//1010 1011//1011
f 1012//1012 1013//1013 1014//1014
f 1015//1015 1016//1016 1017//1017
f 1018//1018 1019//1019 1020//1020
f 1021//1021 1022//1022 1023//1023
f 1024//1024 1025//1025 1026//1026
f 1027//1027 1028//1028 1029//1029
f 1030//1030 1031//1031 1032//1032
f 1033//1033 1034//1034 1035//1035
f 1036//1036 1037//1037 1038//1038
f 1039//1039 1040//1040 1041//1041
f 1042//1042 1043//1043 1044//1044
f 1045//1045 1046//1046 1047//1047
f 1048//1048 1049//1049 1050//1050
f 1051//1051 1052//1052 1053//1053
f 1054//1054 1055//1055 1056//1056
f 1057//1057 1058//1058 1059//1059
f 1060//1060 1061//1061 1062//1062
f 1063//1063 1064//1064 1065//1065
f 1066//1066 1067//1067 1068//1068
f 1069//1069 1070//1070 1071//1071
f 1072//1072 1073//1073 1074//1074
f 1075//1075 1076//1076 1077//1077
f 1078//1078 1079//1079 1080//1080
f 1081//1081 1082//1082 1083//1083
f 1084//1084 1085//1085 1086//1086
f 1087//1087 1088//1088 1089//1089
f 1090//1090 1091//1091 1092//1092
f 1093//1093 1094//1094 1095//1095
f 1096//1096 1097//1097 1098//1098
f 1099//1099 1100//1100 1101//1101
f 1102//1102 1103//1103 1104//1104
f 1105//1105 1106//1106 1107//1107
f 1108//1108 1109//1109 1110//1110
f 1111//1111 1112//1112 1113//1113
f 1114//1114 1115//1115 1116//1116
f 1117//1117 1118//1118 1119//1119
f 1120//1120 1121//1121 1122//1122
f 1123//1123 1124//1124 1125//1125
f 1126//1126 1127//1127 1128//1128
f 1129//1129 1130//1130 1131//1131
f 1132//1132 1133//1133 1134//1134
f 1135//1135 1136//1136 1137//1137
f 1138//1138 1139//1139 1140//1140
f 1141//1141 1142//1142 1143//1143
f 1144//1144 1145//1145 1146//1146
f 1147//1147 1148//1148 1149//1149
f 1150//1150 1151//1151 1152//1152
f 1153//1153 1154//1154 1155//1155
f 1156//1156 1157//1157 1158//1158
f 1159//1159 1160//1160 1161//1161
f 1162//1162 1163//1163 1164//1164
f 1165//1165 1166//1166 1167//1167
f 1168//1168 1169//1169 1170//1170
f 1171//1171 1172//1172 1173//1173
f 1174//1174 1175//1175 1176//1176
f 1177//1177 1178//1178 1179//1179
f 1180//1180 1181//1181 1182//1182
f 1183//1183 1184//1184 1185//1185
f 1186//1186 1187//1187 1188//1188
f 1189//1189 1190//1190 1191//1191
f 1192//1192 1193//1193 1194//1194
f 1195//1195 1196//1196 1197//1197
f 1198//1198 1199//1199 1200//1200
f 1201//1201 1202//1202 1203//1203
f 1204//1204 1205//1205 1206//1206
f 1207//1207 1208//1208 1209//1209
f 1210//1210 1211//1211 1212//1212
f 1213//1213 1214//1214 1215//1215
f 1216//1216 1217//1217 1218//1218
f 1219//1219 1220//1220 1221//1221
f 1222//1222 1223//1223 1224//1224
f 1225//1225 1226//1226 1227//1227
f 1228//1228 1229//1229 1230//1230
f 1231//1231 1232//1232 1233//1233
f 1234//1234 1235//1235 1236//1236
f 1237//1237 1238//1238 1239//1239
f 1240//1240 1241//1241 1242//1242
f 1243//1243 1244//1244 1245//1245
f 1246//1246 1247//1247 1248//1248
f 1249//1249 1250//1250 1251//1251
f 1252//1252 1253//1253 1254//1254
f 1255//1255 1256//1256 1257//1257
f 1258//1258 1259//1259 1260//1260
f 1261//1261 1262//1262 1263//1263
f 1264//1264 1265//1265 1266//1266
f 1267//1267 1268//1268 1269//1269
f 1270//1270 1271//1271 1272//1272
f 1273//1273 1274//1274 1275//1275
f 1276//1276 1277//1277 1278//1278
f 1279//1279 1280//1280 1281//1281
f 1282//1282 1283//1283 1284//1284
f 1285//1285 1286//1286 1287//1287
f 1288//1288 1289//1289 1290//1290
f 1291//1291 1292//1292 1293//1293
f 1294//1294 1295//1295 1296//1296
f 1297//1297 1298//1298 1299//1299
f 1300//1300 1301//1301 1302//1302
f 1303//1303 1304//1304 1305//1305
f 1306//1306 1307//1307 1308//1308
f 1309//1309 1310//1310 1311//1311
f 1312//1312 1313//1313 1314//1314
f 1315//1315 1316//1316 1317//1317
f 1318//1318 1319//1319 1320//1320
f 1321//1321 1322//1322 1323//1323
f 1324//1324 1325//1325 1326//1326
f 1327//1327 1328//1328 1329//1329
f 1330//1330 1331//1331 1332//1332
f 1333//1333 1334//1334 1335//1335
f 1336//1336 1337//1337 1338//1338
f 1339//1339 1340//1340 1341//1341
f 1342//1342 1343//1343 1344//1344
f 1345//1345 1346//1346 1347//1347
f 1348//1348 1349//1349 1350//1350
f 1351//1351 1352//1352 1353//1353
f 1354//1354 1355//1355 1356//1356
f 1357//1357 1358//1358 1359//1359
f 1360//1360 1361//1361 1362//1362
f 1363//1363 1364//1364 1365//1365
f 1366//1366 1367//1367 1368//1368
f 1369//1369 1370//1370 1371//1371
f 1372//1372 1373//1373 1374//1374
f 1375//1375 1376//1376 1377//1377
f 1378//1378 1379//1379 1380//1380
f 1381//1381 1382//1382 1383//1383
f 1384//1384 1385//1385 1386//1386
f 1387//1387 1388//1388 1389//1389
f 1390//1390 1391//1391 1392//1392
f 1393//1393 1394//1394 1395//1395
f 1396//1396 1397//1397 1398//1398
f 1399//1399 1400//1400 1401//1401
f 1402//1402 1403//1403 1404//1404
f 1405//1405 1406//1406 1407//1407
f 1408//1408 1409//1409 1410//1410
f 1411//1411 1412//1412 1413//1413
f 1414//1414 1415//1415 1416//1416
f 1417//1417 1418//1418 1419//1419
f 1420//1420 1421//1421 1422//1422
f 1423//1423 1424//1424 1425//1425
f 1426//1426 1427//1427 1428//1428
f 1429//1429 1430//1430 1431//1431
f 1432//1432 1433//1433 1434//1434
f 1435//1435 1436//1436 1437//1437
f 1438//1438 1439//1439 1440//1440
f 1441//1441 1442//1442 1443//1443
f 1444//1444 1445//1445 1446//1446
f 1447//1447 1448//1448 1449//1449
f 1450//1450 1451//1451 1452//1452
f 1453//1453 1454//1454 1455//1455
f 1456//1456 1457//1457 1458//1458
f 1459//1459 1460//1460 1461//1461
f 1462//1462 1463//1463 1464//1464
f 1465//1465 1466//1466 1467//1467
f 1468//1468 1469//1469 1470//1470
f 1471//1471 1472//1472 1473//1473
f 1474//1474 1475//1475 1476//1476
f 1477//1477 1478//1478 1479//1479
f 1480//1480 1481//1481 1482//1482
f 1483//1483 1484//1484 1485//1485
f 1486//1486 1487//1487 1488//1488
f 1489//1489 1490//1490 1491//1491
f 1492//1492 1493//1493 1494//1494
f 1495//1495 1496//1496 1497//1497
f 1498//1498 1499//1499 1500//1500
f 1501//1501 1502//1502 1503//1503
f 1504//1504 1505//1505 1506//1506
f 1507//1507 1508//1508 1509//1509
f 1510//1510 1511//1511 1512//1512
f 1513//1513 1514//1514 1515//1515
f 1516//1516 1517//1517 1518//1518
f 1519//1519 1520//1520 1521//1521
f 1522//1522 1523//1523 1524//1524
f 1525//1525 1526//1526 1527//1527
f 1528//1528 1529//1529 1530//1530
f 1531//1531 1532//1532 1533//1533
f 1534//1534 1535//1535 1536//1536
f 1537//1537 1538//1538 1539//1539
f 1540//1540 1541//1541 1542//1542
f 1543//1543 1544//1544 1545//1545
f 1546//1546 1547//1547 1548//1548
f 1549//1549 1550//1550 1551//1551
f 1552//1552 1553//1553 1554//1554
f 1555//1555 1556//1556 1557//1557
f 1558//1558 1559//1559 1560//1560
f 1561//1561 1562//1562 1563//1563
f 1564//1564 1565//1565 1566//1566
f 1567//1567 1568//1568 1569//1569
f 1570//1570 1571//1571 1572//1572
f 1573//1573 1574//1574 1575//1575
f 1576//1576 1577//1577 1578//1578
f 1579//1579 1580//1580 1581//1581
f 1582//1582 1583//1583 1584//1584
f 1585//1585 1586//1586 1587//1587
f 1588//1588 1589//1589 1590//1590
f 1591//1591 1592//1592 1593//1593
f 1594//1594 1595//1595 1596//1596
f 1597//1597 1598//1598 1599//1599
f 1600//1600 1601//1601 1602//1602
f 1603//1603 1604//1604 1605//1605
f 1606//1606 1607//1607 1608//1608
f 1609//1609 1610//1610 1611//1611
f 1612//1612 1613//1613 1614//1614
f 1615//1615 1616//1616 1617//1617
f 1618//1618 1619//1619 1620//1620
f 1621//1621 1622//1622 1623//1623
f 1624//1624 1625//1625 1626//1626
f 1627//1627 1628//1628 1629//1629
f 1630//1630 1631//1631 1632//1632
f 1633//1633 1634//1634 1635//1635
f 1636//1636 1637//1637 1638//1638
f 1639//1639 1640//1640 1641//1641
f 1642//1642 1643//1643 1644//1644
f 1645//1645 1646//1646 1647//1647
f 1648//1648 1649//1649 1650//1650
f 1651//1651 1652//1652 1653//1653
f 1654//1654 1655//1655 1656//1656
f 1657//1657 1658//1658 1659//1659
f 1660//1660 1661//1661 1662//1662
f 1663//1663 1664//1664 1665//1665
f 1666//1666 1667//1667 1668//1668
f 1669//1669 1670//1670 1671//1671
f 1672//1672 1673//1673 1674//1674
f 1675//1675 1676//1676 1677//1677
f 1678//1678 1679//1679 1680//1680
f 1681//1681 1682//1682 1683//1683
f 1684//1684 1685//1685 1686//1686
f 1687//1687 1688//1688 1689//1689
f 1690//1690 1691//1691 1692//1692
f 1693//1693 1694//1694 1695//1695
f 1696//1696 1697//1697 1698//1698
f 1699//1699 1700//1700 1701//1701
f 1702//1702 1703//1703 1704//1704
f 1705//1705 1706//1706 1707//1707
f 1708//1708 1709//1709 1710//1710
f 1711//1711 1712//1712 1713//1713
f 1714//1714 1715//1715 1716//1716
f 1717//1717 1718//1718 1719//1719
f 1720//1720 1721//1721 1722//1722
f 1723//1723 1724//1724 1725//1725
f 1726//1726 1727//1727 1728//1728
f 1729//1729 1730//1730 1731//1731
f 1732//1732 1733//1733 1734//1734
f 1735//1735 1736//1736 1737//1737
f 1738//1738 1739//1739 1740//1740
f 1741//1741 1742//1742 1743//1743
f 1744//1744 1745//1745 1746//1746
f 1747//1747 1748//1748 1749//1749
f 1750//1750 1751//1751 1752//1752
f 1753//1753 1754//1754 1755//1755
f 1756//1756 1757//1757 1758//1758
f 1759//1759 1760//1760 1761//1761
f 1762//1762 1763//1763 1764//1764
f 1765//1765 1766//1766 1767//1767
f 1768//1768 1769//1769 1770//1770
f 1771//1771 1772//1772 1773//1773
f 1774//1774 1775//1775 1776//1776
f 1777//1777 1778//1778 1779//1779
f 1780//1780 1781//1781 1782//1782
f 1783//1783 1784//1784 1785//1785
f 1786//1786 1787//1787 1788//1788
f 1789//1789 1790//1790 1791//1791
f 1792//1792 1793//1793 1794//1794
f 1795//1795 1796//1796 1797//1797
f 1798//1798 1799//1799 1800//1800
f 1801//1801 1802//1802 1803//1803
f 1804//1804 1805//1805 1806//1806
f 1807//1807 1808//1808 1809//1809
f 1810//1810 1811//1811 1812//1812
f 1813//1813 1814//1814 1815//1815
f 1816//1816 1817//1817 1818//1818
f 1819//1819 1820//1820 1821//1821
f 1822//1822 1823//1823 1824//1824
f 1825//1825 1826//1826 1827//1827
f 1828//1828 1829//1829 1830//1830
f 1831//1831 1832//1832 1833//1833
f 1834//1834 1835//1835 1836//1836
f 1837//1837 1838//1838 1839//1839
f 1840//1840 1841//1841 1842//1842
f 1843//1843 1844//1844 1845//1845
f 1846//1846 1847//1847 1848//1848
f 1849//1849 1850//1850 1851//1851
f 1852//1852 1853//1853 1854//1854
f 1855//1855 1856//1856 1857//1857
f 1858//1858 1859//1859 1860//1860
f 1861//1861 1862//1862 1863//1863
f 1864//1864 1865//1865 1866//1866
f 1867//1867 1868//1868 1869//1869
f 1870//1870 1871//1871 1872//1872
f 1873//1873 1874//1874 1875//1875
f 1876//1876 1877//1877 1878//1878
f 1879//1879 1880//1880 1881//1881
f 1882//1882 1883//1883 1884//1884
f 1885//1885 1886//1886 1887//1887
f 1888//1888 1889//1889 1890//1890
f 1891//1891 1892//1892 1893//1893
f 1894//1894 1895//1895 1896//1896
f 1897//1897 1898//1898 1899//1899
f 1900//1900 1901//1901 1902//1902
f 1903//1903 1904//1904 1905//1905
f 1906//1906 1907//1907 1908//1908
f 1909//1909 1910//1910 1911//1911
f 1912//1912 1913//1913 1914//1914
f 1915//1915 1916//1916 1917//1917
f 1918//1918 1919//1919 1920//1920
f 1921//1921 1922//1922 1923//1923
f 1924//1924 1925//1925 1926//1926
f 1927//1927 1928//1928 1929//1929
f 1930//1930 1931//1931 1932//1932
f 1933//1933 1934//1934 1935//1935
f 1936//1936 1937//1937 1938//1938
f 1939//1939 1940//1940 1941//1941
f 1942//1942 1943//1943 1944//1944
f 1945//1945 1946//1946 1947//1947
f 1948//1948 1949//1949 1950//1950
f 1951//1951 1952//1952 1953//1953
f 1954//1954 1955//1955 1956//1956
f 1957//1957 1958//1958 1959//1959
f 1960//1960 1961//1961 1962//1962
f 1963//1963 1964//1964 1965//1965
f 1966//1966 1967//1967 1968//1968
f 1969//1969 1970//1970 1971//1971
f 1972//1972 1973//1973 1974//1974
f 1975//1975 1976//1976 1977//1977
f 1978//1978 1979//1979 1980//1980
f 1981//1981 1982//1982 1983//1983
f 1984//1984 1985//1985 1986//1986
f 1987//1987 1988//1988 1989//1989
f 1990//1990 1991//1991 1992//1992
f 1993//1993 1994//1994 1995//1995
f 1996//1996 1997//1997 1998//1998
f 1999//1999 2000//2000 2001//2001
f 2002//2002 2003//2003 2004//2004
f 2005//2005 2006//2006 2007//2007
f 2008//2008 2009//2009 2010//2010
f 2011//2011 2012//2012 2013//2013
f 2014//2014 2015//2015 2016//2016
f 2017//2017 2018//2018 2019//2019
f 2020//2020 2021//2021 2022//2022
f 2023//2023 2024//2024 2025//2025
f 2026//2026 2027//2027 2028//2028
f 2029//2029 2030//2030 2031//2031
f 2032//2032 2033//2033 2034//2034
f 2035//2035 2036//2036 2037//2037
f 2038//2038 2039//2039 2040//2040
f 2041//2041 2042//2042 2043//2043
f 2044//2044 2045//2045 2046//2046
f 2047//2047 2048//2048 2049//2049
f 2050//2050 2051//2051 2052//2052
f 2053//2053 2054//2054 2055//2055
f 2056//2056 2057//2057 2058//2058
f 2059//2059 2060//2060 2061//2061
f 2062//2062 2063//2063 2064//2064
f 2065//2065 2066//2066 2067//2067
f 2068//2068 2069//2069 2070//2070
f 2071//2071 2072//2072 2073//2073
f 2074//2074 2075//2075 2076//2076
f 2077//2077 2078//2078 2079//2079
f 2080//2080 2081//2081 2082//2082
f 2083//2083 2084//2084 2085//2085
f 2086//2086 2087//2087 2088//2088
f 2089//2089 2090//2090 2091//2091
f 2092//2092 2093//2093 2094//2094
f 2095//2095 2096//2096 2097//2097
f 2098//2098 2099//2099 2100//2100
f 2101//2101 2102//2102 2103//2103
f 2104//2104 2105//2105 2106//2106
f 2107//2107 2108//2108 2109//2109
f 2110//2110 2111//2111 2112//2112
f 2113//2113 2114//2114 2115//2115
f 2116//2116 2117//2117 2118//2118
f 2119//2119 2120//2120 2121//2121
f 2122//2122 2123//2123 2124//2124
f 2125//2125 2126//2126 2127//2127
f 2128//2128 2129//2129 2130//2130
f 2131//2131 2132//2132 2133//2133
f 2134//2134 2135//2135 2136//2136
f 2137//2137 2138//2138 2139//2139
f 2140//2140 2141//2141 2142//2142
f 2143//2143 2144//2144 2145//2145
f 2146//2146 2147//2147 2148//2148
f 2149//2149 2150//2150 2151//2151
f 2152//2152 2153//2153 2154//2154
f 2155//2155 2156//2156 2157//2157
f 2158//2158 2159//2159 2160//2160
f 2161//2161 2162//2162 2163//2163
f 2164//2164 2165//2165 2166//2166
f 2167//2167 2168//2168 2169//2169
f 2170//2170 2171//2171 2172//2172
f 2173//2173 2174//2174 2175//2175
f 2176//2176 2177//2177 2178//2178
f 2179//2179 2180//2180 2181//2181
f 2182//2182 2183//2183 2184//2184
f 2185//2185 2186//2186 2187//2187
f 2188//2188 2189//2189 2190//2190
f 2191//2191 2192//2192 2193//2193
f 2194//2194 2195//2195 2196//2196
f 2197//2197 2198//2198 2199//2199
f 2200//2200 2201//2201 2202//2202
f 2203//2203 2204//2204 2205//2205
f 2206//2206 2207//2207 2208//2208
f 2209//2209 2210//2210 2211//2211
f 2212//2212 2213//2213 2214//2214
f 2215//2215 2216//2216 2217//2217
f 2218//2218 2219//2219 2220//2220
f 2221//2221 2222//2222 2223//2223
f 2224//2224 2225//2225 2226//2226
f 2227//2227 2228//2228 2229//2229
f 2230//2230 2231//2231 2232//2232
f 2233//2233 2234//2234 2235//2235
f 2236//2236 2237//2237 2238//2238
f 2239//2239 2240//2240 2241//2241
f 2242//2242 2243//2243 2244//2244
f 2245//2245 2246//2246 2247//2247
f 2248//2248 2249//2249 2250//2250
f 2251//2251 2252//2252 2253//2253
f 2254//2254 2255//2255 2256//2256
f 2257//2257 2258//2258 2259//2259
f 2260//2260 2261//2261 2262//2262
f 2263//2263 2264//2264 2265//2265
f 2266//2266 2267//2267 2268//2268
f 2269//2269 2270//2270 2271//2271
f 2272//2272 2273//2273 2274//2274
f 2275//2275 2276//2276 2277//2277
f 2278//2278 2279//2279 2280//2280
f 2281//2281 2282//2282 2283//2283
f 2284//2284 2285//2285 2286//2286
f 2287//2287 2288//2288 2289//2289
f 2290//2290 2291//2291 2292//2292
f 2293//2293 2294//2294 2295//2295
f 2296//2296 2297//2297 2298//2298
f 2299//2299 2300//2300 2301//2301
f 2302//2302 2303//2303 2304//2304
f 2305//2305 2306//2306 2307//2307
f 2308//2308 2309//2309 2310//2310
f 2311//2311 2312//2312 2313//2313
f 2314//2314 2315//2315 2316//2316
f 2317//2317 2318//2318 2319//2319
f 2320//2320 2321//2321 2322//2322
f 2323//2323 2324//2324 2325//2325
f 2326//2326 2327//2327 2328//2328
f 2329//2329 2330//2330 2331//2331
f 2332//2332 2333//2333 2334//2334
f 2335//2335 2336//2336 2337//2337
f 2338//2338 2339//2339 2340//2340
f 2341//2341 2342//2342 2343//2343
f 2344//2344 2345//2345 2346//2346
f 2347//2347 2348//2348 2349//2349
f 2350//2350 2351//2351 2352//2352
f 2353//2353 2354//2354 2355//2355
f 2356//2356 2357//2357 2358//2358
f 2359//2359 2360//2360 2361//2361
f 2362//2362 2363//2363 2364//2364
f 2365//2365 2366//2366 2367//2367
f 2368//2368 2369//2369 2370//2370
f 2371//2371 2372//2372 2373//2373
f 2374//2374 2375//2375 2376//2376
f 2377//2377 2378//2378 2379//2379
f 2380//2380 2381//2381 2382//2382
f 2383//2383 2384//2384 2385//2385
f 2386//2386 2387//2387 2388//2388
f 2389//2389 2390//2390 2391//2391
f 2392//2392 2393//2393 2394//2394
f 2395//2395 2396//2396 2397//2397
f 2398//2398 2399//2399 2400//2400
f 2401//2401 2402//2402 2403//2403
f 2404//2404 2405//2405 2406//2406
f 2407//2407 2408//2408 2409//2409
f 2410//2410 2411//2411 2412//2412
f 2413//2413 2414//2414 2415//2415
f 2416//2416 2417//2417 2418//2418
f 2419//2419 2420//2420 2421//2421
f 2422//2422 2423//2423 2424//2424
f 2425//2425 2426//2426 2427//2427
f 2428//2428 2429//2429 2430//2430
f 2431//2431 2432//2432 2433//2433
f 2434//2434 2435//2435 2436//2436
f 2437//2437 2438//2438 2439//2439
f 2440//2440 2441//2441 2442//2442
f 2443//2443 2444//2444 2445//2445
f 2446//2446 2447//2447 2448//2448
f 2449//2449 2450//2450 2451//2451
f 2452//2452 2453//2453 2454//2454
f 2455//2455 2456//2456 2457//2457
f 2458//2458 2459//2459 2460//2460
f 2461//2461 2462//2462 2463//2463
f 2464//2464 2465//2465 2466//2466
f 2467//2467 2468//2468 2469//2469
f 2470//2470 2471//2471 2472//2472
f 2473//2473 2474//2474 2475//2475
f 2476//2476 2477//2477 2478//2478
f 2479//2479 2480//2480 2481//2481
f 2482//2482 2483//2483 2484//2484
f 2485//2485 2486//2486 2487//2487
f 2488//2488 2489//2489 2490//2490
f 2491//2491 2492//2492 2493//2493
f 2494//2494 2495//2495 2496//2496
f 2497//2497 2498//2498 2499//2499
f 2500//2500 2501//2501 2502//2502
f 2503//2503 2504//2504 2505//2505
f 2506//2506 2507//2507 2508//2508
f 2509//2509 2510//2510 2511//2511
f 2512//2512 2513//2513 2514//2514
f 2515//2515 2516//2516 2517//2517
f 2518//2518 2519//2519 2520//2520
f 2521//2521 2522//2522 2523//2523
f 2524//2524 2525//2525 2526//2526
f 2527//2527 2528//2528 2529//2529
f 2530//2530 2531//2531 2532//2532
f 2533//2533 2534//2534 2535//2535
f 2536//2536 2537//2537 2538//2538
f 2539//2539 2540//2540 2541//2541
f 2542//2542 2543//2543 2544//2544
f 2545//2545 2546//2546 2547//2547
f 2548//2548 2549//2549 2550//2550
f 2551//2551 2552//2552 2553//2553
f 2554//2554 2555//2555 2556//2556
f 2557//2557 2558//2558 2559//2559
f 2560//2560 2561//2561 2562//2562
f 2563//2563 2564//2564 2565//2565
f 2566//2566 2567//2567 2568//2568
f 2569//2569 2570//2570 2571//2571
f 2572//2572 2573//2573 2574//2574
f 2575//2575 2576//2576 2577//2577
f 2578//2578 2579//2579 2580//2580
f 2581//2581 2582//2582 2583//2583
f 2584//2584 2585//2585 2586//2586
f 2587//2587 2588//2588 2589//2589
f 2590//2590 2591//2591 2592//2592
f 2593//2593 2594//2594 2595//2595
f 2596//2596 2597//2597 2598//2598
f 2599//2599 2600//2600 2601//2601
f 2602//2602 2603//2603 2604//2604
f 2605//2605 2606//2606 2607//2607
f 2608//2608 2609//2609 2610//2610
f 2611//2611 2612//2612 2613//2613
f 2614//2614 2615//2615 2616//2616
f 2617//2617 2618//2618 2619//2619
f 2620//2620 2621//2621 2622//2622
f 2623//2623 2624//2624 2625//2625
f 2626//2626 2627//2627 2628//2628
f 2629//2629 2630//2630 2631//2631
f 2632//2632 2633//2633 2634//2634
f 2635//2635 2636//2636 2637//2637
f 2638//2638 2639//2639 2640//2640
f 2641//2641 2642//2642 2643//2643
f 2644//2644 2645//2645 2646//2646
f 2647//2647 2648//2648 2649//2649
f 2650//2650 2651//2651 2652//2652
f 2653//2653 2654//2654 2655//2655
f 2656//2656 2657//2657 2658//2658
f 2659//2659 2660//2660 2661//2661
f 2662//2662 2663//2663 2664//2664
f 2665//2665 2666//2666 2667//2667
f 2668//2668 2669//2669 2670//2670
f 2671//2671 2672//2672 2673//2673
f 2674//2674 2675//2675 2676//2676
f 2677//2677 2678//2678 2679//2679
f 2680//2680 2681//2681 2682//2682
f 2683//2683 2684//2684 2685//2685
f 2686//2686 2687//2687 2688//2688
f 2689//2689 2690//2690 2691//2691
f 2692//2692 2693//2693 2694//2694
f 2695//2695 2696//2696 2697//2697
f 2698//2698 2699//2699 2700//2700
f 2701//2701 2702//2702 2703//2703
f 2704//2704 2705//2705 2706//2706
f 2707//2707 2708//2708 2709//2709
f 2710//2710 2711//2711 2712//2712
f 2713//2713 2714//2714 2715//2715
f 2716//2716 2717//2717 2718//2718
f 2719//2719 2720//2720 2721//2721
f 2722//2722 2723//2723 2724//2724
f 2725//2725 2726//2726 2727//2727
f 2728//2728 2729//2729 2730//2730
f 2731//2731 2732//2732 2733//2733
f 2734//2734 2735//2735 2736//2736
f 2737//2737 2738//2738 2739//2739
f 2740//2740 2741//2741 2742//2742
f 2743//2743 2744//2744 2745//2745
f 2746//2746 2747//2747 2748//2748
f 2749//2749 2750//2750 2751//2751
f 2752//2752 2753//2753 2754//2754
f 2755//2755 2756//2756 2757//2757
f 2758//2758 2759//2759 2760//2760
f 2761//2761 2762//2762 2763//2763
f 2764//2764 2765//2765 2766//2766
f 2767//2767 2768//2768 2769//2769
f 2770//2770 2771//2771 2772//2772
f 2773//2773 2774//2774 2775//2775
f 2776//2776 2777//2777 2778//2778
f 2779//2779 2780//2780 2781//2781
f 2782//2782 2783//2783 2784//2784
f 2785//2785 2786//2786 2787//2787
f 2788//2788 2789//2789 2790//2790
f 2791//2791 2792//2792 2793//2793
f 2794//2794 2795//2795 2796//2796
f 2797//2797 2798//2798 2799//2799
f 2800//2800 2801//2801 2802//2802
f 2803//2803 2804//2804 2805//2805
f 2806//2806 2807//2807 2808//2808
f 2809//2809 2810//2810 2811//2811
f 2812//2812 2813//2813 2814//2814
f 2815//2815 2816//2816 2817//2817
f 2818//2818 2819//2819 2820//2820
f 2821//2821 2822//2822 2823//2823
f 2824//2824 2825//2825 2826//2826
f 2827//2827 2828//2828 2829//2829
f 2830//2830 2831//2831 2832//2832
f 2833//2833 2834//2834 2835//2835
f 2836//2836 2837//2837 2838//2838
f 2839//2839 2840//2840 2841//2841
f 2842//2842 2843//2843 2844//2844
f 2845//2845 2846//2846 2847//2847
f 2848//2848 2849//2849 2850//2850
f 2851//2851 2852//2852 2853//2853
f 2854//2854 2855//2855 2856//2856
f 2857//2857 2858//2858 2859//2859
f 2860//2860 2861//2861 2862//2862
f 2863//2863 2864//2864 2865//2865
f 2866//2866 2867//2867 2868//2868
f 2869//2869 2870//2870 2871//2871
f 2872//2872 2873//2873 2874//2874
f 2875//2875 2876//2876 2877//2877
f 2878//2878 2879//2879 2880//2880
f 2881//2881 2882//2882 2883//2883
f 2884//2884 2885//2885 2886//2886
f 2887//2887 2888//2888 2889//2889
f 2890//2890 2891//2891 2892//2892
f 2893//2893 2894//2894 2895//2895
f 2896//2896 2897//2897 2898//2898
f 2899//2899 2900//2900 2901//2901
f 2902//2902 2903//2903 2904//2904
f 2905//2905 2906//2906 2907//2907
f 2908//2908 2909//2909 2910//2910
f 2911//2911 2912//2912 2913//2913
f 2914//2914 2915//2915 2916//2916
f 2917//2917 2918//2918 2919//2919
f 2920//2920 2921//2921 2922//2922
f 2923//2923 2924//2924 2925//2925
f 2926//2926 2927//2927 2928//2928
f 2929//2929 2930//2930 2931//2931
f 2932//2932 2933//2933 2934//2934
f 2935//2935 2936//2936 2937//2937
f 2938//2938 2939//2939 2940//2940
f 2941//2941 2942//2942 2943//2943
f 2944//2944 2945//2945 2946//2946
f 2947//2947 2948//2948 2949//2949
f 2950//2950 2951//2951 2952//2952
f 2953//2953 2954//2954 2955//2955
f 2956//2956 2957//2957 2958//2958
f 2959//2959 2960//2960 2961//2961
f 2962//2962 2963//2963 2964//2964
f 2965//2965 2966//2966 2967//2967
f 2968//2968 2969//2969 2970//2970
f 2971//2971 2972//2972 2973//2973
f 2974//2974 2975//2975 2976//2976
f 2977//2977 2978//2978 2979//2979
f 2980//2980 2981//2981 2982//2982
f 2983//2983 2984//2984 2985//2985
f 2986//2986 2987//2987 2988//2988
f 2989//2989 2990//2990 2991//2991
f 2992//2992 2993//2993 2994//2994
f 2995//2995 2996//2996 2997//2997
f 2998//2998 2999//2999 3000//3000
f 3001//3001 3002//3002 3003//3003
f 3004//3004 3005//3005 3006//3006
f 3007//3007 3008//3008 3009//3009
f 3010//3010 3011//3011 3012//3012
f 3013//3013 3014//3014 3015//3015
f 3016//3016 3017//3017 3018//3018
f 3019//3019 3020//3020 3021//3021
f 3022//3022 3023//3023 3024//3024
f 3025//3025 3026//3026 3027//3027
f 3028//3028 3029//3029 3030//3030
f 3031//3031 3032//3032 3033//3033
f 3034//3034 3035//3035 3036//3036
f 3037//3037 3038//3038 3039//3039
f 3040//3040 3041//3041 3042//3042
f 3043//3043 3044//3044 3045//3045
f 3046//3046 3047//3047 3048//3048
f 3049//3049 3050//3050 3051//3051
f 3052//3052 3053//3053 3054//3054
f 3055//3055 3056//3056 3057//3057
f 3058//3058 3059//3059 3060//3060
f 3061//3061 3062//3062 3063//3063
f 3064//3064 3065//3065 3066//3066
f 3067//3067 3068//3068 3069//3069
f 3070//3070 3071//3071 3072//3072
f 3073//3073 3074//3074 3075//3075
f 3076//3076 3077//3077 3078//3078
f 3079//3079 3080//3080 3081//3081
f 3082//3082 3083//3083 3084//3084
f 3085//3085 3086//3086 3087//3087
f 3088//3088 3089//3089 3090//3090
f 3091//3091 3092//3092 3093//3093
f 3094//3094 3095//3095 3096//3096
f 3097//3097 3098//3098 3099//3099
f 3100//3100 3101//3101 3102//3102
f 3103//3103 3104//3104 3105//3105
f 3106//3106 3107//3107 3108//3108
f 3109//3109 3110//3110 3111//3111
f 3112//3112 3113//3113 3114//3114
f 3115//3115 3116//3116 3117//3117
f 3118//3118 3119//3119 3120//3120
f 3121//3121 3122//3122 3123//3123
f 3124//3124 3125//3125 3126//3126
f 3127//3127 3128//3128 3129//3129
f 3130//3130 3131//3131 3132//3132
f 3133//3133 3134//3134 3135//3135
f 3136//3136 3137//3137 3138//3138
f 3139//3139 3140//3140 3141//3141
f 3142//3142 3143//3143 3144//3144
f 3145//3145 3146//3146 3147//3147
f 3148//3148 3149//3149 3150//3150
f 3151//3151 3152//3152 3153//3153
f 3154//3154 3155//3155 3156//3156
f 3157//3157 3158//3158 3159//3159
f 3160//3160 3161//3161 3162//3162
f 3163//3163 3164//3164 3165//3165
f 3166//3166 3167//3167 3168//3168
f 3169//3169 3170//3170 3171//3171
f 3172//3172 3173//3173 3174//3174
f 3175//3175 3176//3176 3177//3177
f 3178//3178 3179//3179 3180//3180
f 3181//3181 3182//3182 3183//3183
f 3184//3184 3185//3185 3186//3186
f 3187//3187 3188//3188 3189//3189
f 3190//3190 3191//3191 3192//3192
f 3193//3193 3194//3194 3195//3195
f 3196//3196 3197//3197 3198//3198
f 3199//3199 3200//3200 3201//3201
f 3202//3202 3203//3203 3204//3204
f 3205//3205 3206//3206 3207//3207
f 3208//3208 3209//3209 3210//3210
f 3211//3211 3212//3212 3213//3213
f 3214//3214 3215//3215 3216//3216
f 3217//3217 3218//3218 3219//3219
f 3220//3220 3221//3221 3222//3222
f 3223//3223 3224//3224 3225//3225
f 3226//3226 3227//3227 3228//3228
f 3229//3229 3230//3230 3231//3231
f 3232//3232 3233//3233 3234//3234
f 3235//3235 3236//3236 3237//3237
f 3238//3238 3239//3239 3240//3240
f 3241//3241 3242//3242 3243//3243
f 3244//3244 3245//3245 3246//3246
f 3247//3247 3248//3248 3249//3249
f 3250//3250 3251//3251 3252//3252
f 3253//3253 3254//3254 3255//3255
f 3256//3256 3257//3257 3258//3258
f 3259//3259 3260//3260 3261//3261
f 3262//3262 3263//3263 3264//3264
f 3265//3265 3266//3266 3267//3267
f 3268//3268 3269//3269 3270//3270
f 3271//3271 3272//3272 3273//3273
f 3274//3274 3275//3275 3276//3276
f 3277//3277 3278//3278 3279//3279
f 3280//3280 3281//3281 3282//3282
f 3283//3283 3284//3284 3285//3285
f 3286//3286 3287//3287 3288//3288
f 3289//3289 3290//3290 3291//3291
f 3292//3292 3293//3293 3294//3294
f 3295//3295 3296//3296 3297//3297
f 3298//3298 3299//3299 3300//3300
f 3301//3301 3302//3302 3303//3303
f 3304//3304 3305//3305 3306//3306
f 3307//3307 3308//3308 3309//3309
f 3310//3310 3311//3311 3312//3312
f 3313//3313 3314//3314 3315//3315
f 3316//3316 3317//3317 3318//3318
f 3319//3319 3320//3320 3321//3321
f 3322//3322 3323//3323 3324//3324
f 3325//3325 3326//3326 3327//3327
f 3328//3328 3329//3329 3330//3330
f 3331//3331 3332//3332 3333//3333
f 3334//3334 3335//3335 3336//3336
f 3337//3337 3338//3338 3339//3339
f 3340//3340 3341//3341 3342//3342
f 3343//3343 3344//3344 3345//3345
f 3346//3346 3347//3347 3348//3348
f 3349//3349 3350//3350 3351//3351
f 3352//3352 3353//3353 3354//3354
f 3355//3355 3356//3356 3357//3357
f 3358//3358 3359//3359 3360//3360
f 3361//3361 3362//3362 3363//3363
f 3364//3364 3365//3365 3366//3366
f 3367//3367 3368//3368 3369//3369
f 3370//3370 3371//3371 3372//3372
f 3373//3373 3374//3374 3375//3375
f 3376//3376 3377//3377 3378//3378
f 3379//3379 3380//3380 3381//3381
f 3382//3382 3383//3383 3384//3384
f 3385//3385 3386//3386 3387//3387
f 3388//3388 3389//3389 3390//3390
f 3391//3391 3392//3392 3393//3393
f 3394//3394 3395//3395 3396//3396
f 3397//3397 3398//3398 3399//3399
f 3400//3400 3401//3401 3402//3402
f 3403//3403 3404//3404 3405//3405
f 3406//3406 3407//3407 3408//3408
f 3409//3409 3410//3410 3411//3411
f 3412//3412 3413//3413 3414//3414
f 3415//3415 3416//3416 3417//3417
f 3418//3418 3419//3419 3420//3420
f 3421//3421 3422//3422 3423//3423
f 3424//3424 3425//3425 3426//3426
f 3427//3427 3428//3428 3429//3429
f 3430//3430 3431//3431 3432//3432
f 3433//3433 3434//3434 3435//3435
f 3436//3436 3437//3437 3438//3438
f 3439//3439 3440//3440 3441//3441
f 3442//3442 3443//3443 3444//3444
f 3445//3445 3446//3446 3447//3447
f 3448//3448 3449//3449 3450//3450
f 3451//3451 3452//3452 3453//3453
f 3454//3454 3455//3455 3456//3456
f 3457//3457 3458//3458 3459//3459
f 3460//3460 3461//3461 3462//3462
f 3463//3463 3464//3464 3465//3465
f 3466//3466 3467//3467 3468//3468
f 3469//3469 3470//3470 3471//3471
f 3472//3472 3473//3473 3474//3474
f 3475//3475 3476//3476 3477//3477
f 3478//3478 3479//3479 3480//3480
f 3481//3481 3482//3482 3483//3483
f 3484//3484 3485//3485 3486//3486
f 3487//3487 3488//3488 3489//3489
f 3490//3490 3491//3491 3492//3492
f 3493//3493 3494//3494 3495//3495
f 3496//3496 3497//3497 3498//3498
f 3499//3499 3500//3500 3501//3501
f 3502//3502 3503//3503 3504//3504
f 3505//3505 3506//3506 3507//3507
f 3508//3508 3509//3509 3510//3510
f 3511//3511 3512//3512 3513//3513
f 3514//3514 3515//3515 3516//3516
f 3517//3517 3518//3518 3519//3519
f 3520//3520 3521//3521 3522//3522
f 3523//3523 3524//3524 3525//3525
f 3526//3526 3527//3527 3528//3528
f 3529//3529 3530//3530 3531//3531
f 3532//3532 3533//3533 3534//3534
f 3535//3535 3536//3536 3537//3537
f 3538//3538 3539//3539 3540//3540
f 3541//3541 3542//3542 3543//3543
f 3544//3544 3545//3545 3546//3546
f 3547//3547 3548//3548 3549//3549
f 3550//3550 3551//3551 3552//3552
f 3553//3553 3554//3554 3555//3555
f 3556//3556 3557//3557 3558//3558
f 3559//3559 3560//3560 3561//3561
f 3562//3562 3563//3563 3564//3564
f 3565//3565 3566//3566 3567//3567
f 3568//3568 3569//3569 3570//3570
f 3571//3571 3572//3572 3573//3573
f 3574//3574 3575//3575 3576//3576
f 3577//3577 3578//3578 3579//3579
f 3580//3580 3581//3581 3582//3582
f 3583//3583 3584//3584 3585//3585
f 3586//3586 3587//3587 3588//3588
f 3589//3589 3590//3590 3591//3591
f 3592//3592 3593//3593 3594//3594
f 3595//3595 3596//3596 3597//3597
f 3598//3598 3599//3599 3600//3600
f 3601//3601 3602//3602 3603//3603
f 3604//3604 3605//3605 3606//3606
f 3607//3607 3608//3608 3609//3609
f 3610//3610 3611//3611 3612//3612
f 3613//3613 3614//3614 3615//3615
f 3616//3616 3617//3617 3618//3618
f 3619//3619 3620//3620 3621//3621
f 3622//3622 3623//3623 3624//3624
f 3625//3625 3626//3626 3627//3627
f 3628//3628 3629//3629 3630//3630
f 3631//3631 3632//3632 3633//3633
f 3634//3634 3635//3635 3636//3636
f 3637//3637 3638//3638 3639//3639
f 3640//3640 3641//3641 3642//3642
f 3643//3643 3644//3644 3645//3645
f 3646//3646 3647//3647 3648//3648
f 3649//3649 3650//3650 3651//3651
f 3652//3652 3653//3653 3654//3654
f 3655//3655 3656//3656 3657//3657
f 3658//3658 3659//3659 3660//3660
f 3661//3661 3662//3662 3663//3663
f 3664//3664 3665//3665 3666//3666
f 3667//3667 3668//3668 3669//3669
f 3670//3670 3671//3671 3672//3672
f 3673//3673 3674//3674 3675//3675
f 3676//3676 3677//3677 3678//3678
f 3679//3679 3680//3680 3681//3681
f 3682//3682 3683//3683 3684//3684
f 3685//3685 3686//3686 3687//3687
f 3688//3688 3689//3689 3690//3690
f 3691//3691 3692//3692 3693//3693
f 3694//3694 3695//3695 3696//3696
f 3697//3697 3698//3698 3699//3699
f 3700//3700 3701//3701 3702//3702
f 3703//3703 3704//3704 3705//3705
f 3706//3706 3707//3707 3708//3708
f 3709//3709 3710//3710 3711//3711
f 3712//3712 3713//3713 3714//3714
f 3715//3715 3716//3716 3717//3717
f 3718//3718 3719//3719 3720//3720
f 3721//3721 3722//3722 3723//3723
f 3724//3724 3725//3725 3726//3726
f 3727//3727 3728//3728 3729//3729
f 3730//3730 3731//3731 3732//3732
f 3733//3733 3734//3734 3735//3735
f 3736//3736 3737//3737 3738//3738
f 3739//3739 3740//3740 3741//3741
f 3742//3742 3743//3743 3744//3744
f 3745//3745 3746//3746 3747//3747
f 3748//3748 3749//3749 3750//3750
f 3751//3751 3752//3752 3753//3753
f 3754//3754 3755//3755 3756//3756
f 3757//3757 3758//3758 3759//3759
f 3760//3760 3761//3761 3762//3762
f 3763//3763 3764//3764 3765//3765
f 3766//3766 3767//3767 3768//3768
f 3769//3769 3770//3770 3771//3771
f 3772//3772 3773//3773 3774//3774
f 3775//3775 3776//3776 3777//3777
f 3778//3778 3779//3779 3780//3780
f 3781//3781 3782//3782 3783//3783
f 3784//3784 3785//3785 3786//3786
f 3787//3787 3788//3788 3789//3789
f 3790//3790 3791//3791 3792//3792
f 3793//3793 3794//3794 3795//3795
f 3796//3796 3797//3797 3798//3798
f 3799//3799 3800//3800 3801//3801
f 3802//3802 3803//3803 3804//3804
f 3805//3805 3806//3806 3807//3807
f 3808//3808 3809//3809 3810//3810
f 3811//3811 3812//3812 3813//3813
f 3814//3814 3815//3815 3816//3816
f 3817//3817 3818//3818 3819//3819
f 3820//3820 3821//3821 3822//3822
f 3823//3823 3824//3824 3825//3825
f 3826//3826 3827//3827 3828//3828
f 3829//3829 3830//3830 3831//3831
f 3832//3832 3833//3833 3834//3834
f 3835//3835 3836//3836 3837//3837
f 3838//3838 3839//3839 3840//3840
f 3841//3841 3842//3842 3843//3843
f 3844//3844 3845//3845 3846//3846
f 3847//3847 3848//3848 3849//3849
f 3850//3850 3851//3851 3852//3852
f 3853//3853 3854//3854 3855//3855
f 3856//3856 3857//3857 3858//3858
f 3859//3859 3860//3860 3861//3861
f 3862//3862 3863//3863 3864//3864
f 3865//3865 3866//3866 3867//3867
f 3868//3868 3869//3869 3870//3870
f 3871//3871 3872//3872 3873//3873
f 3874//3874 3875//3875 3876//3876
f 3877//3877 3878//3878 3879//3879
f 3880//3880 3881//3881 3882//3882
f 3883//3883 3884//3884 3885//3885
f 3886//3886 3887//3887 3888//3888
f 3889//3889 3890//3890 3891//3891
f 3892//3892 3893//3893 3894//3894
f 3895//3895 3896//3896 3897//3897
f 3898//3898 3899//3899 3900//3900
f 3901//3901 3902//3902 3903//3903
f 3904//3904 3905//3905 3906//3906
f 3907//3907 3908//3908 3909//3909
f 3910//3910 3911//3911 3912//3912
f 3913//3913 3914//3914 3915//3915
f 3916//3916 3917//3917 3918//3918
f 3919//3919 3920//3920 3921//3921
f 3922//3922 3923//3923 3924//3924
f 3925//3925 3926//3926 3927//3927
f 3928//3928 3929//3929 3930//3930
f 3931//3931 3932//3932 3933//3933
f 3934//3934 3935//3935 3936//3936
f 3937//3937 3938//3938 3939//3939
f 3940//3940 3941//3941 3942//3942
f 3943//3943 3944//3944 3945//3945
f 3946//3946 3947//3947 3948//3948
f 3949//3949 3950//3950 3951//3951
f 3952//3952 3953//3953 3954//3954
f 3955//3955 3956//3956 3957//3957
f 3958//3958 3959//3959 3960//3960
f 3961//3961 3962//3962 3963//3963
f 3964//3964 3965//3965 3966//3966
f 3967//3967 3968//3968 3969//3969
f 3970//3970 3971//3971 3972//3972
f 3973//3973 3974//3974 3975//3975
f 3976//3976 3977//3977 3978//3978
f 3979//3979 3980//3980 3981//3981
f 3982//3982 3983//3983 3984//3984
f 3985//3985 3986//3986 3987//3987
f 3988//3988 3989//3989 3990//3990
f 3991//3991 3992//3992 3993//3993
f 3994//3994 3995//3995 3996//3996
f 3997//3997 3998//3998 3999//3999
f 4000//4000 4001//4001 4002//4002
f 4003//4003 4004//4004 4005//4005
f 4006//4006 4007//4007 4008//4008
f 4009//4009 4010//4010 4011//4011
f 4012//4012 4013//4013 4014//4014
f 4015//4015 4016//4016 4017//4017
f 4018//4018 4019//4019 4020//4020
f 4021//4021 4022//4022 4023//4023
f 4024//4024 4025//4025 4026//4026
f 4027//4027 4028//4028 4029//4029
f 4030//4030 4031//4031 4032//4032
f 4033//4033 4034//4034 4035//4035
f 4036//4036 4037//4037 4038//4038
f 4039//4039 4040//4040 4041//4041
f 4042//4042 4043//4043 4044//4044
f 4045//4045 4046//4046 4047//4047
f 4048//4048 4049//4049 4050//4050
f 4051//4051 4052//4052 4053//4053
f 4054//4054 4055//4055 4056//4056
f 4057//4057 4058//4058 4059//4059
f 4060//4060 4061//4061 4062//4062
f 4063//4063 4064//4064 4065//4065
f 4066//4066 4067//4067 4068//4068
f 4069//4069 4070//4070 4071//4071
f 4072//4072 4073//4073 4074//4074
f 4075//4075 4076//4076 4077//4077
f 4078//4078 4079//4079 4080//4080
f 4081//4081 4082//4082 4083//4083
f 4084//4084 4085//4085 4086//4086
f 4087//4087 4088//4088 4089//4089
f 4090//4090 4091//4091 4092//4092
f 4093//4093 4094//4094 4095//4095
f 4096//4096 4097//4097 4098//4098
f 4099//4099 4100//4100 4101//4101
f 4102//4102 4103//4103 4104//4104
f 4105//4105 4106//4106 4107//4107
f 4108//4108 4109//4109 4110//4110
f 4111//4111 4112//4112 4113//4113
f 4114//4114 4115//4115 4116//4116
f 4117//4117 4118//4118 4119//4119
f 4120//4120 4121//4121 4122//4122
f 4123//4123 4124//4124 4125//4125
f 4126//4126 4127//4127 4128//4128
f 4129//4129 4130//4130 4131//4131
f 4132//4132 4133//4133 4134//4134
f 4135//4135 4136//4136 4137//4137
f 4138//4138 4139//4139 4140//4140
f 4141//4141 4142//4142 4143//4143
f 4144//4144 4145//4145 4146//4146
f 4147//4147 4148//4148 4149//4149
f 4150//4150 4151//4151 4152//4152
f 4153//4153 4154//4154 4155//4155
f 4156//4156 4157//4157 4158//4158
f 4159//4159 4160//4160 4161//4161
f 4162//4162 4163//4163 4164//4164
f 4165//4165 4166//4166 4167//4167
f 4168//4168 4169//4169 4170//4170
f 4171//4171 4172//4172 4173//4173
f 4174//4174 4175//4175 4176//4176
f 4177//4177 4178//4178 4179//4179
f 4180//4180 4181//4181 4182//4182
f 4183//4183 4184//4184 4185//4185
f 4186//4186 4187//4187 4188//4188
f 4189//4189 4190//4190 4191//4191
f 4192//4192 4193//4193 4194//4194
f 4195//4195 4196//4196 4197//4197
f 4198//4198 4199//4199 4200//4200
f 4201//4201 4202//4202 4203//4203
f 4204//4204 4205//4205 4206//4206
f 4207//4207 4208//4208 4209//4209
f 4210//4210 4211//4211 4212//4212
f 4213//4213 4214//4214 4215//4215
f 4216//4216 4217//4217 4218//4218
f 4219//4219 4220//4220 4221//4221
f 4222//4222 4223//4223 4224//4224
f 4225//4225 4226//4226 4227//4227
f 4228//4228 4229//4229 4230//4230
f 4231//4231 4232//4232 4233//4233
f 4234//4234 4235//4235 4236//4236
f 4237//4237 4238//4238 4239//4239
f 4240//4240 4241//4241 4242//4242
f 4243//4243 4244//4244 4245//4245
f 4246//4246 4247//4247 4248//4248
f 4249//4249 4250//4250 4251//4251
f 4252//4252 4253//4253 4254//4254
f 4255//4255 4256//4256 4257//4257
f 4258//4258 4259//4259 4260//4260
f 4261//4261 4262//4262 4263//4263
f 4264//4264 4265//4265 4266//4266
f 4267//4267 4268//4268 4269//4269
f 4270//4270 4271//4271 4272//4272
f 4273//4273 4274//4274 4275//4275
f 4276//4276 4277//4277 4278//4278
f 4279//4279 4280//4280 4281//4281
f 4282//4282 4283//4283 4284//4284
f 4285//4285 4286//4286 4287//4287
f 4288//4288 4289//4289 4290//4290
f 4291//4291 4292//4292 4293//4293
f 4294//4294 4295//4295 4296//4296
f 4297//4297 4298//4298 4299//4299
f 4300//4300 4301//4301 4302//4302
f 4303//4303 4304//4304 4305//4305
f 4306//4306 4307//4307 4308//4308
f 4309//4309 4310//4310 4311//4311
f 4312//4312 4313//4313 4314//4314
f 4315//4315 4316//4316 4317//4317
f 4318//4318 4319//4319 4320//4320
f 4321//4321 4322//4322 4323//4323
f 4324//4324 4325//4325 4326//4326
f 4327//4327 4328//4328 4329//4329
f 4330//4330 4331//4331 4332//4332
f 4333//4333 4334//4334 4335//4335
f 4336//4336 4337//4337 4338//4338
f 4339//4339 4340//4340 4341//4341
f 4342//4342 4343//4343 4344//4344
f 4345//4345 4346//4346 4347//4347
f 4348//4348 4349//4349 4350//4350
f 4351//4351 4352//4352 4353//4353
f 4354//4354 4355//4355 4356//4356
f 4357//4357 4358//4358 4359//4359
f 4360//4360 4361//4361 4362//4362
f 4363//4363 4364//4364 4365//4365
f 4366//4366 4367//4367 4368//4368
f 4369//4369 4370//4370 4371//4371
f 4372//4372 4373//4373 4374//4374
f 4375//4375 4376//4376 4377//4377
f 4378//4378 4379//4379 4380//4380
f 4381//4381 4382//4382 4383//4383
f 4384//4384 4385//4385 4386//4386
f 4387//4387 4388//4388 4389//4389
f 4390//4390 4391//4391 4392//4392
f 4393//4393 4394//4394 4395//4395
f 4396//4396 4397//4397 4398//4398
f 4399//4399 4400//4400 4401//4401
f 4402//4402 4403//4403 4404//4404
f 4405//4405 4406//4406 4407//4407
f 4408//4408 4409//4409 4410//4410
f 4411//4411 4412//4412 4413//4413
f 4414//4414 4415//4415 4416//4416
f 4417//4417 4418//4418 4419//4419
f 4420//4420 4421//4421 4422//4422
f 4423//4423 4424//4424 4425//4425
f 4426//4426 4427//4427 4428//4428
f 4429//4429 4430//4430 4431//4431
f 4432//4432 4433//4433 4434//4434
f 4435//4435 4436//4436 4437//4437
f 4438//4438 4439//4439 4440//4440
f 4441//4441 4442//4442 4443//4443
f 4444//4444 4445//4445 4446//4446
f 4447//4447 4448//4448 4449//4449
f 4450//4450 4451//4451 4452//4452
f 4453//4453 4454//4454 4455//4455
f 4456//4456 4457//4457 4458//4458
f 4459//4459 4460//4460 4461//4461
f 4462//4462 4463//4463 4464//4464
f 4465//4465 4466//4466 4467//4467
f 4468//4468 4469//4469 4470//4470
f 4471//4471 4472//4472 4473//4473
f 4474//4474 4475//4475 4476//4476
f 4477//4477 4478//4478 4479//4479
f 4480//4480 4481//4481 4482//4482
f 4483//4483 4484//4484 4485//4485
f 4486//4486 4487//4487 4488//4488
f 4489//4489 4490//4490 4491//4491
f 4492//4492 4493//4493 4494//4494
f 4495//4495 4496//4496 4497//4497
f 4498//4498 4499//4499 4500//4500
f 4501//4501 4502//4502 4503//4503
f 4504//4504 4505//4505 4506//4506
f 4507//4507 4508//4508 4509//4509
f 4510//4510 4511//4511 4512//4512
f 4513//4513 4514//4514 4515//4515
f 4516//4516 4517//4517 4518//4518
f 4519//4519 4520//4520 4521//4521
f 4522//4522 4523//4523 4524//4524
f 4525//4525 4526//4526 4527//4527
f 4528//4528 4529//4529 4530//4530
f 4531//4531 4532//4532 4533//4533
f 4534//4534 4535//4535 4536//4536
f 4537//4537 4538//4538 4539//4539
f 4540//4540 4541//4541 4542//4542
f 4543//4543 4544//4544 4545//4545
f 4546//4546 4547//4547 4548//4548
f 4549//4549 4550//4550 4551//4551
f 4552//4552 4553//4553 4554//4554
f 4555//4555 4556//4556 4557//4557
f 4558//4558 4559//4559 4560//4560
f 4561//4561 4562//4562 4563//4563
f 4564//4564 4565//4565 4566//4566
f 4567//4567 4568//4568 4569//4569
f 4570//4570 4571//4571 4572//4572
f 4573//4573 4574//4574 4575//4575
f 4576//4576 4577//4577 4578//4578
f 4579//4579 4580//4580 4581//4581
f 4582//4582 4583//4583 4584//4584
f 4585//4585 4586//4586 4587//4587
f 4588//4588 4589//4589 4590//4590
f 4591//4591 4592//4592 4593//4593
f 4594//4594 4595//4595 4596//4596
f 4597//4597 4598//4598 4599//4599
f 4600//4600 4601//4601 4602//4602
f 4603//4603 4604//4604 4605//4605
f 4606//4606 4607//4607 4608//4608
f 4609//4609 4610//4610 4611//4611
f 4612//4612 4613//4613 4614//4614
f 4615//4615 4616//4616 4617//4617
f 4618//4618 4619//4619 4620//4620
f 4621//4621 4622//4622 4623//4623
f 4624//4624 4625//4625 4626//4626
f 4627//4627 4628//4628 4629//4629
f 4630//4630 4631//4631 4632//4632
f 4633//4633 4634//4634 4635//4635
f 4636//4636 4637//4637 4638//4638
f 4639//4639 4640//4640 4641//4641
f 4642//4642 4643//4643 4644//4644
f 4645//4645 4646//4646 4647//4647
f 4648//4648 4649//4649 4650//4650
f 4651//4651 4652//4652 4653//4653
f 4654//4654 4655//4655 4656//4656
f 4657//4657 4658//4658 4659//4659
f 4660//4660 4661//4661 4662//4662
f 4663//4663 4664//4664 4665//4665
f 4666//4666 4667//4667 4668//4668
f 4669//4669 4670//4670 4671//4671
f 4672//4672 4673//4673 4674//4674
f 4675//4675 4676//4676 4677//4677
f 4678//4678 4679//4679 4680//4680
f 4681//4681 4682//4682 4683//4683
f 4684//4684 4685//4685 4686//4686
f 4687//4687 4688//4688 4689//4689
f 4690//4690 4691//4691 4692//4692
f 4693//4693 4694//4694 4695//4695
f 4696//4696 4697//4697 4698//4698
f 4699//4699 4700//4700 4701//4701
f 4702//4702 4703//4703 4704//4704
f 4705//4705 4706//4706 4707//4707
f 4708//4708 4709//4709 4710//4710
f 4711//4711 4712//4712 4713//4713
f 4714//4714 4715//4715 4716//4716
f 4717//4717 4718//4718 4719//4719
f 4720//4720 4721//4721 4722//4722
f 4723//4723 4724//4724 4725//4725
f 4726//4726 4727//4727 4728//4728
f 4729//4729 4730//4730 4731//4731
f 4732//4732 4733//4733 4734//4734
f 4735//4735 4736//4736 4737//4737
f 4738//4738 4739//4739 4740//4740
f 4741//4741 4742//4742 4743//4743
f 4744//4744 4745//4745 4746//4746
f 4747//4747 4748//4748 4749//4749
f 4750//4750 4751//4751 4752//4752
f 4753//4753 4754//4754 4755//4755
f 4756//4756 4757//4757 4758//4758
f 4759//4759 4760//4760 4761//4761
f 4762//4762 4763//4763 4764//4764
f 4765//4765 4766//4766 4767//4767
f 4768//4768 4769//4769 4770//4770
f 4771//4771 4772//4772 4773//4773
f 4774//4774 4775//4775 4776//4776
f 4777//4777 4778//4778 4779//4779
f 4780//4780 4781//4781 4782//4782
f 4783//4783 4784//4784 4785//4785
f 4786//4786 4787//4787 4788//4788
f 4789//4789 4790//4790 4791//4791
f 4792//4792 4793//4793 4794//4794
f 4795//4795 4796//4796 4797//4797
f 4798//4798 4799//4799 4800//4800
f 4801//4801 4802//4802 4803//4803
f 4804//4804 4805//4805 4806//4806
f 4807//4807 4808//4808 4809//4809
f 4810//4810 4811//4811 4812//4812
f 4813//4813 4814//4814 4815//4815
f 4816//4816 4817//4817 4818//4818
f 4819//4819 4820//4820 4821//4821
f 4822//4822 4823//4823 4824//4824
f 4825//4825 4826//4826 4827//4827
f 4828//4828 4829//4829 4830//4830
f 4831//4831 4832//4832 4833//4833
f 4834//4834 4835//4835 4836//4836
f 4837//4837 4838//4838 4839//4839
f 4840//4840 4841//4841 4842//4842
f 4843//4843 4844//4844 4845//4845
f 4846//4846 4847//4847 4848//4848
f 4849//4849 4850//4850 4851//4851
f 4852//4852 4853//4853 4854//4854
f 4855//4855 4856//4856 4857//4857
f 4858//4858 4859//4859 4860//4860
f 4861//4861 4862//4862 4863//4863
f 4864//4864 4865//4865 4866//4866
f 4867//4867 4868//4868 4869//4869
f 4870//4870 4871//4871 4872//4872
f 4873//4873 4874//4874 4875//4875
f 4876//4876 4877//4877 4878//4878
f 4879//4879 4880//4880 4881//4881
f 4882//4882 4883//4883 4884//4884
f 4885//4885 4886//4886 4887//4887
f 4888//4888 4889//4889 4890//4890
f 4891//4891 4892//4892 4893//4893
f 4894//4894 4895//4895 4896//4896
f 4897//4897 4898//4898 4899//4899
f 4900//4900 4901//4901 4902//4902
f 4903//4903 4904//4904 4905//4905
f 4906//4906 4907//4907 4908//4908
f 4909//4909 4910//4910 4911//4911
f 4912//4912 4913//4913 4914//4914
f 4915//4915 4916//4916 4917//4917
f 4918//4918 4919//4919 4920//4920
f 4921//4921 4922//4922 4923//4923
f 4924//4924 4925//4925 4926//4926
f 4927//4927 4928//4928 4929//4929
f 4930//4930 4931//4931 4932//4932
f 4933//4933 4934//4934 4935//4935
f 4936//4936 4937//4937 4938//4938
f 4939//4939 4940//4940 4941//4941
f 4942//4942 4943//4943 4944//4944
f 4945//4945 4946//4946 4947//4947
f 4948//4948 4949//4949 4950//4950
f 4951//4951 4952//4952 4953//4953
f 4954//4954 4955//4955 4956//4956
f 4957//4957 4958//4958 4959//4959
f 4960//4960 4961//4961 4962//4962
f 4963//4963 4964//4964 4965//4965
f 4966//4966 4967//4967 4968//4968
f 4969//4969 4970//4970 4971//4971
f 4972//4972 4973//4973 4974//4974
f 4975//4975 4976//4976 4977//4977
f 4978//4978 4979//4979 4980//4980
f 4981//4981 4982//4982 4983//4983
f 4984//4984 4985//4985 4986//4986
f 4987//4987 4988//4988 4989//4989
f 4990//4990 4991//4991 4992//4992
f 4993//4993 4994//4994 4995//4995
f 4996//4996 4997//4997 4998//4998
f 4999//4999 5000//5000 5001//5001
f 5002//5002 5003//5003 5004//5004
f 5005//5005 5006//5006 5007//5007
f 5008//5008 5009//5009 5010//5010
f 5011//5011 5012//5012 5013//5013
f 5014//5014 5015//5015 5016//5016
f 5017//5017 5018//5018 5019//5019
f 5020//5020 5021//5021 5022//5022
f 5023//5023 5024//5024 5025//5025
f 5026//5026 5027//5027 5028//5028
f 5029//5029 5030//5030 5031//5031
f 5032//5032 5033//5033 5034//5034
f 5035//5035 5036//5036 5037//5037
f 5038//5038 5039//5039 5040//5040
f 5041//5041 5042//5042 5043//5043
f 5044//5044 5045//5045 5046//5046
f 5047//5047 5048//5048 5049//5049
f 5050//5050 5051//5051 5052//5052
f 5053//5053 5054//5054 5055//5055
f 5056//5056 5057//5057 5058//5058
f 5059//5059 5060//5060 5061//5061
f 5062//5062 5063//5063 5064//5064
f 5065//5065 5066//5066 5067//5067
f 5068//5068 5069//5069 5070//5070
f 5071//5071 5072//5072 5073//5073
f 5074//5074 5075//5075 5076//5076
f 5077//5077 5078//5078 5079//5079
f 5080//5080 5081//5081 5082//5082
f 5083//5083 5084//5084 5085//5085
f 5086//5086 5087//5087 5088//5088
f 5089//5089 5090//5090 5091//5091
f 5092//5092 5093//5093 5094//5094
f 5095//5095 5096//5096 5097//5097
f 5098//5098 5099//5099 5100//5100
f 5101//5101 5102//5102 5103//5103
f 5104//5104 5105//5105 5106//5106
f 5107//5107 5108//5108 5109//5109
f 5110//5110 5111//5111 5112//5112
f 5113//5113 5114//5114 5115//5115
f 5116//5116 5117//5117 5118//5118
f 5119//5119 5120//5120 5121//5121
f 5122//5122 5123//5123 5124//5124
f 5125//5125 5126//5126 5127//5127
f 5128//5128 5129//5129 5130//5130
f 5131//5131 5132//5132 5133//5133
f 5134//5134 5135//5135 5136//5136
f 5137//5137 5138//5138 5139//5139
f 5140//5140 5141//5141 5142//5142
f 5143//5143 5144//5144 5145//5145
f 5146//5146 5147//5147 5148//5148
f 5149//5149 5150//5150 5151//5151
f 5152//5152 5153//5153 5154//5154
f 5155//5155 5156//5156 5157//5157
f 5158//5158 5159//5159 5160//5160
f 5161//5161 5162//5162 5163//5163
f 5164//5164 5165//5165 5166//5166
f 5167//5167 5168//5168 5169//5169
f 5170//5170 5171//5171 5172//5172
f 5173//5173 5174//5174 5175//5175
f 5176//5176 5177//5177 5178//5178
f 5179//5179 5180//5180 5181//5181
f 5182//5182 5183//5183 5184//5184
f 5185//5185 5186//5186 5187//5187
f 5188//5188 5189//5189 5190//5190
f 5191//5191 5192//5192 5193//5193
f 5194//5194 5195//5195 5196//5196
f 5197//5197 5198//5198 5199//5199
f 5200//5200 5201//5201 5202//5202
f 5203//5203 5204//5204 5205//5205
f 5206//5206 5207//5207 5208//5208
f 5209//5209 5210//5210 5211//5211
f 5212//5212 5213//5213 5214//5214
f 5215//5215 5216//5216 5217//5217
f 5218//5218 5219//5219 5220//5220
f 5221//5221 5222//5222 5223//5223
f 5224//5224 5225//5225 5226//5226
f 5227//5227 5228//5228 5229//5229
f 5230//5230 5231//5231 5232//5232
f 5233//5233 5234//5234 5235//5235
f 5236//5236 5237//5237 5238//5238
f 5239//5239 5240//5240 5241//5241
f 5242//5242 5243//5243 5244//5244
f 5245//5245 5246//5246 5247//5247
f 5248//5248 5249//5249 5250//5250
f 5251//5251 5252//5252 5253//5253
f 5254//5254 5255//5255 5256//5256
f 5257//5257 5258//5258 5259//5259
f 5260//5260 5261//5261 5262//5262
f 5263//5263 5264//5264 5265//5265
f 5266//5266 5267//5267 5268//5268
