o node0_001
usemtl Shell006_003_002_001
v -0.036565061658620834 -0.030979810282588005 -0.014799949713051319
v 0.047504838556051254 -0.0041117072105407715 -0.014799949713051319
v -0.032763950526714325 -0.034975048154592514 -0.014799949713051319
v -0.032763950526714325 -0.034975048154592514 -0.014799949713051319
v 0.047504838556051254 -0.0041117072105407715 -0.014799949713051319
v -0.028529759496450424 -0.03850710019469261 -0.014799949713051319
v -0.028529759496450424 -0.03850710019469261 -0.014799949713051319
v 0.047504838556051254 -0.0041117072105407715 -0.014799949713051319
v -0.0239177905023098 -0.04152904823422432 -0.014799949713051319
v -0.0239177905023098 -0.04152904823422432 -0.014799949713051319
v 0.047504838556051254 -0.0041117072105407715 -0.014799949713051319
v -0.018988659605383873 -0.04400163143873215 -0.014799949713051319
v -0.018988659605383873 -0.04400163143873215 -0.014799949713051319
v 0.047504838556051254 -0.0041117072105407715 -0.014799949713051319
v -0.013808419927954674 -0.04589188098907471 -0.014799949713051319
v -0.013808419927954674 -0.04589188098907471 -0.014799949713051319
v 0.047504838556051254 -0.0041117072105407715 -0.014799949713051319
v -0.008445680141448975 -0.04717427119612694 -0.014799949713051319
v -0.008445680141448975 -0.04717427119612694 -0.014799949713051319
v 0.047504838556051254 -0.0041117072105407715 -0.014799949713051319
v -0.002970755100250244 -0.04783213138580322 -0.014799949713051319
v -0.002970755100250244 -0.04783213138580322 -0.014799949713051319
v 0.047504838556051254 -0.0041117072105407715 -0.014799949713051319
v 0.0025433299597352743 -0.04785649850964546 -0.014799949713051319
v 0.04641515016555786 -0.04565662145614624 -0.014800010249018669
v 0.04862475022673607 -0.046199731528759 -0.014799949713051319
v 0.04656374081969261 -0.046199731528759 -0.014799949713051319
v 0.0025433299597352743 -0.04785649850964546 -0.014799949713051319
v 0.047504838556051254 -0.0041117072105407715 -0.014799949713051319
v 0.006725310813635588 -0.047429848462343216 -0.014799949713051319
v 0.006725310813635588 -0.047429848462343216 -0.014799949713051319
v 0.047504838556051254 -0.0041117072105407715 -0.014799949713051319
v 0.009443581104278564 -0.04696428030729294 -0.014799949713051319
v 0.009443581104278564 -0.04696428030729294 -0.014799949713051319
v 0.047504838556051254 -0.0041117072105407715 -0.014799949713051319
v 0.012130429968237877 -0.046342961490154266 -0.014799949713051319
v 0.04587996006011963 -0.04402422159910202 -0.014799890108406544
v 0.04862475022673607 -0.046199731528759 -0.014799949713051319
v 0.04641515016555786 -0.04565662145614624 -0.014800010249018669
v 0.012130429968237877 -0.046342961490154266 -0.014799949713051319
v 0.047504838556051254 -0.0041117072105407715 -0.014799949713051319
v 0.014777420088648796 -0.04556804150342941 -0.014799949713051319
v 0.04525578022003174 -0.04292815178632736 -0.014800310134887695
v 0.04862475022673607 -0.046199731528759 -0.014799949713051319
v 0.04587996006011963 -0.04402422159910202 -0.014799890108406544
v 0.014777420088648796 -0.04556804150342941 -0.014799949713051319
v 0.047504838556051254 -0.0041117072105407715 -0.014799949713051319
v 0.01737523078918457 -0.04464221000671387 -0.014799949713051319
v 0.01737523078918457 -0.04464221000671387 -0.014799949713051319
v 0.047504838556051254 -0.0041117072105407715 -0.014799949713051319
v 0.019915219396352768 -0.04356867074966431 -0.014799949713051319
v 0.019915219396352768 -0.04356867074966431 -0.014799949713051319
v 0.047504838556051254 -0.0041117072105407715 -0.014799949713051319
v 0.022956550121307373 -0.04205482825636864 -0.014799949713051319
v 0.04525578022003174 -0.04292815178632736 -0.014800310134887695
v 0.044595420360565186 -0.04206568002700806 -0.014800310134887695
v 0.04862475022673607 -0.046199731528759 -0.014799949713051319
v 0.022956550121307373 -0.04205482825636864 -0.014799949713051319
v 0.047504838556051254 -0.0041117072105407715 -0.014799949713051319
v 0.02610844001173973 -0.04018896073102951 -0.014799949713051319
v -0.04739784821867943 0.007004498969763517 -0.014799949713051319
v 0.047504838556051254 -0.0041117072105407715 -0.014799949713051319
v -0.04739813879132271 -0.006981610786169767 -0.014799949713051319
v -0.002912818919867277 0.04783546179533005 -0.014799949713051319
v 0.047504838556051254 -0.0041117072105407715 -0.014799949713051319
v -0.008371949195861816 0.047187138348817825 -0.014799949713051319
v -0.008371949195861816 0.047187138348817825 -0.014799949713051319
v 0.047504838556051254 -0.0041117072105407715 -0.014799949713051319
v -0.013720870018005371 0.045917920768260956 -0.014799949713051319
v -0.013720870018005371 0.045917920768260956 -0.014799949713051319
v 0.047504838556051254 -0.0041117072105407715 -0.014799949713051319
v -0.018889060243964195 0.04404466971755028 -0.014799949713051319
v -0.018889060243964195 0.04404466971755028 -0.014799949713051319
v 0.047504838556051254 -0.0041117072105407715 -0.014799949713051319
v -0.023809010162949562 0.04159175977110863 -0.014799949713051319
v -0.023809010162949562 0.04159175977110863 -0.014799949713051319
v 0.047504838556051254 -0.0041117072105407715 -0.014799949713051319
v -0.02841549925506115 0.038591500371694565 -0.014799949713051319
v -0.02841549925506115 0.038591500371694565 -0.014799949713051319
v 0.047504838556051254 -0.0041117072105407715 -0.014799949713051319
v -0.03264778107404709 0.03508346900343895 -0.014799949713051319
v -0.03264778107404709 0.03508346900343895 -0.014799949713051319
v 0.047504838556051254 -0.0041117072105407715 -0.014799949713051319
v -0.03645104169845581 0.03111374005675316 -0.014799949713051319
v -0.03645104169845581 0.03111374005675316 -0.014799949713051319
v 0.047504838556051254 -0.0041117072105407715 -0.014799949713051319
v -0.03977423161268234 0.026734590530395508 -0.014799949713051319
v -0.03977423161268234 0.026734590530395508 -0.014799949713051319
v 0.047504838556051254 -0.0041117072105407715 -0.014799949713051319
v -0.04257452115416527 0.02200358919799328 -0.014799949713051319
v -0.04257452115416527 0.02200358919799328 -0.014799949713051319
v 0.047504838556051254 -0.0041117072105407715 -0.014799949713051319
v -0.04481405019760132 0.0169831495732069 -0.014799949713051319
v -0.04481405019760132 0.0169831495732069 -0.014799949713051319
v 0.047504838556051254 -0.0041117072105407715 -0.014799949713051319
v -0.04646443948149681 0.01173913013190031 -0.014799949713051319
v -0.04646443948149681 0.01173913013190031 -0.014799949713051319
v 0.047504838556051254 -0.0041117072105407715 -0.014799949713051319
v -0.04739784821867943 0.007004498969763517 -0.014799949713051319
v -0.002912818919867277 0.04783546179533005 -0.014799949713051319
v 0.0025841589085757732 0.04785453900694847 -0.014799949713051319
v 0.047504838556051254 -0.0041117072105407715 -0.014799949713051319
v 0.0025841589085757732 0.04785453900694847 -0.014799949713051319
v 0.008047698996961117 0.04724371060729027 -0.014799949713051319
v 0.047504838556051254 -0.0041117072105407715 -0.014799949713051319
v 0.047504838556051254 -0.0041117072105407715 -0.014799949713051319
v 0.04721546173095703 0.00809550192207098 -0.014799949713051319
v 0.04749995097517967 0.006177306175231934 -0.014799949713051319
v 0.047504838556051254 -0.0041117072105407715 -0.014799949713051319
v 0.04638195037841797 0.012059030123054981 -0.014799949713051319
v 0.04721546173095703 0.00809550192207098 -0.014799949713051319
v 0.008047698996961117 0.04724371060729027 -0.014799949713051319
v 0.013405200093984604 0.04601109027862549 -0.014799949713051319
v 0.047504838556051254 -0.0041117072105407715 -0.014799949713051319
v 0.047504838556051254 -0.0041117072105407715 -0.014799949713051319
v 0.04469596967101097 0.017291180789470673 -0.014799949713051319
v 0.04638195037841797 0.012059030123054981 -0.014799949713051319
v 0.013405200093984604 0.04601109027862549 -0.014799949713051319
v 0.018585920333862305 0.04417330026626587 -0.014799949713051319
v 0.047504838556051254 -0.0041117072105407715 -0.014799949713051319
v 0.047504838556051254 -0.0041117072105407715 -0.014799949713051319
v 0.04242150858044624 0.02229606918990612 -0.014799949713051319
v 0.04469596967101097 0.017291180789470673 -0.014799949713051319
v 0.018585920333862305 0.04417330026626587 -0.014799949713051319
v 0.02352249063551426 0.04175430163741112 -0.014799949713051319
v 0.047504838556051254 -0.0041117072105407715 -0.014799949713051319
v 0.047504838556051254 -0.0041117072105407715 -0.014799949713051319
v 0.03958934172987938 0.02700752019882202 -0.014799949713051319
v 0.04242150858044624 0.02229606918990612 -0.014799949713051319
v 0.02352249063551426 0.04175430163741112 -0.014799949713051319
v 0.028149539604783058 0.03878545016050339 -0.014799949713051319
v 0.047504838556051254 -0.0041117072105407715 -0.014799949713051319
v 0.047504838556051254 -0.0041117072105407715 -0.014799949713051319
v 0.036235690116882324 0.03136347979307175 -0.014799949713051319
v 0.03958934172987938 0.02700752019882202 -0.014799949713051319
v 0.028149539604783058 0.03878545016050339 -0.014799949713051319
v 0.03240590915083885 0.03530699014663696 -0.014799949713051319
v 0.047504838556051254 -0.0041117072105407715 -0.014799949713051319
v 0.047504838556051254 -0.0041117072105407715 -0.014799949713051319
v 0.03240590915083885 0.03530699014663696 -0.014799949713051319
v 0.036235690116882324 0.03136347979307175 -0.014799949713051319
v 0.029573610052466393 -0.039065420627593994 -0.014799949713051319
v 0.04760168865323067 -0.009999990463256836 -0.014799949713051319
v 0.03167103976011276 -0.03901755064725876 -0.014799949713051319
v 0.027553429827094078 -0.039553578943014145 -0.014799949713051319
v 0.04760168865323067 -0.009999990463256836 -0.014799949713051319
v 0.029573610052466393 -0.039065420627593994 -0.014799949713051319
v 0.04078571870923042 -0.03960293158888817 -0.014799949713051319
v 0.04760168865323067 -0.009999990463256836 -0.014799949713051319
v 0.041693318635225296 -0.03995233029127121 -0.014799590222537518
v 0.02610844001173973 -0.04018896073102951 -0.014799949713051319
v 0.04760168865323067 -0.009999990463256836 -0.014799949713051319
v 0.027553429827094078 -0.039553578943014145 -0.014799949713051319
v 0.03971964120864868 -0.03933858126401901 -0.014799949713051319
v 0.04760168865323067 -0.009999990463256836 -0.014799949713051319
v 0.04078571870923042 -0.03960293158888817 -0.014799949713051319
v 0.03868656978011131 -0.039212100207805634 -0.014799949713051319
v 0.04760168865323067 -0.009999990463256836 -0.014799949713051319
v 0.03971964120864868 -0.03933858126401901 -0.014799949713051319
v 0.03291761130094528 -0.03920096158981323 -0.014799949713051319
v 0.04760168865323067 -0.009999990463256836 -0.014799949713051319
v 0.03868656978011131 -0.039212100207805634 -0.014799949713051319
v 0.03167103976011276 -0.03901755064725876 -0.014799949713051319
v 0.04760168865323067 -0.009999990463256836 -0.014799949713051319
v 0.03291761130094528 -0.03920096158981323 -0.014799949713051319
v 0.044014450162649155 -0.04148370027542114 -0.014799290336668491
v 0.04862475022673607 -0.009999990463256836 -0.014799949713051319
v 0.044595420360565186 -0.04206568002700806 -0.014800310134887695
v 0.043402910232543945 -0.04095900058746338 -0.014800010249018669
v 0.04862475022673607 -0.009999990463256836 -0.014799949713051319
v 0.044014450162649155 -0.04148370027542114 -0.014799290336668491
v 0.042544540017843246 -0.040389180183410645 -0.014798990450799465
v 0.04862475022673607 -0.009999990463256836 -0.014799949713051319
v 0.043402910232543945 -0.04095900058746338 -0.014800010249018669
v 0.041693318635225296 -0.03995233029127121 -0.014799590222537518
v 0.04862475022673607 -0.009999990463256836 -0.014799949713051319
v 0.042544540017843246 -0.040389180183410645 -0.014798990450799465
v 0.04760168865323067 -0.009999990463256836 -0.014799949713051319
v 0.04862475022673607 -0.009999990463256836 -0.014799949713051319
v 0.041693318635225296 -0.03995233029127121 -0.014799590222537518
v 0.044595420360565186 -0.04206568002700806 -0.014800310134887695
v 0.04862475022673607 -0.009999990463256836 -0.014799949713051319
v 0.04862475022673607 -0.046199731528759 -0.014799949713051319
v 0.04760168865323067 -0.009999990463256836 -0.014799949713051319
v 0.04754573106765747 -0.004299044143408537 -0.014799949713051319
v 0.04760168865323067 -0.004439889919012785 -0.014799949713051319
v 0.046563319861888885 -0.0469244085252285 -0.014800130389630795
v 0.04641515016555786 -0.04565662145614624 -0.014800010249018669
v 0.04656374081969261 -0.046199731528759 -0.014799949713051319
v 0.02610844001173973 -0.04018896073102951 -0.014799949713051319
v 0.047504838556051254 -0.0041117072105407715 -0.014799949713051319
v 0.04760168865323067 -0.009999990463256836 -0.014799949713051319
v 0.04760168865323067 -0.009999990463256836 -0.014799949713051319
v 0.047504838556051254 -0.0041117072105407715 -0.014799949713051319
v 0.04754573106765747 -0.004299044143408537 -0.014799949713051319
v -0.04739813879132271 -0.006981610786169767 -0.014799949713051319
v 0.047504838556051254 -0.0041117072105407715 -0.014799949713051319
v -0.04652326926589012 -0.011503569781780243 -0.014799949713051319
v -0.04652326926589012 -0.011503569781780243 -0.014799949713051319
v 0.047504838556051254 -0.0041117072105407715 -0.014799949713051319
v -0.044893860816955566 -0.016771789640188217 -0.014799949713051319
v -0.044893860816955566 -0.016771789640188217 -0.014799949713051319
v 0.047504838556051254 -0.0041117072105407715 -0.014799949713051319
v -0.04267013072967529 -0.021817680448293686 -0.014799949713051319
v -0.04267013072967529 -0.021817680448293686 -0.014799949713051319
v 0.047504838556051254 -0.0041117072105407715 -0.014799949713051319
v -0.03988121822476387 -0.026574790477752686 -0.014799949713051319
v -0.03988121822476387 -0.026574790477752686 -0.014799949713051319
v 0.047504838556051254 -0.0041117072105407715 -0.014799949713051319
v -0.036565061658620834 -0.030979810282588005 -0.014799949713051319
v 0.04360926151275635 -0.044357240200042725 0.0034234519116580486
v 0.04303615912795067 -0.04337155073881149 0.0009875809773802757
v 0.04348880052566528 -0.044357240200042725 0.0009754530037753284
v 0.04315793141722679 -0.04337209090590477 0.0034601090010255575
v 0.04303615912795067 -0.04337155073881149 0.0009875809773802757
v 0.04360926151275635 -0.044357240200042725 0.0034234519116580486
v 0.04420948028564453 -0.04337430000305176 -0.010269640013575554
v 0.04443037137389183 -0.042683299630880356 -0.012786559760570526
v 0.04481583088636398 -0.04312973842024803 -0.013057289645075798
v 0.039448320865631104 -0.03959809988737106 0.009647904895246029
v 0.03838402032852173 -0.03951948136091232 0.004197955131530762
v 0.0391499400138855 -0.039658840745687485 0.006894350051879883
v 0.03774571046233177 -0.03933537006378174 -0.005362569820135832
v 0.03870135173201561 -0.03933072090148926 -0.011207159608602524
v 0.03844064101576805 -0.03939443081617355 -0.0083923926576972
v 0.04207098111510277 -0.04167257994413376 0.005176842212677002
v 0.04184025153517723 -0.04167366027832031 0.0022634859196841717
v 0.04258304089307785 -0.0424649715423584 0.003505348926410079
v 0.04641515016555786 -0.04565662145614624 -0.014800010249018669
v 0.04576534032821655 -0.045101460069417953 -0.013321040198206902
v 0.04587996006011963 -0.04402422159910202 -0.014799890108406544
v 0.045876920223236084 -0.04558413848280907 -0.01329118013381958
v 0.04576534032821655 -0.045101460069417953 -0.013321040198206902
v 0.04641515016555786 -0.04565662145614624 -0.014800010249018669
v 0.04067682847380638 -0.04039764031767845 0.0066716670989990234
v 0.04030025005340576 -0.040397759526968 0.0030164120253175497
v 0.04130065068602562 -0.0409880205988884 0.004922747146338224
v 0.040994640439748764 -0.040397580713033676 -0.008631347678601742
v 0.04084128141403198 -0.03995542973279953 -0.011770240031182766
v 0.04163527116179466 -0.040397461503744125 -0.011574859730899334
v 0.040189921855926514 -0.039955731481313705 -0.008777022361755371
v 0.04084128141403198 -0.03995542973279953 -0.011770240031182766
v 0.040994640439748764 -0.040397580713033676 -0.008631347678601742
v 0.039448320865631104 -0.03959809988737106 0.009647904895246029
v 0.03819065913558006 -0.039335720241069794 0.008436739444732666
v 0.03838402032852173 -0.03951948136091232 0.004197955131530762
v 0.043954070657491684 -0.04626708850264549 0.0009633590234443545
v 0.044003840535879135 -0.046553730964660645 -0.001476346980780363
v 0.0440015085041523 -0.04692041128873825 0.0009609030093997717
v 0.03774571046233177 -0.03933537006378174 -0.005362569820135832
v 0.03780907019972801 -0.0392332598567009 -0.010619520209729671
v 0.03870135173201561 -0.03933072090148926 -0.011207159608602524
v 0.04349184036254883 -0.04205513000488281 -0.011110959574580193
v 0.044167280197143555 -0.042054709047079086 -0.013526380062103271
v 0.04443037137389183 -0.042683299630880356 -0.012786559760570526
v 0.04130065068602562 -0.0409880205988884 0.004922747146338224
v 0.04184025153517723 -0.04167366027832031 0.0022634859196841717
v 0.04207098111510277 -0.04167257994413376 0.005176842212677002
v 0.04576534032821655 -0.045101460069417953 -0.013321040198206902
v 0.045625150203704834 -0.04462629184126854 -0.013358649797737598
v 0.04587996006011963 -0.04402422159910202 -0.014799890108406544
v 0.04251383990049362 -0.04131937026977539 -0.010016379877924919
v 0.04246466979384422 -0.04082787036895752 -0.012352339923381805
v 0.043208591639995575 -0.04130953177809715 -0.012816299684345722
v 0.04258304089307785 -0.0424649715423584 0.003505348926410079
v 0.042459841817617416 -0.042464729398489 0.0010008809622377157
v 0.04315793141722679 -0.04337209090590477 0.0034601090010255575
v 0.04315793141722679 -0.04337209090590477 0.0034601090010255575
v 0.042459841817617416 -0.042464729398489 0.0010008809622377157
v 0.04303615912795067 -0.04337155073881149 0.0009875809773802757
v 0.04130065068602562 -0.0409880205988884 0.004922747146338224
v 0.04109780862927437 -0.040987610816955566 0.002306341892108321
v 0.04184025153517723 -0.04167366027832031 0.0022634859196841717
v 0.04067682847380638 -0.04039764031767845 0.0066716670989990234
v 0.039696089923381805 -0.039955731481313705 0.00544053316116333
v 0.04030025005340576 -0.040397759526968 0.0030164120253175497
v 0.03819065913558006 -0.039335720241069794 0.008436739444732666
v 0.0378684401512146 -0.03939210996031761 0.0038986799772828817
v 0.03838402032852173 -0.03951948136091232 0.004197955131530762
v 0.043954070657491684 -0.04626708850264549 0.0009633590234443545
v 0.04380803927779198 -0.04534899815917015 -0.0014926790026947856
v 0.044003840535879135 -0.046553730964660645 -0.001476346980780363
v 0.0437929593026638 -0.045347798615694046 0.0009707940043881536
v 0.04380803927779198 -0.04534899815917015 -0.0014926790026947856
v 0.043954070657491684 -0.04626708850264549 0.0009633590234443545
v 0.045625150203704834 -0.04462629184126854 -0.013358649797737598
v 0.04543763026595116 -0.044111598283052444 -0.013411159627139568
v 0.04587996006011963 -0.04402422159910202 -0.014799890108406544
v 0.040189921855926514 -0.039955731481313705 -0.008777022361755371
v 0.03996746987104416 -0.03959624841809273 -0.01202803011983633
v 0.04084128141403198 -0.03995542973279953 -0.011770240031182766
v 0.04481583088636398 -0.04312973842024803 -0.013057289645075798
v 0.04525578022003174 -0.04292815178632736 -0.014800310134887695
v 0.04495590180158615 -0.04361248016357422 -0.01263337954878807
v 0.04495590180158615 -0.04361248016357422 -0.01263337954878807
v 0.04587996006011963 -0.04402422159910202 -0.014799890108406544
v 0.04543763026595116 -0.044111598283052444 -0.013411159627139568
v 0.03819065913558006 -0.039335720241069794 0.008436739444732666
v 0.037141378968954086 -0.03926103934645653 0.003948866855353117
v 0.0378684401512146 -0.03939210996031761 0.0038986799772828817
v 0.04481583088636398 -0.04312973842024803 -0.013057289645075798
v 0.04443037137389183 -0.042683299630880356 -0.012786559760570526
v 0.04525578022003174 -0.04292815178632736 -0.014800310134887695
v 0.04258304089307785 -0.0424649715423584 0.003505348926410079
v 0.04184025153517723 -0.04167366027832031 0.0022634859196841717
v 0.042459841817617416 -0.042464729398489 0.0010008809622377157
v 0.04349184036254883 -0.04205513000488281 -0.011110959574580193
v 0.043208591639995575 -0.04130953177809715 -0.012816299684345722
v 0.044167280197143555 -0.042054709047079086 -0.013526380062103271
v 0.04130065068602562 -0.0409880205988884 0.004922747146338224
v 0.04030025005340576 -0.040397759526968 0.0030164120253175497
v 0.04109780862927437 -0.040987610816955566 0.002306341892108321
v 0.0391499400138855 -0.039658840745687485 0.006894350051879883
v 0.03876065835356712 -0.03965890035033226 0.0031195280607789755
v 0.039696089923381805 -0.039955731481313705 0.00544053316116333
v 0.03791980817914009 -0.0392337404191494 0.011253289878368378
v 0.037141378968954086 -0.03926103934645653 0.003948866855353117
v 0.03819065913558006 -0.039335720241069794 0.008436739444732666
v 0.0437929593026638 -0.045347798615694046 0.0009707940043881536
v 0.04350398853421211 -0.04435807093977928 -0.0015050170477479696
v 0.04380803927779198 -0.04534899815917015 -0.0014926790026947856
v 0.04348880052566528 -0.044357240200042725 0.0009754530037753284
v 0.04350398853421211 -0.04435807093977928 -0.0015050170477479696
v 0.0437929593026638 -0.045347798615694046 0.0009707940043881536
v 0.04495590180158615 -0.04361248016357422 -0.01263337954878807
v 0.04525578022003174 -0.04292815178632736 -0.014800310134887695
v 0.04587996006011963 -0.04402422159910202 -0.014799890108406544
v 0.0391499400138855 -0.039658840745687485 0.006894350051879883
v 0.03838402032852173 -0.03951948136091232 0.004197955131530762
v 0.03876065835356712 -0.03965890035033226 0.0031195280607789755
v 0.03791980817914009 -0.0392337404191494 0.011253289878368378
v 0.03712689131498337 -0.03920501098036766 0.009437321685254574
v 0.037141378968954086 -0.03926103934645653 0.003948866855353117
v 0.03844064101576805 -0.03939443081617355 -0.0083923926576972
v 0.03870135173201561 -0.03933072090148926 -0.011207159608602524
v 0.03900367021560669 -0.03954190015792847 -0.008341968059539795
v 0.03900367021560669 -0.03954190015792847 -0.008341968059539795
v 0.03870135173201561 -0.03933072090148926 -0.011207159608602524
v 0.03996746987104416 -0.03959624841809273 -0.01202803011983633
v 0.039696089923381805 -0.039955731481313705 0.00544053316116333
v 0.03945308178663254 -0.03995542973279953 0.0023862121161073446
v 0.04030025005340576 -0.040397759526968 0.0030164120253175497
v 0.043208591639995575 -0.04130953177809715 -0.012816299684345722
v 0.044014450162649155 -0.04148370027542114 -0.014799290336668491
v 0.044167280197143555 -0.042054709047079086 -0.013526380062103271
v 0.047151800245046616 -0.04576050862669945 0.01670140027999878
v 0.046496208757162094 -0.04626994952559471 0.014773069880902767
v 0.04727298021316528 -0.04671967029571533 0.016703540459275246
v 0.04303615912795067 -0.04337155073881149 0.0009875809773802757
v 0.04305166006088257 -0.04337269067764282 -0.0015181299531832337
v 0.04348880052566528 -0.044357240200042725 0.0009754530037753284
v 0.04348880052566528 -0.044357240200042725 0.0009754530037753284
v 0.04305166006088257 -0.04337269067764282 -0.0015181299531832337
v 0.04350398853421211 -0.04435807093977928 -0.0015050170477479696
v 0.04727298021316528 -0.04671967029571533 0.016703540459275246
v 0.046496208757162094 -0.04626994952559471 0.014773069880902767
v 0.04652303084731102 -0.04687594994902611 0.014713279902935028
v 0.04184025153517723 -0.04167366027832031 0.0022634859196841717
v 0.04181617125868797 -0.04169631004333496 0.0005527869798243046
v 0.042459841817617416 -0.042464729398489 0.0010008809622377157
v 0.047151800245046616 -0.04576050862669945 0.01670140027999878
v 0.04636085033416748 -0.045348700135946274 0.014875349588692188
v 0.046496208757162094 -0.04626994952559471 0.014773069880902767
v 0.04443037137389183 -0.042683299630880356 -0.012786559760570526
v 0.044595420360565186 -0.04206568002700806 -0.014800310134887695
v 0.04525578022003174 -0.04292815178632736 -0.014800310134887695
v 0.044167280197143555 -0.042054709047079086 -0.013526380062103271
v 0.044595420360565186 -0.04206568002700806 -0.014800310134887695
v 0.04443037137389183 -0.042683299630880356 -0.012786559760570526
v 0.04163527116179466 -0.040397461503744125 -0.011574859730899334
v 0.042544540017843246 -0.040389180183410645 -0.014798990450799465
v 0.04246466979384422 -0.04082787036895752 -0.012352339923381805
v 0.039696089923381805 -0.039955731481313705 0.00544053316116333
v 0.03876065835356712 -0.03965890035033226 0.0031195280607789755
v 0.03945308178663254 -0.03995542973279953 0.0023862121161073446
v 0.04689294099807739 -0.044789910316467285 0.016700860112905502
v 0.04636085033416748 -0.045348700135946274 0.014875349588692188
v 0.047151800245046616 -0.04576050862669945 0.01670140027999878
v 0.04689294099807739 -0.044789910316467285 0.016700860112905502
v 0.046161770820617676 -0.044628020375967026 0.01494693011045456
v 0.04636085033416748 -0.045348700135946274 0.014875349588692188
v 0.03712689131498337 -0.03920501098036766 0.009437321685254574
v 0.0362391397356987 -0.03920489177107811 0.0005319410120137036
v 0.037141378968954086 -0.03926103934645653 0.003948866855353117
v 0.042459841817617416 -0.042464729398489 0.0010008809622377157
v 0.04247564077377319 -0.042465198785066605 -0.0015369650209322572
v 0.04303615912795067 -0.04337155073881149 0.0009875809773802757
v 0.04303615912795067 -0.04337155073881149 0.0009875809773802757
v 0.04247564077377319 -0.042465198785066605 -0.0015369650209322572
v 0.04305166006088257 -0.04337269067764282 -0.0015181299531832337
v 0.04109780862927437 -0.040987610816955566 0.002306341892108321
v 0.041121240705251694 -0.04105120152235031 -0.0001699739950709045
v 0.04184025153517723 -0.04167366027832031 0.0022634859196841717
v 0.04184025153517723 -0.04167366027832031 0.0022634859196841717
v 0.041121240705251694 -0.04105120152235031 -0.0001699739950709045
v 0.04181617125868797 -0.04169631004333496 0.0005527869798243046
v 0.04380803927779198 -0.04534899815917015 -0.0014926790026947856
v 0.04391574114561081 -0.04534846171736717 -0.0033847088925540447
v 0.044003840535879135 -0.046553730964660645 -0.001476346980780363
v 0.043208591639995575 -0.04130953177809715 -0.012816299684345722
v 0.043402910232543945 -0.04095900058746338 -0.014800010249018669
v 0.044014450162649155 -0.04148370027542114 -0.014799290336668491
v 0.044003840535879135 -0.046553730964660645 -0.001476346980780363
v 0.04391574114561081 -0.04534846171736717 -0.0033847088925540447
v 0.044147610664367676 -0.046535369008779526 -0.003882824908941984
v 0.044167280197143555 -0.042054709047079086 -0.013526380062103271
v 0.044014450162649155 -0.04148370027542114 -0.014799290336668491
v 0.044595420360565186 -0.04206568002700806 -0.014800310134887695
v 0.04689294099807739 -0.044789910316467285 0.016700860112905502
v 0.045866310596466064 -0.04387766122817993 0.014988659881055355
v 0.046161770820617676 -0.044628020375967026 0.01494693011045456
v 0.046606771647930145 -0.044081028550863266 0.01670061983168125
v 0.045866310596466064 -0.04387766122817993 0.014988659881055355
v 0.04689294099807739 -0.044789910316467285 0.016700860112905502
v 0.04246466979384422 -0.04082787036895752 -0.012352339923381805
v 0.043402910232543945 -0.04095900058746338 -0.014800010249018669
v 0.043208591639995575 -0.04130953177809715 -0.012816299684345722
v 0.04084128141403198 -0.03995542973279953 -0.011770240031182766
v 0.041693318635225296 -0.03995233029127121 -0.014799590222537518
v 0.04163527116179466 -0.040397461503744125 -0.011574859730899334
v 0.04163527116179466 -0.040397461503744125 -0.011574859730899334
v 0.041693318635225296 -0.03995233029127121 -0.014799590222537518
v 0.042544540017843246 -0.040389180183410645 -0.014798990450799465
v 0.046606771647930145 -0.044081028550863266 0.01670061983168125
v 0.046244800090789795 -0.04337828978896141 0.016700979322195053
v 0.045866310596466064 -0.04387766122817993 0.014988659881055355
v 0.04246466979384422 -0.04082787036895752 -0.012352339923381805
v 0.042544540017843246 -0.040389180183410645 -0.014798990450799465
v 0.043402910232543945 -0.04095900058746338 -0.014800010249018669
v 0.04181617125868797 -0.04169631004333496 0.0005527869798243046
v 0.0417976900935173 -0.04165858030319214 -0.0014948840253055096
v 0.042459841817617416 -0.042464729398489 0.0010008809622377157
v 0.042459841817617416 -0.042464729398489 0.0010008809622377157
v 0.0417976900935173 -0.04165858030319214 -0.0014948840253055096
v 0.04247564077377319 -0.042465198785066605 -0.0015369650209322572
v 0.03996746987104416 -0.03959624841809273 -0.01202803011983633
v 0.04078571870923042 -0.03960293158888817 -0.014799949713051319
v 0.04084128141403198 -0.03995542973279953 -0.011770240031182766
v 0.04084128141403198 -0.03995542973279953 -0.011770240031182766
v 0.04078571870923042 -0.03960293158888817 -0.014799949713051319
v 0.041693318635225296 -0.03995233029127121 -0.014799590222537518
v 0.04380803927779198 -0.04534899815917015 -0.0014926790026947856
v 0.04361288994550705 -0.044357240200042725 -0.003413856029510498
v 0.04391574114561081 -0.04534846171736717 -0.0033847088925540447
v 0.04350398853421211 -0.04435807093977928 -0.0015050170477479696
v 0.04361288994550705 -0.044357240200042725 -0.003413856029510498
v 0.04380803927779198 -0.04534899815917015 -0.0014926790026947856
v 0.04109780862927437 -0.040987610816955566 0.002306341892108321
v 0.04028666019439697 -0.040441930294036865 -0.00038923000101931393
v 0.041121240705251694 -0.04105120152235031 -0.0001699739950709045
v 0.04030025005340576 -0.040397759526968 0.0030164120253175497
v 0.04028666019439697 -0.040441930294036865 -0.00038923000101931393
v 0.04109780862927437 -0.040987610816955566 0.002306341892108321
v 0.046496208757162094 -0.04626994952559471 0.014773069880902767
v 0.0457947812974453 -0.04655617102980614 0.012511779554188251
v 0.04652303084731102 -0.04687594994902611 0.014713279902935028
v 0.03870135173201561 -0.03933072090148926 -0.011207159608602524
v 0.04078571870923042 -0.03960293158888817 -0.014799949713051319
v 0.03996746987104416 -0.03959624841809273 -0.01202803011983633
v 0.04562830179929733 -0.042470451444387436 0.0167000200599432
v 0.04538846015930176 -0.042904969304800034 0.015222430229187012
v 0.046244800090789795 -0.04337828978896141 0.016700979322195053
v 0.03870135173201561 -0.03933072090148926 -0.011207159608602524
v 0.03971964120864868 -0.03933858126401901 -0.014799949713051319
v 0.04078571870923042 -0.03960293158888817 -0.014799949713051319
v 0.046244800090789795 -0.04337828978896141 0.016700979322195053
v 0.04538846015930176 -0.042904969304800034 0.015222430229187012
v 0.045866310596466064 -0.04387766122817993 0.014988659881055355
v 0.04391574114561081 -0.04534846171736717 -0.0033847088925540447
v 0.044092949479818344 -0.045348159968853 -0.005237996112555265
v 0.044147610664367676 -0.046535369008779526 -0.003882824908941984
v 0.044147610664367676 -0.046535369008779526 -0.003882824908941984
v 0.044092949479818344 -0.045348159968853 -0.005237996112555265
v 0.04425323009490967 -0.04626739025115967 -0.0052217841148376465
v 0.03780907019972801 -0.0392332598567009 -0.010619520209729671
v 0.03868656978011131 -0.039212100207805634 -0.014799949713051319
v 0.03870135173201561 -0.03933072090148926 -0.011207159608602524
v 0.04030025005340576 -0.040397759526968 0.0030164120253175497
v 0.039455950260162354 -0.03998516872525215 -0.0002434899943182245
v 0.04028666019439697 -0.040441930294036865 -0.00038923000101931393
v 0.03870135173201561 -0.03933072090148926 -0.011207159608602524
v 0.03868656978011131 -0.039212100207805634 -0.014799949713051319
v 0.03971964120864868 -0.03933858126401901 -0.014799949713051319
v 0.04636085033416748 -0.045348700135946274 0.014875349588692188
v 0.04560273140668869 -0.045348938554525375 0.012556489557027817
v 0.046496208757162094 -0.04626994952559471 0.014773069880902767
v 0.046496208757162094 -0.04626994952559471 0.014773069880902767
v 0.04560273140668869 -0.045348938554525375 0.012556489557027817
v 0.0457947812974453 -0.04655617102980614 0.012511779554188251
v 0.03945308178663254 -0.03995542973279953 0.0023862121161073446
v 0.039455950260162354 -0.03998516872525215 -0.0002434899943182245
v 0.04030025005340576 -0.040397759526968 0.0030164120253175497
v 0.037337061017751694 -0.03920530900359154 -0.010436889715492725
v 0.03868656978011131 -0.039212100207805634 -0.014799949713051319
v 0.03780907019972801 -0.0392332598567009 -0.010619520209729671
v 0.04350398853421211 -0.04435807093977928 -0.0015050170477479696
v 0.04338334873318672 -0.04361534118652344 -0.004676163196563721
v 0.04361288994550705 -0.044357240200042725 -0.003413856029510498
v 0.04305166006088257 -0.04337269067764282 -0.0015181299531832337
v 0.04338334873318672 -0.04361534118652344 -0.004676163196563721
v 0.04350398853421211 -0.04435807093977928 -0.0015050170477479696
v 0.04562830179929733 -0.042470451444387436 0.0167000200599432
v 0.04478280991315842 -0.042051851749420166 0.015386460348963737
v 0.04538846015930176 -0.042904969304800034 0.015222430229187012
v 0.04494171962141991 -0.04170382022857666 0.01670013926923275
v 0.04478280991315842 -0.042051851749420166 0.015386460348963737
v 0.04562830179929733 -0.042470451444387436 0.0167000200599432
v 0.044147610664367676 -0.046535369008779526 -0.003882824908941984
v 0.04425323009490967 -0.04626739025115967 -0.0052217841148376465
v 0.0445135198533535 -0.04675889015197754 -0.006810963153839111
v 0.0417976900935173 -0.04165858030319214 -0.0014948840253055096
v 0.04221206158399582 -0.042043380439281464 -0.00294989300891757
v 0.04247564077377319 -0.042465198785066605 -0.0015369650209322572
v 0.04305166006088257 -0.04337269067764282 -0.0015181299531832337
v 0.042886849492788315 -0.04290461167693138 -0.0034686920698732138
v 0.04338334873318672 -0.04361534118652344 -0.004676163196563721
v 0.04494171962141991 -0.04170382022857666 0.01670013926923275
v 0.04432106018066406 -0.04150104150176048 0.015624280087649822
v 0.04478280991315842 -0.042051851749420166 0.015386460348963737
v 0.04361288994550705 -0.044357240200042725 -0.003413856029510498
v 0.043791111558675766 -0.044357288628816605 -0.005275309085845947
v 0.04391574114561081 -0.04534846171736717 -0.0033847088925540447
v 0.044155240058898926 -0.041019078344106674 0.016700079664587975
v 0.04432106018066406 -0.04150104150176048 0.015624280087649822
v 0.04494171962141991 -0.04170382022857666 0.01670013926923275
v 0.046161770820617676 -0.044628020375967026 0.01494693011045456
v 0.0453108511865139 -0.04435807093977928 0.012640769593417645
v 0.04636085033416748 -0.045348700135946274 0.014875349588692188
v 0.04391574114561081 -0.04534846171736717 -0.0033847088925540447
v 0.043791111558675766 -0.044357288628816605 -0.005275309085845947
v 0.044092949479818344 -0.045348159968853 -0.005237996112555265
v 0.04636085033416748 -0.045348700135946274 0.014875349588692188
v 0.0453108511865139 -0.04435807093977928 0.012640769593417645
v 0.04560273140668869 -0.045348938554525375 0.012556489557027817
v 0.03876065835356712 -0.03965890035033226 0.0031195280607789755
v 0.03863130882382393 -0.0396425686776638 -0.000404591002734378
v 0.03945308178663254 -0.03995542973279953 0.0023862121161073446
v 0.03945308178663254 -0.03995542973279953 0.0023862121161073446
v 0.03863130882382393 -0.0396425686776638 -0.000404591002734378
v 0.039455950260162354 -0.03998516872525215 -0.0002434899943182245
v 0.045866310596466064 -0.04387766122817993 0.014988659881055355
v 0.0453108511865139 -0.04435807093977928 0.012640769593417645
v 0.046161770820617676 -0.044628020375967026 0.01494693011045456
v 0.03876065835356712 -0.03965890035033226 0.0031195280607789755
v 0.03800398111343384 -0.039450038224458694 -0.0002218790032202378
v 0.03863130882382393 -0.0396425686776638 -0.000404591002734378
v 0.04247564077377319 -0.042465198785066605 -0.0015369650209322572
v 0.042886849492788315 -0.04290461167693138 -0.0034686920698732138
v 0.04305166006088257 -0.04337269067764282 -0.0015181299531832337
v 0.04181617125868797 -0.04169631004333496 0.0005527869798243046
v 0.041121240705251694 -0.04105120152235031 -0.0001699739950709045
v 0.0417976900935173 -0.04165858030319214 -0.0014948840253055096
v 0.044155240058898926 -0.041019078344106674 0.016700079664587975
v 0.043719761073589325 -0.040986061096191406 0.015629470348358154
v 0.04432106018066406 -0.04150104150176048 0.015624280087649822
v 0.03838402032852173 -0.03951948136091232 0.004197955131530762
v 0.03800398111343384 -0.039450038224458694 -0.0002218790032202378
v 0.03876065835356712 -0.03965890035033226 0.0031195280607789755
v 0.045866310596466064 -0.04387766122817993 0.014988659881055355
v 0.04487735033035278 -0.04337269067764282 0.012771300040185452
v 0.0453108511865139 -0.04435807093977928 0.012640769593417645
v 0.041121240705251694 -0.04105120152235031 -0.0001699739950709045
v 0.041135068982839584 -0.04098784178495407 -0.002949357032775879
v 0.0417976900935173 -0.04165858030319214 -0.0014948840253055096
v 0.04247564077377319 -0.042465198785066605 -0.0015369650209322572
v 0.04221206158399582 -0.042043380439281464 -0.00294989300891757
v 0.042886849492788315 -0.04290461167693138 -0.0034686920698732138
v 0.04361288994550705 -0.044357240200042725 -0.003413856029510498
v 0.04338334873318672 -0.04361534118652344 -0.004676163196563721
v 0.043791111558675766 -0.044357288628816605 -0.005275309085845947
v 0.043252941220998764 -0.04041444882750511 0.016700679436326027
v 0.043719761073589325 -0.040986061096191406 0.015629470348358154
v 0.044155240058898926 -0.041019078344106674 0.016700079664587975
v 0.04538846015930176 -0.042904969304800034 0.015222430229187012
v 0.04487735033035278 -0.04337269067764282 0.012771300040185452
v 0.045866310596466064 -0.04387766122817993 0.014988659881055355
v 0.0378684401512146 -0.03939210996031761 0.0038986799772828817
v 0.03800398111343384 -0.039450038224458694 -0.0002218790032202378
v 0.03838402032852173 -0.03951948136091232 0.004197955131530762
v 0.042886849492788315 -0.04290461167693138 -0.0034686920698732138
v 0.04306768998503685 -0.04290485009551048 -0.005359708797186613
v 0.04338334873318672 -0.04361534118652344 -0.004676163196563721
v 0.04538846015930176 -0.042904969304800034 0.015222430229187012
v 0.044325049966573715 -0.042465198785066605 0.01293617021292448
v 0.04487735033035278 -0.04337269067764282 0.012771300040185452
v 0.037141378968954086 -0.03926103934645653 0.003948866855353117
v 0.03706634044647217 -0.03927052021026611 -0.0006442579906433821
v 0.0378684401512146 -0.03939210996031761 0.0038986799772828817
v 0.0378684401512146 -0.03939210996031761 0.0038986799772828817
v 0.03706634044647217 -0.03927052021026611 -0.0006442579906433821
v 0.03800398111343384 -0.039450038224458694 -0.0002218790032202378
v 0.04425323009490967 -0.04626739025115967 -0.0052217841148376465
v 0.044668249785900116 -0.04622519016265869 -0.008014141581952572
v 0.0445135198533535 -0.04675889015197754 -0.006810963153839111
v 0.04028666019439697 -0.040441930294036865 -0.00038923000101931393
v 0.04030716046690941 -0.0403975211083889 -0.003001630073413253
v 0.041121240705251694 -0.04105120152235031 -0.0001699739950709045
v 0.041121240705251694 -0.04105120152235031 -0.0001699739950709045
v 0.04030716046690941 -0.0403975211083889 -0.003001630073413253
v 0.041135068982839584 -0.04098784178495407 -0.002949357032775879
v 0.04560273140668869 -0.045348938554525375 0.012556489557027817
v 0.04510616883635521 -0.045348159968853 0.010722160339355469
v 0.0457947812974453 -0.04655617102980614 0.012511779554188251
v 0.0457947812974453 -0.04655617102980614 0.012511779554188251
v 0.04510616883635521 -0.045348159968853 0.010722160339355469
v 0.04516874998807907 -0.04653619974851608 0.010177790187299252
v 0.0417976900935173 -0.04165858030319214 -0.0014948840253055096
v 0.04167519882321358 -0.041323840618133545 -0.004827678203582764
v 0.04221206158399582 -0.042043380439281464 -0.00294989300891757
v 0.04478280991315842 -0.042051851749420166 0.015386460348963737
v 0.044325049966573715 -0.042465198785066605 0.01293617021292448
v 0.04538846015930176 -0.042904969304800034 0.015222430229187012
v 0.044092949479818344 -0.045348159968853 -0.005237996112555265
v 0.04450618848204613 -0.04534846171736717 -0.00799095630645752
v 0.04425323009490967 -0.04626739025115967 -0.0052217841148376465
v 0.04425323009490967 -0.04626739025115967 -0.0052217841148376465
v 0.04450618848204613 -0.04534846171736717 -0.00799095630645752
v 0.044668249785900116 -0.04622519016265869 -0.008014141581952572
v 0.04478280991315842 -0.042051851749420166 0.015386460348963737
v 0.04368888959288597 -0.04167664051055908 0.013117190450429916
v 0.044325049966573715 -0.042465198785066605 0.01293617021292448
v 0.0417976900935173 -0.04165858030319214 -0.0014948840253055096
v 0.041135068982839584 -0.04098784178495407 -0.002949357032775879
v 0.04167519882321358 -0.041323840618133545 -0.004827678203582764
v 0.037141378968954086 -0.03926103934645653 0.003948866855353117
v 0.0362391397356987 -0.03920489177107811 0.0005319410120137036
v 0.03706634044647217 -0.03927052021026611 -0.0006442579906433821
v 0.042886849492788315 -0.04290461167693138 -0.0034686920698732138
v 0.04244868829846382 -0.04205513000488281 -0.005432248115539551
v 0.04306768998503685 -0.04290485009551048 -0.005359708797186613
v 0.04221206158399582 -0.042043380439281464 -0.00294989300891757
v 0.04244868829846382 -0.04205513000488281 -0.005432248115539551
v 0.042886849492788315 -0.04290461167693138 -0.0034686920698732138
v 0.0453108511865139 -0.04435807093977928 0.012640769593417645
v 0.04480952024459839 -0.044357240200042725 0.010790050029754639
v 0.04560273140668869 -0.045348938554525375 0.012556489557027817
v 0.04560273140668869 -0.045348938554525375 0.012556489557027817
v 0.04480952024459839 -0.044357240200042725 0.010790050029754639
v 0.04510616883635521 -0.045348159968853 0.010722160339355469
v 0.04028666019439697 -0.040441930294036865 -0.00038923000101931393
v 0.03949064016342163 -0.039955731481313705 -0.003050327068194747
v 0.04030716046690941 -0.0403975211083889 -0.003001630073413253
v 0.039455950260162354 -0.03998516872525215 -0.0002434899943182245
v 0.03949064016342163 -0.039955731481313705 -0.003050327068194747
v 0.04028666019439697 -0.040441930294036865 -0.00038923000101931393
v 0.04432106018066406 -0.04150104150176048 0.015624280087649822
v 0.04368888959288597 -0.04167664051055908 0.013117190450429916
v 0.04478280991315842 -0.042051851749420166 0.015386460348963737
v 0.04510616883635521 -0.045348159968853 0.010722160339355469
v 0.04468894004821777 -0.04534852132201195 0.008912025950849056
v 0.04516874998807907 -0.04653619974851608 0.010177790187299252
v 0.04516874998807907 -0.04653619974851608 0.010177790187299252
v 0.04468894004821777 -0.04534852132201195 0.008912025950849056
v 0.04484641179442406 -0.04626743867993355 0.008876501582562923
v 0.043252941220998764 -0.04041444882750511 0.016700679436326027
v 0.042343080043792725 -0.03994971141219139 0.016700200736522675
v 0.04235488176345825 -0.04026985168457031 0.014877020381391048
v 0.043719761073589325 -0.040986061096191406 0.015629470348358154
v 0.04298024997115135 -0.04098939150571823 0.013341959565877914
v 0.04432106018066406 -0.04150104150176048 0.015624280087649822
v 0.04432106018066406 -0.04150104150176048 0.015624280087649822
v 0.04298024997115135 -0.04098939150571823 0.013341959565877914
v 0.04368888959288597 -0.04167664051055908 0.013117190450429916
v 0.043791111558675766 -0.044357288628816605 -0.005275309085845947
v 0.04420690983533859 -0.044357530772686005 -0.008046089671552181
v 0.044092949479818344 -0.045348159968853 -0.005237996112555265
v 0.044092949479818344 -0.045348159968853 -0.005237996112555265
v 0.04420690983533859 -0.044357530772686005 -0.008046089671552181
v 0.04450618848204613 -0.04534846171736717 -0.00799095630645752
v 0.04487735033035278 -0.04337269067764282 0.012771300040185452
v 0.044192489236593246 -0.04361546039581299 0.009663105010986328
v 0.0453108511865139 -0.04435807093977928 0.012640769593417645
v 0.0453108511865139 -0.04435807093977928 0.012640769593417645
v 0.044192489236593246 -0.04361546039581299 0.009663105010986328
v 0.04480952024459839 -0.044357240200042725 0.010790050029754639
v 0.03863130882382393 -0.0396425686776638 -0.000404591002734378
v 0.038641031831502914 -0.03959465026855469 -0.003827989101409912
v 0.039455950260162354 -0.03998516872525215 -0.0002434899943182245
v 0.039455950260162354 -0.03998516872525215 -0.0002434899943182245
v 0.038641031831502914 -0.03959465026855469 -0.003827989101409912
v 0.03949064016342163 -0.039955731481313705 -0.003050327068194747
v 0.04221206158399582 -0.042043380439281464 -0.00294989300891757
v 0.04167519882321358 -0.041323840618133545 -0.004827678203582764
v 0.04244868829846382 -0.04205513000488281 -0.005432248115539551
v 0.04516874998807907 -0.04653619974851608 0.010177790187299252
v 0.04484641179442406 -0.04626743867993355 0.008876501582562923
v 0.04464012011885643 -0.04691820964217186 0.00753551721572876
v 0.042343080043792725 -0.03994971141219139 0.016700200736522675
v 0.0415802001953125 -0.03965770825743675 0.016699910163879395
v 0.041345108300447464 -0.03996855020523071 0.013607439585030079
v 0.04487735033035278 -0.04337269067764282 0.012771300040185452
v 0.04410326108336449 -0.04290461167693138 0.010967670008540154
v 0.044192489236593246 -0.04361546039581299 0.009663105010986328
v 0.0445135198533535 -0.04675889015197754 -0.006810963153839111
v 0.044668249785900116 -0.04622519016265869 -0.008014141581952572
v 0.04486507177352905 -0.04694753140211105 -0.00870442297309637
v 0.04510616883635521 -0.045348159968853 0.010722160339355469
v 0.04439079016447067 -0.044357411563396454 0.008972167037427425
v 0.04468894004821777 -0.04534852132201195 0.008912025950849056
v 0.04480952024459839 -0.044357240200042725 0.010790050029754639
v 0.04439079016447067 -0.044357411563396454 0.008972167037427425
v 0.04510616883635521 -0.045348159968853 0.010722160339355469
v 0.043719761073589325 -0.040986061096191406 0.015629470348358154
v 0.041934721171855927 -0.04040013998746872 0.012721650302410126
v 0.04298024997115135 -0.04098939150571823 0.013341959565877914
v 0.043252941220998764 -0.04041444882750511 0.016700679436326027
v 0.041934721171855927 -0.04040013998746872 0.012721650302410126
v 0.043719761073589325 -0.040986061096191406 0.015629470348358154
v 0.04338334873318672 -0.04361534118652344 -0.004676163196563721
v 0.04373449087142944 -0.04335277900099754 -0.008033156394958496
v 0.043791111558675766 -0.044357288628816605 -0.005275309085845947
v 0.043791111558675766 -0.044357288628816605 -0.005275309085845947
v 0.04373449087142944 -0.04335277900099754 -0.008033156394958496
v 0.04420690983533859 -0.044357530772686005 -0.008046089671552181
v 0.044325049966573715 -0.042465198785066605 0.01293617021292448
v 0.04410326108336449 -0.04290461167693138 0.010967670008540154
v 0.04487735033035278 -0.04337269067764282 0.012771300040185452
v 0.043252941220998764 -0.04041444882750511 0.016700679436326027
v 0.04235488176345825 -0.04026985168457031 0.014877020381391048
v 0.041934721171855927 -0.04040013998746872 0.012721650302410126
v 0.041135068982839584 -0.04098784178495407 -0.002949357032775879
v 0.041247010231018066 -0.04083520174026489 -0.006235301028937101
v 0.04167519882321358 -0.041323840618133545 -0.004827678203582764
v 0.03800398111343384 -0.039450038224458694 -0.0002218790032202378
v 0.03774571046233177 -0.03933537006378174 -0.005362569820135832
v 0.03863130882382393 -0.0396425686776638 -0.000404591002734378
v 0.044325049966573715 -0.042465198785066605 0.01293617021292448
v 0.04349898919463158 -0.042054951190948486 0.011119119822978973
v 0.04410326108336449 -0.04290461167693138 0.010967670008540154
v 0.04306768998503685 -0.04290485009551048 -0.005359708797186613
v 0.04373449087142944 -0.04335277900099754 -0.008033156394958496
v 0.04338334873318672 -0.04361534118652344 -0.004676163196563721
v 0.04480952024459839 -0.044357240200042725 0.010790050029754639
v 0.044192489236593246 -0.04361546039581299 0.009663105010986328
v 0.04439079016447067 -0.044357411563396454 0.008972167037427425
v 0.042343080043792725 -0.03994971141219139 0.016700200736522675
v 0.041345108300447464 -0.03996855020523071 0.013607439585030079
v 0.04235488176345825 -0.04026985168457031 0.014877020381391048
v 0.04030716046690941 -0.0403975211083889 -0.003001630073413253
v 0.040548618882894516 -0.0403975211083889 -0.00565946102142334
v 0.041135068982839584 -0.04098784178495407 -0.002949357032775879
v 0.041135068982839584 -0.04098784178495407 -0.002949357032775879
v 0.040548618882894516 -0.0403975211083889 -0.00565946102142334
v 0.041247010231018066 -0.04083520174026489 -0.006235301028937101
v 0.03800398111343384 -0.039450038224458694 -0.0002218790032202378
v 0.03706634044647217 -0.03927052021026611 -0.0006442579906433821
v 0.03774571046233177 -0.03933537006378174 -0.005362569820135832
v 0.04484641179442406 -0.04626743867993355 0.008876501582562923
v 0.0443686805665493 -0.04620742052793503 0.006193280220031738
v 0.04464012011885643 -0.04691820964217186 0.00753551721572876
v 0.04167519882321358 -0.041323840618133545 -0.004827678203582764
v 0.04213523119688034 -0.04149835929274559 -0.007010399829596281
v 0.04244868829846382 -0.04205513000488281 -0.005432248115539551
v 0.04368888959288597 -0.04167664051055908 0.013117190450429916
v 0.04349898919463158 -0.042054951190948486 0.011119119822978973
v 0.044325049966573715 -0.042465198785066605 0.01293617021292448
v 0.04410326108336449 -0.04290461167693138 0.010967670008540154
v 0.043677620589733124 -0.04290479049086571 0.009120345115661621
v 0.044192489236593246 -0.04361546039581299 0.009663105010986328
v 0.04306768998503685 -0.04290485009551048 -0.005359708797186613
v 0.043453510850667953 -0.042686641216278076 -0.008826494216918945
v 0.04373449087142944 -0.04335277900099754 -0.008033156394958496
v 0.0415802001953125 -0.03965770825743675 0.016699910163879395
v 0.040318310260772705 -0.03959852084517479 0.013316749595105648
v 0.041345108300447464 -0.03996855020523071 0.013607439585030079
v 0.04298024997115135 -0.04098939150571823 0.013341959565877914
v 0.04263991117477417 -0.04128903150558472 0.010717029683291912
v 0.04368888959288597 -0.04167664051055908 0.013117190450429916
v 0.04368888959288597 -0.04167664051055908 0.013117190450429916
v 0.04263991117477417 -0.04128903150558472 0.010717029683291912
v 0.04349898919463158 -0.042054951190948486 0.011119119822978973
v 0.04486507177352905 -0.04694753140211105 -0.00870442297309637
v 0.04525578022003174 -0.04626739025115967 -0.010675190016627312
v 0.045291900634765625 -0.046930551528930664 -0.010621479712426662
v 0.044668249785900116 -0.04622519016265869 -0.008014141581952572
v 0.04525578022003174 -0.04626739025115967 -0.010675190016627312
v 0.04486507177352905 -0.04694753140211105 -0.00870442297309637
v 0.04306768998503685 -0.04290485009551048 -0.005359708797186613
v 0.04287749156355858 -0.04205513000488281 -0.008287309668958187
v 0.043453510850667953 -0.042686641216278076 -0.008826494216918945
v 0.04244868829846382 -0.04205513000488281 -0.005432248115539551
v 0.04287749156355858 -0.04205513000488281 -0.008287309668958187
v 0.04306768998503685 -0.04290485009551048 -0.005359708797186613
v 0.0362391397356987 -0.03920489177107811 0.0005319410120137036
v 0.03677678108215332 -0.03921860083937645 -0.004766106139868498
v 0.03706634044647217 -0.03927052021026611 -0.0006442579906433821
v 0.04468894004821777 -0.04534852132201195 0.008912025950849056
v 0.044210728257894516 -0.045348700135946274 0.006169319152832031
v 0.04484641179442406 -0.04626743867993355 0.008876501582562923
v 0.04484641179442406 -0.04626743867993355 0.008876501582562923
v 0.044210728257894516 -0.045348700135946274 0.006169319152832031
v 0.0443686805665493 -0.04620742052793503 0.006193280220031738
v 0.04080640897154808 -0.039434488862752914 0.01669972948729992
v 0.040318310260772705 -0.03959852084517479 0.013316749595105648
v 0.0415802001953125 -0.03965770825743675 0.016699910163879395
v 0.03949064016342163 -0.039955731481313705 -0.003050327068194747
v 0.039736390113830566 -0.039955731481313705 -0.0057540531270205975
v 0.04030716046690941 -0.0403975211083889 -0.003001630073413253
v 0.04030716046690941 -0.0403975211083889 -0.003001630073413253
v 0.039736390113830566 -0.039955731481313705 -0.0057540531270205975
v 0.040548618882894516 -0.0403975211083889 -0.00565946102142334
v 0.04410326108336449 -0.04290461167693138 0.010967670008540154
v 0.04306792840361595 -0.04205513000488281 0.009247124195098877
v 0.043677620589733124 -0.04290479049086571 0.009120345115661621
v 0.04349898919463158 -0.042054951190948486 0.011119119822978973
v 0.04306792840361595 -0.04205513000488281 0.009247124195098877
v 0.04410326108336449 -0.04290461167693138 0.010967670008540154
v 0.03863130882382393 -0.0396425686776638 -0.000404591002734378
v 0.03774571046233177 -0.03933537006378174 -0.005362569820135832
v 0.038641031831502914 -0.03959465026855469 -0.003827989101409912
v 0.04235488176345825 -0.04026985168457031 0.014877020381391048
v 0.041345108300447464 -0.03996855020523071 0.013607439585030079
v 0.041934721171855927 -0.04040013998746872 0.012721650302410126
v 0.04080640897154808 -0.039434488862752914 0.01669972948729992
v 0.03913730010390282 -0.03933566063642502 0.012890329584479332
v 0.040318310260772705 -0.03959852084517479 0.013316749595105648
v 0.04298024997115135 -0.04098939150571823 0.013341959565877914
v 0.04209529981017113 -0.040834661573171616 0.010806379839777946
v 0.04263991117477417 -0.04128903150558472 0.010717029683291912
v 0.0443686805665493 -0.04620742052793503 0.006193280220031738
v 0.044338520616292953 -0.04672873020172119 0.005555986892431974
v 0.04464012011885643 -0.04691820964217186 0.00753551721572876
v 0.044668249785900116 -0.04622519016265869 -0.008014141581952572
v 0.04509853944182396 -0.04534810036420822 -0.010711070150136948
v 0.04525578022003174 -0.04626739025115967 -0.010675190016627312
v 0.04450618848204613 -0.04534846171736717 -0.00799095630645752
v 0.04509853944182396 -0.04534810036420822 -0.010711070150136948
v 0.044668249785900116 -0.04622519016265869 -0.008014141581952572
v 0.04468894004821777 -0.04534852132201195 0.008912025950849056
v 0.04390949010848999 -0.044357530772686005 0.00621110200881958
v 0.044210728257894516 -0.045348700135946274 0.006169319152832031
v 0.04439079016447067 -0.044357411563396454 0.008972167037427425
v 0.04390949010848999 -0.044357530772686005 0.00621110200881958
v 0.04468894004821777 -0.04534852132201195 0.008912025950849056
v 0.03957825154066086 -0.039229631423950195 0.016699910163879395
v 0.03913730010390282 -0.03933566063642502 0.012890329584479332
v 0.04080640897154808 -0.039434488862752914 0.01669972948729992
v 0.04298024997115135 -0.04098939150571823 0.013341959565877914
v 0.041934721171855927 -0.04040013998746872 0.012721650302410126
v 0.04209529981017113 -0.040834661573171616 0.010806379839777946
v 0.038641031831502914 -0.03959465026855469 -0.003827989101409912
v 0.039102669805288315 -0.039653480052948 -0.0067109460942447186
v 0.03949064016342163 -0.039955731481313705 -0.003050327068194747
v 0.03949064016342163 -0.039955731481313705 -0.003050327068194747
v 0.039102669805288315 -0.039653480052948 -0.0067109460942447186
v 0.039736390113830566 -0.039955731481313705 -0.0057540531270205975
v 0.04244868829846382 -0.04205513000488281 -0.005432248115539551
v 0.04213523119688034 -0.04149835929274559 -0.007010399829596281
v 0.04287749156355858 -0.04205513000488281 -0.008287309668958187
v 0.04373449087142944 -0.04335277900099754 -0.008033156394958496
v 0.04420948028564453 -0.04337430000305176 -0.010269640013575554
v 0.04420690983533859 -0.044357530772686005 -0.008046089671552181
v 0.04349898919463158 -0.042054951190948486 0.011119119822978973
v 0.04242599010467529 -0.04149888828396797 0.00871974229812622
v 0.04306792840361595 -0.04205513000488281 0.009247124195098877
v 0.04263991117477417 -0.04128903150558472 0.010717029683291912
v 0.04242599010467529 -0.04149888828396797 0.00871974229812622
v 0.04349898919463158 -0.042054951190948486 0.011119119822978973
v 0.03957825154066086 -0.039229631423950195 0.016699910163879395
v 0.03791980817914009 -0.0392337404191494 0.011253289878368378
v 0.03913730010390282 -0.03933566063642502 0.012890329584479332
v 0.04167519882321358 -0.041323840618133545 -0.004827678203582764
v 0.04181617125868797 -0.04100000113248825 -0.008416891098022461
v 0.04213523119688034 -0.04149835929274559 -0.007010399829596281
v 0.044192489236593246 -0.04361546039581299 0.009663105010986328
v 0.043582018464803696 -0.04361521825194359 0.006259620189666748
v 0.04439079016447067 -0.044357411563396454 0.008972167037427425
v 0.04450618848204613 -0.04534846171736717 -0.00799095630645752
v 0.044803548604249954 -0.044357240200042725 -0.010785750113427639
v 0.04509853944182396 -0.04534810036420822 -0.010711070150136948
v 0.04439079016447067 -0.044357411563396454 0.008972167037427425
v 0.043582018464803696 -0.04361521825194359 0.006259620189666748
v 0.04390949010848999 -0.044357530772686005 0.00621110200881958
v 0.04420690983533859 -0.044357530772686005 -0.008046089671552181
v 0.044803548604249954 -0.044357240200042725 -0.010785750113427639
v 0.04450618848204613 -0.04534846171736717 -0.00799095630645752
v 0.04167519882321358 -0.041323840618133545 -0.004827678203582764
v 0.041247010231018066 -0.04083520174026489 -0.006235301028937101
v 0.04181617125868797 -0.04100000113248825 -0.008416891098022461
v 0.044192489236593246 -0.04361546039581299 0.009663105010986328
v 0.04318856820464134 -0.04290502890944481 0.006314754020422697
v 0.043582018464803696 -0.04361521825194359 0.006259620189666748
v 0.043677620589733124 -0.04290479049086571 0.009120345115661621
v 0.04318856820464134 -0.04290502890944481 0.006314754020422697
v 0.044192489236593246 -0.04361546039581299 0.009663105010986328
v 0.041934721171855927 -0.04040013998746872 0.012721650302410126
v 0.04119294136762619 -0.0403975211083889 0.009632228873670101
v 0.04209529981017113 -0.040834661573171616 0.010806379839777946
v 0.040548618882894516 -0.0403975211083889 -0.00565946102142334
v 0.040994640439748764 -0.040397580713033676 -0.008631347678601742
v 0.041247010231018066 -0.04083520174026489 -0.006235301028937101
v 0.04420690983533859 -0.044357530772686005 -0.008046089671552181
v 0.04420948028564453 -0.04337430000305176 -0.010269640013575554
v 0.044803548604249954 -0.044357240200042725 -0.010785750113427639
v 0.044338520616292953 -0.04672873020172119 0.005555986892431974
v 0.04407310113310814 -0.04626739025115967 0.0033859610557556152
v 0.04412508010864258 -0.04693268984556198 0.0034347770269960165
v 0.04263991117477417 -0.04128903150558472 0.010717029683291912
v 0.04169946163892746 -0.04098844155669212 0.007851301692426205
v 0.04242599010467529 -0.04149888828396797 0.00871974229812622
v 0.03706634044647217 -0.03927052021026611 -0.0006442579906433821
v 0.03677678108215332 -0.03921860083937645 -0.004766106139868498
v 0.03774571046233177 -0.03933537006378174 -0.005362569820135832
v 0.04306792840361595 -0.04205513000488281 0.009247124195098877
v 0.042612671852111816 -0.0421026311814785 0.006420433055609465
v 0.043677620589733124 -0.04290479049086571 0.009120345115661621
v 0.043677620589733124 -0.04290479049086571 0.009120345115661621
v 0.042612671852111816 -0.0421026311814785 0.006420433055609465
v 0.04318856820464134 -0.04290502890944481 0.006314754020422697
v 0.03774571046233177 -0.03933537006378174 -0.005362569820135832
v 0.03900367021560669 -0.03954190015792847 -0.008341968059539795
v 0.038641031831502914 -0.03959465026855469 -0.003827989101409912
v 0.041345108300447464 -0.03996855020523071 0.013607439585030079
v 0.040253520011901855 -0.03995591029524803 0.009137450717389584
v 0.041934721171855927 -0.04040013998746872 0.012721650302410126
v 0.038641031831502914 -0.03959465026855469 -0.003827989101409912
v 0.03900367021560669 -0.03954190015792847 -0.008341968059539795
v 0.039102669805288315 -0.039653480052948 -0.0067109460942447186
v 0.041934721171855927 -0.04040013998746872 0.012721650302410126
v 0.040253520011901855 -0.03995591029524803 0.009137450717389584
v 0.04119294136762619 -0.0403975211083889 0.009632228873670101
v 0.0443686805665493 -0.04620742052793503 0.006193280220031738
v 0.04407310113310814 -0.04626739025115967 0.0033859610557556152
v 0.044338520616292953 -0.04672873020172119 0.005555986892431974
v 0.04209529981017113 -0.040834661573171616 0.010806379839777946
v 0.04169946163892746 -0.04098844155669212 0.007851301692426205
v 0.04263991117477417 -0.04128903150558472 0.010717029683291912
v 0.039736390113830566 -0.039955731481313705 -0.0057540531270205975
v 0.040189921855926514 -0.039955731481313705 -0.008777022361755371
v 0.040548618882894516 -0.0403975211083889 -0.00565946102142334
v 0.040548618882894516 -0.0403975211083889 -0.00565946102142334
v 0.040189921855926514 -0.039955731481313705 -0.008777022361755371
v 0.040994640439748764 -0.040397580713033676 -0.008631347678601742
v 0.04525578022003174 -0.04626739025115967 -0.010675190016627312
v 0.04598474130034447 -0.04626553878188133 -0.013257740065455437
v 0.045291900634765625 -0.046930551528930664 -0.010621479712426662
v 0.045291900634765625 -0.046930551528930664 -0.010621479712426662
v 0.04598474130034447 -0.04626553878188133 -0.013257740065455437
v 0.04600923880934715 -0.04689306020736694 -0.013179419562220573
v 0.04181617125868797 -0.04100000113248825 -0.008416891098022461
v 0.04251383990049362 -0.04131937026977539 -0.010016379877924919
v 0.04213523119688034 -0.04149835929274559 -0.007010399829596281
v 0.04213523119688034 -0.04149835929274559 -0.007010399829596281
v 0.04251383990049362 -0.04131937026977539 -0.010016379877924919
v 0.04287749156355858 -0.04205513000488281 -0.008287309668958187
v 0.0443686805665493 -0.04620742052793503 0.006193280220031738
v 0.04391247034072876 -0.04534810036420822 0.003401458030566573
v 0.04407310113310814 -0.04626739025115967 0.0033859610557556152
v 0.044210728257894516 -0.045348700135946274 0.006169319152832031
v 0.04391247034072876 -0.04534810036420822 0.003401458030566573
v 0.0443686805665493 -0.04620742052793503 0.006193280220031738
v 0.03774571046233177 -0.03933537006378174 -0.005362569820135832
v 0.03844064101576805 -0.03939443081617355 -0.0083923926576972
v 0.03900367021560669 -0.03954190015792847 -0.008341968059539795
v 0.04209529981017113 -0.040834661573171616 0.010806379839777946
v 0.04119294136762619 -0.0403975211083889 0.009632228873670101
v 0.04169946163892746 -0.04098844155669212 0.007851301692426205
v 0.041345108300447464 -0.03996855020523071 0.013607439585030079
v 0.039448320865631104 -0.03959809988737106 0.009647904895246029
v 0.040253520011901855 -0.03995591029524803 0.009137450717389584
v 0.040318310260772705 -0.03959852084517479 0.013316749595105648
v 0.039448320865631104 -0.03959809988737106 0.009647904895246029
v 0.041345108300447464 -0.03996855020523071 0.013607439585030079
v 0.037337061017751694 -0.03920530900359154 -0.010436889715492725
v 0.03677678108215332 -0.03921860083937645 -0.004766106139868498
v 0.0362391397356987 -0.03920489177107811 0.0005319410120137036
v 0.04306792840361595 -0.04205513000488281 0.009247124195098877
v 0.04242599010467529 -0.04149888828396797 0.00871974229812622
v 0.042612671852111816 -0.0421026311814785 0.006420433055609465
v 0.04373449087142944 -0.04335277900099754 -0.008033156394958496
v 0.043453510850667953 -0.042686641216278076 -0.008826494216918945
v 0.04420948028564453 -0.04337430000305176 -0.010269640013575554
v 0.041247010231018066 -0.04083520174026489 -0.006235301028937101
v 0.040994640439748764 -0.040397580713033676 -0.008631347678601742
v 0.04181617125868797 -0.04100000113248825 -0.008416891098022461
v 0.039736390113830566 -0.039955731481313705 -0.0057540531270205975
v 0.039102669805288315 -0.039653480052948 -0.0067109460942447186
v 0.040189921855926514 -0.039955731481313705 -0.008777022361755371
v 0.04525578022003174 -0.04626739025115967 -0.010675190016627312
v 0.045876920223236084 -0.04558413848280907 -0.01329118013381958
v 0.04598474130034447 -0.04626553878188133 -0.013257740065455437
v 0.044210728257894516 -0.045348700135946274 0.006169319152832031
v 0.04360926151275635 -0.044357240200042725 0.0034234519116580486
v 0.04391247034072876 -0.04534810036420822 0.003401458030566573
v 0.04390949010848999 -0.044357530772686005 0.00621110200881958
v 0.04360926151275635 -0.044357240200042725 0.0034234519116580486
v 0.044210728257894516 -0.045348700135946274 0.006169319152832031
v 0.04509853944182396 -0.04534810036420822 -0.010711070150136948
v 0.045876920223236084 -0.04558413848280907 -0.01329118013381958
v 0.04525578022003174 -0.04626739025115967 -0.010675190016627312
v 0.04287749156355858 -0.04205513000488281 -0.008287309668958187
v 0.04349184036254883 -0.04205513000488281 -0.011110959574580193
v 0.043453510850667953 -0.042686641216278076 -0.008826494216918945
v 0.04420948028564453 -0.04337430000305176 -0.010269640013575554
v 0.04495590180158615 -0.04361248016357422 -0.01263337954878807
v 0.044803548604249954 -0.044357240200042725 -0.010785750113427639
v 0.040318310260772705 -0.03959852084517479 0.013316749595105648
v 0.03913730010390282 -0.03933566063642502 0.012890329584479332
v 0.039448320865631104 -0.03959809988737106 0.009647904895246029
v 0.04509853944182396 -0.04534810036420822 -0.010711070150136948
v 0.04576534032821655 -0.045101460069417953 -0.013321040198206902
v 0.045876920223236084 -0.04558413848280907 -0.01329118013381958
v 0.04119294136762619 -0.0403975211083889 0.009632228873670101
v 0.04067682847380638 -0.04039764031767845 0.0066716670989990234
v 0.04169946163892746 -0.04098844155669212 0.007851301692426205
v 0.04242599010467529 -0.04149888828396797 0.00871974229812622
v 0.04207098111510277 -0.04167257994413376 0.005176842212677002
v 0.042612671852111816 -0.0421026311814785 0.006420433055609465
v 0.04390949010848999 -0.044357530772686005 0.00621110200881958
v 0.04315793141722679 -0.04337209090590477 0.0034601090010255575
v 0.04360926151275635 -0.044357240200042725 0.0034234519116580486
v 0.043582018464803696 -0.04361521825194359 0.006259620189666748
v 0.04315793141722679 -0.04337209090590477 0.0034601090010255575
v 0.04390949010848999 -0.044357530772686005 0.00621110200881958
v 0.04242599010467529 -0.04149888828396797 0.00871974229812622
v 0.04169946163892746 -0.04098844155669212 0.007851301692426205
v 0.04207098111510277 -0.04167257994413376 0.005176842212677002
v 0.044803548604249954 -0.044357240200042725 -0.010785750113427639
v 0.045625150203704834 -0.04462629184126854 -0.013358649797737598
v 0.04509853944182396 -0.04534810036420822 -0.010711070150136948
v 0.04509853944182396 -0.04534810036420822 -0.010711070150136948
v 0.045625150203704834 -0.04462629184126854 -0.013358649797737598
v 0.04576534032821655 -0.045101460069417953 -0.013321040198206902
v 0.04287749156355858 -0.04205513000488281 -0.008287309668958187
v 0.04251383990049362 -0.04131937026977539 -0.010016379877924919
v 0.04349184036254883 -0.04205513000488281 -0.011110959574580193
v 0.04318856820464134 -0.04290502890944481 0.006314754020422697
v 0.04315793141722679 -0.04337209090590477 0.0034601090010255575
v 0.043582018464803696 -0.04361521825194359 0.006259620189666748
v 0.03957825154066086 -0.039229631423950195 0.016699910163879395
v 0.03712689131498337 -0.03920501098036766 0.009437321685254574
v 0.03791980817914009 -0.0392337404191494 0.011253289878368378
v 0.04407310113310814 -0.04626739025115967 0.0033859610557556152
v 0.043954070657491684 -0.04626708850264549 0.0009633590234443545
v 0.04412508010864258 -0.04693268984556198 0.0034347770269960165
v 0.04412508010864258 -0.04693268984556198 0.0034347770269960165
v 0.043954070657491684 -0.04626708850264549 0.0009633590234443545
v 0.0440015085041523 -0.04692041128873825 0.0009609030093997717
v 0.04119294136762619 -0.0403975211083889 0.009632228873670101
v 0.040253520011901855 -0.03995591029524803 0.009137450717389584
v 0.04067682847380638 -0.04039764031767845 0.0066716670989990234
v 0.043453510850667953 -0.042686641216278076 -0.008826494216918945
v 0.04443037137389183 -0.042683299630880356 -0.012786559760570526
v 0.04420948028564453 -0.04337430000305176 -0.010269640013575554
v 0.03913730010390282 -0.03933566063642502 0.012890329584479332
v 0.03819065913558006 -0.039335720241069794 0.008436739444732666
v 0.039448320865631104 -0.03959809988737106 0.009647904895246029
v 0.04318856820464134 -0.04290502890944481 0.006314754020422697
v 0.04258304089307785 -0.0424649715423584 0.003505348926410079
v 0.04315793141722679 -0.04337209090590477 0.0034601090010255575
v 0.044803548604249954 -0.044357240200042725 -0.010785750113427639
v 0.04543763026595116 -0.044111598283052444 -0.013411159627139568
v 0.045625150203704834 -0.04462629184126854 -0.013358649797737598
v 0.04169946163892746 -0.04098844155669212 0.007851301692426205
v 0.04130065068602562 -0.0409880205988884 0.004922747146338224
v 0.04207098111510277 -0.04167257994413376 0.005176842212677002
v 0.039448320865631104 -0.03959809988737106 0.009647904895246029
v 0.0391499400138855 -0.039658840745687485 0.006894350051879883
v 0.040253520011901855 -0.03995591029524803 0.009137450717389584
v 0.04407310113310814 -0.04626739025115967 0.0033859610557556152
v 0.0437929593026638 -0.045347798615694046 0.0009707940043881536
v 0.043954070657491684 -0.04626708850264549 0.0009633590234443545
v 0.04391247034072876 -0.04534810036420822 0.003401458030566573
v 0.0437929593026638 -0.045347798615694046 0.0009707940043881536
v 0.04407310113310814 -0.04626739025115967 0.0033859610557556152
v 0.042612671852111816 -0.0421026311814785 0.006420433055609465
v 0.04258304089307785 -0.0424649715423584 0.003505348926410079
v 0.04318856820464134 -0.04290502890944481 0.006314754020422697
v 0.043453510850667953 -0.042686641216278076 -0.008826494216918945
v 0.04349184036254883 -0.04205513000488281 -0.011110959574580193
v 0.04443037137389183 -0.042683299630880356 -0.012786559760570526
v 0.046563319861888885 -0.0469244085252285 -0.014800130389630795
v 0.04598474130034447 -0.04626553878188133 -0.013257740065455437
v 0.04641515016555786 -0.04565662145614624 -0.014800010249018669
v 0.04600923880934715 -0.04689306020736694 -0.013179419562220573
v 0.04598474130034447 -0.04626553878188133 -0.013257740065455437
v 0.046563319861888885 -0.0469244085252285 -0.014800130389630795
v 0.03677678108215332 -0.03921860083937645 -0.004766106139868498
v 0.03780907019972801 -0.0392332598567009 -0.010619520209729671
v 0.03774571046233177 -0.03933537006378174 -0.005362569820135832
v 0.03913730010390282 -0.03933566063642502 0.012890329584479332
v 0.03791980817914009 -0.0392337404191494 0.011253289878368378
v 0.03819065913558006 -0.039335720241069794 0.008436739444732666
v 0.04181617125868797 -0.04100000113248825 -0.008416891098022461
v 0.04246466979384422 -0.04082787036895752 -0.012352339923381805
v 0.04251383990049362 -0.04131937026977539 -0.010016379877924919
v 0.042612671852111816 -0.0421026311814785 0.006420433055609465
v 0.04207098111510277 -0.04167257994413376 0.005176842212677002
v 0.04258304089307785 -0.0424649715423584 0.003505348926410079
v 0.044803548604249954 -0.044357240200042725 -0.010785750113427639
v 0.04495590180158615 -0.04361248016357422 -0.01263337954878807
v 0.04543763026595116 -0.044111598283052444 -0.013411159627139568
v 0.04169946163892746 -0.04098844155669212 0.007851301692426205
v 0.04067682847380638 -0.04039764031767845 0.0066716670989990234
v 0.04130065068602562 -0.0409880205988884 0.004922747146338224
v 0.040253520011901855 -0.03995591029524803 0.009137450717389584
v 0.039696089923381805 -0.039955731481313705 0.00544053316116333
v 0.04067682847380638 -0.04039764031767845 0.0066716670989990234
v 0.03677678108215332 -0.03921860083937645 -0.004766106139868498
v 0.037337061017751694 -0.03920530900359154 -0.010436889715492725
v 0.03780907019972801 -0.0392332598567009 -0.010619520209729671
v 0.04360926151275635 -0.044357240200042725 0.0034234519116580486
v 0.04348880052566528 -0.044357240200042725 0.0009754530037753284
v 0.04391247034072876 -0.04534810036420822 0.003401458030566573
v 0.04391247034072876 -0.04534810036420822 0.003401458030566573
v 0.04348880052566528 -0.044357240200042725 0.0009754530037753284
v 0.0437929593026638 -0.045347798615694046 0.0009707940043881536
v 0.040994640439748764 -0.040397580713033676 -0.008631347678601742
v 0.04163527116179466 -0.040397461503744125 -0.011574859730899334
v 0.04181617125868797 -0.04100000113248825 -0.008416891098022461
v 0.04181617125868797 -0.04100000113248825 -0.008416891098022461
v 0.04163527116179466 -0.040397461503744125 -0.011574859730899334
v 0.04246466979384422 -0.04082787036895752 -0.012352339923381805
v 0.03900367021560669 -0.03954190015792847 -0.008341968059539795
v 0.03996746987104416 -0.03959624841809273 -0.01202803011983633
v 0.039102669805288315 -0.039653480052948 -0.0067109460942447186
v 0.039102669805288315 -0.039653480052948 -0.0067109460942447186
v 0.03996746987104416 -0.03959624841809273 -0.01202803011983633
v 0.040189921855926514 -0.039955731481313705 -0.008777022361755371
v 0.04420948028564453 -0.04337430000305176 -0.010269640013575554
v 0.04481583088636398 -0.04312973842024803 -0.013057289645075798
v 0.04495590180158615 -0.04361248016357422 -0.01263337954878807
v 0.040253520011901855 -0.03995591029524803 0.009137450717389584
v 0.0391499400138855 -0.039658840745687485 0.006894350051879883
v 0.039696089923381805 -0.039955731481313705 0.00544053316116333
v 0.04598474130034447 -0.04626553878188133 -0.013257740065455437
v 0.045876920223236084 -0.04558413848280907 -0.01329118013381958
v 0.04641515016555786 -0.04565662145614624 -0.014800010249018669
v 0.04251383990049362 -0.04131937026977539 -0.010016379877924919
v 0.043208591639995575 -0.04130953177809715 -0.012816299684345722
v 0.04349184036254883 -0.04205513000488281 -0.011110959574580193
v 0.03712689131498337 -0.03920501098036766 0.009437321685254574
v 0.03957825154066086 -0.039229631423950195 0.016699910163879395
v 0.03363204002380371 -0.0391952283680439 0.016699910163879395
v 0.0362391397356987 -0.03920489177107811 0.0005319410120137036
v 0.03712689131498337 -0.03920501098036766 0.009437321685254574
v 0.03375285118818283 -0.039199698716402054 0.0037999150808900595
v 0.0362391397356987 -0.03920489177107811 0.0005319410120137036
v 0.03375285118818283 -0.039199698716402054 0.0037999150808900595
v 0.03359150141477585 -0.039199698716402054 0.00373339606449008
v 0.0362391397356987 -0.03920489177107811 0.0005319410120137036
v 0.03359150141477585 -0.039199698716402054 0.00373339606449008
v 0.03346711024641991 -0.039199650287628174 0.0037013289984315634
v 0.03291761130094528 -0.03920096158981323 -0.014799949713051319
v 0.037337061017751694 -0.03920530900359154 -0.010436889715492725
v 0.0362391397356987 -0.03920489177107811 0.0005319410120137036
v 0.03291761130094528 -0.03920096158981323 -0.014799949713051319
v 0.0362391397356987 -0.03920489177107811 0.0005319410120137036
v 0.03346711024641991 -0.039199650287628174 0.0037013289984315634
v 0.03868656978011131 -0.039212100207805634 -0.014799949713051319
v 0.037337061017751694 -0.03920530900359154 -0.010436889715492725
v 0.03291761130094528 -0.03920096158981323 -0.014799949713051319
v 0.03363204002380371 -0.0391952283680439 0.016699910163879395
v 0.03375285118818283 -0.039199698716402054 0.0037999150808900595
v 0.03712689131498337 -0.03920501098036766 0.009437321685254574
v -0.047405000776052475 -0.00691252900287509 -0.005299984943121672
v -0.04781800135970116 -0.0030474660452455282 0.0036999580916017294
v -0.04780608043074608 -0.003137350082397461 -0.005299984943121672
v 0.04749995097517967 0.006177306175231934 0.0036999580916017294
v 0.04749995097517967 0.006177306175231934 -0.014799949713051319
v 0.04721546173095703 0.00809550192207098 -0.014799949713051319
v -0.04736429080367088 -0.007225096225738525 0.0036999580916017294
v -0.04781800135970116 -0.0030474660452455282 0.0036999580916017294
v -0.047405000776052475 -0.00691252900287509 -0.005299984943121672
v 0.047173261642456055 0.00833797361701727 0.0036999580916017294
v 0.04749995097517967 0.006177306175231934 0.0036999580916017294
v 0.04721546173095703 0.00809550192207098 -0.014799949713051319
v 0.047173261642456055 0.00833797361701727 0.0036999580916017294
v 0.04721546173095703 0.00809550192207098 -0.014799949713051319
v 0.04638195037841797 0.012059030123054981 -0.014799949713051319
v -0.04736429080367088 -0.007225096225738525 0.0036999580916017294
v -0.04739813879132271 -0.006981610786169767 -0.014799949713051319
v -0.04652326926589012 -0.011503569781780243 -0.014799949713051319
v -0.04736429080367088 -0.007225096225738525 0.0036999580916017294
v -0.047405000776052475 -0.00691252900287509 -0.005299984943121672
v -0.04739813879132271 -0.006981610786169767 -0.014799949713051319
v 0.04661666974425316 0.011032810434699059 0.0036999580916017294
v 0.047173261642456055 0.00833797361701727 0.0036999580916017294
v 0.04638195037841797 0.012059030123054981 -0.014799949713051319
v -0.046406090259552 -0.011966999620199203 0.0036999580916017294
v -0.04736429080367088 -0.007225096225738525 0.0036999580916017294
v -0.04652326926589012 -0.011503569781780243 -0.014799949713051319
v 0.0459059402346611 0.013691780157387257 0.0036999580916017294
v 0.04661666974425316 0.011032810434699059 0.0036999580916017294
v 0.04638195037841797 0.012059030123054981 -0.014799949713051319
v 0.0459059402346611 0.013691780157387257 0.0036999580916017294
v 0.04638195037841797 0.012059030123054981 -0.014799949713051319
v 0.04469596967101097 0.017291180789470673 -0.014799949713051319
v -0.046406090259552 -0.011966999620199203 0.0036999580916017294
v -0.04652326926589012 -0.011503569781780243 -0.014799949713051319
v -0.044893860816955566 -0.016771789640188217 -0.014799949713051319
v 0.04504423961043358 0.01630491018295288 0.0036999580916017294
v 0.0459059402346611 0.013691780157387257 0.0036999580916017294
v 0.04469596967101097 0.017291180789470673 -0.014799949713051319
v -0.044726308435201645 -0.017213579267263412 0.0036999580916017294
v -0.046406090259552 -0.011966999620199203 0.0036999580916017294
v -0.044893860816955566 -0.016771789640188217 -0.014799949713051319
v 0.043461788445711136 0.020193269476294518 0.0036999580916017294
v 0.04504423961043358 0.01630491018295288 0.0036999580916017294
v 0.04469596967101097 0.017291180789470673 -0.014799949713051319
v 0.043461788445711136 0.020193269476294518 0.0036999580916017294
v 0.04469596967101097 0.017291180789470673 -0.014799949713051319
v 0.04242150858044624 0.02229606918990612 -0.014799949713051319
v -0.044726308435201645 -0.017213579267263412 0.0036999580916017294
v -0.044893860816955566 -0.016771789640188217 -0.014799949713051319
v -0.04267013072967529 -0.021817680448293686 -0.014799949713051319
v -0.04245506972074509 -0.02223270945250988 0.0036999580916017294
v -0.044726308435201645 -0.017213579267263412 0.0036999580916017294
v -0.04267013072967529 -0.021817680448293686 -0.014799949713051319
v 0.04086076840758324 0.02504240907728672 0.0036999580916017294
v 0.043461788445711136 0.020193269476294518 0.0036999580916017294
v 0.04242150858044624 0.02229606918990612 -0.014799949713051319
v 0.04086076840758324 0.02504240907728672 0.0036999580916017294
v 0.04242150858044624 0.02229606918990612 -0.014799949713051319
v 0.03958934172987938 0.02700752019882202 -0.014799949713051319
v -0.04245506972074509 -0.02223270945250988 0.0036999580916017294
v -0.04267013072967529 -0.021817680448293686 -0.014799949713051319
v -0.03988121822476387 -0.026574790477752686 -0.014799949713051319
v -0.03962332010269165 -0.02695775032043457 0.0036999580916017294
v -0.04245506972074509 -0.02223270945250988 0.0036999580916017294
v -0.03988121822476387 -0.026574790477752686 -0.014799949713051319
v 0.037720728665590286 0.029561100527644157 0.0036999580916017294
v 0.04086076840758324 0.02504240907728672 0.0036999580916017294
v 0.03958934172987938 0.02700752019882202 -0.014799949713051319
v 0.037720728665590286 0.029561100527644157 0.0036999580916017294
v 0.03958934172987938 0.02700752019882202 -0.014799949713051319
v 0.036235690116882324 0.03136347979307175 -0.014799949713051319
v -0.03962332010269165 -0.02695775032043457 0.0036999580916017294
v -0.03988121822476387 -0.026574790477752686 -0.014799949713051319
v -0.036565061658620834 -0.030979810282588005 -0.014799949713051319
v -0.03626769036054611 -0.03132683038711548 0.0036999580916017294
v -0.03962332010269165 -0.02695775032043457 0.0036999580916017294
v -0.036565061658620834 -0.030979810282588005 -0.014799949713051319
v 0.03408372029662132 0.033690210431814194 0.0036999580916017294
v 0.037720728665590286 0.029561100527644157 0.0036999580916017294
v 0.036235690116882324 0.03136347979307175 -0.014799949713051319
v 0.03408372029662132 0.033690210431814194 0.0036999580916017294
v 0.036235690116882324 0.03136347979307175 -0.014799949713051319
v 0.03240590915083885 0.03530699014663696 -0.014799949713051319
v -0.03626769036054611 -0.03132683038711548 0.0036999580916017294
v -0.036565061658620834 -0.030979810282588005 -0.014799949713051319
v -0.032763950526714325 -0.034975048154592514 -0.014799949713051319
v -0.032433148473501205 -0.03528225049376488 0.0036999580916017294
v -0.03626769036054611 -0.03132683038711548 0.0036999580916017294
v -0.032763950526714325 -0.034975048154592514 -0.014799949713051319
v 0.02999698929488659 0.03737533092498779 0.0036999580916017294
v 0.03408372029662132 0.033690210431814194 0.0036999580916017294
v 0.03240590915083885 0.03530699014663696 -0.014799949713051319
v 0.02999698929488659 0.03737533092498779 0.0036999580916017294
v 0.03240590915083885 0.03530699014663696 -0.014799949713051319
v 0.028149539604783058 0.03878545016050339 -0.014799949713051319
v -0.032433148473501205 -0.03528225049376488 0.0036999580916017294
v -0.032763950526714325 -0.034975048154592514 -0.014799949713051319
v -0.028529759496450424 -0.03850710019469261 -0.014799949713051319
v -0.028169870376586914 -0.03877102956175804 0.0036999580916017294
v -0.032433148473501205 -0.03528225049376488 0.0036999580916017294
v -0.028529759496450424 -0.03850710019469261 -0.014799949713051319
v 0.025514960289001465 0.04056721180677414 0.0036999580916017294
v 0.02999698929488659 0.03737533092498779 0.0036999580916017294
v 0.028149539604783058 0.03878545016050339 -0.014799949713051319
v 0.025514960289001465 0.04056721180677414 0.0036999580916017294
v 0.028149539604783058 0.03878545016050339 -0.014799949713051319
v 0.02352249063551426 0.04175430163741112 -0.014799949713051319
v -0.028169870376586914 -0.03877102956175804 0.0036999580916017294
v -0.028529759496450424 -0.03850710019469261 -0.014799949713051319
v -0.0239177905023098 -0.04152904823422432 -0.014799949713051319
v -0.023534530773758888 -0.0417475700378418 0.0036999580916017294
v -0.028169870376586914 -0.03877102956175804 0.0036999580916017294
v -0.0239177905023098 -0.04152904823422432 -0.014799949713051319
v 0.020696459338068962 0.043224871158599854 0.0036999580916017294
v 0.025514960289001465 0.04056721180677414 0.0036999580916017294
v 0.02352249063551426 0.04175430163741112 -0.014799949713051319
v 0.020696459338068962 0.043224871158599854 0.0036999580916017294
v 0.02352249063551426 0.04175430163741112 -0.014799949713051319
v 0.018585920333862305 0.04417330026626587 -0.014799949713051319
v -0.023534530773758888 -0.0417475700378418 0.0036999580916017294
v -0.0239177905023098 -0.04152904823422432 -0.014799949713051319
v -0.018988659605383873 -0.04400163143873215 -0.014799949713051319
v -0.01858806051313877 -0.04417264088988304 0.0036999580916017294
v -0.023534530773758888 -0.0417475700378418 0.0036999580916017294
v -0.018988659605383873 -0.04400163143873215 -0.014799949713051319
v 0.01560491044074297 0.04531252011656761 0.0036999580916017294
v 0.020696459338068962 0.043224871158599854 0.0036999580916017294
v 0.018585920333862305 0.04417330026626587 -0.014799949713051319
v 0.01560491044074297 0.04531252011656761 0.0036999580916017294
v 0.018585920333862305 0.04417330026626587 -0.014799949713051319
v 0.013405200093984604 0.04601109027862549 -0.014799949713051319
v -0.01858806051313877 -0.04417264088988304 0.0036999580916017294
v -0.018988659605383873 -0.04400163143873215 -0.014799949713051319
v -0.013808419927954674 -0.04589188098907471 -0.014799949713051319
v -0.013396020047366619 -0.04601395130157471 0.0036999580916017294
v -0.01858806051313877 -0.04417264088988304 0.0036999580916017294
v -0.013808419927954674 -0.04589188098907471 -0.014799949713051319
v 0.010307960212230682 0.046802520751953125 0.0036999580916017294
v 0.01560491044074297 0.04531252011656761 0.0036999580916017294
v 0.013405200093984604 0.04601109027862549 -0.014799949713051319
v 0.010307960212230682 0.046802520751953125 0.0036999580916017294
v 0.013405200093984604 0.04601109027862549 -0.014799949713051319
v 0.008047698996961117 0.04724371060729027 -0.014799949713051319
v -0.013396020047366619 -0.04601395130157471 0.0036999580916017294
v -0.013808419927954674 -0.04589188098907471 -0.014799949713051319
v -0.008445680141448975 -0.04717427119612694 -0.014799949713051319
v -0.00802701711654663 -0.04724729061126709 0.0036999580916017294
v -0.013396020047366619 -0.04601395130157471 0.0036999580916017294
v -0.008445680141448975 -0.04717427119612694 -0.014799949713051319
v 0.0048753018490970135 0.047675490379333496 0.0036999580916017294
v 0.010307960212230682 0.046802520751953125 0.0036999580916017294
v 0.008047698996961117 0.04724371060729027 -0.014799949713051319
v 0.0048753018490970135 0.047675490379333496 0.0036999580916017294
v 0.008047698996961117 0.04724371060729027 -0.014799949713051319
v 0.0025841589085757732 0.04785453900694847 -0.014799949713051319
v -0.00802701711654663 -0.04724729061126709 0.0036999580916017294
v -0.008445680141448975 -0.04717427119612694 -0.014799949713051319
v -0.002970755100250244 -0.04783213138580322 -0.014799949713051319
v -0.0025517339818179607 -0.047856271266937256 0.0036999580916017294
v -0.00802701711654663 -0.04724729061126709 0.0036999580916017294
v -0.002970755100250244 -0.04783213138580322 -0.014799949713051319
v -0.0006217259797267616 0.04792004078626633 0.0036999580916017294
v 0.0048753018490970135 0.047675490379333496 0.0036999580916017294
v 0.0025841589085757732 0.04785453900694847 -0.014799949713051319
v -0.0006217259797267616 0.04792004078626633 0.0036999580916017294
v 0.0025841589085757732 0.04785453900694847 -0.014799949713051319
v -0.002912818919867277 0.04783546179533005 -0.014799949713051319
v -0.0025517339818179607 -0.047856271266937256 0.0036999580916017294
v -0.002970755100250244 -0.04783213138580322 -0.014799949713051319
v 0.0025433299597352743 -0.04785649850964546 -0.014799949713051319
v 0.0029568669851869345 -0.04783271998167038 0.0036999580916017294
v -0.0025517339818179607 -0.047856271266937256 0.0036999580916017294
v 0.0025433299597352743 -0.04785649850964546 -0.014799949713051319
v -0.006110668182373047 0.047533150762319565 0.0036999580916017294
v -0.0006217259797267616 0.04792004078626633 0.0036999580916017294
v -0.002912818919867277 0.04783546179533005 -0.014799949713051319
v -0.006110668182373047 0.047533150762319565 0.0036999580916017294
v -0.002912818919867277 0.04783546179533005 -0.014799949713051319
v -0.008371949195861816 0.047187138348817825 -0.014799949713051319
v 0.0029568669851869345 -0.04783271998167038 0.0036999580916017294
v 0.0025433299597352743 -0.04785649850964546 -0.014799949713051319
v 0.006725310813635588 -0.047429848462343216 -0.014799949713051319
v 0.008426487445831299 -0.04717760905623436 0.0036999580916017294
v 0.0029568669851869345 -0.04783271998167038 0.0036999580916017294
v 0.006725310813635588 -0.047429848462343216 -0.014799949713051319
v 0.008426487445831299 -0.04717760905623436 0.0036999580916017294
v 0.006725310813635588 -0.047429848462343216 -0.014799949713051319
v 0.009443581104278564 -0.04696428030729294 -0.014799949713051319
v -0.011519010178744793 0.04651916027069092 0.0036999580916017294
v -0.006110668182373047 0.047533150762319565 0.0036999580916017294
v -0.008371949195861816 0.047187138348817825 -0.014799949713051319
v -0.011519010178744793 0.04651916027069092 0.0036999580916017294
v -0.008371949195861816 0.047187138348817825 -0.014799949713051319
v -0.013720870018005371 0.045917920768260956 -0.014799949713051319
v 0.008426487445831299 -0.04717760905623436 0.0036999580916017294
v 0.009443581104278564 -0.04696428030729294 -0.014799949713051319
v 0.012130429968237877 -0.046342961490154266 -0.014799949713051319
v 0.012387090362608433 -0.04627500846982002 0.0036999580916017294
v 0.008426487445831299 -0.04717760905623436 0.0036999580916017294
v 0.012130429968237877 -0.046342961490154266 -0.014799949713051319
v 0.012387090362608433 -0.04627500846982002 0.0036999580916017294
v 0.012130429968237877 -0.046342961490154266 -0.014799949713051319
v 0.014777420088648796 -0.04556804150342941 -0.014799949713051319
v 0.015026089735329151 -0.045486681163311005 0.0036999580916017294
v 0.012387090362608433 -0.04627500846982002 0.0036999580916017294
v 0.014777420088648796 -0.04556804150342941 -0.014799949713051319
v -0.01677541993558407 0.044892311096191406 0.0036999580916017294
v -0.011519010178744793 0.04651916027069092 0.0036999580916017294
v -0.013720870018005371 0.045917920768260956 -0.014799949713051319
v 0.015026089735329151 -0.045486681163311005 0.0036999580916017294
v 0.014777420088648796 -0.04556804150342941 -0.014799949713051319
v 0.01737523078918457 -0.04464221000671387 -0.014799949713051319
v -0.01677541993558407 0.044892311096191406 0.0036999580916017294
v -0.013720870018005371 0.045917920768260956 -0.014799949713051319
v -0.018889060243964195 0.04404466971755028 -0.014799949713051319
v 0.01761472038924694 -0.04454844817519188 0.0036999580916017294
v 0.015026089735329151 -0.045486681163311005 0.0036999580916017294
v 0.01737523078918457 -0.04464221000671387 -0.014799949713051319
v 0.01761472038924694 -0.04454844817519188 0.0036999580916017294
v 0.01737523078918457 -0.04464221000671387 -0.014799949713051319
v 0.019915219396352768 -0.04356867074966431 -0.014799949713051319
v 0.02014482021331787 -0.043462928384542465 0.0036999580916017294
v 0.01761472038924694 -0.04454844817519188 0.0036999580916017294
v 0.019915219396352768 -0.04356867074966431 -0.014799949713051319
v -0.02181077003479004 0.04267323017120361 0.0036999580916017294
v -0.01677541993558407 0.044892311096191406 0.0036999580916017294
v -0.018889060243964195 0.04404466971755028 -0.014799949713051319
v 0.02014482021331787 -0.043462928384542465 0.0036999580916017294
v 0.019915219396352768 -0.04356867074966431 -0.014799949713051319
v 0.022956550121307373 -0.04205482825636864 -0.014799949713051319
v -0.02181077003479004 0.04267323017120361 0.0036999580916017294
v -0.018889060243964195 0.04404466971755028 -0.014799949713051319
v -0.023809010162949562 0.04159175977110863 -0.014799949713051319
v 0.023261360824108124 -0.04188698157668114 0.0036999580916017294
v 0.02014482021331787 -0.043462928384542465 0.0036999580916017294
v 0.022956550121307373 -0.04205482825636864 -0.014799949713051319
v 0.023261360824108124 -0.04188698157668114 0.0036999580916017294
v 0.022956550121307373 -0.04205482825636864 -0.014799949713051319
v 0.02610844001173973 -0.04018896073102951 -0.014799949713051319
v 0.026184380054473877 -0.04014778137207031 0.0036999580916017294
v 0.023261360824108124 -0.04188698157668114 0.0036999580916017294
v 0.02610844001173973 -0.04018896073102951 -0.014799949713051319
v -0.026558389887213707 0.03989195078611374 0.0036999580916017294
v -0.02181077003479004 0.04267323017120361 0.0036999580916017294
v -0.023809010162949562 0.04159175977110863 -0.014799949713051319
v -0.026558389887213707 0.03989195078611374 0.0036999580916017294
v -0.023809010162949562 0.04159175977110863 -0.014799949713051319
v -0.02841549925506115 0.038591500371694565 -0.014799949713051319
v -0.030956199392676353 0.03658473119139671 0.0036999580916017294
v -0.026558389887213707 0.03989195078611374 0.0036999580916017294
v -0.02841549925506115 0.038591500371694565 -0.014799949713051319
v -0.030956199392676353 0.03658473119139671 0.0036999580916017294
v -0.02841549925506115 0.038591500371694565 -0.014799949713051319
v -0.03264778107404709 0.03508346900343895 -0.014799949713051319
v -0.0349460206925869 0.03279519081115723 0.0036999580916017294
v -0.030956199392676353 0.03658473119139671 0.0036999580916017294
v -0.03264778107404709 0.03508346900343895 -0.014799949713051319
v -0.0349460206925869 0.03279519081115723 0.0036999580916017294
v -0.03264778107404709 0.03508346900343895 -0.014799949713051319
v -0.03645104169845581 0.03111374005675316 -0.014799949713051319
v -0.0384746715426445 0.028573209419846535 0.0036999580916017294
v -0.0349460206925869 0.03279519081115723 0.0036999580916017294
v -0.03645104169845581 0.03111374005675316 -0.014799949713051319
v -0.0384746715426445 0.028573209419846535 0.0036999580916017294
v -0.03645104169845581 0.03111374005675316 -0.014799949713051319
v -0.03977423161268234 0.026734590530395508 -0.014799949713051319
v -0.041496630758047104 0.023974349722266197 0.0036999580916017294
v -0.0384746715426445 0.028573209419846535 0.0036999580916017294
v -0.03977423161268234 0.026734590530395508 -0.014799949713051319
v -0.041496630758047104 0.023974349722266197 0.0036999580916017294
v -0.03977423161268234 0.026734590530395508 -0.014799949713051319
v -0.04257452115416527 0.02200358919799328 -0.014799949713051319
v -0.043971240520477295 0.019059890881180763 0.0036999580916017294
v -0.041496630758047104 0.023974349722266197 0.0036999580916017294
v -0.04257452115416527 0.02200358919799328 -0.014799949713051319
v -0.043971240520477295 0.019059890881180763 0.0036999580916017294
v -0.04257452115416527 0.02200358919799328 -0.014799949713051319
v -0.04481405019760132 0.0169831495732069 -0.014799949713051319
v -0.045866191387176514 0.013894080184400082 0.0036999580916017294
v -0.043971240520477295 0.019059890881180763 0.0036999580916017294
v -0.04481405019760132 0.0169831495732069 -0.014799949713051319
v -0.045866191387176514 0.013894080184400082 0.0036999580916017294
v -0.04481405019760132 0.0169831495732069 -0.014799949713051319
v -0.04646443948149681 0.01173913013190031 -0.014799949713051319
v -0.04701799154281616 0.009218454360961914 0.0036999580916017294
v -0.045866191387176514 0.013894080184400082 0.0036999580916017294
v -0.04646443948149681 0.01173913013190031 -0.014799949713051319
v -0.04701799154281616 0.009218454360961914 0.0036999580916017294
v -0.04646443948149681 0.01173913013190031 -0.014799949713051319
v -0.04739784821867943 0.007004498969763517 -0.014799949713051319
v -0.04739975184202194 0.006902873050421476 -0.005299984943121672
v -0.04701799154281616 0.009218454360961914 0.0036999580916017294
v -0.04739784821867943 0.007004498969763517 -0.014799949713051319
v -0.04754132032394409 0.005886613857001066 0.0036999580916017294
v -0.04701799154281616 0.009218454360961914 0.0036999580916017294
v -0.04739975184202194 0.006902873050421476 -0.005299984943121672
v -0.04777019843459129 0.003810345893725753 -0.005299984943121672
v -0.04754132032394409 0.005886613857001066 0.0036999580916017294
v -0.04739975184202194 0.006902873050421476 -0.005299984943121672
v -0.047887980937957764 0.0018391009652987123 0.0036999580916017294
v -0.04754132032394409 0.005886613857001066 0.0036999580916017294
v -0.04777019843459129 0.003810345893725753 -0.005299984943121672
v -0.047887980937957764 0.0018391009652987123 0.0036999580916017294
v -0.04777019843459129 0.003810345893725753 -0.005299984943121672
v -0.04790424928069115 -0.00005325350139173679 -0.005299984943121672
v -0.04781800135970116 -0.0030474660452455282 0.0036999580916017294
v -0.04790424928069115 -0.00005325350139173679 -0.005299984943121672
v -0.04780608043074608 -0.003137350082397461 -0.005299984943121672
v -0.04781800135970116 -0.0030474660452455282 0.0036999580916017294
v -0.047887980937957764 0.0018391009652987123 0.0036999580916017294
v -0.04790424928069115 -0.00005325350139173679 -0.005299984943121672
v 0.046563319861888885 -0.0469244085252285 -0.014800130389630795
v 0.04656374081969261 -0.05119996890425682 -0.014799949713051319
v 0.04594779014587402 -0.05119996890425682 -0.012967050075531006
v 0.0457947812974453 -0.04655617102980614 0.012511779554188251
v 0.04516874998807907 -0.04653619974851608 0.010177790187299252
v 0.04515945166349411 -0.05119996890425682 0.010135999880731106
v 0.04600923880934715 -0.04689306020736694 -0.013179419562220573
v 0.046563319861888885 -0.0469244085252285 -0.014800130389630795
v 0.04594779014587402 -0.05119996890425682 -0.012967050075531006
v 0.0457947812974453 -0.04655617102980614 0.012511779554188251
v 0.04515945166349411 -0.05119996890425682 0.010135999880731106
v 0.04642552137374878 -0.05119996890425682 0.014443869702517986
v 0.04652303084731102 -0.04687594994902611 0.014713279902935028
v 0.0457947812974453 -0.04655617102980614 0.012511779554188251
v 0.04642552137374878 -0.05119996890425682 0.014443869702517986
v 0.045291900634765625 -0.046930551528930664 -0.010621479712426662
v 0.04594779014587402 -0.05119996890425682 -0.012967050075531006
v 0.045235391706228256 -0.05119996890425682 -0.010371379554271698
v 0.045291900634765625 -0.046930551528930664 -0.010621479712426662
v 0.04600923880934715 -0.04689306020736694 -0.013179419562220573
v 0.04594779014587402 -0.05119996890425682 -0.012967050075531006
v 0.04727298021316528 -0.04671967029571533 0.016703540459275246
v 0.04652303084731102 -0.04687594994902611 0.014713279902935028
v 0.04642552137374878 -0.05119996890425682 0.014443869702517986
v 0.04727298021316528 -0.04671967029571533 0.016703540459275246
v 0.04642552137374878 -0.05119996890425682 0.014443869702517986
v 0.047298308461904526 -0.05119996890425682 0.016697939485311508
v 0.04486507177352905 -0.04694753140211105 -0.00870442297309637
v 0.045235391706228256 -0.05119996890425682 -0.010371379554271698
v 0.04446125030517578 -0.05119996890425682 -0.006513059139251709
v 0.04486507177352905 -0.04694753140211105 -0.00870442297309637
v 0.045291900634765625 -0.046930551528930664 -0.010621479712426662
v 0.045235391706228256 -0.05119996890425682 -0.010371379554271698
v 0.0445135198533535 -0.04675889015197754 -0.006810963153839111
v 0.04486507177352905 -0.04694753140211105 -0.00870442297309637
v 0.04446125030517578 -0.05119996890425682 -0.006513059139251709
v 0.044147610664367676 -0.046535369008779526 -0.003882824908941984
v 0.0445135198533535 -0.04675889015197754 -0.006810963153839111
v 0.04446125030517578 -0.05119996890425682 -0.006513059139251709
v 0.044147610664367676 -0.046535369008779526 -0.003882824908941984
v 0.04446125030517578 -0.05119996890425682 -0.006513059139251709
v 0.04403537139296532 -0.05119996890425682 -0.002043246990069747
v 0.044003840535879135 -0.046553730964660645 -0.001476346980780363
v 0.044147610664367676 -0.046535369008779526 -0.003882824908941984
v 0.04403537139296532 -0.05119996890425682 -0.002043246990069747
v 0.0440015085041523 -0.04692041128873825 0.0009609030093997717
v 0.04403537139296532 -0.05119996890425682 -0.002043246990069747
v 0.0440102182328701 -0.05119996890425682 0.0011309980181977153
v 0.0440015085041523 -0.04692041128873825 0.0009609030093997717
v 0.044003840535879135 -0.046553730964660645 -0.001476346980780363
v 0.04403537139296532 -0.05119996890425682 -0.002043246990069747
v 0.04412508010864258 -0.04693268984556198 0.0034347770269960165
v 0.0440015085041523 -0.04692041128873825 0.0009609030093997717
v 0.0440102182328701 -0.05119996890425682 0.0011309980181977153
v 0.04412508010864258 -0.04693268984556198 0.0034347770269960165
v 0.0440102182328701 -0.05119996890425682 0.0011309980181977153
v 0.04426831007003784 -0.05119996890425682 0.005058168899267912
v 0.044338520616292953 -0.04672873020172119 0.005555986892431974
v 0.04412508010864258 -0.04693268984556198 0.0034347770269960165
v 0.04426831007003784 -0.05119996890425682 0.005058168899267912
v 0.04464012011885643 -0.04691820964217186 0.00753551721572876
v 0.044338520616292953 -0.04672873020172119 0.005555986892431974
v 0.04426831007003784 -0.05119996890425682 0.005058168899267912
v 0.04464012011885643 -0.04691820964217186 0.00753551721572876
v 0.04426831007003784 -0.05119996890425682 0.005058168899267912
v 0.04515945166349411 -0.05119996890425682 0.010135999880731106
v 0.04516874998807907 -0.04653619974851608 0.010177790187299252
v 0.04464012011885643 -0.04691820964217186 0.00753551721572876
v 0.04515945166349411 -0.05119996890425682 0.010135999880731106
v 0.03295302018523216 -0.03920048102736473 0.0036999580916017294
v 0.03291761130094528 -0.03920096158981323 -0.014799949713051319
v 0.03346711024641991 -0.039199650287628174 0.0037013289984315634
v 0.05973333120346069 -0.05119996890425682 -0.029698429629206657
v 0.05082780122756958 -0.05119996890425682 -0.01732861064374447
v 0.05714356154203415 -0.05119996890425682 -0.026998039335012436
v 0.05766791105270386 -0.05119996890425682 0.027585560455918312
v 0.059425950050354004 -0.05119996890425682 0.02940303087234497
v 0.05853300914168358 -0.05119996890425682 0.028507590293884277
v 0.05766791105270386 -0.05119996890425682 0.027585560455918312
v 0.060346540063619614 -0.05119996890425682 0.030270040035247803
v 0.059425950050354004 -0.05119996890425682 0.02940303087234497
v 0.06226503103971481 -0.05119996890425682 0.031917449086904526
v 0.06129318103194237 -0.05119996890425682 0.031108370050787926
v 0.060346540063619614 -0.05119996890425682 0.030270040035247803
v 0.05602473020553589 -0.05119996890425682 0.025662889704108238
v 0.05766791105270386 -0.05119996890425682 0.027585560455918312
v 0.056831348687410355 -0.05119996890425682 0.026636769995093346
v 0.05602473020553589 -0.05119996890425682 0.025662889704108238
v 0.060346540063619614 -0.05119996890425682 0.030270040035247803
v 0.05766791105270386 -0.05119996890425682 0.027585560455918312
v 0.12094339728355408 -0.05119996890425682 0.02440761961042881
v 0.06064993143081665 -0.05119996890425682 -0.030544400215148926
v 0.06159185990691185 -0.05119996890425682 -0.031362589448690414
v 0.12094339728355408 -0.05119996890425682 0.02440761961042881
v 0.05973333120346069 -0.05119996890425682 -0.029698429629206657
v 0.06064993143081665 -0.05119996890425682 -0.030544400215148926
v 0.12094339728355408 -0.05119996890425682 0.02440761961042881
v 0.052462220191955566 -0.05119996890425682 0.02044695056974888
v 0.05082780122756958 -0.05119996890425682 -0.01732861064374447
v 0.12094339728355408 -0.05119996890425682 0.02440761961042881
v 0.1176597997546196 -0.05119996890425682 0.028307080268859863
v 0.116765096783638 -0.05119996890425682 0.02921593002974987
v 0.12094339728355408 -0.05119996890425682 0.02440761961042881
v 0.11852580308914185 -0.05119996890425682 0.027370870113372803
v 0.1176597997546196 -0.05119996890425682 0.028307080268859863
v 0.12094339728355408 -0.05119996890425682 0.02440761961042881
v 0.11936219781637192 -0.05119996890425682 0.026408489793539047
v 0.11852580308914185 -0.05119996890425682 0.027370870113372803
v 0.12094339728355408 -0.05119996890425682 0.02440761961042881
v 0.12016840279102325 -0.05119996890425682 0.025420119985938072
v 0.11936219781637192 -0.05119996890425682 0.026408489793539047
v 0.12094339728355408 -0.05119996890425682 0.02440761961042881
v 0.116765096783638 -0.05119996890425682 0.02921593002974987
v 0.10977470129728317 -0.05119996890425682 0.03473984822630882
v 0.12094339728355408 -0.05119996890425682 0.02440761961042881
v 0.05082780122756958 -0.05119996890425682 -0.01732861064374447
v 0.05973333120346069 -0.05119996890425682 -0.029698429629206657
v 0.12094339728355408 -0.05119996890425682 0.02440761961042881
v 0.10977470129728317 -0.05119996890425682 0.03473984822630882
v 0.052462220191955566 -0.05119996890425682 0.02044695056974888
v 0.06456077098846436 -0.05119996890425682 -0.03363931179046631
v 0.06255822628736496 -0.05119996890425682 -0.03215146064758301
v 0.06354819983243942 -0.05119996890425682 -0.03291064128279686
v 0.06456077098846436 -0.05119996890425682 -0.03363931179046631
v 0.06159185990691185 -0.05119996890425682 -0.031362589448690414
v 0.06255822628736496 -0.05119996890425682 -0.03215146064758301
v 0.0642818808555603 -0.05119996890425682 0.033443208783864975
v 0.06326179951429367 -0.05119996890425682 0.032695770263671875
v 0.06226503103971481 -0.05119996890425682 0.031917449086904526
v 0.054503560066223145 -0.05119996890425682 0.02364313043653965
v 0.05602473020553589 -0.05119996890425682 0.025662889704108238
v 0.05524849146604538 -0.05119996890425682 0.024664700031280518
v 0.054503560066223145 -0.05119996890425682 0.02364313043653965
v 0.06226503103971481 -0.05119996890425682 0.031917449086904526
v 0.060346540063619614 -0.05119996890425682 0.030270040035247803
v 0.054503560066223145 -0.05119996890425682 0.02364313043653965
v 0.060346540063619614 -0.05119996890425682 0.030270040035247803
v 0.05602473020553589 -0.05119996890425682 0.025662889704108238
v 0.06665003299713135 -0.05119996890425682 -0.03500247001647949
v 0.06456077098846436 -0.05119996890425682 -0.03363931179046631
v 0.06559503078460693 -0.05119996890425682 -0.03433680161833763
v 0.0677248165011406 -0.05119996890425682 -0.03563565015792847
v 0.06456077098846436 -0.05119996890425682 -0.03363931179046631
v 0.06665003299713135 -0.05119996890425682 -0.03500247001647949
v 0.04642552137374878 -0.05119996890425682 0.014443869702517986
v 0.047854721546173096 -0.05119996890425682 0.01671718992292881
v 0.047298308461904526 -0.05119996890425682 0.016697939485311508
v 0.04826653003692627 -0.05119996890425682 0.016768749803304672
v 0.047854721546173096 -0.05119996890425682 0.01671718992292881
v 0.04642552137374878 -0.05119996890425682 0.014443869702517986
v 0.12432649731636047 -0.05119996890425682 0.019010180607438087
v 0.12168650329113007 -0.05119996890425682 0.02337116003036499
v 0.12094339728355408 -0.05119996890425682 0.02440761961042881
v 0.12432649731636047 -0.05119996890425682 0.019010180607438087
v 0.12239710241556168 -0.05119996890425682 0.022312339395284653
v 0.12168650329113007 -0.05119996890425682 0.02337116003036499
v 0.12432649731636047 -0.05119996890425682 0.019010180607438087
v 0.12307430058717728 -0.05119996890425682 0.02123183012008667
v 0.12239710241556168 -0.05119996890425682 0.022312339395284653
v 0.12432649731636047 -0.05119996890425682 0.019010180607438087
v 0.12371770292520523 -0.05119996890425682 0.02013074979186058
v 0.12307430058717728 -0.05119996890425682 0.02123183012008667
v 0.06638871878385544 -0.05119996890425682 0.034841831773519516
v 0.06532447785139084 -0.05119996890425682 0.03415852040052414
v 0.0642818808555603 -0.05119996890425682 0.033443208783864975
v 0.12432649731636047 -0.05119996890425682 0.019010180607438087
v 0.12094339728355408 -0.05119996890425682 0.02440761961042881
v 0.06159185990691185 -0.05119996890425682 -0.031362589448690414
v 0.06992971152067184 -0.05119996890425682 -0.036802761256694794
v 0.0677248165011406 -0.05119996890425682 -0.03563565015792847
v 0.06881839036941528 -0.05119996890425682 -0.036235980689525604
v 0.05310982093214989 -0.05119996890425682 0.021533189341425896
v 0.054503560066223145 -0.05119996890425682 0.02364313043653965
v 0.05379045009613037 -0.05119996890425682 0.02259892039000988
v 0.12543800473213196 -0.05119996890425682 0.01671499013900757
v 0.06992971152067184 -0.05119996890425682 -0.036802761256694794
v 0.07105772942304611 -0.05119996890425682 -0.037335749715566635
v 0.048672791570425034 -0.05119996890425682 0.016854340210556984
v 0.04826653003692627 -0.05119996890425682 0.016768749803304672
v 0.04642552137374878 -0.05119996890425682 0.014443869702517986
v 0.12543800473213196 -0.05119996890425682 0.01671499013900757
v 0.0677248165011406 -0.05119996890425682 -0.03563565015792847
v 0.06992971152067184 -0.05119996890425682 -0.036802761256694794
v 0.12543800473213196 -0.05119996890425682 0.01671499013900757
v 0.12432649731636047 -0.05119996890425682 0.019010180607438087
v 0.06159185990691185 -0.05119996890425682 -0.031362589448690414
v 0.12543800473213196 -0.05119996890425682 0.01671499013900757
v 0.12490010261535645 -0.05119996890425682 0.01787126064300537
v 0.12432649731636047 -0.05119996890425682 0.019010180607438087
v 0.12543800473213196 -0.05119996890425682 0.01671499013900757
v 0.06159185990691185 -0.05119996890425682 -0.031362589448690414
v 0.06456077098846436 -0.05119996890425682 -0.03363931179046631
v 0.12543800473213196 -0.05119996890425682 0.01671499013900757
v 0.06456077098846436 -0.05119996890425682 -0.03363931179046631
v 0.0677248165011406 -0.05119996890425682 -0.03563565015792847
v 0.06747347116470337 -0.05119996890425682 0.0354917012155056
v 0.06638871878385544 -0.05119996890425682 0.034841831773519516
v 0.0642818808555603 -0.05119996890425682 0.033443208783864975
v 0.052462220191955566 -0.05119996890425682 0.02044695056974888
v 0.0642818808555603 -0.05119996890425682 0.033443208783864975
v 0.06226503103971481 -0.05119996890425682 0.031917449086904526
v 0.052462220191955566 -0.05119996890425682 0.02044695056974888
v 0.06226503103971481 -0.05119996890425682 0.031917449086904526
v 0.054503560066223145 -0.05119996890425682 0.02364313043653965
v 0.052462220191955566 -0.05119996890425682 0.02044695056974888
v 0.054503560066223145 -0.05119996890425682 0.02364313043653965
v 0.05310982093214989 -0.05119996890425682 0.021533189341425896
v 0.07453172653913498 -0.05119996890425682 -0.03872472047805786
v 0.07105772942304611 -0.05119996890425682 -0.037335749715566635
v 0.07220149040222168 -0.05119996890425682 -0.03783375024795532
v 0.07453172653913498 -0.05119996890425682 -0.03872472047805786
v 0.12543800473213196 -0.05119996890425682 0.01671499013900757
v 0.07105772942304611 -0.05119996890425682 -0.037335749715566635
v 0.04907023161649704 -0.05119996890425682 0.016973009333014488
v 0.048672791570425034 -0.05119996890425682 0.016854340210556984
v 0.04642552137374878 -0.05119996890425682 0.014443869702517986
v 0.07453172653913498 -0.05119996890425682 -0.03872472047805786
v 0.12593980133533478 -0.05119996890425682 0.015542319975793362
v 0.12543800473213196 -0.05119996890425682 0.01671499013900757
v 0.07453172653913498 -0.05119996890425682 -0.03872472047805786
v 0.07220149040222168 -0.05119996890425682 -0.03783375024795532
v 0.07335978001356125 -0.05119996890425682 -0.038296811282634735
v 0.0494568906724453 -0.05119996890425682 0.017124829813838005
v 0.04907023161649704 -0.05119996890425682 0.016973009333014488
v 0.04642552137374878 -0.05119996890425682 0.014443869702517986
v 0.12722299993038177 -0.05119996890425682 0.01193976029753685
v 0.12640480697155 -0.05119996890425682 0.014355179853737354
v 0.12593980133533478 -0.05119996890425682 0.015542319975793362
v 0.12722299993038177 -0.05119996890425682 0.01193976029753685
v 0.12683269381523132 -0.05119996890425682 0.013153850100934505
v 0.12640480697155 -0.05119996890425682 0.014355179853737354
v 0.0769117996096611 -0.05119996890425682 -0.03947215899825096
v 0.07453172653913498 -0.05119996890425682 -0.03872472047805786
v 0.07571607083082199 -0.05119996890425682 -0.03911656141281128
v 0.07811783999204636 -0.05119996890425682 -0.03979098051786423
v 0.07453172653913498 -0.05119996890425682 -0.03872472047805786
v 0.0769117996096611 -0.05119996890425682 -0.03947215899825096
v 0.04642552137374878 -0.05119996890425682 0.014443869702517986
v 0.049829479306936264 -0.05119996890425682 0.01730762980878353
v 0.0494568906724453 -0.05119996890425682 0.017124829813838005
v 0.06970053166151047 -0.05119996890425682 0.03668946027755737
v 0.06857775896787643 -0.05119996890425682 0.036107588559389114
v 0.06747347116470337 -0.05119996890425682 0.0354917012155056
v 0.08178626745939255 -0.05119996890425682 -0.040526390075683594
v 0.07453172653913498 -0.05119996890425682 -0.03872472047805786
v 0.07811783999204636 -0.05119996890425682 -0.03979098051786423
v 0.08178626745939255 -0.05119996890425682 -0.040526390075683594
v 0.07933299988508224 -0.05119996890425682 -0.0400734506547451
v 0.08055620640516281 -0.05119996890425682 -0.040318310260772705
v 0.08178626745939255 -0.05119996890425682 -0.040526390075683594
v 0.07811783999204636 -0.05119996890425682 -0.03979098051786423
v 0.07933299988508224 -0.05119996890425682 -0.0400734506547451
v 0.12859900295734406 -0.05119996890425682 0.005720018874853849
v 0.12593980133533478 -0.05119996890425682 0.015542319975793362
v 0.07453172653913498 -0.05119996890425682 -0.03872472047805786
v 0.12859900295734406 -0.05119996890425682 0.005720018874853849
v 0.12722299993038177 -0.05119996890425682 0.01193976029753685
v 0.12593980133533478 -0.05119996890425682 0.015542319975793362
v 0.12859900295734406 -0.05119996890425682 0.005720018874853849
v 0.07453172653913498 -0.05119996890425682 -0.03872472047805786
v 0.08178626745939255 -0.05119996890425682 -0.040526390075683594
v 0.12859900295734406 -0.05119996890425682 0.005720018874853849
v 0.12757529318332672 -0.05119996890425682 0.010714169591665268
v 0.12722299993038177 -0.05119996890425682 0.01193976029753685
v 0.12859900295734406 -0.05119996890425682 0.005720018874853849
v 0.12788930535316467 -0.05119996890425682 0.009478211402893066
v 0.12757529318332672 -0.05119996890425682 0.010714169591665268
v 0.12859900295734406 -0.05119996890425682 0.005720018874853849
v 0.12816490232944489 -0.05119996890425682 0.008233070373535156
v 0.12788930535316467 -0.05119996890425682 0.009478211402893066
v 0.12859900295734406 -0.05119996890425682 0.005720018874853849
v 0.1284015029668808 -0.05119996890425682 0.0069799418561160564
v 0.12816490232944489 -0.05119996890425682 0.008233070373535156
v 0.04515945166349411 -0.05119996890425682 0.010135999880731106
v 0.05018550157546997 -0.05119996890425682 0.017521200701594353
v 0.049829479306936264 -0.05119996890425682 0.01730762980878353
v 0.04515945166349411 -0.05119996890425682 0.010135999880731106
v 0.049829479306936264 -0.05119996890425682 0.01730762980878353
v 0.04642552137374878 -0.05119996890425682 0.014443869702517986
v 0.07199721783399582 -0.05119996890425682 0.03774780035018921
v 0.07084070891141891 -0.05119996890425682 0.03723651170730591
v 0.06970053166151047 -0.05119996890425682 0.03668946027755737
v 0.08426254242658615 -0.05119996890425682 -0.04082930088043213
v 0.08178626745939255 -0.05119996890425682 -0.040526390075683594
v 0.08302205055952072 -0.05119996890425682 -0.040696680545806885
v 0.07199721783399582 -0.05119996890425682 0.03774780035018921
v 0.06747347116470337 -0.05119996890425682 0.0354917012155056
v 0.0642818808555603 -0.05119996890425682 0.033443208783864975
v 0.07199721783399582 -0.05119996890425682 0.03774780035018921
v 0.0642818808555603 -0.05119996890425682 0.033443208783864975
v 0.052462220191955566 -0.05119996890425682 0.02044695056974888
v 0.12887610495090485 -0.05119996890425682 0.0031849739607423544
v 0.12875719368457794 -0.05119996890425682 0.004454671870917082
v 0.12859900295734406 -0.05119996890425682 0.005720018874853849
v 0.07199721783399582 -0.05119996890425682 0.03774780035018921
v 0.06970053166151047 -0.05119996890425682 0.03668946027755737
v 0.06747347116470337 -0.05119996890425682 0.0354917012155056
v 0.1289553940296173 -0.05119996890425682 0.0019122359808534384
v 0.12887610495090485 -0.05119996890425682 0.0031849739607423544
v 0.12859900295734406 -0.05119996890425682 0.005720018874853849
v 0.08675259351730347 -0.05119996890425682 -0.0409809909760952
v 0.08426254242658615 -0.05119996890425682 -0.04082930088043213
v 0.08550643175840378 -0.05119996890425682 -0.0409240685403347
v 0.08799999207258224 -0.05119996890425682 -0.040999770164489746
v 0.08426254242658615 -0.05119996890425682 -0.04082930088043213
v 0.08675259351730347 -0.05119996890425682 -0.0409809909760952
v 0.04515945166349411 -0.05119996890425682 0.010135999880731106
v 0.05052268132567406 -0.05119996890425682 0.01776307076215744
v 0.05018550157546997 -0.05119996890425682 0.017521200701594353
v 0.12899500131607056 -0.05119996890425682 -0.0006376240053214133
v 0.12899500131607056 -0.05119996890425682 0.0006376240053214133
v 0.1289553940296173 -0.05119996890425682 0.0019122359808534384
v 0.07435476034879684 -0.05119996890425682 0.038662731647491455
v 0.07316893339157104 -0.05119996890425682 0.0382235012948513
v 0.07199721783399582 -0.05119996890425682 0.03774780035018921
v 0.089275062084198 -0.05119996890425682 -0.04098016023635864
v 0.08426254242658615 -0.05119996890425682 -0.04082930088043213
v 0.08799999207258224 -0.05119996890425682 -0.040999770164489746
v 0.1289553940296173 -0.05119996890425682 -0.0019122359808534384
v 0.1289553940296173 -0.05119996890425682 0.0019122359808534384
v 0.12859900295734406 -0.05119996890425682 0.005720018874853849
v 0.1289553940296173 -0.05119996890425682 -0.0019122359808534384
v 0.12899500131607056 -0.05119996890425682 -0.0006376240053214133
v 0.1289553940296173 -0.05119996890425682 0.0019122359808534384
v 0.09182035177946091 -0.05119996890425682 -0.040821608155965805
v 0.089275062084198 -0.05119996890425682 -0.04098016023635864
v 0.09054893255233765 -0.05119996890425682 -0.040920671075582504
v 0.09182035177946091 -0.05119996890425682 -0.040821608155965805
v 0.08426254242658615 -0.05119996890425682 -0.04082930088043213
v 0.089275062084198 -0.05119996890425682 -0.04098016023635864
v 0.12875719368457794 -0.05119996890425682 -0.004454671870917082
v 0.12887610495090485 -0.05119996890425682 -0.0031849739607423544
v 0.1289553940296173 -0.05119996890425682 -0.0019122359808534384
v 0.04426831007003784 -0.05119996890425682 0.005058168899267912
v 0.05052268132567406 -0.05119996890425682 0.01776307076215744
v 0.04515945166349411 -0.05119996890425682 0.010135999880731106
v 0.04426831007003784 -0.05119996890425682 0.005058168899267912
v 0.05083853006362915 -0.05119996890425682 0.018032550811767578
v 0.05052268132567406 -0.05119996890425682 0.01776307076215744
v 0.07798551768064499 -0.05119996890425682 0.039757899940013885
v 0.07435476034879684 -0.05119996890425682 0.038662731647491455
v 0.07199721783399582 -0.05119996890425682 0.03774780035018921
v 0.07798551768064499 -0.05119996890425682 0.039757899940013885
v 0.07555358856916428 -0.05119996890425682 0.03906511887907982
v 0.07435476034879684 -0.05119996890425682 0.038662731647491455
v 0.1284015029668808 -0.05119996890425682 -0.0069799418561160564
v 0.12859900295734406 -0.05119996890425682 0.005720018874853849
v 0.08178626745939255 -0.05119996890425682 -0.040526390075683594
v 0.07798551768064499 -0.05119996890425682 0.039757899940013885
v 0.07676421850919724 -0.05119996890425682 0.039430320262908936
v 0.07555358856916428 -0.05119996890425682 0.03906511887907982
v 0.1284015029668808 -0.05119996890425682 -0.0069799418561160564
v 0.08178626745939255 -0.05119996890425682 -0.040526390075683594
v 0.08426254242658615 -0.05119996890425682 -0.04082930088043213
v 0.1284015029668808 -0.05119996890425682 -0.0069799418561160564
v 0.12875719368457794 -0.05119996890425682 -0.004454671870917082
v 0.1289553940296173 -0.05119996890425682 -0.0019122359808534384
v 0.1284015029668808 -0.05119996890425682 -0.0069799418561160564
v 0.1289553940296173 -0.05119996890425682 -0.0019122359808534384
v 0.12859900295734406 -0.05119996890425682 0.005720018874853849
v 0.07798551768064499 -0.05119996890425682 0.039757899940013885
v 0.07199721783399582 -0.05119996890425682 0.03774780035018921
v 0.052462220191955566 -0.05119996890425682 0.02044695056974888
v 0.1284015029668808 -0.05119996890425682 -0.0069799418561160564
v 0.12859900295734406 -0.05119996890425682 -0.005720018874853849
v 0.12875719368457794 -0.05119996890425682 -0.004454671870917082
v 0.0956074520945549 -0.05119996890425682 -0.04028803110122681
v 0.09308803081512451 -0.05119996890425682 -0.04068303108215332
v 0.09435080736875534 -0.05119996890425682 -0.04050511121749878
v 0.0956074520945549 -0.05119996890425682 -0.04028803110122681
v 0.09182035177946091 -0.05119996890425682 -0.040821608155965805
v 0.09308803081512451 -0.05119996890425682 -0.04068303108215332
v 0.08045566082000732 -0.05119996890425682 0.04029988870024681
v 0.07921642065048218 -0.05119996890425682 0.040048059076070786
v 0.07798551768064499 -0.05119996890425682 0.039757899940013885
v 0.12757529318332672 -0.05119996890425682 -0.010714169591665268
v 0.12788930535316467 -0.05119996890425682 -0.009478211402893066
v 0.12816490232944489 -0.05119996890425682 -0.008233070373535156
v 0.09932833164930344 -0.05119996890425682 -0.03940391167998314
v 0.09685671329498291 -0.05119996890425682 -0.04003185033798218
v 0.09809737652540207 -0.05119996890425682 -0.03973716124892235
v 0.09932833164930344 -0.05119996890425682 -0.03940391167998314
v 0.0956074520945549 -0.05119996890425682 -0.04028803110122681
v 0.09685671329498291 -0.05119996890425682 -0.04003185033798218
v 0.04426831007003784 -0.05119996890425682 0.005058168899267912
v 0.05113101005554199 -0.05119996890425682 0.01832686923444271
v 0.05083853006362915 -0.05119996890425682 0.018032550811767578
v 0.09932833164930344 -0.05119996890425682 -0.03940391167998314
v 0.08426254242658615 -0.05119996890425682 -0.04082930088043213
v 0.09182035177946091 -0.05119996890425682 -0.040821608155965805
v 0.09932833164930344 -0.05119996890425682 -0.03940391167998314
v 0.09182035177946091 -0.05119996890425682 -0.040821608155965805
v 0.0956074520945549 -0.05119996890425682 -0.04028803110122681
v 0.12722299993038177 -0.05119996890425682 -0.01193976029753685
v 0.12757529318332672 -0.05119996890425682 -0.010714169591665268
v 0.12816490232944489 -0.05119996890425682 -0.008233070373535156
v 0.0440102182328701 -0.05119996890425682 0.0011309980181977153
v 0.05113101005554199 -0.05119996890425682 0.01832686923444271
v 0.04426831007003784 -0.05119996890425682 0.005058168899267912
v 0.10175620019435883 -0.05119996890425682 -0.0386233888566494
v 0.09932833164930344 -0.05119996890425682 -0.03940391167998314
v 0.10054829716682434 -0.05119996890425682 -0.03903234004974365
v 0.08421158045530319 -0.05119996890425682 0.040824588388204575
v 0.08170205354690552 -0.05119996890425682 0.04051315039396286
v 0.08045566082000732 -0.05119996890425682 0.04029988870024681
v 0.12640480697155 -0.05119996890425682 -0.014355179853737354
v 0.12722299993038177 -0.05119996890425682 -0.01193976029753685
v 0.12816490232944489 -0.05119996890425682 -0.008233070373535156
v 0.08421158045530319 -0.05119996890425682 0.040824588388204575
v 0.08045566082000732 -0.05119996890425682 0.04029988870024681
v 0.07798551768064499 -0.05119996890425682 0.039757899940013885
v 0.08421158045530319 -0.05119996890425682 0.040824588388204575
v 0.08295439928770065 -0.05119996890425682 0.04068809002637863
v 0.08170205354690552 -0.05119996890425682 0.04051315039396286
v 0.12640480697155 -0.05119996890425682 -0.014355179853737354
v 0.12816490232944489 -0.05119996890425682 -0.008233070373535156
v 0.1284015029668808 -0.05119996890425682 -0.0069799418561160564
v 0.12640480697155 -0.05119996890425682 -0.014355179853737354
v 0.12683269381523132 -0.05119996890425682 -0.013153850100934505
v 0.12722299993038177 -0.05119996890425682 -0.01193976029753685
v 0.10295069962739944 -0.05119996890425682 -0.03817689046263695
v 0.09932833164930344 -0.05119996890425682 -0.03940391167998314
v 0.10175620019435883 -0.05119996890425682 -0.0386233888566494
v 0.10413079708814621 -0.05119996890425682 -0.03769344091415405
v 0.09932833164930344 -0.05119996890425682 -0.03940391167998314
v 0.10295069962739944 -0.05119996890425682 -0.03817689046263695
v 0.12543800473213196 -0.05119996890425682 -0.01671499013900757
v 0.12593980133533478 -0.05119996890425682 -0.015542319975793362
v 0.12640480697155 -0.05119996890425682 -0.014355179853737354
v 0.12490010261535645 -0.05119996890425682 -0.01787126064300537
v 0.12640480697155 -0.05119996890425682 -0.014355179853737354
v 0.1284015029668808 -0.05119996890425682 -0.0069799418561160564
v 0.12490010261535645 -0.05119996890425682 -0.01787126064300537
v 0.12543800473213196 -0.05119996890425682 -0.01671499013900757
v 0.12640480697155 -0.05119996890425682 -0.014355179853737354
v 0.12490010261535645 -0.05119996890425682 -0.01787126064300537
v 0.1284015029668808 -0.05119996890425682 -0.0069799418561160564
v 0.08426254242658615 -0.05119996890425682 -0.04082930088043213
v 0.08799999207258224 -0.05119996890425682 0.040999770164489746
v 0.08547239750623703 -0.05119996890425682 0.04092174023389816
v 0.08421158045530319 -0.05119996890425682 0.040824588388204575
v 0.08799999207258224 -0.05119996890425682 0.040999770164489746
v 0.08673559874296188 -0.05119996890425682 0.04098020866513252
v 0.08547239750623703 -0.05119996890425682 0.04092174023389816
v 0.10757280141115189 -0.05119996890425682 -0.03602616861462593
v 0.10529520362615585 -0.05119996890425682 -0.03717339038848877
v 0.10644300282001495 -0.05119996890425682 -0.036617450416088104
v 0.12307430058717728 -0.05119996890425682 -0.02123183012008667
v 0.12432649731636047 -0.05119996890425682 -0.019010180607438087
v 0.12490010261535645 -0.05119996890425682 -0.01787126064300537
v 0.12307430058717728 -0.05119996890425682 -0.02123183012008667
v 0.12371770292520523 -0.05119996890425682 -0.02013074979186058
v 0.12432649731636047 -0.05119996890425682 -0.019010180607438087
v 0.09054893255233765 -0.05119996890425682 0.040920671075582504
v 0.089275062084198 -0.05119996890425682 0.04098016023635864
v 0.08799999207258224 -0.05119996890425682 0.040999770164489746
v 0.09054893255233765 -0.05119996890425682 0.040920671075582504
v 0.08799999207258224 -0.05119996890425682 0.040999770164489746
v 0.08421158045530319 -0.05119996890425682 0.040824588388204575
v 0.12239710241556168 -0.05119996890425682 -0.022312339395284653
v 0.12307430058717728 -0.05119996890425682 -0.02123183012008667
v 0.12490010261535645 -0.05119996890425682 -0.01787126064300537
v 0.12168650329113007 -0.05119996890425682 -0.02337116003036499
v 0.12239710241556168 -0.05119996890425682 -0.022312339395284653
v 0.12490010261535645 -0.05119996890425682 -0.01787126064300537
v 0.11189240217208862 -0.05119996890425682 -0.033318690955638885
v 0.10977470129728317 -0.05119996890425682 -0.03473984822630882
v 0.11084459722042084 -0.05119996890425682 -0.03404587134718895
v 0.09308803081512451 -0.05119996890425682 0.04068303108215332
v 0.09182035177946091 -0.05119996890425682 0.040821608155965805
v 0.09054893255233765 -0.05119996890425682 0.040920671075582504
v 0.11291699856519699 -0.05119996890425682 -0.03255980834364891
v 0.10868380218744278 -0.05119996890425682 -0.03540027141571045
v 0.10977470129728317 -0.05119996890425682 -0.03473984822630882
v 0.11291699856519699 -0.05119996890425682 -0.03255980834364891
v 0.10757280141115189 -0.05119996890425682 -0.03602616861462593
v 0.10868380218744278 -0.05119996890425682 -0.03540027141571045
v 0.11291699856519699 -0.05119996890425682 -0.03255980834364891
v 0.10413079708814621 -0.05119996890425682 -0.03769344091415405
v 0.10529520362615585 -0.05119996890425682 -0.03717339038848877
v 0.11291699856519699 -0.05119996890425682 -0.03255980834364891
v 0.09932833164930344 -0.05119996890425682 -0.03940391167998314
v 0.10413079708814621 -0.05119996890425682 -0.03769344091415405
v 0.11291699856519699 -0.05119996890425682 -0.03255980834364891
v 0.10529520362615585 -0.05119996890425682 -0.03717339038848877
v 0.10757280141115189 -0.05119996890425682 -0.03602616861462593
v 0.11291699856519699 -0.05119996890425682 -0.03255980834364891
v 0.10977470129728317 -0.05119996890425682 -0.03473984822630882
v 0.11189240217208862 -0.05119996890425682 -0.033318690955638885
v 0.11936219781637192 -0.05119996890425682 -0.026408489793539047
v 0.12016840279102325 -0.05119996890425682 -0.025420119985938072
v 0.12094339728355408 -0.05119996890425682 -0.02440761961042881
v 0.1148931011557579 -0.05119996890425682 -0.030947739258408546
v 0.11291699856519699 -0.05119996890425682 -0.03255980834364891
v 0.11391759663820267 -0.05119996890425682 -0.03176885098218918
v 0.09685671329498291 -0.05119996890425682 0.04003185033798218
v 0.0956074520945549 -0.05119996890425682 0.04028803110122681
v 0.09435080736875534 -0.05119996890425682 0.04050511121749878
v 0.11852580308914185 -0.05119996890425682 -0.027370870113372803
v 0.11936219781637192 -0.05119996890425682 -0.026408489793539047
v 0.12094339728355408 -0.05119996890425682 -0.02440761961042881
v 0.11584249883890152 -0.05119996890425682 -0.030096350237727165
v 0.11291699856519699 -0.05119996890425682 -0.03255980834364891
v 0.1148931011557579 -0.05119996890425682 -0.030947739258408546
v 0.1176597997546196 -0.05119996890425682 -0.028307080268859863
v 0.12168650329113007 -0.05119996890425682 -0.02337116003036499
v 0.12490010261535645 -0.05119996890425682 -0.01787126064300537
v 0.09809737652540207 -0.05119996890425682 0.03973716124892235
v 0.09685671329498291 -0.05119996890425682 0.04003185033798218
v 0.09435080736875534 -0.05119996890425682 0.04050511121749878
v 0.1176597997546196 -0.05119996890425682 -0.028307080268859863
v 0.11852580308914185 -0.05119996890425682 -0.027370870113372803
v 0.12094339728355408 -0.05119996890425682 -0.02440761961042881
v 0.1176597997546196 -0.05119996890425682 -0.028307080268859863
v 0.12094339728355408 -0.05119996890425682 -0.02440761961042881
v 0.12168650329113007 -0.05119996890425682 -0.02337116003036499
v 0.116765096783638 -0.05119996890425682 -0.02921593002974987
v 0.08426254242658615 -0.05119996890425682 -0.04082930088043213
v 0.09932833164930344 -0.05119996890425682 -0.03940391167998314
v 0.116765096783638 -0.05119996890425682 -0.02921593002974987
v 0.09932833164930344 -0.05119996890425682 -0.03940391167998314
v 0.11291699856519699 -0.05119996890425682 -0.03255980834364891
v 0.116765096783638 -0.05119996890425682 -0.02921593002974987
v 0.12490010261535645 -0.05119996890425682 -0.01787126064300537
v 0.08426254242658615 -0.05119996890425682 -0.04082930088043213
v 0.116765096783638 -0.05119996890425682 -0.02921593002974987
v 0.1176597997546196 -0.05119996890425682 -0.028307080268859863
v 0.12490010261535645 -0.05119996890425682 -0.01787126064300537
v 0.116765096783638 -0.05119996890425682 -0.02921593002974987
v 0.11291699856519699 -0.05119996890425682 -0.03255980834364891
v 0.11584249883890152 -0.05119996890425682 -0.030096350237727165
v 0.10054829716682434 -0.05119996890425682 0.03903234004974365
v 0.09932833164930344 -0.05119996890425682 0.03940391167998314
v 0.09809737652540207 -0.05119996890425682 0.03973716124892235
v 0.046989381313323975 -0.05119996890425682 -0.014825340360403061
v 0.04594779014587402 -0.05119996890425682 -0.012967050075531006
v 0.04656374081969261 -0.05119996890425682 -0.014799949713051319
v 0.04741125926375389 -0.05119996890425682 -0.01488666981458664
v 0.04594779014587402 -0.05119996890425682 -0.012967050075531006
v 0.046989381313323975 -0.05119996890425682 -0.014825340360403061
v 0.047826290130615234 -0.05119996890425682 -0.014984190464019775
v 0.04594779014587402 -0.05119996890425682 -0.012967050075531006
v 0.04741125926375389 -0.05119996890425682 -0.01488666981458664
v 0.10175620019435883 -0.05119996890425682 0.0386233888566494
v 0.10054829716682434 -0.05119996890425682 0.03903234004974365
v 0.09809737652540207 -0.05119996890425682 0.03973716124892235
v 0.10175620019435883 -0.05119996890425682 0.0386233888566494
v 0.09809737652540207 -0.05119996890425682 0.03973716124892235
v 0.09435080736875534 -0.05119996890425682 0.04050511121749878
v 0.04823172092437744 -0.05119996890425682 -0.015116509981453419
v 0.04594779014587402 -0.05119996890425682 -0.012967050075531006
v 0.047826290130615234 -0.05119996890425682 -0.014984190464019775
v 0.048624031245708466 -0.05119996890425682 -0.015282750129699707
v 0.04594779014587402 -0.05119996890425682 -0.012967050075531006
v 0.04823172092437744 -0.05119996890425682 -0.015116509981453419
v 0.048624031245708466 -0.05119996890425682 -0.015282750129699707
v 0.045235391706228256 -0.05119996890425682 -0.010371379554271698
v 0.04594779014587402 -0.05119996890425682 -0.012967050075531006
v 0.04900103062391281 -0.05119996890425682 -0.015481820330023766
v 0.045235391706228256 -0.05119996890425682 -0.010371379554271698
v 0.048624031245708466 -0.05119996890425682 -0.015282750129699707
v 0.04935967177152634 -0.05119996890425682 -0.015712440013885498
v 0.045235391706228256 -0.05119996890425682 -0.010371379554271698
v 0.04900103062391281 -0.05119996890425682 -0.015481820330023766
v 0.04935967177152634 -0.05119996890425682 -0.015712440013885498
v 0.04446125030517578 -0.05119996890425682 -0.006513059139251709
v 0.045235391706228256 -0.05119996890425682 -0.010371379554271698
v 0.049697328358888626 -0.05119996890425682 -0.015972910448908806
v 0.04446125030517578 -0.05119996890425682 -0.006513059139251709
v 0.04935967177152634 -0.05119996890425682 -0.015712440013885498
v 0.05001186951994896 -0.05119996890425682 -0.016261039301753044
v 0.04446125030517578 -0.05119996890425682 -0.006513059139251709
v 0.049697328358888626 -0.05119996890425682 -0.015972910448908806
v 0.05001186951994896 -0.05119996890425682 -0.016261039301753044
v 0.04403537139296532 -0.05119996890425682 -0.002043246990069747
v 0.04446125030517578 -0.05119996890425682 -0.006513059139251709
v 0.05030030012130737 -0.05119996890425682 -0.01657480001449585
v 0.04403537139296532 -0.05119996890425682 -0.002043246990069747
v 0.05001186951994896 -0.05119996890425682 -0.016261039301753044
v 0.05030030012130737 -0.05119996890425682 -0.01657480001449585
v 0.05113101005554199 -0.05119996890425682 0.01832686923444271
v 0.0440102182328701 -0.05119996890425682 0.0011309980181977153
v 0.05030030012130737 -0.05119996890425682 -0.01657480001449585
v 0.0440102182328701 -0.05119996890425682 0.0011309980181977153
v 0.04403537139296532 -0.05119996890425682 -0.002043246990069747
v 0.05056113004684448 -0.05119996890425682 -0.016912220045924187
v 0.05113101005554199 -0.05119996890425682 0.01832686923444271
v 0.05030030012130737 -0.05119996890425682 -0.01657480001449585
v 0.05056113004684448 -0.05119996890425682 -0.016912220045924187
v 0.051397860050201416 -0.05119996890425682 0.018644750118255615
v 0.05113101005554199 -0.05119996890425682 0.01832686923444271
v 0.05082780122756958 -0.05119996890425682 -0.01732861064374447
v 0.051397860050201416 -0.05119996890425682 0.018644750118255615
v 0.05056113004684448 -0.05119996890425682 -0.016912220045924187
v 0.05082780122756958 -0.05119996890425682 -0.01732861064374447
v 0.051673710346221924 -0.05119996890425682 0.019037479534745216
v 0.051397860050201416 -0.05119996890425682 0.018644750118255615
v 0.10529520362615585 -0.05119996890425682 0.03717339038848877
v 0.10295069962739944 -0.05119996890425682 0.03817689046263695
v 0.10175620019435883 -0.05119996890425682 0.0386233888566494
v 0.10529520362615585 -0.05119996890425682 0.03717339038848877
v 0.10413079708814621 -0.05119996890425682 0.03769344091415405
v 0.10295069962739944 -0.05119996890425682 0.03817689046263695
v 0.05082780122756958 -0.05119996890425682 -0.01732861064374447
v 0.052462220191955566 -0.05119996890425682 0.02044695056974888
v 0.051673710346221924 -0.05119996890425682 0.019037479534745216
v 0.05213373154401779 -0.05119996890425682 -0.01986527070403099
v 0.05082780122756958 -0.05119996890425682 -0.01732861064374447
v 0.051545970141887665 -0.05119996890425682 -0.018764909356832504
v 0.05275470018386841 -0.05119996890425682 -0.020946970209479332
v 0.05082780122756958 -0.05119996890425682 -0.01732861064374447
v 0.05213373154401779 -0.05119996890425682 -0.01986527070403099
v 0.10977470129728317 -0.05119996890425682 0.03473984822630882
v 0.07798551768064499 -0.05119996890425682 0.039757899940013885
v 0.052462220191955566 -0.05119996890425682 0.02044695056974888
v 0.10977470129728317 -0.05119996890425682 0.03473984822630882
v 0.10529520362615585 -0.05119996890425682 0.03717339038848877
v 0.10175620019435883 -0.05119996890425682 0.0386233888566494
v 0.10977470129728317 -0.05119996890425682 0.03473984822630882
v 0.09435080736875534 -0.05119996890425682 0.04050511121749878
v 0.09308803081512451 -0.05119996890425682 0.04068303108215332
v 0.10977470129728317 -0.05119996890425682 0.03473984822630882
v 0.08421158045530319 -0.05119996890425682 0.040824588388204575
v 0.07798551768064499 -0.05119996890425682 0.039757899940013885
v 0.10977470129728317 -0.05119996890425682 0.03473984822630882
v 0.10644300282001495 -0.05119996890425682 0.036617450416088104
v 0.10529520362615585 -0.05119996890425682 0.03717339038848877
v 0.10977470129728317 -0.05119996890425682 0.03473984822630882
v 0.10757280141115189 -0.05119996890425682 0.03602616861462593
v 0.10644300282001495 -0.05119996890425682 0.036617450416088104
v 0.10977470129728317 -0.05119996890425682 0.03473984822630882
v 0.10868380218744278 -0.05119996890425682 0.03540027141571045
v 0.10757280141115189 -0.05119996890425682 0.03602616861462593
v 0.10977470129728317 -0.05119996890425682 0.03473984822630882
v 0.09308803081512451 -0.05119996890425682 0.04068303108215332
v 0.09054893255233765 -0.05119996890425682 0.040920671075582504
v 0.10977470129728317 -0.05119996890425682 0.03473984822630882
v 0.09054893255233765 -0.05119996890425682 0.040920671075582504
v 0.08421158045530319 -0.05119996890425682 0.040824588388204575
v 0.10977470129728317 -0.05119996890425682 0.03473984822630882
v 0.10175620019435883 -0.05119996890425682 0.0386233888566494
v 0.09435080736875534 -0.05119996890425682 0.04050511121749878
v 0.053408559411764145 -0.05119996890425682 -0.022009730339050293
v 0.05082780122756958 -0.05119996890425682 -0.01732861064374447
v 0.05275470018386841 -0.05119996890425682 -0.020946970209479332
v 0.11189240217208862 -0.05119996890425682 0.033318690955638885
v 0.11084459722042084 -0.05119996890425682 0.03404587134718895
v 0.10977470129728317 -0.05119996890425682 0.03473984822630882
v 0.05481112003326416 -0.05119996890425682 -0.024072879925370216
v 0.053408559411764145 -0.05119996890425682 -0.022009730339050293
v 0.05409419164061546 -0.05119996890425682 -0.023051729425787926
v 0.05481112003326416 -0.05119996890425682 -0.024072879925370216
v 0.05082780122756958 -0.05119996890425682 -0.01732861064374447
v 0.053408559411764145 -0.05119996890425682 -0.022009730339050293
v 0.11291699856519699 -0.05119996890425682 0.03255980834364891
v 0.11189240217208862 -0.05119996890425682 0.033318690955638885
v 0.10977470129728317 -0.05119996890425682 0.03473984822630882
v 0.05633670091629028 -0.05119996890425682 -0.026046810671687126
v 0.05481112003326416 -0.05119996890425682 -0.024072879925370216
v 0.055558860301971436 -0.05119996890425682 -0.025071440264582634
v 0.1148931011557579 -0.05119996890425682 0.030947739258408546
v 0.11391759663820267 -0.05119996890425682 0.03176885098218918
v 0.11291699856519699 -0.05119996890425682 0.03255980834364891
v 0.05714356154203415 -0.05119996890425682 -0.026998039335012436
v 0.05082780122756958 -0.05119996890425682 -0.01732861064374447
v 0.05481112003326416 -0.05119996890425682 -0.024072879925370216
v 0.05714356154203415 -0.05119996890425682 -0.026998039335012436
v 0.05481112003326416 -0.05119996890425682 -0.024072879925370216
v 0.05633670091629028 -0.05119996890425682 -0.026046810671687126
v 0.116765096783638 -0.05119996890425682 0.02921593002974987
v 0.11584249883890152 -0.05119996890425682 0.030096350237727165
v 0.1148931011557579 -0.05119996890425682 0.030947739258408546
v 0.116765096783638 -0.05119996890425682 0.02921593002974987
v 0.11291699856519699 -0.05119996890425682 0.03255980834364891
v 0.10977470129728317 -0.05119996890425682 0.03473984822630882
v 0.116765096783638 -0.05119996890425682 0.02921593002974987
v 0.1148931011557579 -0.05119996890425682 0.030947739258408546
v 0.11291699856519699 -0.05119996890425682 0.03255980834364891
v 0.05973333120346069 -0.05119996890425682 -0.029698429629206657
v 0.057979460805654526 -0.05119996890425682 -0.027924180030822754
v 0.058842651546001434 -0.05119996890425682 -0.028824439272284508
v 0.05973333120346069 -0.05119996890425682 -0.029698429629206657
v 0.05714356154203415 -0.05119996890425682 -0.026998039335012436
v 0.057979460805654526 -0.05119996890425682 -0.027924180030822754
v -0.047405000776052475 -0.00691252900287509 -0.005299984943121672
v -0.04739975184202194 -0.0009999870089814067 -0.009799957275390625
v -0.04739813879132271 -0.006981610786169767 -0.014799949713051319
v -0.047405000776052475 -0.00691252900287509 -0.005299984943121672
v -0.04739975184202194 0.0009999870089814067 -0.009799957275390625
v -0.04739975184202194 -0.0009999870089814067 -0.009799957275390625
v -0.047405000776052475 -0.00691252900287509 -0.005299984943121672
v -0.04739975184202194 0.006902873050421476 -0.005299984943121672
v -0.04739975184202194 0.0009999870089814067 -0.009799957275390625
v -0.04739975184202194 -0.0009999870089814067 -0.009799957275390625
v -0.04739975184202194 0 -0.012799729593098164
v -0.04739813879132271 -0.006981610786169767 -0.014799949713051319
v -0.04739975184202194 0.0009999870089814067 -0.009799957275390625
v -0.04739784821867943 0.007004498969763517 -0.014799949713051319
v -0.04739975184202194 0 -0.012799729593098164
v -0.04739975184202194 0.006902873050421476 -0.005299984943121672
v -0.04739784821867943 0.007004498969763517 -0.014799949713051319
v -0.04739975184202194 0.0009999870089814067 -0.009799957275390625
v -0.04739975184202194 0 -0.012799729593098164
v -0.04739784821867943 0.007004498969763517 -0.014799949713051319
v -0.04739813879132271 -0.006981610786169767 -0.014799949713051319
v -0.047889530658721924 -0.0009999870089814067 -0.009799957275390625
v -0.04789865016937256 0.0009997040033340454 -0.009800015948712826
v -0.04789996147155762 0 -0.012799729593098164
v -0.04789865016937256 0.0009997040033340454 -0.009800015948712826
v -0.04739975184202194 0 -0.012799729593098164
v -0.04789996147155762 0 -0.012799729593098164
v -0.04739975184202194 0.0009999870089814067 -0.009799957275390625
v -0.04739975184202194 0 -0.012799729593098164
v -0.04789865016937256 0.0009997040033340454 -0.009800015948712826
v -0.04789865016937256 0.0009997040033340454 -0.009800015948712826
v -0.047889530658721924 -0.0009999870089814067 -0.009799957275390625
v -0.04739975184202194 -0.0009999870089814067 -0.009799957275390625
v -0.04739975184202194 0.0009999870089814067 -0.009799957275390625
v -0.04789865016937256 0.0009997040033340454 -0.009800015948712826
v -0.04739975184202194 -0.0009999870089814067 -0.009799957275390625
v -0.04739975184202194 0.006902873050421476 -0.005299984943121672
v -0.047405000776052475 -0.00691252900287509 -0.005299984943121672
v -0.04780608043074608 -0.003137350082397461 -0.005299984943121672
v -0.04739975184202194 0.006902873050421476 -0.005299984943121672
v -0.04780608043074608 -0.003137350082397461 -0.005299984943121672
v -0.04790424928069115 -0.00005325350139173679 -0.005299984943121672
v -0.04739975184202194 0.006902873050421476 -0.005299984943121672
v -0.04790424928069115 -0.00005325350139173679 -0.005299984943121672
v -0.04777019843459129 0.003810345893725753 -0.005299984943121672
v -0.04739975184202194 0 -0.012799729593098164
v -0.04739975184202194 -0.0009999870089814067 -0.009799957275390625
v -0.047889530658721924 -0.0009999870089814067 -0.009799957275390625
v -0.04739975184202194 0 -0.012799729593098164
v -0.047889530658721924 -0.0009999870089814067 -0.009799957275390625
v -0.04789996147155762 0 -0.012799729593098164
v 0.03291761130094528 -0.03920096158981323 -0.014799949713051319
v 0.03295302018523216 -0.03920048102736473 0.0036999580916017294
v 0.03167103976011276 -0.03901755064725876 -0.014799949713051319
v 0.03295302018523216 -0.03920048102736473 0.0036999580916017294
v 0.03150022029876709 -0.03901350125670433 0.0036999580916017294
v 0.03167103976011276 -0.03901755064725876 -0.014799949713051319
v 0.03167103976011276 -0.03901755064725876 -0.014799949713051319
v 0.03003031015396118 -0.03902614116668701 0.0036999580916017294
v 0.029573610052466393 -0.039065420627593994 -0.014799949713051319
v 0.03150022029876709 -0.03901350125670433 0.0036999580916017294
v 0.03003031015396118 -0.03902614116668701 0.0036999580916017294
v 0.03167103976011276 -0.03901755064725876 -0.014799949713051319
v 0.03003031015396118 -0.03902614116668701 0.0036999580916017294
v 0.027986759319901466 -0.03940320014953613 0.0036999580916017294
v 0.029573610052466393 -0.039065420627593994 -0.014799949713051319
v 0.029573610052466393 -0.039065420627593994 -0.014799949713051319
v 0.027986759319901466 -0.03940320014953613 0.0036999580916017294
v 0.027553429827094078 -0.039553578943014145 -0.014799949713051319
v 0.027553429827094078 -0.039553578943014145 -0.014799949713051319
v 0.026184380054473877 -0.04014778137207031 0.0036999580916017294
v 0.02610844001173973 -0.04018896073102951 -0.014799949713051319
v 0.027986759319901466 -0.03940320014953613 0.0036999580916017294
v 0.026184380054473877 -0.04014778137207031 0.0036999580916017294
v 0.027553429827094078 -0.039553578943014145 -0.014799949713051319
v 0.03330814093351364 -0.03895974159240723 0.016699910163879395
v 0.03325306996703148 -0.038699980825185776 0.016699910163879395
v 0.033225949853658676 -0.03870344161987305 0.0037999150808900595
v 0.03330814093351364 -0.03895974159240723 0.016699910163879395
v 0.033225949853658676 -0.03870344161987305 0.0037999150808900595
v 0.033480461686849594 -0.03913366049528122 0.0037999150808900595
v 0.03363204002380371 -0.0391952283680439 0.016699910163879395
v 0.03330814093351364 -0.03895974159240723 0.016699910163879395
v 0.033480461686849594 -0.03913366049528122 0.0037999150808900595
v 0.03363204002380371 -0.0391952283680439 0.016699910163879395
v 0.033480461686849594 -0.03913366049528122 0.0037999150808900595
v 0.03375285118818283 -0.039199698716402054 0.0037999150808900595
vn 0 0 -1
vn 0 0 -1
vn 0 0 -1
vn 0 0 -1
vn 0 0 -1
vn 0 0 -1
vn 0 0 -1
vn 0 0 -1
vn 0 0 -1
vn 0 0 -1
vn 0 0 -1
vn 0 0 -1
vn 0 0 -1
vn 0 0 -1
vn 0 0 -1
vn 0 0 -1
vn 0 0 -1
vn 0 0 -1
vn -4.2709899616962244e-7 0 -0.9999999999999087
vn -4.2709899616962244e-7 0 -0.9999999999999087
vn -4.2709899616962244e-7 0 -0.9999999999999087
vn 4.804369950761056e-7 0 -0.9999999999998845
vn 4.804369950761056e-7 0 -0.9999999999998845
vn 4.804369950761056e-7 0 -0.9999999999998845
vn 0 -0.0001114510007382114 -0.9999999937893371
vn 0 -0.0001114510007382114 -0.9999999937893371
vn 0 -0.0001114510007382114 -0.9999999937893371
vn -7.109010198290002e-7 0 -0.9999999999997473
vn -7.109010198290002e-7 0 -0.9999999999997473
vn -7.109010198290002e-7 0 -0.9999999999997473
vn 0 0 -1
vn 0 0 -1
vn 0 0 -1
vn 0 0 -1
vn 0 0 -1
vn 0 0 -1
vn 0.00005101320102835454 0.000089822402035762 -0.9999999946647946
vn 0.00005101320102835454 0.000089822402035762 -0.9999999946647946
vn 0.00005101320102835454 0.000089822402035762 -0.9999999946647946
vn 0.0000013797999827134443 0 -0.9999999999990481
vn 0.0000013797999827134443 0 -0.9999999999990481
vn 0.0000013797999827134443 0 -0.9999999999990481
vn -0.0005906929626271507 -0.0007210199713834483 -0.9999995656059181
vn -0.0005906929626271507 -0.0007210199713834483 -0.9999995656059181
vn -0.0005906929626271507 -0.0007210199713834483 -0.9999995656059181
vn 0 0 -1
vn 0 0 -1
vn 0 0 -1
vn 0 0 -1
vn 0 0 -1
vn 0 0 -1
vn 0.0000014879799437023294 0 -0.9999999999988931
vn 0.0000014879799437023294 0 -0.9999999999988931
vn 0.0000014879799437023294 0 -0.9999999999988931
vn 0.0001952129923683609 0.00009199719865554932 -0.9999999767142013
vn 0.0001952129923683609 0.00009199719865554932 -0.9999999767142013
vn 0.0001952129923683609 0.00009199719865554932 -0.9999999767142013
vn -0.0000015776899999744646 0 -0.9999999999987554
vn -0.0000015776899999744646 0 -0.9999999999987554
vn -0.0000015776899999744646 0 -0.9999999999987554
vn 0 0 -1
vn 0 0 -1
vn 0 0 -1
vn 0 0 -1
vn 0 0 -1
vn 0 0 -1
vn 0 0 -1
vn 0 0 -1
vn 0 0 -1
vn 0 0 -1
vn 0 0 -1
vn 0 0 -1
vn 0 0 -1
vn 0 0 -1
vn 0 0 -1
vn 2.7424599124968946e-7 0 -0.9999999999999625
vn 2.7424599124968946e-7 0 -0.9999999999999625
vn 2.7424599124968946e-7 0 -0.9999999999999625
vn 0 0 -1
vn 0 0 -1
vn 0 0 -1
vn -2.491489965450378e-7 0 -0.9999999999999689
vn -2.491489965450378e-7 0 -0.9999999999999689
vn -2.491489965450378e-7 0 -0.9999999999999689
vn 1.200850050508953e-7 0 -0.9999999999999929
vn 1.200850050508953e-7 0 -0.9999999999999929
vn 1.200850050508953e-7 0 -0.9999999999999929
vn 0 0 -1
vn 0 0 -1
vn 0 0 -1
vn 0 0 -1
vn 0 0 -1
vn 0 0 -1
vn 0 0 -1
vn 0 0 -1
vn 0 0 -1
vn 0 0 -1
vn 0 0 -1
vn 0 0 -1
vn 0 0 -1
vn 0 0 -1
vn 0 0 -1
vn 0 0 -1
vn 0 0 -1
vn 0 0 -1
vn 0 0 -1
vn 0 0 -1
vn 0 0 -1
vn -0.0000056415901780394845 0 -0.9999999999840863
vn -0.0000056415901780394845 0 -0.9999999999840863
vn -0.0000056415901780394845 0 -0.9999999999840863
vn -5.139719974067024e-7 0 -0.9999999999998679
vn -5.139719974067024e-7 0 -0.9999999999998679
vn -5.139719974067024e-7 0 -0.9999999999998679
vn 0.0000013607300388672367 0 -0.9999999999990743
vn 0.0000013607300388672367 0 -0.9999999999990743
vn 0.0000013607300388672367 0 -0.9999999999990743
vn 0 0 -1
vn 0 0 -1
vn 0 0 -1
vn 8.406410074709797e-7 0 -0.9999999999996467
vn 8.406410074709797e-7 0 -0.9999999999996467
vn 8.406410074709797e-7 0 -0.9999999999996467
vn 0 0 -1
vn 0 0 -1
vn 0 0 -1
vn -2.8621099090740894e-7 0 -0.9999999999999591
vn -2.8621099090740894e-7 0 -0.9999999999999591
vn -2.8621099090740894e-7 0 -0.9999999999999591
vn -8.254900194512546e-7 0 -0.9999999999996594
vn -8.254900194512546e-7 0 -0.9999999999996594
vn -8.254900194512546e-7 0 -0.9999999999996594
vn 6.247109922695617e-7 0 -0.9999999999998048
vn 6.247109922695617e-7 0 -0.9999999999998048
vn 6.247109922695617e-7 0 -0.9999999999998048
vn 0 0 -1
vn 0 0 -1
vn 0 0 -1
vn -6.366710181281252e-7 0 -0.9999999999997973
vn -6.366710181281252e-7 0 -0.9999999999997973
vn -6.366710181281252e-7 0 -0.9999999999997973
vn -9.685010127209358e-7 0 -0.999999999999531
vn -9.685010127209358e-7 0 -0.999999999999531
vn -9.685010127209358e-7 0 -0.999999999999531
vn 0.0000011660899872359808 0 -0.9999999999993201
vn 0.0000011660899872359808 0 -0.9999999999993201
vn 0.0000011660899872359808 0 -0.9999999999993201
vn 0.00036417695438021084 -0.00008377159161588564 -0.9999999301787308
vn 0.00036417695438021084 -0.00008377159161588564 -0.9999999301787308
vn 0.00036417695438021084 -0.00008377159161588564 -0.9999999301787308
vn 0 0 -1
vn 0 0 -1
vn 0 0 -1
vn 0 0 -1
vn 0 0 -1
vn 0 0 -1
vn -0.0000018593200365980616 0 -0.9999999999982716
vn -0.0000018593200365980616 0 -0.9999999999982716
vn -0.0000018593200365980616 0 -0.9999999999982716
vn 3.451960139954985e-7 0 -0.9999999999999405
vn 3.451960139954985e-7 0 -0.9999999999999405
vn 3.451960139954985e-7 0 -0.9999999999999405
vn 0 0 -1
vn 0 0 -1
vn 0 0 -1
vn -0.0015346399640227158 0.0002054990022885772 -0.999998801324452
vn -0.0015346399640227158 0.0002054990022885772 -0.999998801324452
vn -0.0015346399640227158 0.0002054990022885772 -0.999998801324452
vn 0.0009480788282073705 -0.00015738797319504288 -0.9999995381876742
vn 0.0009480788282073705 -0.00015738797319504288 -0.9999995381876742
vn 0.0009480788282073705 -0.00015738797319504288 -0.9999995381876742
vn -0.0010065430695266274 0.0001714369890230392 -0.9999994787400682
vn -0.0010065430695266274 0.0001714369890230392 -0.9999994787400682
vn -0.0010065430695266274 0.0001714369890230392 -0.9999994787400682
vn 0.0005612220329023102 -0.00014199900193124064 -0.9999998324330426
vn 0.0005612220329023102 -0.00014199900193124064 -0.9999998324330426
vn 0.0005612220329023102 -0.00014199900193124064 -0.9999998324330426
vn 0 -0.000012002100446852206 -0.999999999927975
vn 0 -0.000012002100446852206 -0.999999999927975
vn 0 -0.000012002100446852206 -0.999999999927975
vn 0.0001021599959256901 0 -0.9999999947816676
vn 0.0001021599959256901 0 -0.9999999947816676
vn 0.0001021599959256901 0 -0.9999999947816676
vn 0.000002920090082612943 0 -0.9999999999957365
vn 0.000002920090082612943 0 -0.9999999999957365
vn 0.000002920090082612943 0 -0.9999999999957365
vn 0.0012984269095168532 0.00024866898231411385 -0.9999991261252671
vn 0.0012984269095168532 0.00024866898231411385 -0.9999991261252671
vn 0.0012984269095168532 0.00024866898231411385 -0.9999991261252671
vn 0 0 -1
vn 0 0 -1
vn 0 0 -1
vn -0.000006127790129424742 0 -0.9999999999812252
vn -0.000006127790129424742 0 -0.9999999999812252
vn -0.000006127790129424742 0 -0.9999999999812252
vn 0 0 -1
vn 0 0 -1
vn 0 0 -1
vn 0 0 -1
vn 0 0 -1
vn 0 0 -1
vn 0 0 -1
vn 0 0 -1
vn 0 0 -1
vn 0 0 -1
vn 0 0 -1
vn 0 0 -1
vn 0 0 -1
vn 0 0 -1
vn 0 0 -1
vn -0.9076380992571925 -0.41737161295545233 0.04465442280172392
vn -0.9076380992571925 -0.41737161295545233 0.04465442280172392
vn -0.9076380992571925 -0.41737161295545233 0.04465442280172392
vn -0.9076075372907105 -0.4174419558252228 0.04461806551055618
vn -0.9076075372907105 -0.4174419558252228 0.04461806551055618
vn -0.9076075372907105 -0.4174419558252228 0.04461806551055618
vn -0.8006029509694111 -0.5561714618786779 -0.22295340295856703
vn -0.8006029509694111 -0.5561714618786779 -0.22295340295856703
vn -0.8006029509694111 -0.5561714618786779 -0.22295340295856703
vn -0.3860817831449179 -0.9203710512674965 0.062112677549788546
vn -0.3860817831449179 -0.9203710512674965 0.062112677549788546
vn -0.3860817831449179 -0.9203710512674965 0.062112677549788546
vn -0.294330093024378 -0.9544527023477342 -0.04888594196052991
vn -0.294330093024378 -0.9544527023477342 -0.04888594196052991
vn -0.294330093024378 -0.9544527023477342 -0.04888594196052991
vn -0.7740603203393758 -0.6301143858299637 0.061534390760213664
vn -0.7740603203393758 -0.6301143858299637 0.061534390760213664
vn -0.7740603203393758 -0.6301143858299637 0.061534390760213664
vn -0.9100279475806554 -0.2983460512818289 -0.28781724810490467
vn -0.9100279475806554 -0.2983460512818289 -0.28781724810490467
vn -0.9100279475806554 -0.2983460512818289 -0.28781724810490467
vn -0.9196212132156467 -0.2321048934718934 -0.31689768479776453
vn -0.9196212132156467 -0.2321048934718934 -0.31689768479776453
vn -0.9196212132156467 -0.2321048934718934 -0.31689768479776453
vn -0.5907766816536368 -0.8045342561227458 0.06088959795677376
vn -0.5907766816536368 -0.8045342561227458 0.06088959795677376
vn -0.5907766816536368 -0.8045342561227458 0.06088959795677376
vn -0.4647488720310188 -0.8796419740270689 -0.10118539161191809
vn -0.4647488720310188 -0.8796419740270689 -0.10118539161191809
vn -0.4647488720310188 -0.8796419740270689 -0.10118539161191809
vn -0.46468341877014885 -0.8796758155349137 -0.10119179750884465
vn -0.46468341877014885 -0.8796758155349137 -0.10119179750884465
vn -0.46468341877014885 -0.8796758155349137 -0.10119179750884465
vn -0.23310860736188418 -0.971940327967371 0.03150200064253471
vn -0.23310860736188418 -0.971940327967371 0.03150200064253471
vn -0.23310860736188418 -0.971940327967371 0.03150200064253471
vn -0.9973014424516375 -0.07245587435057269 -0.011831278712698444
vn -0.9973014424516375 -0.07245587435057269 -0.011831278712698444
vn -0.9973014424516375 -0.07245587435057269 -0.011831278712698444
vn -0.1219763904146021 -0.9923164243065206 -0.02073340861860884
vn -0.1219763904146021 -0.9923164243065206 -0.02073340861860884
vn -0.1219763904146021 -0.9923164243065206 -0.02073340861860884
vn -0.7814777891354054 -0.5843801946270817 -0.21861439388945278
vn -0.7814777891354054 -0.5843801946270817 -0.21861439388945278
vn -0.7814777891354054 -0.5843801946270817 -0.21861439388945278
vn -0.6731265374889472 -0.7375836577968125 0.053581827882365374
vn -0.6731265374889472 -0.7375836577968125 0.053581827882365374
vn -0.6731265374889472 -0.7375836577968125 0.053581827882365374
vn -0.9134352251381377 -0.29202380917704174 -0.28347519177270225
vn -0.9134352251381377 -0.29202380917704174 -0.28347519177270225
vn -0.9134352251381377 -0.29202380917704174 -0.28347519177270225
vn -0.6022570720319537 -0.7836616027648349 -0.15218709386655768
vn -0.6022570720319537 -0.7836616027648349 -0.15218709386655768
vn -0.6022570720319537 -0.7836616027648349 -0.15218709386655768
vn -0.843022065410451 -0.536280523584125 0.04143666559261369
vn -0.843022065410451 -0.536280523584125 0.04143666559261369
vn -0.843022065410451 -0.536280523584125 0.04143666559261369
vn -0.8429934391110925 -0.5363274818215814 0.041411276949330444
vn -0.8429934391110925 -0.5363274818215814 0.041411276949330444
vn -0.8429934391110925 -0.5363274818215814 0.041411276949330444
vn -0.6761623422625935 -0.7348960422454969 0.052271349684775655
vn -0.6761623422625935 -0.7348960422454969 0.052271349684775655
vn -0.6761623422625935 -0.7348960422454969 0.052271349684775655
vn -0.4591561556552352 -0.8870936633489314 0.047333467758853706
vn -0.4591561556552352 -0.8870936633489314 0.047333467758853706
vn -0.4591561556552352 -0.8870936633489314 0.047333467758853706
vn -0.2563121005539483 -0.9661224426944823 0.030191602005683018
vn -0.2563121005539483 -0.9661224426944823 0.030191602005683018
vn -0.2563121005539483 -0.9661224426944823 0.030191602005683018
vn -0.9870444024863432 -0.1604421897589437 -0.0012850158492477611
vn -0.9870444024863432 -0.1604421897589437 -0.0012850158492477611
vn -0.9870444024863432 -0.1604421897589437 -0.0012850158492477611
vn -0.9849770817338557 -0.1725825843055302 -0.005949794406720481
vn -0.9849770817338557 -0.1725825843055302 -0.005949794406720481
vn -0.9849770817338557 -0.1725825843055302 -0.005949794406720481
vn -0.884701260939268 -0.35337397813881405 -0.3040238649626338
vn -0.884701260939268 -0.35337397813881405 -0.3040238649626338
vn -0.884701260939268 -0.35337397813881405 -0.3040238649626338
vn -0.3592035788493198 -0.9299738453935991 -0.07823960522448309
vn -0.3592035788493198 -0.9299738453935991 -0.07823960522448309
vn -0.3592035788493198 -0.9299738453935991 -0.07823960522448309
vn -0.8374961253193809 -0.47704125787154283 -0.2665180638593945
vn -0.8374961253193809 -0.47704125787154283 -0.2665180638593945
vn -0.8374961253193809 -0.47704125787154283 -0.2665180638593945
vn -0.8765751276902529 -0.3741170829471296 -0.3027415626602125
vn -0.8765751276902529 -0.3741170829471296 -0.3027415626602125
vn -0.8765751276902529 -0.3741170829471296 -0.3027415626602125
vn -0.17571000665642125 -0.9841322252863357 0.024693252393429153
vn -0.17571000665642125 -0.9841322252863357 0.024693252393429153
vn -0.17571000665642125 -0.9841322252863357 0.024693252393429153
vn -0.8034217396458119 -0.5334607388524867 -0.26444876321786104
vn -0.8034217396458119 -0.5334607388524867 -0.26444876321786104
vn -0.8034217396458119 -0.5334607388524867 -0.26444876321786104
vn -0.7570232699300479 -0.6523283677202985 0.037195019179843976
vn -0.7570232699300479 -0.6523283677202985 0.037195019179843976
vn -0.7570232699300479 -0.6523283677202985 0.037195019179843976
vn -0.6870714799632885 -0.7006983530152837 -0.1922357914196131
vn -0.6870714799632885 -0.7006983530152837 -0.1922357914196131
vn -0.6870714799632885 -0.7006983530152837 -0.1922357914196131
vn -0.5684529141776473 -0.821543006454193 0.04391324298143139
vn -0.5684529141776473 -0.821543006454193 0.04391324298143139
vn -0.5684529141776473 -0.821543006454193 0.04391324298143139
vn -0.3919542051414354 -0.91909579490749 0.04043291796685329
vn -0.3919542051414354 -0.91909579490749 0.04043291796685329
vn -0.3919542051414354 -0.91909579490749 0.04043291796685329
vn -0.15821989039537476 -0.9871900180779845 0.020550778342052586
vn -0.15821989039537476 -0.9871900180779845 0.020550778342052586
vn -0.15821989039537476 -0.9871900180779845 0.020550778342052586
vn -0.9559917365553191 -0.29333790877773636 -0.005715847430580834
vn -0.9559917365553191 -0.29333790877773636 -0.005715847430580834
vn -0.9559917365553191 -0.29333790877773636 -0.005715847430580834
vn -0.9559443589251387 -0.2934910653863041 -0.005777298470540986
vn -0.9559443589251387 -0.2934910653863041 -0.005777298470540986
vn -0.9559443589251387 -0.2934910653863041 -0.005777298470540986
vn -0.8375008222593167 -0.4770351118562994 -0.26651430500297035
vn -0.8375008222593167 -0.4770351118562994 -0.26651430500297035
vn -0.8375008222593167 -0.4770351118562994 -0.26651430500297035
vn -0.27452821377922665 -0.9611617024242446 0.0283274007299519
vn -0.27452821377922665 -0.9611617024242446 0.0283274007299519
vn -0.27452821377922665 -0.9611617024242446 0.0283274007299519
vn -0.059149559686901075 -0.9981986897121039 0.010035210305969355
vn -0.059149559686901075 -0.9981986897121039 0.010035210305969355
vn -0.059149559686901075 -0.9981986897121039 0.010035210305969355
vn -0.2492474815014813 -0.967393715881054 -0.04500101597758938
vn -0.2492474815014813 -0.967393715881054 -0.04500101597758938
vn -0.2492474815014813 -0.967393715881054 -0.04500101597758938
vn -0.234084582521667 -0.9710855143229669 -0.04687570903736919
vn -0.234084582521667 -0.9710855143229669 -0.04687570903736919
vn -0.234084582521667 -0.9710855143229669 -0.04687570903736919
vn -0.4848302787883061 -0.8737602626450377 0.03850459962820062
vn -0.4848302787883061 -0.8737602626450377 0.03850459962820062
vn -0.4848302787883061 -0.8737602626450377 0.03850459962820062
vn -0.6957897010920302 -0.6828287305728008 -0.22275909983343092
vn -0.6957897010920302 -0.6828287305728008 -0.22275909983343092
vn -0.6957897010920302 -0.6828287305728008 -0.22275909983343092
vn -0.9304906311842831 -0.11678579678088938 0.34720060908432665
vn -0.9304906311842831 -0.11678579678088938 0.34720060908432665
vn -0.9304906311842831 -0.11678579678088938 0.34720060908432665
vn -0.9087660469613384 -0.4172704887934936 -0.005441605673094649
vn -0.9087660469613384 -0.4172704887934936 -0.005441605673094649
vn -0.9087660469613384 -0.4172704887934936 -0.005441605673094649
vn -0.9087595505866862 -0.41728458553639136 -0.005445538651581517
vn -0.9087595505866862 -0.41728458553639136 -0.005445538651581517
vn -0.9087595505866862 -0.41728458553639136 -0.005445538651581517
vn -0.9310402874691792 -0.07637821886665903 0.3568337859453123
vn -0.9310402874691792 -0.07637821886665903 0.3568337859453123
vn -0.9310402874691792 -0.07637821886665903 0.3568337859453123
vn -0.7719343376854546 -0.6354098975501302 0.019277977006193766
vn -0.7719343376854546 -0.6354098975501302 0.019277977006193766
vn -0.7719343376854546 -0.6354098975501302 0.019277977006193766
vn -0.917283848517405 -0.1745128959085673 0.35796031960358965
vn -0.917283848517405 -0.1745128959085673 0.35796031960358965
vn -0.917283848517405 -0.1745128959085673 0.35796031960358965
vn -0.7700237694308306 -0.5895452547248922 -0.24392578203809617
vn -0.7700237694308306 -0.5895452547248922 -0.24392578203809617
vn -0.7700237694308306 -0.5895452547248922 -0.24392578203809617
vn -0.7542396617222206 -0.6078612670140328 -0.2482482885122175
vn -0.7542396617222206 -0.6078612670140328 -0.2482482885122175
vn -0.7542396617222206 -0.6078612670140328 -0.2482482885122175
vn -0.5705000556950043 -0.8049690439498609 -0.16295559129543177
vn -0.5705000556950043 -0.8049690439498609 -0.16295559129543177
vn -0.5705000556950043 -0.8049690439498609 -0.16295559129543177
vn -0.367295256800593 -0.9296475436342546 0.029148566801528893
vn -0.367295256800593 -0.9296475436342546 0.029148566801528893
vn -0.367295256800593 -0.9296475436342546 0.029148566801528893
vn -0.9090193655588642 -0.24226178616713853 0.3391062075546061
vn -0.9090193655588642 -0.24226178616713853 0.3391062075546061
vn -0.9090193655588642 -0.24226178616713853 0.3391062075546061
vn -0.8946045582591537 -0.28162115640612456 0.3469469824143472
vn -0.8946045582591537 -0.28162115640612456 0.3469469824143472
vn -0.8946045582591537 -0.28162115640612456 0.3469469824143472
vn -0.0994053847543457 -0.9949977913940117 0.009897706950572486
vn -0.0994053847543457 -0.9949977913940117 0.009897706950572486
vn -0.0994053847543457 -0.9949977913940117 0.009897706950572486
vn -0.8440191671541262 -0.536288375907141 -0.005140364124873908
vn -0.8440191671541262 -0.536288375907141 -0.005140364124873908
vn -0.8440191671541262 -0.536288375907141 -0.005140364124873908
vn -0.8442104362513702 -0.535988622750513 -0.004993556476049614
vn -0.8442104362513702 -0.535988622750513 -0.004993556476049614
vn -0.8442104362513702 -0.535988622750513 -0.004993556476049614
vn -0.678277949716502 -0.7346993471989779 0.012485677946109906
vn -0.678277949716502 -0.7346993471989779 0.012485677946109906
vn -0.678277949716502 -0.7346993471989779 0.012485677946109906
vn -0.6909170311595784 -0.7226765920070958 0.019292470516849947
vn -0.6909170311595784 -0.7226765920070958 0.019292470516849947
vn -0.6909170311595784 -0.7226765920070958 0.019292470516849947
vn -0.9853693728046113 -0.16091099193910036 -0.056168067545728284
vn -0.9853693728046113 -0.16091099193910036 -0.056168067545728284
vn -0.9853693728046113 -0.16091099193910036 -0.056168067545728284
vn -0.6386589403128663 -0.7445998186246394 -0.19412848338819502
vn -0.6386589403128663 -0.7445998186246394 -0.19412848338819502
vn -0.6386589403128663 -0.7445998186246394 -0.19412848338819502
vn -0.9841252323270887 -0.16700067705335472 -0.06006913484373274
vn -0.9841252323270887 -0.16700067705335472 -0.06006913484373274
vn -0.9841252323270887 -0.16700067705335472 -0.06006913484373274
vn -0.6896318060636027 -0.6880420906142902 -0.22584519832967478
vn -0.6896318060636027 -0.6880420906142902 -0.22584519832967478
vn -0.6896318060636027 -0.6880420906142902 -0.22584519832967478
vn -0.8719167423560745 -0.3616530776693424 0.3301033865495221
vn -0.8719167423560745 -0.3616530776693424 0.3301033865495221
vn -0.8719167423560745 -0.3616530776693424 0.3301033865495221
vn -0.8734678824798257 -0.3523982843470628 0.33596027661831696
vn -0.8734678824798257 -0.3523982843470628 0.33596027661831696
vn -0.8734678824798257 -0.3523982843470628 0.33596027661831696
vn -0.6158845465447225 -0.7632719924939834 -0.19519756863666674
vn -0.6158845465447225 -0.7632719924939834 -0.19519756863666674
vn -0.6158845465447225 -0.7632719924939834 -0.19519756863666674
vn -0.4577121643274811 -0.8795971098837193 -0.1296475950832145
vn -0.4577121643274811 -0.8795971098837193 -0.1296475950832145
vn -0.4577121643274811 -0.8795971098837193 -0.1296475950832145
vn -0.4526283882439048 -0.8821847714485958 -0.12991370666682506
vn -0.4526283882439048 -0.8821847714485958 -0.12991370666682506
vn -0.4526283882439048 -0.8821847714485958 -0.12991370666682506
vn -0.8441012638461163 -0.4350223909756691 0.3134462884182893
vn -0.8441012638461163 -0.4350223909756691 0.3134462884182893
vn -0.8441012638461163 -0.4350223909756691 0.3134462884182893
vn -0.5456013093611846 -0.8216155186685001 -0.16512768001293024
vn -0.5456013093611846 -0.8216155186685001 -0.16512768001293024
vn -0.5456013093611846 -0.8216155186685001 -0.16512768001293024
vn -0.7651275609863809 -0.6438594640163011 -0.004980563790758139
vn -0.7651275609863809 -0.6438594640163011 -0.004980563790758139
vn -0.7651275609863809 -0.6438594640163011 -0.004980563790758139
vn -0.765658541166969 -0.6432305437917163 -0.004633127613393715
vn -0.765658541166969 -0.6432305437917163 -0.004633127613393715
vn -0.765658541166969 -0.6432305437917163 -0.004633127613393715
vn -0.35239157389772885 -0.9302988133975209 -0.10180518865483221
vn -0.35239157389772885 -0.9302988133975209 -0.10180518865483221
vn -0.35239157389772885 -0.9302988133975209 -0.10180518865483221
vn -0.35742989379170387 -0.928408985478719 -0.10149200316491513
vn -0.35742989379170387 -0.928408985478719 -0.10149200316491513
vn -0.35742989379170387 -0.928408985478719 -0.10149200316491513
vn -0.954491137933154 -0.29322722538075424 -0.054446872293798375
vn -0.954491137933154 -0.29322722538075424 -0.054446872293798375
vn -0.954491137933154 -0.29322722538075424 -0.054446872293798375
vn -0.954412157444693 -0.2934599801858135 -0.05457722740400431
vn -0.954412157444693 -0.2934599801858135 -0.05457722740400431
vn -0.954412157444693 -0.2934599801858135 -0.05457722740400431
vn -0.5921840052400383 -0.805660900831103 0.015120079691660473
vn -0.5921840052400383 -0.805660900831103 0.015120079691660473
vn -0.5921840052400383 -0.805660900831103 0.015120079691660473
vn -0.587129186945798 -0.8093913949103788 0.012840859838722442
vn -0.587129186945798 -0.8093913949103788 0.012840859838722442
vn -0.587129186945798 -0.8093913949103788 0.012840859838722442
vn -0.9500102910038827 -0.07199250095879688 0.3038050802610384
vn -0.9500102910038827 -0.07199250095879688 0.3038050802610384
vn -0.9500102910038827 -0.07199250095879688 0.3038050802610384
vn -0.24872609433552273 -0.9659597068157793 -0.07111381585156519
vn -0.24872609433552273 -0.9659597068157793 -0.07111381585156519
vn -0.24872609433552273 -0.9659597068157793 -0.07111381585156519
vn -0.7926694727301167 -0.5379418118751564 0.28686880980377155
vn -0.7926694727301167 -0.5379418118751564 0.28686880980377155
vn -0.7926694727301167 -0.5379418118751564 0.28686880980377155
vn -0.24008917094676968 -0.9685105393452692 -0.06591301215411526
vn -0.24008917094676968 -0.9685105393452692 -0.06591301215411526
vn -0.24008917094676968 -0.9685105393452692 -0.06591301215411526
vn -0.817544183241213 -0.47858257329043663 0.3202814839967517
vn -0.817544183241213 -0.47858257329043663 0.3202814839967517
vn -0.817544183241213 -0.47858257329043663 0.3202814839967517
vn -0.9837913643677264 -0.15266850793210943 -0.09405784433672121
vn -0.9837913643677264 -0.15266850793210943 -0.09405784433672121
vn -0.9837913643677264 -0.15266850793210943 -0.09405784433672121
vn -0.9786300452484763 -0.17261628442010873 -0.11174458774348625
vn -0.9786300452484763 -0.17261628442010873 -0.11174458774348625
vn -0.9786300452484763 -0.17261628442010873 -0.11174458774348625
vn -0.12937418860900332 -0.9910738272369745 -0.032171233852899765
vn -0.12937418860900332 -0.9910738272369745 -0.032171233852899765
vn -0.12937418860900332 -0.9910738272369745 -0.032171233852899765
vn -0.4799332511907779 -0.8772043390561937 0.013289918827296224
vn -0.4799332511907779 -0.8772043390561937 0.013289918827296224
vn -0.4799332511907779 -0.8772043390561937 0.013289918827296224
vn -0.12146138578514493 -0.9920724776294101 -0.03223865526655374
vn -0.12146138578514493 -0.9920724776294101 -0.03223865526655374
vn -0.12146138578514493 -0.9920724776294101 -0.03223865526655374
vn -0.9363993421275688 -0.17156888572005963 0.30613786031105916
vn -0.9363993421275688 -0.17156888572005963 0.30613786031105916
vn -0.9363993421275688 -0.17156888572005963 0.30613786031105916
vn -0.9367936966445536 -0.1604866852513121 0.31090447694441214
vn -0.9367936966445536 -0.1604866852513121 0.31090447694441214
vn -0.9367936966445536 -0.1604866852513121 0.31090447694441214
vn -0.46833201245603356 -0.8835015704853109 0.009492157756325632
vn -0.46833201245603356 -0.8835015704853109 0.009492157756325632
vn -0.46833201245603356 -0.8835015704853109 0.009492157756325632
vn -0.06656049382197383 -0.9976010607708775 -0.019021677396983662
vn -0.06656049382197383 -0.9976010607708775 -0.019021677396983662
vn -0.06656049382197383 -0.9976010607708775 -0.019021677396983662
vn -0.9249991288693576 -0.376263682555737 -0.052936308716467734
vn -0.9249991288693576 -0.376263682555737 -0.052936308716467734
vn -0.9249991288693576 -0.376263682555737 -0.052936308716467734
vn -0.9066641328600219 -0.41709274043826605 -0.06319648771001271
vn -0.9066641328600219 -0.41709274043826605 -0.06319648771001271
vn -0.9066641328600219 -0.41709274043826605 -0.06319648771001271
vn -0.7512752317827941 -0.5901452227583835 0.29548966507336033
vn -0.7512752317827941 -0.5901452227583835 0.29548966507336033
vn -0.7512752317827941 -0.5901452227583835 0.29548966507336033
vn -0.719699978660683 -0.6446470020698999 0.25780260556887885
vn -0.719699978660683 -0.6446470020698999 0.25780260556887885
vn -0.719699978660683 -0.6446470020698999 0.25780260556887885
vn -0.980403382138822 -0.16340178558504456 -0.11004119573313544
vn -0.980403382138822 -0.16340178558504456 -0.11004119573313544
vn -0.980403382138822 -0.16340178558504456 -0.11004119573313544
vn -0.7658967833166254 -0.6411273959457207 -0.04855697141611277
vn -0.7658967833166254 -0.6411273959457207 -0.04855697141611277
vn -0.7658967833166254 -0.6411273959457207 -0.04855697141611277
vn -0.8570400109477281 -0.5127559441285809 -0.050633599472345775
vn -0.8570400109477281 -0.5127559441285809 -0.050633599472345775
vn -0.8570400109477281 -0.5127559441285809 -0.050633599472345775
vn -0.6802033205287075 -0.6840394754773522 0.2634643025732126
vn -0.6802033205287075 -0.6840394754773522 0.2634643025732126
vn -0.6802033205287075 -0.6840394754773522 0.2634643025732126
vn -0.9516323110765824 -0.2934331565666367 -0.09106551016923128
vn -0.9516323110765824 -0.2934331565666367 -0.09106551016923128
vn -0.9516323110765824 -0.2934331565666367 -0.09106551016923128
vn -0.6390190155813402 -0.7339028155990363 0.23030708843034334
vn -0.6390190155813402 -0.7339028155990363 0.23030708843034334
vn -0.6390190155813402 -0.7339028155990363 0.23030708843034334
vn -0.9104430636854456 -0.2816179680789342 0.30295997729428237
vn -0.9104430636854456 -0.2816179680789342 0.30295997729428237
vn -0.9104430636854456 -0.2816179680789342 0.30295997729428237
vn -0.9516705645086339 -0.29332809945159527 -0.0910041906723701
vn -0.9516705645086339 -0.29332809945159527 -0.0910041906723701
vn -0.9516705645086339 -0.29332809945159527 -0.0910041906723701
vn -0.9087694800040983 -0.29301726549480056 0.2971176775875685
vn -0.9087694800040983 -0.29301726549480056 0.2971176775875685
vn -0.9087694800040983 -0.29301726549480056 0.2971176775875685
vn -0.3848620720365335 -0.9229216140756478 0.009842752650912038
vn -0.3848620720365335 -0.9229216140756478 0.009842752650912038
vn -0.3848620720365335 -0.9229216140756478 0.009842752650912038
vn -0.38538986960282945 -0.9226994041913901 0.010022869467771933
vn -0.38538986960282945 -0.9226994041913901 0.010022869467771933
vn -0.38538986960282945 -0.9226994041913901 0.010022869467771933
vn -0.8865549975740321 -0.3648830874255718 0.2843950927623232
vn -0.8865549975740321 -0.3648830874255718 0.2843950927623232
vn -0.8865549975740321 -0.3648830874255718 0.2843950927623232
vn -0.2916128648264433 -0.9565159124587892 0.006264685215111354
vn -0.2916128648264433 -0.9565159124587892 0.006264685215111354
vn -0.2916128648264433 -0.9565159124587892 0.006264685215111354
vn -0.8423315230447898 -0.5358919465557489 -0.05742322615227367
vn -0.8423315230447898 -0.5358919465557489 -0.05742322615227367
vn -0.8423315230447898 -0.5358919465557489 -0.05742322615227367
vn -0.6761250732328403 -0.736748780739759 -0.007491289899927571
vn -0.6761250732328403 -0.736748780739759 -0.007491289899927571
vn -0.6761250732328403 -0.736748780739759 -0.007491289899927571
vn -0.6313066906731525 -0.7393988765657329 0.23396829623828233
vn -0.6313066906731525 -0.7393988765657329 0.23396829623828233
vn -0.6313066906731525 -0.7393988765657329 0.23396829623828233
vn -0.31592163081797364 -0.948706079586469 0.012259597749691984
vn -0.31592163081797364 -0.948706079586469 0.012259597749691984
vn -0.31592163081797364 -0.948706079586469 0.012259597749691984
vn -0.8615052853855137 -0.41733468323993694 0.2892065099852455
vn -0.8615052853855137 -0.41733468323993694 0.2892065099852455
vn -0.8615052853855137 -0.41733468323993694 0.2892065099852455
vn -0.6892686765211582 -0.7242313916546168 -0.019939481156431165
vn -0.6892686765211582 -0.7242313916546168 -0.019939481156431165
vn -0.6892686765211582 -0.7242313916546168 -0.019939481156431165
vn -0.7960218341976463 -0.60442222309958 -0.03198461667702788
vn -0.7960218341976463 -0.60442222309958 -0.03198461667702788
vn -0.7960218341976463 -0.60442222309958 -0.03198461667702788
vn -0.9008943562937808 -0.425392484578855 -0.08620088666506184
vn -0.9008943562937808 -0.425392484578855 -0.08620088666506184
vn -0.9008943562937808 -0.425392484578855 -0.08620088666506184
vn -0.5456803962814063 -0.8145505675062413 0.1968255016237163
vn -0.5456803962814063 -0.8145505675062413 0.1968255016237163
vn -0.5456803962814063 -0.8145505675062413 0.1968255016237163
vn -0.8385077815759755 -0.4757500050061573 0.26564380846008334
vn -0.8385077815759755 -0.4757500050061573 0.26564380846008334
vn -0.8385077815759755 -0.4757500050061573 0.26564380846008334
vn -0.24302791717190247 -0.9700027966936988 0.005657374080747762
vn -0.24302791717190247 -0.9700027966936988 0.005657374080747762
vn -0.24302791717190247 -0.9700027966936988 0.005657374080747762
vn -0.8781547054777283 -0.4709584470969009 -0.08391933242942307
vn -0.8781547054777283 -0.4709584470969009 -0.08391933242942307
vn -0.8781547054777283 -0.4709584470969009 -0.08391933242942307
vn -0.8002176531651682 -0.5359230802878939 0.26914338107701236
vn -0.8002176531651682 -0.5359230802878939 0.26914338107701236
vn -0.8002176531651682 -0.5359230802878939 0.26914338107701236
vn -0.17708128668188436 -0.9841838466519661 0.004936992650157896
vn -0.17708128668188436 -0.9841838466519661 0.004936992650157896
vn -0.17708128668188436 -0.9841838466519661 0.004936992650157896
vn -0.191318882052467 -0.9814991229794118 0.007520436213387036
vn -0.191318882052467 -0.9814991229794118 0.007520436213387036
vn -0.191318882052467 -0.9814991229794118 0.007520436213387036
vn -0.9879777243250538 -0.04611187712908963 -0.14755917804433435
vn -0.9879777243250538 -0.04611187712908963 -0.14755917804433435
vn -0.9879777243250538 -0.04611187712908963 -0.14755917804433435
vn -0.5864176186071349 -0.8098005100480736 -0.01837145919671607
vn -0.5864176186071349 -0.8098005100480736 -0.01837145919671607
vn -0.5864176186071349 -0.8098005100480736 -0.01837145919671607
vn -0.5795648717915982 -0.8146436844056112 -0.021452898248007304
vn -0.5795648717915982 -0.8146436844056112 -0.021452898248007304
vn -0.5795648717915982 -0.8146436844056112 -0.021452898248007304
vn -0.9526665097390927 -0.16104300128565388 0.2578597932180279
vn -0.9526665097390927 -0.16104300128565388 0.2578597932180279
vn -0.9526665097390927 -0.16104300128565388 0.2578597932180279
vn -0.9527144563164383 -0.16665639212574113 0.25408819667451055
vn -0.9527144563164383 -0.16665639212574113 0.25408819667451055
vn -0.9527144563164383 -0.16665639212574113 0.25408819667451055
vn -0.7497329748657504 -0.6606017979572198 -0.038803748976621574
vn -0.7497329748657504 -0.6606017979572198 -0.038803748976621574
vn -0.7497329748657504 -0.6606017979572198 -0.038803748976621574
vn -0.7681860974301918 -0.5921407380910844 0.24343267243309283
vn -0.7681860974301918 -0.5921407380910844 0.24343267243309283
vn -0.7681860974301918 -0.5921407380910844 0.24343267243309283
vn -0.9741095281322237 -0.17243608791349455 -0.14620678092040146
vn -0.9741095281322237 -0.17243608791349455 -0.14620678092040146
vn -0.9741095281322237 -0.17243608791349455 -0.14620678092040146
vn -0.9732868242142237 -0.17608039382808144 -0.14733788623547697
vn -0.9732868242142237 -0.17608039382808144 -0.14733788623547697
vn -0.9732868242142237 -0.17608039382808144 -0.14733788623547697
vn -0.7266306160327888 -0.6421972406469306 0.24411196601002155
vn -0.7266306160327888 -0.6421972406469306 0.24411196601002155
vn -0.7266306160327888 -0.6421972406469306 0.24411196601002155
vn -0.6516420854779185 -0.7567375318064176 -0.05206630762326767
vn -0.6516420854779185 -0.7567375318064176 -0.05206630762326767
vn -0.6516420854779185 -0.7567375318064176 -0.05206630762326767
vn -0.07450794999134695 -0.9972150092210387 0.00328493110592264
vn -0.07450794999134695 -0.9972150092210387 0.00328493110592264
vn -0.07450794999134695 -0.9972150092210387 0.00328493110592264
vn -0.8027915809850084 -0.5913066161357265 -0.07669526200299116
vn -0.8027915809850084 -0.5913066161357265 -0.07669526200299116
vn -0.8027915809850084 -0.5913066161357265 -0.07669526200299116
vn -0.8061841311677528 -0.587008370257867 -0.07408319580376206
vn -0.8061841311677528 -0.587008370257867 -0.07408319580376206
vn -0.8061841311677528 -0.587008370257867 -0.07408319580376206
vn -0.9228432355842421 -0.2931450065680422 0.24985269192191967
vn -0.9228432355842421 -0.2931450065680422 0.24985269192191967
vn -0.9228432355842421 -0.2931450065680422 0.24985269192191967
vn -0.9228137610854058 -0.2933490834014957 0.24972200067056546
vn -0.9228137610854058 -0.2933490834014957 0.24972200067056546
vn -0.9228137610854058 -0.2933490834014957 0.24972200067056546
vn -0.4749467932304689 -0.8798161081158449 -0.018685810123788234
vn -0.4749467932304689 -0.8798161081158449 -0.018685810123788234
vn -0.4749467932304689 -0.8798161081158449 -0.018685810123788234
vn -0.4837548488571103 -0.8750718929402166 -0.01517986802514026
vn -0.4837548488571103 -0.8750718929402166 -0.01517986802514026
vn -0.4837548488571103 -0.8750718929402166 -0.01517986802514026
vn -0.6972536949381191 -0.6810852199988386 0.22351780241017452
vn -0.6972536949381191 -0.6810852199988386 0.22351780241017452
vn -0.6972536949381191 -0.6810852199988386 0.22351780241017452
vn -0.9630474055328085 -0.15249209427675317 0.22200417986969598
vn -0.9630474055328085 -0.15249209427675317 0.22200417986969598
vn -0.9630474055328085 -0.15249209427675317 0.22200417986969598
vn -0.9637654521853549 -0.17299638864725858 0.20304778425032124
vn -0.9637654521853549 -0.17299638864725858 0.20304778425032124
vn -0.9637654521853549 -0.17299638864725858 0.20304778425032124
vn -0.449666670767584 -0.880228801532862 0.15164808654519357
vn -0.449666670767584 -0.880228801532862 0.15164808654519357
vn -0.449666670767584 -0.880228801532862 0.15164808654519357
vn -0.6354618733488592 -0.7439940647807322 0.2065454891567523
vn -0.6354618733488592 -0.7439940647807322 0.2065454891567523
vn -0.6354618733488592 -0.7439940647807322 0.2065454891567523
vn -0.6442412706566254 -0.7343074648069552 0.21388251988304022
vn -0.6442412706566254 -0.7343074648069552 0.21388251988304022
vn -0.6442412706566254 -0.7343074648069552 0.21388251988304022
vn -0.9454244739549045 -0.293335132561705 -0.14186988423234553
vn -0.9454244739549045 -0.293335132561705 -0.14186988423234553
vn -0.9454244739549045 -0.293335132561705 -0.14186988423234553
vn -0.9454050722712208 -0.29339006737362083 -0.1418855795715327
vn -0.9454050722712208 -0.29339006737362083 -0.1418855795715327
vn -0.9454050722712208 -0.29339006737362083 -0.1418855795715327
vn -0.8801278601436099 -0.4172128798355525 0.2265134934134279
vn -0.8801278601436099 -0.4172128798355525 0.2265134934134279
vn -0.8801278601436099 -0.4172128798355525 0.2265134934134279
vn -0.8943689907975813 -0.3761542374862351 0.24209935547387373
vn -0.8943689907975813 -0.3761542374862351 0.24209935547387373
vn -0.8943689907975813 -0.3761542374862351 0.24209935547387373
vn -0.3813716786345952 -0.924315754750035 -0.0140010091173609
vn -0.3813716786345952 -0.924315754750035 -0.0140010091173609
vn -0.3813716786345952 -0.924315754750035 -0.0140010091173609
vn -0.37982809030037923 -0.924944686304251 -0.014420440225527284
vn -0.37982809030037923 -0.924944686304251 -0.014420440225527284
vn -0.37982809030037923 -0.924944686304251 -0.014420440225527284
vn -0.7117531382622566 -0.6994572363434552 -0.06455265060867024
vn -0.7117531382622566 -0.6994572363434552 -0.06455265060867024
vn -0.7117531382622566 -0.6994572363434552 -0.06455265060867024
vn -0.9682304170391328 -0.131439893179042 0.21272849832899418
vn -0.9682304170391328 -0.131439893179042 0.21272849832899418
vn -0.9682304170391328 -0.131439893179042 0.21272849832899418
vn -0.354953704581968 -0.9271277741354117 0.12017469796198357
vn -0.354953704581968 -0.9271277741354117 0.12017469796198357
vn -0.354953704581968 -0.9271277741354117 0.12017469796198357
vn -0.8290873841286306 -0.5128401564470879 0.22273096644622795
vn -0.8290873841286306 -0.5128401564470879 0.22273096644622795
vn -0.8290873841286306 -0.5128401564470879 0.22273096644622795
vn -0.9797734950671168 -0.10283799192833462 -0.17166317537583467
vn -0.9797734950671168 -0.10283799192833462 -0.17166317537583467
vn -0.9797734950671168 -0.10283799192833462 -0.17166317537583467
vn -0.931598028973702 -0.2932500012195595 0.21477790667813512
vn -0.931598028973702 -0.2932500012195595 0.21477790667813512
vn -0.931598028973702 -0.2932500012195595 0.21477790667813512
vn -0.9315464864009264 -0.29355948442889945 0.21457859347084715
vn -0.9315464864009264 -0.29355948442889945 0.21457859347084715
vn -0.9315464864009264 -0.29355948442889945 0.21457859347084715
vn -0.5629373692270082 -0.8059407930409761 0.18319649680126968
vn -0.5629373692270082 -0.8059407930409761 0.18319649680126968
vn -0.5629373692270082 -0.8059407930409761 0.18319649680126968
vn -0.5638238330426413 -0.8051604826805392 0.18390019690784737
vn -0.5638238330426413 -0.8051604826805392 0.18390019690784737
vn -0.5638238330426413 -0.8051604826805392 0.18390019690784737
vn -0.9088726798095529 -0.39754036761529127 -0.12614320438335475
vn -0.9088726798095529 -0.39754036761529127 -0.12614320438335475
vn -0.9088726798095529 -0.39754036761529127 -0.12614320438335475
vn -0.8973753999728712 -0.4202226079584967 -0.13464899288182308
vn -0.8973753999728712 -0.4202226079584967 -0.13464899288182308
vn -0.8973753999728712 -0.4202226079584967 -0.13464899288182308
vn -0.8173115282168957 -0.5358976144548699 0.21169698312763494
vn -0.8173115282168957 -0.5358976144548699 0.21169698312763494
vn -0.8173115282168957 -0.5358976144548699 0.21169698312763494
vn -0.4212143528980358 -0.8966576090471258 0.13632168224673843
vn -0.4212143528980358 -0.8966576090471258 0.13632168224673843
vn -0.4212143528980358 -0.8966576090471258 0.13632168224673843
vn -0.6632214078518138 -0.7462286825325549 -0.05727231034963972
vn -0.6632214078518138 -0.7462286825325549 -0.05727231034963972
vn -0.6632214078518138 -0.7462286825325549 -0.05727231034963972
vn -0.2950107706736341 -0.955471798605353 -0.006502865245422969
vn -0.2950107706736341 -0.955471798605353 -0.006502865245422969
vn -0.2950107706736341 -0.955471798605353 -0.006502865245422969
vn -0.7761694190893254 -0.5911261437805493 0.21938759082882656
vn -0.7761694190893254 -0.5911261437805493 0.21938759082882656
vn -0.7761694190893254 -0.5911261437805493 0.21938759082882656
vn -0.8543608196682028 -0.5034834747291723 -0.12873220455859388
vn -0.8543608196682028 -0.5034834747291723 -0.12873220455859388
vn -0.8543608196682028 -0.5034834747291723 -0.12873220455859388
vn -0.8820811071188416 -0.4250188545606806 0.2032040691815145
vn -0.8820811071188416 -0.4250188545606806 0.2032040691815145
vn -0.8820811071188416 -0.4250188545606806 0.2032040691815145
vn -0.45256958376085427 -0.8787868806213971 0.15137499893391088
vn -0.45256958376085427 -0.8787868806213971 0.15137499893391088
vn -0.45256958376085427 -0.8787868806213971 0.15137499893391088
vn -0.5776009450422187 -0.8146310294621225 -0.05247317527859349
vn -0.5776009450422187 -0.8146310294621225 -0.05247317527859349
vn -0.5776009450422187 -0.8146310294621225 -0.05247317527859349
vn -0.5637620801262921 -0.8239338564265655 -0.057491888521109646
vn -0.5637620801262921 -0.8239338564265655 -0.057491888521109646
vn -0.5637620801262921 -0.8239338564265655 -0.057491888521109646
vn -0.18248880323788474 -0.9831249341033284 -0.012775000474783369
vn -0.18248880323788474 -0.9831249341033284 -0.012775000474783369
vn -0.18248880323788474 -0.9831249341033284 -0.012775000474783369
vn -0.9836144935104459 -0.046909912904329276 0.17407466279587344
vn -0.9836144935104459 -0.046909912904329276 0.17407466279587344
vn -0.9836144935104459 -0.046909912904329276 0.17407466279587344
vn -0.7229770978004862 -0.6839300952242887 -0.09769207185069502
vn -0.7229770978004862 -0.6839300952242887 -0.09769207185069502
vn -0.7229770978004862 -0.6839300952242887 -0.09769207185069502
vn -0.7417987624010534 -0.6425036821716769 0.19215518337037474
vn -0.7417987624010534 -0.6425036821716769 0.19215518337037474
vn -0.7417987624010534 -0.6425036821716769 0.19215518337037474
vn -0.8594337813271224 -0.4713326753715864 0.19803808886380117
vn -0.8594337813271224 -0.4713326753715864 0.19803808886380117
vn -0.8594337813271224 -0.4713326753715864 0.19803808886380117
vn -0.8508466445585445 -0.5098881103530564 -0.12678368335103463
vn -0.8508466445585445 -0.5098881103530564 -0.12678368335103463
vn -0.8508466445585445 -0.5098881103530564 -0.12678368335103463
vn -0.36658966225008727 -0.9225337425747385 0.12059648975991369
vn -0.36658966225008727 -0.9225337425747385 0.12059648975991369
vn -0.36658966225008727 -0.9225337425747385 0.12059648975991369
vn -0.6579779898241416 -0.73381399167893 0.16906209073360318
vn -0.6579779898241416 -0.73381399167893 0.16906209073360318
vn -0.6579779898241416 -0.73381399167893 0.16906209073360318
vn -0.7021321988824297 -0.6844456536924013 0.19632758958970975
vn -0.7021321988824297 -0.6844456536924013 0.19632758958970975
vn -0.7021321988824297 -0.6844456536924013 0.19632758958970975
vn -0.9735308366943289 -0.070616536403963 -0.2173729854226315
vn -0.9735308366943289 -0.070616536403963 -0.2173729854226315
vn -0.9735308366943289 -0.070616536403963 -0.2173729854226315
vn -0.974882613948585 -0.06080060894958099 -0.21425959715292667
vn -0.974882613948585 -0.06080060894958099 -0.21425959715292667
vn -0.974882613948585 -0.06080060894958099 -0.21425959715292667
vn -0.7839734032769065 -0.6079727469064209 -0.12551829338182496
vn -0.7839734032769065 -0.6079727469064209 -0.12551829338182496
vn -0.7839734032769065 -0.6079727469064209 -0.12551829338182496
vn -0.7975898513023609 -0.5911911224809875 -0.11976429267168089
vn -0.7975898513023609 -0.5911911224809875 -0.11976429267168089
vn -0.7975898513023609 -0.5911911224809875 -0.11976429267168089
vn -0.08814436122160807 -0.9960873638139625 -0.006366728750745795
vn -0.08814436122160807 -0.9960873638139625 -0.006366728750745795
vn -0.08814436122160807 -0.9960873638139625 -0.006366728750745795
vn -0.9703159778228526 -0.17280219227997434 0.16919310129232926
vn -0.9703159778228526 -0.17280219227997434 0.16919310129232926
vn -0.9703159778228526 -0.17280219227997434 0.16919310129232926
vn -0.9702080961756686 -0.17373566110127298 0.1688554712672585
vn -0.9702080961756686 -0.17373566110127298 0.1688554712672585
vn -0.9702080961756686 -0.17373566110127298 0.1688554712672585
vn -0.2761390796237571 -0.9572399227391132 0.08624928416491874
vn -0.2761390796237571 -0.9572399227391132 0.08624928416491874
vn -0.2761390796237571 -0.9572399227391132 0.08624928416491874
vn -0.4734647171777072 -0.8797613192363277 -0.04302537348344406
vn -0.4734647171777072 -0.8797613192363277 -0.04302537348344406
vn -0.4734647171777072 -0.8797613192363277 -0.04302537348344406
vn -0.47350328561090077 -0.8797410019098629 -0.043016369841166205
vn -0.47350328561090077 -0.8797410019098629 -0.043016369841166205
vn -0.47350328561090077 -0.8797410019098629 -0.043016369841166205
vn -0.7860025510811157 -0.5910923886997281 0.18113469495165035
vn -0.7860025510811157 -0.5910923886997281 0.18113469495165035
vn -0.7860025510811157 -0.5910923886997281 0.18113469495165035
vn -0.7859304529317435 -0.5912224636848038 0.18102298635525718
vn -0.7859304529317435 -0.5912224636848038 0.18102298635525718
vn -0.7859304529317435 -0.5912224636848038 0.18102298635525718
vn -0.255590803223745 -0.9666801946467103 -0.014238770496056128
vn -0.255590803223745 -0.9666801946467103 -0.014238770496056128
vn -0.255590803223745 -0.9666801946467103 -0.014238770496056128
vn -0.44001227465450127 -0.8871032565027497 0.13941667925893467
vn -0.44001227465450127 -0.8871032565027497 0.13941667925893467
vn -0.44001227465450127 -0.8871032565027497 0.13941667925893467
vn -0.24462938265030362 -0.9661314470204281 0.08213703319663634
vn -0.24462938265030362 -0.9661314470204281 0.08213703319663634
vn -0.24462938265030362 -0.9661314470204281 0.08213703319663634
vn -0.6151878065308262 -0.7703415535556898 0.16768379039488854
vn -0.6151878065308262 -0.7703415535556898 0.16768379039488854
vn -0.6151878065308262 -0.7703415535556898 0.16768379039488854
vn -0.9838024217569102 -0.11310528779564516 0.13906828832592552
vn -0.9838024217569102 -0.11310528779564516 0.13906828832592552
vn -0.9838024217569102 -0.11310528779564516 0.13906828832592552
vn -0.9623692957945689 -0.1728112947172941 -0.20971789368100727
vn -0.9623692957945689 -0.1728112947172941 -0.20971789368100727
vn -0.9623692957945689 -0.1728112947172941 -0.20971789368100727
vn -0.9624613738026557 -0.1724272855809224 -0.20961139073318436
vn -0.9624613738026557 -0.1724272855809224 -0.20961139073318436
vn -0.9624613738026557 -0.1724272855809224 -0.20961139073318436
vn -0.941840896239353 -0.2931927769118783 0.16423678558031302
vn -0.941840896239353 -0.2931927769118783 0.16423678558031302
vn -0.941840896239353 -0.2931927769118783 0.16423678558031302
vn -0.9418272788768196 -0.29325103188914947 0.1642108676654324
vn -0.9418272788768196 -0.29325103188914947 0.1642108676654324
vn -0.9418272788768196 -0.29325103188914947 0.1642108676654324
vn -0.1643504825253884 -0.9853071135269375 0.046463006003561194
vn -0.1643504825253884 -0.9853071135269375 0.046463006003561194
vn -0.1643504825253884 -0.9853071135269375 0.046463006003561194
vn -0.5482751135671661 -0.8243207938455495 0.14103059482521738
vn -0.5482751135671661 -0.8243207938455495 0.14103059482521738
vn -0.5482751135671661 -0.8243207938455495 0.14103059482521738
vn -0.36054250155155504 -0.9319382791504596 -0.038731749625169204
vn -0.36054250155155504 -0.9319382791504596 -0.038731749625169204
vn -0.36054250155155504 -0.9319382791504596 -0.038731749625169204
vn -0.3865248856979533 -0.9216098780752944 -0.035124711674620716
vn -0.3865248856979533 -0.9216098780752944 -0.035124711674620716
vn -0.3865248856979533 -0.9216098780752944 -0.035124711674620716
vn -0.7071315200840381 -0.6990646868928482 -0.10617710131210874
vn -0.7071315200840381 -0.6990646868928482 -0.10617710131210874
vn -0.7071315200840381 -0.6990646868928482 -0.10617710131210874
vn -0.8902320885372452 -0.4162192355678924 -0.18506316889617416
vn -0.8902320885372452 -0.4162192355678924 -0.18506316889617416
vn -0.8902320885372452 -0.4162192355678924 -0.18506316889617416
vn -0.7200570146505054 -0.6737992800948406 0.16586870047201868
vn -0.7200570146505054 -0.6737992800948406 0.16586870047201868
vn -0.7200570146505054 -0.6737992800948406 0.16586870047201868
vn -0.6959012530629342 -0.7026407500383252 0.14838268891962406
vn -0.6959012530629342 -0.7026407500383252 0.14838268891962406
vn -0.6959012530629342 -0.7026407500383252 0.14838268891962406
vn -0.14196638712955126 -0.9888945187075412 0.04396789505494919
vn -0.14196638712955126 -0.9888945187075412 0.04396789505494919
vn -0.14196638712955126 -0.9888945187075412 0.04396789505494919
vn -0.7013926345512104 -0.706902726206715 -0.09130666941043582
vn -0.7013926345512104 -0.706902726206715 -0.09130666941043582
vn -0.7013926345512104 -0.706902726206715 -0.09130666941043582
vn -0.9050655251894044 -0.39308082566213226 0.1623079160435614
vn -0.9050655251894044 -0.39308082566213226 0.1623079160435614
vn -0.9050655251894044 -0.39308082566213226 0.1623079160435614
vn -0.9340962378636722 -0.29338250214577927 -0.2034475997489669
vn -0.9340962378636722 -0.29338250214577927 -0.2034475997489669
vn -0.9340962378636722 -0.29338250214577927 -0.2034475997489669
vn -0.8997802348036392 -0.4071641659265171 0.15688489743143388
vn -0.8997802348036392 -0.4071641659265171 0.15688489743143388
vn -0.8997802348036392 -0.4071641659265171 0.15688489743143388
vn -0.934093616814167 -0.2933882842848345 -0.20345129557569663
vn -0.934093616814167 -0.2933882842848345 -0.20345129557569663
vn -0.934093616814167 -0.2933882842848345 -0.20345129557569663
vn -0.5962374110437186 -0.7971298561023544 -0.09531496305472512
vn -0.5962374110437186 -0.7971298561023544 -0.09531496305472512
vn -0.5962374110437186 -0.7971298561023544 -0.09531496305472512
vn -0.8591660425116548 -0.48795078135904596 0.15407058890637768
vn -0.8591660425116548 -0.48795078135904596 0.15407058890637768
vn -0.8591660425116548 -0.48795078135904596 0.15407058890637768
vn -0.8512717822364814 -0.5032886709564179 0.14844819451528177
vn -0.8512717822364814 -0.5032886709564179 0.14844819451528177
vn -0.8512717822364814 -0.5032886709564179 0.14844819451528177
vn -0.5697543087000452 -0.8104674904302487 0.1360972985530154
vn -0.5697543087000452 -0.8104674904302487 0.1360972985530154
vn -0.5697543087000452 -0.8104674904302487 0.1360972985530154
vn -0.5795117042255667 -0.8103112608662623 -0.08695887061655996
vn -0.5795117042255667 -0.8103112608662623 -0.08695887061655996
vn -0.5795117042255667 -0.8103112608662623 -0.08695887061655996
vn -0.8812764724322042 -0.4318563264316388 -0.19196846735446024
vn -0.8812764724322042 -0.4318563264316388 -0.19196846735446024
vn -0.8812764724322042 -0.4318563264316388 -0.19196846735446024
vn -0.9918678688689314 -0.06967698238385864 0.10650468924551507
vn -0.9918678688689314 -0.06967698238385864 0.10650468924551507
vn -0.9918678688689314 -0.06967698238385864 0.10650468924551507
vn -0.6811360548972606 -0.7169787111032507 0.14830779663833293
vn -0.6811360548972606 -0.7169787111032507 0.14830779663833293
vn -0.6811360548972606 -0.7169787111032507 0.14830779663833293
vn -0.12203718722707536 -0.9925177098004476 -0.0039396276700231145
vn -0.12203718722707536 -0.9925177098004476 -0.0039396276700231145
vn -0.12203718722707536 -0.9925177098004476 -0.0039396276700231145
vn -0.7948130484756658 -0.5909697499374822 0.1379382928401267
vn -0.7948130484756658 -0.5909697499374822 0.1379382928401267
vn -0.7948130484756658 -0.5909697499374822 0.1379382928401267
vn -0.795802220884966 -0.5894380698859983 0.1387861196360232
vn -0.795802220884966 -0.5894380698859983 0.1387861196360232
vn -0.795802220884966 -0.5894380698859983 0.1387861196360232
vn -0.23048109190525826 -0.9726175823841284 -0.029891549163818427
vn -0.23048109190525826 -0.9726175823841284 -0.029891549163818427
vn -0.23048109190525826 -0.9726175823841284 -0.029891549163818427
vn -0.47125068532058123 -0.8747805398771118 0.11261349225200018
vn -0.47125068532058123 -0.8747805398771118 0.11261349225200018
vn -0.47125068532058123 -0.8747805398771118 0.11261349225200018
vn -0.3727930813092392 -0.9270174575109258 -0.04079156773086519
vn -0.3727930813092392 -0.9270174575109258 -0.04079156773086519
vn -0.3727930813092392 -0.9270174575109258 -0.04079156773086519
vn -0.4705035784905277 -0.8752346817932295 0.11220799621199917
vn -0.4705035784905277 -0.8752346817932295 0.11220799621199917
vn -0.4705035784905277 -0.8752346817932295 0.11220799621199917
vn -0.9917484760687196 -0.07216244364704537 0.10596009599023332
vn -0.9917484760687196 -0.07216244364704537 0.10596009599023332
vn -0.9917484760687196 -0.07216244364704537 0.10596009599023332
vn -0.6236568836896914 -0.7718498293382658 0.12369289541826013
vn -0.6236568836896914 -0.7718498293382658 0.12369289541826013
vn -0.6236568836896914 -0.7718498293382658 0.12369289541826013
vn -0.47027048971887 -0.8796975706788184 -0.07055388466526742
vn -0.47027048971887 -0.8796975706788184 -0.07055388466526742
vn -0.47027048971887 -0.8796975706788184 -0.07055388466526742
vn -0.47025205184857916 -0.8797071256942179 -0.0705576412234601
vn -0.47025205184857916 -0.8797071256942179 -0.0705576412234601
vn -0.47025205184857916 -0.8797071256942179 -0.0705576412234601
vn -0.9597310962403204 -0.07418648854158906 -0.2709475739459972
vn -0.9597310962403204 -0.07418648854158906 -0.2709475739459972
vn -0.9597310962403204 -0.07418648854158906 -0.2709475739459972
vn -0.9601370039114875 -0.0712187136945222 -0.27030506569350504
vn -0.9601370039114875 -0.0712187136945222 -0.27030506569350504
vn -0.9601370039114875 -0.0712187136945222 -0.27030506569350504
vn -0.6360253018808718 -0.7614031938144538 -0.12544716743113546
vn -0.6360253018808718 -0.7614031938144538 -0.12544716743113546
vn -0.6360253018808718 -0.7614031938144538 -0.12544716743113546
vn -0.729994670875465 -0.670609369873345 -0.1318743854260435
vn -0.729994670875465 -0.670609369873345 -0.1318743854260435
vn -0.729994670875465 -0.670609369873345 -0.1318743854260435
vn -0.9791351067981444 -0.1728936005695245 0.1067812976016513
vn -0.9791351067981444 -0.1728936005695245 0.1067812976016513
vn -0.9791351067981444 -0.1728936005695245 0.1067812976016513
vn -0.978542950415399 -0.1770366776227717 0.10541209118795089
vn -0.978542950415399 -0.1770366776227717 0.10541209118795089
vn -0.978542950415399 -0.1770366776227717 0.10541209118795089
vn -0.24986860443930128 -0.9675167314416059 -0.03843247189691979
vn -0.24986860443930128 -0.9675167314416059 -0.03843247189691979
vn -0.24986860443930128 -0.9675167314416059 -0.03843247189691979
vn -0.5520849299655294 -0.825551818609432 0.11690348538694548
vn -0.5520849299655294 -0.825551818609432 0.11690348538694548
vn -0.5520849299655294 -0.825551818609432 0.11690348538694548
vn -0.35903339986868793 -0.9294411983029354 0.08505337545291548
vn -0.35903339986868793 -0.9294411983029354 0.08505337545291548
vn -0.35903339986868793 -0.9294411983029354 0.08505337545291548
vn -0.35901787241216093 -0.9294478132616444 0.08504663257174079
vn -0.35901787241216093 -0.9294478132616444 0.08504663257174079
vn -0.35901787241216093 -0.9294478132616444 0.08504663257174079
vn -0.876017174189596 -0.47424779475141277 -0.0876523798781128
vn -0.876017174189596 -0.47424779475141277 -0.0876523798781128
vn -0.876017174189596 -0.47424779475141277 -0.0876523798781128
vn -0.7065241889861941 -0.6964731174035468 0.12549409193896727
vn -0.7065241889861941 -0.6964731174035468 0.12549409193896727
vn -0.7065241889861941 -0.6964731174035468 0.12549409193896727
vn -0.8199368343361655 -0.5469758660100192 -0.16888158484978963
vn -0.8199368343361655 -0.5469758660100192 -0.16888158484978963
vn -0.8199368343361655 -0.5469758660100192 -0.16888158484978963
vn -0.5739948643439217 -0.8140914885716568 -0.08823232934694106
vn -0.5739948643439217 -0.8140914885716568 -0.08823232934694106
vn -0.5739948643439217 -0.8140914885716568 -0.08823232934694106
vn -0.36188790260791387 -0.9306390896621106 -0.0542957709119518
vn -0.36188790260791387 -0.9306390896621106 -0.0542957709119518
vn -0.36188790260791387 -0.9306390896621106 -0.0542957709119518
vn -0.9494305282712637 -0.16340068033760563 -0.26810798132796543
vn -0.9494305282712637 -0.16340068033760563 -0.26810798132796543
vn -0.9494305282712637 -0.16340068033760563 -0.26810798132796543
vn -0.9505700086445189 -0.29314891162223605 0.10237369916271238
vn -0.9505700086445189 -0.29314891162223605 0.10237369916271238
vn -0.9505700086445189 -0.29314891162223605 0.10237369916271238
vn -0.9505498930360656 -0.29322498805562 0.10234259733320188
vn -0.9505498930360656 -0.29322498805562 0.10234259733320188
vn -0.9505498930360656 -0.29322498805562 0.10234259733320188
vn -0.9472700879290781 -0.17257219417830483 -0.26999670055636255
vn -0.9472700879290781 -0.17257219417830483 -0.26999670055636255
vn -0.9472700879290781 -0.17257219417830483 -0.26999670055636255
vn -0.7968180228856212 -0.5788070595284208 -0.1733880798806908
vn -0.7968180228856212 -0.5788070595284208 -0.1733880798806908
vn -0.7968180228856212 -0.5788070595284208 -0.1733880798806908
vn -0.8815188338816639 -0.4082106617885709 -0.23725218884985805
vn -0.8815188338816639 -0.4082106617885709 -0.23725218884985805
vn -0.8815188338816639 -0.4082106617885709 -0.23725218884985805
vn -0.23604178261933728 -0.9701348474646546 0.05588071753849276
vn -0.23604178261933728 -0.9701348474646546 0.05588071753849276
vn -0.23604178261933728 -0.9701348474646546 0.05588071753849276
vn -0.9367933481514962 -0.2326399735655873 -0.2613366900351199
vn -0.9367933481514962 -0.2326399735655873 -0.2613366900351199
vn -0.9367933481514962 -0.2326399735655873 -0.2613366900351199
vn -0.5829587647032575 -0.8061152790998135 0.10167219608861583
vn -0.5829587647032575 -0.8061152790998135 0.10167219608861583
vn -0.5829587647032575 -0.8061152790998135 0.10167219608861583
vn -0.7577035995344766 -0.6436873054733577 0.10747980286986801
vn -0.7577035995344766 -0.6436873054733577 0.10747980286986801
vn -0.7577035995344766 -0.6436873054733577 0.10747980286986801
vn -0.9034562867290986 -0.4175014569946953 0.09725878560302585
vn -0.9034562867290986 -0.4175014569946953 0.09725878560302585
vn -0.9034562867290986 -0.4175014569946953 0.09725878560302585
vn -0.9076687827340002 -0.4070670664686748 0.10214589686701021
vn -0.9076687827340002 -0.4070670664686748 0.10214589686701021
vn -0.9076687827340002 -0.4070670664686748 0.10214589686701021
vn -0.6507641744473731 -0.7523849093000486 0.10209278874331358
vn -0.6507641744473731 -0.7523849093000486 0.10209278874331358
vn -0.6507641744473731 -0.7523849093000486 0.10209278874331358
vn -0.919148894388745 -0.29341458393941594 -0.2628177921595244
vn -0.919148894388745 -0.29341458393941594 -0.2628177921595244
vn -0.919148894388745 -0.29341458393941594 -0.2628177921595244
vn -0.9196101547421367 -0.29217940951279253 -0.2625801895648245
vn -0.9196101547421367 -0.29217940951279253 -0.2625801895648245
vn -0.9196101547421367 -0.29217940951279253 -0.2625801895648245
vn -0.6970102317654264 -0.7008361943784516 -0.1516751972586014
vn -0.6970102317654264 -0.7008361943784516 -0.1516751972586014
vn -0.6970102317654264 -0.7008361943784516 -0.1516751972586014
vn -0.8682980938376013 -0.4879645595589583 0.08915721424775559
vn -0.8682980938376013 -0.4879645595589583 0.08915721424775559
vn -0.8682980938376013 -0.4879645595589583 0.08915721424775559
vn -0.12437179633263443 -0.9914839226774469 0.03861718981407277
vn -0.12437179633263443 -0.9914839226774469 0.03861718981407277
vn -0.12437179633263443 -0.9914839226774469 0.03861718981407277
vn -0.9960394538190981 -0.07423894134550367 0.0489283764665446
vn -0.9960394538190981 -0.07423894134550367 0.0489283764665446
vn -0.9960394538190981 -0.07423894134550367 0.0489283764665446
vn -0.9961386400324956 -0.07259624507769566 0.04937200659107635
vn -0.9961386400324956 -0.07259624507769566 0.04937200659107635
vn -0.9961386400324956 -0.07259624507769566 0.04937200659107635
vn -0.458213499518727 -0.8852414918491148 0.07992427645937908
vn -0.458213499518727 -0.8852414918491148 0.07992427645937908
vn -0.458213499518727 -0.8852414918491148 0.07992427645937908
vn -0.8456908326523958 -0.49103652630199646 -0.2090218778141804
vn -0.8456908326523958 -0.49103652630199646 -0.2090218778141804
vn -0.8456908326523958 -0.49103652630199646 -0.2090218778141804
vn -0.2533803840993883 -0.9658656566840171 0.053869417966031195
vn -0.2533803840993883 -0.9658656566840171 0.053869417966031195
vn -0.2533803840993883 -0.9658656566840171 0.053869417966031195
vn -0.8385320204721961 -0.5361974174699715 0.09672838332852146
vn -0.8385320204721961 -0.5361974174699715 0.09672838332852146
vn -0.8385320204721961 -0.5361974174699715 0.09672838332852146
vn -0.9010525167775649 -0.35390033618746947 -0.25071680050449807
vn -0.9010525167775649 -0.35390033618746947 -0.25071680050449807
vn -0.9010525167775649 -0.35390033618746947 -0.25071680050449807
vn -0.6782682785565132 -0.7289954689949801 0.09229164907386449
vn -0.6782682785565132 -0.7289954689949801 0.09229164907386449
vn -0.6782682785565132 -0.7289954689949801 0.09229164907386449
vn -0.37283209189869293 -0.9259042795401273 0.060807042188567355
vn -0.37283209189869293 -0.9259042795401273 0.060807042188567355
vn -0.37283209189869293 -0.9259042795401273 0.060807042188567355
vn -0.9837699570999707 -0.17280708320995913 0.048315458188744706
vn -0.9837699570999707 -0.17280708320995913 0.048315458188744706
vn -0.9837699570999707 -0.17280708320995913 0.048315458188744706
vn -0.9837815819863313 -0.17273180289106305 0.04834793909231986
vn -0.9837815819863313 -0.17273180289106305 0.04834793909231986
vn -0.9837815819863313 -0.17273180289106305 0.04834793909231986
vn -0.8046278425896711 -0.5881906797812407 0.0812758214229364
vn -0.8046278425896711 -0.5881906797812407 0.0812758214229364
vn -0.8046278425896711 -0.5881906797812407 0.0812758214229364
vn -0.7544357090101105 -0.6292821093417372 -0.18663008287204322
vn -0.7544357090101105 -0.6292821093417372 -0.18663008287204322
vn -0.7544357090101105 -0.6292821093417372 -0.18663008287204322
vn -0.9451507480711079 -0.11047499803104448 -0.30738467468412617
vn -0.9451507480711079 -0.11047499803104448 -0.30738467468412617
vn -0.9451507480711079 -0.11047499803104448 -0.30738467468412617
vn -0.9438702962815909 -0.07692836890760432 -0.32123338844914173
vn -0.9438702962815909 -0.07692836890760432 -0.32123338844914173
vn -0.9438702962815909 -0.07692836890760432 -0.32123338844914173
vn -0.1322530086809973 -0.9909970357649015 -0.020833069865070677
vn -0.1322530086809973 -0.9909970357649015 -0.020833069865070677
vn -0.1322530086809973 -0.9909970357649015 -0.020833069865070677
vn -0.11648020153705352 -0.9928839807368922 0.024774249654632385
vn -0.11648020153705352 -0.9928839807368922 0.024774249654632385
vn -0.11648020153705352 -0.9928839807368922 0.024774249654632385
vn -0.6609036383012885 -0.7370767656512298 -0.14115318776861366
vn -0.6609036383012885 -0.7370767656512298 -0.14115318776861366
vn -0.6609036383012885 -0.7370767656512298 -0.14115318776861366
vn -0.7383725534388282 -0.6682853600285338 0.0905574397813775
vn -0.7383725534388282 -0.6682853600285338 0.0905574397813775
vn -0.7383725534388282 -0.6682853600285338 0.0905574397813775
vn -0.8613717393003686 -0.442522666425176 -0.24942416970817033
vn -0.8613717393003686 -0.442522666425176 -0.24942416970817033
vn -0.8613717393003686 -0.442522666425176 -0.24942416970817033
vn -0.5635728810240692 -0.8225020728577078 0.07665473187614828
vn -0.5635728810240692 -0.8225020728577078 0.07665473187614828
vn -0.5635728810240692 -0.8225020728577078 0.07665473187614828
vn -0.48446719910615266 -0.871758384696536 0.07299898424995827
vn -0.48446719910615266 -0.871758384696536 0.07299898424995827
vn -0.48446719910615266 -0.871758384696536 0.07299898424995827
vn -0.06251972056713131 -0.9980073988511567 -0.008515654910579979
vn -0.06251972056713131 -0.9980073988511567 -0.008515654910579979
vn -0.06251972056713131 -0.9980073988511567 -0.008515654910579979
vn -0.9548845933861435 -0.29323721075348963 0.046982459953612166
vn -0.9548845933861435 -0.29323721075348963 0.046982459953612166
vn -0.9548845933861435 -0.29323721075348963 0.046982459953612166
vn -0.9548392579859727 -0.29339621343724265 0.04691112181013168
vn -0.9548392579859727 -0.29339621343724265 0.04691112181013168
vn -0.9548392579859727 -0.29339621343724265 0.04691112181013168
vn -0.5657674692932936 -0.8153140577623263 -0.1231671949205314
vn -0.5657674692932936 -0.8153140577623263 -0.1231671949205314
vn -0.5657674692932936 -0.8153140577623263 -0.1231671949205314
vn -0.5477264424880341 -0.8270480483860388 -0.12644077609792853
vn -0.5477264424880341 -0.8270480483860388 -0.12644077609792853
vn -0.5477264424880341 -0.8270480483860388 -0.12644077609792853
vn -0.2496364916290127 -0.9669955584167815 -0.05100207887307116
vn -0.2496364916290127 -0.9669955584167815 -0.05100207887307116
vn -0.2496364916290127 -0.9669955584167815 -0.05100207887307116
vn -0.39543247113389296 -0.9154961083807621 -0.0741622296902068
vn -0.39543247113389296 -0.9154961083807621 -0.0741622296902068
vn -0.39543247113389296 -0.9154961083807621 -0.0741622296902068
vn -0.8635061306033148 -0.4501937587536288 -0.22733838652935554
vn -0.8635061306033148 -0.4501937587536288 -0.22733838652935554
vn -0.8635061306033148 -0.4501937587536288 -0.22733838652935554
vn -0.36117891188781065 -0.9309079234426758 0.054408011167313405
vn -0.36117891188781065 -0.9309079234426758 0.054408011167313405
vn -0.36117891188781065 -0.9309079234426758 0.054408011167313405
vn -0.9316754796779824 -0.16334320358662927 -0.3244993041731497
vn -0.9316754796779824 -0.16334320358662927 -0.3244993041731497
vn -0.9316754796779824 -0.16334320358662927 -0.3244993041731497
vn -0.711486166257723 -0.6795389704807087 -0.1789251877794353
vn -0.711486166257723 -0.6795389704807087 -0.1789251877794353
vn -0.711486166257723 -0.6795389704807087 -0.1789251877794353
vn -0.005774855090075827 -0.9999822873820932 -0.0014408229472763702
vn -0.005774855090075827 -0.9999822873820932 -0.0014408229472763702
vn -0.005774855090075827 -0.9999822873820932 -0.0014408229472763702
vn -0.0018410077677235683 -0.9999982909484303 0.0001696779833171927
vn -0.0018410077677235683 -0.9999982909484303 0.0001696779833171927
vn -0.0018410077677235683 -0.9999982909484303 0.0001696779833171927
vn -0.0004929739473255938 -0.9999991568179886 0.0012013908603742934
vn -0.0004929739473255938 -0.9999991568179886 0.0012013908603742934
vn -0.0004929739473255938 -0.9999991568179886 0.0012013908603742934
vn -0.0007353859376360582 -0.9999992416302969 0.000987899971653235
vn -0.0007353859376360582 -0.9999992416302969 0.000987899971653235
vn -0.0007353859376360582 -0.9999992416302969 0.000987899971653235
vn -0.0009294259793510524 -0.9999995665759055 -0.00005491220055992645
vn -0.0009294259793510524 -0.9999995665759055 -0.00005491220055992645
vn -0.0009294259793510524 -0.9999995665759055 -0.00005491220055992645
vn -0.001736282910670441 -0.9999984854692775 0.00011991999488677355
vn -0.001736282910670441 -0.9999984854692775 0.00011991999488677355
vn -0.001736282910670441 -0.9999984854692775 0.00011991999488677355
vn -0.0019410841045177391 -0.9999976455241453 0.0009701230152955039
vn -0.0019410841045177391 -0.9999976455241453 0.0009701230152955039
vn -0.0019410841045177391 -0.9999976455241453 0.0009701230152955039
vn -0.002102375266399817 -0.9999977364749941 0.00032720502397041816
vn -0.002102375266399817 -0.9999977364749941 0.00032720502397041816
vn -0.002102375266399817 -0.9999977364749941 0.00032720502397041816
vn -0.9944037050263421 -0.10564659377843746 -0.0002620169795503278
vn -0.9944037050263421 -0.10564659377843746 -0.0002620169795503278
vn -0.9944037050263421 -0.10564659377843746 -0.0002620169795503278
vn 0.9891801424270718 0.14670598429497658 0
vn 0.9891801424270718 0.14670598429497658 0
vn 0.9891801424270718 0.14670598429497658 0
vn -0.9941538509588376 -0.10797019234724588 0.0007471199449512011
vn -0.9941538509588376 -0.10797019234724588 0.0007471199449512011
vn -0.9941538509588376 -0.10797019234724588 0.0007471199449512011
vn 0.9887614534483277 0.14950150681252636 0.0002960329960468842
vn 0.9887614534483277 0.14950150681252636 0.0002960329960468842
vn 0.9887614534483277 0.14950150681252636 0.0002960329960468842
vn 0.9785954776824484 0.20579279590313457 -0.0004649879909589357
vn 0.9785954776824484 0.20579279590313457 -0.0004649879909589357
vn 0.9785954776824484 0.20579279590313457 -0.0004649879909589357
vn -0.9817916806029715 -0.18995948242503868 -0.0007006679700910357
vn -0.9817916806029715 -0.18995948242503868 -0.0007006679700910357
vn -0.9817916806029715 -0.18995948242503868 -0.0007006679700910357
vn -0.9923072353442713 -0.12379949410311378 0.00018958697711968396
vn -0.9923072353442713 -0.12379949410311378 0.00018958697711968396
vn -0.9923072353442713 -0.12379949410311378 0.00018958697711968396
vn 0.9793301083777872 0.2022648871640332 -0.0012059209229112315
vn 0.9793301083777872 0.2022648871640332 -0.0012059209229112315
vn 0.9793301083777872 0.2022648871640332 -0.0012059209229112315
vn -0.9801877520614867 -0.19806669215120715 0.001247465000882882
vn -0.9801877520614867 -0.19806669215120715 0.001247465000882882
vn -0.9801877520614867 -0.19806669215120715 0.001247465000882882
vn 0.966084765779014 0.2582168843634765 0.0020654198911382628
vn 0.966084765779014 0.2582168843634765 0.0020654198911382628
vn 0.966084765779014 0.2582168843634765 0.0020654198911382628
vn 0.9518023470678083 0.30670120478700325 -0.0025812978154814217
vn 0.9518023470678083 0.30670120478700325 -0.0025812978154814217
vn 0.9518023470678083 0.30670120478700325 -0.0025812978154814217
vn -0.9553468333238373 -0.29548368185327323 -0.0013497468466478753
vn -0.9553468333238373 -0.29548368185327323 -0.0013497468466478753
vn -0.9553468333238373 -0.29548368185327323 -0.0013497468466478753
vn 0.9496905262949449 0.31318766061096004 -0.0011804688324991272
vn 0.9496905262949449 0.31318766061096004 -0.0011804688324991272
vn 0.9496905262949449 0.31318766061096004 -0.0011804688324991272
vn -0.9523775003575038 -0.3049184985076348 0.001343904997543359
vn -0.9523775003575038 -0.3049184985076348 0.001343904997543359
vn -0.9523775003575038 -0.3049184985076348 0.001343904997543359
vn 0.9262374083865389 0.37693128154179295 0.0026593797490513855
vn 0.9262374083865389 0.37693128154179295 0.0026593797490513855
vn 0.9262374083865389 0.37693128154179295 0.0026593797490513855
vn 0.9103946442382299 0.41371997084732637 -0.004168628603523674
vn 0.9103946442382299 0.41371997084732637 -0.004168628603523674
vn 0.9103946442382299 0.41371997084732637 -0.004168628603523674
vn -0.9150773424808778 -0.4032761515394344 -0.0013427128053648
vn -0.9150773424808778 -0.4032761515394344 -0.0013427128053648
vn -0.9150773424808778 -0.4032761515394344 -0.0013427128053648
vn -0.9110647663066738 -0.41226107891678876 0.0013395540045791291
vn -0.9110647663066738 -0.41226107891678876 0.0013395540045791291
vn -0.9110647663066738 -0.41226107891678876 0.0013395540045791291
vn 0.8812173513986669 0.4726928721740441 0.0041747083456453084
vn 0.8812173513986669 0.4726928721740441 0.0041747083456453084
vn 0.8812173513986669 0.4726928721740441 0.0041747083456453084
vn 0.8570556104309396 0.5152069962168263 -0.004175126116018239
vn 0.8570556104309396 0.5152069962168263 -0.004175126116018239
vn 0.8570556104309396 0.5152069962168263 -0.004175126116018239
vn -0.8626811849552901 -0.5057464094916388 -0.001320003959150348
vn -0.8626811849552901 -0.5057464094916388 -0.001320003959150348
vn -0.8626811849552901 -0.5057464094916388 -0.001320003959150348
vn -0.8577521618530238 -0.5140617594792308 0.00131767886122024
vn -0.8577521618530238 -0.5140617594792308 0.00131767886122024
vn -0.8577521618530238 -0.5140617594792308 0.00131767886122024
vn 0.8211923090592425 0.5706362619360296 0.004177092963378497
vn 0.8211923090592425 0.5706362619360296 0.004177092963378497
vn 0.8211923090592425 0.5706362619360296 0.004177092963378497
vn 0.792369282272936 0.6100274737120582 -0.004171549682858582
vn 0.792369282272936 0.6100274737120582 -0.004171549682858582
vn 0.792369282272936 0.6100274737120582 -0.004171549682858582
vn -0.7989139858030577 -0.6014438645559865 -0.0013118979502500228
vn -0.7989139858030577 -0.6014438645559865 -0.0013118979502500228
vn -0.7989139858030577 -0.6014438645559865 -0.0013118979502500228
vn -0.7930804449406159 -0.6091154781787758 0.001319884781315533
vn -0.7930804449406159 -0.6091154781787758 0.001319884781315533
vn -0.7930804449406159 -0.6091154781787758 0.001319884781315533
vn 0.7503961052128775 0.6609753130201949 0.004161833634305892
vn 0.7503961052128775 0.6609753130201949 0.004161833634305892
vn 0.7503961052128775 0.6609753130201949 0.004161833634305892
vn 0.7173594742158818 0.6966907294350521 -0.004172801453270116
vn 0.7173594742158818 0.6966907294350521 -0.004172801453270116
vn 0.7173594742158818 0.6966907294350521 -0.004172801453270116
vn -0.7244945677701844 -0.6892793095939559 -0.001286327008572206
vn -0.7244945677701844 -0.6892793095939559 -0.001286327008572206
vn -0.7244945677701844 -0.6892793095939559 -0.001286327008572206
vn -0.7179860795983799 -0.696056279921022 0.001282452906194083
vn -0.7179860795983799 -0.696056279921022 0.001282452906194083
vn -0.7179860795983799 -0.696056279921022 0.001282452906194083
vn 0.6696674783018397 0.7426493718740835 0.004168807969211269
vn 0.6696674783018397 0.7426493718740835 0.004168807969211269
vn 0.6696674783018397 0.7426493718740835 0.004168807969211269
vn 0.632800496698336 0.7743036468385504 -0.004170595983860171
vn 0.632800496698336 0.7743036468385504 -0.004170595983860171
vn 0.632800496698336 0.7743036468385504 -0.004170595983860171
vn -0.6405596294722085 -0.7679073403553157 -0.0012952678690054083
vn -0.6405596294722085 -0.7679073403553157 -0.0012952678690054083
vn -0.6405596294722085 -0.7679073403553157 -0.0012952678690054083
vn -0.6333072815348656 -0.7738993805209842 0.0012790559626433284
vn -0.6333072815348656 -0.7738993805209842 0.0012790559626433284
vn -0.6333072815348656 -0.7738993805209842 0.0012790559626433284
vn 0.5800880805049671 0.8145431301609957 0.004160284075677922
vn 0.5800880805049671 0.8145431301609957 0.004160284075677922
vn 0.5800880805049671 0.8145431301609957 0.004160284075677922
vn 0.5400140854290805 0.841645713374143 -0.004157005788272416
vn 0.5400140854290805 0.841645713374143 -0.004157005788272416
vn 0.5400140854290805 0.841645713374143 -0.004157005788272416
vn -0.5480734665526834 -0.8364292321541292 -0.001270771017244554
vn -0.5480734665526834 -0.8364292321541292 -0.001270771017244554
vn -0.5480734665526834 -0.8364292321541292 -0.001270771017244554
vn -0.5403306587953741 -0.8414518398653772 0.001257120888599725
vn -0.5403306587953741 -0.8414518398653772 0.001257120888599725
vn -0.5403306587953741 -0.8414518398653772 0.001257120888599725
vn 0.48294999868179167 0.875638002182954 0.004169880849918491
vn 0.48294999868179167 0.875638002182954 0.004169880849918491
vn 0.48294999868179167 0.875638002182954 0.004169880849918491
vn 0.44002337811183173 0.8979766672533341 -0.004163145883430891
vn 0.44002337811183173 0.8979766672533341 -0.004163145883430891
vn 0.44002337811183173 0.8979766672533341 -0.004163145883430891
vn -0.44837979639106174 -0.8938422433683217 -0.0012657640362773901
vn -0.44837979639106174 -0.8938422433683217 -0.0012657640362773901
vn -0.44837979639106174 -0.8938422433683217 -0.0012657640362773901
vn -0.4402051650380377 -0.8978963662270083 0.0012361998901058734
vn -0.4402051650380377 -0.8978963662270083 0.0012361998901058734
vn -0.4402051650380377 -0.8978963662270083 0.0012361998901058734
vn 0.37936747135418675 0.9252367630648106 0.004153787630801865
vn 0.37936747135418675 0.9252367630648106 0.004153787630801865
vn 0.37936747135418675 0.9252367630648106 0.004153787630801865
vn 0.3343214071162657 0.9424499207121003 -0.004164576035551455
vn 0.3343214071162657 0.9424499207121003 -0.004164576035551455
vn 0.3343214071162657 0.9424499207121003 -0.004164576035551455
vn -0.3427782605470343 -0.9394155009602391 -0.0012572398228454804
vn -0.3427782605470343 -0.9394155009602391 -0.0012572398228454804
vn -0.3427782605470343 -0.9394155009602391 -0.0012572398228454804
vn -0.3342440709460841 -0.9424857455167049 0.001233099837874012
vn -0.3342440709460841 -0.9424857455167049 0.001233099837874012
vn -0.3342440709460841 -0.9424857455167049 0.001233099837874012
vn 0.27078530286843777 0.9626308117117444 0.004152119174183942
vn 0.27078530286843777 0.9626308117117444 0.004152119174183942
vn 0.27078530286843777 0.9626308117117444 0.004152119174183942
vn 0.2242139814162586 0.9745310872725128 -0.0041533693459124095
vn 0.2242139814162586 0.9745310872725128 -0.0041533693459124095
vn 0.2242139814162586 0.9745310872725128 -0.0041533693459124095
vn -0.23256987925905306 -0.9725789079532086 -0.001232503944748188
vn -0.23256987925905306 -0.9725789079532086 -0.001232503944748188
vn -0.23256987925905306 -0.9725789079532086 -0.001232503944748188
vn -0.22388347926642685 -0.9746151541814982 0.0012202259355045674
vn -0.22388347926642685 -0.9746151541814982 0.0012202259355045674
vn -0.22388347926642685 -0.9746151541814982 0.0012202259355045674
vn 0.15865080322777386 0.9873259828002193 0.004162489971546463
vn 0.15865080322777386 0.9873259828002193 0.004162489971546463
vn 0.15865080322777386 0.9873259828002193 0.004162489971546463
vn 0.11110769162063223 0.9937997415479499 -0.0041418066061229535
vn 0.11110769162063223 0.9937997415479499 -0.0041418066061229535
vn 0.11110769162063223 0.9937997415479499 -0.0041418066061229535
vn -0.11930058632940001 -0.992857434269512 -0.0012187359119630885
vn -0.11930058632940001 -0.992857434269512 -0.0012187359119630885
vn -0.11930058632940001 -0.992857434269512 -0.0012187359119630885
vn -0.11054187999461189 -0.9938707339442929 0.0012070527285371177
vn -0.11054187999461189 -0.9938707339442929 0.0012070527285371177
vn -0.11054187999461189 -0.9938707339442929 0.0012070527285371177
vn 0.04445420545784389 0.9990027474211213 0.004163443546257986
vn 0.04445420545784389 0.9990027474211213 0.004163443546257986
vn 0.04445420545784389 0.9990027474211213 0.004163443546257986
vn -0.0034595719999293236 0.9999854294024588 -0.004143952745548504
vn -0.0034595719999293236 0.9999854294024588 -0.004143952745548504
vn -0.0034595719999293236 0.9999854294024588 -0.004143952745548504
vn -0.004430471966764734 -0.9999894606510604 -0.0012039538834223084
vn -0.004430471966764734 -0.9999894606510604 -0.0012039538834223084
vn -0.004430471966764734 -0.9999894606510604 -0.0012039538834223084
vn 0.00426447287523166 -0.9999901993849821 0.001189707980942605
vn 0.00426447287523166 -0.9999901993849821 0.001189707980942605
vn 0.00426447287523166 -0.9999901993849821 0.001189707980942605
vn -0.07032107476937242 0.9975157855733441 0.004147767504898007
vn -0.07032107476937242 0.9975157855733441 0.004147767504898007
vn -0.07032107476937242 0.9975157855733441 0.004147767504898007
vn -0.11792909445859809 0.9930133300907525 -0.00415390686574699
vn -0.11792909445859809 0.9930133300907525 -0.00415390686574699
vn -0.11792909445859809 0.9930133300907525 -0.00415390686574699
vn 0.10149420291186426 -0.9948356385277252 -0.0009894899790716632
vn 0.10149420291186426 -0.9948356385277252 -0.0009894899790716632
vn 0.10149420291186426 -0.9948356385277252 -0.0009894899790716632
vn 0.11893290220302634 -0.9928988763434456 0.002605020055226377
vn 0.11893290220302634 -0.9928988763434456 0.002605020055226377
vn 0.11893290220302634 -0.9928988763434456 0.002605020055226377
vn 0.16881649330102633 -0.9856453020104801 -0.0020809166764184355
vn 0.16881649330102633 -0.9856453020104801 -0.0020809166764184355
vn 0.16881649330102633 -0.9856453020104801 -0.0020809166764184355
vn -0.18426549355902386 0.9828677731465527 0.00414347600283456
vn -0.18426549355902386 0.9828677731465527 0.00414347600283456
vn -0.18426549355902386 0.9828677731465527 0.00414347600283456
vn -0.23087290475662725 0.9729750982666524 -0.004142463305260485
vn -0.23087290475662725 0.9729750982666524 -0.004142463305260485
vn -0.23087290475662725 0.9729750982666524 -0.004142463305260485
vn 0.2252941094733611 -0.9742901165831666 0.001154541019088415
vn 0.2252941094733611 -0.9742901165831666 0.001154541019088415
vn 0.2252941094733611 -0.9742901165831666 0.001154541019088415
vn 0.2221796917240387 -0.975005608072585 0.0004988110063405127
vn 0.2221796917240387 -0.975005608072585 0.0004988110063405127
vn 0.2221796917240387 -0.975005608072585 0.0004988110063405127
vn 0.2809681821649615 -0.959717011128719 -0.0003730429940991512
vn 0.2809681821649615 -0.959717011128719 -0.0003730429940991512
vn 0.2809681821649615 -0.959717011128719 -0.0003730429940991512
vn 0.28623165904280223 -0.9581603744121608 0.00036642591756073077
vn 0.28623165904280223 -0.9581603744121608 0.00036642591756073077
vn 0.28623165904280223 -0.9581603744121608 0.00036642591756073077
vn -0.29566386431288577 0.9552830486520592 0.004144429707370265
vn -0.29566386431288577 0.9552830486520592 0.004144429707370265
vn -0.29566386431288577 0.9552830486520592 0.004144429707370265
vn 0.33572609039415 -0.9419595825574254 -0.00037021196638624453
vn 0.33572609039415 -0.9419595825574254 -0.00037021196638624453
vn 0.33572609039415 -0.9419595825574254 -0.00037021196638624453
vn -0.3407675594068146 0.94013845097709 -0.004142879472175281
vn -0.3407675594068146 0.94013845097709 -0.004142879472175281
vn -0.3407675594068146 0.94013845097709 -0.004142879472175281
vn 0.3407712655002883 -0.9401461692355566 0.0003536679802880037
vn 0.3407712655002883 -0.9401461692355566 0.0003536679802880037
vn 0.3407712655002883 -0.9401461692355566 0.0003536679802880037
vn 0.38931094715647163 -0.9211063175742327 -0.0003716839625807095
vn 0.38931094715647163 -0.9211063175742327 -0.0003716839625807095
vn 0.38931094715647163 -0.9211063175742327 -0.0003716839625807095
vn 0.3942841766112098 -0.918988497580695 0.00035970598749040817
vn 0.3942841766112098 -0.918988497580695 0.00035970598749040817
vn 0.3942841766112098 -0.918988497580695 0.00035970598749040817
vn -0.4032684820499678 0.9150723123355319 0.004146635023413862
vn -0.4032684820499678 0.9150723123355319 0.004146635023413862
vn -0.4032684820499678 0.9150723123355319 0.004146635023413862
vn 0.4456002626508669 -0.8952319449781908 -0.00041305694982035645
vn 0.4456002626508669 -0.8952319449781908 -0.00041305694982035645
vn 0.4456002626508669 -0.8952319449781908 -0.00041305694982035645
vn -0.4461859923233592 0.8949307523634522 -0.004124163988582829
vn -0.4461859923233592 0.8949307523634522 -0.004124163988582829
vn -0.4461859923233592 0.8949307523634522 -0.004124163988582829
vn 0.45125103191365873 -0.8923968115178224 0.0006610519514046876
vn 0.45125103191365873 -0.8923968115178224 0.0006610519514046876
vn 0.45125103191365873 -0.8923968115178224 0.0006610519514046876
vn 0.5094090675530192 -0.860524292601712 -0.0005862909573666323
vn 0.5094090675530192 -0.860524292601712 -0.0005862909573666323
vn 0.5094090675530192 -0.860524292601712 -0.0005862909573666323
vn 0.5113410363417616 -0.8593778626627507 -0.0001836249870259476
vn 0.5113410363417616 -0.8593778626627507 -0.0001836249870259476
vn 0.5113410363417616 -0.8593778626627507 -0.0001836249870259476
vn -0.505464322209952 0.8628375050197387 0.0041543837263906995
vn -0.505464322209952 0.8628375050197387 0.0041543837263906995
vn -0.505464322209952 0.8628375050197387 0.0041543837263906995
vn -0.5457558043345233 0.8379341375413969 -0.004121065145429848
vn -0.5457558043345233 0.8379341375413969 -0.004121065145429848
vn -0.5457558043345233 0.8379341375413969 -0.004121065145429848
vn -0.6010320803630744 0.79921412746793 0.004149316824547949
vn -0.6010320803630744 0.79921412746793 0.004149316824547949
vn -0.6010320803630744 0.79921412746793 0.004149316824547949
vn -0.6381456295317356 0.7699046182489233 -0.00412726404831241
vn -0.6381456295317356 0.7699046182489233 -0.00412726404831241
vn -0.6381456295317356 0.7699046182489233 -0.00412726404831241
vn -0.6886740837377405 0.7250592618517252 0.004131971807112463
vn -0.6886740837377405 0.7250592618517252 0.004131971807112463
vn -0.6886740837377405 0.7250592618517252 0.004131971807112463
vn -0.7220835356823363 0.6917935269704888 -0.004133223708893601
vn -0.7220835356823363 0.6917935269704888 -0.004133223708893601
vn -0.7220835356823363 0.6917935269704888 -0.004133223708893601
vn -0.7672850267405966 0.6412929110771188 0.004133998296641079
vn -0.7672850267405966 0.6412929110771188 0.004133998296641079
vn -0.7672850267405966 0.6412929110771188 0.004133998296641079
vn -0.7965853344432596 0.6045120457249407 -0.004122077554767296
vn -0.7965853344432596 0.6045120457249407 -0.004122077554767296
vn -0.7965853344432596 0.6045120457249407 -0.004122077554767296
vn -0.8357125092697822 0.5491516700537241 0.004128574476703561
vn -0.8357125092697822 0.5491516700537241 0.004128574476703561
vn -0.8357125092697822 0.5491516700537241 0.004128574476703561
vn -0.8605494852687601 0.5093501662687259 -0.004122077836880289
vn -0.8605494852687601 0.5093501662687259 -0.004122077836880289
vn -0.8605494852687601 0.5093501662687259 -0.004122077836880289
vn -0.8931541282363696 0.4497317590955193 0.004128931481696585
vn -0.8931541282363696 0.4497317590955193 0.004128931481696585
vn -0.8931541282363696 0.4497317590955193 0.004128931481696585
vn -0.913245359052405 0.4073891248576811 -0.004124938416082204
vn -0.913245359052405 0.4073891248576811 -0.004124938416082204
vn -0.913245359052405 0.4073891248576811 -0.004124938416082204
vn -0.9388199476632328 0.3443837772167276 0.004113375687221718
vn -0.9388199476632328 0.3443837772167276 0.004113375687221718
vn -0.9388199476632328 0.3443837772167276 0.004113375687221718
vn -0.9538698939840539 0.3001920031200335 -0.004121481970303892
vn -0.9538698939840539 0.3001920031200335 -0.004121481970303892
vn -0.9538698939840539 0.3001920031200335 -0.004121481970303892
vn -0.9709665371298912 0.2391891973835963 0.003537178109512196
vn -0.9709665371298912 0.2391891973835963 0.003537178109512196
vn -0.9709665371298912 0.2391891973835963 0.003537178109512196
vn -0.9811111836521152 0.19342138164764858 -0.0030024047462273947
vn -0.9811111836521152 0.19342138164764858 -0.0030024047462273947
vn -0.9811111836521152 0.19342138164764858 -0.0030024047462273947
vn -0.9875806906048481 0.15710569504462854 0.0014765259886652532
vn -0.9875806906048481 0.15710569504462854 0.0014765259886652532
vn -0.9875806906048481 0.15710569504462854 0.0014765259886652532
vn -0.9878863657559691 0.15516628270444974 0.001988231663122837
vn -0.9878863657559691 0.15516628270444974 0.001988231663122837
vn -0.9878863657559691 0.15516628270444974 0.001988231663122837
vn -0.9929015111808431 0.11891938831503887 -0.0021836157113900006
vn -0.9929015111808431 0.11891938831503887 -0.0021836157113900006
vn -0.9929015111808431 0.11891938831503887 -0.0021836157113900006
vn -0.9963363642140302 0.08533410927621228 0.005651472268597347
vn -0.9963363642140302 0.08533410927621228 0.005651472268597347
vn -0.9963363642140302 0.08533410927621228 0.005651472268597347
vn -0.9993836519250225 0.034673326534740166 -0.005484222098069377
vn -0.9993836519250225 0.034673326534740166 -0.005484222098069377
vn -0.9993836519250225 0.034673326534740166 -0.005484222098069377
vn -0.9994932609861158 -0.03181523147271878 -0.0010061260743691978
vn -0.9994932609861158 -0.03181523147271878 -0.0010061260743691978
vn -0.9994932609861158 -0.03181523147271878 -0.0010061260743691978
vn -0.9998858693937612 -0.014318998147692724 0.004818140588310635
vn -0.9998858693937612 -0.014318998147692724 0.004818140588310635
vn -0.9998858693937612 -0.014318998147692724 0.004818140588310635
vn -0.9479045167891529 -0.000093291192456299 -0.31855457671720255
vn -0.9479045167891529 -0.000093291192456299 -0.31855457671720255
vn -0.9479045167891529 -0.000093291192456299 -0.31855457671720255
vn -0.9658680989413525 -0.00039271899061605275 0.25903409277392814
vn -0.9658680989413525 -0.00039271899061605275 0.25903409277392814
vn -0.9658680989413525 -0.00039271899061605275 0.25903409277392814
vn -0.9462315613198652 -0.002447664083965616 -0.3234808206102835
vn -0.9462315613198652 -0.002447664083965616 -0.3234808206102835
vn -0.9462315613198652 -0.002447664083965616 -0.3234808206102835
vn -0.9593440833732902 -0.013002388102617954 0.2819394750656432
vn -0.9593440833732902 -0.013002388102617954 0.2819394750656432
vn -0.9593440833732902 -0.013002388102617954 0.2819394750656432
vn -0.9493228676734069 0.0018192521306187477 0.3142972848021828
vn -0.9493228676734069 0.0018192521306187477 0.3142972848021828
vn -0.9493228676734069 0.0018192521306187477 0.3142972848021828
vn -0.9643352806437493 -0.0027414560825962104 -0.26466951264603333
vn -0.9643352806437493 -0.0027414560825962104 -0.26466951264603333
vn -0.9643352806437493 -0.0027414560825962104 -0.26466951264603333
vn -0.9628547577568686 0.0004266949901543641 -0.2700195055849621
vn -0.9628547577568686 0.0004266949901543641 -0.2700195055849621
vn -0.9628547577568686 0.0004266949901543641 -0.2700195055849621
vn -0.9357447813631627 -0.0008761429521663647 0.3526768159733982
vn -0.9357447813631627 -0.0008761429521663647 0.3526768159733982
vn -0.9357447813631627 -0.0008761429521663647 0.3526768159733982
vn -0.9325189147403625 -0.0057241316892577025 0.3610757648580979
vn -0.9325189147403625 -0.0057241316892577025 0.3610757648580979
vn -0.9325189147403625 -0.0057241316892577025 0.3610757648580979
vn -0.9804265165723691 -0.008267699030995225 -0.19671169450366383
vn -0.9804265165723691 -0.008267699030995225 -0.19671169450366383
vn -0.9804265165723691 -0.008267699030995225 -0.19671169450366383
vn -0.9761007949404575 0.0001890389961836031 -0.21731820535993984
vn -0.9761007949404575 0.0001890389961836031 -0.21731820535993984
vn -0.9761007949404575 0.0001890389961836031 -0.21731820535993984
vn -0.9832089690843447 -0.0006676129514855164 -0.18248199200208023
vn -0.9832089690843447 -0.0006676129514855164 -0.18248199200208023
vn -0.9832089690843447 -0.0006676129514855164 -0.18248199200208023
vn -0.9922454240491753 0.003343343229773191 -0.12424910667493892
vn -0.9922454240491753 0.003343343229773191 -0.12424910667493892
vn -0.9922454240491753 0.003343343229773191 -0.12424910667493892
vn -0.9954015937498378 -0.013449898554574107 -0.09484074751473878
vn -0.9954015937498378 -0.013449898554574107 -0.09484074751473878
vn -0.9954015937498378 -0.013449898554574107 -0.09484074751473878
vn -0.9982202637761106 0.0005023079569325364 -0.059632647714728114
vn -0.9982202637761106 0.0005023079569325364 -0.059632647714728114
vn -0.9982202637761106 0.0005023079569325364 -0.059632647714728114
vn -0.9999658792388885 -0.0023351900116895265 -0.007923840331925204
vn -0.9999658792388885 -0.0023351900116895265 -0.007923840331925204
vn -0.9999658792388885 -0.0023351900116895265 -0.007923840331925204
vn -0.9999767017506866 -0.006551503250763628 -0.0019167057608719385
vn -0.9999767017506866 -0.006551503250763628 -0.0019167057608719385
vn -0.9999767017506866 -0.006551503250763628 -0.0019167057608719385
vn -0.9987560793681046 -0.00003801709789023452 0.04986273638653158
vn -0.9987560793681046 -0.00003801709789023452 0.04986273638653158
vn -0.9987560793681046 -0.00003801709789023452 0.04986273638653158
vn -0.9978110202306734 -0.008543193347237105 0.06557577108700004
vn -0.9978110202306734 -0.008543193347237105 0.06557577108700004
vn -0.9978110202306734 -0.008543193347237105 0.06557577108700004
vn -0.9950088037196129 0.0045276278535748655 0.09968440753941632
vn -0.9950088037196129 0.0045276278535748655 0.09968440753941632
vn -0.9950088037196129 0.0045276278535748655 0.09968440753941632
vn -0.98860846316129 -0.0012342920322873261 0.1505050932329247
vn -0.98860846316129 -0.0012342920322873261 0.1505050932329247
vn -0.98860846316129 -0.0012342920322873261 0.1505050932329247
vn -0.9848423925145502 -0.014485349479930248 0.17284570158572335
vn -0.9848423925145502 -0.014485349479930248 0.17284570158572335
vn -0.9848423925145502 -0.014485349479930248 0.17284570158572335
vn -0.9805694443314861 0.00019942499506111317 0.19617218221020055
vn -0.9805694443314861 0.00019942499506111317 0.19617218221020055
vn -0.9805694443314861 0.00019942499506111317 0.19617218221020055
vn 0.0015216458899631339 -0.9999988420328436 0.000022951198258884947
vn 0.0015216458899631339 -0.9999988420328436 0.000022951198258884947
vn 0.0015216458899631339 -0.9999988420328436 0.000022951198258884947
vn 0 -0.9999999999734357 -0.000007288950200551977
vn 0 -0.9999999999734357 -0.000007288950200551977
vn 0 -0.9999999999734357 -0.000007288950200551977
vn 0 -1 0
vn 0 -1 0
vn 0 -1 0
vn 0 -0.9999999988045223 -0.00004889740006158465
vn 0 -0.9999999988045223 -0.00004889740006158465
vn 0 -0.9999999988045223 -0.00004889740006158465
vn 0 -1 0
vn 0 -1 0
vn 0 -1 0
vn 0 -0.9999999891389791 -0.00014738399317135831
vn 0 -0.9999999891389791 -0.00014738399317135831
vn 0 -0.9999999891389791 -0.00014738399317135831
vn 0 -1 0
vn 0 -1 0
vn 0 -1 0
vn 0 -0.9999999999997902 6.477769716183052e-7
vn 0 -0.9999999999997902 6.477769716183052e-7
vn 0 -0.9999999999997902 6.477769716183052e-7
vn 0 -0.9999999999962812 -0.000002727249920998337
vn 0 -0.9999999999962812 -0.000002727249920998337
vn 0 -0.9999999999962812 -0.000002727249920998337
vn 0 -1 0
vn 0 -1 0
vn 0 -1 0
vn 0 -0.9999999998960318 -0.000014420000296333082
vn 0 -0.9999999998960318 -0.000014420000296333082
vn 0 -0.9999999998960318 -0.000014420000296333082
vn 0 -0.9999999988464154 0.00004803300174815005
vn 0 -0.9999999988464154 0.00004803300174815005
vn 0 -0.9999999988464154 0.00004803300174815005
vn 0 -1 0
vn 0 -1 0
vn 0 -1 0
vn 0 -1 0
vn 0 -1 0
vn 0 -1 0
vn 0 -1 0
vn 0 -1 0
vn 0 -1 0
vn 0 -0.9999999999999725 2.348979961652666e-7
vn 0 -0.9999999999999725 2.348979961652666e-7
vn 0 -0.9999999999999725 2.348979961652666e-7
vn 0 -1 0
vn 0 -1 0
vn 0 -1 0
vn 0 -1 0
vn 0 -1 0
vn 0 -1 0
vn 0 -0.9999999986862882 -0.000051258401004779664
vn 0 -0.9999999986862882 -0.000051258401004779664
vn 0 -0.9999999986862882 -0.000051258401004779664
vn 0 -1 0
vn 0 -1 0
vn 0 -1 0
vn 0 -0.9999999890972288 0.0001476669988094807
vn 0 -0.9999999890972288 0.0001476669988094807
vn 0 -0.9999999890972288 0.0001476669988094807
vn 0 -0.9999999999888989 0.0000047119601731014765
vn 0 -0.9999999999888989 0.0000047119601731014765
vn 0 -0.9999999999888989 0.0000047119601731014765
vn 0 -1 0
vn 0 -1 0
vn 0 -1 0
vn 0 -0.9999999882056695 0.00015358600467906957
vn 0 -0.9999999882056695 0.00015358600467906957
vn 0 -0.9999999882056695 0.00015358600467906957
vn 0 -0.9999999947596796 -0.00010237500046981624
vn 0 -0.9999999947596796 -0.00010237500046981624
vn 0 -0.9999999947596796 -0.00010237500046981624
vn 0 -1 0
vn 0 -1 0
vn 0 -1 0
vn 0 -1 0
vn 0 -1 0
vn 0 -1 0
vn 0 -0.9999999998959712 -0.000014424200342864558
vn 0 -0.9999999998959712 -0.000014424200342864558
vn 0 -0.9999999998959712 -0.000014424200342864558
vn 0 -0.9999999988511659 0.00004793400143121458
vn 0 -0.9999999988511659 0.00004793400143121458
vn 0 -0.9999999988511659 0.00004793400143121458
vn 0 -0.999999998846526 -0.00004803069890757313
vn 0 -0.999999998846526 -0.00004803069890757313
vn 0 -0.999999998846526 -0.00004803069890757313
vn 0 -0.9999999896900945 0.00014359599879045683
vn 0 -0.9999999896900945 0.00014359599879045683
vn 0 -0.9999999896900945 0.00014359599879045683
vn 0 -0.99999998896734 0.00014854399905569278
vn 0 -0.99999998896734 0.00014854399905569278
vn 0 -0.99999998896734 0.00014854399905569278
vn 0 -0.9999999999995817 -9.148139952227023e-7
vn 0 -0.9999999999995817 -9.148139952227023e-7
vn 0 -0.9999999999995817 -9.148139952227023e-7
vn 0 -1 0
vn 0 -1 0
vn 0 -1 0
vn 0 -0.9999999890908778 -0.0001477099997175736
vn 0 -0.9999999890908778 -0.0001477099997175736
vn 0 -0.9999999890908778 -0.0001477099997175736
vn 0 -0.9999999999950242 0.000003154639898623592
vn 0 -0.9999999999950242 0.000003154639898623592
vn 0 -0.9999999999950242 0.000003154639898623592
vn 0 -1 0
vn 0 -1 0
vn 0 -1 0
vn 0 -0.9999999999981748 -0.000001910680111901607
vn 0 -0.9999999999981748 -0.000001910680111901607
vn 0 -0.9999999999981748 -0.000001910680111901607
vn 0 -1 0
vn 0 -1 0
vn 0 -1 0
vn 0 -0.9999999974195717 0.00007183910183464587
vn 0 -0.9999999974195717 0.00007183910183464587
vn 0 -0.9999999974195717 0.00007183910183464587
vn 0 -0.9999999999985254 0.0000017173499600150677
vn 0 -0.9999999999985254 0.0000017173499600150677
vn 0 -0.9999999999985254 0.0000017173499600150677
vn 0 -0.9999999999995652 9.326220151702311e-7
vn 0 -0.9999999999995652 9.326220151702311e-7
vn 0 -0.9999999999995652 9.326220151702311e-7
vn 0 -0.9999999951648089 -0.00009833810279560596
vn 0 -0.9999999951648089 -0.00009833810279560596
vn 0 -0.9999999951648089 -0.00009833810279560596
vn 0 -0.9999999999857476 -0.000005338989922089545
vn 0 -0.9999999999857476 -0.000005338989922089545
vn 0 -0.9999999999857476 -0.000005338989922089545
vn 0 -1 0
vn 0 -1 0
vn 0 -1 0
vn 0 -0.9999999951351939 0.00009863879629155223
vn 0 -0.9999999951351939 0.00009863879629155223
vn 0 -0.9999999951351939 0.00009863879629155223
vn 0 -0.9999999986759909 0.00005145890092998162
vn 0 -0.9999999986759909 0.00005145890092998162
vn 0 -0.9999999986759909 0.00005145890092998162
vn 0 -1 0
vn 0 -1 0
vn 0 -1 0
vn 0 -0.9999999997784677 -0.000021049099809600117
vn 0 -0.9999999997784677 -0.000021049099809600117
vn 0 -0.9999999997784677 -0.000021049099809600117
vn 0 -0.9999999999995819 -9.145690000874124e-7
vn 0 -0.9999999999995819 -9.145690000874124e-7
vn 0 -0.9999999999995819 -9.145690000874124e-7
vn 0 -1 0
vn 0 -1 0
vn 0 -1 0
vn 0 -1 0
vn 0 -1 0
vn 0 -1 0
vn 0 -0.9999999997129569 0.000023960099490466766
vn 0 -0.9999999997129569 0.000023960099490466766
vn 0 -0.9999999997129569 0.000023960099490466766
vn 0 -0.9999999974106488 -0.00007196320056675105
vn 0 -0.9999999974106488 -0.00007196320056675105
vn 0 -0.9999999974106488 -0.00007196320056675105
vn 0 -1 0
vn 0 -1 0
vn 0 -1 0
vn 0 -0.9999999947837099 0.00010214000159447926
vn 0 -0.9999999947837099 0.00010214000159447926
vn 0 -0.9999999947837099 0.00010214000159447926
vn 0 -0.999999999966521 0.000008182800229132032
vn 0 -0.999999999966521 0.000008182800229132032
vn 0 -0.999999999966521 0.000008182800229132032
vn 0 -0.9999999890097834 0.00014825799572324238
vn 0 -0.9999999890097834 0.00014825799572324238
vn 0 -0.9999999890097834 0.00014825799572324238
vn 0 -0.9999999997393407 -0.000022832400639759982
vn 0 -0.9999999997393407 -0.000022832400639759982
vn 0 -0.9999999997393407 -0.000022832400639759982
vn 0 -0.9999999516264417 -0.00031104198191402927
vn 0 -0.9999999516264417 -0.00031104198191402927
vn 0 -0.9999999516264417 -0.00031104198191402927
vn 0 -1 0
vn 0 -1 0
vn 0 -1 0
vn 0 -0.9999999999997429 7.172229743444379e-7
vn 0 -0.9999999999997429 7.172229743444379e-7
vn 0 -0.9999999999997429 7.172229743444379e-7
vn 0 -0.9999999999884208 -0.0000048123201849545985
vn 0 -0.9999999999884208 -0.0000048123201849545985
vn 0 -0.9999999999884208 -0.0000048123201849545985
vn 0 -0.9999999999998463 -5.545729777622057e-7
vn 0 -0.9999999999998463 -5.545729777622057e-7
vn 0 -0.9999999999998463 -5.545729777622057e-7
vn 0 -0.9999999997662856 0.000021620100591866728
vn 0 -0.9999999997662856 0.000021620100591866728
vn 0 -0.9999999997662856 0.000021620100591866728
vn 0 -0.9999999999279221 -0.00001200649967272373
vn 0 -0.9999999999279221 -0.00001200649967272373
vn 0 -0.9999999999279221 -0.00001200649967272373
vn 0 -0.9999999999284315 0.00001196399989481374
vn 0 -0.9999999999284315 0.00001196399989481374
vn 0 -0.9999999999284315 0.00001196399989481374
vn 0 -1 0
vn 0 -1 0
vn 0 -1 0
vn 0 -0.9999999999890694 -0.000004675619948051287
vn 0 -0.9999999999890694 -0.000004675619948051287
vn 0 -0.9999999999890694 -0.000004675619948051287
vn 0 -0.9999999999965239 -0.000002636709950811494
vn 0 -0.9999999999965239 -0.000002636709950811494
vn 0 -0.9999999999965239 -0.000002636709950811494
vn 0 -1 0
vn 0 -1 0
vn 0 -1 0
vn 0 -0.9999999527827409 -0.00030730199449451566
vn 0 -0.9999999527827409 -0.00030730199449451566
vn 0 -0.9999999527827409 -0.00030730199449451566
vn 0 -1 0
vn 0 -1 0
vn 0 -1 0
vn 0 -0.9999999999972224 0.0000023569800759949447
vn 0 -0.9999999999972224 0.0000023569800759949447
vn 0 -0.9999999999972224 0.0000023569800759949447
vn 0 -1 0
vn 0 -1 0
vn 0 -1 0
vn 0 -1 0
vn 0 -1 0
vn 0 -1 0
vn 0 -1 0
vn 0 -1 0
vn 0 -1 0
vn 0 -1 0
vn 0 -1 0
vn 0 -1 0
vn 0 -1 0
vn 0 -1 0
vn 0 -1 0
vn 0 -0.9999999997391467 0.000022840900777236104
vn 0 -0.9999999997391467 0.000022840900777236104
vn 0 -0.9999999997391467 0.000022840900777236104
vn 0 -1 0
vn 0 -1 0
vn 0 -1 0
vn 0 -0.9999999891741754 0.00014714499252342238
vn 0 -0.9999999891741754 0.00014714499252342238
vn 0 -0.9999999891741754 0.00014714499252342238
vn 0 -0.9999999949866911 0.00010013300147697712
vn 0 -0.9999999949866911 0.00010013300147697712
vn 0 -0.9999999949866911 0.00010013300147697712
vn 0 -1 0
vn 0 -1 0
vn 0 -1 0
vn 0 -1 0
vn 0 -1 0
vn 0 -1 0
vn 0 -0.9999999585763693 -0.00028783199900665746
vn 0 -0.9999999585763693 -0.00028783199900665746
vn 0 -0.9999999585763693 -0.00028783199900665746
vn 0 -1 0
vn 0 -1 0
vn 0 -1 0
vn 0 -0.9999999998385378 -0.000017970100085958417
vn 0 -0.9999999998385378 -0.000017970100085958417
vn 0 -0.9999999998385378 -0.000017970100085958417
vn 0 -1 0
vn 0 -1 0
vn 0 -1 0
vn 0 -0.9999999998778719 -0.000015628700564685785
vn 0 -0.9999999998778719 -0.000015628700564685785
vn 0 -0.9999999998778719 -0.000015628700564685785
vn 0 -0.9999999998065614 -0.000019669199897013273
vn 0 -0.9999999998065614 -0.000019669199897013273
vn 0 -0.9999999998065614 -0.000019669199897013273
vn 0 -0.9999999951650449 -0.00009833570172962811
vn 0 -0.9999999951650449 -0.00009833570172962811
vn 0 -0.9999999951650449 -0.00009833570172962811
vn 0 -1 0
vn 0 -1 0
vn 0 -1 0
vn 0 -1 0
vn 0 -1 0
vn 0 -1 0
vn 0 -0.9999999999988791 0.0000014972599728918383
vn 0 -0.9999999999988791 0.0000014972599728918383
vn 0 -0.9999999999988791 0.0000014972599728918383
vn 0 -0.9999999999898621 0.000004502880074096363
vn 0 -0.9999999999898621 0.000004502880074096363
vn 0 -0.9999999999898621 0.000004502880074096363
vn 0 -1 0
vn 0 -1 0
vn 0 -1 0
vn 0 -1 0
vn 0 -1 0
vn 0 -1 0
vn 0 -0.9999999993526623 -0.00003598160035325227
vn 0 -0.9999999993526623 -0.00003598160035325227
vn 0 -0.9999999993526623 -0.00003598160035325227
vn 0 -0.9999999585524746 0.0002879150031257495
vn 0 -0.9999999585524746 0.0002879150031257495
vn 0 -0.9999999585524746 0.0002879150031257495
vn 0 -0.9999999953929601 -0.00009598999851165286
vn 0 -0.9999999953929601 -0.00009598999851165286
vn 0 -0.9999999953929601 -0.00009598999851165286
vn 0 -1 0
vn 0 -1 0
vn 0 -1 0
vn 0 -0.9999999993481676 -0.000036106299352579945
vn 0 -0.9999999993481676 -0.000036106299352579945
vn 0 -0.9999999993481676 -0.000036106299352579945
vn 0 -0.9999999588080375 -0.00028702599757782953
vn 0 -0.9999999588080375 -0.00028702599757782953
vn 0 -0.9999999588080375 -0.00028702599757782953
vn 0 -0.9999999953738861 0.00009618850118453378
vn 0 -0.9999999953738861 0.00009618850118453378
vn 0 -0.9999999953738861 0.00009618850118453378
vn 0 -0.9999999999980884 0.0000019552999219703366
vn 0 -0.9999999999980884 0.0000019552999219703366
vn 0 -0.9999999999980884 0.0000019552999219703366
vn 0 -0.9999999999850835 0.000005461969976668496
vn 0 -0.9999999999850835 0.000005461969976668496
vn 0 -0.9999999999850835 0.000005461969976668496
vn 0 -1 0
vn 0 -1 0
vn 0 -1 0
vn 0 -0.9999999997115199 -0.00002402000063046322
vn 0 -0.9999999997115199 -0.00002402000063046322
vn 0 -0.9999999997115199 -0.00002402000063046322
vn 0 -1 0
vn 0 -1 0
vn 0 -1 0
vn 0 -1 0
vn 0 -1 0
vn 0 -1 0
vn 0 -1 0
vn 0 -1 0
vn 0 -1 0
vn 0 -0.9999999999539 0.000009602090357942229
vn 0 -0.9999999999539 0.000009602090357942229
vn 0 -0.9999999999539 0.000009602090357942229
vn 0 -0.999999999225226 0.00003936429854226536
vn 0 -0.999999999225226 0.00003936429854226536
vn 0 -0.999999999225226 0.00003936429854226536
vn 0 -0.9999999560130299 -0.0002966040093208261
vn 0 -0.9999999560130299 -0.0002966040093208261
vn 0 -0.9999999560130299 -0.0002966040093208261
vn 0 -1 0
vn 0 -1 0
vn 0 -1 0
vn 0 -0.9999999974106488 0.00007196320056675105
vn 0 -0.9999999974106488 0.00007196320056675105
vn 0 -0.9999999974106488 0.00007196320056675105
vn 0 -1 0
vn 0 -1 0
vn 0 -1 0
vn 0 -0.9999999953940635 0.00009597850249878131
vn 0 -0.9999999953940635 0.00009597850249878131
vn 0 -0.9999999953940635 0.00009597850249878131
vn 0 -0.9999999974076688 -0.00007200460076525397
vn 0 -0.9999999974076688 -0.00007200460076525397
vn 0 -0.9999999974076688 -0.00007200460076525397
vn 0 -0.9999999999936298 -0.000003569389946255796
vn 0 -0.9999999999936298 -0.000003569389946255796
vn 0 -0.9999999999936298 -0.000003569389946255796
vn 0 -1 0
vn 0 -1 0
vn 0 -1 0
vn 0 -0.9999999999991738 0.0000012855999784722663
vn 0 -0.9999999999991738 0.0000012855999784722663
vn 0 -0.9999999999991738 0.0000012855999784722663
vn 0 -1 0
vn 0 -1 0
vn 0 -1 0
vn 0 -0.9999999564228653 -0.0002952190163364119
vn 0 -0.9999999564228653 -0.0002952190163364119
vn 0 -0.9999999564228653 -0.0002952190163364119
vn 0 -1 0
vn 0 -1 0
vn 0 -1 0
vn 0 -1 0
vn 0 -1 0
vn 0 -1 0
vn 0 -0.9999999896900945 -0.00014359599879045683
vn 0 -0.9999999896900945 -0.00014359599879045683
vn 0 -0.9999999896900945 -0.00014359599879045683
vn 0 -0.9999999590879809 0.000286049011155316
vn 0 -0.9999999590879809 0.000286049011155316
vn 0 -0.9999999590879809 0.000286049011155316
vn 0 -1 0
vn 0 -1 0
vn 0 -1 0
vn 0 -1 0
vn 0 -1 0
vn 0 -1 0
vn 0 -1 0
vn 0 -1 0
vn 0 -1 0
vn 0 -1 0
vn 0 -1 0
vn 0 -1 0
vn 0 -0.9999999586626747 -0.00028753199674167064
vn 0 -0.9999999586626747 -0.00028753199674167064
vn 0 -0.9999999586626747 -0.00028753199674167064
vn 0 -0.9999999997115487 -0.00002401880009745792
vn 0 -0.9999999997115487 -0.00002401880009745792
vn 0 -0.9999999997115487 -0.00002401880009745792
vn 0 -0.9999999983455812 0.000057522498441688676
vn 0 -0.9999999983455812 0.000057522498441688676
vn 0 -0.9999999983455812 0.000057522498441688676
vn 0 -0.9999999996663773 -0.000025831099256287946
vn 0 -0.9999999996663773 -0.000025831099256287946
vn 0 -0.9999999996663773 -0.000025831099256287946
vn 0 -0.9999999999817157 -0.000006047209808346841
vn 0 -0.9999999999817157 -0.000006047209808346841
vn 0 -0.9999999999817157 -0.000006047209808346841
vn 0 -1 0
vn 0 -1 0
vn 0 -1 0
vn 0 -1 0
vn 0 -1 0
vn 0 -1 0
vn 0 -1 0
vn 0 -1 0
vn 0 -1 0
vn 0 -1 0
vn 0 -1 0
vn 0 -1 0
vn 0 -0.9999999588728774 -0.00028680000634876795
vn 0 -0.9999999588728774 -0.00028680000634876795
vn 0 -0.9999999588728774 -0.00028680000634876795
vn 0 -1 0
vn 0 -1 0
vn 0 -1 0
vn 0 -0.9999999954125787 -0.00009578539858636379
vn 0 -0.9999999954125787 -0.00009578539858636379
vn 0 -0.9999999954125787 -0.00009578539858636379
vn 0 -1 0
vn 0 -1 0
vn 0 -1 0
vn 0 -1 0
vn 0 -1 0
vn 0 -1 0
vn 0 -1 0
vn 0 -1 0
vn 0 -1 0
vn 0 -0.9999999998964741 0.000014389300302684293
vn 0 -0.9999999998964741 0.000014389300302684293
vn 0 -0.9999999998964741 0.000014389300302684293
vn 0 -0.9999999999995905 -9.049999789563958e-7
vn 0 -0.9999999999995905 -9.049999789563958e-7
vn 0 -0.9999999999995905 -9.049999789563958e-7
vn 0 -0.9999999999814295 0.000006094359832673547
vn 0 -0.9999999999814295 0.000006094359832673547
vn 0 -0.9999999999814295 0.000006094359832673547
vn 0 -1 0
vn 0 -1 0
vn 0 -1 0
vn 0 -1 0
vn 0 -1 0
vn 0 -1 0
vn 0 -1 0
vn 0 -1 0
vn 0 -1 0
vn 0 -1 0
vn 0 -1 0
vn 0 -1 0
vn 0 -1 0
vn 0 -1 0
vn 0 -1 0
vn 0 -1 0
vn 0 -1 0
vn 0 -1 0
vn 0 -1 0
vn 0 -1 0
vn 0 -1 0
vn 0 -0.9999999814160082 0.000192789997582314
vn 0 -0.9999999814160082 0.000192789997582314
vn 0 -0.9999999814160082 0.000192789997582314
vn 0 -1 0
vn 0 -1 0
vn 0 -1 0
vn 0 -1 0
vn 0 -1 0
vn 0 -1 0
vn 0 -1 0
vn 0 -1 0
vn 0 -1 0
vn 0 -0.9999999999990568 -0.0000013735799484480372
vn 0 -0.9999999999990568 -0.0000013735799484480372
vn 0 -0.9999999999990568 -0.0000013735799484480372
vn 0 -1 0
vn 0 -1 0
vn 0 -1 0
vn 0 -0.9999999995448434 0.000030171400780910266
vn 0 -0.9999999995448434 0.000030171400780910266
vn 0 -0.9999999995448434 0.000030171400780910266
vn 0 -0.9999999999982829 -0.0000018531900423081436
vn 0 -0.9999999999982829 -0.0000018531900423081436
vn 0 -0.9999999999982829 -0.0000018531900423081436
vn 0 -1 0
vn 0 -1 0
vn 0 -1 0
vn 0 -1 0
vn 0 -1 0
vn 0 -1 0
vn 0 -0.9999999999984495 0.0000017609900169163647
vn 0 -0.9999999999984495 0.0000017609900169163647
vn 0 -0.9999999999984495 0.0000017609900169163647
vn 0 -1 0
vn 0 -1 0
vn 0 -1 0
vn 0 -1 0
vn 0 -1 0
vn 0 -1 0
vn 0 -0.9999999999999349 -3.6107701362195635e-7
vn 0 -0.9999999999999349 -3.6107701362195635e-7
vn 0 -0.9999999999999349 -3.6107701362195635e-7
vn 0 -1 0
vn 0 -1 0
vn 0 -1 0
vn 0 -1 0
vn 0 -1 0
vn 0 -1 0
vn 0 -1 0
vn 0 -1 0
vn 0 -1 0
vn 0 -0.9999999999999825 -1.8757100406218923e-7
vn 0 -0.9999999999999825 -1.8757100406218923e-7
vn 0 -0.9999999999999825 -1.8757100406218923e-7
vn 0 -0.9999999954099348 0.00009581299629321446
vn 0 -0.9999999954099348 0.00009581299629321446
vn 0 -0.9999999954099348 0.00009581299629321446
vn 0 -1 0
vn 0 -1 0
vn 0 -1 0
vn 0 -1 0
vn 0 -1 0
vn 0 -1 0
vn 0 -0.99999996349679 0.00027019699961154767
vn 0 -0.99999996349679 0.00027019699961154767
vn 0 -0.99999996349679 0.00027019699961154767
vn 0 -0.9999999959825236 -0.00008963789842168436
vn 0 -0.9999999959825236 -0.00008963789842168436
vn 0 -0.9999999959825236 -0.00008963789842168436
vn 0 -1 0
vn 0 -1 0
vn 0 -1 0
vn 0 -1 0
vn 0 -1 0
vn 0 -1 0
vn 0 -0.9999999998713496 0.000016040599801027397
vn 0 -0.9999999998713496 0.000016040599801027397
vn 0 -0.9999999998713496 0.000016040599801027397
vn 0 -0.999999999996408 -0.0000026803099899456485
vn 0 -0.999999999996408 -0.0000026803099899456485
vn 0 -0.999999999996408 -0.0000026803099899456485
vn 0 -1 0
vn 0 -1 0
vn 0 -1 0
vn 0 -1 0
vn 0 -1 0
vn 0 -1 0
vn 0 -0.9999999897724975 0.00014302099442983673
vn 0 -0.9999999897724975 0.00014302099442983673
vn 0 -0.9999999897724975 0.00014302099442983673
vn 0 -0.9999999999452482 -0.000010464399564962187
vn 0 -0.9999999999452482 -0.000010464399564962187
vn 0 -0.9999999999452482 -0.000010464399564962187
vn 0 -0.9999999999909377 0.00000425729012927839
vn 0 -0.9999999999909377 0.00000425729012927839
vn 0 -0.9999999999909377 0.00000425729012927839
vn 0 -0.9999999999909353 -0.000004257909949917632
vn 0 -0.9999999999909353 -0.000004257909949917632
vn 0 -0.9999999999909353 -0.000004257909949917632
vn 0 -0.9999999989529014 0.00004576240093894183
vn 0 -0.9999999989529014 0.00004576240093894183
vn 0 -0.9999999989529014 0.00004576240093894183
vn 0 -1 0
vn 0 -1 0
vn 0 -1 0
vn 0 -1 0
vn 0 -1 0
vn 0 -1 0
vn 0 -1 0
vn 0 -1 0
vn 0 -1 0
vn 0 -1 0
vn 0 -1 0
vn 0 -1 0
vn 0 -0.999999988220103 -0.00015349199931001848
vn 0 -0.999999988220103 -0.00015349199931001848
vn 0 -0.999999988220103 -0.00015349199931001848
vn 0 -1 0
vn 0 -1 0
vn 0 -1 0
vn 0 -0.9999999999745453 0.0000071351100812537915
vn 0 -0.9999999999745453 0.0000071351100812537915
vn 0 -0.9999999999745453 0.0000071351100812537915
vn 0 -0.9999999947219382 0.00010274299657226271
vn 0 -0.9999999947219382 0.00010274299657226271
vn 0 -0.9999999947219382 0.00010274299657226271
vn 0 -1 0
vn 0 -1 0
vn 0 -1 0
vn 0 -0.9999999999056297 -0.00001373830036625304
vn 0 -0.9999999999056297 -0.00001373830036625304
vn 0 -0.9999999999056297 -0.00001373830036625304
vn 0 -0.999999999352756 0.00003597899919841026
vn 0 -0.999999999352756 0.00003597899919841026
vn 0 -0.999999999352756 0.00003597899919841026
vn 0 -1 0
vn 0 -1 0
vn 0 -1 0
vn 0 -0.9999999946991043 -0.00010296500058746382
vn 0 -0.9999999946991043 -0.00010296500058746382
vn 0 -0.9999999946991043 -0.00010296500058746382
vn -0.9999996868529232 0.0003318510084515737 -0.0007184489987166799
vn -0.9999996868529232 0.0003318510084515737 -0.0007184489987166799
vn -0.9999996868529232 0.0003318510084515737 -0.0007184489987166799
vn -0.9999993350983101 0 -0.0011531708189713127
vn -0.9999993350983101 0 -0.0011531708189713127
vn -0.9999993350983101 0 -0.0011531708189713127
vn -0.9999998081315561 0.0003754489540469517 -0.0004927219642265045
vn -0.9999998081315561 0.0003754489540469517 -0.0004927219642265045
vn -0.9999998081315561 0.0003754489540469517 -0.0004927219642265045
vn -0.9999999754925667 -0.0002099340002524283 -0.00007030349489067463
vn -0.9999999754925667 -0.0002099340002524283 -0.00007030349489067463
vn -0.9999999754925667 -0.0002099340002524283 -0.00007030349489067463
vn -0.9999999637288691 0.00025546900592796887 -0.00008531029942667
vn -0.9999999637288691 0.00025546900592796887 -0.00008531029942667
vn -0.9999999637288691 0.00025546900592796887 -0.00008531029942667
vn -0.9999999668250681 0.00015598400617169365 -0.000204985006309306
vn -0.9999999668250681 0.00015598400617169365 -0.000204985006309306
vn -0.9999999668250681 0.00015598400617169365 -0.000204985006309306
vn -0.9999996001858965 0.000025489098778199053 -0.0008938558904618788
vn -0.9999996001858965 0.000025489098778199053 -0.0008938558904618788
vn -0.9999996001858965 0.000025489098778199053 -0.0008938558904618788
vn -0.9999877082972817 -0.004555642079277867 0.0019568800668955944
vn -0.9999877082972817 -0.004555642079277867 0.0019568800668955944
vn -0.9999877082972817 -0.004555642079277867 0.0019568800668955944
vn 0 0.9487038894437508 -0.31616598513170147
vn 0 0.9487038894437508 -0.31616598513170147
vn 0 0.9487038894437508 -0.31616598513170147
vn -0.0005016280402182864 0.948679042048024 -0.31624013589067534
vn -0.0005016280402182864 0.948679042048024 -0.31624013589067534
vn -0.0005016280402182864 0.948679042048024 -0.31624013589067534
vn 0 0.000029341199466319414 0.999999999569547
vn 0 0.000029341199466319414 0.999999999569547
vn 0 0.000029341199466319414 0.999999999569547
vn -0.00012398099256852614 0 0.9999999923143569
vn -0.00012398099256852614 0 0.9999999923143569
vn -0.00012398099256852614 0 0.9999999923143569
vn 0 0 -1
vn 0 0 -1
vn 0 0 -1
vn -0.0000016251100305431833 0 -0.9999999999986795
vn -0.0000016251100305431833 0 -0.9999999999986795
vn -0.0000016251100305431833 0 -0.9999999999986795
vn 0.000003579029907973378 0 -0.9999999999935953
vn 0.000003579029907973378 0 -0.9999999999935953
vn 0.000003579029907973378 0 -0.9999999999935953
vn 0 -0.9486791286232451 -0.31624027402378774
vn 0 -0.9486791286232451 -0.31624027402378774
vn 0 -0.9486791286232451 -0.31624027402378774
vn 0 -0.9486807141574526 -0.31623551759045965
vn 0 -0.9486807141574526 -0.31623551759045965
vn 0 -0.9486807141574526 -0.31623551759045965
vn -0.14551909435197094 -0.9893553966775327 0.0003037170134476725
vn -0.14551909435197094 -0.9893553966775327 0.0003037170134476725
vn -0.14551909435197094 -0.9893553966775327 0.0003037170134476725
vn -0.12764997409698176 -0.9918188164751368 -0.0009588529077426194
vn -0.12764997409698176 -0.9918188164751368 -0.0009588529077426194
vn -0.12764997409698176 -0.9918188164751368 -0.0009588529077426194
vn 0.022788755018649295 -0.9997390851553943 0.0015602106764731958
vn 0.022788755018649295 -0.9997390851553943 0.0015602106764731958
vn 0.022788755018649295 -0.9997390851553943 0.0015602106764731958
vn 0.00859910153259414 -0.9999629816567163 0.0003012790100198449
vn 0.00859910153259414 -0.9999629816567163 0.0003012790100198449
vn 0.00859910153259414 -0.9999629816567163 0.0003012790100198449
vn 0.18144390190987048 -0.9833983889515834 -0.002391457118903796
vn 0.18144390190987048 -0.9833983889515834 -0.002391457118903796
vn 0.18144390190987048 -0.9833983889515834 -0.002391457118903796
vn 0.23488007302414 -0.9720213933365462 0.0024004566761373757
vn 0.23488007302414 -0.9720213933365462 0.0024004566761373757
vn 0.23488007302414 -0.9720213933365462 0.0024004566761373757
vn 0.4025361950037502 -0.9154039880783577 0.00038771399347884637
vn 0.4025361950037502 -0.9154039880783577 0.00038771399347884637
vn 0.4025361950037502 -0.9154039880783577 0.00038771399347884637
vn 0.38181296200681614 -0.9242385080563106 -0.0014290799232470988
vn 0.38181296200681614 -0.9242385080563106 -0.0014290799232470988
vn 0.38181296200681614 -0.9242385080563106 -0.0014290799232470988
vn -0.9782127913587232 -0.20759401097993968 0.0021122091363275403
vn -0.9782127913587232 -0.20759401097993968 0.0021122091363275403
vn -0.9782127913587232 -0.20759401097993968 0.0021122091363275403
vn -0.8606924967820543 -0.5091041301170551 -0.004627167689854776
vn -0.8606924967820543 -0.5091041301170551 -0.004627167689854776
vn -0.8606924967820543 -0.5091041301170551 -0.004627167689854776
vn -0.5882100583795691 -0.8087024258869493 0.0030518167813702794
vn -0.5882100583795691 -0.8087024258869493 0.0030518167813702794
vn -0.5882100583795691 -0.8087024258869493 0.0030518167813702794
vn -0.23556659944636543 -0.9718564082135671 -0.0018705719713242826
vn -0.23556659944636543 -0.9718564082135671 -0.0018705719713242826
vn -0.23556659944636543 -0.9718564082135671 -0.0018705719713242826
f 1//1 2//2 3//3
f 4//4 5//5 6//6
f 7//7 8//8 9//9
f 10//10 11//11 12//12
f 13//13 14//14 15//15
f 16//16 17//17 18//18
f 19//19 20//20 21//21
f 22//22 23//23 24//24
f 25//25 26//26 27//27
f 28//28 29//29 30//30
f 31//31 32//32 33//33
f 34//34 35//35 36//36
f 37//37 38//38 39//39
f 40//40 41//41 42//42
f 43//43 44//44 45//45
f 46//46 47//47 48//48
f 49//49 50//50 51//51
f 52//52 53//53 54//54
f 55//55 56//56 57//57
f 58//58 59//59 60//60
f 61//61 62//62 63//63
f 64//64 65//65 66//66
f 67//67 68//68 69//69
f 70//70 71//71 72//72
f 73//73 74//74 75//75
f 76//76 77//77 78//78
f 79//79 80//80 81//81
f 82//82 83//83 84//84
f 85//85 86//86 87//87
f 88//88 89//89 90//90
f 91//91 92//92 93//93
f 94//94 95//95 96//96
f 97//97 98//98 99//99
f 100//100 101//101 102//102
f 103//103 104//104 105//105
f 106//106 107//107 108//108
f 109//109 110//110 111//111
f 112//112 113//113 114//114
f 115//115 116//116 117//117
f 118//118 119//119 120//120
f 121//121 122//122 123//123
f 124//124 125//125 126//126
f 127//127 128//128 129//129
f 130//130 131//131 132//132
f 133//133 134//134 135//135
f 136//136 137//137 138//138
f 139//139 140//140 141//141
f 142//142 143//143 144//144
f 145//145 146//146 147//147
f 148//148 149//149 150//150
f 151//151 152//152 153//153
f 154//154 155//155 156//156
f 157//157 158//158 159//159
f 160//160 161//161 162//162
f 163//163 164//164 165//165
f 166//166 167//167 168//168
f 169//169 170//170 171//171
f 172//172 173//173 174//174
f 175//175 176//176 177//177
f 178//178 179//179 180//180
f 181//181 182//182 183//183
f 184//184 185//185 186//186
f 187//187 188//188 189//189
f 190//190 191//191 192//192
f 193//193 194//194 195//195
f 196//196 197//197 198//198
f 199//199 200//200 201//201
f 202//202 203//203 204//204
f 205//205 206//206 207//207
f 208//208 209//209 210//210
f 211//211 212//212 213//213
f 214//214 215//215 216//216
f 217//217 218//218 219//219
f 220//220 221//221 222//222
f 223//223 224//224 225//225
f 226//226 227//227 228//228
f 229//229 230//230 231//231
f 232//232 233//233 234//234
f 235//235 236//236 237//237
f 238//238 239//239 240//240
f 241//241 242//242 243//243
f 244//244 245//245 246//246
f 247//247 248//248 249//249
f 250//250 251//251 252//252
f 253//253 254//254 255//255
f 256//256 257//257 258//258
f 259//259 260//260 261//261
f 262//262 263//263 264//264
f 265//265 266//266 267//267
f 268//268 269//269 270//270
f 271//271 272//272 273//273
f 274//274 275//275 276//276
f 277//277 278//278 279//279
f 280//280 281//281 282//282
f 283//283 284//284 285//285
f 286//286 287//287 288//288
f 289//289 290//290 291//291
f 292//292 293//293 294//294
f 295//295 296//296 297//297
f 298//298 299//299 300//300
f 301//301 302//302 303//303
f 304//304 305//305 306//306
f 307//307 308//308 309//309
f 310//310 311//311 312//312
f 313//313 314//314 315//315
f 316//316 317//317 318//318
f 319//319 320//320 321//321
f 322//322 323//323 324//324
f 325//325 326//326 327//327
f 328//328 329//329 330//330
f 331//331 332//332 333//333
f 334//334 335//335 336//336
f 337//337 338//338 339//339
f 340//340 341//341 342//342
f 343//343 344//344 345//345
f 346//346 347//347 348//348
f 349//349 350//350 351//351
f 352//352 353//353 354//354
f 355//355 356//356 357//357
f 358//358 359//359 360//360
f 361//361 362//362 363//363
f 364//364 365//365 366//366
f 367//367 368//368 369//369
f 370//370 371//371 372//372
f 373//373 374//374 375//375
f 376//376 377//377 378//378
f 379//379 380//380 381//381
f 382//382 383//383 384//384
f 385//385 386//386 387//387
f 388//388 389//389 390//390
f 391//391 392//392 393//393
f 394//394 395//395 396//396
f 397//397 398//398 399//399
f 400//400 401//401 402//402
f 403//403 404//404 405//405
f 406//406 407//407 408//408
f 409//409 410//410 411//411
f 412//412 413//413 414//414
f 415//415 416//416 417//417
f 418//418 419//419 420//420
f 421//421 422//422 423//423
f 424//424 425//425 426//426
f 427//427 428//428 429//429
f 430//430 431//431 432//432
f 433//433 434//434 435//435
f 436//436 437//437 438//438
f 439//439 440//440 441//441
f 442//442 443//443 444//444
f 445//445 446//446 447//447
f 448//448 449//449 450//450
f 451//451 452//452 453//453
f 454//454 455//455 456//456
f 457//457 458//458 459//459
f 460//460 461//461 462//462
f 463//463 464//464 465//465
f 466//466 467//467 468//468
f 469//469 470//470 471//471
f 472//472 473//473 474//474
f 475//475 476//476 477//477
f 478//478 479//479 480//480
f 481//481 482//482 483//483
f 484//484 485//485 486//486
f 487//487 488//488 489//489
f 490//490 491//491 492//492
f 493//493 494//494 495//495
f 496//496 497//497 498//498
f 499//499 500//500 501//501
f 502//502 503//503 504//504
f 505//505 506//506 507//507
f 508//508 509//509 510//510
f 511//511 512//512 513//513
f 514//514 515//515 516//516
f 517//517 518//518 519//519
f 520//520 521//521 522//522
f 523//523 524//524 525//525
f 526//526 527//527 528//528
f 529//529 530//530 531//531
f 532//532 533//533 534//534
f 535//535 536//536 537//537
f 538//538 539//539 540//540
f 541//541 542//542 543//543
f 544//544 545//545 546//546
f 547//547 548//548 549//549
f 550//550 551//551 552//552
f 553//553 554//554 555//555
f 556//556 557//557 558//558
f 559//559 560//560 561//561
f 562//562 563//563 564//564
f 565//565 566//566 567//567
f 568//568 569//569 570//570
f 571//571 572//572 573//573
f 574//574 575//575 576//576
f 577//577 578//578 579//579
f 580//580 581//581 582//582
f 583//583 584//584 585//585
f 586//586 587//587 588//588
f 589//589 590//590 591//591
f 592//592 593//593 594//594
f 595//595 596//596 597//597
f 598//598 599//599 600//600
f 601//601 602//602 603//603
f 604//604 605//605 606//606
f 607//607 608//608 609//609
f 610//610 611//611 612//612
f 613//613 614//614 615//615
f 616//616 617//617 618//618
f 619//619 620//620 621//621
f 622//622 623//623 624//624
f 625//625 626//626 627//627
f 628//628 629//629 630//630
f 631//631 632//632 633//633
f 634//634 635//635 636//636
f 637//637 638//638 639//639
f 640//640 641//641 642//642
f 643//643 644//644 645//645
f 646//646 647//647 648//648
f 649//649 650//650 651//651
f 652//652 653//653 654//654
f 655//655 656//656 657//657
f 658//658 659//659 660//660
f 661//661 662//662 663//663
f 664//664 665//665 666//666
f 667//667 668//668 669//669
f 670//670 671//671 672//672
f 673//673 674//674 675//675
f 676//676 677//677 678//678
f 679//679 680//680 681//681
f 682//682 683//683 684//684
f 685//685 686//686 687//687
f 688//688 689//689 690//690
f 691//691 692//692 693//693
f 694//694 695//695 696//696
f 697//697 698//698 699//699
f 700//700 701//701 702//702
f 703//703 704//704 705//705
f 706//706 707//707 708//708
f 709//709 710//710 711//711
f 712//712 713//713 714//714
f 715//715 716//716 717//717
f 718//718 719//719 720//720
f 721//721 722//722 723//723
f 724//724 725//725 726//726
f 727//727 728//728 729//729
f 730//730 731//731 732//732
f 733//733 734//734 735//735
f 736//736 737//737 738//738
f 739//739 740//740 741//741
f 742//742 743//743 744//744
f 745//745 746//746 747//747
f 748//748 749//749 750//750
f 751//751 752//752 753//753
f 754//754 755//755 756//756
f 757//757 758//758 759//759
f 760//760 761//761 762//762
f 763//763 764//764 765//765
f 766//766 767//767 768//768
f 769//769 770//770 771//771
f 772//772 773//773 774//774
f 775//775 776//776 777//777
f 778//778 779//779 780//780
f 781//781 782//782 783//783
f 784//784 785//785 786//786
f 787//787 788//788 789//789
f 790//790 791//791 792//792
f 793//793 794//794 795//795
f 796//796 797//797 798//798
f 799//799 800//800 801//801
f 802//802 803//803 804//804
f 805//805 806//806 807//807
f 808//808 809//809 810//810
f 811//811 812//812 813//813
f 814//814 815//815 816//816
f 817//817 818//818 819//819
f 820//820 821//821 822//822
f 823//823 824//824 825//825
f 826//826 827//827 828//828
f 829//829 830//830 831//831
f 832//832 833//833 834//834
f 835//835 836//836 837//837
f 838//838 839//839 840//840
f 841//841 842//842 843//843
f 844//844 845//845 846//846
f 847//847 848//848 849//849
f 850//850 851//851 852//852
f 853//853 854//854 855//855
f 856//856 857//857 858//858
f 859//859 860//860 861//861
f 862//862 863//863 864//864
f 865//865 866//866 867//867
f 868//868 869//869 870//870
f 871//871 872//872 873//873
f 874//874 875//875 876//876
f 877//877 878//878 879//879
f 880//880 881//881 882//882
f 883//883 884//884 885//885
f 886//886 887//887 888//888
f 889//889 890//890 891//891
f 892//892 893//893 894//894
f 895//895 896//896 897//897
f 898//898 899//899 900//900
f 901//901 902//902 903//903
f 904//904 905//905 906//906
f 907//907 908//908 909//909
f 910//910 911//911 912//912
f 913//913 914//914 915//915
f 916//916 917//917 918//918
f 919//919 920//920 921//921
f 922//922 923//923 924//924
f 925//925 926//926 927//927
f 928//928 929//929 930//930
f 931//931 932//932 933//933
f 934//934 935//935 936//936
f 937//937 938//938 939//939
f 940//940 941//941 942//942
f 943//943 944//944 945//945
f 946//946 947//947 948//948
f 949//949 950//950 951//951
f 952//952 953//953 954//954
f 955//955 956//956 957//957
f 958//958 959//959 960//960
f 961//961 962//962 963//963
f 964//964 965//965 966//966
f 967//967 968//968 969//969
f 970//970 971//971 972//972
f 973//973 974//974 975//975
f 976//976 977//977 978//978
f 979//979 980//980 981//981
f 982//982 983//983 984//984
f 985//985 986//986 987//987
f 988//988 989//989 990//990
f 991//991 992//992 993//993
f 994//994 995//995 996//996
f 997//997 998//998 999//999
f 1000//1000 1001//1001 1002//1002
f 1003//1003 1004//1004 1005//1005
f 1006//1006 1007//1007 1008//1008
f 1009//1009 1010//1010 1011//1011
f 1012//1012 1013//1013 1014//1014
f 1015//1015 1016//1016 1017//1017
f 1018//1018 1019//1019 1020//1020
f 1021//1021 1022//1022 1023//1023
f 1024//1024 1025//1025 1026//1026
f 1027//1027 1028//1028 1029//1029
f 1030//1030 1031//1031 1032//1032
f 1033//1033 1034//1034 1035//1035
f 1036//1036 1037//1037 1038//1038
f 1039//1039 1040//1040 1041//1041
f 1042//1042 1043//1043 1044//1044
f 1045//1045 1046//1046 1047//1047
f 1048//1048 1049//1049 1050//1050
f 1051//1051 1052//1052 1053//1053
f 1054//1054 1055//1055 1056//1056
f 1057//1057 1058//1058 1059//1059
f 1060//1060 1061//1061 1062//1062
f 1063//1063 1064//1064 1065//1065
f 1066//1066 1067//1067 1068//1068
f 1069//1069 1070//1070 1071//1071
f 1072//1072 1073//1073 1074//1074
f 1075//1075 1076//1076 1077//1077
f 1078//1078 1079//1079 1080//1080
f 1081//1081 1082//1082 1083//1083
f 1084//1084 1085//1085 1086//1086
f 1087//1087 1088//1088 1089//1089
f 1090//1090 1091//1091 1092//1092
f 1093//1093 1094//1094 1095//1095
f 1096//1096 1097//1097 1098//1098
f 1099//1099 1100//1100 1101//1101
f 1102//1102 1103//1103 1104//1104
f 1105//1105 1106//1106 1107//1107
f 1108//1108 1109//1109 1110//1110
f 1111//1111 1112//1112 1113//1113
f 1114//1114 1115//1115 1116//1116
f 1117//1117 1118//1118 1119//1119
f 1120//1120 1121//1121 1122//1122
f 1123//1123 1124//1124 1125//1125
f 1126//1126 1127//1127 1128//1128
f 1129//1129 1130//1130 1131//1131
f 1132//1132 1133//1133 1134//1134
f 1135//1135 1136//1136 1137//1137
f 1138//1138 1139//1139 1140//1140
f 1141//1141 1142//1142 1143//1143
f 1144//1144 1145//1145 1146//1146
f 1147//1147 1148//1148 1149//1149
f 1150//1150 1151//1151 1152//1152
f 1153//1153 1154//1154 1155//1155
f 1156//1156 1157//1157 1158//1158
f 1159//1159 1160//1160 1161//1161
f 1162//1162 1163//1163 1164//1164
f 1165//1165 1166//1166 1167//1167
f 1168//1168 1169//1169 1170//1170
f 1171//1171 1172//1172 1173//1173
f 1174//1174 1175//1175 1176//1176
f 1177//1177 1178//1178 1179//1179
f 1180//1180 1181//1181 1182//1182
f 1183//1183 1184//1184 1185//1185
f 1186//1186 1187//1187 1188//1188
f 1189//1189 1190//1190 1191//1191
f 1192//1192 1193//1193 1194//1194
f 1195//1195 1196//1196 1197//1197
f 1198//1198 1199//1199 1200//1200
f 1201//1201 1202//1202 1203//1203
f 1204//1204 1205//1205 1206//1206
f 1207//1207 1208//1208 1209//1209
f 1210//1210 1211//1211 1212//1212
f 1213//1213 1214//1214 1215//1215
f 1216//1216 1217//1217 1218//1218
f 1219//1219 1220//1220 1221//1221
f 1222//1222 1223//1223 1224//1224
f 1225//1225 1226//1226 1227//1227
f 1228//1228 1229//1229 1230//1230
f 1231//1231 1232//1232 1233//1233
f 1234//1234 1235//1235 1236//1236
f 1237//1237 1238//1238 1239//1239
f 1240//1240 1241//1241 1242//1242
f 1243//1243 1244//1244 1245//1245
f 1246//1246 1247//1247 1248//1248
f 1249//1249 1250//1250 1251//1251
f 1252//1252 1253//1253 1254//1254
f 1255//1255 1256//1256 1257//1257
f 1258//1258 1259//1259 1260//1260
f 1261//1261 1262//1262 1263//1263
f 1264//1264 1265//1265 1266//1266
f 1267//1267 1268//1268 1269//1269
f 1270//1270 1271//1271 1272//1272
f 1273//1273 1274//1274 1275//1275
f 1276//1276 1277//1277 1278//1278
f 1279//1279 1280//1280 1281//1281
f 1282//1282 1283//1283 1284//1284
f 1285//1285 1286//1286 1287//1287
f 1288//1288 1289//1289 1290//1290
f 1291//1291 1292//1292 1293//1293
f 1294//1294 1295//1295 1296//1296
f 1297//1297 1298//1298 1299//1299
f 1300//1300 1301//1301 1302//1302
f 1303//1303 1304//1304 1305//1305
f 1306//1306 1307//1307 1308//1308
f 1309//1309 1310//1310 1311//1311
f 1312//1312 1313//1313 1314//1314
f 1315//1315 1316//1316 1317//1317
f 1318//1318 1319//1319 1320//1320
f 1321//1321 1322//1322 1323//1323
f 1324//1324 1325//1325 1326//1326
f 1327//1327 1328//1328 1329//1329
f 1330//1330 1331//1331 1332//1332
f 1333//1333 1334//1334 1335//1335
f 1336//1336 1337//1337 1338//1338
f 1339//1339 1340//1340 1341//1341
f 1342//1342 1343//1343 1344//1344
f 1345//1345 1346//1346 1347//1347
f 1348//1348 1349//1349 1350//1350
f 1351//1351 1352//1352 1353//1353
f 1354//1354 1355//1355 1356//1356
f 1357//1357 1358//1358 1359//1359
f 1360//1360 1361//1361 1362//1362
f 1363//1363 1364//1364 1365//1365
f 1366//1366 1367//1367 1368//1368
f 1369//1369 1370//1370 1371//1371
f 1372//1372 1373//1373 1374//1374
f 1375//1375 1376//1376 1377//1377
f 1378//1378 1379//1379 1380//1380
f 1381//1381 1382//1382 1383//1383
f 1384//1384 1385//1385 1386//1386
f 1387//1387 1388//1388 1389//1389
f 1390//1390 1391//1391 1392//1392
f 1393//1393 1394//1394 1395//1395
f 1396//1396 1397//1397 1398//1398
f 1399//1399 1400//1400 1401//1401
f 1402//1402 1403//1403 1404//1404
f 1405//1405 1406//1406 1407//1407
f 1408//1408 1409//1409 1410//1410
f 1411//1411 1412//1412 1413//1413
f 1414//1414 1415//1415 1416//1416
f 1417//1417 1418//1418 1419//1419
f 1420//1420 1421//1421 1422//1422
f 1423//1423 1424//1424 1425//1425
f 1426//1426 1427//1427 1428//1428
f 1429//1429 1430//1430 1431//1431
f 1432//1432 1433//1433 1434//1434
f 1435//1435 1436//1436 1437//1437
f 1438//1438 1439//1439 1440//1440
f 1441//1441 1442//1442 1443//1443
f 1444//1444 1445//1445 1446//1446
f 1447//1447 1448//1448 1449//1449
f 1450//1450 1451//1451 1452//1452
f 1453//1453 1454//1454 1455//1455
f 1456//1456 1457//1457 1458//1458
f 1459//1459 1460//1460 1461//1461
f 1462//1462 1463//1463 1464//1464
f 1465//1465 1466//1466 1467//1467
f 1468//1468 1469//1469 1470//1470
f 1471//1471 1472//1472 1473//1473
f 1474//1474 1475//1475 1476//1476
f 1477//1477 1478//1478 1479//1479
f 1480//1480 1481//1481 1482//1482
f 1483//1483 1484//1484 1485//1485
f 1486//1486 1487//1487 1488//1488
f 1489//1489 1490//1490 1491//1491
f 1492//1492 1493//1493 1494//1494
f 1495//1495 1496//1496 1497//1497
f 1498//1498 1499//1499 1500//1500
f 1501//1501 1502//1502 1503//1503
f 1504//1504 1505//1505 1506//1506
f 1507//1507 1508//1508 1509//1509
f 1510//1510 1511//1511 1512//1512
f 1513//1513 1514//1514 1515//1515
f 1516//1516 1517//1517 1518//1518
f 1519//1519 1520//1520 1521//1521
f 1522//1522 1523//1523 1524//1524
f 1525//1525 1526//1526 1527//1527
f 1528//1528 1529//1529 1530//1530
f 1531//1531 1532//1532 1533//1533
f 1534//1534 1535//1535 1536//1536
f 1537//1537 1538//1538 1539//1539
f 1540//1540 1541//1541 1542//1542
f 1543//1543 1544//1544 1545//1545
f 1546//1546 1547//1547 1548//1548
f 1549//1549 1550//1550 1551//1551
f 1552//1552 1553//1553 1554//1554
f 1555//1555 1556//1556 1557//1557
f 1558//1558 1559//1559 1560//1560
f 1561//1561 1562//1562 1563//1563
f 1564//1564 1565//1565 1566//1566
f 1567//1567 1568//1568 1569//1569
f 1570//1570 1571//1571 1572//1572
f 1573//1573 1574//1574 1575//1575
f 1576//1576 1577//1577 1578//1578
f 1579//1579 1580//1580 1581//1581
f 1582//1582 1583//1583 1584//1584
f 1585//1585 1586//1586 1587//1587
f 1588//1588 1589//1589 1590//1590
f 1591//1591 1592//1592 1593//1593
f 1594//1594 1595//1595 1596//1596
f 1597//1597 1598//1598 1599//1599
f 1600//1600 1601//1601 1602//1602
f 1603//1603 1604//1604 1605//1605
f 1606//1606 1607//1607 1608//1608
f 1609//1609 1610//1610 1611//1611
f 1612//1612 1613//1613 1614//1614
f 1615//1615 1616//1616 1617//1617
f 1618//1618 1619//1619 1620//1620
f 1621//1621 1622//1622 1623//1623
f 1624//1624 1625//1625 1626//1626
f 1627//1627 1628//1628 1629//1629
f 1630//1630 1631//1631 1632//1632
f 1633//1633 1634//1634 1635//1635
f 1636//1636 1637//1637 1638//1638
f 1639//1639 1640//1640 1641//1641
f 1642//1642 1643//1643 1644//1644
f 1645//1645 1646//1646 1647//1647
f 1648//1648 1649//1649 1650//1650
f 1651//1651 1652//1652 1653//1653
f 1654//1654 1655//1655 1656//1656
f 1657//1657 1658//1658 1659//1659
f 1660//1660 1661//1661 1662//1662
f 1663//1663 1664//1664 1665//1665
f 1666//1666 1667//1667 1668//1668
f 1669//1669 1670//1670 1671//1671
f 1672//1672 1673//1673 1674//1674
f 1675//1675 1676//1676 1677//1677
f 1678//1678 1679//1679 1680//1680
f 1681//1681 1682//1682 1683//1683
f 1684//1684 1685//1685 1686//1686
f 1687//1687 1688//1688 1689//1689
f 1690//1690 1691//1691 1692//1692
f 1693//1693 1694//1694 1695//1695
f 1696//1696 1697//1697 1698//1698
f 1699//1699 1700//1700 1701//1701
f 1702//1702 1703//1703 1704//1704
f 1705//1705 1706//1706 1707//1707
f 1708//1708 1709//1709 1710//1710
f 1711//1711 1712//1712 1713//1713
f 1714//1714 1715//1715 1716//1716
f 1717//1717 1718//1718 1719//1719
f 1720//1720 1721//1721 1722//1722
f 1723//1723 1724//1724 1725//1725
f 1726//1726 1727//1727 1728//1728
f 1729//1729 1730//1730 1731//1731
f 1732//1732 1733//1733 1734//1734
f 1735//1735 1736//1736 1737//1737
f 1738//1738 1739//1739 1740//1740
f 1741//1741 1742//1742 1743//1743
f 1744//1744 1745//1745 1746//1746
f 1747//1747 1748//1748 1749//1749
f 1750//1750 1751//1751 1752//1752
f 1753//1753 1754//1754 1755//1755
f 1756//1756 1757//1757 1758//1758
f 1759//1759 1760//1760 1761//1761
f 1762//1762 1763//1763 1764//1764
f 1765//1765 1766//1766 1767//1767
f 1768//1768 1769//1769 1770//1770
f 1771//1771 1772//1772 1773//1773
f 1774//1774 1775//1775 1776//1776
f 1777//1777 1778//1778 1779//1779
f 1780//1780 1781//1781 1782//1782
f 1783//1783 1784//1784 1785//1785
f 1786//1786 1787//1787 1788//1788
f 1789//1789 1790//1790 1791//1791
f 1792//1792 1793//1793 1794//1794
f 1795//1795 1796//1796 1797//1797
f 1798//1798 1799//1799 1800//1800
f 1801//1801 1802//1802 1803//1803
f 1804//1804 1805//1805 1806//1806
f 1807//1807 1808//1808 1809//1809
f 1810//1810 1811//1811 1812//1812
f 1813//1813 1814//1814 1815//1815
f 1816//1816 1817//1817 1818//1818
f 1819//1819 1820//1820 1821//1821
f 1822//1822 1823//1823 1824//1824
f 1825//1825 1826//1826 1827//1827
f 1828//1828 1829//1829 1830//1830
f 1831//1831 1832//1832 1833//1833
f 1834//1834 1835//1835 1836//1836
f 1837//1837 1838//1838 1839//1839
f 1840//1840 1841//1841 1842//1842
f 1843//1843 1844//1844 1845//1845
f 1846//1846 1847//1847 1848//1848
f 1849//1849 1850//1850 1851//1851
f 1852//1852 1853//1853 1854//1854
f 1855//1855 1856//1856 1857//1857
f 1858//1858 1859//1859 1860//1860
f 1861//1861 1862//1862 1863//1863
f 1864//1864 1865//1865 1866//1866
f 1867//1867 1868//1868 1869//1869
f 1870//1870 1871//1871 1872//1872
f 1873//1873 1874//1874 1875//1875
f 1876//1876 1877//1877 1878//1878
f 1879//1879 1880//1880 1881//1881
f 1882//1882 1883//1883 1884//1884
f 1885//1885 1886//1886 1887//1887
f 1888//1888 1889//1889 1890//1890
f 1891//1891 1892//1892 1893//1893
f 1894//1894 1895//1895 1896//1896
f 1897//1897 1898//1898 1899//1899
f 1900//1900 1901//1901 1902//1902
f 1903//1903 1904//1904 1905//1905
f 1906//1906 1907//1907 1908//1908
f 1909//1909 1910//1910 1911//1911
f 1912//1912 1913//1913 1914//1914
f 1915//1915 1916//1916 1917//1917
f 1918//1918 1919//1919 1920//1920
f 1921//1921 1922//1922 1923//1923
f 1924//1924 1925//1925 1926//1926
f 1927//1927 1928//1928 1929//1929
f 1930//1930 1931//1931 1932//1932
f 1933//1933 1934//1934 1935//1935
f 1936//1936 1937//1937 1938//1938
f 1939//1939 1940//1940 1941//1941
f 1942//1942 1943//1943 1944//1944
f 1945//1945 1946//1946 1947//1947
f 1948//1948 1949//1949 1950//1950
f 1951//1951 1952//1952 1953//1953
f 1954//1954 1955//1955 1956//1956
f 1957//1957 1958//1958 1959//1959
f 1960//1960 1961//1961 1962//1962
f 1963//1963 1964//1964 1965//1965
f 1966//1966 1967//1967 1968//1968
f 1969//1969 1970//1970 1971//1971
f 1972//1972 1973//1973 1974//1974
f 1975//1975 1976//1976 1977//1977
f 1978//1978 1979//1979 1980//1980
f 1981//1981 1982//1982 1983//1983
f 1984//1984 1985//1985 1986//1986
f 1987//1987 1988//1988 1989//1989
f 1990//1990 1991//1991 1992//1992
f 1993//1993 1994//1994 1995//1995
f 1996//1996 1997//1997 1998//1998
f 1999//1999 2000//2000 2001//2001
f 2002//2002 2003//2003 2004//2004
f 2005//2005 2006//2006 2007//2007
f 2008//2008 2009//2009 2010//2010
f 2011//2011 2012//2012 2013//2013
f 2014//2014 2015//2015 2016//2016
f 2017//2017 2018//2018 2019//2019
f 2020//2020 2021//2021 2022//2022
f 2023//2023 2024//2024 2025//2025
f 2026//2026 2027//2027 2028//2028
f 2029//2029 2030//2030 2031//2031
f 2032//2032 2033//2033 2034//2034
f 2035//2035 2036//2036 2037//2037
f 2038//2038 2039//2039 2040//2040
f 2041//2041 2042//2042 2043//2043
f 2044//2044 2045//2045 2046//2046
f 2047//2047 2048//2048 2049//2049
f 2050//2050 2051//2051 2052//2052
f 2053//2053 2054//2054 2055//2055
f 2056//2056 2057//2057 2058//2058
f 2059//2059 2060//2060 2061//2061
f 2062//2062 2063//2063 2064//2064
f 2065//2065 2066//2066 2067//2067
f 2068//2068 2069//2069 2070//2070
f 2071//2071 2072//2072 2073//2073
f 2074//2074 2075//2075 2076//2076
f 2077//2077 2078//2078 2079//2079
f 2080//2080 2081//2081 2082//2082
f 2083//2083 2084//2084 2085//2085
f 2086//2086 2087//2087 2088//2088
f 2089//2089 2090//2090 2091//2091
f 2092//2092 2093//2093 2094//2094
f 2095//2095 2096//2096 2097//2097
f 2098//2098 2099//2099 2100//2100
f 2101//2101 2102//2102 2103//2103
f 2104//2104 2105//2105 2106//2106
f 2107//2107 2108//2108 2109//2109
f 2110//2110 2111//2111 2112//2112
f 2113//2113 2114//2114 2115//2115
f 2116//2116 2117//2117 2118//2118
f 2119//2119 2120//2120 2121//2121
f 2122//2122 2123//2123 2124//2124
f 2125//2125 2126//2126 2127//2127
f 2128//2128 2129//2129 2130//2130
f 2131//2131 2132//2132 2133//2133
f 2134//2134 2135//2135 2136//2136
f 2137//2137 2138//2138 2139//2139
f 2140//2140 2141//2141 2142//2142
f 2143//2143 2144//2144 2145//2145
f 2146//2146 2147//2147 2148//2148
f 2149//2149 2150//2150 2151//2151
f 2152//2152 2153//2153 2154//2154
f 2155//2155 2156//2156 2157//2157
f 2158//2158 2159//2159 2160//2160
f 2161//2161 2162//2162 2163//2163
f 2164//2164 2165//2165 2166//2166
f 2167//2167 2168//2168 2169//2169
f 2170//2170 2171//2171 2172//2172
f 2173//2173 2174//2174 2175//2175
f 2176//2176 2177//2177 2178//2178
f 2179//2179 2180//2180 2181//2181
f 2182//2182 2183//2183 2184//2184
f 2185//2185 2186//2186 2187//2187
f 2188//2188 2189//2189 2190//2190
f 2191//2191 2192//2192 2193//2193
f 2194//2194 2195//2195 2196//2196
f 2197//2197 2198//2198 2199//2199
f 2200//2200 2201//2201 2202//2202
f 2203//2203 2204//2204 2205//2205
f 2206//2206 2207//2207 2208//2208
f 2209//2209 2210//2210 2211//2211
f 2212//2212 2213//2213 2214//2214
f 2215//2215 2216//2216 2217//2217
f 2218//2218 2219//2219 2220//2220
f 2221//2221 2222//2222 2223//2223
f 2224//2224 2225//2225 2226//2226
f 2227//2227 2228//2228 2229//2229
f 2230//2230 2231//2231 2232//2232
f 2233//2233 2234//2234 2235//2235
f 2236//2236 2237//2237 2238//2238
