o node3
usemtl Part__Feature001_001_003_001
v -0.028115449473261833 0.09104064106941223 0.0005000000237487257
v -0.027416160330176353 0.09090498089790344 0.0004995879717171192
v -0.027622099965810776 0.09104029089212418 0.0004999649827368557
v -0.012555480003356934 0.05758985877037048 0.000499989022500813
v -0.012951970100402832 0.05808266997337341 0.0005000029923394322
v -0.012483109720051289 0.056737639009952545 0.0005002319812774658
v -0.012840679846704006 0.056128598749637604 0.0004976040218025446
v -0.012483109720051289 0.056737639009952545 0.0005002319812774658
v -0.013259230181574821 0.05587372928857803 0.0004996419884264469
v -0.030026370659470558 0.09102670103311539 -0.015806609764695168
v -0.029686449095606804 0.0910448208451271 -0.010509960353374481
v -0.02872622013092041 0.09102568030357361 -0.01101011037826538
v -0.028167659416794777 0.09104272723197937 -0.0004337090067565441
v -0.028115449473261833 0.09104081988334656 0.0005000000237487257
v -0.027622099965810776 0.09104029089212418 0.0004999649827368557
v -0.030026370659470558 0.09102670103311539 -0.015806609764695168
v -0.03107284940779209 0.09102639555931091 -0.015917649492621422
v -0.029686449095606804 0.0910448208451271 -0.010509960353374481
v -0.02885466068983078 0.0910438597202301 -0.004718303214758635
v -0.02867037057876587 0.09104058891534805 -0.0005004690028727055
v -0.028167659416794777 0.09104272723197937 -0.0004337090067565441
v -0.02761298045516014 0.09103688597679138 -0.0020986790768802166
v -0.02885466068983078 0.0910438597202301 -0.004718303214758635
v -0.028167659416794777 0.09104272723197937 -0.0004337090067565441
v -0.02761298045516014 0.09103688597679138 -0.0020986790768802166
v -0.028167659416794777 0.09104272723197937 -0.0004337090067565441
v -0.027622099965810776 0.09104029089212418 0.0004999649827368557
v -0.028163010254502296 0.09102825075387955 -0.007934032939374447
v -0.02885466068983078 0.0910438597202301 -0.004718303214758635
v -0.02761298045516014 0.09103688597679138 -0.0020986790768802166
v -0.028163010254502296 0.09102825075387955 -0.007934032939374447
v -0.029686449095606804 0.0910448208451271 -0.010509960353374481
v -0.02885466068983078 0.0910438597202301 -0.004718303214758635
v -0.02872622013092041 0.09102568030357361 -0.01101011037826538
v -0.029686449095606804 0.0910448208451271 -0.010509960353374481
v -0.028163010254502296 0.09102825075387955 -0.007934032939374447
v -0.0268703605979681 0.05091944709420204 -0.014949019998311996
v -0.02426826022565365 0.05223158001899719 -0.015017390251159668
v -0.02489382028579712 0.05200514942407608 -0.010432000271975994
v -0.02426826022565365 0.05223158001899719 -0.015017390251159668
v -0.023631449788808823 0.05235347896814346 -0.018186980858445168
v -0.021079059690237045 0.05367651954293251 -0.013906179927289486
v -0.031423330307006836 0.048214349895715714 -0.007980226539075375
v -0.027007460594177246 0.05090150982141495 -0.007171213161200285
v -0.029728589579463005 0.049133218824863434 0.0004990979796275496
v -0.0268703605979681 0.05091944709420204 -0.014949019998311996
v -0.02489382028579712 0.05200514942407608 -0.010432000271975994
v -0.027007460594177246 0.05090150982141495 -0.007171213161200285
v -0.027007460594177246 0.05090150982141495 -0.007171213161200285
v -0.02395063079893589 0.05239257961511612 -0.004588723182678223
v -0.02549535036087036 0.051457859575748444 0.0004998599761165679
v -0.03500676155090332 0.04549602046608925 -0.00044857998727820814
v -0.03417956084012985 0.04624274745583534 -0.014170880429446697
v -0.034892551600933075 0.04560825973749161 0.0005004319828003645
v -0.03500676155090332 0.04549602046608925 -0.00044857998727820814
v -0.035582948476076126 0.04504135996103287 -0.0005006060237064958
v -0.035735130310058594 0.044925838708877563 -0.003830075031146407
v -0.021079059690237045 0.05367651954293251 -0.013906179927289486
v -0.017218470573425293 0.05511990934610367 -0.01044929027557373
v -0.019321320578455925 0.05437663942575455 -0.0071935649029910564
v -0.02426826022565365 0.05223158001899719 -0.015017390251159668
v -0.026965370401740074 0.05070707947015762 -0.01815927028656006
v -0.023631449788808823 0.05235347896814346 -0.018186980858445168
v -0.030079899355769157 0.04907593876123428 -0.014654040336608887
v -0.0268703605979681 0.05091944709420204 -0.014949019998311996
v -0.027007460594177246 0.05090150982141495 -0.007171213161200285
v -0.02201795019209385 0.053327590227127075 -0.01006191037595272
v -0.019321320578455925 0.05437663942575455 -0.0071935649029910564
v -0.021571870893239975 0.053449008613824844 -0.004728496074676514
v -0.031423330307006836 0.048214349895715714 -0.007980226539075375
v -0.030079899355769157 0.04907593876123428 -0.014654040336608887
v -0.027007460594177246 0.05090150982141495 -0.007171213161200285
v -0.0268703605979681 0.05091944709420204 -0.014949019998311996
v -0.026965370401740074 0.05070707947015762 -0.01815927028656006
v -0.02426826022565365 0.05223158001899719 -0.015017390251159668
v -0.021079059690237045 0.05367651954293251 -0.013906179927289486
v -0.016003480181097984 0.05538049712777138 -0.015104110352694988
v -0.017218470573425293 0.05511990934610367 -0.01044929027557373
v -0.015897270292043686 0.05544343963265419 -0.004240452777594328
v -0.013259230181574821 0.05587372928857803 0.0004996419884264469
v -0.015534929931163788 0.05527230724692345 0.0004999139928258955
v -0.02201795019209385 0.053327590227127075 -0.01006191037595272
v -0.021079059690237045 0.05367651954293251 -0.013906179927289486
v -0.019321320578455925 0.05437663942575455 -0.0071935649029910564
v -0.015897270292043686 0.05544343963265419 -0.004240452777594328
v -0.013300119899213314 0.05621979013085365 -0.00565755320712924
v -0.013259230181574821 0.05587372928857803 0.0004996419884264469
v -0.019722100347280502 0.05395635962486267 -0.018215060234069824
v -0.017535680904984474 0.05470272898674011 -0.018215060234069824
v -0.016003480181097984 0.05538049712777138 -0.015104110352694988
v -0.018699700012803078 0.05447104945778847 -0.0029404161032289267
v -0.015534929931163788 0.05527230724692345 0.0004999139928258955
v -0.020031509920954704 0.05381783843040466 0.0004999220254831016
v -0.018699700012803078 0.05447104945778847 -0.0029404161032289267
v -0.015897270292043686 0.05544343963265419 -0.004240452777594328
v -0.015534929931163788 0.05527230724692345 0.0004999139928258955
v -0.029728589579463005 0.049133218824863434 0.0004990979796275496
v -0.027007460594177246 0.05090150982141495 -0.007171213161200285
v -0.02549535036087036 0.051457859575748444 0.0004998599761165679
v -0.029960449784994125 0.0490141287446022 -0.018236810341477394
v -0.0268703605979681 0.05091944709420204 -0.014949019998311996
v -0.030079899355769157 0.04907593876123428 -0.014654040336608887
v -0.029960449784994125 0.0490141287446022 -0.018236810341477394
v -0.026965370401740074 0.05070707947015762 -0.01815927028656006
v -0.0268703605979681 0.05091944709420204 -0.014949019998311996
v -0.03643316030502319 0.044379688799381256 -0.008169411681592464
v -0.03500676155090332 0.04549602046608925 -0.00044857998727820814
v -0.035735130310058594 0.044925838708877563 -0.003830075031146407
v -0.03643316030502319 0.044379688799381256 -0.008169411681592464
v -0.03417956084012985 0.04624274745583534 -0.014170880429446697
v -0.03500676155090332 0.04549602046608925 -0.00044857998727820814
v -0.03301851823925972 0.0469953790307045 -0.018164390698075294
v -0.029960449784994125 0.0490141287446022 -0.018236810341477394
v -0.030079899355769157 0.04907593876123428 -0.014654040336608887
v -0.02489382028579712 0.05200514942407608 -0.010432000271975994
v -0.02201795019209385 0.053327590227127075 -0.01006191037595272
v -0.021571870893239975 0.053449008613824844 -0.004728496074676514
v -0.02489382028579712 0.05200514942407608 -0.010432000271975994
v -0.021571870893239975 0.053449008613824844 -0.004728496074676514
v -0.02395063079893589 0.05239257961511612 -0.004588723182678223
v -0.03417956084012985 0.04624274745583534 -0.014170880429446697
v -0.030079899355769157 0.04907593876123428 -0.014654040336608887
v -0.031423330307006836 0.048214349895715714 -0.007980226539075375
v -0.01434438955038786 0.05596271902322769 -0.010122120380401611
v -0.013300119899213314 0.05621979013085365 -0.00565755320712924
v -0.015897270292043686 0.05544343963265419 -0.004240452777594328
v -0.021571870893239975 0.053449008613824844 -0.004728496074676514
v -0.018699700012803078 0.05447104945778847 -0.0029404161032289267
v -0.020031509920954704 0.05381783843040466 0.0004999220254831016
v -0.017218470573425293 0.05511990934610367 -0.01044929027557373
v -0.01434438955038786 0.05596271902322769 -0.010122120380401611
v -0.015897270292043686 0.05544343963265419 -0.004240452777594328
v -0.019321320578455925 0.05437663942575455 -0.0071935649029910564
v -0.015897270292043686 0.05544343963265419 -0.004240452777594328
v -0.018699700012803078 0.05447104945778847 -0.0029404161032289267
v -0.02426826022565365 0.05223158001899719 -0.015017390251159668
v -0.021079059690237045 0.05367651954293251 -0.013906179927289486
v -0.02201795019209385 0.053327590227127075 -0.01006191037595272
v -0.027007460594177246 0.05090150982141495 -0.007171213161200285
v -0.02489382028579712 0.05200514942407608 -0.010432000271975994
v -0.02395063079893589 0.05239257961511612 -0.004588723182678223
v -0.03748892992734909 0.043496228754520416 -0.012048300355672836
v -0.03417956084012985 0.04624274745583534 -0.014170880429446697
v -0.03643316030502319 0.044379688799381256 -0.008169411681592464
v -0.036707811057567596 0.04416254907846451 -0.01820283941924572
v -0.03301851823925972 0.0469953790307045 -0.018164390698075294
v -0.03417956084012985 0.04624274745583534 -0.014170880429446697
v -0.02395063079893589 0.05239257961511612 -0.004588723182678223
v -0.020031509920954704 0.05381783843040466 0.0004999220254831016
v -0.02549535036087036 0.051457859575748444 0.0004998599761165679
v -0.02395063079893589 0.05239257961511612 -0.004588723182678223
v -0.021571870893239975 0.053449008613824844 -0.004728496074676514
v -0.020031509920954704 0.05381783843040466 0.0004999220254831016
v -0.03748892992734909 0.043496228754520416 -0.012048300355672836
v -0.036707811057567596 0.04416254907846451 -0.01820283941924572
v -0.03417956084012985 0.04624274745583534 -0.014170880429446697
v -0.021079059690237045 0.05367651954293251 -0.013906179927289486
v -0.023631449788808823 0.05235347896814346 -0.018186980858445168
v -0.019722100347280502 0.05395635962486267 -0.018215060234069824
v -0.03877263888716698 0.04235836863517761 -0.018230140209197998
v -0.036707811057567596 0.04416254907846451 -0.01820283941924572
v -0.03748892992734909 0.043496228754520416 -0.012048300355672836
v -0.031423330307006836 0.048214349895715714 -0.007980226539075375
v -0.029728589579463005 0.049133218824863434 0.0004990979796275496
v -0.034892551600933075 0.04560825973749161 0.0005004319828003645
v -0.03877263888716698 0.04235836863517761 -0.018230140209197998
v -0.03748892992734909 0.043496228754520416 -0.012048300355672836
v -0.038555920124053955 0.04253747686743736 -0.014923980459570885
v -0.04022758826613426 0.0409562885761261 -0.018182089552283287
v -0.03877263888716698 0.04235836863517761 -0.018230140209197998
v -0.038555920124053955 0.04253747686743736 -0.014923980459570885
v -0.019722100347280502 0.05395635962486267 -0.018215060234069824
v -0.016003480181097984 0.05538049712777138 -0.015104110352694988
v -0.021079059690237045 0.05367651954293251 -0.013906179927289486
v -0.03301851823925972 0.0469953790307045 -0.018164390698075294
v -0.030079899355769157 0.04907593876123428 -0.014654040336608887
v -0.03417956084012985 0.04624274745583534 -0.014170880429446697
v -0.017218470573425293 0.05511990934610367 -0.01044929027557373
v -0.016003480181097984 0.05538049712777138 -0.015104110352694988
v -0.01434438955038786 0.05596271902322769 -0.010122120380401611
v -0.021571870893239975 0.053449008613824844 -0.004728496074676514
v -0.019321320578455925 0.05437663942575455 -0.0071935649029910564
v -0.018699700012803078 0.05447104945778847 -0.0029404161032289267
v -0.02489382028579712 0.05200514942407608 -0.010432000271975994
v -0.02426826022565365 0.05223158001899719 -0.015017390251159668
v -0.02201795019209385 0.053327590227127075 -0.01006191037595272
v -0.019321320578455925 0.05437663942575455 -0.0071935649029910564
v -0.017218470573425293 0.05511990934610367 -0.01044929027557373
v -0.015897270292043686 0.05544343963265419 -0.004240452777594328
v -0.03417956084012985 0.04624274745583534 -0.014170880429446697
v -0.031423330307006836 0.048214349895715714 -0.007980226539075375
v -0.034892551600933075 0.04560825973749161 0.0005004319828003645
v -0.031556420028209686 0.09045335650444031 -0.017214709892868996
v -0.03183424100279808 0.08979001641273499 -0.017834540456533432
v -0.03202813118696213 0.08905848860740662 -0.018225369974970818
v -0.03912073001265526 0.045896027237176895 -0.018397390842437744
v -0.040270138531923294 0.04113796725869179 -0.018369730561971664
v -0.04022758826613426 0.0409562885761261 -0.018182089552283287
v -0.02928691916167736 0.08103987574577332 -0.018382960930466652
v -0.028041720390319824 0.07707677036523819 -0.018347259610891342
v -0.03346871957182884 0.07717564702033997 -0.018397510051727295
v -0.02928691916167736 0.08103987574577332 -0.018382960930466652
v -0.03346871957182884 0.07717564702033997 -0.018397510051727295
v -0.03215897083282471 0.08831217885017395 -0.018388450145721436
v -0.03718245029449463 0.043951187282800674 -0.018367169424891472
v -0.040270138531923294 0.04113796725869179 -0.018369730561971664
v -0.03912073001265526 0.045896027237176895 -0.018397390842437744
v -0.0301629900932312 0.08553048968315125 -0.01837456040084362
v -0.02928691916167736 0.08103987574577332 -0.018382960930466652
v -0.03215897083282471 0.08831217885017395 -0.018388450145721436
v -0.03368287906050682 0.04666527733206749 -0.018353519961237907
v -0.03718245029449463 0.043951187282800674 -0.018367169424891472
v -0.03912073001265526 0.045896027237176895 -0.018397390842437744
v -0.03057681955397129 0.08857783675193787 -0.018334440886974335
v -0.0301629900932312 0.08553048968315125 -0.01837456040084362
v -0.03215897083282471 0.08831217885017395 -0.018388450145721436
v -0.03708881139755249 0.05533555895090103 -0.018401440232992172
v -0.03368287906050682 0.04666527733206749 -0.018353519961237907
v -0.03912073001265526 0.045896027237176895 -0.018397390842437744
v -0.0322645902633667 0.04775360971689224 -0.018382370471954346
v -0.03368287906050682 0.04666527733206749 -0.018353519961237907
v -0.03708881139755249 0.05533555895090103 -0.018401440232992172
v -0.027029989287257195 0.050926897674798965 -0.018386300653219223
v -0.0322645902633667 0.04775360971689224 -0.018382370471954346
v -0.03708881139755249 0.05533555895090103 -0.018401440232992172
v -0.020375490188598633 0.06119117885828018 -0.018372710794210434
v -0.017121609300374985 0.05510864034295082 -0.01838207058608532
v -0.02237522043287754 0.05305841937661171 -0.018361149355769157
v -0.020375490188598633 0.06119117885828018 -0.018372710794210434
v -0.016738230362534523 0.056317780166864395 -0.018374860286712646
v -0.017121609300374985 0.05510864034295082 -0.01838207058608532
v -0.020375490188598633 0.06119117885828018 -0.018372710794210434
v -0.02237522043287754 0.05305841937661171 -0.018361149355769157
v -0.027029989287257195 0.050926897674798965 -0.018386300653219223
v -0.020375490188598633 0.06119117885828018 -0.018372710794210434
v -0.027029989287257195 0.050926897674798965 -0.018386300653219223
v -0.03708881139755249 0.05533555895090103 -0.018401440232992172
v -0.022141629830002785 0.06400827318429947 -0.01836048997938633
v -0.020375490188598633 0.06119117885828018 -0.018372710794210434
v -0.03708881139755249 0.05533555895090103 -0.018401440232992172
v -0.022141629830002785 0.06400827318429947 -0.01836048997938633
v -0.03708881139755249 0.05533555895090103 -0.018401440232992172
v -0.034838370978832245 0.06781414896249771 -0.018396250903606415
v -0.02487068995833397 0.06910733133554459 -0.01834147982299328
v -0.022141629830002785 0.06400827318429947 -0.01836048997938633
v -0.034838370978832245 0.06781414896249771 -0.018396250903606415
v -0.02670406922698021 0.07333026081323624 -0.018343860283493996
v -0.02487068995833397 0.06910733133554459 -0.01834147982299328
v -0.034838370978832245 0.06781414896249771 -0.018396250903606415
v -0.02670406922698021 0.07333026081323624 -0.018343860283493996
v -0.034838370978832245 0.06781414896249771 -0.018396250903606415
v -0.03346871957182884 0.07717564702033997 -0.018397510051727295
v -0.028041720390319824 0.07707677036523819 -0.018347259610891342
v -0.02670406922698021 0.07333026081323624 -0.018343860283493996
v -0.03346871957182884 0.07717564702033997 -0.018397510051727295
v -0.019255340099334717 0.06391016393899918 -0.0012188550317659974
v -0.020413869991898537 0.06570801883935928 -0.0022255179937928915
v -0.019894540309906006 0.06442686915397644 0.0005000379751436412
v -0.014793570153415203 0.05944642797112465 -0.0013966560363769531
v -0.014800310134887695 0.059264689683914185 0.0005000220262445509
v -0.012951970100402832 0.05808266997337341 0.0005000029923394322
v -0.014793570153415203 0.05944642797112465 -0.0013966560363769531
v -0.012951970100402832 0.05808266997337341 0.0005000029923394322
v -0.012757239863276482 0.058077968657016754 -0.0016556379850953817
v -0.029607350006699562 0.0877622663974762 -0.016055399551987648
v -0.029131999239325523 0.09090098738670349 -0.01317507028579712
v -0.02841174043715 0.08762523531913757 -0.011775669641792774
v -0.026167800650000572 0.07653848081827164 -0.012879310175776482
v -0.028379319235682487 0.0810231864452362 -0.01617342047393322
v -0.0271641593426466 0.08007314801216125 -0.012688510119915009
v -0.024857040494680405 0.07295367866754532 -0.012819699943065643
v -0.025413690134882927 0.0764593780040741 -0.008642733097076416
v -0.024277210235595703 0.07290628552436829 -0.009418784640729427
v -0.024857040494680405 0.07295367866754532 -0.012819699943065643
v -0.026167800650000572 0.07653848081827164 -0.012879310175776482
v -0.025413690134882927 0.0764593780040741 -0.008642733097076416
v -0.028782010078430176 0.07979455590248108 -0.018276449292898178
v -0.02967113070189953 0.08351609110832214 -0.01826607994735241
v -0.028379319235682487 0.0810231864452362 -0.01617342047393322
v -0.021409690380096436 0.06747940927743912 -0.003344892989844084
v -0.02292490005493164 0.0704365074634552 -0.005582332145422697
v -0.022866899147629738 0.07026103883981705 -0.0023366210516542196
v -0.02640146017074585 0.07996323704719543 -0.008695006370544434
v -0.02721107006072998 0.08383581042289734 -0.008686541579663754
v -0.02681826986372471 0.08376571536064148 -0.005519508849829435
v -0.02640146017074585 0.07996323704719543 -0.008695006370544434
v -0.02681826986372471 0.08376571536064148 -0.005519508849829435
v -0.026105940341949463 0.08014526963233948 -0.005541979800909758
v -0.022471299394965172 0.06904105097055435 -0.008961676619946957
v -0.02401036024093628 0.07295158505439758 -0.006659268867224455
v -0.02292490005493164 0.0704365074634552 -0.005582332145422697
v -0.027038630098104477 0.07613381743431091 -0.016481099650263786
v -0.028379319235682487 0.0810231864452362 -0.01617342047393322
v -0.026167800650000572 0.07653848081827164 -0.012879310175776482
v -0.029607350006699562 0.0877622663974762 -0.016055399551987648
v -0.029972370713949203 0.09083929657936096 -0.016080310568213463
v -0.029131999239325523 0.09090098738670349 -0.01317507028579712
v -0.021632250398397446 0.06780853867530823 -0.006905198097229004
v -0.02292490005493164 0.0704365074634552 -0.005582332145422697
v -0.021409690380096436 0.06747940927743912 -0.003344892989844084
v -0.027972450479865074 0.0838807001709938 -0.012547429651021957
v -0.02841174043715 0.08762523531913757 -0.011775669641792774
v -0.027803540229797363 0.08724638819694519 -0.008935748599469662
v -0.027972450479865074 0.0838807001709938 -0.012547429651021957
v -0.027803540229797363 0.08724638819694519 -0.008935748599469662
v -0.02721107006072998 0.08383581042289734 -0.008686541579663754
v -0.024143090471625328 0.07352767139673233 -0.002266407012939453
v -0.025230640545487404 0.07653191685676575 0.0005000159726478159
v -0.02371037006378174 0.07172539830207825 0.0004999649827368557
v -0.024143090471625328 0.07352767139673233 -0.002266407012939453
v -0.024959919974207878 0.07610484957695007 -0.002333282958716154
v -0.025230640545487404 0.07653191685676575 0.0005000159726478159
v -0.019168730825185776 0.06404688954353333 -0.0038028950802981853
v -0.020413869991898537 0.06570801883935928 -0.0022255179937928915
v -0.019255340099334717 0.06391016393899918 -0.0012188550317659974
v -0.021075060591101646 0.06391111016273499 -0.01619488000869751
v -0.02294355072081089 0.0656035915017128 -0.018232999369502068
v -0.02278446964919567 0.0665491595864296 -0.016426140442490578
v -0.021075060591101646 0.06391111016273499 -0.01619488000869751
v -0.022141629830002785 0.06400827318429947 -0.01836048997938633
v -0.02294355072081089 0.0656035915017128 -0.018232999369502068
v -0.020613130182027817 0.06614157557487488 -0.0064992900006473064
v -0.021409690380096436 0.06747940927743912 -0.003344892989844084
v -0.020413869991898537 0.06570801883935928 -0.0022255179937928915
v -0.022471299394965172 0.06904105097055435 -0.008961676619946957
v -0.024277210235595703 0.07290628552436829 -0.009418784640729427
v -0.02401036024093628 0.07295158505439758 -0.006659268867224455
v -0.029050350189208984 0.08586212992668152 -0.015166640281677246
v -0.029607350006699562 0.0877622663974762 -0.016055399551987648
v -0.02841174043715 0.08762523531913757 -0.011775669641792774
v -0.027038630098104477 0.07613381743431091 -0.016481099650263786
v -0.028782010078430176 0.07979455590248108 -0.018276449292898178
v -0.028379319235682487 0.0810231864452362 -0.01617342047393322
v -0.021632250398397446 0.06780853867530823 -0.006905198097229004
v -0.022471299394965172 0.06904105097055435 -0.008961676619946957
v -0.02292490005493164 0.0704365074634552 -0.005582332145422697
v -0.025096410885453224 0.0763143002986908 -0.0055612921714782715
v -0.026105940341949463 0.08014526963233948 -0.005541979800909758
v -0.02588707022368908 0.0797710195183754 -0.002158104907721281
v -0.025096410885453224 0.0763143002986908 -0.0055612921714782715
v -0.02588707022368908 0.0797710195183754 -0.002158104907721281
v -0.024959919974207878 0.07610484957695007 -0.002333282958716154
v -0.017681589350104332 0.05883345007896423 -0.016831809654831886
v -0.016434190794825554 0.05853477865457535 -0.014958559535443783
v -0.015953660011291504 0.056855060160160065 -0.016740910708904266
v -0.017681589350104332 0.05883345007896423 -0.016831809654831886
v -0.015953660011291504 0.056855060160160065 -0.016740910708904266
v -0.016738230362534523 0.056317780166864395 -0.018374860286712646
v -0.017681589350104332 0.05883345007896423 -0.016831809654831886
v -0.016738230362534523 0.056317780166864395 -0.018374860286712646
v -0.020375490188598633 0.06119117885828018 -0.018372710794210434
v -0.020613130182027817 0.06614157557487488 -0.0064992900006473064
v -0.021632250398397446 0.06780853867530823 -0.006905198097229004
v -0.021409690380096436 0.06747940927743912 -0.003344892989844084
v -0.029607350006699562 0.0877622663974762 -0.016055399551987648
v -0.03046857938170433 0.0899985209107399 -0.017647499218583107
v -0.029972370713949203 0.09083929657936096 -0.016080310568213463
v -0.018496690317988396 0.0627119317650795 0.0004980639787390828
v -0.01702016033232212 0.06113627925515175 0.0004986199783161283
v -0.016117990016937256 0.06072232872247696 -0.003921985160559416
v -0.01730412058532238 0.061854518949985504 -0.003908932209014893
v -0.019168730825185776 0.06404688954353333 -0.0038028950802981853
v -0.019255340099334717 0.06391016393899918 -0.0012188550317659974
v -0.01730412058532238 0.061854518949985504 -0.003908932209014893
v -0.019255340099334717 0.06391016393899918 -0.0012188550317659974
v -0.018496690317988396 0.0627119317650795 0.0004980639787390828
v -0.028041720390319824 0.07707677036523819 -0.018347259610891342
v -0.028782010078430176 0.07979455590248108 -0.018276449292898178
v -0.027038630098104477 0.07613381743431091 -0.016481099650263786
v -0.01907581090927124 0.06391271948814392 -0.006027578841894865
v -0.01730412058532238 0.061854518949985504 -0.003908932209014893
v -0.017170840874314308 0.061637669801712036 -0.006730914115905762
v -0.014793570153415203 0.05944642797112465 -0.0013966560363769531
v -0.016117990016937256 0.06072232872247696 -0.003921985160559416
v -0.01702016033232212 0.06113627925515175 0.0004986199783161283
v -0.01730412058532238 0.061854518949985504 -0.003908932209014893
v -0.018496690317988396 0.0627119317650795 0.0004980639787390828
v -0.016117990016937256 0.06072232872247696 -0.003921985160559416
v -0.019168730825185776 0.06404688954353333 -0.0038028950802981853
v -0.020613130182027817 0.06614157557487488 -0.0064992900006473064
v -0.020413869991898537 0.06570801883935928 -0.0022255179937928915
v -0.022866899147629738 0.07026103883981705 -0.0023366210516542196
v -0.024143090471625328 0.07352767139673233 -0.002266407012939453
v -0.02371037006378174 0.07172539830207825 0.0004999649827368557
v -0.02290784940123558 0.06910905987024307 -0.011621950194239616
v -0.024857040494680405 0.07295367866754532 -0.012819699943065643
v -0.024277210235595703 0.07290628552436829 -0.009418784640729427
v -0.02290784940123558 0.06910905987024307 -0.011621950194239616
v -0.024277210235595703 0.07290628552436829 -0.009418784640729427
v -0.022471299394965172 0.06904105097055435 -0.008961676619946957
v -0.01926529034972191 0.06389693170785904 -0.008844316005706787
v -0.02072376012802124 0.0658678188920021 -0.009532690048217773
v -0.01907581090927124 0.06391271948814392 -0.006027578841894865
v -0.01926529034972191 0.06389693170785904 -0.008844316005706787
v -0.017170840874314308 0.061637669801712036 -0.006730914115905762
v -0.018111880868673325 0.06219390034675598 -0.01011580042541027
v -0.01926529034972191 0.06389693170785904 -0.008844316005706787
v -0.01907581090927124 0.06391271948814392 -0.006027578841894865
v -0.017170840874314308 0.061637669801712036 -0.006730914115905762
v -0.014497039839625359 0.05933079868555069 -0.004029691219329834
v -0.016117990016937256 0.06072232872247696 -0.003921985160559416
v -0.014793570153415203 0.05944642797112465 -0.0013966560363769531
v -0.027038630098104477 0.07613381743431091 -0.016481099650263786
v -0.026167800650000572 0.07653848081827164 -0.012879310175776482
v -0.024857040494680405 0.07295367866754532 -0.012819699943065643
v -0.03057681955397129 0.08857783675193787 -0.018334440886974335
v -0.03046857938170433 0.0899985209107399 -0.017647499218583107
v -0.029607350006699562 0.0877622663974762 -0.016055399551987648
v -0.0271641593426466 0.08007314801216125 -0.012688510119915009
v -0.02721107006072998 0.08383581042289734 -0.008686541579663754
v -0.02640146017074585 0.07996323704719543 -0.008695006370544434
v -0.0271641593426466 0.08007314801216125 -0.012688510119915009
v -0.027972450479865074 0.0838807001709938 -0.012547429651021957
v -0.02721107006072998 0.08383581042289734 -0.008686541579663754
v -0.01907581090927124 0.06391271948814392 -0.006027578841894865
v -0.020613130182027817 0.06614157557487488 -0.0064992900006473064
v -0.019168730825185776 0.06404688954353333 -0.0038028950802981853
v -0.016117990016937256 0.06072232872247696 -0.003921985160559416
v -0.017170840874314308 0.061637669801712036 -0.006730914115905762
v -0.01730412058532238 0.061854518949985504 -0.003908932209014893
v -0.01967984065413475 0.06394223123788834 -0.011174440383911133
v -0.02072376012802124 0.0658678188920021 -0.009532690048217773
v -0.01926529034972191 0.06389693170785904 -0.008844316005706787
v -0.01967984065413475 0.06394223123788834 -0.011174440383911133
v -0.02113592065870762 0.06595776230096817 -0.011685599572956562
v -0.02072376012802124 0.0658678188920021 -0.009532690048217773
v -0.027972450479865074 0.0838807001709938 -0.012547429651021957
v -0.029050350189208984 0.08586212992668152 -0.015166640281677246
v -0.02841174043715 0.08762523531913757 -0.011775669641792774
v -0.014497039839625359 0.05933079868555069 -0.004029691219329834
v -0.014793570153415203 0.05944642797112465 -0.0013966560363769531
v -0.012757239863276482 0.058077968657016754 -0.0016556379850953817
v -0.014497039839625359 0.05933079868555069 -0.004029691219329834
v -0.012757239863276482 0.058077968657016754 -0.0016556379850953817
v -0.012775770388543606 0.058058470487594604 -0.0036637780722230673
v -0.025647100061178207 0.07248863577842712 -0.01644073985517025
v -0.027038630098104477 0.07613381743431091 -0.016481099650263786
v -0.024857040494680405 0.07295367866754532 -0.012819699943065643
v -0.02714020013809204 0.08757302910089493 -0.0019867420196533203
v -0.0274996105581522 0.09090551733970642 -0.0026745200157165527
v -0.027416160330176353 0.09090498089790344 0.0004995879717171192
v -0.02714020013809204 0.08757302910089493 -0.0019867420196533203
v -0.027416160330176353 0.09090498089790344 0.0004995879717171192
v -0.02692830003798008 0.0858931913971901 0.0004999979864805937
v -0.017170840874314308 0.061637669801712036 -0.006730914115905762
v -0.016117990016937256 0.06072232872247696 -0.003921985160559416
v -0.015006420202553272 0.0595722496509552 -0.006699860095977783
v -0.02670406922698021 0.07333026081323624 -0.018343860283493996
v -0.028041720390319824 0.07707677036523819 -0.018347259610891342
v -0.027038630098104477 0.07613381743431091 -0.016481099650263786
v -0.014497039839625359 0.05933079868555069 -0.004029691219329834
v -0.012775770388543606 0.058058470487594604 -0.0036637780722230673
v -0.013196170330047607 0.05820599943399429 -0.00661510182544589
v -0.02072376012802124 0.0658678188920021 -0.009532690048217773
v -0.021632250398397446 0.06780853867530823 -0.006905198097229004
v -0.020613130182027817 0.06614157557487488 -0.0064992900006473064
v -0.02072376012802124 0.0658678188920021 -0.009532690048217773
v -0.022471299394965172 0.06904105097055435 -0.008961676619946957
v -0.021632250398397446 0.06780853867530823 -0.006905198097229004
v -0.023371100425720215 0.06915667653083801 -0.013695060275495052
v -0.024857040494680405 0.07295367866754532 -0.012819699943065643
v -0.02290784940123558 0.06910905987024307 -0.011621950194239616
v -0.017170840874314308 0.061637669801712036 -0.006730914115905762
v -0.015006420202553272 0.0595722496509552 -0.006699860095977783
v -0.016478300094604492 0.06055614724755287 -0.00934511423110962
v -0.025413690134882927 0.0764593780040741 -0.008642733097076416
v -0.02640146017074585 0.07996323704719543 -0.008695006370544434
v -0.026105940341949463 0.08014526963233948 -0.005541979800909758
v -0.025413690134882927 0.0764593780040741 -0.008642733097076416
v -0.026105940341949463 0.08014526963233948 -0.005541979800909758
v -0.025096410885453224 0.0763143002986908 -0.0055612921714782715
v -0.01967984065413475 0.06394223123788834 -0.011174440383911133
v -0.01926529034972191 0.06389693170785904 -0.008844316005706787
v -0.018111880868673325 0.06219390034675598 -0.01011580042541027
v -0.015006420202553272 0.0595722496509552 -0.006699860095977783
v -0.016117990016937256 0.06072232872247696 -0.003921985160559416
v -0.014497039839625359 0.05933079868555069 -0.004029691219329834
v -0.027382129803299904 0.08756069093942642 -0.005642354022711515
v -0.0274996105581522 0.09090551733970642 -0.0026745200157165527
v -0.02714020013809204 0.08757302910089493 -0.0019867420196533203
v -0.015006420202553272 0.0595722496509552 -0.006699860095977783
v -0.014497039839625359 0.05933079868555069 -0.004029691219329834
v -0.013196170330047607 0.05820599943399429 -0.00661510182544589
v -0.021132400259375572 0.06518570333719254 -0.013707280158996582
v -0.02113592065870762 0.06595776230096817 -0.011685599572956562
v -0.01967984065413475 0.06394223123788834 -0.011174440383911133
v -0.01967984065413475 0.06394223123788834 -0.011174440383911133
v -0.018111880868673325 0.06219390034675598 -0.01011580042541027
v -0.018483629450201988 0.061779119074344635 -0.012998219579458237
v -0.02401036024093628 0.07295158505439758 -0.006659268867224455
v -0.024959919974207878 0.07610484957695007 -0.002333282958716154
v -0.024143090471625328 0.07352767139673233 -0.002266407012939453
v -0.016478300094604492 0.06055614724755287 -0.00934511423110962
v -0.018111880868673325 0.06219390034675598 -0.01011580042541027
v -0.017170840874314308 0.061637669801712036 -0.006730914115905762
v -0.02401036024093628 0.07295158505439758 -0.006659268867224455
v -0.025096410885453224 0.0763143002986908 -0.0055612921714782715
v -0.024959919974207878 0.07610484957695007 -0.002333282958716154
v -0.027691960334777832 0.09092393517494202 -0.005110383033752441
v -0.0274996105581522 0.09090551733970642 -0.0026745200157165527
v -0.027382129803299904 0.08756069093942642 -0.005642354022711515
v -0.021132400259375572 0.06518570333719254 -0.013707280158996582
v -0.01967984065413475 0.06394223123788834 -0.011174440383911133
v -0.018483629450201988 0.061779119074344635 -0.012998219579458237
v -0.022866899147629738 0.07026103883981705 -0.0023366210516542196
v -0.02371037006378174 0.07172539830207825 0.0004999649827368557
v -0.0219073798507452 0.06770762801170349 0.0004998589865863323
v -0.021132400259375572 0.06518570333719254 -0.013707280158996582
v -0.021075060591101646 0.06391111016273499 -0.01619488000869751
v -0.02278446964919567 0.0665491595864296 -0.016426140442490578
v -0.014871180057525635 0.05923691764473915 -0.008386789821088314
v -0.016478300094604492 0.06055614724755287 -0.00934511423110962
v -0.015006420202553272 0.0595722496509552 -0.006699860095977783
v -0.025647100061178207 0.07248863577842712 -0.01644073985517025
v -0.02670406922698021 0.07333026081323624 -0.018343860283493996
v -0.027038630098104477 0.07613381743431091 -0.016481099650263786
v -0.014871180057525635 0.05923691764473915 -0.008386789821088314
v -0.015006420202553272 0.0595722496509552 -0.006699860095977783
v -0.013196170330047607 0.05820599943399429 -0.00661510182544589
v -0.026638319715857506 0.08388952165842056 -0.002068399917334318
v -0.02692830003798008 0.0858931913971901 0.0004999979864805937
v -0.02632606029510498 0.08171883970499039 0.0005000020028091967
v -0.026638319715857506 0.08388952165842056 -0.002068399917334318
v -0.02714020013809204 0.08757302910089493 -0.0019867420196533203
v -0.02692830003798008 0.0858931913971901 0.0004999979864805937
v -0.01692122034728527 0.06049153953790665 -0.011451180092990398
v -0.018111880868673325 0.06219390034675598 -0.01011580042541027
v -0.016478300094604492 0.06055614724755287 -0.00934511423110962
v -0.02072376012802124 0.0658678188920021 -0.009532690048217773
v -0.020613130182027817 0.06614157557487488 -0.0064992900006473064
v -0.01907581090927124 0.06391271948814392 -0.006027578841894865
v -0.01692122034728527 0.06049153953790665 -0.011451180092990398
v -0.018483629450201988 0.061779119074344635 -0.012998219579458237
v -0.018111880868673325 0.06219390034675598 -0.01011580042541027
v -0.014871180057525635 0.05923691764473915 -0.008386789821088314
v -0.013196170330047607 0.05820599943399429 -0.00661510182544589
v -0.013466349802911282 0.05785289779305458 -0.009182809852063656
v -0.02113592065870762 0.06595776230096817 -0.011685599572956562
v -0.022471299394965172 0.06904105097055435 -0.008961676619946957
v -0.02072376012802124 0.0658678188920021 -0.009532690048217773
v -0.02113592065870762 0.06595776230096817 -0.011685599572956562
v -0.02290784940123558 0.06910905987024307 -0.011621950194239616
v -0.022471299394965172 0.06904105097055435 -0.008961676619946957
v -0.0152928801253438 0.059140659868717194 -0.010520990006625652
v -0.016478300094604492 0.06055614724755287 -0.00934511423110962
v -0.014871180057525635 0.05923691764473915 -0.008386789821088314
v -0.0152928801253438 0.059140659868717194 -0.010520990006625652
v -0.01692122034728527 0.06049153953790665 -0.011451180092990398
v -0.016478300094604492 0.06055614724755287 -0.00934511423110962
v -0.0152928801253438 0.059140659868717194 -0.010520990006625652
v -0.014871180057525635 0.05923691764473915 -0.008386789821088314
v -0.013466349802911282 0.05785289779305458 -0.009182809852063656
v -0.018483629450201988 0.061779119074344635 -0.012998219579458237
v -0.01692122034728527 0.06049153953790665 -0.011451180092990398
v -0.017247790470719337 0.05998089909553528 -0.013835839927196503
v -0.024567360058426857 0.07002034783363342 -0.01648389920592308
v -0.024857040494680405 0.07295367866754532 -0.012819699943065643
v -0.023371100425720215 0.06915667653083801 -0.013695060275495052
v -0.024567360058426857 0.07002034783363342 -0.01648389920592308
v -0.025647100061178207 0.07248863577842712 -0.01644073985517025
v -0.024857040494680405 0.07295367866754532 -0.012819699943065643
v -0.019683709368109703 0.061666108667850494 -0.01651613973081112
v -0.021075060591101646 0.06391111016273499 -0.01619488000869751
v -0.018483629450201988 0.061779119074344635 -0.012998219579458237
v -0.0152928801253438 0.059140659868717194 -0.010520990006625652
v -0.013466349802911282 0.05785289779305458 -0.009182809852063656
v -0.014134040102362633 0.05770538002252579 -0.011667069979012012
v -0.027803540229797363 0.08724638819694519 -0.008935748599469662
v -0.027691960334777832 0.09092393517494202 -0.005110383033752441
v -0.027382129803299904 0.08756069093942642 -0.005642354022711515
v -0.027803540229797363 0.08724638819694519 -0.008935748599469662
v -0.028174400329589844 0.09084925055503845 -0.008901536464691162
v -0.027691960334777832 0.09092393517494202 -0.005110383033752441
v -0.01573001965880394 0.05890515819191933 -0.012527099810540676
v -0.01692122034728527 0.06049153953790665 -0.011451180092990398
v -0.0152928801253438 0.059140659868717194 -0.010520990006625652
v -0.01573001965880394 0.05890515819191933 -0.012527099810540676
v -0.017247790470719337 0.05998089909553528 -0.013835839927196503
v -0.01692122034728527 0.06049153953790665 -0.011451180092990398
v -0.01573001965880394 0.05890515819191933 -0.012527099810540676
v -0.0152928801253438 0.059140659868717194 -0.010520990006625652
v -0.014134040102362633 0.05770538002252579 -0.011667069979012012
v -0.017247790470719337 0.05998089909553528 -0.013835839927196503
v -0.019683709368109703 0.061666108667850494 -0.01651613973081112
v -0.018483629450201988 0.061779119074344635 -0.012998219579458237
v -0.028379319235682487 0.0810231864452362 -0.01617342047393322
v -0.029050350189208984 0.08586212992668152 -0.015166640281677246
v -0.027972450479865074 0.0838807001709938 -0.012547429651021957
v -0.02588707022368908 0.0797710195183754 -0.002158104907721281
v -0.026638319715857506 0.08388952165842056 -0.002068399917334318
v -0.02632606029510498 0.08171883970499039 0.0005000020028091967
v -0.019683709368109703 0.061666108667850494 -0.01651613973081112
v -0.022141629830002785 0.06400827318429947 -0.01836048997938633
v -0.021075060591101646 0.06391111016273499 -0.01619488000869751
v -0.019683709368109703 0.061666108667850494 -0.01651613973081112
v -0.020375490188598633 0.06119117885828018 -0.018372710794210434
v -0.022141629830002785 0.06400827318429947 -0.01836048997938633
v -0.01573001965880394 0.05890515819191933 -0.012527099810540676
v -0.014134040102362633 0.05770538002252579 -0.011667069979012012
v -0.01490860991179943 0.05751284956932068 -0.013899619691073895
v -0.017681589350104332 0.05883345007896423 -0.016831809654831886
v -0.019683709368109703 0.061666108667850494 -0.01651613973081112
v -0.017247790470719337 0.05998089909553528 -0.013835839927196503
v -0.017247790470719337 0.05998089909553528 -0.013835839927196503
v -0.016434190794825554 0.05853477865457535 -0.014958559535443783
v -0.017681589350104332 0.05883345007896423 -0.016831809654831886
v -0.02967113070189953 0.08351609110832214 -0.01826607994735241
v -0.029607350006699562 0.0877622663974762 -0.016055399551987648
v -0.029050350189208984 0.08586212992668152 -0.015166640281677246
v -0.02292490005493164 0.0704365074634552 -0.005582332145422697
v -0.024143090471625328 0.07352767139673233 -0.002266407012939453
v -0.022866899147629738 0.07026103883981705 -0.0023366210516542196
v -0.02292490005493164 0.0704365074634552 -0.005582332145422697
v -0.02401036024093628 0.07295158505439758 -0.006659268867224455
v -0.024143090471625328 0.07352767139673233 -0.002266407012939453
v -0.021132400259375572 0.06518570333719254 -0.013707280158996582
v -0.02290784940123558 0.06910905987024307 -0.011621950194239616
v -0.02113592065870762 0.06595776230096817 -0.011685599572956562
v -0.021132400259375572 0.06518570333719254 -0.013707280158996582
v -0.023371100425720215 0.06915667653083801 -0.013695060275495052
v -0.02290784940123558 0.06910905987024307 -0.011621950194239616
v -0.016434190794825554 0.05853477865457535 -0.014958559535443783
v -0.01490860991179943 0.05751284956932068 -0.013899619691073895
v -0.015953660011291504 0.056855060160160065 -0.016740910708904266
v -0.017681589350104332 0.05883345007896423 -0.016831809654831886
v -0.020375490188598633 0.06119117885828018 -0.018372710794210434
v -0.019683709368109703 0.061666108667850494 -0.01651613973081112
v -0.02278446964919567 0.0665491595864296 -0.016426140442490578
v -0.024567360058426857 0.07002034783363342 -0.01648389920592308
v -0.023371100425720215 0.06915667653083801 -0.013695060275495052
v -0.01907581090927124 0.06391271948814392 -0.006027578841894865
v -0.019168730825185776 0.06404688954353333 -0.0038028950802981853
v -0.01730412058532238 0.061854518949985504 -0.003908932209014893
v -0.02681826986372471 0.08376571536064148 -0.005519508849829435
v -0.027382129803299904 0.08756069093942642 -0.005642354022711515
v -0.02714020013809204 0.08757302910089493 -0.0019867420196533203
v -0.02681826986372471 0.08376571536064148 -0.005519508849829435
v -0.02714020013809204 0.08757302910089493 -0.0019867420196533203
v -0.026638319715857506 0.08388952165842056 -0.002068399917334318
v -0.014793570153415203 0.05944642797112465 -0.0013966560363769531
v -0.01702016033232212 0.06113627925515175 0.0004986199783161283
v -0.014800310134887695 0.059264689683914185 0.0005000220262445509
v -0.02401036024093628 0.07295158505439758 -0.006659268867224455
v -0.025413690134882927 0.0764593780040741 -0.008642733097076416
v -0.025096410885453224 0.0763143002986908 -0.0055612921714782715
v -0.02588707022368908 0.0797710195183754 -0.002158104907721281
v -0.02632606029510498 0.08171883970499039 0.0005000020028091967
v -0.025230640545487404 0.07653191685676575 0.0005000159726478159
v -0.02967113070189953 0.08351609110832214 -0.01826607994735241
v -0.03057681955397129 0.08857783675193787 -0.018334440886974335
v -0.029607350006699562 0.0877622663974762 -0.016055399551987648
v -0.021075060591101646 0.06391111016273499 -0.01619488000869751
v -0.021132400259375572 0.06518570333719254 -0.013707280158996582
v -0.018483629450201988 0.061779119074344635 -0.012998219579458237
v -0.024567360058426857 0.07002034783363342 -0.01648389920592308
v -0.02670406922698021 0.07333026081323624 -0.018343860283493996
v -0.025647100061178207 0.07248863577842712 -0.01644073985517025
v -0.02487068995833397 0.06910733133554459 -0.01834147982299328
v -0.02670406922698021 0.07333026081323624 -0.018343860283493996
v -0.024567360058426857 0.07002034783363342 -0.01648389920592308
v -0.02841174043715 0.08762523531913757 -0.011775669641792774
v -0.028174400329589844 0.09084925055503845 -0.008901536464691162
v -0.027803540229797363 0.08724638819694519 -0.008935748599469662
v -0.026167800650000572 0.07653848081827164 -0.012879310175776482
v -0.0271641593426466 0.08007314801216125 -0.012688510119915009
v -0.02640146017074585 0.07996323704719543 -0.008695006370544434
v -0.016434190794825554 0.05853477865457535 -0.014958559535443783
v -0.01573001965880394 0.05890515819191933 -0.012527099810540676
v -0.01490860991179943 0.05751284956932068 -0.013899619691073895
v -0.026167800650000572 0.07653848081827164 -0.012879310175776482
v -0.02640146017074585 0.07996323704719543 -0.008695006370544434
v -0.025413690134882927 0.0764593780040741 -0.008642733097076416
v -0.017247790470719337 0.05998089909553528 -0.013835839927196503
v -0.01573001965880394 0.05890515819191933 -0.012527099810540676
v -0.016434190794825554 0.05853477865457535 -0.014958559535443783
v -0.028379319235682487 0.0810231864452362 -0.01617342047393322
v -0.027972450479865074 0.0838807001709938 -0.012547429651021957
v -0.0271641593426466 0.08007314801216125 -0.012688510119915009
v -0.021409690380096436 0.06747940927743912 -0.003344892989844084
v -0.022866899147629738 0.07026103883981705 -0.0023366210516542196
v -0.0219073798507452 0.06770762801170349 0.0004998589865863323
v -0.02278446964919567 0.0665491595864296 -0.016426140442490578
v -0.023371100425720215 0.06915667653083801 -0.013695060275495052
v -0.021132400259375572 0.06518570333719254 -0.013707280158996582
v -0.02967113070189953 0.08351609110832214 -0.01826607994735241
v -0.029050350189208984 0.08586212992668152 -0.015166640281677246
v -0.028379319235682487 0.0810231864452362 -0.01617342047393322
v -0.02841174043715 0.08762523531913757 -0.011775669641792774
v -0.029131999239325523 0.09090098738670349 -0.01317507028579712
v -0.028174400329589844 0.09084925055503845 -0.008901536464691162
v -0.02278446964919567 0.0665491595864296 -0.016426140442490578
v -0.02487068995833397 0.06910733133554459 -0.01834147982299328
v -0.024567360058426857 0.07002034783363342 -0.01648389920592308
v -0.024277210235595703 0.07290628552436829 -0.009418784640729427
v -0.025413690134882927 0.0764593780040741 -0.008642733097076416
v -0.02401036024093628 0.07295158505439758 -0.006659268867224455
v -0.020413869991898537 0.06570801883935928 -0.0022255179937928915
v -0.0219073798507452 0.06770762801170349 0.0004998589865863323
v -0.019894540309906006 0.06442686915397644 0.0005000379751436412
v -0.02721107006072998 0.08383581042289734 -0.008686541579663754
v -0.027382129803299904 0.08756069093942642 -0.005642354022711515
v -0.02681826986372471 0.08376571536064148 -0.005519508849829435
v -0.02294355072081089 0.0656035915017128 -0.018232999369502068
v -0.02487068995833397 0.06910733133554459 -0.01834147982299328
v -0.02278446964919567 0.0665491595864296 -0.016426140442490578
v -0.026105940341949463 0.08014526963233948 -0.005541979800909758
v -0.02681826986372471 0.08376571536064148 -0.005519508849829435
v -0.026638319715857506 0.08388952165842056 -0.002068399917334318
v -0.026105940341949463 0.08014526963233948 -0.005541979800909758
v -0.026638319715857506 0.08388952165842056 -0.002068399917334318
v -0.02588707022368908 0.0797710195183754 -0.002158104907721281
v -0.024959919974207878 0.07610484957695007 -0.002333282958716154
v -0.02588707022368908 0.0797710195183754 -0.002158104907721281
v -0.025230640545487404 0.07653191685676575 0.0005000159726478159
v -0.018496690317988396 0.0627119317650795 0.0004980639787390828
v -0.019255340099334717 0.06391016393899918 -0.0012188550317659974
v -0.019894540309906006 0.06442686915397644 0.0005000379751436412
v -0.020413869991898537 0.06570801883935928 -0.0022255179937928915
v -0.021409690380096436 0.06747940927743912 -0.003344892989844084
v -0.0219073798507452 0.06770762801170349 0.0004998589865863323
v -0.02721107006072998 0.08383581042289734 -0.008686541579663754
v -0.027803540229797363 0.08724638819694519 -0.008935748599469662
v -0.027382129803299904 0.08756069093942642 -0.005642354022711515
v -0.03057681955397129 0.08857783675193787 -0.018334440886974335
v -0.03202813118696213 0.08905848860740662 -0.018225369974970818
v -0.030711770057678223 0.08917269110679626 -0.01819079928100109
v -0.030366770923137665 0.09064850956201553 -0.01691216044127941
v -0.031556420028209686 0.09045335650444031 -0.017214709892868996
v -0.03107284940779209 0.09102639555931091 -0.015917649492621422
v -0.030366770923137665 0.09064850956201553 -0.01691216044127941
v -0.03107284940779209 0.09102639555931091 -0.015917649492621422
v -0.030026370659470558 0.09102670103311539 -0.015806609764695168
v -0.03046857938170433 0.0899985209107399 -0.017647499218583107
v -0.031556420028209686 0.09045335650444031 -0.017214709892868996
v -0.030366770923137665 0.09064850956201553 -0.01691216044127941
v -0.03046857938170433 0.0899985209107399 -0.017647499218583107
v -0.03183424100279808 0.08979001641273499 -0.017834540456533432
v -0.031556420028209686 0.09045335650444031 -0.017214709892868996
v -0.030711770057678223 0.08917269110679626 -0.01819079928100109
v -0.03202813118696213 0.08905848860740662 -0.018225369974970818
v -0.03183424100279808 0.08979001641273499 -0.017834540456533432
v -0.030711770057678223 0.08917269110679626 -0.01819079928100109
v -0.03183424100279808 0.08979001641273499 -0.017834540456533432
v -0.03046857938170433 0.0899985209107399 -0.017647499218583107
v -0.03057681955397129 0.08857783675193787 -0.018334440886974335
v -0.03215897083282471 0.08831217885017395 -0.018388450145721436
v -0.03202813118696213 0.08905848860740662 -0.018225369974970818
v -0.012435070239007473 0.05698367953300476 -0.0011547800386324525
v -0.012538489885628223 0.05714401975274086 -0.003618835937231779
v -0.012490630149841309 0.057553619146347046 -0.0022752280347049236
v -0.015881240367889404 0.05615643039345741 -0.01680392026901245
v -0.016690850257873535 0.05568334832787514 -0.01831143908202648
v -0.016738230362534523 0.056317780166864395 -0.018374860286712646
v -0.015881240367889404 0.05615643039345741 -0.01680392026901245
v -0.016738230362534523 0.056317780166864395 -0.018374860286712646
v -0.015953660011291504 0.056855060160160065 -0.016740910708904266
v -0.012435070239007473 0.05698367953300476 -0.0011547800386324525
v -0.01266855001449585 0.056626949459314346 -0.0034468169324100018
v -0.012538489885628223 0.05714401975274086 -0.003618835937231779
v -0.016016239300370216 0.05565377697348595 -0.016635650768876076
v -0.01703255996108055 0.055001650005578995 -0.018224120140075684
v -0.016690850257873535 0.05568334832787514 -0.01831143908202648
v -0.016016239300370216 0.05565377697348595 -0.016635650768876076
v -0.016690850257873535 0.05568334832787514 -0.01831143908202648
v -0.015881240367889404 0.05615643039345741 -0.01680392026901245
v -0.014808950014412403 0.0569019690155983 -0.01428120955824852
v -0.015953660011291504 0.056855060160160065 -0.016740910708904266
v -0.01490860991179943 0.05751284956932068 -0.013899619691073895
v -0.01455909013748169 0.05623355880379677 -0.01310889981687069
v -0.013952969573438168 0.05697587877511978 -0.011680839583277702
v -0.013405139558017254 0.05670025944709778 -0.009173274040222168
v -0.014808950014412403 0.0569019690155983 -0.01428120955824852
v -0.015881240367889404 0.05615643039345741 -0.01680392026901245
v -0.015953660011291504 0.056855060160160065 -0.016740910708904266
v -0.01455909013748169 0.05623355880379677 -0.01310889981687069
v -0.015881240367889404 0.05615643039345741 -0.01680392026901245
v -0.014808950014412403 0.0569019690155983 -0.01428120955824852
v -0.01455909013748169 0.05623355880379677 -0.01310889981687069
v -0.016016239300370216 0.05565377697348595 -0.016635650768876076
v -0.015881240367889404 0.05615643039345741 -0.01680392026901245
v -0.01455909013748169 0.05623355880379677 -0.01310889981687069
v -0.01703255996108055 0.055001650005578995 -0.018224120140075684
v -0.016016239300370216 0.05565377697348595 -0.016635650768876076
v -0.013405139558017254 0.05670025944709778 -0.009173274040222168
v -0.01266855001449585 0.056626949459314346 -0.0034468169324100018
v -0.013300119899213314 0.05621979013085365 -0.00565755320712924
v -0.014134040102362633 0.05770538002252579 -0.011667069979012012
v -0.014808950014412403 0.0569019690155983 -0.01428120955824852
v -0.01490860991179943 0.05751284956932068 -0.013899619691073895
v -0.013952969573438168 0.05697587877511978 -0.011680839583277702
v -0.014808950014412403 0.0569019690155983 -0.01428120955824852
v -0.014134040102362633 0.05770538002252579 -0.011667069979012012
v -0.012490630149841309 0.057553619146347046 -0.0022752280347049236
v -0.012775770388543606 0.058058470487594604 -0.0036637780722230673
v -0.012757239863276482 0.058077968657016754 -0.0016556379850953817
v -0.013952969573438168 0.05697587877511978 -0.011680839583277702
v -0.01455909013748169 0.05623355880379677 -0.01310889981687069
v -0.014808950014412403 0.0569019690155983 -0.01428120955824852
v -0.01392287015914917 0.05620106682181358 -0.009872435592114925
v -0.01703255996108055 0.055001650005578995 -0.018224120140075684
v -0.01455909013748169 0.05623355880379677 -0.01310889981687069
v -0.01434438955038786 0.05596271902322769 -0.010122120380401611
v -0.01703255996108055 0.055001650005578995 -0.018224120140075684
v -0.01392287015914917 0.05620106682181358 -0.009872435592114925
v -0.01434438955038786 0.05596271902322769 -0.010122120380401611
v -0.016003480181097984 0.05538049712777138 -0.015104110352694988
v -0.01703255996108055 0.055001650005578995 -0.018224120140075684
v -0.013643559999763966 0.0573870874941349 -0.010442189872264862
v -0.013405139558017254 0.05670025944709778 -0.009173274040222168
v -0.013952969573438168 0.05697587877511978 -0.011680839583277702
v -0.013155159540474415 0.05728277936577797 -0.008357702754437923
v -0.012885630130767822 0.05697622895240784 -0.0065357680432498455
v -0.013405139558017254 0.05670025944709778 -0.009173274040222168
v -0.012885630130767822 0.05697622895240784 -0.0065357680432498455
v -0.013155159540474415 0.05728277936577797 -0.008357702754437923
v -0.01276320032775402 0.057585690170526505 -0.005908309947699308
v -0.01276320032775402 0.057585690170526505 -0.005908309947699308
v -0.013196170330047607 0.05820599943399429 -0.00661510182544589
v -0.012775770388543606 0.058058470487594604 -0.0036637780722230673
v -0.012885630130767822 0.05697622895240784 -0.0065357680432498455
v -0.01266855001449585 0.056626949459314346 -0.0034468169324100018
v -0.013405139558017254 0.05670025944709778 -0.009173274040222168
v -0.013300119899213314 0.05621979013085365 -0.00565755320712924
v -0.01266855001449585 0.056626949459314346 -0.0034468169324100018
v -0.012840679846704006 0.056128598749637604 0.0004976040218025446
v -0.012538489885628223 0.05714401975274086 -0.003618835937231779
v -0.012885630130767822 0.05697622895240784 -0.0065357680432498455
v -0.01276320032775402 0.057585690170526505 -0.005908309947699308
v -0.01266855001449585 0.056626949459314346 -0.0034468169324100018
v -0.012885630130767822 0.05697622895240784 -0.0065357680432498455
v -0.012538489885628223 0.05714401975274086 -0.003618835937231779
v -0.012490630149841309 0.057553619146347046 -0.0022752280347049236
v -0.01276320032775402 0.057585690170526505 -0.005908309947699308
v -0.012775770388543606 0.058058470487594604 -0.0036637780722230673
v -0.012538489885628223 0.05714401975274086 -0.003618835937231779
v -0.01276320032775402 0.057585690170526505 -0.005908309947699308
v -0.012490630149841309 0.057553619146347046 -0.0022752280347049236
v -0.013643559999763966 0.0573870874941349 -0.010442189872264862
v -0.013155159540474415 0.05728277936577797 -0.008357702754437923
v -0.013405139558017254 0.05670025944709778 -0.009173274040222168
v -0.013643559999763966 0.0573870874941349 -0.010442189872264862
v -0.013466349802911282 0.05785289779305458 -0.009182809852063656
v -0.013155159540474415 0.05728277936577797 -0.008357702754437923
v -0.012757239863276482 0.058077968657016754 -0.0016556379850953817
v -0.012951970100402832 0.05808266997337341 0.0005000029923394322
v -0.012555480003356934 0.05758985877037048 0.000499989022500813
v -0.012490630149841309 0.057553619146347046 -0.0022752280347049236
v -0.012757239863276482 0.058077968657016754 -0.0016556379850953817
v -0.012555480003356934 0.05758985877037048 0.000499989022500813
v -0.013466349802911282 0.05785289779305458 -0.009182809852063656
v -0.01276320032775402 0.057585690170526505 -0.005908309947699308
v -0.013155159540474415 0.05728277936577797 -0.008357702754437923
v -0.012435070239007473 0.05698367953300476 -0.0011547800386324525
v -0.012490630149841309 0.057553619146347046 -0.0022752280347049236
v -0.012555480003356934 0.05758985877037048 0.000499989022500813
v -0.012435070239007473 0.05698367953300476 -0.0011547800386324525
v -0.012555480003356934 0.05758985877037048 0.000499989022500813
v -0.012483109720051289 0.056737639009952545 0.0005002319812774658
v -0.012483109720051289 0.056737639009952545 0.0005002319812774658
v -0.01266855001449585 0.056626949459314346 -0.0034468169324100018
v -0.012435070239007473 0.05698367953300476 -0.0011547800386324525
v -0.012840679846704006 0.056128598749637604 0.0004976040218025446
v -0.01266855001449585 0.056626949459314346 -0.0034468169324100018
v -0.012483109720051289 0.056737639009952545 0.0005002319812774658
v -0.01703255996108055 0.055001650005578995 -0.018224120140075684
v -0.016003480181097984 0.05538049712777138 -0.015104110352694988
v -0.017535680904984474 0.05470272898674011 -0.018215060234069824
v -0.013466349802911282 0.05785289779305458 -0.009182809852063656
v -0.013643559999763966 0.0573870874941349 -0.010442189872264862
v -0.014134040102362633 0.05770538002252579 -0.011667069979012012
v -0.01392287015914917 0.05620106682181358 -0.009872435592114925
v -0.013300119899213314 0.05621979013085365 -0.00565755320712924
v -0.01434438955038786 0.05596271902322769 -0.010122120380401611
v -0.014134040102362633 0.05770538002252579 -0.011667069979012012
v -0.013643559999763966 0.0573870874941349 -0.010442189872264862
v -0.013952969573438168 0.05697587877511978 -0.011680839583277702
v -0.013466349802911282 0.05785289779305458 -0.009182809852063656
v -0.013196170330047607 0.05820599943399429 -0.00661510182544589
v -0.01276320032775402 0.057585690170526505 -0.005908309947699308
v -0.013300119899213314 0.05621979013085365 -0.00565755320712924
v -0.012840679846704006 0.056128598749637604 0.0004976040218025446
v -0.013259230181574821 0.05587372928857803 0.0004996419884264469
v -0.01455909013748169 0.05623355880379677 -0.01310889981687069
v -0.013405139558017254 0.05670025944709778 -0.009173274040222168
v -0.01392287015914917 0.05620106682181358 -0.009872435592114925
v -0.013405139558017254 0.05670025944709778 -0.009173274040222168
v -0.013300119899213314 0.05621979013085365 -0.00565755320712924
v -0.01392287015914917 0.05620106682181358 -0.009872435592114925
v -0.023631449788808823 0.05235347896814346 -0.018186980858445168
v -0.026965370401740074 0.05070707947015762 -0.01815927028656006
v -0.026139849796891212 0.051249898970127106 -0.01831120066344738
v -0.029960449784994125 0.0490141287446022 -0.018236810341477394
v -0.026139849796891212 0.051249898970127106 -0.01831120066344738
v -0.026965370401740074 0.05070707947015762 -0.01815927028656006
v -0.029960449784994125 0.0490141287446022 -0.018236810341477394
v -0.027029989287257195 0.050926897674798965 -0.018386300653219223
v -0.026139849796891212 0.051249898970127106 -0.01831120066344738
v -0.029960449784994125 0.0490141287446022 -0.018236810341477394
v -0.0322645902633667 0.04775360971689224 -0.018382370471954346
v -0.027029989287257195 0.050926897674798965 -0.018386300653219223
v -0.03368287906050682 0.04666527733206749 -0.018353519961237907
v -0.0322645902633667 0.04775360971689224 -0.018382370471954346
v -0.029960449784994125 0.0490141287446022 -0.018236810341477394
v -0.03301851823925972 0.0469953790307045 -0.018164390698075294
v -0.03368287906050682 0.04666527733206749 -0.018353519961237907
v -0.029960449784994125 0.0490141287446022 -0.018236810341477394
v -0.02237522043287754 0.05305841937661171 -0.018361149355769157
v -0.017121609300374985 0.05510864034295082 -0.01838207058608532
v -0.019722100347280502 0.05395635962486267 -0.018215060234069824
v -0.019722100347280502 0.05395635962486267 -0.018215060234069824
v -0.017121609300374985 0.05510864034295082 -0.01838207058608532
v -0.017535680904984474 0.05470272898674011 -0.018215060234069824
v -0.02237522043287754 0.05305841937661171 -0.018361149355769157
v -0.026139849796891212 0.051249898970127106 -0.01831120066344738
v -0.027029989287257195 0.050926897674798965 -0.018386300653219223
v -0.03718245029449463 0.043951187282800674 -0.018367169424891472
v -0.036707811057567596 0.04416254907846451 -0.01820283941924572
v -0.03877263888716698 0.04235836863517761 -0.018230140209197998
v -0.040270138531923294 0.04113796725869179 -0.018369730561971664
v -0.03718245029449463 0.043951187282800674 -0.018367169424891472
v -0.03877263888716698 0.04235836863517761 -0.018230140209197998
v -0.040270138531923294 0.04113796725869179 -0.018369730561971664
v -0.03877263888716698 0.04235836863517761 -0.018230140209197998
v -0.04022758826613426 0.0409562885761261 -0.018182089552283287
v -0.03718245029449463 0.043951187282800674 -0.018367169424891472
v -0.03368287906050682 0.04666527733206749 -0.018353519961237907
v -0.03301851823925972 0.0469953790307045 -0.018164390698075294
v -0.03718245029449463 0.043951187282800674 -0.018367169424891472
v -0.03301851823925972 0.0469953790307045 -0.018164390698075294
v -0.036707811057567596 0.04416254907846451 -0.01820283941924572
v -0.023631449788808823 0.05235347896814346 -0.018186980858445168
v -0.02237522043287754 0.05305841937661171 -0.018361149355769157
v -0.019722100347280502 0.05395635962486267 -0.018215060234069824
v -0.02237522043287754 0.05305841937661171 -0.018361149355769157
v -0.023631449788808823 0.05235347896814346 -0.018186980858445168
v -0.026139849796891212 0.051249898970127106 -0.01831120066344738
v -0.017121609300374985 0.05510864034295082 -0.01838207058608532
v -0.016690850257873535 0.05568334832787514 -0.01831143908202648
v -0.01703255996108055 0.055001650005578995 -0.018224120140075684
v -0.017121609300374985 0.05510864034295082 -0.01838207058608532
v -0.016738230362534523 0.056317780166864395 -0.018374860286712646
v -0.016690850257873535 0.05568334832787514 -0.01831143908202648
v -0.017121609300374985 0.05510864034295082 -0.01838207058608532
v -0.01703255996108055 0.055001650005578995 -0.018224120140075684
v -0.017535680904984474 0.05470272898674011 -0.018215060234069824
v -0.02967113070189953 0.08351609110832214 -0.01826607994735241
v -0.028782010078430176 0.07979455590248108 -0.018276449292898178
v -0.02928691916167736 0.08103987574577332 -0.018382960930466652
v -0.0301629900932312 0.08553048968315125 -0.01837456040084362
v -0.03057681955397129 0.08857783675193787 -0.018334440886974335
v -0.02967113070189953 0.08351609110832214 -0.01826607994735241
v -0.02928691916167736 0.08103987574577332 -0.018382960930466652
v -0.0301629900932312 0.08553048968315125 -0.01837456040084362
v -0.02967113070189953 0.08351609110832214 -0.01826607994735241
v -0.02294355072081089 0.0656035915017128 -0.018232999369502068
v -0.022141629830002785 0.06400827318429947 -0.01836048997938633
v -0.02487068995833397 0.06910733133554459 -0.01834147982299328
v -0.02928691916167736 0.08103987574577332 -0.018382960930466652
v -0.028782010078430176 0.07979455590248108 -0.018276449292898178
v -0.028041720390319824 0.07707677036523819 -0.018347259610891342
v -0.03046857938170433 0.0899985209107399 -0.017647499218583107
v -0.03057681955397129 0.08857783675193787 -0.018334440886974335
v -0.030711770057678223 0.08917269110679626 -0.01819079928100109
v -0.029972370713949203 0.09083929657936096 -0.016080310568213463
v -0.03046857938170433 0.0899985209107399 -0.017647499218583107
v -0.030366770923137665 0.09064850956201553 -0.01691216044127941
v -0.030026370659470558 0.09102670103311539 -0.015806609764695168
v -0.029972370713949203 0.09083929657936096 -0.016080310568213463
v -0.030366770923137665 0.09064850956201553 -0.01691216044127941
v -0.02872622013092041 0.09102568030357361 -0.01101011037826538
v -0.029131999239325523 0.09090098738670349 -0.01317507028579712
v -0.030026370659470558 0.09102670103311539 -0.015806609764695168
v -0.028163010254502296 0.09102825075387955 -0.007934032939374447
v -0.028174400329589844 0.09084925055503845 -0.008901536464691162
v -0.02872622013092041 0.09102568030357361 -0.01101011037826538
v -0.027691960334777832 0.09092393517494202 -0.005110383033752441
v -0.028174400329589844 0.09084925055503845 -0.008901536464691162
v -0.028163010254502296 0.09102825075387955 -0.007934032939374447
v -0.027691960334777832 0.09092393517494202 -0.005110383033752441
v -0.028163010254502296 0.09102825075387955 -0.007934032939374447
v -0.02761298045516014 0.09103688597679138 -0.0020986790768802166
v -0.0274996105581522 0.09090551733970642 -0.0026745200157165527
v -0.027691960334777832 0.09092393517494202 -0.005110383033752441
v -0.02761298045516014 0.09103688597679138 -0.0020986790768802166
v -0.0274996105581522 0.09090551733970642 -0.0026745200157165527
v -0.02761298045516014 0.09103688597679138 -0.0020986790768802166
v -0.027416160330176353 0.09090498089790344 0.0004995879717171192
v -0.027622099965810776 0.09104029089212418 0.0004999649827368557
v -0.027416160330176353 0.09090498089790344 0.0004995879717171192
v -0.02761298045516014 0.09103688597679138 -0.0020986790768802166
v -0.029972370713949203 0.09083929657936096 -0.016080310568213463
v -0.030026370659470558 0.09102670103311539 -0.015806609764695168
v -0.029131999239325523 0.09090098738670349 -0.01317507028579712
v -0.02872622013092041 0.09102568030357361 -0.01101011037826538
v -0.028174400329589844 0.09084925055503845 -0.008901536464691162
v -0.029131999239325523 0.09090098738670349 -0.01317507028579712
v -0.028167659416794777 0.09104272723197937 -0.0004337090067565441
v -0.028115449473261833 0.09104064106941223 0.0005000000237487257
v -0.028115449473261833 0.09104081988334656 0.0005000000237487257
vn 0.00006924819769723723 -0.0026805400345172557 0.9999964049484431
vn 0.00006924819769723723 -0.0026805400345172557 0.9999964049484431
vn 0.00006924819769723723 -0.0026805400345172557 0.9999964049484431
vn 0.00043551092935090435 0.0003220149285636026 0.9999998533182972
vn 0.00043551092935090435 0.0003220149285636026 0.9999998533182972
vn 0.00043551092935090435 0.0003220149285636026 0.9999998533182972
vn 0.011668800327694651 -0.011165140150120378 0.9998695808675954
vn 0.011668800327694651 -0.011165140150120378 0.9998695808675954
vn 0.011668800327694651 -0.011165140150120378 0.9998695808675954
vn 0.017561549463514257 0.9998354396999888 -0.004548131525219681
vn 0.017561549463514257 0.9998354396999888 -0.004548131525219681
vn 0.017561549463514257 0.9998354396999888 -0.004548131525219681
vn 0.0010723471724165953 0.9999974447053552 0.0019901392669090965
vn 0.0010723471724165953 0.9999974447053552 0.0019901392669090965
vn 0.0010723471724165953 0.9999974447053552 0.0019901392669090965
vn 0.00007177419109862074 0.9999941294374486 -0.0034257756939113154
vn 0.00007177419109862074 0.9999941294374486 -0.0034257756939113154
vn 0.00007177419109862074 0.9999941294374486 -0.0034257756939113154
vn -0.004381894624443525 0.9999899324739884 0.0009664109729903011
vn -0.004381894624443525 0.9999899324739884 0.0009664109729903011
vn -0.004381894624443525 0.9999899324739884 0.0009664109729903011
vn 0.007644413522931011 0.9999703192652314 -0.0009610049332996855
vn 0.007644413522931011 0.9999703192652314 -0.0009610049332996855
vn 0.007644413522931011 0.9999703192652314 -0.0009610049332996855
vn 0.0066678524267696935 0.9999769367571618 -0.001290619145336876
vn 0.0066678524267696935 0.9999769367571618 -0.001290619145336876
vn 0.0066678524267696935 0.9999769367571618 -0.001290619145336876
vn 0.010906100595971425 0.999937385118186 -0.002506553968107113
vn 0.010906100595971425 0.999937385118186 -0.002506553968107113
vn 0.010906100595971425 0.999937385118186 -0.002506553968107113
vn 0.013992899865810383 0.9999003889899452 -0.001846848965527491
vn 0.013992899865810383 0.9999003889899452 -0.001846848965527491
vn 0.013992899865810383 0.9999003889899452 -0.001846848965527491
vn 0.01779769933561325 0.9998332339275868 -0.004092216057650123
vn 0.01779769933561325 0.9998332339275868 -0.004092216057650123
vn 0.01779769933561325 0.9998332339275868 -0.004092216057650123
vn 0.45056543169103314 -0.892574318522537 0.017374627452160833
vn 0.45056543169103314 -0.892574318522537 0.017374627452160833
vn 0.45056543169103314 -0.892574318522537 0.017374627452160833
vn 0.39919840153663766 -0.91575929897097 0.045006028027266255
vn 0.39919840153663766 -0.91575929897097 0.045006028027266255
vn 0.39919840153663766 -0.91575929897097 0.045006028027266255
vn 0.5213732241953751 -0.8532479599462067 -0.0117422289091661
vn 0.5213732241953751 -0.8532479599462067 -0.0117422289091661
vn 0.5213732241953751 -0.8532479599462067 -0.0117422289091661
vn 0.4704070410638576 -0.8824273983984489 0.0062531810537903385
vn 0.4704070410638576 -0.8824273983984489 0.0062531810537903385
vn 0.4704070410638576 -0.8824273983984489 0.0062531810537903385
vn 0.4554031741001823 -0.8899278546359479 -0.025226227671574283
vn 0.4554031741001823 -0.8899278546359479 -0.025226227671574283
vn 0.4554031741001823 -0.8899278546359479 -0.025226227671574283
vn 0.6911742816815273 -0.722684337337472 0.002336858815555719
vn 0.6911742816815273 -0.722684337337472 0.002336858815555719
vn 0.6911742816815273 -0.722684337337472 0.002336858815555719
vn 0.6194765397903437 -0.7850144290230021 -0.0010783668544588605
vn 0.6194765397903437 -0.7850144290230021 -0.0010783668544588605
vn 0.6194765397903437 -0.7850144290230021 -0.0010783668544588605
vn 0.34402007398733775 -0.9389295127751184 0.007845937396226237
vn 0.34402007398733775 -0.9389295127751184 0.007845937396226237
vn 0.34402007398733775 -0.9389295127751184 0.007845937396226237
vn 0.44248368032794866 -0.8951189850364472 0.054499497894517954
vn 0.44248368032794866 -0.8951189850364472 0.054499497894517954
vn 0.44248368032794866 -0.8951189850364472 0.054499497894517954
vn 0.4985336776024303 -0.8668437799549431 0.006784795473880111
vn 0.4985336776024303 -0.8668437799549431 0.006784795473880111
vn 0.4985336776024303 -0.8668437799549431 0.006784795473880111
vn 0.3717080833131492 -0.9282961790110935 -0.009965181035417535
vn 0.3717080833131492 -0.9282961790110935 -0.009965181035417535
vn 0.3717080833131492 -0.9282961790110935 -0.009965181035417535
vn 0.5205589556532422 -0.8538084068991147 -0.005438565766964514
vn 0.5205589556532422 -0.8538084068991147 -0.005438565766964514
vn 0.5205589556532422 -0.8538084068991147 -0.005438565766964514
vn 0.45075638092647535 -0.8914797501960167 0.045634855587741385
vn 0.45075638092647535 -0.8914797501960167 0.045634855587741385
vn 0.45075638092647535 -0.8914797501960167 0.045634855587741385
vn 0.3248583872352686 -0.9452253884879472 0.03187464824448478
vn 0.3248583872352686 -0.9452253884879472 0.03187464824448478
vn 0.3248583872352686 -0.9452253884879472 0.03187464824448478
vn 0.2550944928868851 -0.9653882175814462 -0.054335891027029085
vn 0.2550944928868851 -0.9653882175814462 -0.054335891027029085
vn 0.2550944928868851 -0.9653882175814462 -0.054335891027029085
vn 0.35962077092452266 -0.933093226891631 0.0031513566308968024
vn 0.35962077092452266 -0.933093226891631 0.0031513566308968024
vn 0.35962077092452266 -0.933093226891631 0.0031513566308968024
vn 0.25781896224113826 -0.9645733651381198 -0.05592500312942366
vn 0.25781896224113826 -0.9645733651381198 -0.05592500312942366
vn 0.25781896224113826 -0.9645733651381198 -0.05592500312942366
vn 0.32270461777149817 -0.9453318848756195 0.047003798851366727
vn 0.32270461777149817 -0.9453318848756195 0.047003798851366727
vn 0.32270461777149817 -0.9453318848756195 0.047003798851366727
vn 0.30718475819715085 -0.9496685340536597 -0.06137751835754514
vn 0.30718475819715085 -0.9496685340536597 -0.06137751835754514
vn 0.30718475819715085 -0.9496685340536597 -0.06137751835754514
vn 0.3033502678751217 -0.9511421262642389 -0.057508874320704985
vn 0.3033502678751217 -0.9511421262642389 -0.057508874320704985
vn 0.3033502678751217 -0.9511421262642389 -0.057508874320704985
vn 0.4811080238871804 -0.8761025327395985 -0.031295710227332685
vn 0.4811080238871804 -0.8761025327395985 -0.031295710227332685
vn 0.4811080238871804 -0.8761025327395985 -0.031295710227332685
vn 0.5000103218882465 -0.8654426514301145 0.03160213744077602
vn 0.5000103218882465 -0.8654426514301145 0.03160213744077602
vn 0.5000103218882465 -0.8654426514301145 0.03160213744077602
vn 0.49078083870866257 -0.8702191858091757 0.04304343162478061
vn 0.49078083870866257 -0.8702191858091757 0.04304343162478061
vn 0.49078083870866257 -0.8702191858091757 0.04304343162478061
vn 0.6168251851758422 -0.787100164112551 -0.00015028899892347703
vn 0.6168251851758422 -0.787100164112551 -0.00015028899892347703
vn 0.6168251851758422 -0.787100164112551 -0.00015028899892347703
vn 0.6304263848498453 -0.7762374606916609 -0.004240035862706924
vn 0.6304263848498453 -0.7762374606916609 -0.004240035862706924
vn 0.6304263848498453 -0.7762374606916609 -0.004240035862706924
vn 0.5511595036675115 -0.833756569968317 0.03275948033240402
vn 0.5511595036675115 -0.833756569968317 0.03275948033240402
vn 0.5511595036675115 -0.833756569968317 0.03275948033240402
vn 0.4192881787819594 -0.9077387843863073 -0.0144125797335881
vn 0.4192881787819594 -0.9077387843863073 -0.0144125797335881
vn 0.4192881787819594 -0.9077387843863073 -0.0144125797335881
vn 0.40563863615992013 -0.9140205405864783 -0.004873216629882734
vn 0.40563863615992013 -0.9140205405864783 -0.004873216629882734
vn 0.40563863615992013 -0.9140205405864783 -0.004873216629882734
vn 0.5691738746773422 -0.822173956243614 0.008431254918775758
vn 0.5691738746773422 -0.822173956243614 0.008431254918775758
vn 0.5691738746773422 -0.822173956243614 0.008431254918775758
vn 0.2811225997781891 -0.9596144121606008 -0.010500660341940523
vn 0.2811225997781891 -0.9596144121606008 -0.010500660341940523
vn 0.2811225997781891 -0.9596144121606008 -0.010500660341940523
vn 0.3565582097185948 -0.9334508934301606 -0.0391876592399405
vn 0.3565582097185948 -0.9334508934301606 -0.0391876592399405
vn 0.3565582097185948 -0.9334508934301606 -0.0391876592399405
vn 0.2824415029364984 -0.9592311589035999 -0.010118359917925488
vn 0.2824415029364984 -0.9592311589035999 -0.010118359917925488
vn 0.2824415029364984 -0.9592311589035999 -0.010118359917925488
vn 0.3172007738153628 -0.9480204399918326 -0.025316288207929288
vn 0.3172007738153628 -0.9480204399918326 -0.025316288207929288
vn 0.3172007738153628 -0.9480204399918326 -0.025316288207929288
vn 0.4077677120589837 -0.9129322148577953 0.016741089481334313
vn 0.4077677120589837 -0.9129322148577953 0.016741089481334313
vn 0.4077677120589837 -0.9129322148577953 0.016741089481334313
vn 0.4471362173976112 -0.8943732262482035 -0.01287382079011556
vn 0.4471362173976112 -0.8943732262482035 -0.01287382079011556
vn 0.4471362173976112 -0.8943732262482035 -0.01287382079011556
vn 0.6390982279980586 -0.7691241514483227 0.00122255005594394
vn 0.6390982279980586 -0.7691241514483227 0.00122255005594394
vn 0.6390982279980586 -0.7691241514483227 0.00122255005594394
vn 0.6086132932942677 -0.792990481004317 0.0274946587912554
vn 0.6086132932942677 -0.792990481004317 0.0274946587912554
vn 0.6086132932942677 -0.792990481004317 0.0274946587912554
vn 0.3960679796550864 -0.9169550600652717 -0.048203457475910955
vn 0.3960679796550864 -0.9169550600652717 -0.048203457475910955
vn 0.3960679796550864 -0.9169550600652717 -0.048203457475910955
vn 0.40262733753166663 -0.9137608746974167 -0.054150631984985466
vn 0.40262733753166663 -0.9137608746974167 -0.054150631984985466
vn 0.40262733753166663 -0.9137608746974167 -0.054150631984985466
vn 0.6376967864894499 -0.7702835603467079 -0.0024586908363152717
vn 0.6376967864894499 -0.7702835603467079 -0.0024586908363152717
vn 0.6376967864894499 -0.7702835603467079 -0.0024586908363152717
vn 0.3790704932556746 -0.9234600131866199 0.059389941810607416
vn 0.3790704932556746 -0.9234600131866199 0.059389941810607416
vn 0.3790704932556746 -0.9234600131866199 0.059389941810607416
vn 0.6579621673946894 -0.7530483877858265 0.0019778600683245423
vn 0.6579621673946894 -0.7530483877858265 0.0019778600683245423
vn 0.6579621673946894 -0.7530483877858265 0.0019778600683245423
vn 0.5636213397646529 -0.8257082069266326 -0.023172017087489796
vn 0.5636213397646529 -0.8257082069266326 -0.023172017087489796
vn 0.5636213397646529 -0.8257082069266326 -0.023172017087489796
vn 0.6746505405334656 -0.7381251352000079 -0.004234730672974348
vn 0.6746505405334656 -0.7381251352000079 -0.004234730672974348
vn 0.6746505405334656 -0.7381251352000079 -0.004234730672974348
vn 0.6937778612173867 -0.7201600691641679 -0.006461738627464993
vn 0.6937778612173867 -0.7201600691641679 -0.006461738627464993
vn 0.6937778612173867 -0.7201600691641679 -0.006461738627464993
vn 0.3267985040444942 -0.9441787160890015 0.041584730837236905
vn 0.3267985040444942 -0.9441787160890015 0.041584730837236905
vn 0.3267985040444942 -0.9441787160890015 0.041584730837236905
vn 0.5693343287022157 -0.8220377572048386 0.010599428797650402
vn 0.5693343287022157 -0.8220377572048386 0.010599428797650402
vn 0.5693343287022157 -0.8220377572048386 0.010599428797650402
vn 0.27933401208160946 -0.9600027319994212 0.019164139637325998
vn 0.27933401208160946 -0.9600027319994212 0.019164139637325998
vn 0.27933401208160946 -0.9600027319994212 0.019164139637325998
vn 0.35199057756652 -0.9355005542383593 -0.03068136770273148
vn 0.35199057756652 -0.9355005542383593 -0.03068136770273148
vn 0.35199057756652 -0.9355005542383593 -0.03068136770273148
vn 0.4165055807212064 -0.9090550662817612 0.011915858993509432
vn 0.4165055807212064 -0.9090550662817612 0.011915858993509432
vn 0.4165055807212064 -0.9090550662817612 0.011915858993509432
vn 0.3103763770858006 -0.9504702127112903 -0.016519058558146543
vn 0.3103763770858006 -0.9504702127112903 -0.016519058558146543
vn 0.3103763770858006 -0.9504702127112903 -0.016519058558146543
vn 0.5909100827121104 -0.8067138271722523 -0.006170510373060661
vn 0.5909100827121104 -0.8067138271722523 -0.006170510373060661
vn 0.5909100827121104 -0.8067138271722523 -0.006170510373060661
vn -0.9321099724100445 0.05598979566072753 0.3578213829770604
vn -0.9321099724100445 0.05598979566072753 0.3578213829770604
vn -0.9321099724100445 0.05598979566072753 0.3578213829770604
vn -0.8857241141426277 0.21636250293894846 0.4107067822038622
vn -0.8857241141426277 0.21636250293894846 0.4107067822038622
vn -0.8857241141426277 0.21636250293894846 0.4107067822038622
vn 0.009146271986507302 -0.006133972055086815 -0.9999393582090746
vn 0.009146271986507302 -0.006133972055086815 -0.9999393582090746
vn 0.009146271986507302 -0.006133972055086815 -0.9999393582090746
vn 0.0030653470624406654 0.0004485890225521086 -0.9999952011961234
vn 0.0030653470624406654 0.0004485890225521086 -0.9999952011961234
vn 0.0030653470624406654 0.0004485890225521086 -0.9999952011961234
vn 0.007854578888678345 -0.007710455325619352 -0.9999394253999355
vn 0.007854578888678345 -0.007710455325619352 -0.9999394253999355
vn 0.007854578888678345 -0.007710455325619352 -0.9999394253999355
vn 0.013172138544771821 0.004440068753994269 -0.9999033856106386
vn 0.013172138544771821 0.004440068753994269 -0.9999033856106386
vn 0.013172138544771821 0.004440068753994269 -0.9999033856106386
vn 0.008997497858260895 -0.0065717094819945565 -0.999937926906853
vn 0.008997497858260895 -0.0065717094819945565 -0.999937926906853
vn 0.008997497858260895 -0.0065717094819945565 -0.999937926906853
vn 0.031190447293123622 0.017373138918277572 -0.9993624617934082
vn 0.031190447293123622 0.017373138918277572 -0.9993624617934082
vn 0.031190447293123622 0.017373138918277572 -0.9993624617934082
vn 0.008383749748783628 -0.0022335049534745236 -0.9999623613895539
vn 0.008383749748783628 -0.0022335049534745236 -0.9999623613895539
vn 0.008383749748783628 -0.0022335049534745236 -0.9999623613895539
vn -0.012372070016428004 -0.010385570136741918 -0.9998695273966717
vn -0.012372070016428004 -0.010385570136741918 -0.9998695273966717
vn -0.012372070016428004 -0.010385570136741918 -0.9998695273966717
vn 0.0005582919778610368 -0.002159773870680163 -0.9999975118403521
vn 0.0005582919778610368 -0.002159773870680163 -0.9999975118403521
vn 0.0005582919778610368 -0.002159773870680163 -0.9999975118403521
vn -0.003791212897385502 -0.0004893590352643884 -0.9999926935895589
vn -0.003791212897385502 -0.0004893590352643884 -0.9999926935895589
vn -0.003791212897385502 -0.0004893590352643884 -0.9999926935895589
vn 0.00519239887870398 0.004316567787383497 -0.9999772028583558
vn 0.00519239887870398 0.004316567787383497 -0.9999772028583558
vn 0.00519239887870398 0.004316567787383497 -0.9999772028583558
vn 0.006822288033696138 -0.0030990240617723435 -0.9999719258238453
vn 0.006822288033696138 -0.0030990240617723435 -0.9999719258238453
vn 0.006822288033696138 -0.0030990240617723435 -0.9999719258238453
vn 0.0016240469662620542 0.0002711600141854313 -0.9999986444709303
vn 0.0016240469662620542 0.0002711600141854313 -0.9999986444709303
vn 0.0016240469662620542 0.0002711600141854313 -0.9999986444709303
vn 0.00016319299543389668 0.004440366856424005 -0.9999901282063872
vn 0.00016319299543389668 0.004440366856424005 -0.9999901282063872
vn 0.00016319299543389668 0.004440366856424005 -0.9999901282063872
vn 0.00279354987006413 -0.00009268499235721166 -0.9999960937366784
vn 0.00279354987006413 -0.00009268499235721166 -0.9999960937366784
vn 0.00279354987006413 -0.00009268499235721166 -0.9999960937366784
vn 0.004691063393824763 0.0062388176596093045 -0.9999695350751668
vn 0.004691063393824763 0.0062388176596093045 -0.9999695350751668
vn 0.004691063393824763 0.0062388176596093045 -0.9999695350751668
vn 0.005276381174469091 0.001727162904963178 -0.9999845882362396
vn 0.005276381174469091 0.001727162904963178 -0.9999845882362396
vn 0.005276381174469091 0.001727162904963178 -0.9999845882362396
vn 0.007255135850743419 -0.0011895289341870207 -0.9999729736471391
vn 0.007255135850743419 -0.0011895289341870207 -0.9999729736471391
vn 0.007255135850743419 -0.0011895289341870207 -0.9999729736471391
vn 0.009302077942156584 0.0024143448429692054 -0.999953820076176
vn 0.009302077942156584 0.0024143448429692054 -0.999953820076176
vn 0.009302077942156584 0.0024143448429692054 -0.999953820076176
vn 0.8017124043900253 0.5850724655474414 0.12225968552798769
vn 0.8017124043900253 0.5850724655474414 0.12225968552798769
vn 0.8017124043900253 0.5850724655474414 0.12225968552798769
vn 0.5369290012694599 0.8396006068988916 0.08232902580981659
vn 0.5369290012694599 0.8396006068988916 0.08232902580981659
vn 0.5369290012694599 0.8396006068988916 0.08232902580981659
vn 0.5613824832449235 0.8261110344473122 0.04889034945830638
vn 0.5613824832449235 0.8261110344473122 0.04889034945830638
vn 0.5613824832449235 0.8261110344473122 0.04889034945830638
vn 0.9593127311886915 0.09779602975136818 -0.26486793000316744
vn 0.9593127311886915 0.09779602975136818 -0.26486793000316744
vn 0.9593127311886915 0.09779602975136818 -0.26486793000316744
vn 0.9286430273301103 0.2751770852915746 -0.2487965022294359
vn 0.9286430273301103 0.2751770852915746 -0.2487965022294359
vn 0.9286430273301103 0.2751770852915746 -0.2487965022294359
vn 0.9308301393517131 0.3313838904721063 -0.15407780115915953
vn 0.9308301393517131 0.3313838904721063 -0.15407780115915953
vn 0.9308301393517131 0.3313838904721063 -0.15407780115915953
vn 0.928093270710594 0.3367271183891096 -0.15892680265794842
vn 0.928093270710594 0.3367271183891096 -0.15892680265794842
vn 0.928093270710594 0.3367271183891096 -0.15892680265794842
vn 0.9254983066847524 0.22196866570308343 -0.3068921565789014
vn 0.9254983066847524 0.22196866570308343 -0.3068921565789014
vn 0.9254983066847524 0.22196866570308343 -0.3068921565789014
vn 0.8871243252186233 0.46144090414342065 0.009095250887411503
vn 0.8871243252186233 0.46144090414342065 0.009095250887411503
vn 0.8871243252186233 0.46144090414342065 0.009095250887411503
vn 0.9721732931101105 0.2034854035759557 -0.11607229943002707
vn 0.9721732931101105 0.2034854035759557 -0.11607229943002707
vn 0.9721732931101105 0.2034854035759557 -0.11607229943002707
vn 0.9758896159216485 0.19264480328621572 -0.10260330064433983
vn 0.9758896159216485 0.19264480328621572 -0.10260330064433983
vn 0.9758896159216485 0.19264480328621572 -0.10260330064433983
vn 0.9228863857719614 0.3835228740406445 -0.034509767376362376
vn 0.9228863857719614 0.3835228740406445 -0.034509767376362376
vn 0.9228863857719614 0.3835228740406445 -0.034509767376362376
vn 0.9283503077373743 0.27059530580457347 -0.25484090448837265
vn 0.9283503077373743 0.27059530580457347 -0.25484090448837265
vn 0.9283503077373743 0.27059530580457347 -0.25484090448837265
vn 0.9540663867441476 0.11092059954494765 -0.27830549811593003
vn 0.9540663867441476 0.11092059954494765 -0.27830549811593003
vn 0.9540663867441476 0.11092059954494765 -0.27830549811593003
vn 0.8943044982415908 0.4472218673446716 -0.014562478964846493
vn 0.8943044982415908 0.4472218673446716 -0.014562478964846493
vn 0.8943044982415908 0.4472218673446716 -0.014562478964846493
vn 0.9703649776546274 0.15246207851913118 -0.1874756644339758
vn 0.9703649776546274 0.15246207851913118 -0.1874756644339758
vn 0.9703649776546274 0.15246207851913118 -0.1874756644339758
vn 0.9696459611821187 0.15460039422712296 -0.18943449545429483
vn 0.9696459611821187 0.15460039422712296 -0.18943449545429483
vn 0.9696459611821187 0.15460039422712296 -0.18943449545429483
vn 0.9523794764118472 0.30123097062169235 0.047257118488212596
vn 0.9523794764118472 0.30123097062169235 0.047257118488212596
vn 0.9523794764118472 0.30123097062169235 0.047257118488212596
vn 0.9519538639559579 0.3028717858779876 0.04530477037133988
vn 0.9519538639559579 0.3028717858779876 0.04530477037133988
vn 0.9519538639559579 0.3028717858779876 0.04530477037133988
vn 0.8242489890852664 0.5633058681447493 0.05744652213673696
vn 0.8242489890852664 0.5633058681447493 0.05744652213673696
vn 0.8242489890852664 0.5633058681447493 0.05744652213673696
vn 0.8054182546360154 0.49305278166342587 -0.3289382762662819
vn 0.8054182546360154 0.49305278166342587 -0.3289382762662819
vn 0.8054182546360154 0.49305278166342587 -0.3289382762662819
vn 0.8135289145155133 0.43938020905306835 -0.3809405952897279
vn 0.8135289145155133 0.43938020905306835 -0.3809405952897279
vn 0.8135289145155133 0.43938020905306835 -0.3809405952897279
vn 0.8690385392304443 0.49465001596308794 0.009663283082484587
vn 0.8690385392304443 0.49465001596308794 0.009663283082484587
vn 0.8690385392304443 0.49465001596308794 0.009663283082484587
vn 0.9061860469946447 0.4122091246369204 -0.09439536958073448
vn 0.9061860469946447 0.4122091246369204 -0.09439536958073448
vn 0.9061860469946447 0.4122091246369204 -0.09439536958073448
vn 0.9524558979756302 0.15709580806274395 -0.261053001324538
vn 0.9524558979756302 0.15709580806274395 -0.261053001324538
vn 0.9524558979756302 0.15709580806274395 -0.261053001324538
vn 0.904759473190515 0.26887688235161106 -0.33032638073411513
vn 0.904759473190515 0.26887688235161106 -0.33032638073411513
vn 0.904759473190515 0.26887688235161106 -0.33032638073411513
vn 0.878916198581788 0.4708090097620989 -0.07645385665465614
vn 0.878916198581788 0.4708090097620989 -0.07645385665465614
vn 0.878916198581788 0.4708090097620989 -0.07645385665465614
vn 0.9663762813217853 0.2548310695229478 -0.03432213432273601
vn 0.9663762813217853 0.2548310695229478 -0.03432213432273601
vn 0.9663762813217853 0.2548310695229478 -0.03432213432273601
vn 0.9688917328084041 0.2462197822331313 -0.024992577550093126
vn 0.9688917328084041 0.2462197822331313 -0.024992577550093126
vn 0.9688917328084041 0.2462197822331313 -0.024992577550093126
vn 0.7066928616180352 0.6000153909608837 -0.37492229854753967
vn 0.7066928616180352 0.6000153909608837 -0.37492229854753967
vn 0.7066928616180352 0.6000153909608837 -0.37492229854753967
vn 0.6630056375631531 0.556060959362338 -0.5012182498996951
vn 0.6630056375631531 0.556060959362338 -0.5012182498996951
vn 0.6630056375631531 0.556060959362338 -0.5012182498996951
vn 0.7208443761603932 0.5381947667356457 -0.4367262053235386
vn 0.7208443761603932 0.5381947667356457 -0.4367262053235386
vn 0.7208443761603932 0.5381947667356457 -0.4367262053235386
vn 0.8537415011940258 0.5206707561022358 -0.005235730980224183
vn 0.8537415011940258 0.5206707561022358 -0.005235730980224183
vn 0.8537415011940258 0.5206707561022358 -0.005235730980224183
vn 0.9297948038087168 0.10744098752431464 -0.35204837311101145
vn 0.9297948038087168 0.10744098752431464 -0.35204837311101145
vn 0.9297948038087168 0.10744098752431464 -0.35204837311101145
vn 0.7270552611125315 0.6813495248309897 0.08457820228151804
vn 0.7270552611125315 0.6813495248309897 0.08457820228151804
vn 0.7270552611125315 0.6813495248309897 0.08457820228151804
vn 0.7618255933859782 0.6450273755742479 0.059677885534760854
vn 0.7618255933859782 0.6450273755742479 0.059677885534760854
vn 0.7618255933859782 0.6450273755742479 0.059677885534760854
vn 0.7783497737077189 0.6213849318728157 0.08973514479042846
vn 0.7783497737077189 0.6213849318728157 0.08973514479042846
vn 0.7783497737077189 0.6213849318728157 0.08973514479042846
vn 0.8995889542284444 0.254270974128604 -0.3550858841827768
vn 0.8995889542284444 0.254270974128604 -0.3550858841827768
vn 0.8995889542284444 0.254270974128604 -0.3550858841827768
vn 0.7646013645763302 0.6443643694215038 -0.013390769508938328
vn 0.7646013645763302 0.6443643694215038 -0.013390769508938328
vn 0.7646013645763302 0.6443643694215038 -0.013390769508938328
vn 0.633980513215567 0.7712333209619036 0.05716531729116728
vn 0.633980513215567 0.7712333209619036 0.05716531729116728
vn 0.633980513215567 0.7712333209619036 0.05716531729116728
vn 0.6899976327896878 0.7223367893710271 0.046182566686834806
vn 0.6899976327896878 0.7223367893710271 0.046182566686834806
vn 0.6899976327896878 0.7223367893710271 0.046182566686834806
vn 0.8097576633784456 0.5863619544365266 0.021729817975692393
vn 0.8097576633784456 0.5863619544365266 0.021729817975692393
vn 0.8097576633784456 0.5863619544365266 0.021729817975692393
vn 0.9283248705142807 0.3607611924282951 0.08980142995720462
vn 0.9283248705142807 0.3607611924282951 0.08980142995720462
vn 0.9283248705142807 0.3607611924282951 0.08980142995720462
vn 0.8999355475469362 0.4102401751677297 -0.14771258896839704
vn 0.8999355475469362 0.4102401751677297 -0.14771258896839704
vn 0.8999355475469362 0.4102401751677297 -0.14771258896839704
vn 0.9034979932464081 0.4058119949536079 -0.13786950696759018
vn 0.9034979932464081 0.4058119949536079 -0.13786950696759018
vn 0.9034979932464081 0.4058119949536079 -0.13786950696759018
vn 0.8120537633495984 0.5807037520314107 -0.05789505856631138
vn 0.8120537633495984 0.5807037520314107 -0.05789505856631138
vn 0.8120537633495984 0.5807037520314107 -0.05789505856631138
vn 0.7800952431381987 0.6148433870726925 -0.11584049812623345
vn 0.7800952431381987 0.6148433870726925 -0.11584049812623345
vn 0.7800952431381987 0.6148433870726925 -0.11584049812623345
vn 0.7571956544369288 0.6509022737685645 -0.054598268330999705
vn 0.7571956544369288 0.6509022737685645 -0.054598268330999705
vn 0.7571956544369288 0.6509022737685645 -0.054598268330999705
vn 0.6523792496763801 0.7568240475306518 0.040232768622169124
vn 0.6523792496763801 0.7568240475306518 0.040232768622169124
vn 0.6523792496763801 0.7568240475306518 0.040232768622169124
vn 0.9090908088042063 0.32815390530344013 -0.2566494024575446
vn 0.9090908088042063 0.32815390530344013 -0.2566494024575446
vn 0.9090908088042063 0.32815390530344013 -0.2566494024575446
vn 0.9280431194635989 0.10246179914052643 -0.35810270612375866
vn 0.9280431194635989 0.10246179914052643 -0.35810270612375866
vn 0.9280431194635989 0.10246179914052643 -0.35810270612375866
vn 0.9630657037585022 0.20171848356657623 -0.17836508523739153
vn 0.9630657037585022 0.20171848356657623 -0.17836508523739153
vn 0.9630657037585022 0.20171848356657623 -0.17836508523739153
vn 0.9595518220472007 0.21063848077546538 -0.18679328473609882
vn 0.9595518220472007 0.21063848077546538 -0.18679328473609882
vn 0.9595518220472007 0.21063848077546538 -0.18679328473609882
vn 0.8231615793253708 0.5678071819161304 0.00013596699489271493
vn 0.8231615793253708 0.5678071819161304 0.00013596699489271493
vn 0.8231615793253708 0.5678071819161304 0.00013596699489271493
vn 0.6901530441013738 0.7232988285569858 -0.022969116781006268
vn 0.6901530441013738 0.7232988285569858 -0.022969116781006268
vn 0.6901530441013738 0.7232988285569858 -0.022969116781006268
vn 0.8184316625869485 0.5585810454424509 -0.13474727955540244
vn 0.8184316625869485 0.5585810454424509 -0.13474727955540244
vn 0.8184316625869485 0.5585810454424509 -0.13474727955540244
vn 0.8191098394193245 0.557885217557483 -0.13350338945992513
vn 0.8191098394193245 0.557885217557483 -0.13350338945992513
vn 0.8191098394193245 0.557885217557483 -0.13350338945992513
vn 0.9497801464041192 0.16606799912920162 -0.265215182751277
vn 0.9497801464041192 0.16606799912920162 -0.265215182751277
vn 0.9497801464041192 0.16606799912920162 -0.265215182751277
vn 0.559911846611474 0.8281221978376156 0.026689875846961825
vn 0.559911846611474 0.8281221978376156 0.026689875846961825
vn 0.559911846611474 0.8281221978376156 0.026689875846961825
vn 0.5961845668777628 0.8027373756471137 -0.013291649858424763
vn 0.5961845668777628 0.8027373756471137 -0.013291649858424763
vn 0.5961845668777628 0.8027373756471137 -0.013291649858424763
vn 0.9073352117777688 0.34369420626845637 -0.24210969837180688
vn 0.9073352117777688 0.34369420626845637 -0.24210969837180688
vn 0.9073352117777688 0.34369420626845637 -0.24210969837180688
vn 0.9944557028944881 0.10186350424916078 -0.026109030673520498
vn 0.9944557028944881 0.10186350424916078 -0.026109030673520498
vn 0.9944557028944881 0.10186350424916078 -0.026109030673520498
vn 0.9951081397989504 0.09687750160304649 -0.019353030486840474
vn 0.9951081397989504 0.09687750160304649 -0.019353030486840474
vn 0.9951081397989504 0.09687750160304649 -0.019353030486840474
vn 0.6903570534818672 0.7230995549274032 -0.023112169340543914
vn 0.6903570534818672 0.7230995549274032 -0.023112169340543914
vn 0.6903570534818672 0.7230995549274032 -0.023112169340543914
vn 0.8926749358649341 0.31844228967045923 -0.3189450846587402
vn 0.8926749358649341 0.31844228967045923 -0.3189450846587402
vn 0.8926749358649341 0.31844228967045923 -0.3189450846587402
vn 0.6000400054988698 0.7986720030525544 -0.045552424095067844
vn 0.6000400054988698 0.7986720030525544 -0.045552424095067844
vn 0.6000400054988698 0.7986720030525544 -0.045552424095067844
vn 0.8588879216919043 0.5063393179955364 -0.07701969244015636
vn 0.8588879216919043 0.5063393179955364 -0.07701969244015636
vn 0.8588879216919043 0.5063393179955364 -0.07701969244015636
vn 0.8696091699776706 0.4899333079194688 -0.06119840914463305
vn 0.8696091699776706 0.4899333079194688 -0.06119840914463305
vn 0.8696091699776706 0.4899333079194688 -0.06119840914463305
vn 0.8981804220572728 0.39567100864744525 -0.19161519341882213
vn 0.8981804220572728 0.39567100864744525 -0.19161519341882213
vn 0.8981804220572728 0.39567100864744525 -0.19161519341882213
vn 0.6866442451071493 0.717826652940079 -0.11508508587161413
vn 0.6866442451071493 0.717826652940079 -0.11508508587161413
vn 0.6866442451071493 0.717826652940079 -0.11508508587161413
vn 0.9575445468555304 0.26838337860904826 -0.1052558923463641
vn 0.9575445468555304 0.26838337860904826 -0.1052558923463641
vn 0.9575445468555304 0.26838337860904826 -0.1052558923463641
vn 0.963196431328946 0.25425978832381585 -0.08720432739670467
vn 0.963196431328946 0.25425978832381585 -0.08720432739670467
vn 0.963196431328946 0.25425978832381585 -0.08720432739670467
vn 0.7752108883026957 0.6190328964942862 -0.12588229309493726
vn 0.7752108883026957 0.6190328964942862 -0.12588229309493726
vn 0.7752108883026957 0.6190328964942862 -0.12588229309493726
vn 0.6482790054466125 0.7594149640770471 -0.05498402889028959
vn 0.6482790054466125 0.7594149640770471 -0.05498402889028959
vn 0.6482790054466125 0.7594149640770471 -0.05498402889028959
vn 0.9934245081735206 0.09350769716236623 -0.06606101067642058
vn 0.9934245081735206 0.09350769716236623 -0.06606101067642058
vn 0.9934245081735206 0.09350769716236623 -0.06606101067642058
vn 0.6031547915434774 0.7964630895495186 -0.043021441437727063
vn 0.6031547915434774 0.7964630895495186 -0.043021441437727063
vn 0.6031547915434774 0.7964630895495186 -0.043021441437727063
vn 0.8173679128079037 0.538668216242987 -0.20431898571021248
vn 0.8173679128079037 0.538668216242987 -0.20431898571021248
vn 0.8173679128079037 0.538668216242987 -0.20431898571021248
vn 0.7848169568229516 0.591062468444007 -0.18629949726190473
vn 0.7848169568229516 0.591062468444007 -0.18629949726190473
vn 0.7848169568229516 0.591062468444007 -0.18629949726190473
vn 0.9532970284548682 0.30184239448310407 -0.01076774961744632
vn 0.9532970284548682 0.30184239448310407 -0.01076774961744632
vn 0.9532970284548682 0.30184239448310407 -0.01076774961744632
vn 0.7259668853253102 0.6818440097047775 -0.08978211314498738
vn 0.7259668853253102 0.6818440097047775 -0.08978211314498738
vn 0.7259668853253102 0.6818440097047775 -0.08978211314498738
vn 0.9495019734245703 0.3131338001043705 -0.019829919189008813
vn 0.9495019734245703 0.3131338001043705 -0.019829919189008813
vn 0.9495019734245703 0.3131338001043705 -0.019829919189008813
vn 0.9915926072217478 0.1036098919589066 -0.07751833068017154
vn 0.9915926072217478 0.1036098919589066 -0.07751833068017154
vn 0.9915926072217478 0.1036098919589066 -0.07751833068017154
vn 0.7947932533649987 0.5826481618769626 -0.16977869085040653
vn 0.7947932533649987 0.5826481618769626 -0.16977869085040653
vn 0.7947932533649987 0.5826481618769626 -0.16977869085040653
vn 0.910717962728988 0.4086718552788194 0.059833995903076254
vn 0.910717962728988 0.4086718552788194 0.059833995903076254
vn 0.910717962728988 0.4086718552788194 0.059833995903076254
vn 0.823563193271038 0.5123017871797815 -0.243496500060294
vn 0.823563193271038 0.5123017871797815 -0.243496500060294
vn 0.823563193271038 0.5123017871797815 -0.243496500060294
vn 0.6645873026989086 0.7412622986366174 -0.0940952799631691
vn 0.6645873026989086 0.7412622986366174 -0.0940952799631691
vn 0.6645873026989086 0.7412622986366174 -0.0940952799631691
vn 0.879298689465695 0.33189177606899917 -0.34158697820859124
vn 0.879298689465695 0.33189177606899917 -0.34158697820859124
vn 0.879298689465695 0.33189177606899917 -0.34158697820859124
vn 0.6020874462039842 0.7909564482252763 -0.10898900923680353
vn 0.6020874462039842 0.7909564482252763 -0.10898900923680353
vn 0.6020874462039842 0.7909564482252763 -0.10898900923680353
vn 0.9897525379714676 0.14279288153345884 0.0003264389838563193
vn 0.9897525379714676 0.14279288153345884 0.0003264389838563193
vn 0.9897525379714676 0.14279288153345884 0.0003264389838563193
vn 0.9908450645373796 0.13483980030593307 0.006654797921209936
vn 0.9908450645373796 0.13483980030593307 0.006654797921209936
vn 0.9908450645373796 0.13483980030593307 0.006654797921209936
vn 0.7370487235748467 0.6527812289794817 -0.17503098631021466
vn 0.7370487235748467 0.6527812289794817 -0.17503098631021466
vn 0.7370487235748467 0.6527812289794817 -0.17503098631021466
vn 0.828377834388132 0.5543925109143327 -0.08024404860505431
vn 0.828377834388132 0.5543925109143327 -0.08024404860505431
vn 0.828377834388132 0.5543925109143327 -0.08024404860505431
vn 0.7290459309174245 0.6579303772074058 -0.18873168615912558
vn 0.7290459309174245 0.6579303772074058 -0.18873168615912558
vn 0.7290459309174245 0.6579303772074058 -0.18873168615912558
vn 0.6408861300573767 0.7484886670897201 -0.1703809952381238
vn 0.6408861300573767 0.7484886670897201 -0.1703809952381238
vn 0.6408861300573767 0.7484886670897201 -0.1703809952381238
vn 0.8558292932997905 0.49707808788796615 -0.1430719933167379
vn 0.8558292932997905 0.49707808788796615 -0.1430719933167379
vn 0.8558292932997905 0.49707808788796615 -0.1430719933167379
vn 0.8632359612789866 0.48799709096649274 -0.12916080815396258
vn 0.8632359612789866 0.48799709096649274 -0.12916080815396258
vn 0.8632359612789866 0.48799709096649274 -0.12916080815396258
vn 0.6831652516989734 0.7109008426130322 -0.16704858827047722
vn 0.6831652516989734 0.7109008426130322 -0.16704858827047722
vn 0.6831652516989734 0.7109008426130322 -0.16704858827047722
vn 0.6839984659561804 0.7104277615121937 -0.16564568887346734
vn 0.6839984659561804 0.7104277615121937 -0.16564568887346734
vn 0.6839984659561804 0.7104277615121937 -0.16564568887346734
vn 0.6448267094172264 0.7471563210674321 -0.16110849360332322
vn 0.6448267094172264 0.7471563210674321 -0.16110849360332322
vn 0.6448267094172264 0.7471563210674321 -0.16110849360332322
vn 0.7462498332444965 0.6226170481185119 -0.23549776596552202
vn 0.7462498332444965 0.6226170481185119 -0.23549776596552202
vn 0.7462498332444965 0.6226170481185119 -0.23549776596552202
vn 0.8798118357163522 0.40257007448633836 -0.2527221178715593
vn 0.8798118357163522 0.40257007448633836 -0.2527221178715593
vn 0.8798118357163522 0.40257007448633836 -0.2527221178715593
vn 0.8869381939647365 0.39224540287875026 -0.2438937965735461
vn 0.8869381939647365 0.39224540287875026 -0.2438937965735461
vn 0.8869381939647365 0.39224540287875026 -0.2438937965735461
vn 0.7948872942271222 0.5338851741806773 -0.2883067988555803
vn 0.7948872942271222 0.5338851741806773 -0.2883067988555803
vn 0.7948872942271222 0.5338851741806773 -0.2883067988555803
vn 0.6649670586117362 0.7133997066860474 -0.22108747015947694
vn 0.6649670586117362 0.7133997066860474 -0.22108747015947694
vn 0.6649670586117362 0.7133997066860474 -0.22108747015947694
vn 0.9842344868683677 0.11228509707335568 -0.1366547907472985
vn 0.9842344868683677 0.11228509707335568 -0.1366547907472985
vn 0.9842344868683677 0.11228509707335568 -0.1366547907472985
vn 0.9864937068391868 0.1027558818601173 -0.1275593787607574
vn 0.9864937068391868 0.1027558818601173 -0.1275593787607574
vn 0.9864937068391868 0.1027558818601173 -0.1275593787607574
vn 0.6960613338086222 0.6796536647311627 -0.2314508924028208
vn 0.6960613338086222 0.6796536647311627 -0.2314508924028208
vn 0.6960613338086222 0.6796536647311627 -0.2314508924028208
vn 0.6907693672337403 0.6818756986740463 -0.24058930327277528
vn 0.6907693672337403 0.6818756986740463 -0.24058930327277528
vn 0.6907693672337403 0.6818756986740463 -0.24058930327277528
vn 0.6605881615454332 0.715317982192802 -0.22791109051040698
vn 0.6605881615454332 0.715317982192802 -0.22791109051040698
vn 0.6605881615454332 0.715317982192802 -0.22791109051040698
vn 0.7304944440716794 0.6275565662636265 -0.2693522290975413
vn 0.7304944440716794 0.6275565662636265 -0.2693522290975413
vn 0.7304944440716794 0.6275565662636265 -0.2693522290975413
vn 0.9501288614592188 0.18412608065958502 -0.2516996882062996
vn 0.9501288614592188 0.18412608065958502 -0.2516996882062996
vn 0.9501288614592188 0.18412608065958502 -0.2516996882062996
vn 0.9833991734224509 0.17870840805825963 0.03145426205338483
vn 0.9833991734224509 0.17870840805825963 0.03145426205338483
vn 0.9833991734224509 0.17870840805825963 0.03145426205338483
vn 0.7707036187750056 0.5285670195654483 -0.35585507982156106
vn 0.7707036187750056 0.5285670195654483 -0.35585507982156106
vn 0.7707036187750056 0.5285670195654483 -0.35585507982156106
vn 0.77136860032255 0.4853837944815668 -0.4115738748889517
vn 0.77136860032255 0.4853837944815668 -0.4115738748889517
vn 0.77136860032255 0.4853837944815668 -0.4115738748889517
vn 0.6701908741657838 0.6826121245721943 -0.2913500979439299
vn 0.6701908741657838 0.6826121245721943 -0.2913500979439299
vn 0.6701908741657838 0.6826121245721943 -0.2913500979439299
vn 0.7540578173842357 0.5694475715416725 -0.3273014990906921
vn 0.7540578173842357 0.5694475715416725 -0.3273014990906921
vn 0.7540578173842357 0.5694475715416725 -0.3273014990906921
vn 0.67640248467931 0.6497649910813981 -0.346821474370672
vn 0.67640248467931 0.6497649910813981 -0.346821474370672
vn 0.67640248467931 0.6497649910813981 -0.346821474370672
vn 0.9453719300655093 0.13925539019496594 -0.29475388062901153
vn 0.9453719300655093 0.13925539019496594 -0.29475388062901153
vn 0.9453719300655093 0.13925539019496594 -0.29475388062901153
vn 0.9314533116545342 0.3638482783814588 0.0030263057760070967
vn 0.9314533116545342 0.3638482783814588 0.0030263057760070967
vn 0.9314533116545342 0.3638482783814588 0.0030263057760070967
vn 0.9214448073530898 0.38782744508564027 -0.023007386648034617
vn 0.9214448073530898 0.38782744508564027 -0.023007386648034617
vn 0.9214448073530898 0.38782744508564027 -0.023007386648034617
vn 0.8552471558673043 0.4846037716567001 -0.18360688134432174
vn 0.8552471558673043 0.4846037716567001 -0.18360688134432174
vn 0.8552471558673043 0.4846037716567001 -0.18360688134432174
vn 0.8565946049388691 0.4834612212876985 -0.18030787642426988
vn 0.8565946049388691 0.4834612212876985 -0.18030787642426988
vn 0.8565946049388691 0.4834612212876985 -0.18030787642426988
vn 0.6843730488496649 0.6136478434241704 -0.39378909871792916
vn 0.6843730488496649 0.6136478434241704 -0.39378909871792916
vn 0.6843730488496649 0.6136478434241704 -0.39378909871792916
vn 0.7220963255540217 0.5562193405932006 -0.4113355586032473
vn 0.7220963255540217 0.5562193405932006 -0.4113355586032473
vn 0.7220963255540217 0.5562193405932006 -0.4113355586032473
vn 0.8662039266965197 0.4409919495918197 -0.23498267546935575
vn 0.8662039266965197 0.4409919495918197 -0.23498267546935575
vn 0.8662039266965197 0.4409919495918197 -0.23498267546935575
vn 0.7615662045860074 0.6480463001414473 -0.007273850798927031
vn 0.7615662045860074 0.6480463001414473 -0.007273850798927031
vn 0.7615662045860074 0.6480463001414473 -0.007273850798927031
vn 0.987303454268754 0.1445634243108982 -0.06582784775832837
vn 0.987303454268754 0.1445634243108982 -0.06582784775832837
vn 0.987303454268754 0.1445634243108982 -0.06582784775832837
vn 0.9891000619373083 0.1360002936661702 -0.05643569436383827
vn 0.9891000619373083 0.1360002936661702 -0.05643569436383827
vn 0.9891000619373083 0.1360002936661702 -0.05643569436383827
vn 0.6427169403501753 0.7623928143401166 0.07531355276087887
vn 0.6427169403501753 0.7623928143401166 0.07531355276087887
vn 0.6427169403501753 0.7623928143401166 0.07531355276087887
vn 0.9403864622741988 0.3302533882934437 -0.08127730982332353
vn 0.9403864622741988 0.3302533882934437 -0.08127730982332353
vn 0.9403864622741988 0.3302533882934437 -0.08127730982332353
vn 0.9783681999192646 0.20662098641611648 0.010170219229142527
vn 0.9783681999192646 0.20662098641611648 0.010170219229142527
vn 0.9783681999192646 0.20662098641611648 0.010170219229142527
vn 0.9276272819399782 0.16142620433175967 -0.33682221772871335
vn 0.9276272819399782 0.16142620433175967 -0.33682221772871335
vn 0.9276272819399782 0.16142620433175967 -0.33682221772871335
vn 0.7869362330244478 0.5563250251343308 -0.2668966683242376
vn 0.7869362330244478 0.5563250251343308 -0.2668966683242376
vn 0.7869362330244478 0.5563250251343308 -0.2668966683242376
vn 0.8684555341325703 0.3853454909695988 -0.31191960153845877
vn 0.8684555341325703 0.3853454909695988 -0.31191960153845877
vn 0.8684555341325703 0.3853454909695988 -0.31191960153845877
vn 0.8670726598636602 0.37625468558952024 -0.326523221362415
vn 0.8670726598636602 0.37625468558952024 -0.326523221362415
vn 0.8670726598636602 0.37625468558952024 -0.326523221362415
vn 0.9754074242033995 0.10225819823733272 -0.1952527021634884
vn 0.9754074242033995 0.10225819823733272 -0.1952527021634884
vn 0.9754074242033995 0.10225819823733272 -0.1952527021634884
vn 0.9455117700875084 0.2758411799406965 -0.17297148919666153
vn 0.9455117700875084 0.2758411799406965 -0.17297148919666153
vn 0.9455117700875084 0.2758411799406965 -0.17297148919666153
vn 0.6650895303148107 0.6851651490127636 -0.29699265183492707
vn 0.6650895303148107 0.6851651490127636 -0.29699265183492707
vn 0.6650895303148107 0.6851651490127636 -0.29699265183492707
vn 0.9500602379500214 0.26539495296133664 -0.1641677898035987
vn 0.9500602379500214 0.26539495296133664 -0.1641677898035987
vn 0.9500602379500214 0.26539495296133664 -0.1641677898035987
vn 0.7109106255820091 0.6348542636050792 -0.30259898614676256
vn 0.7109106255820091 0.6348542636050792 -0.30259898614676256
vn 0.7109106255820091 0.6348542636050792 -0.30259898614676256
vn 0.9396363722957585 0.2095147123700579 -0.27053109462566155
vn 0.9396363722957585 0.2095147123700579 -0.27053109462566155
vn 0.9396363722957585 0.2095147123700579 -0.27053109462566155
vn 0.8952537493346022 0.436372802832082 0.08999722912851311
vn 0.8952537493346022 0.436372802832082 0.08999722912851311
vn 0.8952537493346022 0.436372802832082 0.08999722912851311
vn 0.8379495749601624 0.47323200161202716 -0.2718307975089605
vn 0.8379495749601624 0.47323200161202716 -0.2718307975089605
vn 0.8379495749601624 0.47323200161202716 -0.2718307975089605
vn 0.9217120965770395 0.1972974679404926 -0.33394688225499075
vn 0.9217120965770395 0.1972974679404926 -0.33394688225499075
vn 0.9217120965770395 0.1972974679404926 -0.33394688225499075
vn 0.9689491907698433 0.12093350191991652 -0.21566769303688313
vn 0.9689491907698433 0.12093350191991652 -0.21566769303688313
vn 0.9689491907698433 0.12093350191991652 -0.21566769303688313
vn 0.8371609430464345 0.4242443730778743 -0.3452220551317164
vn 0.8371609430464345 0.4242443730778743 -0.3452220551317164
vn 0.8371609430464345 0.4242443730778743 -0.3452220551317164
vn 0.9417323776363724 0.3222658833038449 -0.09635781945300312
vn 0.9417323776363724 0.3222658833038449 -0.09635781945300312
vn 0.9417323776363724 0.3222658833038449 -0.09635781945300312
vn 0.849406254960943 0.5211514311790599 0.08312761161757826
vn 0.849406254960943 0.5211514311790599 0.08312761161757826
vn 0.849406254960943 0.5211514311790599 0.08312761161757826
vn 0.9826956148768815 0.1421662980988942 -0.11873530303411917
vn 0.9826956148768815 0.1421662980988942 -0.11873530303411917
vn 0.9826956148768815 0.1421662980988942 -0.11873530303411917
vn 0.8371570853241322 0.4508680184311246 -0.3096547181096949
vn 0.8371570853241322 0.4508680184311246 -0.3096547181096949
vn 0.8371570853241322 0.4508680184311246 -0.3096547181096949
vn 0.9794699820944737 0.19307160912225177 -0.05798196208128801
vn 0.9794699820944737 0.19307160912225177 -0.05798196208128801
vn 0.9794699820944737 0.19307160912225177 -0.05798196208128801
vn 0.98266024048709 0.18020962298142013 -0.04362732573455602
vn 0.98266024048709 0.18020962298142013 -0.04362732573455602
vn 0.98266024048709 0.18020962298142013 -0.04362732573455602
vn 0.9685889150683787 0.24227277105357767 0.05603050965930695
vn 0.9685889150683787 0.24227277105357767 0.05603050965930695
vn 0.9685889150683787 0.24227277105357767 0.05603050965930695
vn 0.7714589744792085 0.628704004152858 0.09788935518048317
vn 0.7714589744792085 0.628704004152858 0.09788935518048317
vn 0.7714589744792085 0.628704004152858 0.09788935518048317
vn 0.8470188020619308 0.525742426347459 0.07844775389938587
vn 0.8470188020619308 0.525742426347459 0.07844775389938587
vn 0.8470188020619308 0.525742426347459 0.07844775389938587
vn 0.9771828345492305 0.15950289842168988 -0.14025880812772915
vn 0.9771828345492305 0.15950289842168988 -0.14025880812772915
vn 0.9771828345492305 0.15950289842168988 -0.14025880812772915
vn 0.005054413685685509 0.23589929373765303 -0.9717643624440908
vn 0.005054413685685509 0.23589929373765303 -0.9717643624440908
vn 0.005054413685685509 0.23589929373765303 -0.9717643624440908
vn -0.05255840950919605 0.9205366723282103 -0.3871044413188369
vn -0.05255840950919605 0.9205366723282103 -0.3871044413188369
vn -0.05255840950919605 0.9205366723282103 -0.3871044413188369
vn 0.03509128009150886 0.9422277581116231 -0.3331297853772368
vn 0.03509128009150886 0.9422277581116231 -0.3331297853772368
vn 0.03509128009150886 0.9422277581116231 -0.3331297853772368
vn 0.04692851772101573 0.7451905640029097 -0.6651982693494727
vn 0.04692851772101573 0.7451905640029097 -0.6651982693494727
vn 0.04692851772101573 0.7451905640029097 -0.6651982693494727
vn -0.004443943099183757 0.6837247113015128 -0.729726503921431
vn -0.004443943099183757 0.6837247113015128 -0.729726503921431
vn -0.004443943099183757 0.6837247113015128 -0.729726503921431
vn -0.018089527604338376 0.47487984000387795 -0.8798647092303131
vn -0.018089527604338376 0.47487984000387795 -0.8798647092303131
vn -0.018089527604338376 0.47487984000387795 -0.8798647092303131
vn 0.03209029902633473 0.5427122149045663 -0.8393054655498081
vn 0.03209029902633473 0.5427122149045663 -0.8393054655498081
vn 0.03209029902633473 0.5427122149045663 -0.8393054655498081
vn -0.002589165704776172 0.21397107889493408 -0.9768365644351624
vn -0.002589165704776172 0.21397107889493408 -0.9768365644351624
vn -0.002589165704776172 0.21397107889493408 -0.9768365644351624
vn 0.999020020921217 0.017184249727961145 -0.04078847091836413
vn 0.999020020921217 0.017184249727961145 -0.04078847091836413
vn 0.999020020921217 0.017184249727961145 -0.04078847091836413
vn 0.8784994348090464 0.017881087684228202 -0.4774086402060768
vn 0.8784994348090464 0.017881087684228202 -0.4774086402060768
vn 0.8784994348090464 0.017881087684228202 -0.4774086402060768
vn 0.8757775097522884 0.13260138440081842 -0.4641450487369942
vn 0.8757775097522884 0.13260138440081842 -0.4641450487369942
vn 0.8757775097522884 0.13260138440081842 -0.4641450487369942
vn 0.9634811651748298 -0.2615453837433234 -0.05742870881283862
vn 0.9634811651748298 -0.2615453837433234 -0.05742870881283862
vn 0.9634811651748298 -0.2615453837433234 -0.05742870881283862
vn 0.8228250086419714 -0.4559114840445647 -0.33926939718993554
vn 0.8228250086419714 -0.4559114840445647 -0.33926939718993554
vn 0.8228250086419714 -0.4559114840445647 -0.33926939718993554
vn 0.8662931916476662 -0.3515197633633328 -0.35492247332324073
vn 0.8662931916476662 -0.3515197633633328 -0.35492247332324073
vn 0.8662931916476662 -0.3515197633633328 -0.35492247332324073
vn 0.834556474104177 0.3833218875976765 -0.39570168311413395
vn 0.834556474104177 0.3833218875976765 -0.39570168311413395
vn 0.834556474104177 0.3833218875976765 -0.39570168311413395
vn 0.9238145117818973 -0.30219747852097717 -0.2350392133171363
vn 0.9238145117818973 -0.30219747852097717 -0.2350392133171363
vn 0.9238145117818973 -0.30219747852097717 -0.2350392133171363
vn 0.8978672024248098 0.1309473812093024 -0.42034184917073303
vn 0.8978672024248098 0.1309473812093024 -0.42034184917073303
vn 0.8978672024248098 0.1309473812093024 -0.42034184917073303
vn 0.9188892413310599 -0.22495499664600865 -0.3240953743113649
vn 0.9188892413310599 -0.22495499664600865 -0.3240953743113649
vn 0.9188892413310599 -0.22495499664600865 -0.3240953743113649
vn 0.8869720005503677 -0.3421101831181633 -0.3102278079839636
vn 0.8869720005503677 -0.3421101831181633 -0.3102278079839636
vn 0.8869720005503677 -0.3421101831181633 -0.3102278079839636
vn 0.7224334899384685 -0.6650648551971796 -0.18915229577480447
vn 0.7224334899384685 -0.6650648551971796 -0.18915229577480447
vn 0.7224334899384685 -0.6650648551971796 -0.18915229577480447
vn 0.7773624737047021 -0.6197258296575553 -0.10792349387858519
vn 0.7773624737047021 -0.6197258296575553 -0.10792349387858519
vn 0.7773624737047021 -0.6197258296575553 -0.10792349387858519
vn 0.8747956896502148 0.3511916158678075 -0.3337618167399672
vn 0.8747956896502148 0.3511916158678075 -0.3337618167399672
vn 0.8747956896502148 0.3511916158678075 -0.3337618167399672
vn 0.9213497008741083 0.2346172026104194 -0.3099507976089955
vn 0.9213497008741083 0.2346172026104194 -0.3099507976089955
vn 0.9213497008741083 0.2346172026104194 -0.3099507976089955
vn 0.8851919642751724 0.4650526873843763 -0.012695839445726427
vn 0.8851919642751724 0.4650526873843763 -0.012695839445726427
vn 0.8851919642751724 0.4650526873843763 -0.012695839445726427
vn 0.9356199410240476 -0.18141098140735865 -0.30282896457072406
vn 0.9356199410240476 -0.18141098140735865 -0.30282896457072406
vn 0.9356199410240476 -0.18141098140735865 -0.30282896457072406
vn 0.6520728595476644 -0.7459187652428635 -0.13566938306004803
vn 0.6520728595476644 -0.7459187652428635 -0.13566938306004803
vn 0.6520728595476644 -0.7459187652428635 -0.13566938306004803
vn 0.523385104684395 -0.8489689184968029 -0.07293701132397487
vn 0.523385104684395 -0.8489689184968029 -0.07293701132397487
vn 0.523385104684395 -0.8489689184968029 -0.07293701132397487
vn -0.7739122573396752 -0.5456483408833996 0.32144627238560664
vn -0.7739122573396752 -0.5456483408833996 0.32144627238560664
vn -0.7739122573396752 -0.5456483408833996 0.32144627238560664
vn 0.9730205851564095 -0.06900451878555687 -0.2201574828368369
vn 0.9730205851564095 -0.06900451878555687 -0.2201574828368369
vn 0.9730205851564095 -0.06900451878555687 -0.2201574828368369
vn 0.9694406306312184 -0.1742191895669921 -0.17272098213004186
vn 0.9694406306312184 -0.1742191895669921 -0.17272098213004186
vn 0.9694406306312184 -0.1742191895669921 -0.17272098213004186
vn 0.9873876851036719 -0.0408902105338009 -0.1529495014313988
vn 0.9873876851036719 -0.0408902105338009 -0.1529495014313988
vn 0.9873876851036719 -0.0408902105338009 -0.1529495014313988
vn 0.8652606758915274 0.49151528747518214 -0.09867464179780908
vn 0.8652606758915274 0.49151528747518214 -0.09867464179780908
vn 0.8652606758915274 0.49151528747518214 -0.09867464179780908
vn 0.8583769543432276 -0.4995452017291917 -0.11680580328813128
vn 0.8583769543432276 -0.4995452017291917 -0.11680580328813128
vn 0.8583769543432276 -0.4995452017291917 -0.11680580328813128
vn 0.684734763571312 -0.7261621375697337 -0.06186156736694239
vn 0.684734763571312 -0.7261621375697337 -0.06186156736694239
vn 0.684734763571312 -0.7261621375697337 -0.06186156736694239
vn 0.9901552486623607 -0.08247541874708596 -0.11309460132504863
vn 0.9901552486623607 -0.08247541874708596 -0.11309460132504863
vn 0.9901552486623607 -0.08247541874708596 -0.11309460132504863
vn 0.9568711077699362 -0.2734291895670721 -0.09815376410423303
vn 0.9568711077699362 -0.2734291895670721 -0.09815376410423303
vn 0.9568711077699362 -0.2734291895670721 -0.09815376410423303
vn 0.9365274933229579 0.34409007529538793 -0.06721811015962413
vn 0.9365274933229579 0.34409007529538793 -0.06721811015962413
vn 0.9365274933229579 0.34409007529538793 -0.06721811015962413
vn 0.9895375277513226 0.12436850996563237 -0.0731297128445672
vn 0.9895375277513226 0.12436850996563237 -0.0731297128445672
vn 0.9895375277513226 0.12436850996563237 -0.0731297128445672
vn 0.9685204393889778 -0.0915172525251695 -0.23150108201912478
vn 0.9685204393889778 -0.0915172525251695 -0.23150108201912478
vn 0.9685204393889778 -0.0915172525251695 -0.23150108201912478
vn 0.9536704888018779 0.21266996572673716 -0.21280057440283356
vn 0.9536704888018779 0.21266996572673716 -0.21280057440283356
vn 0.9536704888018779 0.21266996572673716 -0.21280057440283356
vn 0.7772898192965577 0.6253656241433982 0.06883584064760633
vn 0.7772898192965577 0.6253656241433982 0.06883584064760633
vn 0.7772898192965577 0.6253656241433982 0.06883584064760633
vn 0.8984642219425467 0.4387818369973493 0.015249308522217545
vn 0.8984642219425467 0.4387818369973493 0.015249308522217545
vn 0.8984642219425467 0.4387818369973493 0.015249308522217545
vn 0.9498690442656651 0.25326305830225704 -0.18332109001754088
vn 0.9498690442656651 0.25326305830225704 -0.18332109001754088
vn 0.9498690442656651 0.25326305830225704 -0.18332109001754088
vn 0.9901470594327132 0.13840019776117132 0.021311638989522097
vn 0.9901470594327132 0.13840019776117132 0.021311638989522097
vn 0.9901470594327132 0.13840019776117132 0.021311638989522097
vn 0.9955620934305419 0.08448159092700917 0.041460570650179975
vn 0.9955620934305419 0.08448159092700917 0.041460570650179975
vn 0.9955620934305419 0.08448159092700917 0.041460570650179975
vn 0.9181835997145815 -0.39485566731768296 -0.03206055523974401
vn 0.9181835997145815 -0.39485566731768296 -0.03206055523974401
vn 0.9181835997145815 -0.39485566731768296 -0.03206055523974401
vn 0.8621100925704682 -0.5060374820345721 -0.026310740473210702
vn 0.8621100925704682 -0.5060374820345721 -0.026310740473210702
vn 0.8621100925704682 -0.5060374820345721 -0.026310740473210702
vn 0.5088258396954027 -0.8585185427651048 -0.06357811405467735
vn 0.5088258396954027 -0.8585185427651048 -0.06357811405467735
vn 0.5088258396954027 -0.8585185427651048 -0.06357811405467735
vn 0.8921924962880927 0.3681471104829845 -0.26164910588467744
vn 0.8921924962880927 0.3681471104829845 -0.26164910588467744
vn 0.8921924962880927 0.3681471104829845 -0.26164910588467744
vn 0.5236538012719174 -0.8487451011934808 -0.07361011896159009
vn 0.5236538012719174 -0.8487451011934808 -0.07361011896159009
vn 0.5236538012719174 -0.8487451011934808 -0.07361011896159009
vn 0.9219013322391962 0.23471668031285436 -0.3082304553390342
vn 0.9219013322391962 0.23471668031285436 -0.3082304553390342
vn 0.9219013322391962 0.23471668031285436 -0.3082304553390342
vn 0.8838740752774393 0.4417255901574188 -0.15376970459922157
vn 0.8838740752774393 0.4417255901574188 -0.15376970459922157
vn 0.8838740752774393 0.4417255901574188 -0.15376970459922157
vn 0.5192846765833691 -0.8530544819316507 -0.05139528696319254
vn 0.5192846765833691 -0.8530544819316507 -0.05139528696319254
vn 0.5192846765833691 -0.8530544819316507 -0.05139528696319254
vn 0.7890787662555803 -0.5928019241535566 -0.16106079400155812
vn 0.7890787662555803 -0.5928019241535566 -0.16106079400155812
vn 0.7890787662555803 -0.5928019241535566 -0.16106079400155812
vn 0.7627981315478377 -0.637232125670578 -0.10988279446976389
vn 0.7627981315478377 -0.637232125670578 -0.10988279446976389
vn 0.7627981315478377 -0.637232125670578 -0.10988279446976389
vn 0.3351193497403607 -0.6894160178380728 -0.6421842226167597
vn 0.3351193497403607 -0.6894160178380728 -0.6421842226167597
vn 0.3351193497403607 -0.6894160178380728 -0.6421842226167597
vn 0.46685189646308617 -0.8096112123434575 -0.35577941426757237
vn 0.46685189646308617 -0.8096112123434575 -0.35577941426757237
vn 0.46685189646308617 -0.8096112123434575 -0.35577941426757237
vn 0.22414638744366783 -0.4124059795302768 -0.8829947367021086
vn 0.22414638744366783 -0.4124059795302768 -0.8829947367021086
vn 0.22414638744366783 -0.4124059795302768 -0.8829947367021086
vn 0.40613869525711344 -0.6707233901049732 -0.6206299172461327
vn 0.40613869525711344 -0.6707233901049732 -0.6206299172461327
vn 0.40613869525711344 -0.6707233901049732 -0.6206299172461327
vn 0.24530964539718889 -0.3437214416675887 -0.9064649736272549
vn 0.24530964539718889 -0.3437214416675887 -0.9064649736272549
vn 0.24530964539718889 -0.3437214416675887 -0.9064649736272549
vn 0.49670880864819206 -0.7670273158814194 -0.40613970023015356
vn 0.49670880864819206 -0.7670273158814194 -0.40613970023015356
vn 0.49670880864819206 -0.7670273158814194 -0.40613970023015356
vn 0.279212385619246 -0.7219420080670972 -0.6331194047767427
vn 0.279212385619246 -0.7219420080670972 -0.6331194047767427
vn 0.279212385619246 -0.7219420080670972 -0.6331194047767427
vn 0.17930278103408873 -0.5252415514803327 -0.831848438906977
vn 0.17930278103408873 -0.5252415514803327 -0.831848438906977
vn 0.17930278103408873 -0.5252415514803327 -0.831848438906977
vn 0.28449827893339186 -0.6126069525740024 -0.7374099612440369
vn 0.28449827893339186 -0.6126069525740024 -0.7374099612440369
vn 0.28449827893339186 -0.6126069525740024 -0.7374099612440369
vn 0.47970676570900683 -0.5385366694940684 -0.6927190444496532
vn 0.47970676570900683 -0.5385366694940684 -0.6927190444496532
vn 0.47970676570900683 -0.5385366694940684 -0.6927190444496532
vn 0.534177879368735 -0.585766353142199 -0.6095340619847343
vn 0.534177879368735 -0.585766353142199 -0.6095340619847343
vn 0.534177879368735 -0.585766353142199 -0.6095340619847343
vn 0.5134931686416528 -0.5552500956627112 -0.6542339772779348
vn 0.5134931686416528 -0.5552500956627112 -0.6542339772779348
vn 0.5134931686416528 -0.5552500956627112 -0.6542339772779348
vn 0.48406541430143984 -0.6210442792050919 -0.6164289723429645
vn 0.48406541430143984 -0.6210442792050919 -0.6164289723429645
vn 0.48406541430143984 -0.6210442792050919 -0.6164289723429645
vn 0.48930469944654464 -0.6290357810406577 -0.6040653087788576
vn 0.48930469944654464 -0.6290357810406577 -0.6040653087788576
vn 0.48930469944654464 -0.6290357810406577 -0.6040653087788576
vn 0.25497716936056125 -0.6346246667548805 -0.729546554683889
vn 0.25497716936056125 -0.6346246667548805 -0.729546554683889
vn 0.25497716936056125 -0.6346246667548805 -0.729546554683889
vn 0.36873206634420314 -0.7814502149302697 -0.503360928991285
vn 0.36873206634420314 -0.7814502149302697 -0.503360928991285
vn 0.36873206634420314 -0.7814502149302697 -0.503360928991285
vn 0.649195418142202 -0.4076685218225572 -0.6421461557762241
vn 0.649195418142202 -0.4076685218225572 -0.6421461557762241
vn 0.649195418142202 -0.4076685218225572 -0.6421461557762241
vn 0.2602545949319661 -0.07677923983215454 -0.9624824643325169
vn 0.2602545949319661 -0.07677923983215454 -0.9624824643325169
vn 0.2602545949319661 -0.07677923983215454 -0.9624824643325169
vn 0.3768573121683887 -0.6542881755602659 -0.6556565790009556
vn 0.3768573121683887 -0.6542881755602659 -0.6556565790009556
vn 0.3768573121683887 -0.6542881755602659 -0.6556565790009556
vn 0.4654868649191099 0.1136524852179517 -0.8777272305172955
vn 0.4654868649191099 0.1136524852179517 -0.8777272305172955
vn 0.4654868649191099 0.1136524852179517 -0.8777272305172955
vn 0.5240755634298344 0.0823115625196181 -0.8476848532864562
vn 0.5240755634298344 0.0823115625196181 -0.8476848532864562
vn 0.5240755634298344 0.0823115625196181 -0.8476848532864562
vn 0.7423688259863485 0.14605009726129187 -0.6538791136698112
vn 0.7423688259863485 0.14605009726129187 -0.6538791136698112
vn 0.7423688259863485 0.14605009726129187 -0.6538791136698112
vn 0.8246301943878469 0.44265460620442965 -0.35219588599224594
vn 0.8246301943878469 0.44265460620442965 -0.35219588599224594
vn 0.8246301943878469 0.44265460620442965 -0.35219588599224594
vn 0.6306652571851789 0.19136259400144223 -0.7520915442927085
vn 0.6306652571851789 0.19136259400144223 -0.7520915442927085
vn 0.6306652571851789 0.19136259400144223 -0.7520915442927085
vn 0.5925072249556192 0.31365995635687366 -0.7419923316002633
vn 0.5925072249556192 0.31365995635687366 -0.7419923316002633
vn 0.5925072249556192 0.31365995635687366 -0.7419923316002633
vn 0.7872172638564746 0.4039288782062034 -0.4659725751988026
vn 0.7872172638564746 0.4039288782062034 -0.4659725751988026
vn 0.7872172638564746 0.4039288782062034 -0.4659725751988026
vn 0.510539245341916 0.7531535201382304 -0.41486076467786004
vn 0.510539245341916 0.7531535201382304 -0.41486076467786004
vn 0.510539245341916 0.7531535201382304 -0.41486076467786004
vn 0.5621234746456657 0.812929328187808 -0.15219430549269225
vn 0.5621234746456657 0.812929328187808 -0.15219430549269225
vn 0.5621234746456657 0.812929328187808 -0.15219430549269225
vn 0.7256576879480982 0.6749945752996568 -0.1334287946354027
vn 0.7256576879480982 0.6749945752996568 -0.1334287946354027
vn 0.7256576879480982 0.6749945752996568 -0.1334287946354027
vn 0.8143629439270906 0.5688791280295977 -0.11484569321784234
vn 0.8143629439270906 0.5688791280295977 -0.11484569321784234
vn 0.8143629439270906 0.5688791280295977 -0.11484569321784234
vn 0.4674624147740748 0.8828479540184948 -0.04536938239549237
vn 0.4674624147740748 0.8828479540184948 -0.04536938239549237
vn 0.4674624147740748 0.8828479540184948 -0.04536938239549237
vn 0.648934411703766 0.759482727054495 -0.04549853418028287
vn 0.648934411703766 0.759482727054495 -0.04549853418028287
vn 0.648934411703766 0.759482727054495 -0.04549853418028287
vn 0.7150130679601343 0.6988617593722434 -0.018669599175376077
vn 0.7150130679601343 0.6988617593722434 -0.018669599175376077
vn 0.7150130679601343 0.6988617593722434 -0.018669599175376077
vn 0.5492311696132794 0.8356700509239154 0.0008296469429179147
vn 0.5492311696132794 0.8356700509239154 0.0008296469429179147
vn 0.5492311696132794 0.8356700509239154 0.0008296469429179147
vn 0.7830648555443941 0.5743142464102647 -0.23868929255717955
vn 0.7830648555443941 0.5743142464102647 -0.23868929255717955
vn 0.7830648555443941 0.5743142464102647 -0.23868929255717955
vn 0.8692042911575492 0.45680150830963423 -0.18925190154750213
vn 0.8692042911575492 0.45680150830963423 -0.18925190154750213
vn 0.8692042911575492 0.45680150830963423 -0.18925190154750213
vn -0.9982095525742214 0 0.05981378728665215
vn -0.9982095525742214 0 0.05981378728665215
vn -0.9982095525742214 0 0.05981378728665215
f 1//1 2//2 3//3
f 4//4 5//5 6//6
f 7//7 8//8 9//9
f 10//10 11//11 12//12
f 13//13 14//14 15//15
f 16//16 17//17 18//18
f 19//19 20//20 21//21
f 22//22 23//23 24//24
f 25//25 26//26 27//27
f 28//28 29//29 30//30
f 31//31 32//32 33//33
f 34//34 35//35 36//36
f 37//37 38//38 39//39
f 40//40 41//41 42//42
f 43//43 44//44 45//45
f 46//46 47//47 48//48
f 49//49 50//50 51//51
f 52//52 53//53 54//54
f 55//55 56//56 57//57
f 58//58 59//59 60//60
f 61//61 62//62 63//63
f 64//64 65//65 66//66
f 67//67 68//68 69//69
f 70//70 71//71 72//72
f 73//73 74//74 75//75
f 76//76 77//77 78//78
f 79//79 80//80 81//81
f 82//82 83//83 84//84
f 85//85 86//86 87//87
f 88//88 89//89 90//90
f 91//91 92//92 93//93
f 94//94 95//95 96//96
f 97//97 98//98 99//99
f 100//100 101//101 102//102
f 103//103 104//104 105//105
f 106//106 107//107 108//108
f 109//109 110//110 111//111
f 112//112 113//113 114//114
f 115//115 116//116 117//117
f 118//118 119//119 120//120
f 121//121 122//122 123//123
f 124//124 125//125 126//126
f 127//127 128//128 129//129
f 130//130 131//131 132//132
f 133//133 134//134 135//135
f 136//136 137//137 138//138
f 139//139 140//140 141//141
f 142//142 143//143 144//144
f 145//145 146//146 147//147
f 148//148 149//149 150//150
f 151//151 152//152 153//153
f 154//154 155//155 156//156
f 157//157 158//158 159//159
f 160//160 161//161 162//162
f 163//163 164//164 165//165
f 166//166 167//167 168//168
f 169//169 170//170 171//171
f 172//172 173//173 174//174
f 175//175 176//176 177//177
f 178//178 179//179 180//180
f 181//181 182//182 183//183
f 184//184 185//185 186//186
f 187//187 188//188 189//189
f 190//190 191//191 192//192
f 193//193 194//194 195//195
f 196//196 197//197 198//198
f 199//199 200//200 201//201
f 202//202 203//203 204//204
f 205//205 206//206 207//207
f 208//208 209//209 210//210
f 211//211 212//212 213//213
f 214//214 215//215 216//216
f 217//217 218//218 219//219
f 220//220 221//221 222//222
f 223//223 224//224 225//225
f 226//226 227//227 228//228
f 229//229 230//230 231//231
f 232//232 233//233 234//234
f 235//235 236//236 237//237
f 238//238 239//239 240//240
f 241//241 242//242 243//243
f 244//244 245//245 246//246
f 247//247 248//248 249//249
f 250//250 251//251 252//252
f 253//253 254//254 255//255
f 256//256 257//257 258//258
f 259//259 260//260 261//261
f 262//262 263//263 264//264
f 265//265 266//266 267//267
f 268//268 269//269 270//270
f 271//271 272//272 273//273
f 274//274 275//275 276//276
f 277//277 278//278 279//279
f 280//280 281//281 282//282
f 283//283 284//284 285//285
f 286//286 287//287 288//288
f 289//289 290//290 291//291
f 292//292 293//293 294//294
f 295//295 296//296 297//297
f 298//298 299//299 300//300
f 301//301 302//302 303//303
f 304//304 305//305 306//306
f 307//307 308//308 309//309
f 310//310 311//311 312//312
f 313//313 314//314 315//315
f 316//316 317//317 318//318
f 319//319 320//320 321//321
f 322//322 323//323 324//324
f 325//325 326//326 327//327
f 328//328 329//329 330//330
f 331//331 332//332 333//333
f 334//334 335//335 336//336
f 337//337 338//338 339//339
f 340//340 341//341 342//342
f 343//343 344//344 345//345
f 346//346 347//347 348//348
f 349//349 350//350 351//351
f 352//352 353//353 354//354
f 355//355 356//356 357//357
f 358//358 359//359 360//360
f 361//361 362//362 363//363
f 364//364 365//365 366//366
f 367//367 368//368 369//369
f 370//370 371//371 372//372
f 373//373 374//374 375//375
f 376//376 377//377 378//378
f 379//379 380//380 381//381
f 382//382 383//383 384//384
f 385//385 386//386 387//387
f 388//388 389//389 390//390
f 391//391 392//392 393//393
f 394//394 395//395 396//396
f 397//397 398//398 399//399
f 400//400 401//401 402//402
f 403//403 404//404 405//405
f 406//406 407//407 408//408
f 409//409 410//410 411//411
f 412//412 413//413 414//414
f 415//415 416//416 417//417
f 418//418 419//419 420//420
f 421//421 422//422 423//423
f 424//424 425//425 426//426
f 427//427 428//428 429//429
f 430//430 431//431 432//432
f 433//433 434//434 435//435
f 436//436 437//437 438//438
f 439//439 440//440 441//441
f 442//442 443//443 444//444
f 445//445 446//446 447//447
f 448//448 449//449 450//450
f 451//451 452//452 453//453
f 454//454 455//455 456//456
f 457//457 458//458 459//459
f 460//460 461//461 462//462
f 463//463 464//464 465//465
f 466//466 467//467 468//468
f 469//469 470//470 471//471
f 472//472 473//473 474//474
f 475//475 476//476 477//477
f 478//478 479//479 480//480
f 481//481 482//482 483//483
f 484//484 485//485 486//486
f 487//487 488//488 489//489
f 490//490 491//491 492//492
f 493//493 494//494 495//495
f 496//496 497//497 498//498
f 499//499 500//500 501//501
f 502//502 503//503 504//504
f 505//505 506//506 507//507
f 508//508 509//509 510//510
f 511//511 512//512 513//513
f 514//514 515//515 516//516
f 517//517 518//518 519//519
f 520//520 521//521 522//522
f 523//523 524//524 525//525
f 526//526 527//527 528//528
f 529//529 530//530 531//531
f 532//532 533//533 534//534
f 535//535 536//536 537//537
f 538//538 539//539 540//540
f 541//541 542//542 543//543
f 544//544 545//545 546//546
f 547//547 548//548 549//549
f 550//550 551//551 552//552
f 553//553 554//554 555//555
f 556//556 557//557 558//558
f 559//559 560//560 561//561
f 562//562 563//563 564//564
f 565//565 566//566 567//567
f 568//568 569//569 570//570
f 571//571 572//572 573//573
f 574//574 575//575 576//576
f 577//577 578//578 579//579
f 580//580 581//581 582//582
f 583//583 584//584 585//585
f 586//586 587//587 588//588
f 589//589 590//590 591//591
f 592//592 593//593 594//594
f 595//595 596//596 597//597
f 598//598 599//599 600//600
f 601//601 602//602 603//603
f 604//604 605//605 606//606
f 607//607 608//608 609//609
f 610//610 611//611 612//612
f 613//613 614//614 615//615
f 616//616 617//617 618//618
f 619//619 620//620 621//621
f 622//622 623//623 624//624
f 625//625 626//626 627//627
f 628//628 629//629 630//630
f 631//631 632//632 633//633
f 634//634 635//635 636//636
f 637//637 638//638 639//639
f 640//640 641//641 642//642
f 643//643 644//644 645//645
f 646//646 647//647 648//648
f 649//649 650//650 651//651
f 652//652 653//653 654//654
f 655//655 656//656 657//657
f 658//658 659//659 660//660
f 661//661 662//662 663//663
f 664//664 665//665 666//666
f 667//667 668//668 669//669
f 670//670 671//671 672//672
f 673//673 674//674 675//675
f 676//676 677//677 678//678
f 679//679 680//680 681//681
f 682//682 683//683 684//684
f 685//685 686//686 687//687
f 688//688 689//689 690//690
f 691//691 692//692 693//693
f 694//694 695//695 696//696
f 697//697 698//698 699//699
f 700//700 701//701 702//702
f 703//703 704//704 705//705
f 706//706 707//707 708//708
f 709//709 710//710 711//711
f 712//712 713//713 714//714
f 715//715 716//716 717//717
f 718//718 719//719 720//720
f 721//721 722//722 723//723
f 724//724 725//725 726//726
f 727//727 728//728 729//729
f 730//730 731//731 732//732
f 733//733 734//734 735//735
f 736//736 737//737 738//738
f 739//739 740//740 741//741
f 742//742 743//743 744//744
f 745//745 746//746 747//747
f 748//748 749//749 750//750
f 751//751 752//752 753//753
f 754//754 755//755 756//756
f 757//757 758//758 759//759
f 760//760 761//761 762//762
f 763//763 764//764 765//765
f 766//766 767//767 768//768
f 769//769 770//770 771//771
f 772//772 773//773 774//774
f 775//775 776//776 777//777
f 778//778 779//779 780//780
f 781//781 782//782 783//783
f 784//784 785//785 786//786
f 787//787 788//788 789//789
f 790//790 791//791 792//792
f 793//793 794//794 795//795
f 796//796 797//797 798//798
f 799//799 800//800 801//801
f 802//802 803//803 804//804
f 805//805 806//806 807//807
f 808//808 809//809 810//810
f 811//811 812//812 813//813
f 814//814 815//815 816//816
f 817//817 818//818 819//819
f 820//820 821//821 822//822
f 823//823 824//824 825//825
f 826//826 827//827 828//828
f 829//829 830//830 831//831
f 832//832 833//833 834//834
f 835//835 836//836 837//837
f 838//838 839//839 840//840
f 841//841 842//842 843//843
f 844//844 845//845 846//846
f 847//847 848//848 849//849
f 850//850 851//851 852//852
f 853//853 854//854 855//855
f 856//856 857//857 858//858
f 859//859 860//860 861//861
f 862//862 863//863 864//864
f 865//865 866//866 867//867
f 868//868 869//869 870//870
f 871//871 872//872 873//873
f 874//874 875//875 876//876
f 877//877 878//878 879//879
f 880//880 881//881 882//882
f 883//883 884//884 885//885
f 886//886 887//887 888//888
f 889//889 890//890 891//891
f 892//892 893//893 894//894
f 895//895 896//896 897//897
f 898//898 899//899 900//900
f 901//901 902//902 903//903
f 904//904 905//905 906//906
f 907//907 908//908 909//909
f 910//910 911//911 912//912
f 913//913 914//914 915//915
f 916//916 917//917 918//918
f 919//919 920//920 921//921
f 922//922 923//923 924//924
f 925//925 926//926 927//927
f 928//928 929//929 930//930
f 931//931 932//932 933//933
f 934//934 935//935 936//936
f 937//937 938//938 939//939
f 940//940 941//941 942//942
f 943//943 944//944 945//945
f 946//946 947//947 948//948
f 949//949 950//950 951//951
f 952//952 953//953 954//954
f 955//955 956//956 957//957
f 958//958 959//959 960//960
f 961//961 962//962 963//963
f 964//964 965//965 966//966
f 967//967 968//968 969//969
f 970//970 971//971 972//972
f 973//973 974//974 975//975
f 976//976 977//977 978//978
f 979//979 980//980 981//981
f 982//982 983//983 984//984
f 985//985 986//986 987//987
f 988//988 989//989 990//990
f 991//991 992//992 993//993
f 994//994 995//995 996//996
f 997//997 998//998 999//999
