o Base
usemtl Material_002
v 0.04395204037427902 0.03769366815686226 0.005999981891363859
v 0.03382951021194458 0.03871278837323189 0.005999981891363859
v 0.04174882173538208 0.04054092988371849 0.005999981891363859
v 0.03382951021194458 0.03871278837323189 0.005999981891363859
v 0.03590279072523117 0.04335426911711693 0.005999981891363859
v 0.04031436890363693 0.04420346021652222 0.005999981891363859
v -0.038036759942770004 0.04207824915647507 0.005999981891363859
v -0.043411970138549805 0.036685340106487274 0.005999981891363859
v -0.042779918760061264 0.042779918760061264 0.005999981891363859
v 0.042651109397411346 0.042904190719127655 0.030139200389385223
v 0.042267318814992905 0.04323244094848633 0.030243510380387306
v 0.04031436890363693 0.04420346021652222 0.005999981891363859
v -0.041640691459178925 -0.04365402087569237 0.005999863147735596
v -0.042651109397411346 -0.04290425032377243 0.030139140784740448
v -0.04031413048505783 -0.04420346021652222 0.005999863147735596
v 0.03487782925367355 -0.03531496971845627 0.06154352053999901
v 0.03366779908537865 -0.03736335039138794 0.059660911560058594
v 0.03741275891661644 -0.03371286019682884 0.059454258531332016
v -0.036557190120220184 -0.04122430086135864 0.005999863147735596
v -0.03724085912108421 -0.041748758405447006 0.005999863147735596
v -0.04031413048505783 -0.04420346021652222 0.005999863147735596
v 0.04267549142241478 -0.035323500633239746 0.005999863147735596
v 0.040314190089702606 -0.044203341007232666 0.005999863147735596
v 0.033692121505737305 -0.03904442861676216 0.005999863147735596
v 0.04129552096128464 0.04381423816084862 0.030971050262451172
v 0.043601810932159424 0.04168276861310005 0.03064459003508091
v 0.042267318814992905 0.04323244094848633 0.030243510380387306
v 0.04395204037427902 0.03769366815686226 0.005999981891363859
v 0.03862987831234932 0.03436952084302902 0.005999981891363859
v 0.03382951021194458 0.03871278837323189 0.005999981891363859
v 0.042779918760061264 0.042779918760061264 0.005999981891363859
v 0.04031436890363693 0.04420346021652222 0.005999981891363859
v 0.042267318814992905 0.04323244094848633 0.030243510380387306
v 0.04277997836470604 -0.04277968034148216 0.005999803077429533
v 0.04317659139633179 -0.04232871159911156 0.030232779681682587
v 0.04235225170850754 -0.04316467046737671 0.030214479193091393
v 0.04268686845898628 -0.04287070035934448 0.030135570093989372
v 0.04277997836470604 -0.04277968034148216 0.005999803077429533
v 0.041640691459178925 -0.04365402087569237 0.005999863147735596
v 0.04174882173538208 0.04054092988371849 0.005999981891363859
v 0.04031436890363693 0.04420346021652222 0.005999981891363859
v 0.042779918760061264 0.042779918760061264 0.005999981891363859
v 0.03603285178542137 -0.037240978330373764 0.005999803077429533
v 0.0373377688229084 -0.03382951021194458 0.005999863147735596
v 0.04267549142241478 -0.035323500633239746 0.005999863147735596
v 0.035079121589660645 0.03456829860806465 0.06269115209579468
v 0.03714381903409958 0.03371595963835716 0.060041360557079315
v 0.0341106615960598 0.036364611238241196 0.06090908870100975
v -0.041215769946575165 0.043822579085826874 0.031106049194931984
v -0.043653540313243866 0.041878700256347656 0.03013461083173752
v -0.04438132047653198 0.03921622037887573 0.033821698278188705
v 0.04430431127548218 0.038529690355062485 0.03528856858611107
v 0.040019210427999496 0.044273849576711655 0.03250472992658615
v 0.03835856169462204 0.04433351010084152 0.03555595129728317
v 0.04268686845898628 -0.04287070035934448 0.030135570093989372
v 0.041640691459178925 -0.04365402087569237 0.005999863147735596
v 0.040314190089702606 -0.044203341007232666 0.005999863147735596
v -0.043960269540548325 0.03675739839673042 0.0393860898911953
v -0.04289387911558151 0.034892551600933075 0.045199569314718246
v -0.0367424413561821 0.043954070657491684 0.03942745178937912
v 0.043811969459056854 -0.04126209020614624 0.031038520857691765
v 0.04235225170850754 -0.04316467046737671 0.030214479193091393
v 0.04317659139633179 -0.04232871159911156 0.030232779681682587
v -0.04361110180616379 -0.04194736108183861 0.030095810070633888
v -0.04078375920653343 -0.043978508561849594 0.03162413090467453
v -0.03852403163909912 -0.044366300106048584 0.03517293184995651
v 0.039744969457387924 -0.04207843169569969 0.005999863147735596
v 0.03889064863324165 -0.0421907901763916 0.005999863147735596
v 0.040314190089702606 -0.044203341007232666 0.005999863147735596
v -0.042651109397411346 -0.04290425032377243 0.030139140784740448
v -0.042267318814992905 -0.04323244094848633 0.03024345077574253
v -0.04031413048505783 -0.04420346021652222 0.005999863147735596
v -0.04008781164884567 0.03382951021194458 0.005999981891363859
v -0.043411970138549805 0.036685340106487274 0.005999981891363859
v -0.03382951021194458 0.0400877483189106 0.005999981891363859
v -0.04398024082183838 -0.038594719022512436 0.005999863147735596
v -0.04031413048505783 -0.04420346021652222 0.005999863147735596
v -0.04278010129928589 -0.04277956113219261 0.005999803077429533
v 0.04129552096128464 0.04381423816084862 0.030971050262451172
v 0.040019210427999496 0.044273849576711655 0.03250472992658615
v 0.04430431127548218 0.038529690355062485 0.03528856858611107
v 0.04267549142241478 -0.035323500633239746 0.005999863147735596
v 0.04207818955183029 -0.038036759942770004 0.005999863147735596
v 0.0421907901763916 -0.03889064863324165 0.005999863147735596
v 0.038036759942770004 -0.04207843169569969 0.005999863147735596
v 0.03889064863324165 -0.0421907901763916 0.005999863147735596
v 0.03889064863324165 -0.0421907901763916 0
v -0.04122430086135864 0.036557190120220184 0.005999981891363859
v -0.041748758405447006 0.03724085912108421 0.005999981891363859
v -0.043411970138549805 0.036685340106487274 0.005999981891363859
v 0.04267549142241478 -0.035323500633239746 0.005999863147735596
v 0.0373377688229084 -0.03382951021194458 0.005999863147735596
v 0.039744969457387924 -0.035703301429748535 0.005999863147735596
v 0.038036759942770004 0.04207818955183029 0.005999981891363859
v 0.03724085912108421 0.04174869880080223 0.005999981891363859
v 0.03724085912108421 0.041748758405447006 0
v -0.035703301429748535 -0.039744969457387924 0.005999863147735596
v -0.03603297099471092 -0.040540870279073715 0.005999863147735596
v -0.034346871078014374 -0.0409122109413147 0.005999863147735596
v -0.038307178765535355 0.044328149408102036 0.03566484898328781
v -0.041215769946575165 0.043822579085826874 0.031106049194931984
v -0.04438132047653198 0.03921622037887573 0.033821698278188705
v -0.039744969457387924 -0.04207843169569969 0.005999863147735596
v -0.03889064863324165 -0.0421907901763916 0.005999863147735596
v -0.03889064863324165 -0.0421907901763916 0
v -0.038036759942770004 0.04207824915647507 0.005999981891363859
v -0.03382951021194458 0.0400877483189106 0.005999981891363859
v -0.043411970138549805 0.036685340106487274 0.005999981891363859
v -0.03382951021194458 0.0400877483189106 0.005999981891363859
v -0.038036759942770004 0.04207824915647507 0.005999981891363859
v -0.03724079951643944 0.04174869880080223 0.005999863147735596
v 0.03889064863324165 0.033390820026397705 0.05688260868191719
v 0.040362648665905 0.033611949533224106 0.0532146617770195
v 0.03340601176023483 0.039302170276641846 0.05594830960035324
v 0.03382951021194458 0.03871278837323189 0.005999981891363859
v 0.04031436890363693 0.04420346021652222 0.005999981891363859
v 0.04174882173538208 0.04054092988371849 0.005999981891363859
v -0.0421907901763916 -0.03889064863324165 0.005999863147735596
v -0.04207818955183029 -0.038036759942770004 0.005999863147735596
v -0.04398024082183838 -0.038594719022512436 0.005999863147735596
v 0.04395204037427902 0.03769366815686226 0.005999981891363859
v 0.04207818955183029 0.039744969457387924 0.005999981891363859
v 0.0421907901763916 0.03889064863324165 0.005999981891363859
v 0.03724085912108421 0.04174869880080223 0.005999981891363859
v 0.036557190120220184 0.04122430086135864 0.005999981891363859
v 0.036557190120220184 0.04122430086135864 0
v 0.036557190120220184 -0.04122430086135864 0.005999863147735596
v 0.03603297099471092 -0.040540870279073715 0.005999863147735596
v 0.033692121505737305 -0.03904442861676216 0.005999863147735596
v 0.03724085912108421 -0.03603297099471092 0.005999863147735596
v 0.038036759942770004 -0.035703301429748535 0.005999863147735596
v 0.0373377688229084 -0.03382951021194458 0.005999863147735596
v -0.040540870279073715 -0.041748758405447006 0.005999863147735596
v -0.04122430086135864 -0.04122430086135864 0.005999863147735596
v -0.04278010129928589 -0.04277956113219261 0.005999803077429533
v -0.041748758405447006 0.040540870279073715 0.005999981891363859
v -0.04122430086135864 0.04122430086135864 0.005999981891363859
v -0.042779918760061264 0.042779918760061264 0.005999981891363859
v -0.03724085912108421 0.03603297099471092 0.005999981891363859
v -0.038036759942770004 0.035703301429748535 0.005999981891363859
v -0.04008781164884567 0.03382951021194458 0.005999981891363859
v 0.03724085912108421 0.04174869880080223 0.005999981891363859
v 0.038036759942770004 0.04207818955183029 0.005999981891363859
v 0.03590279072523117 0.04335426911711693 0.005999981891363859
v 0.041640691459178925 0.04365396127104759 0.005999981891363859
v 0.04031436890363693 0.04420346021652222 0.005999981891363859
v 0.039744969457387924 0.04207818955183029 0.005999981891363859
v -0.03724085912108421 -0.041748758405447006 0.005999863147735596
v -0.038036759942770004 -0.04207843169569969 0.005999863147735596
v -0.04031413048505783 -0.04420346021652222 0.005999863147735596
v 0.042779918760061264 0.042779918760061264 0.005999981891363859
v 0.04122430086135864 0.04122430086135864 0.005999981891363859
v 0.04174882173538208 0.04054092988371849 0.005999981891363859
v -0.0373377688229084 -0.03382951021194458 0.005999863147735596
v -0.03603291139006615 -0.03724085912108421 0.005999863147735596
v -0.04054081067442894 -0.03603291139006615 0.005999803077429533
v 0.036557190120220184 0.036557190120220184 0.005999981891363859
v 0.03603297099471092 0.03724085912108421 0.005999981891363859
v 0.03382951021194458 0.03871278837323189 0.005999981891363859
v 0.0373377688229084 -0.03382951021194458 0.005999863147735596
v 0.038036759942770004 -0.035703301429748535 0.005999863147735596
v 0.03889064863324165 -0.03559064120054245 0.005999863147735596
v -0.041215769946575165 0.043822579085826874 0.031106049194931984
v -0.042351361364126205 0.043164610862731934 0.03021525964140892
v -0.043653540313243866 0.041878700256347656 0.03013461083173752
v -0.038036759942770004 0.04207824915647507 0.005999981891363859
v -0.042779918760061264 0.042779918760061264 0.005999981891363859
v -0.040314190089702606 0.04420346021652222 0.005999981891363859
v -0.042351361364126205 0.043164610862731934 0.03021525964140892
v -0.04268686845898628 0.04287064075469971 0.030135629698634148
v -0.040314190089702606 0.04420346021652222 0.005999981891363859
v -0.042779918760061264 0.042779918760061264 0.005999981891363859
v -0.04268686845898628 0.04287064075469971 0.030135629698634148
v -0.043653540313243866 0.041878700256347656 0.03013461083173752
v -0.042779918760061264 0.042779918760061264 0.005999981891363859
v -0.042351361364126205 0.043164610862731934 0.03021525964140892
v -0.040314190089702606 0.04420346021652222 0.005999981891363859
v 0.03365635126829147 -0.040436260402202606 0.05296771973371506
v 0.03453183174133301 -0.04224485158920288 0.047318629920482635
v 0.04062074050307274 -0.03369855135679245 0.052479859441518784
v -0.03485291823744774 0.04284358024597168 0.04538511857390404
v -0.04289387911558151 0.034892551600933075 0.045199569314718246
v -0.03975576162338257 0.03354460000991821 0.05468130111694336
v -0.03382951021194458 0.0400877483189106 0.005999981891363859
v -0.03655724972486496 0.03655724972486496 0.005999981891363859
v -0.04008781164884567 0.03382951021194458 0.005999981891363859
v -0.03658800944685936 -0.04375791177153587 0.040145691484212875
v -0.034206800162792206 -0.04177432879805565 0.04896843060851097
v -0.04200929030776024 -0.03436021879315376 0.04816079139709473
v -0.03658800944685936 -0.04375791177153587 0.040145691484212875
v -0.04200929030776024 -0.03436021879315376 0.04816079139709473
v -0.04386698827147484 -0.036815039813518524 0.03948080167174339
v -0.034206800162792206 -0.04177432879805565 0.04896843060851097
v -0.04081248864531517 -0.0337374210357666 0.05198216065764427
v -0.04200929030776024 -0.03436021879315376 0.04816079139709473
v 0.03966397047042847 -0.04432952031493187 0.033071160316467285
v 0.04109865054488182 -0.04390716180205345 0.03116570971906185
v 0.043811969459056854 -0.04126209020614624 0.031038520857691765
v -0.04439079016447067 -0.038854651153087616 0.03449176996946335
v -0.04361110180616379 -0.04194736108183861 0.030095810070633888
v -0.03852403163909912 -0.044366300106048584 0.03517293184995651
v -0.04054081067442894 -0.03603291139006615 0.005999803077429533
v -0.04031413048505783 -0.04420346021652222 0.005999863147735596
v -0.04398024082183838 -0.038594719022512436 0.005999863147735596
v -0.04031413048505783 -0.04420346021652222 0.005999863147735596
v -0.04054081067442894 -0.03603291139006615 0.005999803077429533
v -0.034346871078014374 -0.0409122109413147 0.005999863147735596
v -0.04278010129928589 -0.04277956113219261 0.005999803077429533
v -0.04361110180616379 -0.04194736108183861 0.030095810070633888
v -0.042651109397411346 -0.04290425032377243 0.030139140784740448
v -0.04278010129928589 -0.04277956113219261 0.005999803077429533
v -0.042651109397411346 -0.04290425032377243 0.030139140784740448
v -0.041640691459178925 -0.04365402087569237 0.005999863147735596
v -0.04078375920653343 -0.043978508561849594 0.03162413090467453
v -0.04361110180616379 -0.04194736108183861 0.030095810070633888
v -0.042267318814992905 -0.04323244094848633 0.03024345077574253
v 0.04298638924956322 0.04256169870495796 0.030153149738907814
v 0.042779918760061264 0.042779918760061264 0.005999981891363859
v 0.042267318814992905 0.04323244094848633 0.030243510380387306
v 0.0341106615960598 0.036364611238241196 0.06090908870100975
v 0.03889064863324165 0.033390820026397705 0.05688260868191719
v 0.03340601176023483 0.039302170276641846 0.05594830960035324
v -0.04289387911558151 0.034892551600933075 0.045199569314718246
v -0.03485291823744774 0.04284358024597168 0.04538511857390404
v -0.0367424413561821 0.043954070657491684 0.03942745178937912
v -0.03466730937361717 0.03530395030975342 0.06202352046966553
v -0.03403424844145775 0.03644859045743942 0.06088978052139282
v -0.03638796880841255 0.03401457890868187 0.06106894835829735
v 0.03365635126829147 -0.040436260402202606 0.05296771973371506
v 0.03741275891661644 -0.03371286019682884 0.059454258531332016
v 0.03366779908537865 -0.03736335039138794 0.059660911560058594
v 0.03453183174133301 -0.04224485158920288 0.047318629920482635
v 0.036401741206645966 -0.04369264096021652 0.04063588008284569
v 0.042084209620952606 -0.0339818000793457 0.04868036136031151
v 0.036401741206645966 -0.04369264096021652 0.04063588008284569
v 0.03889064863324165 -0.04439067095518112 0.0344233512878418
v 0.043973200023174286 -0.03711210936307907 0.038690030574798584
v 0.043601810932159424 0.04168276861310005 0.03064459003508091
v 0.04129552096128464 0.04381423816084862 0.030971050262451172
v 0.04430431127548218 0.038529690355062485 0.03528856858611107
v -0.03603291139006615 -0.03724085912108421 0.005999863147735596
v -0.034346871078014374 -0.0409122109413147 0.005999863147735596
v -0.04054081067442894 -0.03603291139006615 0.005999803077429533
v 0.042267318814992905 0.04323244094848633 0.030243510380387306
v 0.043601810932159424 0.04168276861310005 0.03064459003508091
v 0.04298638924956322 0.04256169870495796 0.030153149738907814
v 0.03835856169462204 0.04433351010084152 0.03555595129728317
v 0.03622955083847046 0.043704088777303696 0.04093389958143234
v 0.043847378343343735 0.036506831645965576 0.04010206088423729
v 0.04430431127548218 0.038529690355062485 0.03528856858611107
v 0.03835856169462204 0.04433351010084152 0.03555595129728317
v 0.043847378343343735 0.036506831645965576 0.04010206088423729
v -0.04361110180616379 -0.04194736108183861 0.030095810070633888
v -0.04278010129928589 -0.04277956113219261 0.005999803077429533
v -0.042267318814992905 -0.04323244094848633 0.03024345077574253
v 0.03889064863324165 -0.04439067095518112 0.0344233512878418
v 0.03966397047042847 -0.04432952031493187 0.033071160316467285
v 0.04438132047653198 -0.03921622037887573 0.033821698278188705
v 0.03714381903409958 0.03371595963835716 0.060041360557079315
v 0.03889064863324165 0.033390820026397705 0.05688260868191719
v 0.0341106615960598 0.036364611238241196 0.06090908870100975
v -0.039744969457387924 0.04207818955183029 0
v -0.03889064863324165 0.0421907901763916 0
v -0.03889064863324165 0.0421907901763916 0.005999981891363859
v -0.039744969457387924 0.04207818955183029 0
v -0.03889064863324165 0.0421907901763916 0.005999981891363859
v -0.039744969457387924 0.04207818955183029 0.005999981891363859
v -0.039744969457387924 0.04207818955183029 0
v -0.039744969457387924 0.04207818955183029 0.005999981891363859
v -0.040540870279073715 0.041748758405447006 0
v -0.040540870279073715 0.041748758405447006 0
v -0.040540870279073715 0.04174869880080223 0.005999981891363859
v -0.04122430086135864 0.04122430086135864 0
v -0.041748758405447006 0.040540870279073715 0
v -0.04122430086135864 0.04122430086135864 0
v -0.041748758405447006 0.040540870279073715 0.005999981891363859
v -0.04122430086135864 0.04122430086135864 0
v -0.04122430086135864 0.04122430086135864 0.005999981891363859
v -0.041748758405447006 0.040540870279073715 0.005999981891363859
v -0.04207818955183029 0.039744969457387924 0
v -0.041748758405447006 0.040540870279073715 0
v -0.04207818955183029 0.039744969457387924 0.005999981891363859
v -0.0421907901763916 0.03889064863324165 0
v -0.04207818955183029 0.039744969457387924 0
v -0.04207818955183029 0.039744969457387924 0.005999981891363859
v -0.041748758405447006 0.040540870279073715 0
v -0.041748758405447006 0.040540870279073715 0.005999981891363859
v -0.04207818955183029 0.039744969457387924 0.005999981891363859
v -0.04207818955183029 0.038036759942770004 0
v -0.0421907901763916 0.03889064863324165 0
v -0.0421907901763916 0.03889064863324165 0.005999981891363859
v -0.0421907901763916 0.03889064863324165 0
v -0.04207818955183029 0.039744969457387924 0.005999981891363859
v -0.0421907901763916 0.03889064863324165 0.005999981891363859
v -0.04207818955183029 0.038036759942770004 0
v -0.0421907901763916 0.03889064863324165 0.005999981891363859
v -0.04207818955183029 0.038036759942770004 0.005999981891363859
v -0.041748758405447006 0.03724085912108421 0
v -0.04207818955183029 0.038036759942770004 0
v -0.041748758405447006 0.03724085912108421 0.005999981891363859
v -0.04122430086135864 0.036557190120220184 0
v -0.041748758405447006 0.03724085912108421 0
v -0.041748758405447006 0.03724085912108421 0.005999981891363859
v -0.04207818955183029 0.038036759942770004 0
v -0.04207818955183029 0.038036759942770004 0.005999981891363859
v -0.041748758405447006 0.03724085912108421 0.005999981891363859
v -0.04122430086135864 0.036557190120220184 0
v -0.041748758405447006 0.03724085912108421 0.005999981891363859
v -0.04122430086135864 0.036557190120220184 0.005999981891363859
v -0.040540870279073715 0.03603297099471092 0
v -0.04122430086135864 0.036557190120220184 0
v -0.040540870279073715 0.03603297099471092 0.005999981891363859
v -0.039744969457387924 0.035703301429748535 0
v -0.040540870279073715 0.03603297099471092 0
v -0.040540870279073715 0.03603297099471092 0.005999981891363859
v -0.04122430086135864 0.036557190120220184 0
v -0.04122430086135864 0.036557190120220184 0.005999981891363859
v -0.040540870279073715 0.03603297099471092 0.005999981891363859
v -0.039744969457387924 0.035703301429748535 0
v -0.040540870279073715 0.03603297099471092 0.005999981891363859
v -0.039744969457387924 0.035703301429748535 0.005999981891363859
v -0.03889064863324165 0.03559064120054245 0
v -0.039744969457387924 0.035703301429748535 0
v -0.03889064863324165 0.03559064120054245 0.005999981891363859
v -0.039744969457387924 0.035703301429748535 0
v -0.039744969457387924 0.035703301429748535 0.005999981891363859
v -0.03889064863324165 0.03559064120054245 0.005999981891363859
v -0.039744969457387924 -0.035703301429748535 0
v -0.03889064863324165 -0.03559064120054245 0
v -0.03889064863324165 -0.03559064120054245 0.005999863147735596
v -0.039744969457387924 -0.035703301429748535 0
v -0.03889064863324165 -0.03559064120054245 0.005999863147735596
v -0.039744969457387924 -0.035703301429748535 0.005999863147735596
v -0.040540870279073715 -0.03603297099471092 0
v -0.039744969457387924 -0.035703301429748535 0
v -0.04054081067442894 -0.03603291139006615 0.005999803077429533
v -0.039744969457387924 -0.035703301429748535 0
v -0.039744969457387924 -0.035703301429748535 0.005999863147735596
v -0.04054081067442894 -0.03603291139006615 0.005999803077429533
v -0.04122430086135864 -0.036557190120220184 0
v -0.040540870279073715 -0.03603297099471092 0
v -0.04122430086135864 -0.036557190120220184 0.005999863147735596
v -0.040540870279073715 -0.03603297099471092 0
v -0.04054081067442894 -0.03603291139006615 0.005999803077429533
v -0.04122430086135864 -0.036557190120220184 0.005999863147735596
v -0.041748758405447006 -0.03724085912108421 0
v -0.04122430086135864 -0.036557190120220184 0
v -0.041748758405447006 -0.03724085912108421 0.005999863147735596
v -0.04122430086135864 -0.036557190120220184 0
v -0.04122430086135864 -0.036557190120220184 0.005999863147735596
v -0.041748758405447006 -0.03724085912108421 0.005999863147735596
v -0.04207818955183029 -0.038036759942770004 0
v -0.041748758405447006 -0.03724085912108421 0
v -0.04207818955183029 -0.038036759942770004 0.005999863147735596
v -0.0421907901763916 -0.03889064863324165 0
v -0.04207818955183029 -0.038036759942770004 0
v -0.04207818955183029 -0.038036759942770004 0.005999863147735596
v -0.041748758405447006 -0.03724085912108421 0
v -0.041748758405447006 -0.03724085912108421 0.005999863147735596
v -0.04207818955183029 -0.038036759942770004 0.005999863147735596
v -0.04207818955183029 -0.039744969457387924 0
v -0.0421907901763916 -0.03889064863324165 0
v -0.0421907901763916 -0.03889064863324165 0.005999863147735596
v -0.0421907901763916 -0.03889064863324165 0
v -0.04207818955183029 -0.038036759942770004 0.005999863147735596
v -0.0421907901763916 -0.03889064863324165 0.005999863147735596
v -0.04207818955183029 -0.039744969457387924 0
v -0.0421907901763916 -0.03889064863324165 0.005999863147735596
v -0.04207818955183029 -0.039744969457387924 0.005999863147735596
v -0.041748758405447006 -0.040540870279073715 0
v -0.04207818955183029 -0.039744969457387924 0
v -0.041748758405447006 -0.040540870279073715 0.005999863147735596
v -0.04122430086135864 -0.04122430086135864 0
v -0.041748758405447006 -0.040540870279073715 0
v -0.041748758405447006 -0.040540870279073715 0.005999863147735596
v -0.04207818955183029 -0.039744969457387924 0
v -0.04207818955183029 -0.039744969457387924 0.005999863147735596
v -0.041748758405447006 -0.040540870279073715 0.005999863147735596
v -0.04122430086135864 -0.04122430086135864 0
v -0.041748758405447006 -0.040540870279073715 0.005999863147735596
v -0.04122430086135864 -0.04122430086135864 0.005999863147735596
v -0.040540870279073715 -0.041748758405447006 0
v -0.04122430086135864 -0.04122430086135864 0
v -0.040540870279073715 -0.041748758405447006 0.005999863147735596
v -0.039744969457387924 -0.04207818955183029 0
v -0.040540870279073715 -0.041748758405447006 0
v -0.040540870279073715 -0.041748758405447006 0.005999863147735596
v -0.04122430086135864 -0.04122430086135864 0
v -0.04122430086135864 -0.04122430086135864 0.005999863147735596
v -0.040540870279073715 -0.041748758405447006 0.005999863147735596
v -0.039744969457387924 -0.04207818955183029 0
v -0.040540870279073715 -0.041748758405447006 0.005999863147735596
v -0.039744969457387924 -0.04207843169569969 0.005999863147735596
v -0.039744969457387924 -0.04207818955183029 0
v -0.039744969457387924 -0.04207843169569969 0.005999863147735596
v -0.03889064863324165 -0.0421907901763916 0
v 0.038036759942770004 -0.035703301429748535 0
v 0.03889064863324165 -0.03559064120054245 0
v 0.03889064863324165 -0.03559064120054245 0.005999863147735596
v 0.038036759942770004 -0.035703301429748535 0
v 0.03889064863324165 -0.03559064120054245 0.005999863147735596
v 0.038036759942770004 -0.035703301429748535 0.005999863147735596
v 0.03724085912108421 -0.03603297099471092 0
v 0.038036759942770004 -0.035703301429748535 0
v 0.03724085912108421 -0.03603297099471092 0.005999863147735596
v 0.038036759942770004 -0.035703301429748535 0
v 0.038036759942770004 -0.035703301429748535 0.005999863147735596
v 0.03724085912108421 -0.03603297099471092 0.005999863147735596
v 0.036557190120220184 -0.036557190120220184 0
v 0.03724085912108421 -0.03603297099471092 0
v 0.036557190120220184 -0.036557190120220184 0.005999863147735596
v 0.03724085912108421 -0.03603297099471092 0
v 0.03724085912108421 -0.03603297099471092 0.005999863147735596
v 0.036557190120220184 -0.036557190120220184 0.005999863147735596
v 0.03603297099471092 -0.03724085912108421 0
v 0.036557190120220184 -0.036557190120220184 0
v 0.03603285178542137 -0.037240978330373764 0.005999803077429533
v 0.036557190120220184 -0.036557190120220184 0
v 0.036557190120220184 -0.036557190120220184 0.005999863147735596
v 0.03603285178542137 -0.037240978330373764 0.005999803077429533
v 0.035703301429748535 -0.038036759942770004 0
v 0.03603297099471092 -0.03724085912108421 0
v 0.035703301429748535 -0.038036759942770004 0.005999863147735596
v 0.03559064120054245 -0.03889064863324165 0
v 0.035703301429748535 -0.038036759942770004 0
v 0.035703301429748535 -0.038036759942770004 0.005999863147735596
v 0.03603297099471092 -0.03724085912108421 0
v 0.03603285178542137 -0.037240978330373764 0.005999803077429533
v 0.035703301429748535 -0.038036759942770004 0.005999863147735596
v 0.035703301429748535 -0.039744969457387924 0
v 0.03559064120054245 -0.03889064863324165 0
v 0.03559064120054245 -0.03889064863324165 0.005999863147735596
v 0.03559064120054245 -0.03889064863324165 0
v 0.035703301429748535 -0.038036759942770004 0.005999863147735596
v 0.03559064120054245 -0.03889064863324165 0.005999863147735596
v 0.035703301429748535 -0.039744969457387924 0
v 0.03559064120054245 -0.03889064863324165 0.005999863147735596
v 0.035703301429748535 -0.039744969457387924 0.005999863147735596
v 0.03603297099471092 -0.040540870279073715 0
v 0.035703301429748535 -0.039744969457387924 0
v 0.03603297099471092 -0.040540870279073715 0.005999863147735596
v 0.036557190120220184 -0.04122430086135864 0
v 0.03603297099471092 -0.040540870279073715 0
v 0.03603297099471092 -0.040540870279073715 0.005999863147735596
v 0.035703301429748535 -0.039744969457387924 0
v 0.035703301429748535 -0.039744969457387924 0.005999863147735596
v 0.03603297099471092 -0.040540870279073715 0.005999863147735596
v 0.036557190120220184 -0.04122430086135864 0
v 0.03603297099471092 -0.040540870279073715 0.005999863147735596
v 0.036557190120220184 -0.04122430086135864 0.005999863147735596
v 0.03724085912108421 -0.041748758405447006 0
v 0.036557190120220184 -0.04122430086135864 0
v 0.03724085912108421 -0.041748758405447006 0.005999863147735596
v 0.038036759942770004 -0.04207818955183029 0
v 0.03724085912108421 -0.041748758405447006 0
v 0.03724085912108421 -0.041748758405447006 0.005999863147735596
v 0.036557190120220184 -0.04122430086135864 0
v 0.036557190120220184 -0.04122430086135864 0.005999863147735596
v 0.03724085912108421 -0.041748758405447006 0.005999863147735596
v 0.038036759942770004 -0.04207818955183029 0
v 0.03724085912108421 -0.041748758405447006 0.005999863147735596
v 0.038036759942770004 -0.04207843169569969 0.005999863147735596
v 0.038036759942770004 -0.04207818955183029 0
v 0.038036759942770004 -0.04207843169569969 0.005999863147735596
v 0.03889064863324165 -0.0421907901763916 0
v -0.039744969457387924 0.04207818955183029 0.005999981891363859
v -0.040540870279073715 0.04174869880080223 0.005999981891363859
v -0.040540870279073715 0.041748758405447006 0
v 0.038036759942770004 0.04207818955183029 0
v 0.03889064863324165 0.0421907901763916 0
v 0.03889064863324165 0.0421907901763916 0.005999981891363859
v 0.038036759942770004 0.04207818955183029 0
v 0.03889064863324165 0.0421907901763916 0.005999981891363859
v 0.038036759942770004 0.04207818955183029 0.005999981891363859
v 0.038036759942770004 0.04207818955183029 0
v 0.038036759942770004 0.04207818955183029 0.005999981891363859
v 0.03724085912108421 0.041748758405447006 0
v 0.03724085912108421 0.041748758405447006 0
v 0.03724085912108421 0.04174869880080223 0.005999981891363859
v 0.036557190120220184 0.04122430086135864 0
v -0.040540870279073715 0.04174869880080223 0.005999981891363859
v -0.04122430086135864 0.04122430086135864 0.005999981891363859
v -0.04122430086135864 0.04122430086135864 0
v 0.03603297099471092 0.040540870279073715 0
v 0.036557190120220184 0.04122430086135864 0
v 0.03603297099471092 0.040540870279073715 0.005999981891363859
v 0.036557190120220184 0.04122430086135864 0
v 0.036557190120220184 0.04122430086135864 0.005999981891363859
v 0.03603297099471092 0.040540870279073715 0.005999981891363859
v 0.035703301429748535 0.039744969457387924 0
v 0.03603297099471092 0.040540870279073715 0
v 0.035703301429748535 0.039744969457387924 0.005999981891363859
v 0.03559064120054245 0.03889064863324165 0
v 0.035703301429748535 0.039744969457387924 0
v 0.035703301429748535 0.039744969457387924 0.005999981891363859
v 0.03603297099471092 0.040540870279073715 0
v 0.03603297099471092 0.040540870279073715 0.005999981891363859
v 0.035703301429748535 0.039744969457387924 0.005999981891363859
v 0.035703301429748535 0.038036759942770004 0
v 0.03559064120054245 0.03889064863324165 0
v 0.03559064120054245 0.03889064863324165 0.005999981891363859
v 0.03559064120054245 0.03889064863324165 0
v 0.035703301429748535 0.039744969457387924 0.005999981891363859
v 0.03559064120054245 0.03889064863324165 0.005999981891363859
v 0.035703301429748535 0.038036759942770004 0
v 0.03559064120054245 0.03889064863324165 0.005999981891363859
v 0.035703301429748535 0.038036759942770004 0.005999981891363859
v 0.03603297099471092 0.03724085912108421 0
v 0.035703301429748535 0.038036759942770004 0
v 0.03603297099471092 0.03724085912108421 0.005999981891363859
v 0.036557190120220184 0.036557190120220184 0
v 0.03603297099471092 0.03724085912108421 0
v 0.03603297099471092 0.03724085912108421 0.005999981891363859
v 0.035703301429748535 0.038036759942770004 0
v 0.035703301429748535 0.038036759942770004 0.005999981891363859
v 0.03603297099471092 0.03724085912108421 0.005999981891363859
v 0.036557190120220184 0.036557190120220184 0
v 0.03603297099471092 0.03724085912108421 0.005999981891363859
v 0.036557190120220184 0.036557190120220184 0.005999981891363859
v 0.03724085912108421 0.03603297099471092 0
v 0.036557190120220184 0.036557190120220184 0
v 0.03724085912108421 0.03603297099471092 0.005999981891363859
v 0.038036759942770004 0.035703301429748535 0
v 0.03724085912108421 0.03603297099471092 0
v 0.03724085912108421 0.03603297099471092 0.005999981891363859
v 0.036557190120220184 0.036557190120220184 0
v 0.036557190120220184 0.036557190120220184 0.005999981891363859
v 0.03724085912108421 0.03603297099471092 0.005999981891363859
v 0.038036759942770004 0.035703301429748535 0
v 0.03724085912108421 0.03603297099471092 0.005999981891363859
v 0.038036759942770004 0.035703301429748535 0.005999981891363859
v 0.03889064863324165 0.03559064120054245 0
v 0.038036759942770004 0.035703301429748535 0
v 0.03889064863324165 0.03559064120054245 0.005999981891363859
v 0.038036759942770004 0.035703301429748535 0
v 0.038036759942770004 0.035703301429748535 0.005999981891363859
v 0.03889064863324165 0.03559064120054245 0.005999981891363859
v -0.044215139001607895 -0.033240851014852524 0
v -0.04122430086135864 -0.036557190120220184 0
v -0.041748758405447006 -0.03724085912108421 0
v -0.041748758405447006 0.03724085912108421 0
v -0.04122430086135864 0.036557190120220184 0
v -0.04387307167053223 0.033105071634054184 0
v 0.03889064863324165 0.03559064120054245 0
v 0.03889064863324165 0.03559064120054245 0.005999981891363859
v 0.039744969457387924 0.035703301429748535 0.005999981891363859
v 0.039744969457387924 0.035703301429748535 0
v 0.03889064863324165 0.03559064120054245 0
v 0.039744969457387924 0.035703301429748535 0.005999981891363859
v 0.040540870279073715 0.03603297099471092 0
v 0.039744969457387924 0.035703301429748535 0
v 0.040540870279073715 0.03603297099471092 0.005999981891363859
v 0.039744969457387924 0.035703301429748535 0
v 0.039744969457387924 0.035703301429748535 0.005999981891363859
v 0.040540870279073715 0.03603297099471092 0.005999981891363859
v 0.04122430086135864 0.036557190120220184 0
v 0.040540870279073715 0.03603297099471092 0
v 0.04122430086135864 0.036557190120220184 0.005999981891363859
v 0.041748758405447006 0.03724085912108421 0
v 0.04122430086135864 0.036557190120220184 0
v 0.04122430086135864 0.036557190120220184 0.005999981891363859
v 0.040540870279073715 0.03603297099471092 0
v 0.040540870279073715 0.03603297099471092 0.005999981891363859
v 0.04122430086135864 0.036557190120220184 0.005999981891363859
v 0.041748758405447006 0.03724085912108421 0
v 0.04122430086135864 0.036557190120220184 0.005999981891363859
v 0.041748758405447006 0.03724085912108421 0.005999981891363859
v 0.04207818955183029 0.038036759942770004 0
v 0.041748758405447006 0.03724085912108421 0
v 0.04207818955183029 0.038036759942770004 0.005999981891363859
v 0.0421907901763916 0.03889064863324165 0
v 0.04207818955183029 0.038036759942770004 0
v 0.04207818955183029 0.038036759942770004 0.005999981891363859
v 0.041748758405447006 0.03724085912108421 0
v 0.041748758405447006 0.03724085912108421 0.005999981891363859
v 0.04207818955183029 0.038036759942770004 0.005999981891363859
v 0.04207818955183029 0.039744969457387924 0
v 0.0421907901763916 0.03889064863324165 0
v 0.0421907901763916 0.03889064863324165 0.005999981891363859
v 0.0421907901763916 0.03889064863324165 0
v 0.04207818955183029 0.038036759942770004 0.005999981891363859
v 0.0421907901763916 0.03889064863324165 0.005999981891363859
v 0.041748758405447006 0.040540870279073715 0
v 0.04207818955183029 0.039744969457387924 0
v 0.04207818955183029 0.039744969457387924 0.005999981891363859
v 0.04207818955183029 0.039744969457387924 0
v 0.0421907901763916 0.03889064863324165 0.005999981891363859
v 0.04207818955183029 0.039744969457387924 0.005999981891363859
v 0.041748758405447006 0.040540870279073715 0
v 0.04207818955183029 0.039744969457387924 0.005999981891363859
v 0.04174882173538208 0.04054092988371849 0.005999981891363859
v 0.04122430086135864 0.04122430086135864 0
v 0.041748758405447006 0.040540870279073715 0
v 0.04122430086135864 0.04122430086135864 0.005999981891363859
v 0.041748758405447006 0.040540870279073715 0
v 0.04174882173538208 0.04054092988371849 0.005999981891363859
v 0.04122430086135864 0.04122430086135864 0.005999981891363859
v 0.040540870279073715 0.041748758405447006 0
v 0.04122430086135864 0.04122430086135864 0
v 0.040540870279073715 0.04174869880080223 0.005999981891363859
v 0.04122430086135864 0.04122430086135864 0
v 0.04122430086135864 0.04122430086135864 0.005999981891363859
v 0.040540870279073715 0.04174869880080223 0.005999981891363859
v 0.039744969457387924 0.04207818955183029 0
v 0.040540870279073715 0.041748758405447006 0
v 0.039744969457387924 0.04207818955183029 0.005999981891363859
v 0.03889064863324165 0.0421907901763916 0
v 0.039744969457387924 0.04207818955183029 0
v 0.039744969457387924 0.04207818955183029 0.005999981891363859
v 0.040540870279073715 0.041748758405447006 0
v 0.040540870279073715 0.04174869880080223 0.005999981891363859
v 0.039744969457387924 0.04207818955183029 0.005999981891363859
v 0.03889064863324165 0.0421907901763916 0
v 0.039744969457387924 0.04207818955183029 0.005999981891363859
v 0.03889064863324165 0.0421907901763916 0.005999981891363859
v 0.03889064863324165 -0.0421907901763916 0
v 0.03889064863324165 -0.0421907901763916 0.005999863147735596
v 0.039744969457387924 -0.04207843169569969 0.005999863147735596
v 0.039744969457387924 -0.04207818955183029 0
v 0.03889064863324165 -0.0421907901763916 0
v 0.039744969457387924 -0.04207843169569969 0.005999863147735596
v 0.040540870279073715 -0.041748758405447006 0
v 0.039744969457387924 -0.04207818955183029 0
v 0.040540870279073715 -0.041748758405447006 0.005999863147735596
v 0.039744969457387924 -0.04207818955183029 0
v 0.039744969457387924 -0.04207843169569969 0.005999863147735596
v 0.040540870279073715 -0.041748758405447006 0.005999863147735596
v 0.04122430086135864 -0.04122430086135864 0
v 0.040540870279073715 -0.041748758405447006 0
v 0.04122430086135864 -0.04122430086135864 0.005999863147735596
v 0.041748758405447006 -0.040540870279073715 0
v 0.04122430086135864 -0.04122430086135864 0
v 0.04122430086135864 -0.04122430086135864 0.005999863147735596
v 0.040540870279073715 -0.041748758405447006 0
v 0.040540870279073715 -0.041748758405447006 0.005999863147735596
v 0.04122430086135864 -0.04122430086135864 0.005999863147735596
v 0.041748758405447006 -0.040540870279073715 0
v 0.04122430086135864 -0.04122430086135864 0.005999863147735596
v 0.041748758405447006 -0.040540870279073715 0.005999863147735596
v 0.04207818955183029 -0.039744969457387924 0
v 0.041748758405447006 -0.040540870279073715 0
v 0.04207818955183029 -0.039744969457387924 0.005999863147735596
v 0.0421907901763916 -0.03889064863324165 0
v 0.04207818955183029 -0.039744969457387924 0
v 0.04207818955183029 -0.039744969457387924 0.005999863147735596
v 0.041748758405447006 -0.040540870279073715 0
v 0.041748758405447006 -0.040540870279073715 0.005999863147735596
v 0.04207818955183029 -0.039744969457387924 0.005999863147735596
v 0.04207818955183029 -0.038036759942770004 0
v 0.0421907901763916 -0.03889064863324165 0
v 0.0421907901763916 -0.03889064863324165 0.005999863147735596
v 0.0421907901763916 -0.03889064863324165 0
v 0.04207818955183029 -0.039744969457387924 0.005999863147735596
v 0.0421907901763916 -0.03889064863324165 0.005999863147735596
v 0.041748758405447006 -0.03724085912108421 0
v 0.04207818955183029 -0.038036759942770004 0
v 0.04207818955183029 -0.038036759942770004 0.005999863147735596
v 0.04207818955183029 -0.038036759942770004 0
v 0.0421907901763916 -0.03889064863324165 0.005999863147735596
v 0.04207818955183029 -0.038036759942770004 0.005999863147735596
v 0.041748758405447006 -0.03724085912108421 0
v 0.04207818955183029 -0.038036759942770004 0.005999863147735596
v 0.041748758405447006 -0.03724085912108421 0.005999863147735596
v 0.04122430086135864 -0.036557190120220184 0
v 0.041748758405447006 -0.03724085912108421 0
v 0.04122430086135864 -0.036557190120220184 0.005999863147735596
v 0.041748758405447006 -0.03724085912108421 0
v 0.041748758405447006 -0.03724085912108421 0.005999863147735596
v 0.04122430086135864 -0.036557190120220184 0.005999863147735596
v 0.040540870279073715 -0.03603297099471092 0
v 0.04122430086135864 -0.036557190120220184 0
v 0.040540870279073715 -0.03603297099471092 0.005999863147735596
v 0.04122430086135864 -0.036557190120220184 0
v 0.04122430086135864 -0.036557190120220184 0.005999863147735596
v 0.040540870279073715 -0.03603297099471092 0.005999863147735596
v 0.039744969457387924 -0.035703301429748535 0
v 0.040540870279073715 -0.03603297099471092 0
v 0.039744969457387924 -0.035703301429748535 0.005999863147735596
v 0.03889064863324165 -0.03559064120054245 0
v 0.039744969457387924 -0.035703301429748535 0
v 0.039744969457387924 -0.035703301429748535 0.005999863147735596
v 0.040540870279073715 -0.03603297099471092 0
v 0.040540870279073715 -0.03603297099471092 0.005999863147735596
v 0.039744969457387924 -0.035703301429748535 0.005999863147735596
v 0.03889064863324165 -0.03559064120054245 0
v 0.039744969457387924 -0.035703301429748535 0.005999863147735596
v 0.03889064863324165 -0.03559064120054245 0.005999863147735596
v -0.03889064863324165 -0.0421907901763916 0
v -0.03889064863324165 -0.0421907901763916 0.005999863147735596
v -0.038036759942770004 -0.04207843169569969 0.005999863147735596
v -0.038036759942770004 -0.04207818955183029 0
v -0.03889064863324165 -0.0421907901763916 0
v -0.038036759942770004 -0.04207843169569969 0.005999863147735596
v -0.03724085912108421 -0.041748758405447006 0
v -0.038036759942770004 -0.04207818955183029 0
v -0.03724085912108421 -0.041748758405447006 0.005999863147735596
v -0.038036759942770004 -0.04207818955183029 0
v -0.038036759942770004 -0.04207843169569969 0.005999863147735596
v -0.03724085912108421 -0.041748758405447006 0.005999863147735596
v -0.036557190120220184 -0.04122430086135864 0
v -0.03724085912108421 -0.041748758405447006 0
v -0.036557190120220184 -0.04122430086135864 0.005999863147735596
v -0.03603297099471092 -0.040540870279073715 0
v -0.036557190120220184 -0.04122430086135864 0
v -0.036557190120220184 -0.04122430086135864 0.005999863147735596
v -0.03724085912108421 -0.041748758405447006 0
v -0.03724085912108421 -0.041748758405447006 0.005999863147735596
v -0.036557190120220184 -0.04122430086135864 0.005999863147735596
v -0.03603297099471092 -0.040540870279073715 0
v -0.036557190120220184 -0.04122430086135864 0.005999863147735596
v -0.03603297099471092 -0.040540870279073715 0.005999863147735596
v -0.035703301429748535 -0.039744969457387924 0
v -0.03603297099471092 -0.040540870279073715 0
v -0.035703301429748535 -0.039744969457387924 0.005999863147735596
v -0.03559064120054245 -0.03889064863324165 0
v -0.035703301429748535 -0.039744969457387924 0
v -0.035703301429748535 -0.039744969457387924 0.005999863147735596
v -0.03603297099471092 -0.040540870279073715 0
v -0.03603297099471092 -0.040540870279073715 0.005999863147735596
v -0.035703301429748535 -0.039744969457387924 0.005999863147735596
v -0.035703301429748535 -0.038036759942770004 0
v -0.03559064120054245 -0.03889064863324165 0
v -0.03559064120054245 -0.03889064863324165 0.005999863147735596
v -0.03559064120054245 -0.03889064863324165 0
v -0.035703301429748535 -0.039744969457387924 0.005999863147735596
v -0.03559064120054245 -0.03889064863324165 0.005999863147735596
v -0.03603297099471092 -0.03724085912108421 0
v -0.035703301429748535 -0.038036759942770004 0
v -0.035703301429748535 -0.038036759942770004 0.005999863147735596
v -0.035703301429748535 -0.038036759942770004 0
v -0.03559064120054245 -0.03889064863324165 0.005999863147735596
v -0.035703301429748535 -0.038036759942770004 0.005999863147735596
v -0.03603297099471092 -0.03724085912108421 0
v -0.035703301429748535 -0.038036759942770004 0.005999863147735596
v -0.03603291139006615 -0.03724085912108421 0.005999863147735596
v -0.036557190120220184 -0.036557190120220184 0
v -0.03603297099471092 -0.03724085912108421 0
v -0.036557190120220184 -0.036557190120220184 0.005999863147735596
v -0.03603297099471092 -0.03724085912108421 0
v -0.03603291139006615 -0.03724085912108421 0.005999863147735596
v -0.036557190120220184 -0.036557190120220184 0.005999863147735596
v -0.03724085912108421 -0.03603297099471092 0
v -0.036557190120220184 -0.036557190120220184 0
v -0.03724085912108421 -0.03603297099471092 0.005999863147735596
v -0.036557190120220184 -0.036557190120220184 0
v -0.036557190120220184 -0.036557190120220184 0.005999863147735596
v -0.03724085912108421 -0.03603297099471092 0.005999863147735596
v -0.038036759942770004 -0.035703301429748535 0
v -0.03724085912108421 -0.03603297099471092 0
v -0.038036759942770004 -0.035703301429748535 0.005999863147735596
v -0.03889064863324165 -0.03559064120054245 0
v -0.038036759942770004 -0.035703301429748535 0
v -0.038036759942770004 -0.035703301429748535 0.005999863147735596
v -0.03724085912108421 -0.03603297099471092 0
v -0.03724085912108421 -0.03603297099471092 0.005999863147735596
v -0.038036759942770004 -0.035703301429748535 0.005999863147735596
v -0.03889064863324165 -0.03559064120054245 0
v -0.038036759942770004 -0.035703301429748535 0.005999863147735596
v -0.03889064863324165 -0.03559064120054245 0.005999863147735596
v -0.03889064863324165 0.03559064120054245 0
v -0.03889064863324165 0.03559064120054245 0.005999981891363859
v -0.038036759942770004 0.035703301429748535 0.005999981891363859
v -0.038036759942770004 0.035703301429748535 0
v -0.03889064863324165 0.03559064120054245 0
v -0.038036759942770004 0.035703301429748535 0.005999981891363859
v -0.03724085912108421 0.03603297099471092 0
v -0.038036759942770004 0.035703301429748535 0
v -0.03724085912108421 0.03603297099471092 0.005999981891363859
v -0.038036759942770004 0.035703301429748535 0
v -0.038036759942770004 0.035703301429748535 0.005999981891363859
v -0.03724085912108421 0.03603297099471092 0.005999981891363859
v -0.036557190120220184 0.036557190120220184 0
v -0.03724085912108421 0.03603297099471092 0
v -0.03655724972486496 0.03655724972486496 0.005999981891363859
v -0.03603297099471092 0.03724085912108421 0
v -0.036557190120220184 0.036557190120220184 0
v -0.03655724972486496 0.03655724972486496 0.005999981891363859
v -0.03724085912108421 0.03603297099471092 0
v -0.03724085912108421 0.03603297099471092 0.005999981891363859
v -0.03655724972486496 0.03655724972486496 0.005999981891363859
v -0.03603297099471092 0.03724085912108421 0
v -0.03655724972486496 0.03655724972486496 0.005999981891363859
v -0.03603297099471092 0.03724085912108421 0.005999981891363859
v -0.035703301429748535 0.038036759942770004 0
v -0.03603297099471092 0.03724085912108421 0
v -0.035703301429748535 0.038036759942770004 0.005999981891363859
v -0.03559064120054245 0.03889064863324165 0
v -0.035703301429748535 0.038036759942770004 0
v -0.035703301429748535 0.038036759942770004 0.005999981891363859
v -0.03603297099471092 0.03724085912108421 0
v -0.03603297099471092 0.03724085912108421 0.005999981891363859
v -0.035703301429748535 0.038036759942770004 0.005999981891363859
v -0.035703301429748535 0.039744969457387924 0
v -0.03559064120054245 0.03889064863324165 0
v -0.03559064120054245 0.03889064863324165 0.005999981891363859
v -0.03559064120054245 0.03889064863324165 0
v -0.035703301429748535 0.038036759942770004 0.005999981891363859
v -0.03559064120054245 0.03889064863324165 0.005999981891363859
v -0.03603297099471092 0.040540870279073715 0
v -0.035703301429748535 0.039744969457387924 0
v -0.035703301429748535 0.039744969457387924 0.005999981891363859
v -0.035703301429748535 0.039744969457387924 0
v -0.03559064120054245 0.03889064863324165 0.005999981891363859
v -0.035703301429748535 0.039744969457387924 0.005999981891363859
v -0.03603297099471092 0.040540870279073715 0
v -0.035703301429748535 0.039744969457387924 0.005999981891363859
v -0.03603297099471092 0.040540870279073715 0.005999981891363859
v -0.036557190120220184 0.04122430086135864 0
v -0.03603297099471092 0.040540870279073715 0
v -0.036557190120220184 0.04122430086135864 0.005999981891363859
v -0.03603297099471092 0.040540870279073715 0
v -0.03603297099471092 0.040540870279073715 0.005999981891363859
v -0.036557190120220184 0.04122430086135864 0.005999981891363859
v -0.03724085912108421 0.041748758405447006 0
v -0.036557190120220184 0.04122430086135864 0
v -0.03724079951643944 0.04174869880080223 0.005999863147735596
v -0.036557190120220184 0.04122430086135864 0
v -0.036557190120220184 0.04122430086135864 0.005999981891363859
v -0.03724079951643944 0.04174869880080223 0.005999863147735596
v -0.038036759942770004 0.04207818955183029 0
v -0.03724085912108421 0.041748758405447006 0
v -0.038036759942770004 0.04207824915647507 0.005999981891363859
v -0.03889064863324165 0.0421907901763916 0
v -0.038036759942770004 0.04207818955183029 0
v -0.038036759942770004 0.04207824915647507 0.005999981891363859
v -0.03724085912108421 0.041748758405447006 0
v -0.03724079951643944 0.04174869880080223 0.005999863147735596
v -0.038036759942770004 0.04207824915647507 0.005999981891363859
v -0.03889064863324165 0.0421907901763916 0
v -0.038036759942770004 0.04207824915647507 0.005999981891363859
v -0.03889064863324165 0.0421907901763916 0.005999981891363859
v 0.038036759942770004 0.04207818955183029 0.005999981891363859
v 0.03889064863324165 0.0421907901763916 0.005999981891363859
v 0.03590279072523117 0.04335426911711693 0.005999981891363859
v 0.04207818955183029 0.038036759942770004 0.005999981891363859
v 0.04395204037427902 0.03769366815686226 0.005999981891363859
v 0.0421907901763916 0.03889064863324165 0.005999981891363859
v 0.03590279072523117 0.04335426911711693 0.005999981891363859
v 0.03889064863324165 0.0421907901763916 0.005999981891363859
v 0.04031436890363693 0.04420346021652222 0.005999981891363859
v 0.040540870279073715 0.04174869880080223 0.005999981891363859
v 0.041640691459178925 0.04365396127104759 0.005999981891363859
v 0.039744969457387924 0.04207818955183029 0.005999981891363859
v 0.036557190120220184 0.036557190120220184 0.005999981891363859
v 0.03862987831234932 0.03436952084302902 0.005999981891363859
v 0.03724085912108421 0.03603297099471092 0.005999981891363859
v 0.03889064863324165 0.0421907901763916 0.005999981891363859
v 0.039744969457387924 0.04207818955183029 0.005999981891363859
v 0.04031436890363693 0.04420346021652222 0.005999981891363859
v 0.03862987831234932 0.03436952084302902 0.005999981891363859
v 0.036557190120220184 0.036557190120220184 0.005999981891363859
v 0.03382951021194458 0.03871278837323189 0.005999981891363859
v -0.0421907901763916 0.03889064863324165 0.005999981891363859
v -0.04207818955183029 0.039744969457387924 0.005999981891363859
v -0.043411970138549805 0.036685340106487274 0.005999981891363859
v 0.038036759942770004 0.035703301429748535 0.005999981891363859
v 0.03724085912108421 0.03603297099471092 0.005999981891363859
v 0.03862987831234932 0.03436952084302902 0.005999981891363859
v 0.04207818955183029 0.039744969457387924 0.005999981891363859
v 0.04395204037427902 0.03769366815686226 0.005999981891363859
v 0.04174882173538208 0.04054092988371849 0.005999981891363859
v 0.040540870279073715 0.04174869880080223 0.005999981891363859
v 0.04122430086135864 0.04122430086135864 0.005999981891363859
v 0.041640691459178925 0.04365396127104759 0.005999981891363859
v 0.03382951021194458 0.03871278837323189 0.005999981891363859
v 0.03603297099471092 0.03724085912108421 0.005999981891363859
v 0.035703301429748535 0.038036759942770004 0.005999981891363859
v 0.041640691459178925 0.04365396127104759 0.005999981891363859
v 0.04122430086135864 0.04122430086135864 0.005999981891363859
v 0.042779918760061264 0.042779918760061264 0.005999981891363859
v 0.03559064120054245 -0.03889064863324165 0.005999863147735596
v 0.035703301429748535 -0.038036759942770004 0.005999863147735596
v 0.033692121505737305 -0.03904442861676216 0.005999863147735596
v 0.03382951021194458 0.03871278837323189 0.005999981891363859
v 0.035703301429748535 0.038036759942770004 0.005999981891363859
v 0.03559064120054245 0.03889064863324165 0.005999981891363859
v 0.039744969457387924 0.035703301429748535 0.005999981891363859
v 0.03889064863324165 0.03559064120054245 0.005999981891363859
v 0.03862987831234932 0.03436952084302902 0.005999981891363859
v -0.03382951021194458 0.0400877483189106 0.005999981891363859
v -0.035703301429748535 0.039744969457387924 0.005999981891363859
v -0.03559064120054245 0.03889064863324165 0.005999981891363859
v 0.03382951021194458 0.03871278837323189 0.005999981891363859
v 0.035703301429748535 0.039744969457387924 0.005999981891363859
v 0.03603297099471092 0.040540870279073715 0.005999981891363859
v 0.039744969457387924 0.035703301429748535 0.005999981891363859
v 0.03862987831234932 0.03436952084302902 0.005999981891363859
v 0.040540870279073715 0.03603297099471092 0.005999981891363859
v 0.03590279072523117 0.04335426911711693 0.005999981891363859
v 0.03382951021194458 0.03871278837323189 0.005999981891363859
v 0.036557190120220184 0.04122430086135864 0.005999981891363859
v 0.03382951021194458 0.03871278837323189 0.005999981891363859
v 0.03603297099471092 0.040540870279073715 0.005999981891363859
v 0.036557190120220184 0.04122430086135864 0.005999981891363859
v 0.041748758405447006 0.03724085912108421 0.005999981891363859
v 0.04122430086135864 0.036557190120220184 0.005999981891363859
v 0.04395204037427902 0.03769366815686226 0.005999981891363859
v 0.04122430086135864 0.036557190120220184 0.005999981891363859
v 0.03862987831234932 0.03436952084302902 0.005999981891363859
v 0.04395204037427902 0.03769366815686226 0.005999981891363859
v 0.036557190120220184 0.04122430086135864 0.005999981891363859
v 0.03724085912108421 0.04174869880080223 0.005999981891363859
v 0.03590279072523117 0.04335426911711693 0.005999981891363859
v 0.04207818955183029 0.038036759942770004 0.005999981891363859
v 0.041748758405447006 0.03724085912108421 0.005999981891363859
v 0.04395204037427902 0.03769366815686226 0.005999981891363859
v 0.039744969457387924 -0.035703301429748535 0.005999863147735596
v 0.0373377688229084 -0.03382951021194458 0.005999863147735596
v 0.03889064863324165 -0.03559064120054245 0.005999863147735596
v 0.04207818955183029 -0.039744969457387924 0.005999863147735596
v 0.04277997836470604 -0.04277968034148216 0.005999803077429533
v 0.0421907901763916 -0.03889064863324165 0.005999863147735596
v 0.04277997836470604 -0.04277968034148216 0.005999803077429533
v 0.04267549142241478 -0.035323500633239746 0.005999863147735596
v 0.0421907901763916 -0.03889064863324165 0.005999863147735596
v 0.036557190120220184 -0.04122430086135864 0.005999863147735596
v 0.040314190089702606 -0.044203341007232666 0.005999863147735596
v 0.03724085912108421 -0.041748758405447006 0.005999863147735596
v 0.03603297099471092 -0.040540870279073715 0.005999863147735596
v 0.035703301429748535 -0.039744969457387924 0.005999863147735596
v 0.033692121505737305 -0.03904442861676216 0.005999863147735596
v 0.040314190089702606 -0.044203341007232666 0.005999863147735596
v 0.036557190120220184 -0.04122430086135864 0.005999863147735596
v 0.033692121505737305 -0.03904442861676216 0.005999863147735596
v 0.04122430086135864 0.036557190120220184 0.005999981891363859
v 0.040540870279073715 0.03603297099471092 0.005999981891363859
v 0.03862987831234932 0.03436952084302902 0.005999981891363859
v 0.040540870279073715 -0.03603297099471092 0.005999863147735596
v 0.04267549142241478 -0.035323500633239746 0.005999863147735596
v 0.039744969457387924 -0.035703301429748535 0.005999863147735596
v 0.038036759942770004 -0.04207843169569969 0.005999863147735596
v 0.03724085912108421 -0.041748758405447006 0.005999863147735596
v 0.040314190089702606 -0.044203341007232666 0.005999863147735596
v 0.040540870279073715 -0.03603297099471092 0.005999863147735596
v 0.04122430086135864 -0.036557190120220184 0.005999863147735596
v 0.04267549142241478 -0.035323500633239746 0.005999863147735596
v 0.04207818955183029 -0.038036759942770004 0.005999863147735596
v 0.04267549142241478 -0.035323500633239746 0.005999863147735596
v 0.041748758405447006 -0.03724085912108421 0.005999863147735596
v 0.04122430086135864 -0.036557190120220184 0.005999863147735596
v 0.041748758405447006 -0.03724085912108421 0.005999863147735596
v 0.04267549142241478 -0.035323500633239746 0.005999863147735596
v 0.033692121505737305 -0.03904442861676216 0.005999863147735596
v 0.035703301429748535 -0.039744969457387924 0.005999863147735596
v 0.03559064120054245 -0.03889064863324165 0.005999863147735596
v 0.03889064863324165 -0.0421907901763916 0.005999863147735596
v 0.038036759942770004 -0.04207843169569969 0.005999863147735596
v 0.040314190089702606 -0.044203341007232666 0.005999863147735596
v -0.038036759942770004 -0.04207843169569969 0.005999863147735596
v -0.03889064863324165 -0.0421907901763916 0.005999863147735596
v -0.04031413048505783 -0.04420346021652222 0.005999863147735596
v 0.035703301429748535 -0.038036759942770004 0.005999863147735596
v 0.03603285178542137 -0.037240978330373764 0.005999803077429533
v 0.033692121505737305 -0.03904442861676216 0.005999863147735596
v 0.039744969457387924 -0.04207843169569969 0.005999863147735596
v 0.040314190089702606 -0.044203341007232666 0.005999863147735596
v 0.041640691459178925 -0.04365402087569237 0.005999863147735596
v 0.039744969457387924 -0.04207843169569969 0.005999863147735596
v 0.041640691459178925 -0.04365402087569237 0.005999863147735596
v 0.040540870279073715 -0.041748758405447006 0.005999863147735596
v 0.040540870279073715 -0.041748758405447006 0.005999863147735596
v 0.041640691459178925 -0.04365402087569237 0.005999863147735596
v 0.04277997836470604 -0.04277968034148216 0.005999803077429533
v 0.040540870279073715 -0.041748758405447006 0.005999863147735596
v 0.04277997836470604 -0.04277968034148216 0.005999803077429533
v 0.04122430086135864 -0.04122430086135864 0.005999863147735596
v 0.04122430086135864 -0.04122430086135864 0.005999863147735596
v 0.04277997836470604 -0.04277968034148216 0.005999803077429533
v 0.041748758405447006 -0.040540870279073715 0.005999863147735596
v 0.03603285178542137 -0.037240978330373764 0.005999803077429533
v 0.036557190120220184 -0.036557190120220184 0.005999863147735596
v 0.0373377688229084 -0.03382951021194458 0.005999863147735596
v 0.036557190120220184 -0.036557190120220184 0.005999863147735596
v 0.03724085912108421 -0.03603297099471092 0.005999863147735596
v 0.0373377688229084 -0.03382951021194458 0.005999863147735596
v 0.04207818955183029 -0.039744969457387924 0.005999863147735596
v 0.041748758405447006 -0.040540870279073715 0.005999863147735596
v 0.04277997836470604 -0.04277968034148216 0.005999803077429533
v -0.04054081067442894 -0.03603291139006615 0.005999803077429533
v -0.039744969457387924 -0.035703301429748535 0.005999863147735596
v -0.0373377688229084 -0.03382951021194458 0.005999863147735596
v -0.038036759942770004 -0.035703301429748535 0.005999863147735596
v -0.0373377688229084 -0.03382951021194458 0.005999863147735596
v -0.03889064863324165 -0.03559064120054245 0.005999863147735596
v -0.041640691459178925 -0.04365402087569237 0.005999863147735596
v -0.040540870279073715 -0.041748758405447006 0.005999863147735596
v -0.04278010129928589 -0.04277956113219261 0.005999803077429533
v -0.03889064863324165 0.03559064120054245 0.005999981891363859
v -0.039744969457387924 0.035703301429748535 0.005999981891363859
v -0.04008781164884567 0.03382951021194458 0.005999981891363859
v -0.035703301429748535 -0.039744969457387924 0.005999863147735596
v -0.034346871078014374 -0.0409122109413147 0.005999863147735596
v -0.03559064120054245 -0.03889064863324165 0.005999863147735596
v -0.04398024082183838 -0.038594719022512436 0.005999863147735596
v -0.04278010129928589 -0.04277956113219261 0.005999803077429533
v -0.041748758405447006 -0.040540870279073715 0.005999863147735596
v -0.04278010129928589 -0.04277956113219261 0.005999803077429533
v -0.04122430086135864 -0.04122430086135864 0.005999863147735596
v -0.041748758405447006 -0.040540870279073715 0.005999863147735596
v -0.038036759942770004 -0.035703301429748535 0.005999863147735596
v -0.03724085912108421 -0.03603297099471092 0.005999863147735596
v -0.0373377688229084 -0.03382951021194458 0.005999863147735596
v -0.041640691459178925 -0.04365402087569237 0.005999863147735596
v -0.04031413048505783 -0.04420346021652222 0.005999863147735596
v -0.039744969457387924 -0.04207843169569969 0.005999863147735596
v -0.040540870279073715 -0.041748758405447006 0.005999863147735596
v -0.041640691459178925 -0.04365402087569237 0.005999863147735596
v -0.039744969457387924 -0.04207843169569969 0.005999863147735596
v -0.03724085912108421 -0.03603297099471092 0.005999863147735596
v -0.036557190120220184 -0.036557190120220184 0.005999863147735596
v -0.0373377688229084 -0.03382951021194458 0.005999863147735596
v -0.04398024082183838 -0.038594719022512436 0.005999863147735596
v -0.041748758405447006 -0.040540870279073715 0.005999863147735596
v -0.04207818955183029 -0.039744969457387924 0.005999863147735596
v -0.035703301429748535 -0.038036759942770004 0.005999863147735596
v -0.034346871078014374 -0.0409122109413147 0.005999863147735596
v -0.03603291139006615 -0.03724085912108421 0.005999863147735596
v -0.0373377688229084 -0.03382951021194458 0.005999863147735596
v -0.036557190120220184 -0.036557190120220184 0.005999863147735596
v -0.03603291139006615 -0.03724085912108421 0.005999863147735596
v -0.04398024082183838 -0.038594719022512436 0.005999863147735596
v -0.04207818955183029 -0.039744969457387924 0.005999863147735596
v -0.0421907901763916 -0.03889064863324165 0.005999863147735596
v -0.03889064863324165 -0.0421907901763916 0.005999863147735596
v -0.039744969457387924 -0.04207843169569969 0.005999863147735596
v -0.04031413048505783 -0.04420346021652222 0.005999863147735596
v -0.04207818955183029 -0.038036759942770004 0.005999863147735596
v -0.041748758405447006 -0.03724085912108421 0.005999863147735596
v -0.04398024082183838 -0.038594719022512436 0.005999863147735596
v -0.034346871078014374 -0.0409122109413147 0.005999863147735596
v -0.036557190120220184 -0.04122430086135864 0.005999863147735596
v -0.04031413048505783 -0.04420346021652222 0.005999863147735596
v -0.04398024082183838 -0.038594719022512436 0.005999863147735596
v -0.041748758405447006 -0.03724085912108421 0.005999863147735596
v -0.04122430086135864 -0.036557190120220184 0.005999863147735596
v -0.03603297099471092 -0.040540870279073715 0.005999863147735596
v -0.036557190120220184 -0.04122430086135864 0.005999863147735596
v -0.034346871078014374 -0.0409122109413147 0.005999863147735596
v -0.04398024082183838 -0.038594719022512436 0.005999863147735596
v -0.04122430086135864 -0.036557190120220184 0.005999863147735596
v -0.04054081067442894 -0.03603291139006615 0.005999803077429533
v -0.039744969457387924 0.04207818955183029 0.005999981891363859
v -0.03889064863324165 0.0421907901763916 0.005999981891363859
v -0.040314190089702606 0.04420346021652222 0.005999981891363859
v -0.041640691459178925 0.04365396127104759 0.005999981891363859
v -0.039744969457387924 0.04207818955183029 0.005999981891363859
v -0.040314190089702606 0.04420346021652222 0.005999981891363859
v -0.035703301429748535 0.038036759942770004 0.005999981891363859
v -0.03382951021194458 0.0400877483189106 0.005999981891363859
v -0.03559064120054245 0.03889064863324165 0.005999981891363859
v -0.034346871078014374 -0.0409122109413147 0.005999863147735596
v -0.035703301429748535 -0.038036759942770004 0.005999863147735596
v -0.03559064120054245 -0.03889064863324165 0.005999863147735596
v -0.040314190089702606 0.04420346021652222 0.005999981891363859
v -0.03889064863324165 0.0421907901763916 0.005999981891363859
v -0.038036759942770004 0.04207824915647507 0.005999981891363859
v -0.043411970138549805 0.036685340106487274 0.005999981891363859
v -0.04008781164884567 0.03382951021194458 0.005999981891363859
v -0.04122430086135864 0.036557190120220184 0.005999981891363859
v -0.04122430086135864 0.036557190120220184 0.005999981891363859
v -0.04008781164884567 0.03382951021194458 0.005999981891363859
v -0.040540870279073715 0.03603297099471092 0.005999981891363859
v -0.0373377688229084 -0.03382951021194458 0.005999863147735596
v -0.039744969457387924 -0.035703301429748535 0.005999863147735596
v -0.03889064863324165 -0.03559064120054245 0.005999863147735596
v -0.03603297099471092 0.040540870279073715 0.005999981891363859
v -0.035703301429748535 0.039744969457387924 0.005999981891363859
v -0.03382951021194458 0.0400877483189106 0.005999981891363859
v -0.036557190120220184 0.04122430086135864 0.005999981891363859
v -0.03603297099471092 0.040540870279073715 0.005999981891363859
v -0.03382951021194458 0.0400877483189106 0.005999981891363859
v -0.040540870279073715 0.03603297099471092 0.005999981891363859
v -0.04008781164884567 0.03382951021194458 0.005999981891363859
v -0.039744969457387924 0.035703301429748535 0.005999981891363859
v -0.043411970138549805 0.036685340106487274 0.005999981891363859
v -0.041748758405447006 0.03724085912108421 0.005999981891363859
v -0.04207818955183029 0.038036759942770004 0.005999981891363859
v -0.036557190120220184 0.04122430086135864 0.005999981891363859
v -0.03382951021194458 0.0400877483189106 0.005999981891363859
v -0.03724079951643944 0.04174869880080223 0.005999863147735596
v 0.03559064120054245 0.03889064863324165 0.005999981891363859
v 0.035703301429748535 0.039744969457387924 0.005999981891363859
v 0.03382951021194458 0.03871278837323189 0.005999981891363859
v -0.043411970138549805 0.036685340106487274 0.005999981891363859
v -0.04207818955183029 0.038036759942770004 0.005999981891363859
v -0.0421907901763916 0.03889064863324165 0.005999981891363859
v -0.038036759942770004 0.035703301429748535 0.005999981891363859
v -0.03889064863324165 0.03559064120054245 0.005999981891363859
v -0.04008781164884567 0.03382951021194458 0.005999981891363859
v 0.03889064863324165 0.03559064120054245 0.005999981891363859
v 0.038036759942770004 0.035703301429748535 0.005999981891363859
v 0.03862987831234932 0.03436952084302902 0.005999981891363859
v -0.03655724972486496 0.03655724972486496 0.005999981891363859
v -0.03724085912108421 0.03603297099471092 0.005999981891363859
v -0.04008781164884567 0.03382951021194458 0.005999981891363859
v -0.04207818955183029 0.039744969457387924 0.005999981891363859
v -0.041748758405447006 0.040540870279073715 0.005999981891363859
v -0.043411970138549805 0.036685340106487274 0.005999981891363859
v -0.043411970138549805 0.036685340106487274 0.005999981891363859
v -0.041748758405447006 0.040540870279073715 0.005999981891363859
v -0.042779918760061264 0.042779918760061264 0.005999981891363859
v -0.042779918760061264 0.042779918760061264 0.005999981891363859
v -0.04122430086135864 0.04122430086135864 0.005999981891363859
v -0.041640691459178925 0.04365396127104759 0.005999981891363859
v -0.04122430086135864 0.04122430086135864 0.005999981891363859
v -0.040540870279073715 0.04174869880080223 0.005999981891363859
v -0.041640691459178925 0.04365396127104759 0.005999981891363859
v -0.041640691459178925 0.04365396127104759 0.005999981891363859
v -0.040540870279073715 0.04174869880080223 0.005999981891363859
v -0.039744969457387924 0.04207818955183029 0.005999981891363859
v -0.035703301429748535 0.038036759942770004 0.005999981891363859
v -0.03603297099471092 0.03724085912108421 0.005999981891363859
v -0.03382951021194458 0.0400877483189106 0.005999981891363859
v -0.03603297099471092 0.03724085912108421 0.005999981891363859
v -0.03655724972486496 0.03655724972486496 0.005999981891363859
v -0.03382951021194458 0.0400877483189106 0.005999981891363859
v 0.03404814004898071 0.041440900415182114 0.0500028096139431
v 0.040362648665905 0.033611949533224106 0.0532146617770195
v 0.04289931058883667 0.03444081172347069 0.04600948095321655
v 0.043847378343343735 0.036506831645965576 0.04010206088423729
v 0.03622955083847046 0.043704088777303696 0.04093389958143234
v 0.04289931058883667 0.03444081172347069 0.04600948095321655
v 0.033692121505737305 -0.03904442861676216 0.005999863147735596
v 0.03603285178542137 -0.037240978330373764 0.005999803077429533
v 0.04267549142241478 -0.035323500633239746 0.005999863147735596
v 0.042779918760061264 0.042779918760061264 0.005999981891363859
v 0.04298638924956322 0.04256169870495796 0.030153149738907814
v 0.042651109397411346 0.042904190719127655 0.030139200389385223
v 0.042779918760061264 0.042779918760061264 0.005999981891363859
v 0.042651109397411346 0.042904190719127655 0.030139200389385223
v 0.041640691459178925 0.04365396127104759 0.005999981891363859
v 0.041640691459178925 0.04365396127104759 0.005999981891363859
v 0.042651109397411346 0.042904190719127655 0.030139200389385223
v 0.04031436890363693 0.04420346021652222 0.005999981891363859
v 0.04109865054488182 -0.04390716180205345 0.03116570971906185
v 0.04235225170850754 -0.04316467046737671 0.030214479193091393
v 0.043811969459056854 -0.04126209020614624 0.031038520857691765
v -0.04268686845898628 0.04287064075469971 0.030135629698634148
v -0.041640691459178925 0.04365396127104759 0.005999981891363859
v -0.040314190089702606 0.04420346021652222 0.005999981891363859
v 0.04235225170850754 -0.04316467046737671 0.030214479193091393
v 0.04268686845898628 -0.04287070035934448 0.030135570093989372
v 0.040314190089702606 -0.044203341007232666 0.005999863147735596
v -0.04268686845898628 0.04287064075469971 0.030135629698634148
v -0.042779918760061264 0.042779918760061264 0.005999981891363859
v -0.041640691459178925 0.04365396127104759 0.005999981891363859
v 0.04277997836470604 -0.04277968034148216 0.005999803077429533
v 0.04268686845898628 -0.04287070035934448 0.030135570093989372
v 0.04317659139633179 -0.04232871159911156 0.030232779681682587
v 0.04277997836470604 -0.04277968034148216 0.005999803077429533
v 0.04235225170850754 -0.04316467046737671 0.030214479193091393
v 0.040314190089702606 -0.044203341007232666 0.005999863147735596
v -0.042779918760061264 0.042779918760061264 0.005999981891363859
v -0.043653540313243866 0.041878700256347656 0.03013461083173752
v -0.042351361364126205 0.043164610862731934 0.03021525964140892
v 0.03453183174133301 -0.04224485158920288 0.047318629920482635
v 0.042084209620952606 -0.0339818000793457 0.04868036136031151
v 0.04062074050307274 -0.03369855135679245 0.052479859441518784
v -0.038307178765535355 0.044328149408102036 0.03566484898328781
v -0.04432749003171921 0.038058869540691376 0.03613919019699097
v -0.043960269540548325 0.03675739839673042 0.0393860898911953
v -0.0367424413561821 0.043954070657491684 0.03942745178937912
v -0.038307178765535355 0.044328149408102036 0.03566484898328781
v -0.043960269540548325 0.03675739839673042 0.0393860898911953
v 0.036401741206645966 -0.04369264096021652 0.04063588008284569
v 0.043973200023174286 -0.03711210936307907 0.038690030574798584
v 0.042084209620952606 -0.0339818000793457 0.04868036136031151
v -0.03360145911574364 0.04145687073469162 0.05078256130218506
v -0.03485291823744774 0.04284358024597168 0.04538511857390404
v -0.03975576162338257 0.03354460000991821 0.05468130111694336
v 0.040314190089702606 -0.044203341007232666 0.005999863147735596
v 0.04267549142241478 -0.035323500633239746 0.005999863147735596
v 0.04277997836470604 -0.04277968034148216 0.005999803077429533
v 0.03741275891661644 -0.03371286019682884 0.059454258531332016
v 0.03365635126829147 -0.040436260402202606 0.05296771973371506
v 0.04062074050307274 -0.03369855135679245 0.052479859441518784
v 0.040362648665905 0.033611949533224106 0.0532146617770195
v 0.03404814004898071 0.041440900415182114 0.0500028096139431
v 0.03340601176023483 0.039302170276641846 0.05594830960035324
v -0.03852403163909912 -0.044366300106048584 0.03517293184995651
v -0.03658800944685936 -0.04375791177153587 0.040145691484212875
v -0.04386698827147484 -0.036815039813518524 0.03948080167174339
v 0.03622955083847046 0.043704088777303696 0.04093389958143234
v 0.03404814004898071 0.041440900415182114 0.0500028096139431
v 0.04289931058883667 0.03444081172347069 0.04600948095321655
v 0.043973200023174286 -0.03711210936307907 0.038690030574798584
v 0.03889064863324165 -0.04439067095518112 0.0344233512878418
v 0.04438132047653198 -0.03921622037887573 0.033821698278188705
v -0.03361587971448898 -0.037333011627197266 0.05983901023864746
v -0.03634320944547653 -0.034061308950185776 0.061066318303346634
v -0.03353095054626465 -0.03963577002286911 0.05496931076049805
v -0.034206800162792206 -0.04177432879805565 0.04896843060851097
v -0.03353095054626465 -0.03963577002286911 0.05496931076049805
v -0.04081248864531517 -0.0337374210357666 0.05198216065764427
v -0.03490686044096947 -0.035004790872335434 0.062137000262737274
v -0.03634320944547653 -0.034061308950185776 0.061066318303346634
v -0.03361587971448898 -0.037333011627197266 0.05983901023864746
v -0.03634320944547653 -0.034061308950185776 0.061066318303346634
v -0.03940175846219063 -0.03343873843550682 0.05566488951444626
v -0.03353095054626465 -0.03963577002286911 0.05496931076049805
v -0.03353095054626465 -0.03963577002286911 0.05496931076049805
v -0.03940175846219063 -0.03343873843550682 0.05566488951444626
v -0.04081248864531517 -0.0337374210357666 0.05198216065764427
v -0.04439079016447067 -0.038854651153087616 0.03449176996946335
v -0.03852403163909912 -0.044366300106048584 0.03517293184995651
v -0.04386698827147484 -0.036815039813518524 0.03948080167174339
v -0.033431168645620346 0.0391845703125 0.05615663155913353
v -0.03360145911574364 0.04145687073469162 0.05078256130218506
v -0.03975576162338257 0.03354460000991821 0.05468130111694336
v -0.03638796880841255 0.03401457890868187 0.06106894835829735
v -0.03403424844145775 0.03644859045743942 0.06088978052139282
v -0.03791600093245506 0.03347783908247948 0.05884552001953125
v -0.03403424844145775 0.03644859045743942 0.06088978052139282
v -0.033431168645620346 0.0391845703125 0.05615663155913353
v -0.03791600093245506 0.03347783908247948 0.05884552001953125
v -0.03975576162338257 0.03354460000991821 0.05468130111694336
v -0.03791600093245506 0.03347783908247948 0.05884552001953125
v -0.033431168645620346 0.0391845703125 0.05615663155913353
v -0.04278010129928589 -0.04277956113219261 0.005999803077429533
v -0.04031413048505783 -0.04420346021652222 0.005999863147735596
v -0.042267318814992905 -0.04323244094848633 0.03024345077574253
v 0.03966397047042847 -0.04432952031493187 0.033071160316467285
v 0.043811969459056854 -0.04126209020614624 0.031038520857691765
v 0.04438132047653198 -0.03921622037887573 0.033821698278188705
v -0.04432749003171921 0.038058869540691376 0.03613919019699097
v -0.038307178765535355 0.044328149408102036 0.03566484898328781
v -0.04438132047653198 0.03921622037887573 0.033821698278188705
vn 0 0 -1
vn 0 0 -1
vn 0 0 -1
vn 0 0 -1
vn 0 0 -1
vn 0 0 -1
vn 0 0 -1
vn 0 0 -1
vn 0 0 -1
vn -0.646310160635273 -0.762772273912464 0.021485679184437816
vn -0.646310160635273 -0.762772273912464 0.021485679184437816
vn -0.646310160635273 -0.762772273912464 0.021485679184437816
vn 0.3826203171055409 0.9238188563312244 -0.012665450048222683
vn 0.3826203171055409 0.9238188563312244 -0.012665450048222683
vn 0.3826203171055409 0.9238188563312244 -0.012665450048222683
vn 0.6699283468375992 -0.6704777824325788 0.31883468030898543
vn 0.6419466032068286 -0.6952031140171867 0.3234148866271018
vn 0.6956887080760811 -0.6427376714437547 0.3207888825419193
vn 0 0 1
vn 0 0 1
vn 0 0 1
vn 0 0 -1
vn 0 0 -1
vn 0 0 -1
vn 0.6452444603824844 0.6862017908467483 0.3358372948087098
vn 0.6852204767644599 0.6460337012631495 0.3363232894923008
vn 0.659342046900484 0.6713666282662263 0.338430074963084
vn 0 0 -1
vn 0 0 -1
vn 0 0 -1
vn 0.4999947306822502 0.8660104373360161 -0.005584954347725981
vn 0.4999947306822502 0.8660104373360161 -0.005584954347725981
vn 0.5000176488488363 0.8659972054171816 -0.005584894745095586
vn 0.7120481265281579 -0.7021292578028135 0.0014038678751384405
vn 0.7120481265281579 -0.7021292578028135 0.0014038678751384405
vn 0.7120481265281579 -0.7021292578028135 0.0014038678751384405
vn -0.608835625655117 0.7932961427897309 0.0006409119107137597
vn -0.608835625655117 0.7932961427897309 0.0006409119107137597
vn -0.608835625655117 0.7932961427897309 0.0006409119107137597
vn 0 0 -1
vn 0 0 -1
vn 0 0 -1
vn 0 -0.00003051849851942606 -0.9999999995343107
vn 0 0 -1
vn 0 0 -1
vn 0.6717376389429703 0.6645960485306094 0.3272317782624783
vn 0.6951616733633783 0.6431267608822648 0.3211513931523785
vn 0.6464910020633238 0.6898895022870696 0.3257328029002592
vn -0.6449555733555314 0.6864919043963611 0.3357993055321811
vn -0.6871131721926653 0.6456678569262286 0.33314937660398447
vn -0.7007813034633812 0.6306787888562495 0.33339140661237593
vn 0.7016559597555725 0.6305779001464374 0.331738490360097
vn 0.6399280275435878 0.6940386128892706 0.32985227509130527
vn 0.629636687263295 0.7022108834739231 0.33235149643543976
vn -0.3825537489723825 0.9238360944788687 -0.013397749258966108
vn -0.3825537489723825 0.9238360944788687 -0.013397749258966108
vn -0.3825537489723825 0.9238360944788687 -0.013397749258966108
vn -0.7067269074101615 0.6234712589472231 0.3343959742718707
vn -0.7136307319227151 0.620089348697379 0.3259146791531646
vn -0.6244874525062964 0.7061878361872996 0.33363777016893
vn 0.686337077673749 -0.6451367364450119 0.3357677874652919
vn 0.6585981062120442 -0.6728503512320583 0.3369286858384201
vn 0.6733820955917883 -0.6585190815438935 0.33601960148032817
vn -0.685459959080869 -0.6467311861845797 0.33448978656027756
vn -0.6436840223479997 -0.687174074082637 0.3368422053166293
vn -0.6296669273912832 -0.7025156649683296 0.33164936457609284
vn 0 0 1
vn 0 0 1
vn 0 0 1
vn 0.6462444688981177 0.7628279358958061 0.021485498261244948
vn 0.6462444688981177 0.7628279358958061 0.021485498261244948
vn 0.6462444688981177 0.7628279358958061 0.021485498261244948
vn 0 0 -1
vn 0 0 -1
vn 0 0 -1
vn 0 0 -1
vn 0 0 -1
vn 0.00003051849851942606 0 -0.9999999995343107
vn 0.6452444603824844 0.6862017908467483 0.3358372948087098
vn 0.6399280275435878 0.6940386128892706 0.32985227509130527
vn 0.7016559597555725 0.6305779001464374 0.331738490360097
vn 0 0 1
vn 0 0 1
vn 0.00003051849851942606 0 0.9999999995343107
vn 0.1304703057163822 0.9914522173691851 0
vn 0.13043628712055236 0.9914566934577652 0
vn 0.13062029808131817 0.9914324675585058 0
vn 0 0 1
vn 0 0 1
vn 0 0 1
vn 0 0 1
vn 0 0 1
vn 0 0 1
vn 0.38255581630861674 -0.9239323824871859 0
vn 0.38255581630861674 -0.9239323824871859 0
vn 0.382492831435579 -0.9239584589690132 0
vn 0 0 1
vn 0 0 1
vn 0 0 1
vn -0.6299995871325049 0.7021460038888936 0.331800406021046
vn -0.6449555733555314 0.6864919043963611 0.3357993055321811
vn -0.7007813034633812 0.6306787888562495 0.33339140661237593
vn 0.13040630727154334 0.9914606371529834 0
vn 0.13037627565441484 0.9914645867334264 0
vn 0.13059028967373976 0.9914364206760455 0
vn 0 0 -1
vn 0 0 -1
vn 0 0 -1
vn 0 0 -1
vn 0 0 -1
vn -0.0006103879328493494 -0.0012512798227593477 -0.9999990308622188
vn 0.701679662039971 0.6356654303707624 0.32183087563349994
vn 0.7105767301502137 0.6268017442553899 0.31968779139565395
vn 0.6308204510866895 0.7069033361011394 0.3199269164979171
vn 0 0 -1
vn 0 0 -1
vn 0 0 -1
vn 0 0 1
vn 0 0 1
vn 0 0 1
vn 0 0 1
vn 0 0 1
vn 0 0 1
vn 0.6086468012321394 -0.7934412841224513 0
vn 0.6086468012321394 -0.7934412841224513 0
vn 0.6086807970379854 -0.7934152048689279 0
vn 0 0 1
vn 0 0 1
vn 0 0 1
vn 0 0 1
vn 0 0 1
vn 0 0 1
vn 0 0 1
vn 0 0 1
vn 0 0 1
vn 0 0 1
vn 0 0 1
vn 0 0 1
vn 0.00012207399322497578 0 0.9999999925489701
vn 0 0 1
vn 0 0 1
vn 0 0 1
vn 0 0 1
vn 0 0 1
vn 0 0 1
vn 0 0 1
vn 0 0 1
vn 0 0 1
vn 0 0 1
vn 0 0 1
vn 0 0 1
vn 0 0 1
vn 0 0 1
vn 0 0 -1
vn 0 0 -1
vn 0 0 -1
vn 0 0 1
vn 0 0 1
vn 0 0 1
vn 0 0 1
vn 0 0 1
vn 0 0 1
vn -0.6449555733555314 0.6864919043963611 0.3357993055321811
vn -0.6600180175474568 0.6687466408149109 0.3422778796701555
vn -0.6871131721926653 0.6456678569262286 0.33314937660398447
vn 0 0 -1
vn 0 0 -1
vn 0 0 -1
vn 0.6557026293958399 -0.7546759004341878 0.022767237584510828
vn 0.6557026293958399 -0.7546759004341878 0.022767237584510828
vn 0.6557026293958399 -0.7546759004341878 0.022767237584510828
vn 0.6127312699085943 -0.7902911201805471 0.0005798620328644748
vn 0.7124729408381734 -0.7016995797280746 -0.00009155789626588516
vn 0.7161579752241339 -0.6979382061617764 -0.00012207600270991445
vn -0.4999965373328229 0.8660136364302184 -0.004883049466926387
vn -0.4999965373328229 0.8660136364302184 -0.004883049466926387
vn -0.4999965373328229 0.8660136364302184 -0.004883049466926387
vn 0.6262200889664626 -0.710208455048477 0.3216400947526462
vn 0.622782824129142 -0.7111675713086963 0.3261629032992876
vn 0.7118983253698622 -0.6253449903628906 0.3196004026336982
vn -0.6207081783846367 0.7122366552664338 0.32778087830334035
vn -0.7136307319227151 0.620089348697379 0.3259146791531646
vn -0.707953261205086 0.6297631147691 0.31968828446692404
vn 0 0 -1
vn 0 0 -1
vn 0 0 -1
vn -0.6244685216946841 -0.706719714982442 0.33254519973620417
vn -0.6229585844673757 -0.7120747978767126 0.32383959650920136
vn -0.7116851007377568 -0.6220796526661886 0.3263758923796351
vn -0.6244685216946841 -0.706719714982442 0.33254519973620417
vn -0.7116851007377568 -0.6220796526661886 0.3263758923796351
vn -0.705364078790573 -0.626196894864633 0.33217309525880967
vn -0.6229585844673757 -0.7120747978767126 0.32383959650920136
vn -0.709704757614076 -0.6247990139101796 0.325492471858894
vn -0.7116851007377568 -0.6220796526661886 0.3263758923796351
vn 0.640111352425145 -0.6928791081080249 0.3319277000249903
vn 0.6446165896257127 -0.6869155016942609 0.3355838880390971
vn 0.686337077673749 -0.6451367364450119 0.3357677874652919
vn -0.7019241655123979 -0.6303857747153252 0.33153618340429036
vn -0.685459959080869 -0.6467311861845797 0.33448978656027756
vn -0.6296669273912832 -0.7025156649683296 0.33164936457609284
vn 0 0 -1
vn 0 0 -1
vn 0 0 -1
vn 0 0 -1
vn 0 0 -1
vn 0 0 -1
vn 0.6123883737780004 0.7905566709866939 0.0007934859622154282
vn 0.7059766367795909 0.7082351162844318 -0.00009155847871900323
vn 0.7025601270387501 0.7116243841869976 -0.0000610390998413802
vn 0.6123883737780004 0.7905566709866939 0.0007934859622154282
vn 0.7025601270387501 0.7116243841869976 -0.0000610390998413802
vn 0.6088547529210924 0.7932812936445285 0.0008240139919533511
vn -0.6436840223479997 -0.687174074082637 0.3368422053166293
vn -0.685459959080869 -0.6467311861845797 0.33448978656027756
vn -0.6593119569028459 -0.6702683636074439 0.3406582807329641
vn 0.6821276916154015 0.7312326785676518 0.0007629719659941546
vn 0.6821276916154015 0.7312326785676518 0.0007629719659941546
vn 0.6821276916154015 0.7312326785676518 0.0007629719659941546
vn 0.6464910020633238 0.6898895022870696 0.3257328029002592
vn 0.701679662039971 0.6356654303707624 0.32183087563349994
vn 0.6308204510866895 0.7069033361011394 0.3199269164979171
vn -0.7136307319227151 0.620089348697379 0.3259146791531646
vn -0.6207081783846367 0.7122366552664338 0.32778087830334035
vn -0.6244874525062964 0.7061878361872996 0.33363777016893
vn -0.6640471255300723 0.6725621259186396 0.3266521113586262
vn -0.6454877439571245 0.6918163494863462 0.3236289711761412
vn -0.6853923423963293 0.6471827836232067 0.33375407348254255
vn 0.6262200889664626 -0.710208455048477 0.3216400947526462
vn 0.6956887080760811 -0.6427376714437547 0.3207888825419193
vn 0.6419466032068286 -0.6952031140171867 0.3234148866271018
vn 0.622782824129142 -0.7111675713086963 0.3261629032992876
vn 0.6237183443232202 -0.7080730460918179 0.331070971776378
vn 0.7155585371252441 -0.6179269027212945 0.3257949091690177
vn 0.6237183443232202 -0.7080730460918179 0.331070971776378
vn 0.6297874565725818 -0.7015984782586399 0.3333576680518981
vn 0.7066703984020826 -0.624268765731623 0.3330247080235304
vn 0.6852204767644599 0.6460337012631495 0.3363232894923008
vn 0.6452444603824844 0.6862017908467483 0.3358372948087098
vn 0.7016559597555725 0.6305779001464374 0.331738490360097
vn 0 0 -1
vn 0 0 -1
vn 0 0 -1
vn 0.659342046900484 0.6713666282662263 0.338430074963084
vn 0.6852204767644599 0.6460337012631495 0.3363232894923008
vn 0.6688011828475595 0.6621785108222304 0.33797129704600437
vn 0.629636687263295 0.7022108834739231 0.33235149643543976
vn 0.6214332496207733 0.7094508313193187 0.3324157550509498
vn 0.7073231807069331 0.6226922160570911 0.33458679306950595
vn 0.7016559597555725 0.6305779001464374 0.331738490360097
vn 0.629636687263295 0.7022108834739231 0.33235149643543976
vn 0.7073231807069331 0.6226922160570911 0.33458679306950595
vn -0.6911986659033067 -0.7226639587397539 0.0010986319111880942
vn -0.6911986659033067 -0.7226639587397539 0.0010986319111880942
vn -0.6911986659033067 -0.7226639587397539 0.0010986319111880942
vn 0.6297874565725818 -0.7015984782586399 0.3333576680518981
vn 0.640111352425145 -0.6928791081080249 0.3319277000249903
vn 0.7015499980621717 -0.629676691736076 0.3336687940207737
vn 0.6951616733633783 0.6431267608822648 0.3211513931523785
vn 0.701679662039971 0.6356654303707624 0.32183087563349994
vn 0.6464910020633238 0.6898895022870696 0.3257328029002592
vn 0.13059028967373976 -0.9914364206760455 0
vn 0.13059028967373976 -0.9914364206760455 0
vn 0.13059028967373976 -0.9914364206760455 0
vn 0.13059028967373976 -0.9914364206760455 0
vn 0.13059028967373976 -0.9914364206760455 0
vn 0.13059028967373976 -0.9914364206760455 0
vn 0.382492831435579 -0.9239584589690132 0
vn 0.38255581630861674 -0.9239323824871859 0
vn 0.382492831435579 -0.9239584589690132 0
vn 0.6087870708017464 -0.7933336639930447 0
vn 0.6087679182014265 -0.7933483609163765 0
vn 0.6087870708017464 -0.7933336639930447 0
vn 0.7933222985624669 -0.6088018812418076 0
vn 0.7933222985624669 -0.6088018812418076 0
vn 0.7933336639930447 -0.6087870708017464 0
vn 0.7933222985624669 -0.6088018812418076 0
vn 0.7933336639930447 -0.6087870708017464 0
vn 0.7933336639930447 -0.6087870708017464 0
vn 0.9239584589690132 -0.382492831435579 0
vn 0.9239584589690132 -0.382492831435579 0
vn 0.9239584589690132 -0.382492831435579 0
vn 0.9914364206760455 -0.13059028967373976 0
vn 0.9914364206760455 -0.13059028967373976 0
vn 0.9914364206760455 -0.13059028967373976 0
vn 0.9239584589690132 -0.382492831435579 0
vn 0.9239584589690132 -0.382492831435579 0
vn 0.9239584589690132 -0.382492831435579 0
vn 0.9914285163757263 0.13065028479504445 0
vn 0.9914285163757263 0.13065028479504445 0
vn 0.9914285163757263 0.13065028479504445 0
vn 0.9914364206760455 -0.13059028967373976 0
vn 0.9914364206760455 -0.13059028967373976 0
vn 0.9914364206760455 -0.13059028967373976 0
vn 0.9914285163757263 0.13065028479504445 0
vn 0.9914285163757263 0.13065028479504445 0
vn 0.9914285163757263 0.13065028479504445 0
vn 0.9239584589690132 0.382492831435579 0
vn 0.9239584589690132 0.382492831435579 0
vn 0.9239584589690132 0.382492831435579 0
vn 0.7934005033493535 0.6086999599843854 0
vn 0.7934005033493535 0.6086999599843854 0
vn 0.7934152048689279 0.6086807970379854 0
vn 0.9239584589690132 0.382492831435579 0
vn 0.9239584589690132 0.382492831435579 0
vn 0.9239584589690132 0.382492831435579 0
vn 0.7934005033493535 0.6086999599843854 0
vn 0.7934152048689279 0.6086807970379854 0
vn 0.7934152048689279 0.6086807970379854 0
vn 0.6086468012321394 0.7934412841224513 0
vn 0.6086468012321394 0.7934412841224513 0
vn 0.6086661262096542 0.793426459607274 0
vn 0.3826816113957902 0.9238802867793647 0
vn 0.3826816113957902 0.9238802867793647 0
vn 0.3826816113957902 0.9238802867793647 0
vn 0.6086468012321394 0.7934412841224513 0
vn 0.6086661262096542 0.793426459607274 0
vn 0.6086661262096542 0.793426459607274 0
vn 0.3826816113957902 0.9238802867793647 0
vn 0.3826816113957902 0.9238802867793647 0
vn 0.3826816113957902 0.9238802867793647 0
vn 0.13065028479504445 0.9914285163757263 0
vn 0.13065028479504445 0.9914285163757263 0
vn 0.13065028479504445 0.9914285163757263 0
vn 0.13065028479504445 0.9914285163757263 0
vn 0.13065028479504445 0.9914285163757263 0
vn 0.13065028479504445 0.9914285163757263 0
vn 0.13068027831611637 -0.9914245633729389 0
vn 0.13068027831611637 -0.9914245633729389 0
vn 0.13068027831611637 -0.9914245633729389 0
vn 0.13068027831611637 -0.9914245633729389 0
vn 0.13068027831611637 -0.9914245633729389 0
vn 0.13068027831611637 -0.9914245633729389 0
vn 0.3826816113957902 -0.9238802867793647 0
vn 0.3826816113957902 -0.9238802867793647 0
vn 0.3826446522265829 -0.9238955948170753 0
vn 0.3826816113957902 -0.9238802867793647 0
vn 0.3826446522265829 -0.9238955948170753 0
vn 0.3826446522265829 -0.9238955948170753 0
vn 0.6086661262096542 -0.793426459607274 0
vn 0.6086661262096542 -0.793426459607274 0
vn 0.6086661262096542 -0.793426459607274 0
vn 0.6086661262096542 -0.793426459607274 0
vn 0.6086661262096542 -0.793426459607274 0
vn 0.6086661262096542 -0.793426459607274 0
vn 0.7934152048689279 -0.6086807970379854 0
vn 0.7934152048689279 -0.6086807970379854 0
vn 0.7934005033493535 -0.6086999599843854 0
vn 0.7934152048689279 -0.6086807970379854 0
vn 0.7934005033493535 -0.6086999599843854 0
vn 0.7934005033493535 -0.6086999599843854 0
vn 0.9239584589690132 -0.382492831435579 0
vn 0.9239584589690132 -0.382492831435579 0
vn 0.9239584589690132 -0.382492831435579 0
vn 0.9914285163757263 -0.13065028479504445 0
vn 0.9914285163757263 -0.13065028479504445 0
vn 0.9914285163757263 -0.13065028479504445 0
vn 0.9239584589690132 -0.382492831435579 0
vn 0.9239584589690132 -0.382492831435579 0
vn 0.9239584589690132 -0.382492831435579 0
vn 0.9914364206760455 0.13059028967373976 0
vn 0.9914364206760455 0.13059028967373976 0
vn 0.9914364206760455 0.13059028967373976 0
vn 0.9914285163757263 -0.13065028479504445 0
vn 0.9914285163757263 -0.13065028479504445 0
vn 0.9914285163757263 -0.13065028479504445 0
vn 0.9914364206760455 0.13059028967373976 0
vn 0.9914364206760455 0.13059028967373976 0
vn 0.9914364206760455 0.13059028967373976 0
vn 0.9239584589690132 0.382492831435579 0
vn 0.9239584589690132 0.382492831435579 0
vn 0.9239584589690132 0.382492831435579 0
vn 0.7933336639930447 0.6087870708017464 0
vn 0.7933336639930447 0.6087870708017464 0
vn 0.7933222985624669 0.6088018812418076 0
vn 0.9239584589690132 0.382492831435579 0
vn 0.9239584589690132 0.382492831435579 0
vn 0.9239584589690132 0.382492831435579 0
vn 0.7933336639930447 0.6087870708017464 0
vn 0.7933222985624669 0.6088018812418076 0
vn 0.7933222985624669 0.6088018812418076 0
vn 0.6087870708017464 0.7933336639930447 0
vn 0.6087870708017464 0.7933336639930447 0
vn 0.6088018812418076 0.7933222985624669 0
vn 0.3825296957263479 0.9239431973273616 0
vn 0.382492831435579 0.9239584589690132 0
vn 0.3826554922819715 0.9238911051776838 0
vn 0.6087870708017464 0.7933336639930447 0
vn 0.6088018812418076 0.7933222985624669 0
vn 0.6088018812418076 0.7933222985624669 0
vn 0.3825296957263479 0.9239431973273616 0
vn 0.3826554922819715 0.9238911051776838 0
vn 0.3826816113957902 0.9238802867793647 0
vn 0.13059028961292365 0.9914364202143321 0.00003051889502232608
vn 0.13040630727154334 0.9914606371529834 0
vn 0.13059028967373976 0.9914364206760455 0
vn 0.1307141786342118 -0.9914200943616098 0
vn 0.1307141786342118 -0.9914200943616098 0
vn 0.1307141786342118 -0.9914200943616098 0
vn 0.1307141786342118 -0.9914200943616098 0
vn 0.1307141786342118 -0.9914200943616098 0
vn 0.1307141786342118 -0.9914200943616098 0
vn 0.3826816113957902 -0.9238802867793647 0
vn 0.3826816113957902 -0.9238802867793647 0
vn 0.3826816113957902 -0.9238802867793647 0
vn 0.3826816113957902 -0.9238802867793647 0
vn 0.3826816113957902 -0.9238802867793647 0
vn 0.3826816113957902 -0.9238802867793647 0
vn 0.6085597073935588 -0.7935080859934988 0
vn 0.6085597073935588 -0.7935080859934988 0
vn 0.6085597073935588 -0.7935080859934988 0
vn 0.6085597073935588 -0.7935080859934988 0
vn 0.6085597073935588 -0.7935080859934988 0
vn 0.6085597073935588 -0.7935080859934988 0
vn 0.7935080859934988 -0.6085597073935588 0
vn 0.7935080859934988 -0.6085597073935588 0
vn 0.7934933941025452 -0.6085788638423314 0
vn 0.7935080859934988 -0.6085597073935588 0
vn 0.7934933941025452 -0.6085788638423314 0
vn 0.7934933941025452 -0.6085788638423314 0
vn 0.9238802867793647 -0.3826816113957902 0
vn 0.9238802867793647 -0.3826816113957902 0
vn 0.9239063718382534 -0.3826186300700413 0
vn 0.9914200943616098 -0.1307141786342118 0
vn 0.9914200943616098 -0.1307141786342118 0
vn 0.9914200943616098 -0.1307141786342118 0
vn 0.9238802867793647 -0.3826816113957902 0
vn 0.9239171586608643 -0.382592582170689 0
vn 0.9239063718382534 -0.3826186300700413 0
vn 0.9914285163757263 0.13065028479504445 0
vn 0.9914285163757263 0.13065028479504445 0
vn 0.9914285163757263 0.13065028479504445 0
vn 0.9914200943616098 -0.1307141786342118 0
vn 0.9914200943616098 -0.1307141786342118 0
vn 0.9914200943616098 -0.1307141786342118 0
vn 0.9914285163757263 0.13065028479504445 0
vn 0.9914285163757263 0.13065028479504445 0
vn 0.9914285163757263 0.13065028479504445 0
vn 0.9238802867793647 0.3826816113957902 0
vn 0.9238802867793647 0.3826816113957902 0
vn 0.9238802867793647 0.3826816113957902 0
vn 0.7934412841224513 0.6086468012321394 0
vn 0.7934412841224513 0.6086468012321394 0
vn 0.793426459607274 0.6086661262096542 0
vn 0.9238802867793647 0.3826816113957902 0
vn 0.9238802867793647 0.3826816113957902 0
vn 0.9238802867793647 0.3826816113957902 0
vn 0.7934412841224513 0.6086468012321394 0
vn 0.793426459607274 0.6086661262096542 0
vn 0.793426459607274 0.6086661262096542 0
vn 0.6086807970379854 0.7934152048689279 0
vn 0.6086807970379854 0.7934152048689279 0
vn 0.6086999599843854 0.7934005033493535 0
vn 0.3825296957263479 0.9239431973273616 0
vn 0.382492831435579 0.9239584589690132 0
vn 0.3826554922819715 0.9238911051776838 0
vn 0.6086807970379854 0.7934152048689279 0
vn 0.6086999599843854 0.7934005033493535 0
vn 0.6086999599843854 0.7934005033493535 0
vn 0.3825296957263479 0.9239431973273616 0
vn 0.3826554922819715 0.9238911051776838 0
vn 0.3826816113957902 0.9238802867793647 0
vn 0.13065028473420162 0.9914285159140256 0.00003051859741967566
vn 0.1304703057163822 0.9914522173691851 0
vn 0.13062029808131817 0.9914324675585058 0
vn 0.38255581630861674 -0.9239323824871859 0
vn 0.38255581630861674 -0.9239323824871859 0
vn 0.382492831435579 -0.9239584589690132 0
vn 0.13065028479504445 -0.9914285163757263 0
vn 0.13065028479504445 -0.9914285163757263 0
vn 0.13065028479504445 -0.9914285163757263 0
vn 0.13065028479504445 -0.9914285163757263 0
vn 0.13065028479504445 -0.9914285163757263 0
vn 0.13065028479504445 -0.9914285163757263 0
vn 0.382492831435579 -0.9239584589690132 0
vn 0.38255581630861674 -0.9239323824871859 0
vn 0.382492831435579 -0.9239584589690132 0
vn 0.6086807970379854 -0.7934152048689279 0
vn 0.6086468012321394 -0.7934412841224513 0
vn 0.6086807970379854 -0.7934152048689279 0
vn 0.6087679182014265 -0.7933483609163765 0
vn 0.6087339540441027 -0.7933744218172352 0
vn 0.6087870708017464 -0.7933336639930447 0
vn 0.7934412841224513 -0.6086468012321394 0
vn 0.7934412841224513 -0.6086468012321394 0
vn 0.793426459607274 -0.6086661262096542 0
vn 0.7934412841224513 -0.6086468012321394 0
vn 0.793426459607274 -0.6086661262096542 0
vn 0.793426459607274 -0.6086661262096542 0
vn 0.9238802867793647 -0.3826816113957902 0
vn 0.9238802867793647 -0.3826816113957902 0
vn 0.9238802867793647 -0.3826816113957902 0
vn 0.9914240464592551 -0.13068419989561364 0
vn 0.9914240464592551 -0.13068419989561364 0
vn 0.9914285163757263 -0.13065028479504445 0
vn 0.9238802867793647 -0.3826816113957902 0
vn 0.9238802867793647 -0.3826816113957902 0
vn 0.9238802867793647 -0.3826816113957902 0
vn 0.9914200943616098 0.1307141786342118 0
vn 0.9914200943616098 0.1307141786342118 0
vn 0.9914200943616098 0.1307141786342118 0
vn 0.9914240464592551 -0.13068419989561364 0
vn 0.9914285163757263 -0.13065028479504445 0
vn 0.9914285163757263 -0.13065028479504445 0
vn 0.9914200943616098 0.1307141786342118 0
vn 0.9914200943616098 0.1307141786342118 0
vn 0.9914200943616098 0.1307141786342118 0
vn 0.9238802867793647 0.3826816113957902 0
vn 0.9238802867793647 0.3826816113957902 0
vn 0.9238802867793647 0.3826816113957902 0
vn 0.7935080859934988 0.6085597073935588 0
vn 0.7935080859934988 0.6085597073935588 0
vn 0.7935080859934988 0.6085597073935588 0
vn 0.9238802867793647 0.3826816113957902 0
vn 0.9238802867793647 0.3826816113957902 0
vn 0.9238802867793647 0.3826816113957902 0
vn 0.7935080859934988 0.6085597073935588 0
vn 0.7935080859934988 0.6085597073935588 0
vn 0.7935080859934988 0.6085597073935588 0
vn 0.6085597073935588 0.7935080859934988 0
vn 0.6085597073935588 0.7935080859934988 0
vn 0.6085597073935588 0.7935080859934988 0
vn 0.3826816113957902 0.9238802867793647 0
vn 0.3826816113957902 0.9238802867793647 0
vn 0.3826816113957902 0.9238802867793647 0
vn 0.6085597073935588 0.7935080859934988 0
vn 0.6085597073935588 0.7935080859934988 0
vn 0.6085597073935588 0.7935080859934988 0
vn 0.3826816113957902 0.9238802867793647 0
vn 0.3826816113957902 0.9238802867793647 0
vn 0.3826816113957902 0.9238802867793647 0
vn 0.1307141786342118 0.9914200943616098 0
vn 0.1307141786342118 0.9914200943616098 0
vn 0.1307141786342118 0.9914200943616098 0
vn 0.1307141786342118 0.9914200943616098 0
vn 0.1307141786342118 0.9914200943616098 0
vn 0.1307141786342118 0.9914200943616098 0
vn 0 0 -1
vn 0 0 -1
vn 0 0 -1
vn 0 0 -1
vn 0 0 -1
vn 0 0 -1
vn -0.13065028479504445 0.9914285163757263 0
vn -0.13065028479504445 0.9914285163757263 0
vn -0.13065028479504445 0.9914285163757263 0
vn -0.13065028479504445 0.9914285163757263 0
vn -0.13065028479504445 0.9914285163757263 0
vn -0.13065028479504445 0.9914285163757263 0
vn -0.3826816113957902 0.9238802867793647 0
vn -0.3826816113957902 0.9238802867793647 0
vn -0.3826816113957902 0.9238802867793647 0
vn -0.3826816113957902 0.9238802867793647 0
vn -0.3826816113957902 0.9238802867793647 0
vn -0.3826816113957902 0.9238802867793647 0
vn -0.6086661262096542 0.793426459607274 0
vn -0.6086661262096542 0.793426459607274 0
vn -0.6086468012321394 0.7934412841224513 0
vn -0.7934152048689279 0.6086807970379854 0
vn -0.7934152048689279 0.6086807970379854 0
vn -0.7934005033493535 0.6086999599843854 0
vn -0.6086661262096542 0.793426459607274 0
vn -0.6086468012321394 0.7934412841224513 0
vn -0.6086468012321394 0.7934412841224513 0
vn -0.7934152048689279 0.6086807970379854 0
vn -0.7934005033493535 0.6086999599843854 0
vn -0.7934005033493535 0.6086999599843854 0
vn -0.9239584589690132 0.382492831435579 0
vn -0.9239584589690132 0.382492831435579 0
vn -0.9239584589690132 0.382492831435579 0
vn -0.9914285163757263 0.13065028479504445 0
vn -0.9914285163757263 0.13065028479504445 0
vn -0.9914285163757263 0.13065028479504445 0
vn -0.9239584589690132 0.382492831435579 0
vn -0.9239584589690132 0.382492831435579 0
vn -0.9239584589690132 0.382492831435579 0
vn -0.9914364206760455 -0.13059028967373976 0
vn -0.9914364206760455 -0.13059028967373976 0
vn -0.9914364206760455 -0.13059028967373976 0
vn -0.9914285163757263 0.13065028479504445 0
vn -0.9914285163757263 0.13065028479504445 0
vn -0.9914285163757263 0.13065028479504445 0
vn -0.9239584589690132 -0.382492831435579 0
vn -0.9239584589690132 -0.382492831435579 0
vn -0.9239952531009313 -0.3824039385871252 0
vn -0.9914364206760455 -0.13059028967373976 0
vn -0.9914364206760455 -0.13059028967373976 0
vn -0.9914364206760455 -0.13059028967373976 0
vn -0.9239584589690132 -0.382492831435579 0
vn -0.9239952531009313 -0.3824039385871252 0
vn -0.9239952531009313 -0.3824039385871252 0
vn -0.7933336639930447 -0.6087870708017464 0
vn -0.7933222985624669 -0.6088018812418076 0
vn -0.7932815649801462 -0.6088549569993251 0
vn -0.7933222985624669 -0.6088018812418076 0
vn -0.7932815649801462 -0.6088549569993251 0
vn -0.7932815649801462 -0.6088549569993251 0
vn -0.6087870708017464 -0.7933336639930447 0
vn -0.6087870708017464 -0.7933336639930447 0
vn -0.6087679182014265 -0.7933483609163765 0
vn -0.6087870708017464 -0.7933336639930447 0
vn -0.6087339540441027 -0.7933744218172352 0
vn -0.6087679182014265 -0.7933483609163765 0
vn -0.382492831435579 -0.9239584589690132 0
vn -0.382492831435579 -0.9239584589690132 0
vn -0.38255581630861674 -0.9239323824871859 0
vn -0.13059028967373976 -0.9914364206760455 0
vn -0.13059028967373976 -0.9914364206760455 0
vn -0.13059028967373976 -0.9914364206760455 0
vn -0.382492831435579 -0.9239584589690132 0
vn -0.38255581630861674 -0.9239323824871859 0
vn -0.38255581630861674 -0.9239323824871859 0
vn -0.13059028967373976 -0.9914364206760455 0
vn -0.13059028967373976 -0.9914364206760455 0
vn -0.13059028967373976 -0.9914364206760455 0
vn -0.13059028967373976 0.9914364206760455 0
vn -0.13037627565441484 0.9914645867334264 0
vn -0.13040630727154334 0.9914606371529834 0
vn -0.13059028961292365 0.9914364202143321 0.00003051889502232608
vn -0.13059028967373976 0.9914364206760455 0
vn -0.13040630727154334 0.9914606371529834 0
vn -0.382492831435579 0.9239584589690132 0
vn -0.3825296957263479 0.9239431973273616 0
vn -0.3826554922819715 0.9238911051776838 0
vn -0.3825296957263479 0.9239431973273616 0
vn -0.3826816113957902 0.9238802867793647 0
vn -0.3826554922819715 0.9238911051776838 0
vn -0.6088018812418076 0.7933222985624669 0
vn -0.6088018812418076 0.7933222985624669 0
vn -0.6087870708017464 0.7933336639930447 0
vn -0.7933222985624669 0.6088018812418076 0
vn -0.7933222985624669 0.6088018812418076 0
vn -0.7933336639930447 0.6087870708017464 0
vn -0.6088018812418076 0.7933222985624669 0
vn -0.6087870708017464 0.7933336639930447 0
vn -0.6087870708017464 0.7933336639930447 0
vn -0.7933222985624669 0.6088018812418076 0
vn -0.7933336639930447 0.6087870708017464 0
vn -0.7933336639930447 0.6087870708017464 0
vn -0.9239584589690132 0.382492831435579 0
vn -0.9239584589690132 0.382492831435579 0
vn -0.9239584589690132 0.382492831435579 0
vn -0.9914364206760455 0.13059028967373976 0
vn -0.9914364206760455 0.13059028967373976 0
vn -0.9914364206760455 0.13059028967373976 0
vn -0.9239584589690132 0.382492831435579 0
vn -0.9239584589690132 0.382492831435579 0
vn -0.9239584589690132 0.382492831435579 0
vn -0.9914285163757263 -0.13065028479504445 0
vn -0.9914285163757263 -0.13065028479504445 0
vn -0.9914285163757263 -0.13065028479504445 0
vn -0.9914364206760455 0.13059028967373976 0
vn -0.9914364206760455 0.13059028967373976 0
vn -0.9914364206760455 0.13059028967373976 0
vn -0.9239584589690132 -0.382492831435579 0
vn -0.9239584589690132 -0.382492831435579 0
vn -0.9239584589690132 -0.382492831435579 0
vn -0.9914285163757263 -0.13065028479504445 0
vn -0.9914285163757263 -0.13065028479504445 0
vn -0.9914285163757263 -0.13065028479504445 0
vn -0.9239584589690132 -0.382492831435579 0
vn -0.9239584589690132 -0.382492831435579 0
vn -0.9239584589690132 -0.382492831435579 0
vn -0.7934005033493535 -0.6086999599843854 0
vn -0.7934005033493535 -0.6086999599843854 0
vn -0.7934152048689279 -0.6086807970379854 0
vn -0.7934005033493535 -0.6086999599843854 0
vn -0.7934152048689279 -0.6086807970379854 0
vn -0.7934152048689279 -0.6086807970379854 0
vn -0.6086468012321394 -0.7934412841224513 0
vn -0.6086468012321394 -0.7934412841224513 0
vn -0.6086661262096542 -0.793426459607274 0
vn -0.6086468012321394 -0.7934412841224513 0
vn -0.6086661262096542 -0.793426459607274 0
vn -0.6086661262096542 -0.793426459607274 0
vn -0.3826816113957902 -0.9238802867793647 0
vn -0.3826816113957902 -0.9238802867793647 0
vn -0.3826816113957902 -0.9238802867793647 0
vn -0.13068027831611637 -0.9914245633729389 0
vn -0.13068027831611637 -0.9914245633729389 0
vn -0.13068027831611637 -0.9914245633729389 0
vn -0.3826816113957902 -0.9238802867793647 0
vn -0.3826816113957902 -0.9238802867793647 0
vn -0.3826816113957902 -0.9238802867793647 0
vn -0.13068027831611637 -0.9914245633729389 0
vn -0.13068027831611637 -0.9914245633729389 0
vn -0.13068027831611637 -0.9914245633729389 0
vn -0.13062029808131817 0.9914324675585058 0
vn -0.13043628712055236 0.9914566934577652 0
vn -0.1304703057163822 0.9914522173691851 0
vn -0.13065028473420162 0.9914285159140256 0.00003051859741967566
vn -0.13062029808131817 0.9914324675585058 0
vn -0.1304703057163822 0.9914522173691851 0
vn -0.382492831435579 0.9239584589690132 0
vn -0.3825296957263479 0.9239431973273616 0
vn -0.3826554922819715 0.9238911051776838 0
vn -0.3825296957263479 0.9239431973273616 0
vn -0.3826816113957902 0.9238802867793647 0
vn -0.3826554922819715 0.9238911051776838 0
vn -0.6086999599843854 0.7934005033493535 0
vn -0.6086999599843854 0.7934005033493535 0
vn -0.6086807970379854 0.7934152048689279 0
vn -0.793426459607274 0.6086661262096542 0
vn -0.793426459607274 0.6086661262096542 0
vn -0.7934412841224513 0.6086468012321394 0
vn -0.6086999599843854 0.7934005033493535 0
vn -0.6086807970379854 0.7934152048689279 0
vn -0.6086807970379854 0.7934152048689279 0
vn -0.793426459607274 0.6086661262096542 0
vn -0.7934412841224513 0.6086468012321394 0
vn -0.7934412841224513 0.6086468012321394 0
vn -0.9238802867793647 0.3826816113957902 0
vn -0.9238802867793647 0.3826816113957902 0
vn -0.9238802867793647 0.3826816113957902 0
vn -0.9914285163757263 0.13065028479504445 0
vn -0.9914285163757263 0.13065028479504445 0
vn -0.9914285163757263 0.13065028479504445 0
vn -0.9238802867793647 0.3826816113957902 0
vn -0.9238802867793647 0.3826816113957902 0
vn -0.9238802867793647 0.3826816113957902 0
vn -0.9914200943616098 -0.1307141786342118 0
vn -0.9914200943616098 -0.1307141786342118 0
vn -0.9914200943616098 -0.1307141786342118 0
vn -0.9914285163757263 0.13065028479504445 0
vn -0.9914285163757263 0.13065028479504445 0
vn -0.9914285163757263 0.13065028479504445 0
vn -0.9238802867793647 -0.3826816113957902 0
vn -0.9238802867793647 -0.3826816113957902 0
vn -0.9239063718382534 -0.3826186300700413 0
vn -0.9914200943616098 -0.1307141786342118 0
vn -0.9914200943616098 -0.1307141786342118 0
vn -0.9914200943616098 -0.1307141786342118 0
vn -0.9238802867793647 -0.3826816113957902 0
vn -0.9239063718382534 -0.3826186300700413 0
vn -0.9239063718382534 -0.3826186300700413 0
vn -0.7935080859934988 -0.6085597073935588 0
vn -0.7935080859934988 -0.6085597073935588 0
vn -0.793467339839351 -0.6086128330952806 0
vn -0.7935080859934988 -0.6085597073935588 0
vn -0.793467339839351 -0.6086128330952806 0
vn -0.793467339839351 -0.6086128330952806 0
vn -0.6085597073935588 -0.7935080859934988 0
vn -0.6085597073935588 -0.7935080859934988 0
vn -0.6085597073935588 -0.7935080859934988 0
vn -0.6085597073935588 -0.7935080859934988 0
vn -0.6085597073935588 -0.7935080859934988 0
vn -0.6085597073935588 -0.7935080859934988 0
vn -0.3826816113957902 -0.9238802867793647 0
vn -0.3826816113957902 -0.9238802867793647 0
vn -0.3826816113957902 -0.9238802867793647 0
vn -0.1307141786342118 -0.9914200943616098 0
vn -0.1307141786342118 -0.9914200943616098 0
vn -0.1307141786342118 -0.9914200943616098 0
vn -0.3826816113957902 -0.9238802867793647 0
vn -0.3826816113957902 -0.9238802867793647 0
vn -0.3826816113957902 -0.9238802867793647 0
vn -0.1307141786342118 -0.9914200943616098 0
vn -0.1307141786342118 -0.9914200943616098 0
vn -0.1307141786342118 -0.9914200943616098 0
vn -0.1307141786342118 0.9914200943616098 0
vn -0.1307141786342118 0.9914200943616098 0
vn -0.1307141786342118 0.9914200943616098 0
vn -0.1307141786342118 0.9914200943616098 0
vn -0.1307141786342118 0.9914200943616098 0
vn -0.1307141786342118 0.9914200943616098 0
vn -0.3826816113957902 0.9238802867793647 0
vn -0.3826816113957902 0.9238802867793647 0
vn -0.3826816113957902 0.9238802867793647 0
vn -0.3826816113957902 0.9238802867793647 0
vn -0.3826816113957902 0.9238802867793647 0
vn -0.3826816113957902 0.9238802867793647 0
vn -0.6085597073935588 0.7935080859934988 0
vn -0.6085597073935588 0.7935080859934988 0
vn -0.6086128330952806 0.793467339839351 0
vn -0.7934933941025452 0.6085788638423314 0
vn -0.7935080859934988 0.6085597073935588 0
vn -0.793467339839351 0.6086128330952806 0
vn -0.6085597073935588 0.7935080859934988 0
vn -0.6086468012321394 0.7934412841224513 0
vn -0.6086128330952806 0.793467339839351 0
vn -0.7934933941025452 0.6085788638423314 0
vn -0.793467339839351 0.6086128330952806 0
vn -0.7934525670157543 0.6086320923974596 0
vn -0.9238802867793647 0.3826816113957902 0
vn -0.9238802867793647 0.3826816113957902 0
vn -0.9238802867793647 0.3826816113957902 0
vn -0.9914200943616098 0.1307141786342118 0
vn -0.9914200943616098 0.1307141786342118 0
vn -0.9914200943616098 0.1307141786342118 0
vn -0.9238802867793647 0.3826816113957902 0
vn -0.9238802867793647 0.3826816113957902 0
vn -0.9238802867793647 0.3826816113957902 0
vn -0.9914285163757263 -0.13065028479504445 0
vn -0.9914285163757263 -0.13065028479504445 0
vn -0.9914240464592551 -0.13068419989561364 0
vn -0.9914200943616098 0.1307141786342118 0
vn -0.9914200943616098 0.1307141786342118 0
vn -0.9914200943616098 0.1307141786342118 0
vn -0.9238802867793647 -0.3826816113957902 0
vn -0.9238802867793647 -0.3826816113957902 0
vn -0.9238802867793647 -0.3826816113957902 0
vn -0.9914285163757263 -0.13065028479504445 0
vn -0.9914240464592551 -0.13068419989561364 0
vn -0.9914240464592551 -0.13068419989561364 0
vn -0.9238802867793647 -0.3826816113957902 0
vn -0.9238802867793647 -0.3826816113957902 0
vn -0.9238802867793647 -0.3826816113957902 0
vn -0.793426459607274 -0.6086661262096542 0
vn -0.793426459607274 -0.6086661262096542 0
vn -0.7934412841224513 -0.6086468012321394 0
vn -0.793426459607274 -0.6086661262096542 0
vn -0.7934412841224513 -0.6086468012321394 0
vn -0.7934412841224513 -0.6086468012321394 0
vn -0.6086807970379854 -0.7934152048689279 0
vn -0.6086807970379854 -0.7934152048689279 0
vn -0.6086807970379854 -0.7934152048689279 0
vn -0.6086807970379854 -0.7934152048689279 0
vn -0.6086807970379854 -0.7934152048689279 0
vn -0.6086807970379854 -0.7934152048689279 0
vn -0.382492831435579 -0.9239584589690132 0
vn -0.382492831435579 -0.9239584589690132 0
vn -0.38258176724845333 -0.9239216370282981 0
vn -0.13065028479504445 -0.9914285163757263 0
vn -0.13065028479504445 -0.9914285163757263 0
vn -0.13059028967373976 -0.9914364206760455 0
vn -0.382492831435579 -0.9239584589690132 0
vn -0.382592582170689 -0.9239171586608643 0
vn -0.38258176724845333 -0.9239216370282981 0
vn -0.13065028479504445 -0.9914285163757263 0
vn -0.13059028967373976 -0.9914364206760455 0
vn -0.13059028967373976 -0.9914364206760455 0
vn 0 0 1
vn 0 0 1
vn 0 0 1
vn 0 0 1
vn 0 0 1
vn 0 0 1
vn 0 0 1
vn 0 0 1
vn 0 0 1
vn 0 0 1
vn 0 0 1
vn 0 0 1
vn 0 0 1
vn 0 0 1
vn 0 0 1
vn 0 0 1
vn 0 0 1
vn 0 0 1
vn 0 0 1
vn 0 0 1
vn 0 0 1
vn 0 0 1
vn 0 0 1
vn 0 0 1
vn 0 0 1
vn 0 0 1
vn 0 0 1
vn 0 0 1
vn 0 0 1
vn 0 0 1
vn 0 0 1
vn 0 0 1
vn 0 0 1
vn 0 0 1
vn 0 0 1
vn 0 0 1
vn 0 0 1
vn 0 0 1
vn 0 0 1
vn 0 0 1
vn -0.000030519400681315164 0.00006103890322603668 0.9999999976714093
vn 0 0 1
vn 0 0 1
vn 0 0 1
vn 0 0 1
vn 0 0 1
vn 0 0 1
vn 0 0 1
vn 0 0 1
vn 0 0 1
vn 0 0 1
vn 0 0 1
vn 0 0 1
vn 0 0 1
vn 0 0 1
vn 0 0 1
vn 0 0 1
vn 0 0 1
vn 0 0 1
vn 0 0 1
vn 0 0 1
vn 0 0 1
vn 0 0 1
vn 0 0 1
vn 0 0 1
vn 0 0 1
vn 0 0 1
vn 0 0 1
vn 0 0 1
vn 0 0 1
vn 0 0 1
vn 0 0 1
vn 0 0 1
vn 0 0 1
vn 0 0 1
vn 0 0 1
vn 0 0 1
vn 0 0 1
vn 0.00003051849851942606 0 0.9999999995343107
vn 0.00003051940073816896 0 0.9999999995342832
vn 0.00003051849851942606 0 0.9999999995343107
vn 0.00003051940073816896 0 0.9999999995342832
vn 0 0 1
vn 0.00003051849851942606 0 0.9999999995343107
vn 0 0 1
vn 0 0 1
vn 0 0 1
vn 0 0 1
vn 0 0 1
vn 0 0 1
vn 0 0 1
vn 0 0 1
vn 0 0 1
vn 0 0 1
vn 0 0 1
vn 0 0 1
vn 0 0 1
vn 0 0 1
vn 0 0 1
vn 0 0 1
vn 0 0 1
vn 0 0 1
vn 0 0 1
vn 0 0 1
vn 0 0 1
vn 0 0 1
vn 0 0 1
vn 0 0 1
vn 0 0 1
vn 0 0 1
vn 0 0 1
vn 0 0 1
vn 0 0 1
vn 0 0 1
vn 0 0 1
vn 0 0 1
vn 0 0 1
vn 0 0 1
vn 0 0 1
vn 0 0 1
vn -0.000030519400681315164 0.00006103890322603668 0.9999999976714093
vn -0.00003051849839151678 0.00009155549881252914 0.999999995343106
vn 0 0 1
vn 0 0 1
vn 0 0 1
vn 0 0 1
vn 0 0 1
vn 0 0 1
vn 0 0 1
vn 0 0 1
vn 0 0 1
vn 0.00003051940073816896 0 0.9999999995342832
vn 0 0 1
vn 0.00003051940073816896 0 0.9999999995342832
vn 0 0 1
vn 0 0 1
vn 0.00003051940073816896 0 0.9999999995342832
vn 0 0 1
vn -0.00015259299649964902 0.00003051849816412019 0.9999999878919993
vn -0.00012207399316812724 0.00003051849829203181 0.9999999920832808
vn 0 0 1
vn -0.00012207399316812724 0.00003051849829203181 0.9999999920832808
vn 0 0 1
vn 0 0 1
vn 0.00003051849851942606 0 0.9999999995343107
vn 0 0 1
vn 0.00003051940073816896 0 0.9999999995342832
vn -0.00015259299401251613 0.000183110993276129 0.9999999715928708
vn -0.00012207799358022957 0.00015259699721017865 0.9999999809055596
vn 0 0 1
vn 0 0 1
vn 0 0 1
vn 0 0 1
vn 0 0 1
vn 0 0 1
vn 0 0 1
vn 0 0 1
vn 0 0 1
vn 0 0 1
vn 0 0 1
vn 0 0 1
vn 0 0 1
vn 0 0 1
vn 0 0 1
vn 0 0 1
vn 0 0 1
vn 0 0 1
vn 0 0 1
vn 0 0 1
vn 0 0 1
vn 0 0 1
vn 0 0 1
vn 0 0 1
vn 0 0 1
vn 0 0 1
vn 0 0 1
vn 0 0 1
vn 0 0 1
vn 0 0 1
vn 0 0 1
vn 0 0 1
vn 0 0 1
vn 0 0 1
vn 0 0 1
vn 0 0 1
vn 0 0 1
vn 0 0 1
vn 0 0 1
vn 0 0 1
vn 0 0 1
vn 0 0 1
vn 0 0 1
vn 0 0 1
vn 0 0 1
vn 0 0 1
vn 0 0 1
vn 0 0 1
vn 0 0 1
vn 0 0 1
vn 0 0 1
vn 0 0 1
vn 0 0 1
vn 0 0 1
vn -0.002136289799731952 0.002868770799715094 0.9999936031895355
vn 0 0 1
vn 0 0 1
vn 0 0 1
vn 0 0 1
vn -0.002136289799731952 0.002868770799715094 0.9999936031895355
vn -0.0023194549113072097 0.0031434290540789207 0.9999923694622358
vn 0 0 1
vn 0 0 1
vn 0 0 1
vn 0 0 1
vn 0 0 1
vn 0 0 1
vn 0 0 1
vn 0 0 1
vn 0 0 1
vn 0 0 1
vn 0 0 1
vn 0 0 1
vn 0 0 1
vn 0 0 1
vn 0 0 1
vn 0 0 1
vn 0 0 1
vn 0 0 1
vn 0 0 1
vn 0 0 1
vn 0 0 1
vn 0 0 1
vn -0.00012207799358022957 0.00015259699721017865 0.9999999809055596
vn 0 0 1
vn 0 0 1
vn 0 0 1
vn 0 0 1
vn 0.0000610369959303051 0.00018311099506687279 0.9999999813724242
vn 0 0 1
vn 0 0 1
vn 0 0 1
vn 0 0 1
vn 0 0 1
vn 0 0 1
vn 0 0 1
vn 0 0 1
vn 0.0000610369959303051 0.00018311099506687279 0.9999999813724242
vn 0 0 1
vn 0.00009155830282711819 0.0002441559980746102 0.9999999660024623
vn 0 0 1
vn 0 0 1
vn 0 0 1
vn 0 0 1
vn 0 0 1
vn 0 0 1
vn 0 0 1
vn 0 0 1
vn 0 0 1
vn 0 0 1
vn 0 0 1
vn 0 0 1
vn 0.00012207799500157414 0 0.9999999925484816
vn 0.00012207399322497578 0 0.9999999925489701
vn 0 0 1
vn 0 0 1
vn 0 0 1
vn 0 0 1
vn 0 0 1
vn 0 0 1
vn 0 0 1
vn 0 0 1
vn 0 0 1
vn 0 0 1
vn 0 0 1
vn 0 0 1
vn 0 0 1
vn 0 0 1
vn 0 0 1
vn 0 0 1
vn 0 0 1
vn 0 0 1
vn 0 0 1
vn 0 0 1
vn 0 0 1
vn 0 0 1
vn 0.6240214319458974 0.7112142683043191 0.32368428604512745
vn 0.7105767301502137 0.6268017442553899 0.31968779139565395
vn 0.7157332149201193 0.6173397171576281 0.3265235652749276
vn 0.7073231807069331 0.6226922160570911 0.33458679306950595
vn 0.6214332496207733 0.7094508313193187 0.3324157550509498
vn 0.7157332149201193 0.6173397171576281 0.3265235652749276
vn 0 0 -1
vn 0 -0.00003051849851942606 -0.9999999995343107
vn 0 0 -1
vn -0.6101322335607298 -0.7922991723970415 0.0008240079841806556
vn -0.7146350076351297 -0.6994975141708802 -0.00018311498393482352
vn -0.7110783979354366 -0.7031127140817626 -0.00015259800260842093
vn -0.6101322335607298 -0.7922991723970415 0.0008240079841806556
vn -0.7110783979354366 -0.7031127140817626 -0.00015259800260842093
vn -0.6087337787570118 -0.7933741283906123 0.0008240149547636361
vn -0.3827092723490125 -0.9237820093347378 -0.012665389356985786
vn -0.3827092723490125 -0.9237820093347378 -0.012665389356985786
vn -0.3827092723490125 -0.9237820093347378 -0.012665389356985786
vn 0.6446165896257127 -0.6869155016942609 0.3355838880390971
vn 0.6585981062120442 -0.6728503512320583 0.3369286858384201
vn 0.686337077673749 -0.6451367364450119 0.3357677874652919
vn 0.38267969868126245 -0.9237843699519502 -0.013367350137423364
vn 0.38267969868126245 -0.9237843699519502 -0.013367350137423364
vn 0.38267969868126245 -0.9237843699519502 -0.013367350137423364
vn -0.6567767361167232 0.7537366861136896 0.022920010955884827
vn -0.6567767361167232 0.7537366861136896 0.022920010955884827
vn -0.6567767361167232 0.7537366861136896 0.022920010955884827
vn 0.7124729408381734 -0.7016995797280746 -0.00009155789626588516
vn 0.6127312699085943 -0.7902911201805471 0.0005798620328644748
vn 0.608733785666662 -0.7933743162100265 0.0006103820175754833
vn -0.7419845846872165 0.6704168725082702 -0.00030519300203797167
vn -0.7419845846872165 0.6704168725082702 -0.00030519300203797167
vn -0.7419845846872165 0.6704168725082702 -0.00030519300203797167
vn 0.49999649531221707 -0.8660134880725283 -0.004913568148834239
vn 0.49999649531221707 -0.8660134880725283 -0.004913568148834239
vn 0.49999649531221707 -0.8660134880725283 -0.004913568148834239
vn -0.7026518412435095 0.7115329330990827 0.0011292088036577816
vn -0.7026518412435095 0.7115329330990827 0.0011292088036577816
vn -0.7026518412435095 0.7115329330990827 0.0011292088036577816
vn 0.622782824129142 -0.7111675713086963 0.3261629032992876
vn 0.7155585371252441 -0.6179269027212945 0.3257949091690177
vn 0.7118983253698622 -0.6253449903628906 0.3196004026336982
vn -0.6299995871325049 0.7021460038888936 0.331800406021046
vn -0.7048732739718866 0.6291549296251633 0.3275938677211607
vn -0.7067269074101615 0.6234712589472231 0.3343959742718707
vn -0.6244874525062964 0.7061878361872996 0.33363777016893
vn -0.6299995871325049 0.7021460038888936 0.331800406021046
vn -0.7067269074101615 0.6234712589472231 0.3343959742718707
vn 0.6237183443232202 -0.7080730460918179 0.331070971776378
vn 0.7066703984020826 -0.624268765731623 0.3330247080235304
vn 0.7155585371252441 -0.6179269027212945 0.3257949091690177
vn -0.6171552975980545 0.7159760409980741 0.32633977288001614
vn -0.6207081783846367 0.7122366552664338 0.32778087830334035
vn -0.707953261205086 0.6297631147691 0.31968828446692404
vn 0 0 -1
vn 0 0 -1
vn 0 0 -1
vn 0.6956887080760811 -0.6427376714437547 0.3207888825419193
vn 0.6262200889664626 -0.710208455048477 0.3216400947526462
vn 0.7118983253698622 -0.6253449903628906 0.3196004026336982
vn 0.7105767301502137 0.6268017442553899 0.31968779139565395
vn 0.6240214319458974 0.7112142683043191 0.32368428604512745
vn 0.6308204510866895 0.7069033361011394 0.3199269164979171
vn -0.6296669273912832 -0.7025156649683296 0.33164936457609284
vn -0.6244685216946841 -0.706719714982442 0.33254519973620417
vn -0.705364078790573 -0.626196894864633 0.33217309525880967
vn 0.6214332496207733 0.7094508313193187 0.3324157550509498
vn 0.6240214319458974 0.7112142683043191 0.32368428604512745
vn 0.7157332149201193 0.6173397171576281 0.3265235652749276
vn 0.7066703984020826 -0.624268765731623 0.3330247080235304
vn 0.6297874565725818 -0.7015984782586399 0.3333576680518981
vn 0.7015499980621717 -0.629676691736076 0.3336687940207737
vn -0.6419414077920369 -0.694739736898643 0.32441936892852447
vn -0.6891568821083545 -0.6450259016398168 0.3301581106930933
vn -0.6301032738640753 -0.7084464844522812 0.3179204978182086
vn -0.6229585844673757 -0.7120747978767126 0.32383959650920136
vn -0.6301032738640753 -0.7084464844522812 0.3179204978182086
vn -0.709704757614076 -0.6247990139101796 0.325492471858894
vn -0.6660965296385274 -0.6703081939719946 0.32711211884843616
vn -0.6891568821083545 -0.6450259016398168 0.3301581106930933
vn -0.6419414077920369 -0.694739736898643 0.32441936892852447
vn -0.6891568821083545 -0.6450259016398168 0.3301581106930933
vn -0.7080359022412884 -0.6301825188533227 0.31867719414643736
vn -0.6301032738640753 -0.7084464844522812 0.3179204978182086
vn -0.6301032738640753 -0.7084464844522812 0.3179204978182086
vn -0.7080359022412884 -0.6301825188533227 0.31867719414643736
vn -0.709704757614076 -0.6247990139101796 0.325492471858894
vn -0.7019241655123979 -0.6303857747153252 0.33153618340429036
vn -0.6296669273912832 -0.7025156649683296 0.33164936457609284
vn -0.705364078790573 -0.626196894864633 0.33217309525880967
vn -0.6322403100210641 0.706677095531867 0.31761560578018366
vn -0.6171552975980545 0.7159760409980741 0.32633977288001614
vn -0.707953261205086 0.6297631147691 0.31968828446692404
vn -0.6853923423963293 0.6471827836232067 0.33375407348254255
vn -0.6454877439571245 0.6918163494863462 0.3236289711761412
vn -0.6990433041085092 0.6400496094250421 0.318865106990259
vn -0.6454877439571245 0.6918163494863462 0.3236289711761412
vn -0.6322403100210641 0.706677095531867 0.31761560578018366
vn -0.6990433041085092 0.6400496094250421 0.318865106990259
vn -0.707953261205086 0.6297631147691 0.31968828446692404
vn -0.6990433041085092 0.6400496094250421 0.318865106990259
vn -0.6322403100210641 0.706677095531867 0.31761560578018366
vn -0.5000308055194882 -0.8659896079934515 -0.005585013776168578
vn -0.5000308055194882 -0.8659896079934515 -0.005585013776168578
vn -0.5000308055194882 -0.8659896079934515 -0.005585013776168578
vn 0.640111352425145 -0.6928791081080249 0.3319277000249903
vn 0.686337077673749 -0.6451367364450119 0.3357677874652919
vn 0.7015499980621717 -0.629676691736076 0.3336687940207737
vn -0.7048732739718866 0.6291549296251633 0.3275938677211607
vn -0.6299995871325049 0.7021460038888936 0.331800406021046
vn -0.7007813034633812 0.6306787888562495 0.33339140661237593
f 1//1 2//2 3//3
f 4//4 5//5 6//6
f 7//7 8//8 9//9
f 10//10 11//11 12//12
f 13//13 14//14 15//15
f 16//16 17//17 18//18
f 19//19 20//20 21//21
f 22//22 23//23 24//24
f 25//25 26//26 27//27
f 28//28 29//29 30//30
f 31//31 32//32 33//33
f 34//34 35//35 36//36
f 37//37 38//38 39//39
f 40//40 41//41 42//42
f 43//43 44//44 45//45
f 46//46 47//47 48//48
f 49//49 50//50 51//51
f 52//52 53//53 54//54
f 55//55 56//56 57//57
f 58//58 59//59 60//60
f 61//61 62//62 63//63
f 64//64 65//65 66//66
f 67//67 68//68 69//69
f 70//70 71//71 72//72
f 73//73 74//74 75//75
f 76//76 77//77 78//78
f 79//79 80//80 81//81
f 82//82 83//83 84//84
f 85//85 86//86 87//87
f 88//88 89//89 90//90
f 91//91 92//92 93//93
f 94//94 95//95 96//96
f 97//97 98//98 99//99
f 100//100 101//101 102//102
f 103//103 104//104 105//105
f 106//106 107//107 108//108
f 109//109 110//110 111//111
f 112//112 113//113 114//114
f 115//115 116//116 117//117
f 118//118 119//119 120//120
f 121//121 122//122 123//123
f 124//124 125//125 126//126
f 127//127 128//128 129//129
f 130//130 131//131 132//132
f 133//133 134//134 135//135
f 136//136 137//137 138//138
f 139//139 140//140 141//141
f 142//142 143//143 144//144
f 145//145 146//146 147//147
f 148//148 149//149 150//150
f 151//151 152//152 153//153
f 154//154 155//155 156//156
f 157//157 158//158 159//159
f 160//160 161//161 162//162
f 163//163 164//164 165//165
f 166//166 167//167 168//168
f 169//169 170//170 171//171
f 172//172 173//173 174//174
f 175//175 176//176 177//177
f 178//178 179//179 180//180
f 181//181 182//182 183//183
f 184//184 185//185 186//186
f 187//187 188//188 189//189
f 190//190 191//191 192//192
f 193//193 194//194 195//195
f 196//196 197//197 198//198
f 199//199 200//200 201//201
f 202//202 203//203 204//204
f 205//205 206//206 207//207
f 208//208 209//209 210//210
f 211//211 212//212 213//213
f 214//214 215//215 216//216
f 217//217 218//218 219//219
f 220//220 221//221 222//222
f 223//223 224//224 225//225
f 226//226 227//227 228//228
f 229//229 230//230 231//231
f 232//232 233//233 234//234
f 235//235 236//236 237//237
f 238//238 239//239 240//240
f 241//241 242//242 243//243
f 244//244 245//245 246//246
f 247//247 248//248 249//249
f 250//250 251//251 252//252
f 253//253 254//254 255//255
f 256//256 257//257 258//258
f 259//259 260//260 261//261
f 262//262 263//263 264//264
f 265//265 266//266 267//267
f 268//268 269//269 270//270
f 271//271 272//272 273//273
f 274//274 275//275 276//276
f 277//277 278//278 279//279
f 280//280 281//281 282//282
f 283//283 284//284 285//285
f 286//286 287//287 288//288
f 289//289 290//290 291//291
f 292//292 293//293 294//294
f 295//295 296//296 297//297
f 298//298 299//299 300//300
f 301//301 302//302 303//303
f 304//304 305//305 306//306
f 307//307 308//308 309//309
f 310//310 311//311 312//312
f 313//313 314//314 315//315
f 316//316 317//317 318//318
f 319//319 320//320 321//321
f 322//322 323//323 324//324
f 325//325 326//326 327//327
f 328//328 329//329 330//330
f 331//331 332//332 333//333
f 334//334 335//335 336//336
f 337//337 338//338 339//339
f 340//340 341//341 342//342
f 343//343 344//344 345//345
f 346//346 347//347 348//348
f 349//349 350//350 351//351
f 352//352 353//353 354//354
f 355//355 356//356 357//357
f 358//358 359//359 360//360
f 361//361 362//362 363//363
f 364//364 365//365 366//366
f 367//367 368//368 369//369
f 370//370 371//371 372//372
f 373//373 374//374 375//375
f 376//376 377//377 378//378
f 379//379 380//380 381//381
f 382//382 383//383 384//384
f 385//385 386//386 387//387
f 388//388 389//389 390//390
f 391//391 392//392 393//393
f 394//394 395//395 396//396
f 397//397 398//398 399//399
f 400//400 401//401 402//402
f 403//403 404//404 405//405
f 406//406 407//407 408//408
f 409//409 410//410 411//411
f 412//412 413//413 414//414
f 415//415 416//416 417//417
f 418//418 419//419 420//420
f 421//421 422//422 423//423
f 424//424 425//425 426//426
f 427//427 428//428 429//429
f 430//430 431//431 432//432
f 433//433 434//434 435//435
f 436//436 437//437 438//438
f 439//439 440//440 441//441
f 442//442 443//443 444//444
f 445//445 446//446 447//447
f 448//448 449//449 450//450
f 451//451 452//452 453//453
f 454//454 455//455 456//456
f 457//457 458//458 459//459
f 460//460 461//461 462//462
f 463//463 464//464 465//465
f 466//466 467//467 468//468
f 469//469 470//470 471//471
f 472//472 473//473 474//474
f 475//475 476//476 477//477
f 478//478 479//479 480//480
f 481//481 482//482 483//483
f 484//484 485//485 486//486
f 487//487 488//488 489//489
f 490//490 491//491 492//492
f 493//493 494//494 495//495
f 496//496 497//497 498//498
f 499//499 500//500 501//501
f 502//502 503//503 504//504
f 505//505 506//506 507//507
f 508//508 509//509 510//510
f 511//511 512//512 513//513
f 514//514 515//515 516//516
f 517//517 518//518 519//519
f 520//520 521//521 522//522
f 523//523 524//524 525//525
f 526//526 527//527 528//528
f 529//529 530//530 531//531
f 532//532 533//533 534//534
f 535//535 536//536 537//537
f 538//538 539//539 540//540
f 541//541 542//542 543//543
f 544//544 545//545 546//546
f 547//547 548//548 549//549
f 550//550 551//551 552//552
f 553//553 554//554 555//555
f 556//556 557//557 558//558
f 559//559 560//560 561//561
f 562//562 563//563 564//564
f 565//565 566//566 567//567
f 568//568 569//569 570//570
f 571//571 572//572 573//573
f 574//574 575//575 576//576
f 577//577 578//578 579//579
f 580//580 581//581 582//582
f 583//583 584//584 585//585
f 586//586 587//587 588//588
f 589//589 590//590 591//591
f 592//592 593//593 594//594
f 595//595 596//596 597//597
f 598//598 599//599 600//600
f 601//601 602//602 603//603
f 604//604 605//605 606//606
f 607//607 608//608 609//609
f 610//610 611//611 612//612
f 613//613 614//614 615//615
f 616//616 617//617 618//618
f 619//619 620//620 621//621
f 622//622 623//623 624//624
f 625//625 626//626 627//627
f 628//628 629//629 630//630
f 631//631 632//632 633//633
f 634//634 635//635 636//636
f 637//637 638//638 639//639
f 640//640 641//641 642//642
f 643//643 644//644 645//645
f 646//646 647//647 648//648
f 649//649 650//650 651//651
f 652//652 653//653 654//654
f 655//655 656//656 657//657
f 658//658 659//659 660//660
f 661//661 662//662 663//663
f 664//664 665//665 666//666
f 667//667 668//668 669//669
f 670//670 671//671 672//672
f 673//673 674//674 675//675
f 676//676 677//677 678//678
f 679//679 680//680 681//681
f 682//682 683//683 684//684
f 685//685 686//686 687//687
f 688//688 689//689 690//690
f 691//691 692//692 693//693
f 694//694 695//695 696//696
f 697//697 698//698 699//699
f 700//700 701//701 702//702
f 703//703 704//704 705//705
f 706//706 707//707 708//708
f 709//709 710//710 711//711
f 712//712 713//713 714//714
f 715//715 716//716 717//717
f 718//718 719//719 720//720
f 721//721 722//722 723//723
f 724//724 725//725 726//726
f 727//727 728//728 729//729
f 730//730 731//731 732//732
f 733//733 734//734 735//735
f 736//736 737//737 738//738
f 739//739 740//740 741//741
f 742//742 743//743 744//744
f 745//745 746//746 747//747
f 748//748 749//749 750//750
f 751//751 752//752 753//753
f 754//754 755//755 756//756
f 757//757 758//758 759//759
f 760//760 761//761 762//762
f 763//763 764//764 765//765
f 766//766 767//767 768//768
f 769//769 770//770 771//771
f 772//772 773//773 774//774
f 775//775 776//776 777//777
f 778//778 779//779 780//780
f 781//781 782//782 783//783
f 784//784 785//785 786//786
f 787//787 788//788 789//789
f 790//790 791//791 792//792
f 793//793 794//794 795//795
f 796//796 797//797 798//798
f 799//799 800//800 801//801
f 802//802 803//803 804//804
f 805//805 806//806 807//807
f 808//808 809//809 810//810
f 811//811 812//812 813//813
f 814//814 815//815 816//816
f 817//817 818//818 819//819
f 820//820 821//821 822//822
f 823//823 824//824 825//825
f 826//826 827//827 828//828
f 829//829 830//830 831//831
f 832//832 833//833 834//834
f 835//835 836//836 837//837
f 838//838 839//839 840//840
f 841//841 842//842 843//843
f 844//844 845//845 846//846
f 847//847 848//848 849//849
f 850//850 851//851 852//852
f 853//853 854//854 855//855
f 856//856 857//857 858//858
f 859//859 860//860 861//861
f 862//862 863//863 864//864
f 865//865 866//866 867//867
f 868//868 869//869 870//870
f 871//871 872//872 873//873
f 874//874 875//875 876//876
f 877//877 878//878 879//879
f 880//880 881//881 882//882
f 883//883 884//884 885//885
f 886//886 887//887 888//888
f 889//889 890//890 891//891
f 892//892 893//893 894//894
f 895//895 896//896 897//897
f 898//898 899//899 900//900
f 901//901 902//902 903//903
f 904//904 905//905 906//906
f 907//907 908//908 909//909
f 910//910 911//911 912//912
f 913//913 914//914 915//915
f 916//916 917//917 918//918
f 919//919 920//920 921//921
f 922//922 923//923 924//924
f 925//925 926//926 927//927
f 928//928 929//929 930//930
f 931//931 932//932 933//933
f 934//934 935//935 936//936
f 937//937 938//938 939//939
f 940//940 941//941 942//942
f 943//943 944//944 945//945
f 946//946 947//947 948//948
f 949//949 950//950 951//951
f 952//952 953//953 954//954
f 955//955 956//956 957//957
f 958//958 959//959 960//960
f 961//961 962//962 963//963
f 964//964 965//965 966//966
f 967//967 968//968 969//969
f 970//970 971//971 972//972
f 973//973 974//974 975//975
f 976//976 977//977 978//978
f 979//979 980//980 981//981
f 982//982 983//983 984//984
f 985//985 986//986 987//987
f 988//988 989//989 990//990
f 991//991 992//992 993//993
f 994//994 995//995 996//996
f 997//997 998//998 999//999
f 1000//1000 1001//1001 1002//1002
f 1003//1003 1004//1004 1005//1005
f 1006//1006 1007//1007 1008//1008
f 1009//1009 1010//1010 1011//1011
f 1012//1012 1013//1013 1014//1014
f 1015//1015 1016//1016 1017//1017
f 1018//1018 1019//1019 1020//1020
f 1021//1021 1022//1022 1023//1023
f 1024//1024 1025//1025 1026//1026
f 1027//1027 1028//1028 1029//1029
f 1030//1030 1031//1031 1032//1032
f 1033//1033 1034//1034 1035//1035
f 1036//1036 1037//1037 1038//1038
f 1039//1039 1040//1040 1041//1041
f 1042//1042 1043//1043 1044//1044
f 1045//1045 1046//1046 1047//1047
f 1048//1048 1049//1049 1050//1050
f 1051//1051 1052//1052 1053//1053
f 1054//1054 1055//1055 1056//1056
f 1057//1057 1058//1058 1059//1059
f 1060//1060 1061//1061 1062//1062
f 1063//1063 1064//1064 1065//1065
f 1066//1066 1067//1067 1068//1068
f 1069//1069 1070//1070 1071//1071
f 1072//1072 1073//1073 1074//1074
f 1075//1075 1076//1076 1077//1077
f 1078//1078 1079//1079 1080//1080
f 1081//1081 1082//1082 1083//1083
f 1084//1084 1085//1085 1086//1086
f 1087//1087 1088//1088 1089//1089
f 1090//1090 1091//1091 1092//1092
f 1093//1093 1094//1094 1095//1095
f 1096//1096 1097//1097 1098//1098
f 1099//1099 1100//1100 1101//1101
f 1102//1102 1103//1103 1104//1104
f 1105//1105 1106//1106 1107//1107
f 1108//1108 1109//1109 1110//1110
f 1111//1111 1112//1112 1113//1113
f 1114//1114 1115//1115 1116//1116
f 1117//1117 1118//1118 1119//1119
f 1120//1120 1121//1121 1122//1122
f 1123//1123 1124//1124 1125//1125
f 1126//1126 1127//1127 1128//1128
f 1129//1129 1130//1130 1131//1131
f 1132//1132 1133//1133 1134//1134
f 1135//1135 1136//1136 1137//1137
f 1138//1138 1139//1139 1140//1140
f 1141//1141 1142//1142 1143//1143
f 1144//1144 1145//1145 1146//1146
f 1147//1147 1148//1148 1149//1149
f 1150//1150 1151//1151 1152//1152
f 1153//1153 1154//1154 1155//1155
f 1156//1156 1157//1157 1158//1158
f 1159//1159 1160//1160 1161//1161
f 1162//1162 1163//1163 1164//1164
f 1165//1165 1166//1166 1167//1167
f 1168//1168 1169//1169 1170//1170
f 1171//1171 1172//1172 1173//1173
f 1174//1174 1175//1175 1176//1176
f 1177//1177 1178//1178 1179//1179
f 1180//1180 1181//1181 1182//1182
f 1183//1183 1184//1184 1185//1185
f 1186//1186 1187//1187 1188//1188
f 1189//1189 1190//1190 1191//1191
f 1192//1192 1193//1193 1194//1194
f 1195//1195 1196//1196 1197//1197
f 1198//1198 1199//1199 1200//1200
f 1201//1201 1202//1202 1203//1203
f 1204//1204 1205//1205 1206//1206
f 1207//1207 1208//1208 1209//1209
f 1210//1210 1211//1211 1212//1212
f 1213//1213 1214//1214 1215//1215
f 1216//1216 1217//1217 1218//1218
f 1219//1219 1220//1220 1221//1221
f 1222//1222 1223//1223 1224//1224
f 1225//1225 1226//1226 1227//1227
