o node1
usemtl Rohr
v 0.029727930203080177 -0.007643342018127441 0.17779970169067383
v 0.029179630801081657 -0.0094031086191535 0.17220069468021393
v 0.030690670013427734 -0.0000019371500457054935 0.17219990491867065
v 0.030542610213160515 0.0019001959590241313 0.17779989540576935
v 0.029727930203080177 -0.007643342018127441 0.17779970169067383
v 0.030690670013427734 -0.0000019371500457054935 0.17219990491867065
v -0.0029455421026796103 -0.030793840065598488 0.17779989540576935
v -0.0077071781270205975 -0.030060170218348503 0.17219990491867065
v 0.00628626300022006 -0.030422499403357506 0.17219990491867065
v 0.00695192813873291 -0.030115660279989243 0.17779970169067383
v -0.0029455421026796103 -0.030793840065598488 0.17779989540576935
v 0.00628626300022006 -0.030422499403357506 0.17219990491867065
v 0.030542610213160515 0.0019001959590241313 0.17779989540576935
v 0.030690670013427734 -0.0000019371500457054935 0.17219990491867065
v 0.028875229880213737 0.009771822951734066 0.17219999432563782
v 0.028367450460791588 0.011228379793465137 0.17779949307441711
v 0.030542610213160515 0.0019001959590241313 0.17779989540576935
v 0.028875229880213737 0.009771822951734066 0.17219999432563782
v 0.016900179907679558 -0.025914490222930908 0.17779989540576935
v 0.00695192813873291 -0.030115660279989243 0.17779970169067383
v 0.00628626300022006 -0.030422499403357506 0.17219990491867065
v 0.016900179907679558 -0.025914490222930908 0.17779989540576935
v 0.00628626300022006 -0.030422499403357506 0.17219990491867065
v 0.018281100317835808 -0.02494828961789608 0.17219899594783783
v 0.028367450460791588 0.011228379793465137 0.17779949307441711
v 0.028875229880213737 0.009771822951734066 0.17219999432563782
v 0.02441691979765892 0.01825135014951229 0.17219990491867065
v 0.022885790094733238 0.02010953053832054 0.17780110239982605
v 0.028367450460791588 0.011228379793465137 0.17779949307441711
v 0.02441691979765892 0.01825135014951229 0.17219990491867065
v 0.022885790094733238 0.02010953053832054 0.17780110239982605
v 0.02441691979765892 0.01825135014951229 0.17219990491867065
v 0.015482660382986069 0.026224490255117416 0.17219939827919006
v 0.025418100878596306 -0.01749885082244873 0.17780019342899323
v 0.016900179907679558 -0.025914490222930908 0.17779989540576935
v 0.018281100317835808 -0.02494828961789608 0.17219899594783783
v 0.025418100878596306 -0.01749885082244873 0.17780019342899323
v 0.018281100317835808 -0.02494828961789608 0.17219899594783783
v 0.02563660964369774 -0.017043350264430046 0.17219999432563782
v 0.015413760207593441 0.026107309386134148 0.17779949307441711
v 0.022885790094733238 0.02010953053832054 0.17780110239982605
v 0.015482660382986069 0.026224490255117416 0.17219939827919006
v 0.025418100878596306 -0.01749885082244873 0.17780019342899323
v 0.02563660964369774 -0.017043350264430046 0.17219999432563782
v 0.029179630801081657 -0.0094031086191535 0.17220069468021393
v 0.0073447818867862225 0.029420550912618637 0.17779959738254547
v 0.015413760207593441 0.026107309386134148 0.17779949307441711
v 0.015482660382986069 0.026224490255117416 0.17219939827919006
v 0.029727930203080177 -0.007643342018127441 0.17779970169067383
v 0.025418100878596306 -0.01749885082244873 0.17780019342899323
v 0.029179630801081657 -0.0094031086191535 0.17220069468021393
v 0.0073447818867862225 0.029420550912618637 0.17779959738254547
v 0.015482660382986069 0.026224490255117416 0.17219939827919006
v 0.0029556748922914267 0.030298469588160515 0.17219999432563782
v -0.00919342041015625 -0.026717299595475197 0.05846666917204857
v -0.0015381569974124432 -0.028153710067272186 0.058521028608083725
v -0.002545594936236739 -0.027320679277181625 0.060376159846782684
v -0.00919342041015625 -0.026717299595475197 0.05846666917204857
v -0.002545594936236739 -0.027320679277181625 0.060376159846782684
v -0.010580649599432945 -0.025395270437002182 0.060268279165029526
v -0.01688659004867077 -0.022479109466075897 0.05864739045500755
v -0.00919342041015625 -0.026717299595475197 0.05846666917204857
v -0.010580649599432945 -0.025395270437002182 0.060268279165029526
v -0.01688659004867077 -0.022479109466075897 0.05864739045500755
v -0.010580649599432945 -0.025395270437002182 0.060268279165029526
v -0.017626579850912094 -0.02093058079481125 0.06033742055296898
v -0.01688659004867077 -0.022479109466075897 0.05864739045500755
v -0.017626579850912094 -0.02093058079481125 0.06033742055296898
v -0.02095812000334263 -0.01764822006225586 0.05988769978284836
v -0.02342844009399414 -0.014318520203232765 0.059419628232717514
v -0.01688659004867077 -0.022479109466075897 0.05864739045500755
v -0.02095812000334263 -0.01764822006225586 0.05988769978284836
v -0.02342844009399414 -0.014318520203232765 0.059419628232717514
v -0.026683270931243896 -0.0055779810063540936 0.060366690158843994
v -0.026237420737743378 -0.009068428538739681 0.058891769498586655
v -0.027972400188446045 0.001084565999917686 0.05855441093444824
v -0.02917456068098545 -0.011433719657361507 0.05498969182372093
v -0.026237420737743378 -0.009068428538739681 0.058891769498586655
v -0.026237420737743378 -0.009068428538739681 0.058891769498586655
v -0.026683270931243896 -0.0055779810063540936 0.060366690158843994
v -0.027972400188446045 0.001084565999917686 0.05855441093444824
v -0.027972400188446045 0.001084565999917686 0.05855441093444824
v -0.026683270931243896 -0.0055779810063540936 0.060366690158843994
v -0.027013950049877167 0.0023670790251344442 0.06040649861097336
v -0.027972400188446045 0.001084565999917686 0.05855441093444824
v -0.027013950049877167 0.0023670790251344442 0.06040649861097336
v -0.025597330182790756 0.010717679746448994 0.05861591920256615
v -0.025597330182790756 0.010717679746448994 0.05861591920256615
v -0.027013950049877167 0.0023670790251344442 0.06040649861097336
v -0.025049559772014618 0.010417640209197998 0.060269828885793686
v -0.025597330182790756 0.010717679746448994 0.05861591920256615
v -0.025049559772014618 0.010417640209197998 0.060269828885793686
v -0.021860530599951744 0.017155760899186134 0.058476150035858154
v -0.021860530599951744 0.017155760899186134 0.058476150035858154
v -0.025049559772014618 0.010417640209197998 0.060269828885793686
v -0.02042067050933838 0.017595579847693443 0.06025958061218262
v -0.0166583601385355 0.02128100022673607 0.05932438001036644
v -0.021860530599951744 0.017155760899186134 0.058476150035858154
v -0.02042067050933838 0.017595579847693443 0.06025958061218262
v -0.010859900154173374 0.02545893006026745 0.05852055177092552
v -0.0166583601385355 0.02128100022673607 0.05932438001036644
v -0.010637340135872364 0.024720480665564537 0.06036316975951195
v -0.010859900154173374 0.02545893006026745 0.05852055177092552
v -0.010637340135872364 0.024720480665564537 0.06036316975951195
v -0.003175795078277588 0.02663951925933361 0.06039135903120041
v -0.0010978570207953453 0.027737019583582878 0.05849719047546387
v -0.010859900154173374 0.02545893006026745 0.05852055177092552
v -0.003175795078277588 0.02663951925933361 0.06039135903120041
v -0.0010978570207953453 0.027737019583582878 0.05849719047546387
v -0.003175795078277588 0.02663951925933361 0.06039135903120041
v 0.002719700103625655 0.026738280430436134 0.06038748845458031
v 0.00083500100299716 -0.028004460036754608 0.1646842062473297
v -0.009677647612988949 -0.030094020068645477 0.16884170472621918
v -0.005804299842566252 -0.026920849457383156 0.1640298068523407
v -0.012327429838478565 -0.024456439539790154 0.16325560212135315
v -0.005804299842566252 -0.026920849457383156 0.1640298068523407
v -0.012438049539923668 -0.025020239874720573 0.16471639275550842
v -0.019879689440131187 -0.018960049375891685 0.16353070735931396
v -0.012327429838478565 -0.024456439539790154 0.16325560212135315
v -0.012438049539923668 -0.025020239874720573 0.16471639275550842
v -0.012438049539923668 -0.025020239874720573 0.16471639275550842
v -0.019111869856715202 -0.020706290379166603 0.16507549583911896
v -0.019879689440131187 -0.018960049375891685 0.16353070735931396
v -0.019111869856715202 -0.020706290379166603 0.16507549583911896
v -0.024278750643134117 -0.012630989775061607 0.16401199996471405
v -0.019879689440131187 -0.018960049375891685 0.16353070735931396
v -0.02642023004591465 -0.00672256899997592 0.16319559514522552
v -0.024278750643134117 -0.012630989775061607 0.16401199996471405
v -0.026227710768580437 -0.010049870237708092 0.1650979071855545
v -0.02642023004591465 -0.00672256899997592 0.16319559514522552
v -0.026227710768580437 -0.010049870237708092 0.1650979071855545
v -0.027688980102539062 -0.0031968350522220135 0.1650245040655136
v -0.027218099683523178 0.0015118119772523642 0.16414310038089752
v -0.02642023004591465 -0.00672256899997592 0.16319559514522552
v -0.027688980102539062 -0.0031968350522220135 0.1650245040655136
v -0.027688980102539062 -0.0031968350522220135 0.1650245040655136
v -0.03122520074248314 -0.003326714038848877 0.16896159946918488
v -0.027218099683523178 0.0015118119772523642 0.16414310038089752
v -0.021772319450974464 0.016084790229797363 0.16333000361919403
v -0.02449255995452404 0.01201688963919878 0.1644268035888672
v -0.021108319982886314 0.01793462038040161 0.16506020724773407
v -0.021772319450974464 0.016084790229797363 0.16333000361919403
v -0.021108319982886314 0.01793462038040161 0.16506020724773407
v -0.016229739412665367 0.02159350924193859 0.1641470044851303
v -0.016229739412665367 0.02159350924193859 0.1641470044851303
v -0.021114230155944824 0.02242475003004074 0.16830189526081085
v -0.010000219568610191 0.02590166963636875 0.16512219607830048
v -0.01162790972739458 0.024216890335083008 0.16324050724506378
v -0.016229739412665367 0.02159350924193859 0.1641470044851303
v -0.010000219568610191 0.02590166963636875 0.16512219607830048
v -0.005702971946448088 0.02632855996489525 0.16404779255390167
v -0.01162790972739458 0.024216890335083008 0.16324050724506378
v -0.010000219568610191 0.02590166963636875 0.16512219607830048
v -0.0010551209561526775 0.026804739609360695 0.1632373034954071
v -0.005702971946448088 0.02632855996489525 0.16404779255390167
v 0.0018630620324984193 0.02765786089003086 0.16516509652137756
v 0.0018630620324984193 0.02765786089003086 0.16516509652137756
v 0.004847108852118254 0.026436200365424156 0.16337330639362335
v -0.0010551209561526775 0.026804739609360695 0.1632373034954071
v 0.011030670255422592 0.028773240745067596 0.05506085976958275
v 0.01865856908261776 0.024854060262441635 0.05477308854460716
v 0.013616140000522137 0.028099890798330307 0.05390197038650513
v 0.011030670255422592 0.028773240745067596 0.05506085976958275
v 0.013616140000522137 0.028099890798330307 0.05390197038650513
v 0.012203989550471306 0.028915399685502052 0.05233817920088768
v 0.003514230018481612 0.030858030542731285 0.054754309356212616
v 0.011030670255422592 0.028773240745067596 0.05506085976958275
v 0.012203989550471306 0.028915399685502052 0.05233817920088768
v 0.001628934987820685 -0.03140848129987717 0.05493658035993576
v -0.00418043090030551 -0.03124069981276989 0.054849620908498764
v -0.0019530650461092591 -0.03183817118406296 0.05230987071990967
v 0.001628934987820685 -0.03140848129987717 0.05493658035993576
v -0.0019530650461092591 -0.03183817118406296 0.05230987071990967
v 0.004302262794226408 -0.03155779093503952 0.05232793092727661
v 0.0095787039026618 -0.030324280261993408 0.054012231528759
v 0.001628934987820685 -0.03140848129987717 0.05493658035993576
v 0.004302262794226408 -0.03155779093503952 0.05232793092727661
v 0.008500336669385433 -0.030100220814347267 0.055251769721508026
v 0.001628934987820685 -0.03140848129987717 0.05493658035993576
v 0.0095787039026618 -0.030324280261993408 0.054012231528759
v 0.01561610959470272 -0.02734535001218319 0.05494111031293869
v 0.008500336669385433 -0.030100220814347267 0.055251769721508026
v 0.0095787039026618 -0.030324280261993408 0.054012231528759
v 0.02142518013715744 -0.02323025092482567 0.05460381135344505
v 0.01561610959470272 -0.02734535001218319 0.05494111031293869
v 0.020845109596848488 -0.024355409666895866 0.05233436077833176
v 0.026106709614396095 -0.01750856079161167 0.05491834133863449
v 0.02142518013715744 -0.02323025092482567 0.05460381135344505
v 0.020845109596848488 -0.024355409666895866 0.05233436077833176
v 0.026106709614396095 -0.01750856079161167 0.05491834133863449
v 0.020845109596848488 -0.024355409666895866 0.05233436077833176
v 0.027843650430440903 -0.015418940223753452 0.0523562990128994
v 0.02912711910903454 -0.011482289992272854 0.05497092008590698
v 0.026106709614396095 -0.01750856079161167 0.05491834133863449
v 0.027843650430440903 -0.015418940223753452 0.0523562990128994
v 0.030330469831824303 -0.00846707820892334 0.05445206165313721
v 0.02912711910903454 -0.011482289992272854 0.05497092008590698
v 0.027843650430440903 -0.015418940223753452 0.0523562990128994
v 0.030330469831824303 -0.00846707820892334 0.05445206165313721
v 0.027843650430440903 -0.015418940223753452 0.0523562990128994
v 0.030951140448451042 -0.006591916084289551 0.05235087126493454
v 0.030330469831824303 -0.00846707820892334 0.05445206165313721
v 0.030643459409475327 -0.0031258459202945232 0.0555264912545681
v 0.02912711910903454 -0.011482289992272854 0.05497092008590698
v 0.031507961452007294 0.0017340179765596986 0.053805701434612274
v 0.030330469831824303 -0.00846707820892334 0.05445206165313721
v 0.030951140448451042 -0.006591916084289551 0.05235087126493454
v 0.030643459409475327 -0.0031258459202945232 0.0555264912545681
v 0.030330469831824303 -0.00846707820892334 0.05445206165313721
v 0.031507961452007294 0.0017340179765596986 0.053805701434612274
v 0.030773580074310303 0.003593086963519454 0.05517696961760521
v 0.030643459409475327 -0.0031258459202945232 0.0555264912545681
v 0.031507961452007294 0.0017340179765596986 0.053805701434612274
v 0.030773580074310303 0.003593086963519454 0.05517696961760521
v 0.031507961452007294 0.0017340179765596986 0.053805701434612274
v 0.029713980853557587 0.009798884391784668 0.054612331092357635
v 0.027228590101003647 0.01504743006080389 0.05487537011504173
v 0.029713980853557587 0.009798884391784668 0.054612331092357635
v 0.02899174951016903 0.01241855975240469 0.0523713193833828
v 0.006436407100409269 -0.031174300238490105 0.16944189369678497
v -0.0005187990027479827 -0.03163640946149826 0.16889449954032898
v 0.008602917194366455 -0.029938749969005585 0.16811250150203705
v 0.01478189043700695 -0.028016919270157814 0.16912929713726044
v 0.006436407100409269 -0.031174300238490105 0.16944189369678497
v 0.008602917194366455 -0.029938749969005585 0.16811250150203705
v 0.02102196030318737 -0.023267559707164764 0.16845330595970154
v 0.021882349625229836 -0.02323240041732788 0.17218069732189178
v 0.01478189043700695 -0.028016919270157814 0.16912929713726044
v 0.025469720363616943 -0.018639080226421356 0.16933280229568481
v 0.02102196030318737 -0.023267559707164764 0.16845330595970154
v 0.02191448025405407 -0.017573950812220573 0.16501779854297638
v 0.025469720363616943 -0.018639080226421356 0.16933280229568481
v 0.021882349625229836 -0.02323240041732788 0.17218069732189178
v 0.02102196030318737 -0.023267559707164764 0.16845330595970154
v 0.029011009261012077 -0.012313120067119598 0.1689371019601822
v 0.02191448025405407 -0.017573950812220573 0.16501779854297638
v 0.024907520040869713 -0.012941529974341393 0.16511030495166779
v 0.029011009261012077 -0.012313120067119598 0.1689371019601822
v 0.025469720363616943 -0.018639080226421356 0.16933280229568481
v 0.02191448025405407 -0.017573950812220573 0.16501779854297638
v 0.029011009261012077 -0.012313120067119598 0.1689371019601822
v 0.02902960032224655 -0.013234550133347511 0.1721958965063095
v 0.025469720363616943 -0.018639080226421356 0.16933280229568481
v 0.030933549627661705 -0.005563855171203613 0.16908380389213562
v 0.029011009261012077 -0.012313120067119598 0.1689371019601822
v 0.027409549802541733 -0.005734800826758146 0.16507740318775177
v 0.03136485069990158 0.0009505450143478811 0.16892360150814056
v 0.030439309775829315 0.006957888137549162 0.1688338965177536
v 0.030383050441741943 0.008790791034698486 0.17218390107154846
v 0.02830922044813633 0.013194729574024677 0.16892150044441223
v 0.026876380667090416 0.010159369558095932 0.16613170504570007
v 0.024824440479278564 0.010993540287017822 0.1640762984752655
v 0.02830922044813633 0.013194729574024677 0.16892150044441223
v 0.030383050441741943 0.008790791034698486 0.17218390107154846
v 0.030439309775829315 0.006957888137549162 0.1688338965177536
v 0.02402614988386631 0.01977086067199707 0.16879500448703766
v 0.02830922044813633 0.013194729574024677 0.16892150044441223
v 0.024824440479278564 0.010993540287017822 0.1640762984752655
v 0.02402614988386631 0.01977086067199707 0.16879500448703766
v 0.024824440479278564 0.010993540287017822 0.1640762984752655
v 0.02142453007400036 0.01752334088087082 0.164962500333786
v 0.02830922044813633 0.013194729574024677 0.16892150044441223
v 0.02402614988386631 0.01977086067199707 0.16879500448703766
v 0.026902729645371437 0.016234150156378746 0.1721906065940857
v 0.011733939871191978 0.028681209310889244 0.16866180300712585
v 0.02037500962615013 0.02355659008026123 0.16903230547904968
v 0.016278140246868134 0.022366879507899284 0.16508740186691284
v 0.015962060540914536 0.02683310955762863 0.16963690519332886
v 0.02037500962615013 0.02355659008026123 0.16903230547904968
v 0.011733939871191978 0.028681209310889244 0.16866180300712585
v 0.006693481933325529 0.030477939173579216 0.16974279284477234
v 0.011733939871191978 0.028681209310889244 0.16866180300712585
v 0.0031615491025149822 0.03059661015868187 0.16846820712089539
v -0.0005187990027479827 -0.03163640946149826 0.16889449954032898
v 0.006436407100409269 -0.031174300238490105 0.16944189369678497
v 0.002799272071570158 -0.03183215111494064 0.1721944957971573
v -0.0005187990027479827 -0.03163640946149826 0.16889449954032898
v 0.002799272071570158 -0.03183215111494064 0.1721944957971573
v -0.00482672406360507 -0.031494200229644775 0.17218950390815735
v 0.030933549627661705 -0.005563855171203613 0.16908380389213562
v 0.03136485069990158 0.0009505450143478811 0.16892360150814056
v 0.03164058178663254 -0.0008485610014759004 0.17219699919223785
v 0.006693481933325529 0.030477939173579216 0.16974279284477234
v 0.004268050193786621 0.030987560749053955 0.17219999432563782
v 0.012941120192408562 0.028549790382385254 0.17219969630241394
v 0.030933549627661705 -0.005563855171203613 0.16908380389213562
v 0.03164058178663254 -0.0008485610014759004 0.17219699919223785
v 0.02902960032224655 -0.013234550133347511 0.1721958965063095
v 0.029011009261012077 -0.012313120067119598 0.1689371019601822
v 0.030933549627661705 -0.005563855171203613 0.16908380389213562
v 0.02902960032224655 -0.013234550133347511 0.1721958965063095
v 0.011733939871191978 0.028681209310889244 0.16866180300712585
v 0.006693481933325529 0.030477939173579216 0.16974279284477234
v 0.012941120192408562 0.028549790382385254 0.17219969630241394
v 0.015962060540914536 0.02683310955762863 0.16963690519332886
v 0.011733939871191978 0.028681209310889244 0.16866180300712585
v 0.012941120192408562 0.028549790382385254 0.17219969630241394
v 0.015962060540914536 0.02683310955762863 0.16963690519332886
v 0.012941120192408562 0.028549790382385254 0.17219969630241394
v 0.02190892957150936 0.022567570209503174 0.17220009863376617
v 0.025469720363616943 -0.018639080226421356 0.16933280229568481
v 0.02902960032224655 -0.013234550133347511 0.1721958965063095
v 0.021882349625229836 -0.02323240041732788 0.17218069732189178
v 0.02037500962615013 0.02355659008026123 0.16903230547904968
v 0.015962060540914536 0.02683310955762863 0.16963690519332886
v 0.02190892957150936 0.022567570209503174 0.17220009863376617
v 0.02402614988386631 0.01977086067199707 0.16879500448703766
v 0.02037500962615013 0.02355659008026123 0.16903230547904968
v 0.02190892957150936 0.022567570209503174 0.17220009863376617
v 0.02402614988386631 0.01977086067199707 0.16879500448703766
v 0.02190892957150936 0.022567570209503174 0.17220009863376617
v 0.026902729645371437 0.016234150156378746 0.1721906065940857
v 0.01478189043700695 -0.028016919270157814 0.16912929713726044
v 0.021882349625229836 -0.02323240041732788 0.17218069732189178
v 0.013099960051476955 -0.029158469289541245 0.1721998006105423
v 0.02830922044813633 0.013194729574024677 0.16892150044441223
v 0.026902729645371437 0.016234150156378746 0.1721906065940857
v 0.030383050441741943 0.008790791034698486 0.17218390107154846
v 0.006436407100409269 -0.031174300238490105 0.16944189369678497
v 0.01478189043700695 -0.028016919270157814 0.16912929713726044
v 0.013099960051476955 -0.029158469289541245 0.1721998006105423
v 0.006436407100409269 -0.031174300238490105 0.16944189369678497
v 0.013099960051476955 -0.029158469289541245 0.1721998006105423
v 0.002799272071570158 -0.03183215111494064 0.1721944957971573
v 0.03136485069990158 0.0009505450143478811 0.16892360150814056
v 0.030383050441741943 0.008790791034698486 0.17218390107154846
v 0.03164058178663254 -0.0008485610014759004 0.17219699919223785
v 0.03136485069990158 0.0009505450143478811 0.16892360150814056
v 0.030933549627661705 -0.005563855171203613 0.16908380389213562
v 0.027409549802541733 -0.005734800826758146 0.16507740318775177
v 0.03136485069990158 0.0009505450143478811 0.16892360150814056
v 0.027409549802541733 -0.005734800826758146 0.16507740318775177
v 0.02769947052001953 0.00048161999438889325 0.1648194044828415
v 0.030439309775829315 0.006957888137549162 0.1688338965177536
v 0.02769947052001953 0.00048161999438889325 0.1648194044828415
v 0.02660346031188965 0.005643010139465332 0.1641453057527542
v 0.030439309775829315 0.006957888137549162 0.1688338965177536
v 0.03136485069990158 0.0009505450143478811 0.16892360150814056
v 0.02769947052001953 0.00048161999438889325 0.1648194044828415
v -0.0005187990027479827 -0.03163640946149826 0.16889449954032898
v -0.004556416999548674 -0.030780430883169174 0.16818879544734955
v 0.00083500100299716 -0.028004460036754608 0.1646842062473297
v 0.030439309775829315 0.006957888137549162 0.1688338965177536
v 0.02660346031188965 0.005643010139465332 0.1641453057527542
v 0.026876380667090416 0.010159369558095932 0.16613170504570007
v -0.0005187990027479827 -0.03163640946149826 0.16889449954032898
v 0.00083500100299716 -0.028004460036754608 0.1646842062473297
v 0.008602917194366455 -0.029938749969005585 0.16811250150203705
v 0.02830922044813633 0.013194729574024677 0.16892150044441223
v 0.030439309775829315 0.006957888137549162 0.1688338965177536
v 0.026876380667090416 0.010159369558095932 0.16613170504570007
v 0.01478189043700695 -0.028016919270157814 0.16912929713726044
v 0.008067846298217773 -0.026627300307154655 0.16457979381084442
v 0.012933489866554737 -0.024334780871868134 0.16417670249938965
v 0.01478189043700695 -0.028016919270157814 0.16912929713726044
v 0.008602917194366455 -0.029938749969005585 0.16811250150203705
v 0.008067846298217773 -0.026627300307154655 0.16457979381084442
v 0.02102196030318737 -0.023267559707164764 0.16845330595970154
v 0.01478189043700695 -0.028016919270157814 0.16912929713726044
v 0.012933489866554737 -0.024334780871868134 0.16417670249938965
v 0.02102196030318737 -0.023267559707164764 0.16845330595970154
v 0.012933489866554737 -0.024334780871868134 0.16417670249938965
v 0.017424939200282097 -0.02130918949842453 0.16423630714416504
v 0.02037500962615013 0.02355659008026123 0.16903230547904968
v 0.02402614988386631 0.01977086067199707 0.16879500448703766
v 0.02142453007400036 0.01752334088087082 0.164962500333786
v 0.02037500962615013 0.02355659008026123 0.16903230547904968
v 0.02142453007400036 0.01752334088087082 0.164962500333786
v 0.016278140246868134 0.022366879507899284 0.16508740186691284
v 0.011733939871191978 0.028681209310889244 0.16866180300712585
v 0.016278140246868134 0.022366879507899284 0.16508740186691284
v 0.009982346557080746 0.025100290775299072 0.164096400141716
v 0.02102196030318737 -0.023267559707164764 0.16845330595970154
v 0.017424939200282097 -0.02130918949842453 0.16423630714416504
v 0.02191448025405407 -0.017573950812220573 0.16501779854297638
v 0.0031615491025149822 0.03059661015868187 0.16846820712089539
v 0.011733939871191978 0.028681209310889244 0.16866180300712585
v 0.0018630620324984193 0.02765786089003086 0.16516509652137756
v 0.029011009261012077 -0.012313120067119598 0.1689371019601822
v 0.024907520040869713 -0.012941529974341393 0.16511030495166779
v 0.027409549802541733 -0.005734800826758146 0.16507740318775177
v 0.026370100677013397 -0.0071489810943603516 0.060033198446035385
v 0.027074690908193588 -0.002521455055102706 0.16317340731620789
v 0.025813810527324677 -0.008640587329864502 0.16323569416999817
v 0.026370100677013397 -0.0071489810943603516 0.060033198446035385
v 0.027124999091029167 0.00157678104005754 0.060404710471630096
v 0.027074690908193588 -0.002521455055102706 0.16317340731620789
v 0.024470800533890724 -0.012427560053765774 0.05934302881360054
v 0.026370100677013397 -0.0071489810943603516 0.060033198446035385
v 0.025813810527324677 -0.008640587329864502 0.16323569416999817
v 0.024470800533890724 -0.012427560053765774 0.05934302881360054
v 0.025813810527324677 -0.008640587329864502 0.16323569416999817
v 0.022592119872570038 -0.01543235033750534 0.163236603140831
v 0.01148718036711216 0.02445143088698387 0.059403058141469955
v 0.004847108852118254 0.026436200365424156 0.16337330639362335
v 0.009982346557080746 0.025100290775299072 0.164096400141716
v 0.01148718036711216 0.02445143088698387 0.059403058141469955
v 0.002719700103625655 0.026738280430436134 0.06038748845458031
v 0.004847108852118254 0.026436200365424156 0.16337330639362335
v 0.02096807025372982 -0.017894139513373375 0.05934416875243187
v 0.024470800533890724 -0.012427560053765774 0.05934302881360054
v 0.022592119872570038 -0.01543235033750534 0.163236603140831
v 0.01148718036711216 0.02445143088698387 0.059403058141469955
v 0.009982346557080746 0.025100290775299072 0.164096400141716
v 0.016755640506744385 0.021101830527186394 0.16325969994068146
v 0.017250770702958107 0.020945420488715172 0.05937664955854416
v 0.01148718036711216 0.02445143088698387 0.059403058141469955
v 0.016755640506744385 0.021101830527186394 0.16325969994068146
v 0.01898247003555298 -0.019659750163555145 0.06034183129668236
v 0.022592119872570038 -0.01543235033750534 0.163236603140831
v 0.017424939200282097 -0.02130918949842453 0.16423630714416504
v 0.01898247003555298 -0.019659750163555145 0.06034183129668236
v 0.02096807025372982 -0.017894139513373375 0.05934416875243187
v 0.022592119872570038 -0.01543235033750534 0.163236603140831
v 0.020099930465221405 0.017919709905982018 0.060557179152965546
v 0.016755640506744385 0.021101830527186394 0.16325969994068146
v 0.021832579746842384 0.01589350961148739 0.16334110498428345
v 0.020099930465221405 0.017919709905982018 0.060557179152965546
v 0.017250770702958107 0.020945420488715172 0.05937664955854416
v 0.016755640506744385 0.021101830527186394 0.16325969994068146
v 0.015564680099487305 -0.022732790559530258 0.05928713083267212
v 0.01898247003555298 -0.019659750163555145 0.06034183129668236
v 0.017424939200282097 -0.02130918949842453 0.16423630714416504
v 0.015564680099487305 -0.022732790559530258 0.05928713083267212
v 0.017424939200282097 -0.02130918949842453 0.16423630714416504
v 0.012933489866554737 -0.024334780871868134 0.16417670249938965
v 0.01030552014708519 -0.025448620319366455 0.06030451878905296
v 0.015564680099487305 -0.022732790559530258 0.05928713083267212
v 0.012933489866554737 -0.024334780871868134 0.16417670249938965
v 0.023467829450964928 0.01326667983084917 0.06035244092345238
v 0.020099930465221405 0.017919709905982018 0.060557179152965546
v 0.021832579746842384 0.01589350961148739 0.16334110498428345
v 0.023467829450964928 0.01326667983084917 0.06035244092345238
v 0.021832579746842384 0.01589350961148739 0.16334110498428345
v 0.024824440479278564 0.010993540287017822 0.1640762984752655
v 0.01030552014708519 -0.025448620319366455 0.06030451878905296
v 0.012933489866554737 -0.024334780871868134 0.16417670249938965
v 0.0030200479086488485 -0.027377119287848473 0.1635037064552307
v 0.025706879794597626 0.008753894828259945 0.05959516018629074
v 0.023467829450964928 0.01326667983084917 0.06035244092345238
v 0.024824440479278564 0.010993540287017822 0.1640762984752655
v 0.025706879794597626 0.008753894828259945 0.05959516018629074
v 0.024824440479278564 0.010993540287017822 0.1640762984752655
v 0.02660346031188965 0.005643010139465332 0.1641453057527542
v 0.0031387200579047203 -0.027414729818701744 0.05937521904706955
v 0.01030552014708519 -0.025448620319366455 0.06030451878905296
v 0.0030200479086488485 -0.027377119287848473 0.1635037064552307
v 0.027124999091029167 0.00157678104005754 0.060404710471630096
v 0.025706879794597626 0.008753894828259945 0.05959516018629074
v 0.02660346031188965 0.005643010139465332 0.1641453057527542
v -0.002545594936236739 -0.027320679277181625 0.060376159846782684
v 0.0031387200579047203 -0.027414729818701744 0.05937521904706955
v 0.0030200479086488485 -0.027377119287848473 0.1635037064552307
v 0.027124999091029167 0.00157678104005754 0.060404710471630096
v 0.02660346031188965 0.005643010139465332 0.1641453057527542
v 0.027074690908193588 -0.002521455055102706 0.16317340731620789
v -0.002545594936236739 -0.027320679277181625 0.060376159846782684
v 0.0030200479086488485 -0.027377119287848473 0.1635037064552307
v -0.005804299842566252 -0.026920849457383156 0.1640298068523407
v 0.02912711910903454 -0.011482289992272854 0.05497092008590698
v 0.027631279081106186 -0.005162239074707031 0.058379411697387695
v 0.024470800533890724 -0.012427560053765774 0.05934302881360054
v 0.02912711910903454 -0.011482289992272854 0.05497092008590698
v 0.030643459409475327 -0.0031258459202945232 0.0555264912545681
v 0.027631279081106186 -0.005162239074707031 0.058379411697387695
v 0.026106709614396095 -0.01750856079161167 0.05491834133863449
v 0.02912711910903454 -0.011482289992272854 0.05497092008590698
v 0.024470800533890724 -0.012427560053765774 0.05934302881360054
v 0.011030670255422592 0.028773240745067596 0.05506085976958275
v 0.003514230018481612 0.030858030542731285 0.054754309356212616
v 0.007210909854620695 0.026251429691910744 0.059039048850536346
v 0.026106709614396095 -0.01750856079161167 0.05491834133863449
v 0.024470800533890724 -0.012427560053765774 0.05934302881360054
v 0.02096807025372982 -0.017894139513373375 0.05934416875243187
v 0.011030670255422592 0.028773240745067596 0.05506085976958275
v 0.007210909854620695 0.026251429691910744 0.059039048850536346
v 0.01148718036711216 0.02445143088698387 0.059403058141469955
v 0.01865856908261776 0.024854060262441635 0.05477308854460716
v 0.011030670255422592 0.028773240745067596 0.05506085976958275
v 0.01148718036711216 0.02445143088698387 0.059403058141469955
v 0.01561610959470272 -0.02734535001218319 0.05494111031293869
v 0.02142518013715744 -0.02323025092482567 0.05460381135344505
v 0.015564680099487305 -0.022732790559530258 0.05928713083267212
v 0.023347070440649986 0.020628979429602623 0.05472135171294212
v 0.01865856908261776 0.024854060262441635 0.05477308854460716
v 0.017250770702958107 0.020945420488715172 0.05937664955854416
v 0.023347070440649986 0.020628979429602623 0.05472135171294212
v 0.017250770702958107 0.020945420488715172 0.05937664955854416
v 0.02277028001844883 0.015854710713028908 0.05848376825451851
v 0.01561610959470272 -0.02734535001218319 0.05494111031293869
v 0.015564680099487305 -0.022732790559530258 0.05928713083267212
v 0.010631140321493149 -0.026151230558753014 0.058491941541433334
v 0.027228590101003647 0.01504743006080389 0.05487537011504173
v 0.02277028001844883 0.015854710713028908 0.05848376825451851
v 0.025706879794597626 0.008753894828259945 0.05959516018629074
v 0.027228590101003647 0.01504743006080389 0.05487537011504173
v 0.023347070440649986 0.020628979429602623 0.05472135171294212
v 0.02277028001844883 0.015854710713028908 0.05848376825451851
v 0.008500336669385433 -0.030100220814347267 0.055251769721508026
v 0.01561610959470272 -0.02734535001218319 0.05494111031293869
v 0.010631140321493149 -0.026151230558753014 0.058491941541433334
v 0.008500336669385433 -0.030100220814347267 0.055251769721508026
v 0.010631140321493149 -0.026151230558753014 0.058491941541433334
v 0.0031387200579047203 -0.027414729818701744 0.05937521904706955
v 0.029713980853557587 0.009798884391784668 0.054612331092357635
v 0.027228590101003647 0.01504743006080389 0.05487537011504173
v 0.025706879794597626 0.008753894828259945 0.05959516018629074
v 0.001628934987820685 -0.03140848129987717 0.05493658035993576
v 0.008500336669385433 -0.030100220814347267 0.055251769721508026
v 0.0031387200579047203 -0.027414729818701744 0.05937521904706955
v 0.001628934987820685 -0.03140848129987717 0.05493658035993576
v 0.0031387200579047203 -0.027414729818701744 0.05937521904706955
v -0.0015381569974124432 -0.028153710067272186 0.058521028608083725
v 0.029713980853557587 0.009798884391784668 0.054612331092357635
v 0.025706879794597626 0.008753894828259945 0.05959516018629074
v 0.030773580074310303 0.003593086963519454 0.05517696961760521
v -0.00418043090030551 -0.03124069981276989 0.054849620908498764
v 0.001628934987820685 -0.03140848129987717 0.05493658035993576
v -0.0015381569974124432 -0.028153710067272186 0.058521028608083725
v 0.030643459409475327 -0.0031258459202945232 0.0555264912545681
v 0.030773580074310303 0.003593086963519454 0.05517696961760521
v 0.02784395031630993 0.001075624953955412 0.058524779975414276
v 0.030643459409475327 -0.0031258459202945232 0.0555264912545681
v 0.02784395031630993 0.001075624953955412 0.058524779975414276
v 0.027631279081106186 -0.005162239074707031 0.058379411697387695
v 0.031562380492687225 0.0010830160463228822 0.052358150482177734
v 0.031507961452007294 0.0017340179765596986 0.053805701434612274
v 0.030951140448451042 -0.006591916084289551 0.05235087126493454
v 0.006431579124182463 0.03051990084350109 0.05238401144742966
v 0.003514230018481612 0.030858030542731285 0.054754309356212616
v 0.012203989550471306 0.028915399685502052 0.05233817920088768
v 0.012203989550471306 0.028915399685502052 0.05233817920088768
v 0.013616140000522137 0.028099890798330307 0.05390197038650513
v 0.01865856908261776 0.024854060262441635 0.05477308854460716
v 0.0221097394824028 0.022327600046992302 0.052373290061950684
v 0.012203989550471306 0.028915399685502052 0.05233817920088768
v 0.01865856908261776 0.024854060262441635 0.05477308854460716
v 0.0221097394824028 0.022327600046992302 0.052373290061950684
v 0.01865856908261776 0.024854060262441635 0.05477308854460716
v 0.023347070440649986 0.020628979429602623 0.05472135171294212
v 0.0221097394824028 0.022327600046992302 0.052373290061950684
v 0.023347070440649986 0.020628979429602623 0.05472135171294212
v 0.027228590101003647 0.01504743006080389 0.05487537011504173
v 0.02899174951016903 0.01241855975240469 0.0523713193833828
v 0.0221097394824028 0.022327600046992302 0.052373290061950684
v 0.027228590101003647 0.01504743006080389 0.05487537011504173
v 0.009662926197052002 -0.030373509973287582 0.05236523970961571
v 0.020845109596848488 -0.024355409666895866 0.05233436077833176
v 0.01561610959470272 -0.02734535001218319 0.05494111031293869
v 0.009662926197052002 -0.030373509973287582 0.05236523970961571
v 0.01561610959470272 -0.02734535001218319 0.05494111031293869
v 0.0095787039026618 -0.030324280261993408 0.054012231528759
v 0.02899174951016903 0.01241855975240469 0.0523713193833828
v 0.029713980853557587 0.009798884391784668 0.054612331092357635
v 0.031507961452007294 0.0017340179765596986 0.053805701434612274
v 0.009662926197052002 -0.030373509973287582 0.05236523970961571
v 0.0095787039026618 -0.030324280261993408 0.054012231528759
v 0.004302262794226408 -0.03155779093503952 0.05232793092727661
v 0.031562380492687225 0.0010830160463228822 0.052358150482177734
v 0.02899174951016903 0.01241855975240469 0.0523713193833828
v 0.031507961452007294 0.0017340179765596986 0.053805701434612274
v -0.031517259776592255 -0.0028076169546693563 0.05240296944975853
v -0.030933020636439323 0.00609540892764926 0.05233556032180786
v -0.030579030513763428 -0.00011092399654444307 0.052174270153045654
v -0.030579030513763428 -0.00011092399654444307 0.052174270153045654
v -0.030933020636439323 0.00609540892764926 0.05233556032180786
v -0.029956869781017303 0.0058442349545657635 0.052237268537282944
v -0.029956869781017303 0.0058442349545657635 0.052237268537282944
v -0.029835820198059082 0.010448750108480453 0.05234353989362717
v -0.02848106063902378 0.01089887972921133 0.05225669965147972
v -0.024607179686427116 0.01790766976773739 0.052233628928661346
v -0.02848106063902378 0.01089887972921133 0.05225669965147972
v -0.026441089808940887 0.015151670202612877 0.052270710468292236
v -0.026441089808940887 0.015151670202612877 0.052270710468292236
v -0.024889400228857994 0.019055720418691635 0.052319999784231186
v -0.024607179686427116 0.01790766976773739 0.052233628928661346
v -0.021123170852661133 0.02175986021757126 0.05218213051557541
v -0.024607179686427116 0.01790766976773739 0.052233628928661346
v -0.016822390258312225 0.025234630331397057 0.05220383033156395
v -0.016822390258312225 0.025234630331397057 0.05220383033156395
v -0.024607179686427116 0.01790766976773739 0.052233628928661346
v -0.024889400228857994 0.019055720418691635 0.052319999784231186
v -0.024889400228857994 0.019055720418691635 0.052319999784231186
v -0.021609900519251823 0.02272278070449829 0.05232495069503784
v -0.016822390258312225 0.025234630331397057 0.05220383033156395
v -0.021609900519251823 0.02272278070449829 0.05232495069503784
v -0.017448240891098976 0.02616667002439499 0.05236523970961571
v -0.011065839789807796 0.02821986936032772 0.05222171172499657
v -0.016822390258312225 0.025234630331397057 0.05220383033156395
v -0.021609900519251823 0.02272278070449829 0.05232495069503784
v -0.011065839789807796 0.02821986936032772 0.05222171172499657
v 0.004302262794226408 -0.03155779093503952 0.05232793092727661
v -0.010177070274949074 -0.03019160032272339 0.052331678569316864
v -0.0035837290342897177 -0.03063422068953514 0.052207108587026596
v -0.010177070274949074 -0.03019160032272339 0.052331678569316864
v -0.016137419268488884 -0.026374099776148796 0.05223577842116356
v -0.00883793830871582 -0.029584050178527832 0.05223165825009346
v -0.0035837290342897177 -0.03063422068953514 0.052207108587026596
v -0.010177070274949074 -0.03019160032272339 0.052331678569316864
v -0.00883793830871582 -0.029584050178527832 0.05223165825009346
v -0.017448240891098976 0.02616667002439499 0.05236523970961571
v -0.007598698139190674 0.03040808066725731 0.05247968062758446
v -0.011065839789807796 0.02821986936032772 0.05222171172499657
v -0.011065839789807796 0.02821986936032772 0.05222171172499657
v -0.007598698139190674 0.03040808066725731 0.05247968062758446
v -0.004178345203399658 0.030043000355362892 0.0522681400179863
v -0.010177070274949074 -0.03019160032272339 0.052331678569316864
v -0.018013060092926025 -0.02621917985379696 0.05232470855116844
v -0.016137419268488884 -0.026374099776148796 0.05223577842116356
v -0.004178345203399658 0.030043000355362892 0.0522681400179863
v -0.007598698139190674 0.03040808066725731 0.05247968062758446
v -0.0035958290100097656 0.031140560284256935 0.052400171756744385
v 0.000795588013716042 0.03034793958067894 0.05224829167127609
v -0.004178345203399658 0.030043000355362892 0.0522681400179863
v -0.0035958290100097656 0.031140560284256935 0.052400171756744385
v 0.005108534824103117 0.029842549934983253 0.052157700061798096
v -0.004178345203399658 0.030043000355362892 0.0522681400179863
v 0.000795588013716042 0.03034793958067894 0.05224829167127609
v -0.026732800528407097 -0.015156139619648457 0.052253179252147675
v -0.02292959950864315 -0.020606450736522675 0.05223548039793968
v -0.02608983963727951 -0.018272509798407555 0.05241047963500023
v -0.026732800528407097 -0.015156139619648457 0.052253179252147675
v -0.030284399166703224 -0.009392619132995605 0.05234307050704956
v -0.02959858998656273 -0.008422434329986572 0.05225092172622681
v -0.030284399166703224 -0.009392619132995605 0.05234307050704956
v -0.031517259776592255 -0.0028076169546693563 0.05240296944975853
v -0.02959858998656273 -0.008422434329986572 0.05225092172622681
v -0.02959858998656273 -0.008422434329986572 0.05225092172622681
v -0.031517259776592255 -0.0028076169546693563 0.05240296944975853
v -0.030579030513763428 -0.00011092399654444307 0.052174270153045654
v 0.030542610213160515 0.0019001959590241313 0.04580003023147583
v 0.02997099980711937 0.0061171650886535645 0.05224651098251343
v 0.030549580231308937 -0.0021209120750427246 0.05224071815609932
v 0.0015202159993350506 -0.030877230688929558 0.045799970626831055
v 0.002774894004687667 -0.030826330184936523 0.052236080169677734
v -0.0035837290342897177 -0.03063422068953514 0.052207108587026596
v -0.009200035594403744 -0.02957426942884922 0.04580007866024971
v 0.0015202159993350506 -0.030877230688929558 0.045799970626831055
v -0.0035837290342897177 -0.03063422068953514 0.052207108587026596
v 0.029727930203080177 -0.007643163204193115 0.04579991102218628
v 0.030542610213160515 0.0019001959590241313 0.04580003023147583
v 0.030549580231308937 -0.0021209120750427246 0.05224071815609932
v 0.0053479671478271484 0.029972370713949203 0.045799970626831055
v 0.005108534824103117 0.029842549934983253 0.052157700061798096
v 0.010441780090332031 0.028402680531144142 0.05218439921736717
v 0.029727930203080177 -0.007643163204193115 0.04579991102218628
v 0.030549580231308937 -0.0021209120750427246 0.05224071815609932
v 0.029579520225524902 -0.007970868609845638 0.05222880095243454
v 0.01617198996245861 0.02569698914885521 0.04580061882734299
v 0.010441780090332031 0.028402680531144142 0.05218439921736717
v 0.015724889934062958 0.02594643086194992 0.05223459005355835
v 0.029727930203080177 -0.007643163204193115 0.04579991102218628
v 0.029579520225524902 -0.007970868609845638 0.05222880095243454
v 0.027370920404791832 -0.013968279585242271 0.052194949239492416
v 0.01617198996245861 0.02569698914885521 0.04580061882734299
v 0.0053479671478271484 0.029972370713949203 0.045799970626831055
v 0.010441780090332031 0.028402680531144142 0.05218439921736717
v 0.02541803941130638 -0.01749885082244873 0.04579954966902733
v 0.029727930203080177 -0.007643163204193115 0.04579991102218628
v 0.027370920404791832 -0.013968279585242271 0.052194949239492416
v 0.01617198996245861 0.02569698914885521 0.04580061882734299
v 0.015724889934062958 0.02594643086194992 0.05223459005355835
v 0.020881889387965202 0.022000430151820183 0.052183620631694794
v 0.02541803941130638 -0.01749885082244873 0.04579954966902733
v 0.027370920404791832 -0.013968279585242271 0.052194949239492416
v 0.022954100742936134 -0.020601389929652214 0.05224841088056564
v 0.02341580018401146 0.0194279495626688 0.045798420906066895
v 0.01617198996245861 0.02569698914885521 0.04580061882734299
v 0.020881889387965202 0.022000430151820183 0.052183620631694794
v 0.02341580018401146 0.0194279495626688 0.045798420906066895
v 0.020881889387965202 0.022000430151820183 0.052183620631694794
v 0.023865869268774986 0.01874958910048008 0.052145540714263916
v 0.01756870001554489 -0.02540021948516369 0.04580080136656761
v 0.02541803941130638 -0.01749885082244873 0.04579954966902733
v 0.022954100742936134 -0.020601389929652214 0.05224841088056564
v 0.01756870001554489 -0.02540021948516369 0.04580080136656761
v 0.022954100742936134 -0.020601389929652214 0.05224841088056564
v 0.017697149887681007 -0.025228500366210938 0.05220574140548706
v 0.02341580018401146 0.0194279495626688 0.045798420906066895
v 0.023865869268774986 0.01874958910048008 0.052145540714263916
v 0.02729398012161255 0.013562380336225033 0.05223916843533516
v 0.028367450460791588 0.011228499934077263 0.045800138264894485
v 0.02341580018401146 0.0194279495626688 0.045798420906066895
v 0.02729398012161255 0.013562380336225033 0.05223916843533516
v 0.01756870001554489 -0.02540021948516369 0.04580080136656761
v 0.017697149887681007 -0.025228500366210938 0.05220574140548706
v 0.0112568698823452 -0.028799349442124367 0.05225067958235741
v 0.009785175323486328 -0.029252169653773308 0.04580020159482956
v 0.01756870001554489 -0.02540021948516369 0.04580080136656761
v 0.0112568698823452 -0.028799349442124367 0.05225067958235741
v 0.028367450460791588 0.011228499934077263 0.045800138264894485
v 0.02729398012161255 0.013562380336225033 0.05223916843533516
v 0.02997099980711937 0.0061171650886535645 0.05224651098251343
v 0.009785175323486328 -0.029252169653773308 0.04580020159482956
v 0.0112568698823452 -0.028799349442124367 0.05225067958235741
v 0.002774894004687667 -0.030826330184936523 0.052236080169677734
v 0.030542610213160515 0.0019001959590241313 0.04580003023147583
v 0.028367450460791588 0.011228499934077263 0.045800138264894485
v 0.02997099980711937 0.0061171650886535645 0.05224651098251343
v 0.0015202159993350506 -0.030877230688929558 0.045799970626831055
v 0.009785175323486328 -0.029252169653773308 0.04580020159482956
v 0.002774894004687667 -0.030826330184936523 0.052236080169677734
v -0.030618010088801384 0.0014466639840975404 0.045799970626831055
v -0.030579030513763428 -0.00011092399654444307 0.052174270153045654
v -0.029956869781017303 0.0058442349545657635 0.052237268537282944
v -0.009200035594403744 -0.02957426942884922 0.04580007866024971
v -0.0035837290342897177 -0.03063422068953514 0.052207108587026596
v -0.00883793830871582 -0.029584050178527832 0.05223165825009346
v -0.027664119377732277 0.013049719855189323 0.04580003023147583
v -0.029956869781017303 0.0058442349545657635 0.052237268537282944
v -0.02848106063902378 0.01089887972921133 0.05225669965147972
v -0.027664119377732277 0.013049719855189323 0.04580003023147583
v -0.030618010088801384 0.0014466639840975404 0.045799970626831055
v -0.029956869781017303 0.0058442349545657635 0.052237268537282944
v -0.009200035594403744 -0.02957426942884922 0.04580007866024971
v -0.00883793830871582 -0.029584050178527832 0.05223165825009346
v -0.016137419268488884 -0.026374099776148796 0.05223577842116356
v -0.027664119377732277 0.013049719855189323 0.04580003023147583
v -0.02848106063902378 0.01089887972921133 0.05225669965147972
v -0.024607179686427116 0.01790766976773739 0.052233628928661346
v -0.01870678924024105 -0.024538090452551842 0.045798949897289276
v -0.009200035594403744 -0.02957426942884922 0.04580007866024971
v -0.016137419268488884 -0.026374099776148796 0.05223577842116356
v -0.01927964948117733 0.023685330525040627 0.04580020159482956
v -0.027664119377732277 0.013049719855189323 0.04580003023147583
v -0.024607179686427116 0.01790766976773739 0.052233628928661346
v -0.01870678924024105 -0.024538090452551842 0.045798949897289276
v -0.016137419268488884 -0.026374099776148796 0.05223577842116356
v -0.02292959950864315 -0.020606450736522675 0.05223548039793968
v -0.01927964948117733 0.023685330525040627 0.04580020159482956
v -0.024607179686427116 0.01790766976773739 0.052233628928661346
v -0.021123170852661133 0.02175986021757126 0.05218213051557541
v -0.02528280019760132 -0.01757257990539074 0.04580080136656761
v -0.01870678924024105 -0.024538090452551842 0.045798949897289276
v -0.02292959950864315 -0.020606450736522675 0.05223548039793968
v -0.01927964948117733 0.023685330525040627 0.04580020159482956
v -0.021123170852661133 0.02175986021757126 0.05218213051557541
v -0.016822390258312225 0.025234630331397057 0.05220383033156395
v -0.02528280019760132 -0.01757257990539074 0.04580080136656761
v -0.02292959950864315 -0.020606450736522675 0.05223548039793968
v -0.026732800528407097 -0.015156139619648457 0.052253179252147675
v -0.01927964948117733 0.023685330525040627 0.04580020159482956
v -0.016822390258312225 0.025234630331397057 0.05220383033156395
v -0.011065839789807796 0.02821986936032772 0.05222171172499657
v -0.007454872131347656 0.029465729370713234 0.045799970626831055
v -0.01927964948117733 0.023685330525040627 0.04580020159482956
v -0.011065839789807796 0.02821986936032772 0.05222171172499657
v -0.029384009540081024 -0.008916199207305908 0.04579979181289673
v -0.026732800528407097 -0.015156139619648457 0.052253179252147675
v -0.02959858998656273 -0.008422434329986572 0.05225092172622681
v -0.029384009540081024 -0.008916199207305908 0.04579979181289673
v -0.02528280019760132 -0.01757257990539074 0.04580080136656761
v -0.026732800528407097 -0.015156139619648457 0.052253179252147675
v -0.007454872131347656 0.029465729370713234 0.045799970626831055
v -0.011065839789807796 0.02821986936032772 0.05222171172499657
v -0.004178345203399658 0.030043000355362892 0.0522681400179863
v -0.030618010088801384 0.0014466639840975404 0.045799970626831055
v -0.02959858998656273 -0.008422434329986572 0.05225092172622681
v -0.030579030513763428 -0.00011092399654444307 0.052174270153045654
v -0.030618010088801384 0.0014466639840975404 0.045799970626831055
v -0.029384009540081024 -0.008916199207305908 0.04579979181289673
v -0.02959858998656273 -0.008422434329986572 0.05225092172622681
v 0.0053479671478271484 0.029972370713949203 0.045799970626831055
v -0.004178345203399658 0.030043000355362892 0.0522681400179863
v 0.005108534824103117 0.029842549934983253 0.052157700061798096
v 0.0053479671478271484 0.029972370713949203 0.045799970626831055
v -0.007454872131347656 0.029465729370713234 0.045799970626831055
v -0.004178345203399658 0.030043000355362892 0.0522681400179863
v 0.02997099980711937 0.0061171650886535645 0.05224651098251343
v 0.031562380492687225 0.0010830160463228822 0.052358150482177734
v 0.030549580231308937 -0.0021209120750427246 0.05224071815609932
v 0.030549580231308937 -0.0021209120750427246 0.05224071815609932
v 0.030951140448451042 -0.006591916084289551 0.05235087126493454
v 0.029579520225524902 -0.007970868609845638 0.05222880095243454
v 0.027370920404791832 -0.013968279585242271 0.052194949239492416
v 0.029579520225524902 -0.007970868609845638 0.05222880095243454
v 0.030951140448451042 -0.006591916084289551 0.05235087126493454
v 0.030951140448451042 -0.006591916084289551 0.05235087126493454
v 0.027843650430440903 -0.015418940223753452 0.0523562990128994
v 0.027370920404791832 -0.013968279585242271 0.052194949239492416
v 0.022954100742936134 -0.020601389929652214 0.05224841088056564
v 0.027370920404791832 -0.013968279585242271 0.052194949239492416
v 0.027843650430440903 -0.015418940223753452 0.0523562990128994
v 0.027843650430440903 -0.015418940223753452 0.0523562990128994
v 0.020845109596848488 -0.024355409666895866 0.05233436077833176
v 0.022954100742936134 -0.020601389929652214 0.05224841088056564
v 0.005108534824103117 0.029842549934983253 0.052157700061798096
v 0.000795588013716042 0.03034793958067894 0.05224829167127609
v 0.006431579124182463 0.03051990084350109 0.05238401144742966
v 0.022954100742936134 -0.020601389929652214 0.05224841088056564
v 0.020845109596848488 -0.024355409666895866 0.05233436077833176
v 0.017697149887681007 -0.025228500366210938 0.05220574140548706
v 0.006431579124182463 0.03051990084350109 0.05238401144742966
v 0.012203989550471306 0.028915399685502052 0.05233817920088768
v 0.005108534824103117 0.029842549934983253 0.052157700061798096
v 0.017697149887681007 -0.025228500366210938 0.05220574140548706
v 0.020845109596848488 -0.024355409666895866 0.05233436077833176
v 0.0112568698823452 -0.028799349442124367 0.05225067958235741
v 0.005108534824103117 0.029842549934983253 0.052157700061798096
v 0.012203989550471306 0.028915399685502052 0.05233817920088768
v 0.015724889934062958 0.02594643086194992 0.05223459005355835
v 0.010441780090332031 0.028402680531144142 0.05218439921736717
v 0.005108534824103117 0.029842549934983253 0.052157700061798096
v 0.015724889934062958 0.02594643086194992 0.05223459005355835
v 0.020845109596848488 -0.024355409666895866 0.05233436077833176
v 0.009662926197052002 -0.030373509973287582 0.05236523970961571
v 0.0112568698823452 -0.028799349442124367 0.05225067958235741
v 0.002774894004687667 -0.030826330184936523 0.052236080169677734
v 0.0112568698823452 -0.028799349442124367 0.05225067958235741
v 0.009662926197052002 -0.030373509973287582 0.05236523970961571
v 0.020881889387965202 0.022000430151820183 0.052183620631694794
v 0.015724889934062958 0.02594643086194992 0.05223459005355835
v 0.0221097394824028 0.022327600046992302 0.052373290061950684
v 0.004302262794226408 -0.03155779093503952 0.05232793092727661
v -0.0035837290342897177 -0.03063422068953514 0.052207108587026596
v 0.002774894004687667 -0.030826330184936523 0.052236080169677734
v 0.023865869268774986 0.01874958910048008 0.052145540714263916
v 0.020881889387965202 0.022000430151820183 0.052183620631694794
v 0.02729398012161255 0.013562380336225033 0.05223916843533516
v 0.020881889387965202 0.022000430151820183 0.052183620631694794
v 0.0221097394824028 0.022327600046992302 0.052373290061950684
v 0.02729398012161255 0.013562380336225033 0.05223916843533516
v 0.02997099980711937 0.0061171650886535645 0.05224651098251343
v 0.02729398012161255 0.013562380336225033 0.05223916843533516
v 0.02899174951016903 0.01241855975240469 0.0523713193833828
v 0.02899174951016903 0.01241855975240469 0.0523713193833828
v 0.031562380492687225 0.0010830160463228822 0.052358150482177734
v 0.02997099980711937 0.0061171650886535645 0.05224651098251343
v -0.029835820198059082 0.010448750108480453 0.05234353989362717
v -0.024889400228857994 0.019055720418691635 0.052319999784231186
v -0.026441089808940887 0.015151670202612877 0.052270710468292236
v -0.029835820198059082 0.010448750108480453 0.05234353989362717
v -0.026441089808940887 0.015151670202612877 0.052270710468292236
v -0.02848106063902378 0.01089887972921133 0.05225669965147972
v -0.030933020636439323 0.00609540892764926 0.05233556032180786
v -0.029835820198059082 0.010448750108480453 0.05234353989362717
v -0.029956869781017303 0.0058442349545657635 0.052237268537282944
v -0.0035958290100097656 0.031140560284256935 0.052400171756744385
v 0.006431579124182463 0.03051990084350109 0.05238401144742966
v 0.000795588013716042 0.03034793958067894 0.05224829167127609
v 0.012203989550471306 0.028915399685502052 0.05233817920088768
v 0.0221097394824028 0.022327600046992302 0.052373290061950684
v 0.015724889934062958 0.02594643086194992 0.05223459005355835
v -0.02608983963727951 -0.018272509798407555 0.05241047963500023
v -0.030284399166703224 -0.009392619132995605 0.05234307050704956
v -0.026732800528407097 -0.015156139619648457 0.052253179252147675
v 0.02729398012161255 0.013562380336225033 0.05223916843533516
v 0.0221097394824028 0.022327600046992302 0.052373290061950684
v 0.02899174951016903 0.01241855975240469 0.0523713193833828
v -0.02608983963727951 -0.018272509798407555 0.05241047963500023
v -0.02292959950864315 -0.020606450736522675 0.05223548039793968
v -0.018013060092926025 -0.02621917985379696 0.05232470855116844
v -0.02292959950864315 -0.020606450736522675 0.05223548039793968
v -0.016137419268488884 -0.026374099776148796 0.05223577842116356
v -0.018013060092926025 -0.02621917985379696 0.05232470855116844
v -0.010177070274949074 -0.03019160032272339 0.052331678569316864
v 0.004302262794226408 -0.03155779093503952 0.05232793092727661
v -0.0019530650461092591 -0.03183817118406296 0.05230987071990967
v 0.030549580231308937 -0.0021209120750427246 0.05224071815609932
v 0.031562380492687225 0.0010830160463228822 0.052358150482177734
v 0.030951140448451042 -0.006591916084289551 0.05235087126493454
v 0.004302262794226408 -0.03155779093503952 0.05232793092727661
v 0.002774894004687667 -0.030826330184936523 0.052236080169677734
v 0.009662926197052002 -0.030373509973287582 0.05236523970961571
v -0.0035958290100097656 0.031140560284256935 0.052400171756744385
v -0.00229906989261508 0.030970510095357895 0.05462360009551048
v 0.003514230018481612 0.030858030542731285 0.054754309356212616
v -0.031517259776592255 -0.0028076169546693563 0.05240296944975853
v -0.031130429357290268 0.003373444080352783 0.05456690862774849
v -0.030933020636439323 0.00609540892764926 0.05233556032180786
v 0.006431579124182463 0.03051990084350109 0.05238401144742966
v -0.0035958290100097656 0.031140560284256935 0.052400171756744385
v 0.003514230018481612 0.030858030542731285 0.054754309356212616
v -0.010177070274949074 -0.03019160032272339 0.052331678569316864
v -0.0019530650461092591 -0.03183817118406296 0.05230987071990967
v -0.008438526652753353 -0.030494270846247673 0.054744720458984375
v -0.018013060092926025 -0.02621917985379696 0.05232470855116844
v -0.010177070274949074 -0.03019160032272339 0.052331678569316864
v -0.01465374045073986 -0.027978530153632164 0.054695479571819305
v -0.024889400228857994 0.019055720418691635 0.052319999784231186
v -0.029835820198059082 0.010448750108480453 0.05234353989362717
v -0.026179250329732895 0.01725303940474987 0.053791940212249756
v -0.018013060092926025 -0.02621917985379696 0.05232470855116844
v -0.019033780321478844 -0.02508383058011532 0.05478239059448242
v -0.023095540702342987 -0.021445510908961296 0.05479251965880394
v -0.024889400228857994 0.019055720418691635 0.052319999784231186
v -0.026179250329732895 0.01725303940474987 0.053791940212249756
v -0.021609900519251823 0.02272278070449829 0.05232495069503784
v -0.02608983963727951 -0.018272509798407555 0.05241047963500023
v -0.018013060092926025 -0.02621917985379696 0.05232470855116844
v -0.023095540702342987 -0.021445510908961296 0.05479251965880394
v -0.030284399166703224 -0.009392619132995605 0.05234307050704956
v -0.02608983963727951 -0.018272509798407555 0.05241047963500023
v -0.02917456068098545 -0.011433719657361507 0.05498969182372093
v -0.007598698139190674 0.03040808066725731 0.05247968062758446
v -0.017448240891098976 0.02616667002439499 0.05236523970961571
v -0.010939120315015316 0.029012199491262436 0.05480533093214035
v -0.029613489285111427 0.008085130713880062 0.055495020002126694
v -0.031130429357290268 0.003373444080352783 0.05456690862774849
v -0.027972400188446045 0.001084565999917686 0.05855441093444824
v -0.029613489285111427 0.008085130713880062 0.055495020002126694
v -0.027972400188446045 0.001084565999917686 0.05855441093444824
v -0.025597330182790756 0.010717679746448994 0.05861591920256615
v -0.008438526652753353 -0.030494270846247673 0.054744720458984375
v -0.00418043090030551 -0.03124069981276989 0.054849620908498764
v -0.0015381569974124432 -0.028153710067272186 0.058521028608083725
v -0.008438526652753353 -0.030494270846247673 0.054744720458984375
v -0.0015381569974124432 -0.028153710067272186 0.058521028608083725
v -0.00919342041015625 -0.026717299595475197 0.05846666917204857
v -0.02845275029540062 0.012422679923474789 0.054995231330394745
v -0.029613489285111427 0.008085130713880062 0.055495020002126694
v -0.025597330182790756 0.010717679746448994 0.05861591920256615
v -0.02353334054350853 0.020260389894247055 0.054908208549022675
v -0.025597330182790756 0.010717679746448994 0.05861591920256615
v -0.021860530599951744 0.017155760899186134 0.058476150035858154
v -0.02353334054350853 0.020260389894247055 0.054908208549022675
v -0.02845275029540062 0.012422679923474789 0.054995231330394745
v -0.025597330182790756 0.010717679746448994 0.05861591920256615
v -0.01465374045073986 -0.027978530153632164 0.054695479571819305
v -0.00919342041015625 -0.026717299595475197 0.05846666917204857
v -0.01688659004867077 -0.022479109466075897 0.05864739045500755
v -0.01465374045073986 -0.027978530153632164 0.054695479571819305
v -0.008438526652753353 -0.030494270846247673 0.054744720458984375
v -0.00919342041015625 -0.026717299595475197 0.05846666917204857
v -0.02353334054350853 0.020260389894247055 0.054908208549022675
v -0.021860530599951744 0.017155760899186134 0.058476150035858154
v -0.0166583601385355 0.02128100022673607 0.05932438001036644
v -0.019033780321478844 -0.02508383058011532 0.05478239059448242
v -0.01465374045073986 -0.027978530153632164 0.054695479571819305
v -0.01688659004867077 -0.022479109466075897 0.05864739045500755
v -0.017309660091996193 0.025514960289001465 0.05517696961760521
v -0.02353334054350853 0.020260389894247055 0.054908208549022675
v -0.0166583601385355 0.02128100022673607 0.05932438001036644
v -0.017309660091996193 0.025514960289001465 0.05517696961760521
v -0.0166583601385355 0.02128100022673607 0.05932438001036644
v -0.010859900154173374 0.02545893006026745 0.05852055177092552
v -0.023095540702342987 -0.021445510908961296 0.05479251965880394
v -0.019033780321478844 -0.02508383058011532 0.05478239059448242
v -0.01688659004867077 -0.022479109466075897 0.05864739045500755
v -0.023095540702342987 -0.021445510908961296 0.05479251965880394
v -0.01688659004867077 -0.022479109466075897 0.05864739045500755
v -0.02342844009399414 -0.014318520203232765 0.059419628232717514
v -0.010939120315015316 0.029012199491262436 0.05480533093214035
v -0.017309660091996193 0.025514960289001465 0.05517696961760521
v -0.010859900154173374 0.02545893006026745 0.05852055177092552
v -0.02592610940337181 -0.01766115054488182 0.054866548627614975
v -0.023095540702342987 -0.021445510908961296 0.05479251965880394
v -0.02342844009399414 -0.014318520203232765 0.059419628232717514
v -0.02917456068098545 -0.011433719657361507 0.05498969182372093
v -0.02342844009399414 -0.014318520203232765 0.059419628232717514
v -0.026237420737743378 -0.009068428538739681 0.058891769498586655
v -0.02917456068098545 -0.011433719657361507 0.05498969182372093
v -0.02592610940337181 -0.01766115054488182 0.054866548627614975
v -0.02342844009399414 -0.014318520203232765 0.059419628232717514
v -0.010939120315015316 0.029012199491262436 0.05480533093214035
v -0.010859900154173374 0.02545893006026745 0.05852055177092552
v -0.0010978570207953453 0.027737019583582878 0.05849719047546387
v 0.003514230018481612 0.030858030542731285 0.054754309356212616
v -0.00229906989261508 0.030970510095357895 0.05462360009551048
v -0.0010978570207953453 0.027737019583582878 0.05849719047546387
v -0.030806060880422592 -0.0016577240312471986 0.055466409772634506
v -0.02917456068098545 -0.011433719657361507 0.05498969182372093
v -0.027972400188446045 0.001084565999917686 0.05855441093444824
v 0.003514230018481612 0.030858030542731285 0.054754309356212616
v -0.0010978570207953453 0.027737019583582878 0.05849719047546387
v 0.007210909854620695 0.026251429691910744 0.059039048850536346
v -0.031130429357290268 0.003373444080352783 0.05456690862774849
v -0.030806060880422592 -0.0016577240312471986 0.055466409772634506
v -0.027972400188446045 0.001084565999917686 0.05855441093444824
v -0.027013950049877167 0.0023670790251344442 0.06040649861097336
v -0.027218099683523178 0.0015118119772523642 0.16414310038089752
v -0.02638274058699608 0.006640254985541105 0.16426800191402435
v -0.025049559772014618 0.010417640209197998 0.060269828885793686
v -0.027013950049877167 0.0023670790251344442 0.06040649861097336
v -0.02638274058699608 0.006640254985541105 0.16426800191402435
v -0.025049559772014618 0.010417640209197998 0.060269828885793686
v -0.02638274058699608 0.006640254985541105 0.16426800191402435
v -0.02449255995452404 0.01201688963919878 0.1644268035888672
v -0.010580649599432945 -0.025395270437002182 0.060268279165029526
v -0.002545594936236739 -0.027320679277181625 0.060376159846782684
v -0.005804299842566252 -0.026920849457383156 0.1640298068523407
v -0.025049559772014618 0.010417640209197998 0.060269828885793686
v -0.02449255995452404 0.01201688963919878 0.1644268035888672
v -0.021772319450974464 0.016084790229797363 0.16333000361919403
v -0.010580649599432945 -0.025395270437002182 0.060268279165029526
v -0.005804299842566252 -0.026920849457383156 0.1640298068523407
v -0.012327429838478565 -0.024456439539790154 0.16325560212135315
v -0.02042067050933838 0.017595579847693443 0.06025958061218262
v -0.025049559772014618 0.010417640209197998 0.060269828885793686
v -0.021772319450974464 0.016084790229797363 0.16333000361919403
v -0.017626579850912094 -0.02093058079481125 0.06033742055296898
v -0.010580649599432945 -0.025395270437002182 0.060268279165029526
v -0.012327429838478565 -0.024456439539790154 0.16325560212135315
v -0.017626579850912094 -0.02093058079481125 0.06033742055296898
v -0.012327429838478565 -0.024456439539790154 0.16325560212135315
v -0.019879689440131187 -0.018960049375891685 0.16353070735931396
v -0.0166583601385355 0.02128100022673607 0.05932438001036644
v -0.021772319450974464 0.016084790229797363 0.16333000361919403
v -0.016229739412665367 0.02159350924193859 0.1641470044851303
v -0.0166583601385355 0.02128100022673607 0.05932438001036644
v -0.02042067050933838 0.017595579847693443 0.06025958061218262
v -0.021772319450974464 0.016084790229797363 0.16333000361919403
v -0.0166583601385355 0.02128100022673607 0.05932438001036644
v -0.016229739412665367 0.02159350924193859 0.1641470044851303
v -0.01162790972739458 0.024216890335083008 0.16324050724506378
v -0.02095812000334263 -0.01764822006225586 0.05988769978284836
v -0.017626579850912094 -0.02093058079481125 0.06033742055296898
v -0.019879689440131187 -0.018960049375891685 0.16353070735931396
v -0.010637340135872364 0.024720480665564537 0.06036316975951195
v -0.0166583601385355 0.02128100022673607 0.05932438001036644
v -0.01162790972739458 0.024216890335083008 0.16324050724506378
v -0.02095812000334263 -0.01764822006225586 0.05988769978284836
v -0.019879689440131187 -0.018960049375891685 0.16353070735931396
v -0.024278750643134117 -0.012630989775061607 0.16401199996471405
v -0.02342844009399414 -0.014318520203232765 0.059419628232717514
v -0.02095812000334263 -0.01764822006225586 0.05988769978284836
v -0.024278750643134117 -0.012630989775061607 0.16401199996471405
v -0.010637340135872364 0.024720480665564537 0.06036316975951195
v -0.01162790972739458 0.024216890335083008 0.16324050724506378
v -0.005702971946448088 0.02632855996489525 0.16404779255390167
v -0.02342844009399414 -0.014318520203232765 0.059419628232717514
v -0.024278750643134117 -0.012630989775061607 0.16401199996471405
v -0.02642023004591465 -0.00672256899997592 0.16319559514522552
v -0.003175795078277588 0.02663951925933361 0.06039135903120041
v -0.010637340135872364 0.024720480665564537 0.06036316975951195
v -0.005702971946448088 0.02632855996489525 0.16404779255390167
v -0.026683270931243896 -0.0055779810063540936 0.060366690158843994
v -0.02342844009399414 -0.014318520203232765 0.059419628232717514
v -0.02642023004591465 -0.00672256899997592 0.16319559514522552
v -0.003175795078277588 0.02663951925933361 0.06039135903120041
v -0.005702971946448088 0.02632855996489525 0.16404779255390167
v -0.0010551209561526775 0.026804739609360695 0.1632373034954071
v -0.003175795078277588 0.02663951925933361 0.06039135903120041
v -0.0010551209561526775 0.026804739609360695 0.1632373034954071
v 0.004847108852118254 0.026436200365424156 0.16337330639362335
v 0.002719700103625655 0.026738280430436134 0.06038748845458031
v -0.003175795078277588 0.02663951925933361 0.06039135903120041
v 0.004847108852118254 0.026436200365424156 0.16337330639362335
v -0.026683270931243896 -0.0055779810063540936 0.060366690158843994
v -0.02642023004591465 -0.00672256899997592 0.16319559514522552
v -0.027218099683523178 0.0015118119772523642 0.16414310038089752
v -0.027013950049877167 0.0023670790251344442 0.06040649861097336
v -0.026683270931243896 -0.0055779810063540936 0.060366690158843994
v -0.027218099683523178 0.0015118119772523642 0.16414310038089752
v -0.031084470450878143 0.0026655790861696005 0.16864830255508423
v -0.027218099683523178 0.0015118119772523642 0.16414310038089752
v -0.03122520074248314 -0.003326714038848877 0.16896159946918488
v -0.029757259413599968 -0.010253069922327995 0.1689773052930832
v -0.027688980102539062 -0.0031968350522220135 0.1650245040655136
v -0.026227710768580437 -0.010049870237708092 0.1650979071855545
v -0.029757259413599968 -0.010253069922327995 0.1689773052930832
v -0.03122520074248314 -0.003326714038848877 0.16896159946918488
v -0.027688980102539062 -0.0031968350522220135 0.1650245040655136
v -0.00040483500924892724 0.031070109456777573 0.16896800696849823
v 0.0018630620324984193 0.02765786089003086 0.16516509652137756
v -0.005702971946448088 0.02632855996489525 0.16404779255390167
v -0.008014798164367676 0.029989829286932945 0.16890449821949005
v -0.005702971946448088 0.02632855996489525 0.16404779255390167
v -0.010000219568610191 0.02590166963636875 0.16512219607830048
v -0.008014798164367676 0.029989829286932945 0.16890449821949005
v -0.00040483500924892724 0.031070109456777573 0.16896800696849823
v -0.005702971946448088 0.02632855996489525 0.16404779255390167
v -0.027724619954824448 -0.014498050324618816 0.16863779723644257
v -0.029757259413599968 -0.010253069922327995 0.1689773052930832
v -0.026227710768580437 -0.010049870237708092 0.1650979071855545
v -0.02536904066801071 -0.018575070425868034 0.168743297457695
v -0.026227710768580437 -0.010049870237708092 0.1650979071855545
v -0.024278750643134117 -0.012630989775061607 0.16401199996471405
v -0.02536904066801071 -0.018575070425868034 0.168743297457695
v -0.027724619954824448 -0.014498050324618816 0.16863779723644257
v -0.026227710768580437 -0.010049870237708092 0.1650979071855545
v -0.02536904066801071 -0.018575070425868034 0.168743297457695
v -0.024278750643134117 -0.012630989775061607 0.16401199996471405
v -0.019111869856715202 -0.020706290379166603 0.16507549583911896
v -0.01952379010617733 -0.02444303035736084 0.16846029460430145
v -0.02536904066801071 -0.018575070425868034 0.168743297457695
v -0.019111869856715202 -0.020706290379166603 0.16507549583911896
v -0.021114230155944824 0.02242475003004074 0.16830189526081085
v -0.014518139883875847 0.02752584032714367 0.16900120675563812
v -0.010000219568610191 0.02590166963636875 0.16512219607830048
v -0.021114230155944824 0.02242475003004074 0.16830189526081085
v -0.016229739412665367 0.02159350924193859 0.1641470044851303
v -0.021108319982886314 0.01793462038040161 0.16506020724773407
v -0.01952379010617733 -0.02444303035736084 0.16846029460430145
v -0.019111869856715202 -0.020706290379166603 0.16507549583911896
v -0.012438049539923668 -0.025020239874720573 0.16471639275550842
v -0.016025779768824577 -0.027264289557933807 0.16903670132160187
v -0.01952379010617733 -0.02444303035736084 0.16846029460430145
v -0.012438049539923668 -0.025020239874720573 0.16471639275550842
v -0.009677647612988949 -0.030094020068645477 0.16884170472621918
v -0.016025779768824577 -0.027264289557933807 0.16903670132160187
v -0.012438049539923668 -0.025020239874720573 0.16471639275550842
v -0.009677647612988949 -0.030094020068645477 0.16884170472621918
v -0.012438049539923668 -0.025020239874720573 0.16471639275550842
v -0.005804299842566252 -0.026920849457383156 0.1640298068523407
v -0.02729034051299095 0.01429526973515749 0.16824980080127716
v -0.021108319982886314 0.01793462038040161 0.16506020724773407
v -0.02449255995452404 0.01201688963919878 0.1644268035888672
v -0.02729034051299095 0.01429526973515749 0.16824980080127716
v -0.021114230155944824 0.02242475003004074 0.16830189526081085
v -0.021108319982886314 0.01793462038040161 0.16506020724773407
v -0.004556416999548674 -0.030780430883169174 0.16818879544734955
v -0.009677647612988949 -0.030094020068645477 0.16884170472621918
v 0.00083500100299716 -0.028004460036754608 0.1646842062473297
v -0.02729034051299095 0.01429526973515749 0.16824980080127716
v -0.02449255995452404 0.01201688963919878 0.1644268035888672
v -0.02638274058699608 0.006640254985541105 0.16426800191402435
v -0.03031145967543125 0.0077931880950927734 0.16905850172042847
v -0.02729034051299095 0.01429526973515749 0.16824980080127716
v -0.02638274058699608 0.006640254985541105 0.16426800191402435
v -0.031084470450878143 0.0026655790861696005 0.16864830255508423
v -0.03031145967543125 0.0077931880950927734 0.16905850172042847
v -0.02638274058699608 0.006640254985541105 0.16426800191402435
v -0.031084470450878143 0.0026655790861696005 0.16864830255508423
v -0.02638274058699608 0.006640254985541105 0.16426800191402435
v -0.027218099683523178 0.0015118119772523642 0.16414310038089752
v -0.00040483500924892724 0.031070109456777573 0.16896800696849823
v -0.006708263885229826 0.030708249658346176 0.17219659686088562
v 0.004268050193786621 0.030987560749053955 0.17219999432563782
v 0.006693481933325529 0.030477939173579216 0.16974279284477234
v -0.00040483500924892724 0.031070109456777573 0.16896800696849823
v 0.004268050193786621 0.030987560749053955 0.17219999432563782
v -0.009677647612988949 -0.030094020068645477 0.16884170472621918
v -0.00482672406360507 -0.031494200229644775 0.17218950390815735
v -0.012474950402975082 -0.02936244010925293 0.1721908003091812
v -0.03031145967543125 0.0077931880950927734 0.16905850172042847
v -0.031084470450878143 0.0026655790861696005 0.16864830255508423
v -0.031363070011138916 0.004811704158782959 0.1721981018781662
v -0.02836613915860653 0.01338868960738182 0.16965240240097046
v -0.031363070011138916 0.004811704158782959 0.1721981018781662
v -0.027279550209641457 0.015615460462868214 0.17220009863376617
v -0.02836613915860653 0.01338868960738182 0.16965240240097046
v -0.03031145967543125 0.0077931880950927734 0.16905850172042847
v -0.031363070011138916 0.004811704158782959 0.1721981018781662
v -0.016025779768824577 -0.027264289557933807 0.16903670132160187
v -0.012474950402975082 -0.02936244010925293 0.1721908003091812
v -0.020698780193924904 -0.024208059534430504 0.1721975952386856
v -0.025155600160360336 0.018606480211019516 0.1697268933057785
v -0.02836613915860653 0.01338868960738182 0.16965240240097046
v -0.027279550209641457 0.015615460462868214 0.17220009863376617
v -0.025155600160360336 0.018606480211019516 0.1697268933057785
v -0.027279550209641457 0.015615460462868214 0.17220009863376617
v -0.01991170085966587 0.024471640586853027 0.17219969630241394
v -0.020792540162801743 0.0233992300927639 0.169917494058609
v -0.025155600160360336 0.018606480211019516 0.1697268933057785
v -0.01991170085966587 0.024471640586853027 0.17219969630241394
v -0.02249407023191452 -0.02226494997739792 0.1694622039794922
v -0.020698780193924904 -0.024208059534430504 0.1721975952386856
v -0.02694885991513729 -0.016916990280151367 0.1721908003091812
v -0.014518139883875847 0.02752584032714367 0.16900120675563812
v -0.020792540162801743 0.0233992300927639 0.169917494058609
v -0.01991170085966587 0.024471640586853027 0.17219969630241394
v -0.029757259413599968 -0.010253069922327995 0.1689773052930832
v -0.02694885991513729 -0.016916990280151367 0.1721908003091812
v -0.03085947036743164 -0.007253705989569426 0.1721954047679901
v -0.014518139883875847 0.02752584032714367 0.16900120675563812
v -0.01991170085966587 0.024471640586853027 0.17219969630241394
v -0.006708263885229826 0.030708249658346176 0.17219659686088562
v -0.008014798164367676 0.029989829286932945 0.16890449821949005
v -0.014518139883875847 0.02752584032714367 0.16900120675563812
v -0.006708263885229826 0.030708249658346176 0.17219659686088562
v -0.03122520074248314 -0.003326714038848877 0.16896159946918488
v -0.03085947036743164 -0.007253705989569426 0.1721954047679901
v -0.031363070011138916 0.004811704158782959 0.1721981018781662
v -0.02694885991513729 -0.016916990280151367 0.1721908003091812
v -0.020698780193924904 -0.024208059534430504 0.1721975952386856
v -0.027021940797567368 -0.015241979621350765 0.17219990491867065
v -0.027021940797567368 -0.015241979621350765 0.17219990491867065
v -0.020698780193924904 -0.024208059534430504 0.1721975952386856
v -0.018162129446864128 -0.024948889389634132 0.17219960689544678
v -0.03085947036743164 -0.007253705989569426 0.1721954047679901
v -0.02694885991513729 -0.016916990280151367 0.1721908003091812
v -0.027021940797567368 -0.015241979621350765 0.17219990491867065
v -0.020698780193924904 -0.024208059534430504 0.1721975952386856
v -0.012474950402975082 -0.02936244010925293 0.1721908003091812
v -0.018162129446864128 -0.024948889389634132 0.17219960689544678
v -0.03085947036743164 -0.007253705989569426 0.1721954047679901
v -0.027021940797567368 -0.015241979621350765 0.17219990491867065
v -0.030675049871206284 -0.00132322299759835 0.17219990491867065
v -0.018162129446864128 -0.024948889389634132 0.17219960689544678
v -0.012474950402975082 -0.02936244010925293 0.1721908003091812
v -0.0077071781270205975 -0.030060170218348503 0.17219990491867065
v -0.03085947036743164 -0.007253705989569426 0.1721954047679901
v -0.030675049871206284 -0.00132322299759835 0.17219990491867065
v -0.031363070011138916 0.004811704158782959 0.1721981018781662
v -0.012474950402975082 -0.02936244010925293 0.1721908003091812
v -0.00482672406360507 -0.031494200229644775 0.17218950390815735
v -0.0077071781270205975 -0.030060170218348503 0.17219990491867065
v -0.031363070011138916 0.004811704158782959 0.1721981018781662
v -0.030675049871206284 -0.00132322299759835 0.17219990491867065
v -0.02836935967206955 0.011632559821009636 0.17219999432563782
v -0.00482672406360507 -0.031494200229644775 0.17218950390815735
v 0.002799272071570158 -0.03183215111494064 0.1721944957971573
v -0.0077071781270205975 -0.030060170218348503 0.17219990491867065
v -0.0077071781270205975 -0.030060170218348503 0.17219990491867065
v 0.002799272071570158 -0.03183215111494064 0.1721944957971573
v 0.00628626300022006 -0.030422499403357506 0.17219990491867065
v -0.031363070011138916 0.004811704158782959 0.1721981018781662
v -0.02836935967206955 0.011632559821009636 0.17219999432563782
v -0.027279550209641457 0.015615460462868214 0.17220009863376617
v 0.00628626300022006 -0.030422499403357506 0.17219990491867065
v 0.002799272071570158 -0.03183215111494064 0.1721944957971573
v 0.013099960051476955 -0.029158469289541245 0.1721998006105423
v -0.027279550209641457 0.015615460462868214 0.17220009863376617
v -0.02836935967206955 0.011632559821009636 0.17219999432563782
v -0.01991170085966587 0.024471640586853027 0.17219969630241394
v -0.01991170085966587 0.024471640586853027 0.17219969630241394
v -0.02836935967206955 0.011632559821009636 0.17219999432563782
v -0.021509520709514618 0.021489670500159264 0.17219939827919006
v 0.00628626300022006 -0.030422499403357506 0.17219990491867065
v 0.013099960051476955 -0.029158469289541245 0.1721998006105423
v 0.018281100317835808 -0.02494828961789608 0.17219899594783783
v 0.018281100317835808 -0.02494828961789608 0.17219899594783783
v 0.013099960051476955 -0.029158469289541245 0.1721998006105423
v 0.021882349625229836 -0.02323240041732788 0.17218069732189178
v -0.021509520709514618 0.021489670500159264 0.17219939827919006
v -0.01128356996923685 0.02836184948682785 0.17220020294189453
v -0.01991170085966587 0.024471640586853027 0.17219969630241394
v -0.01991170085966587 0.024471640586853027 0.17219969630241394
v -0.01128356996923685 0.02836184948682785 0.17220020294189453
v -0.006708263885229826 0.030708249658346176 0.17219659686088562
v 0.02563660964369774 -0.017043350264430046 0.17219999432563782
v 0.018281100317835808 -0.02494828961789608 0.17219899594783783
v 0.021882349625229836 -0.02323240041732788 0.17218069732189178
v 0.02563660964369774 -0.017043350264430046 0.17219999432563782
v 0.021882349625229836 -0.02323240041732788 0.17218069732189178
v 0.02902960032224655 -0.013234550133347511 0.1721958965063095
v -0.01128356996923685 0.02836184948682785 0.17220020294189453
v 0.0029556748922914267 0.030298469588160515 0.17219999432563782
v -0.006708263885229826 0.030708249658346176 0.17219659686088562
v 0.029179630801081657 -0.0094031086191535 0.17220069468021393
v 0.02563660964369774 -0.017043350264430046 0.17219999432563782
v 0.02902960032224655 -0.013234550133347511 0.1721958965063095
v -0.006708263885229826 0.030708249658346176 0.17219659686088562
v 0.0029556748922914267 0.030298469588160515 0.17219999432563782
v 0.004268050193786621 0.030987560749053955 0.17219999432563782
v 0.030690670013427734 -0.0000019371500457054935 0.17219990491867065
v 0.029179630801081657 -0.0094031086191535 0.17220069468021393
v 0.03164058178663254 -0.0008485610014759004 0.17219699919223785
v 0.029179630801081657 -0.0094031086191535 0.17220069468021393
v 0.02902960032224655 -0.013234550133347511 0.1721958965063095
v 0.03164058178663254 -0.0008485610014759004 0.17219699919223785
v 0.004268050193786621 0.030987560749053955 0.17219999432563782
v 0.0029556748922914267 0.030298469588160515 0.17219999432563782
v 0.012941120192408562 0.028549790382385254 0.17219969630241394
v 0.012941120192408562 0.028549790382385254 0.17219969630241394
v 0.0029556748922914267 0.030298469588160515 0.17219999432563782
v 0.015482660382986069 0.026224490255117416 0.17219939827919006
v 0.030690670013427734 -0.0000019371500457054935 0.17219990491867065
v 0.03164058178663254 -0.0008485610014759004 0.17219699919223785
v 0.030383050441741943 0.008790791034698486 0.17218390107154846
v 0.028875229880213737 0.009771822951734066 0.17219999432563782
v 0.030690670013427734 -0.0000019371500457054935 0.17219990491867065
v 0.030383050441741943 0.008790791034698486 0.17218390107154846
v 0.012941120192408562 0.028549790382385254 0.17219969630241394
v 0.015482660382986069 0.026224490255117416 0.17219939827919006
v 0.02190892957150936 0.022567570209503174 0.17220009863376617
v 0.015482660382986069 0.026224490255117416 0.17219939827919006
v 0.02441691979765892 0.01825135014951229 0.17219990491867065
v 0.02190892957150936 0.022567570209503174 0.17220009863376617
v 0.02441691979765892 0.01825135014951229 0.17219990491867065
v 0.028875229880213737 0.009771822951734066 0.17219999432563782
v 0.026902729645371437 0.016234150156378746 0.1721906065940857
v 0.028875229880213737 0.009771822951734066 0.17219999432563782
v 0.030383050441741943 0.008790791034698486 0.17218390107154846
v 0.026902729645371437 0.016234150156378746 0.1721906065940857
v 0.02441691979765892 0.01825135014951229 0.17219990491867065
v 0.026902729645371437 0.016234150156378746 0.1721906065940857
v 0.02190892957150936 0.022567570209503174 0.17220009863376617
v 0.0031615491025149822 0.03059661015868187 0.16846820712089539
v 0.0018630620324984193 0.02765786089003086 0.16516509652137756
v -0.00040483500924892724 0.031070109456777573 0.16896800696849823
v -0.00040483500924892724 0.031070109456777573 0.16896800696849823
v 0.006693481933325529 0.030477939173579216 0.16974279284477234
v 0.0031615491025149822 0.03059661015868187 0.16846820712089539
v -0.008014798164367676 0.029989829286932945 0.16890449821949005
v -0.006708263885229826 0.030708249658346176 0.17219659686088562
v -0.00040483500924892724 0.031070109456777573 0.16896800696849823
v -0.008014798164367676 0.029989829286932945 0.16890449821949005
v -0.010000219568610191 0.02590166963636875 0.16512219607830048
v -0.014518139883875847 0.02752584032714367 0.16900120675563812
v -0.020792540162801743 0.0233992300927639 0.169917494058609
v -0.014518139883875847 0.02752584032714367 0.16900120675563812
v -0.021114230155944824 0.02242475003004074 0.16830189526081085
v -0.021114230155944824 0.02242475003004074 0.16830189526081085
v -0.025155600160360336 0.018606480211019516 0.1697268933057785
v -0.020792540162801743 0.0233992300927639 0.169917494058609
v -0.025155600160360336 0.018606480211019516 0.1697268933057785
v -0.021114230155944824 0.02242475003004074 0.16830189526081085
v -0.02729034051299095 0.01429526973515749 0.16824980080127716
v -0.02836613915860653 0.01338868960738182 0.16965240240097046
v -0.025155600160360336 0.018606480211019516 0.1697268933057785
v -0.02729034051299095 0.01429526973515749 0.16824980080127716
v -0.02836613915860653 0.01338868960738182 0.16965240240097046
v -0.02729034051299095 0.01429526973515749 0.16824980080127716
v -0.03031145967543125 0.0077931880950927734 0.16905850172042847
v -0.031084470450878143 0.0026655790861696005 0.16864830255508423
v -0.03122520074248314 -0.003326714038848877 0.16896159946918488
v -0.031363070011138916 0.004811704158782959 0.1721981018781662
v -0.03122520074248314 -0.003326714038848877 0.16896159946918488
v -0.029757259413599968 -0.010253069922327995 0.1689773052930832
v -0.03085947036743164 -0.007253705989569426 0.1721954047679901
v -0.027724619954824448 -0.014498050324618816 0.16863779723644257
v -0.02694885991513729 -0.016916990280151367 0.1721908003091812
v -0.029757259413599968 -0.010253069922327995 0.1689773052930832
v -0.027724619954824448 -0.014498050324618816 0.16863779723644257
v -0.02536904066801071 -0.018575070425868034 0.168743297457695
v -0.02694885991513729 -0.016916990280151367 0.1721908003091812
v -0.02536904066801071 -0.018575070425868034 0.168743297457695
v -0.02249407023191452 -0.02226494997739792 0.1694622039794922
v -0.02694885991513729 -0.016916990280151367 0.1721908003091812
v -0.02249407023191452 -0.02226494997739792 0.1694622039794922
v -0.02536904066801071 -0.018575070425868034 0.168743297457695
v -0.01952379010617733 -0.02444303035736084 0.16846029460430145
v -0.01952379010617733 -0.02444303035736084 0.16846029460430145
v -0.020698780193924904 -0.024208059534430504 0.1721975952386856
v -0.02249407023191452 -0.02226494997739792 0.1694622039794922
v -0.01952379010617733 -0.02444303035736084 0.16846029460430145
v -0.016025779768824577 -0.027264289557933807 0.16903670132160187
v -0.020698780193924904 -0.024208059534430504 0.1721975952386856
v -0.009677647612988949 -0.030094020068645477 0.16884170472621918
v -0.012474950402975082 -0.02936244010925293 0.1721908003091812
v -0.016025779768824577 -0.027264289557933807 0.16903670132160187
v -0.009677647612988949 -0.030094020068645477 0.16884170472621918
v -0.0005187990027479827 -0.03163640946149826 0.16889449954032898
v -0.00482672406360507 -0.031494200229644775 0.17218950390815735
v -0.009677647612988949 -0.030094020068645477 0.16884170472621918
v -0.004556416999548674 -0.030780430883169174 0.16818879544734955
v -0.0005187990027479827 -0.03163640946149826 0.16889449954032898
v -0.00418043090030551 -0.03124069981276989 0.054849620908498764
v -0.008438526652753353 -0.030494270846247673 0.054744720458984375
v -0.0019530650461092591 -0.03183817118406296 0.05230987071990967
v -0.007598698139190674 0.03040808066725731 0.05247968062758446
v -0.00229906989261508 0.030970510095357895 0.05462360009551048
v -0.0035958290100097656 0.031140560284256935 0.052400171756744385
v -0.00229906989261508 0.030970510095357895 0.05462360009551048
v -0.010939120315015316 0.029012199491262436 0.05480533093214035
v -0.0010978570207953453 0.027737019583582878 0.05849719047546387
v -0.010939120315015316 0.029012199491262436 0.05480533093214035
v -0.00229906989261508 0.030970510095357895 0.05462360009551048
v -0.007598698139190674 0.03040808066725731 0.05247968062758446
v -0.017309660091996193 0.025514960289001465 0.05517696961760521
v -0.010939120315015316 0.029012199491262436 0.05480533093214035
v -0.017448240891098976 0.02616667002439499 0.05236523970961571
v -0.02353334054350853 0.020260389894247055 0.054908208549022675
v -0.017448240891098976 0.02616667002439499 0.05236523970961571
v -0.021609900519251823 0.02272278070449829 0.05232495069503784
v -0.02353334054350853 0.020260389894247055 0.054908208549022675
v -0.017309660091996193 0.025514960289001465 0.05517696961760521
v -0.017448240891098976 0.02616667002439499 0.05236523970961571
v -0.02353334054350853 0.020260389894247055 0.054908208549022675
v -0.021609900519251823 0.02272278070449829 0.05232495069503784
v -0.026179250329732895 0.01725303940474987 0.053791940212249756
v -0.02845275029540062 0.012422679923474789 0.054995231330394745
v -0.026179250329732895 0.01725303940474987 0.053791940212249756
v -0.029835820198059082 0.010448750108480453 0.05234353989362717
v -0.02845275029540062 0.012422679923474789 0.054995231330394745
v -0.02353334054350853 0.020260389894247055 0.054908208549022675
v -0.026179250329732895 0.01725303940474987 0.053791940212249756
v -0.02845275029540062 0.012422679923474789 0.054995231330394745
v -0.029835820198059082 0.010448750108480453 0.05234353989362717
v -0.031130429357290268 0.003373444080352783 0.05456690862774849
v -0.031130429357290268 0.003373444080352783 0.05456690862774849
v -0.029835820198059082 0.010448750108480453 0.05234353989362717
v -0.030933020636439323 0.00609540892764926 0.05233556032180786
v -0.029613489285111427 0.008085130713880062 0.055495020002126694
v -0.02845275029540062 0.012422679923474789 0.054995231330394745
v -0.031130429357290268 0.003373444080352783 0.05456690862774849
v -0.031052229925990105 -0.004789947997778654 0.05456233024597168
v -0.031130429357290268 0.003373444080352783 0.05456690862774849
v -0.031517259776592255 -0.0028076169546693563 0.05240296944975853
v -0.030806060880422592 -0.0016577240312471986 0.055466409772634506
v -0.031130429357290268 0.003373444080352783 0.05456690862774849
v -0.031052229925990105 -0.004789947997778654 0.05456233024597168
v -0.030284399166703224 -0.009392619132995605 0.05234307050704956
v -0.031052229925990105 -0.004789947997778654 0.05456233024597168
v -0.031517259776592255 -0.0028076169546693563 0.05240296944975853
v -0.031052229925990105 -0.004789947997778654 0.05456233024597168
v -0.02917456068098545 -0.011433719657361507 0.05498969182372093
v -0.030806060880422592 -0.0016577240312471986 0.055466409772634506
v -0.031052229925990105 -0.004789947997778654 0.05456233024597168
v -0.030284399166703224 -0.009392619132995605 0.05234307050704956
v -0.02917456068098545 -0.011433719657361507 0.05498969182372093
v -0.02592610940337181 -0.01766115054488182 0.054866548627614975
v -0.02917456068098545 -0.011433719657361507 0.05498969182372093
v -0.02608983963727951 -0.018272509798407555 0.05241047963500023
v -0.02592610940337181 -0.01766115054488182 0.054866548627614975
v -0.02608983963727951 -0.018272509798407555 0.05241047963500023
v -0.023095540702342987 -0.021445510908961296 0.05479251965880394
v -0.019033780321478844 -0.02508383058011532 0.05478239059448242
v -0.018013060092926025 -0.02621917985379696 0.05232470855116844
v -0.01465374045073986 -0.027978530153632164 0.054695479571819305
v -0.008438526652753353 -0.030494270846247673 0.054744720458984375
v -0.01465374045073986 -0.027978530153632164 0.054695479571819305
v -0.010177070274949074 -0.03019160032272339 0.052331678569316864
v 0.004847108852118254 0.026436200365424156 0.16337330639362335
v 0.0018630620324984193 0.02765786089003086 0.16516509652137756
v 0.009982346557080746 0.025100290775299072 0.164096400141716
v 0.0018630620324984193 0.02765786089003086 0.16516509652137756
v 0.011733939871191978 0.028681209310889244 0.16866180300712585
v 0.009982346557080746 0.025100290775299072 0.164096400141716
v 0.016755640506744385 0.021101830527186394 0.16325969994068146
v 0.009982346557080746 0.025100290775299072 0.164096400141716
v 0.016278140246868134 0.022366879507899284 0.16508740186691284
v 0.016755640506744385 0.021101830527186394 0.16325969994068146
v 0.016278140246868134 0.022366879507899284 0.16508740186691284
v 0.02142453007400036 0.01752334088087082 0.164962500333786
v 0.016755640506744385 0.021101830527186394 0.16325969994068146
v 0.02142453007400036 0.01752334088087082 0.164962500333786
v 0.021832579746842384 0.01589350961148739 0.16334110498428345
v 0.021832579746842384 0.01589350961148739 0.16334110498428345
v 0.02142453007400036 0.01752334088087082 0.164962500333786
v 0.024824440479278564 0.010993540287017822 0.1640762984752655
v 0.024824440479278564 0.010993540287017822 0.1640762984752655
v 0.026876380667090416 0.010159369558095932 0.16613170504570007
v 0.02660346031188965 0.005643010139465332 0.1641453057527542
v 0.02660346031188965 0.005643010139465332 0.1641453057527542
v 0.02769947052001953 0.00048161999438889325 0.1648194044828415
v 0.027074690908193588 -0.002521455055102706 0.16317340731620789
v 0.027074690908193588 -0.002521455055102706 0.16317340731620789
v 0.02769947052001953 0.00048161999438889325 0.1648194044828415
v 0.027409549802541733 -0.005734800826758146 0.16507740318775177
v 0.025813810527324677 -0.008640587329864502 0.16323569416999817
v 0.027074690908193588 -0.002521455055102706 0.16317340731620789
v 0.027409549802541733 -0.005734800826758146 0.16507740318775177
v 0.025813810527324677 -0.008640587329864502 0.16323569416999817
v 0.027409549802541733 -0.005734800826758146 0.16507740318775177
v 0.024907520040869713 -0.012941529974341393 0.16511030495166779
v 0.022592119872570038 -0.01543235033750534 0.163236603140831
v 0.025813810527324677 -0.008640587329864502 0.16323569416999817
v 0.024907520040869713 -0.012941529974341393 0.16511030495166779
v 0.022592119872570038 -0.01543235033750534 0.163236603140831
v 0.024907520040869713 -0.012941529974341393 0.16511030495166779
v 0.02191448025405407 -0.017573950812220573 0.16501779854297638
v 0.017424939200282097 -0.02130918949842453 0.16423630714416504
v 0.022592119872570038 -0.01543235033750534 0.163236603140831
v 0.02191448025405407 -0.017573950812220573 0.16501779854297638
v 0.0030200479086488485 -0.027377119287848473 0.1635037064552307
v 0.012933489866554737 -0.024334780871868134 0.16417670249938965
v 0.008067846298217773 -0.026627300307154655 0.16457979381084442
v 0.008067846298217773 -0.026627300307154655 0.16457979381084442
v 0.008602917194366455 -0.029938749969005585 0.16811250150203705
v 0.00083500100299716 -0.028004460036754608 0.1646842062473297
v 0.0030200479086488485 -0.027377119287848473 0.1635037064552307
v 0.008067846298217773 -0.026627300307154655 0.16457979381084442
v 0.00083500100299716 -0.028004460036754608 0.1646842062473297
v -0.005804299842566252 -0.026920849457383156 0.1640298068523407
v 0.0030200479086488485 -0.027377119287848473 0.1635037064552307
v 0.00083500100299716 -0.028004460036754608 0.1646842062473297
v 0.007210909854620695 0.026251429691910744 0.059039048850536346
v -0.0010978570207953453 0.027737019583582878 0.05849719047546387
v 0.002719700103625655 0.026738280430436134 0.06038748845458031
v 0.002719700103625655 0.026738280430436134 0.06038748845458031
v 0.01148718036711216 0.02445143088698387 0.059403058141469955
v 0.007210909854620695 0.026251429691910744 0.059039048850536346
v 0.01865856908261776 0.024854060262441635 0.05477308854460716
v 0.01148718036711216 0.02445143088698387 0.059403058141469955
v 0.017250770702958107 0.020945420488715172 0.05937664955854416
v 0.02277028001844883 0.015854710713028908 0.05848376825451851
v 0.017250770702958107 0.020945420488715172 0.05937664955854416
v 0.020099930465221405 0.017919709905982018 0.060557179152965546
v 0.02277028001844883 0.015854710713028908 0.05848376825451851
v 0.020099930465221405 0.017919709905982018 0.060557179152965546
v 0.023467829450964928 0.01326667983084917 0.06035244092345238
v 0.025706879794597626 0.008753894828259945 0.05959516018629074
v 0.02277028001844883 0.015854710713028908 0.05848376825451851
v 0.023467829450964928 0.01326667983084917 0.06035244092345238
v 0.02784395031630993 0.001075624953955412 0.058524779975414276
v 0.030773580074310303 0.003593086963519454 0.05517696961760521
v 0.025706879794597626 0.008753894828259945 0.05959516018629074
v 0.025706879794597626 0.008753894828259945 0.05959516018629074
v 0.027124999091029167 0.00157678104005754 0.060404710471630096
v 0.02784395031630993 0.001075624953955412 0.058524779975414276
v 0.027631279081106186 -0.005162239074707031 0.058379411697387695
v 0.02784395031630993 0.001075624953955412 0.058524779975414276
v 0.027124999091029167 0.00157678104005754 0.060404710471630096
v 0.027631279081106186 -0.005162239074707031 0.058379411697387695
v 0.027124999091029167 0.00157678104005754 0.060404710471630096
v 0.026370100677013397 -0.0071489810943603516 0.060033198446035385
v 0.024470800533890724 -0.012427560053765774 0.05934302881360054
v 0.027631279081106186 -0.005162239074707031 0.058379411697387695
v 0.026370100677013397 -0.0071489810943603516 0.060033198446035385
v 0.02142518013715744 -0.02323025092482567 0.05460381135344505
v 0.026106709614396095 -0.01750856079161167 0.05491834133863449
v 0.02096807025372982 -0.017894139513373375 0.05934416875243187
v 0.02142518013715744 -0.02323025092482567 0.05460381135344505
v 0.02096807025372982 -0.017894139513373375 0.05934416875243187
v 0.015564680099487305 -0.022732790559530258 0.05928713083267212
v 0.015564680099487305 -0.022732790559530258 0.05928713083267212
v 0.02096807025372982 -0.017894139513373375 0.05934416875243187
v 0.01898247003555298 -0.019659750163555145 0.06034183129668236
v 0.010631140321493149 -0.026151230558753014 0.058491941541433334
v 0.015564680099487305 -0.022732790559530258 0.05928713083267212
v 0.01030552014708519 -0.025448620319366455 0.06030451878905296
v 0.010631140321493149 -0.026151230558753014 0.058491941541433334
v 0.01030552014708519 -0.025448620319366455 0.06030451878905296
v 0.0031387200579047203 -0.027414729818701744 0.05937521904706955
v -0.0015381569974124432 -0.028153710067272186 0.058521028608083725
v 0.0031387200579047203 -0.027414729818701744 0.05937521904706955
v -0.002545594936236739 -0.027320679277181625 0.060376159846782684
v -0.03024463914334774 0.004126905929297209 0.17779989540576935
v -0.027940690517425537 0.012227109633386135 0.17780010402202606
v -0.02836935967206955 0.011632559821009636 0.17219999432563782
v -0.0029455421026796103 -0.030793840065598488 0.17779989540576935
v -0.013667340390384197 -0.027774980291724205 0.17779980599880219
v -0.0077071781270205975 -0.030060170218348503 0.17219990491867065
v -0.003063916927203536 0.030206849798560143 0.17779989540576935
v 0.0073447818867862225 0.029420550912618637 0.17779959738254547
v 0.0029556748922914267 0.030298469588160515 0.17219999432563782
v -0.03024463914334774 0.004126905929297209 0.17779989540576935
v -0.02836935967206955 0.011632559821009636 0.17219999432563782
v -0.030675049871206284 -0.00132322299759835 0.17219990491867065
v -0.003063916927203536 0.030206849798560143 0.17779989540576935
v 0.0029556748922914267 0.030298469588160515 0.17219999432563782
v -0.01128356996923685 0.02836184948682785 0.17220020294189453
v -0.030370470136404037 -0.00421452522277832 0.17779989540576935
v -0.03024463914334774 0.004126905929297209 0.17779989540576935
v -0.030675049871206284 -0.00132322299759835 0.17219990491867065
v -0.014199250377714634 0.026903390884399414 0.17779989540576935
v -0.003063916927203536 0.030206849798560143 0.17779989540576935
v -0.01128356996923685 0.02836184948682785 0.17220020294189453
v -0.030370470136404037 -0.00421452522277832 0.17779989540576935
v -0.030675049871206284 -0.00132322299759835 0.17219990491867065
v -0.027021940797567368 -0.015241979621350765 0.17219990491867065
v -0.028101619333028793 -0.012324689887464046 0.17779910564422607
v -0.030370470136404037 -0.00421452522277832 0.17779989540576935
v -0.027021940797567368 -0.015241979621350765 0.17219990491867065
v -0.023143470287322998 -0.020454639568924904 0.17779949307441711
v -0.028101619333028793 -0.012324689887464046 0.17779910564422607
v -0.027021940797567368 -0.015241979621350765 0.17219990491867065
v -0.014199250377714634 0.026903390884399414 0.17779989540576935
v -0.01128356996923685 0.02836184948682785 0.17220020294189453
v -0.021509520709514618 0.021489670500159264 0.17219939827919006
v -0.022701259702444077 0.020245730876922607 0.17780110239982605
v -0.014199250377714634 0.026903390884399414 0.17779989540576935
v -0.021509520709514618 0.021489670500159264 0.17219939827919006
v -0.023143470287322998 -0.020454639568924904 0.17779949307441711
v -0.027021940797567368 -0.015241979621350765 0.17219990491867065
v -0.018162129446864128 -0.024948889389634132 0.17219960689544678
v -0.022701259702444077 0.020245730876922607 0.17780110239982605
v -0.021509520709514618 0.021489670500159264 0.17219939827919006
v -0.02836935967206955 0.011632559821009636 0.17219999432563782
v -0.027940690517425537 0.012227109633386135 0.17780010402202606
v -0.022701259702444077 0.020245730876922607 0.17780110239982605
v -0.02836935967206955 0.011632559821009636 0.17219999432563782
v -0.013667340390384197 -0.027774980291724205 0.17779980599880219
v -0.023143470287322998 -0.020454639568924904 0.17779949307441711
v -0.018162129446864128 -0.024948889389634132 0.17219960689544678
v -0.013667340390384197 -0.027774980291724205 0.17779980599880219
v -0.018162129446864128 -0.024948889389634132 0.17219960689544678
v -0.0077071781270205975 -0.030060170218348503 0.17219990491867065
v -0.027664119377732277 0.013049719855189323 0.04580003023147583
v -0.007454872131347656 0.029465729370713234 0.045799970626831055
v -0.02528280019760132 -0.01757257990539074 0.04580080136656761
v -0.030618010088801384 0.0014466639840975404 0.045799970626831055
v -0.027664119377732277 0.013049719855189323 0.04580003023147583
v -0.02528280019760132 -0.01757257990539074 0.04580080136656761
v -0.029384009540081024 -0.008916199207305908 0.04579979181289673
v -0.030618010088801384 0.0014466639840975404 0.045799970626831055
v -0.02528280019760132 -0.01757257990539074 0.04580080136656761
v -0.007454872131347656 0.029465729370713234 0.045799970626831055
v 0.01617198996245861 0.02569698914885521 0.04580061882734299
v -0.02528280019760132 -0.01757257990539074 0.04580080136656761
v 0.009785175323486328 -0.029252169653773308 0.04580020159482956
v 0.0015202159993350506 -0.030877230688929558 0.045799970626831055
v 0.01756870001554489 -0.02540021948516369 0.04580080136656761
v 0.030542610213160515 0.0019001959590241313 0.04580003023147583
v 0.029727930203080177 -0.007643163204193115 0.04579991102218628
v 0.01756870001554489 -0.02540021948516369 0.04580080136656761
v 0.01617198996245861 0.02569698914885521 0.04580061882734299
v 0.028367450460791588 0.011228499934077263 0.045800138264894485
v 0.01756870001554489 -0.02540021948516369 0.04580080136656761
v -0.01927964948117733 0.023685330525040627 0.04580020159482956
v -0.007454872131347656 0.029465729370713234 0.045799970626831055
v -0.027664119377732277 0.013049719855189323 0.04580003023147583
v 0.0015202159993350506 -0.030877230688929558 0.045799970626831055
v 0.01617198996245861 0.02569698914885521 0.04580061882734299
v 0.01756870001554489 -0.02540021948516369 0.04580080136656761
v 0.029727930203080177 -0.007643163204193115 0.04579991102218628
v 0.02541803941130638 -0.01749885082244873 0.04579954966902733
v 0.01756870001554489 -0.02540021948516369 0.04580080136656761
v 0.028367450460791588 0.011228499934077263 0.045800138264894485
v 0.030542610213160515 0.0019001959590241313 0.04580003023147583
v 0.01756870001554489 -0.02540021948516369 0.04580080136656761
v 0.01617198996245861 0.02569698914885521 0.04580061882734299
v 0.02341580018401146 0.0194279495626688 0.045798420906066895
v 0.028367450460791588 0.011228499934077263 0.045800138264894485
v -0.02528280019760132 -0.01757257990539074 0.04580080136656761
v 0.01617198996245861 0.02569698914885521 0.04580061882734299
v -0.01870678924024105 -0.024538090452551842 0.045798949897289276
v -0.01870678924024105 -0.024538090452551842 0.045798949897289276
v 0.01617198996245861 0.02569698914885521 0.04580061882734299
v 0.0015202159993350506 -0.030877230688929558 0.045799970626831055
v -0.009200035594403744 -0.02957426942884922 0.04580007866024971
v -0.01870678924024105 -0.024538090452551842 0.045798949897289276
v 0.0015202159993350506 -0.030877230688929558 0.045799970626831055
v -0.007454872131347656 0.029465729370713234 0.045799970626831055
v 0.0053479671478271484 0.029972370713949203 0.045799970626831055
v 0.01617198996245861 0.02569698914885521 0.04580061882734299
v 0.015413760207593441 0.026107309386134148 0.17779949307441711
v 0.0073447818867862225 0.029420550912618637 0.17779959738254547
v 0.022885790094733238 0.02010953053832054 0.17780110239982605
v 0.029727930203080177 -0.007643342018127441 0.17779970169067383
v 0.030542610213160515 0.0019001959590241313 0.17779989540576935
v 0.028367450460791588 0.011228379793465137 0.17779949307441711
v 0.0073447818867862225 0.029420550912618637 0.17779959738254547
v 0.029727930203080177 -0.007643342018127441 0.17779970169067383
v 0.028367450460791588 0.011228379793465137 0.17779949307441711
v 0.022885790094733238 0.02010953053832054 0.17780110239982605
v 0.0073447818867862225 0.029420550912618637 0.17779959738254547
v 0.028367450460791588 0.011228379793465137 0.17779949307441711
v -0.028101619333028793 -0.012324689887464046 0.17779910564422607
v -0.023143470287322998 -0.020454639568924904 0.17779949307441711
v -0.030370470136404037 -0.00421452522277832 0.17779989540576935
v -0.030370470136404037 -0.00421452522277832 0.17779989540576935
v -0.023143470287322998 -0.020454639568924904 0.17779949307441711
v -0.014199250377714634 0.026903390884399414 0.17779989540576935
v -0.023143470287322998 -0.020454639568924904 0.17779949307441711
v -0.013667340390384197 -0.027774980291724205 0.17779980599880219
v -0.014199250377714634 0.026903390884399414 0.17779989540576935
v -0.013667340390384197 -0.027774980291724205 0.17779980599880219
v 0.00695192813873291 -0.030115660279989243 0.17779970169067383
v -0.014199250377714634 0.026903390884399414 0.17779989540576935
v -0.027940690517425537 0.012227109633386135 0.17780010402202606
v -0.030370470136404037 -0.00421452522277832 0.17779989540576935
v -0.014199250377714634 0.026903390884399414 0.17779989540576935
v -0.022701259702444077 0.020245730876922607 0.17780110239982605
v -0.027940690517425537 0.012227109633386135 0.17780010402202606
v -0.014199250377714634 0.026903390884399414 0.17779989540576935
v 0.00695192813873291 -0.030115660279989243 0.17779970169067383
v 0.016900179907679558 -0.025914490222930908 0.17779989540576935
v -0.014199250377714634 0.026903390884399414 0.17779989540576935
v -0.014199250377714634 0.026903390884399414 0.17779989540576935
v 0.016900179907679558 -0.025914490222930908 0.17779989540576935
v 0.025418100878596306 -0.01749885082244873 0.17780019342899323
v -0.014199250377714634 0.026903390884399414 0.17779989540576935
v 0.025418100878596306 -0.01749885082244873 0.17780019342899323
v -0.003063916927203536 0.030206849798560143 0.17779989540576935
v -0.003063916927203536 0.030206849798560143 0.17779989540576935
v 0.025418100878596306 -0.01749885082244873 0.17780019342899323
v 0.029727930203080177 -0.007643342018127441 0.17779970169067383
v -0.03024463914334774 0.004126905929297209 0.17779989540576935
v -0.030370470136404037 -0.00421452522277832 0.17779989540576935
v -0.027940690517425537 0.012227109633386135 0.17780010402202606
v -0.003063916927203536 0.030206849798560143 0.17779989540576935
v 0.029727930203080177 -0.007643342018127441 0.17779970169067383
v 0.0073447818867862225 0.029420550912618637 0.17779959738254547
v -0.013667340390384197 -0.027774980291724205 0.17779980599880219
v -0.0029455421026796103 -0.030793840065598488 0.17779989540576935
v 0.00695192813873291 -0.030115660279989243 0.17779970169067383
vn 0.9700118303116649 -0.24296069144746024 0.0068666925652524765
vn 0.9507152668686351 -0.310048408873574 -0.0032350421736252995
vn 0.9999784339365883 0.006408928962839796 -0.0014343260709765479
vn 0.9962168204284242 0.08594284838130366 0.012879188933668746
vn 0.9700118303116649 -0.24296069144746024 0.0068666925652524765
vn 0.9999784339365883 0.006408928962839796 -0.0014343260709765479
vn -0.0777004799766492 -0.9967090379459215 -0.023102577525336555
vn -0.24509789067759202 -0.9694965488931032 -0.0018616309403245465
vn 0.2068610095153134 -0.9783324849071771 -0.008606492761487096
vn 0.24485635105740466 -0.9692625741473277 0.023988115894100232
vn -0.0777004799766492 -0.9967090379459215 -0.023102577525336555
vn 0.2068610095153134 -0.9783324849071771 -0.008606492761487096
vn 0.9962168204284242 0.08594284838130366 0.012879188933668746
vn 0.9999784339365883 0.006408928962839796 -0.0014343260709765479
vn 0.9472538075443022 0.32023760144396746 -0.012573890179131124
vn 0.9242569082625278 0.3816966660638031 0.007538079647420983
vn 0.9962168204284242 0.08594284838130366 0.012879188933668746
vn 0.9472538075443022 0.32023760144396746 -0.012573890179131124
vn 0.408495730123086 -0.9118748439420822 -0.04019337578270878
vn 0.24485635105740466 -0.9692625741473277 0.023988115894100232
vn 0.2068610095153134 -0.9783324849071771 -0.008606492761487096
vn 0.408495730123086 -0.9118748439420822 -0.04019337578270878
vn 0.2068610095153134 -0.9783324849071771 -0.008606492761487096
vn 0.41456523981776183 -0.9083876111075009 -0.05447577370950775
vn 0.9242569082625278 0.3816966660638031 0.007538079647420983
vn 0.9472538075443022 0.32023760144396746 -0.012573890179131124
vn 0.7978696278797144 0.6027895251250484 -0.006988941737123048
vn 0.736040228664802 0.6769239252179995 -0.004333734477584973
vn 0.9242569082625278 0.3816966660638031 0.007538079647420983
vn 0.7978696278797144 0.6027895251250484 -0.006988941737123048
vn 0.736040228664802 0.6769239252179995 -0.004333734477584973
vn 0.7978696278797144 0.6027895251250484 -0.006988941737123048
vn 0.5038919896559154 0.8636751516717472 -0.01257358920066876
vn 0.8233767009364445 -0.567473401741117 0.0049746026355564224
vn 0.7019350894227279 -0.7104499106724644 0.05047825930630011
vn 0.7104755476527944 -0.7030899362886411 0.029816734849686596
vn 0.8233767009364445 -0.567473401741117 0.0049746026355564224
vn 0.7104755476527944 -0.7030899362886411 0.029816734849686596
vn 0.8348089684361273 -0.5504050405016552 -0.012176929374027874
vn 0.5079614952012647 0.8610380013763883 0.02426271993512597
vn 0.736040228664802 0.6769239252179995 -0.004333734477584973
vn 0.5038919896559154 0.8636751516717472 -0.01257358920066876
vn 0.8233767009364445 -0.567473401741117 0.0049746026355564224
vn 0.8348089684361273 -0.5504050405016552 -0.012176929374027874
vn 0.9507152668686351 -0.310048408873574 -0.0032350421736252995
vn 0.25675589195571075 0.9663213622925912 -0.017304240030068477
vn 0.5079614952012647 0.8610380013763883 0.02426271993512597
vn 0.5038919896559154 0.8636751516717472 -0.01257358920066876
vn 0.9700118303116649 -0.24296069144746024 0.0068666925652524765
vn 0.8233767009364445 -0.567473401741117 0.0049746026355564224
vn 0.9507152668686351 -0.310048408873574 -0.0032350421736252995
vn 0.25675589195571075 0.9663213622925912 -0.017304240030068477
vn 0.5038919896559154 0.8636751516717472 -0.01257358920066876
vn 0.09329730476463988 0.995568237633932 -0.011810890657387944
vn -0.2752209589179046 -0.8715330912109552 0.40581214212562167
vn -0.04477178580651262 -0.8282934247317271 0.5585029003880665
vn -0.10718399229594561 -0.920860762495275 0.3748693744387814
vn -0.2752209589179046 -0.8715330912109552 0.40581214212562167
vn -0.10718399229594561 -0.920860762495275 0.3748693744387814
vn -0.39720596887268605 -0.851207831449546 0.34303446761349177
vn -0.5200547646038158 -0.7417189578835321 0.42355168436571783
vn -0.2752209589179046 -0.8715330912109552 0.40581214212562167
vn -0.39720596887268605 -0.851207831449546 0.34303446761349177
vn -0.5200547646038158 -0.7417189578835321 0.42355168436571783
vn -0.39720596887268605 -0.851207831449546 0.34303446761349177
vn -0.6380634347741753 -0.7493972229112905 0.17685829213533488
vn -0.5200547646038158 -0.7417189578835321 0.42355168436571783
vn -0.6380634347741753 -0.7493972229112905 0.17685829213533488
vn -0.769153898376633 -0.6347457810953786 -0.07416248373433719
vn -0.8736920738262995 -0.4863475739743184 -0.011322430056964473
vn -0.7740298012691776 -0.6018706637224589 -0.19654406858891554
vn -0.769153898376633 -0.6347457810953786 -0.07416248373433719
vn -0.6333637209587156 -0.39134689992748317 0.6676061719984909
vn -0.7422915305463867 -0.3390393946552364 0.5779754082579236
vn -0.735276836979893 -0.25514341049745887 0.6279090802660595
vn -0.7277341860792846 0.026612869589641396 0.6853427679517204
vn -0.7023432123050487 -0.23969938901470003 0.6702672713440548
vn -0.735276836979893 -0.25514341049745887 0.6279090802660595
vn -0.981953462001102 -0.16468127405669666 0.09299180845167768
vn -0.981953462001102 -0.16468127405669666 0.09299180845167768
vn -0.981953462001102 -0.16468127405669666 0.09299180845167768
vn -0.9008900446817926 0.05066149638861176 0.4310806655104176
vn -0.8762232868239527 -0.03888082223592505 0.48033429326843585
vn -0.9152298023596925 0.14221778589640396 0.37699935046013355
vn -0.9008900446817926 0.05066149638861176 0.4310806655104176
vn -0.9152298023596925 0.14221778589640396 0.37699935046013355
vn -0.7746666832932353 0.3341232906587826 0.53689212737272
vn -0.7746666832932353 0.3341232906587826 0.53689212737272
vn -0.9152298023596925 0.14221778589640396 0.37699935046013355
vn -0.8630273198393686 0.35240738997027743 0.3619293808261674
vn -0.7746666832932353 0.3341232906587826 0.53689212737272
vn -0.8630273198393686 0.35240738997027743 0.3619293808261674
vn -0.656774754913813 0.49761673476331286 0.5665902457609021
vn -0.656774754913813 0.49761673476331286 0.5665902457609021
vn -0.8630273198393686 0.35240738997027743 0.3619293808261674
vn -0.7353914491178775 0.6515856483674605 0.18610631210645268
vn -0.6071695606602505 0.7938524381626944 0.0338146570407577
vn -0.656774754913813 0.49761673476331286 0.5665902457609021
vn -0.7353914491178775 0.6515856483674605 0.18610631210645268
vn -0.362566578872327 0.8523672550266472 0.37684949043770116
vn -0.5079315330787018 0.7766534725891076 0.3725787718316758
vn -0.37062596125664643 0.8458110427875487 0.3837187469243929
vn -0.362566578872327 0.8523672550266472 0.37684949043770116
vn -0.37062596125664643 0.8458110427875487 0.3837187469243929
vn -0.16831448718463327 0.9187258506138941 0.3572296807623223
vn -0.07181130917685635 0.8951851504923114 0.4398712109383421
vn -0.362566578872327 0.8523672550266472 0.37684949043770116
vn -0.16831448718463327 0.9187258506138941 0.3572296807623223
vn -0.07181130917685635 0.8951851504923114 0.4398712109383421
vn -0.16831448718463327 0.9187258506138941 0.3572296807623223
vn -0.014252239405121553 0.8718917700923868 0.4894911796111383
vn -0.01959305830718398 -0.781067079452305 -0.6241396714374259
vn -0.23838277261402607 -0.7101432114911052 -0.662472846910686
vn -0.1383420976542616 -0.7727078809544363 -0.6195030223715811
vn -0.4664600397163131 -0.8676083508458334 -0.17225208530066893
vn -0.29115139948249263 -0.8848986476796811 -0.36357288941016747
vn -0.3861003744791455 -0.7520274380974947 -0.5342108508590802
vn -0.7391082630224539 -0.6563713537923409 -0.1513129916852514
vn -0.4664600397163131 -0.8676083508458334 -0.17225208530066893
vn -0.3861003744791455 -0.7520274380974947 -0.5342108508590802
vn -0.3861003744791455 -0.7520274380974947 -0.5342108508590802
vn -0.49905274719797954 -0.5950057914381027 -0.6300114789980151
vn -0.7391082630224539 -0.6563713537923409 -0.1513129916852514
vn -0.809493718362375 -0.5462955221796609 -0.21513047756723658
vn -0.8841979515920517 -0.4669414765171984 -0.01263486875114531
vn -0.7391082630224539 -0.6563713537923409 -0.1513129916852514
vn -0.7659232980170531 -0.3519230974272501 -0.5380628541833107
vn -0.706859931329506 -0.36379124946359503 -0.6066341272089484
vn -0.7354573111961108 -0.29167414110368634 -0.6115788901029972
vn -0.9434701404688344 -0.20395970777743844 -0.26127482015506154
vn -0.9434701404688344 -0.20395970777743844 -0.26127482015506154
vn -0.9434701404688344 -0.20395970777743844 -0.26127482015506154
vn -0.7569951719231154 0.042452028247024015 -0.6520399795892938
vn -0.83775086465135 -0.0183725285300712 -0.5457434735948086
vn -0.7810251035056518 -0.06900463926138088 -0.6206755573199195
vn -0.7810251035056518 -0.06900463926138088 -0.6206755573199195
vn -0.7442668655290677 -0.09320501956760026 -0.6613468509057407
vn -0.7569951719231154 0.042452028247024015 -0.6520399795892938
vn -0.8057120364414921 0.5861860456956987 -0.08493547059352784
vn -0.8937898244892407 0.447871564147944 -0.0234693772215284
vn -0.8376088481154154 0.5020465100570601 -0.21531539494029028
vn -0.5823193398247862 0.6569405430230926 -0.47888757490516465
vn -0.5820706358215222 0.5430665492343814 -0.6052045092503773
vn -0.44378162020323303 0.6462469186864378 -0.6208242856542243
vn -0.44378162020323303 0.6462469186864378 -0.6208242856542243
vn -0.5932025310722187 0.6316872236285401 -0.4990811643750746
vn -0.2720816778493087 0.7404039034105689 -0.6146329151559473
vn -0.46291922618110104 0.8793574399727025 -0.1115180828231253
vn -0.6008347486396847 0.7989054010110318 -0.027345293241977264
vn -0.5164709713274422 0.809818450719459 -0.2783016576494353
vn -0.14786748817819906 0.7550246236803816 -0.6388059357709259
vn -0.21598419591225787 0.812847675554346 -0.5409523855775404
vn -0.2720816778493087 0.7404039034105689 -0.6146329151559473
vn -0.05768023565840889 0.9893539182641649 -0.13361068381583208
vn -0.21378480100627398 0.9766349885057921 -0.02191250978319985
vn 0.02810787756817432 0.8976520219255354 -0.43980767927767095
vn 0.02810787756817432 0.8976520219255354 -0.43980767927767095
vn 0.06561665102541951 0.8719392240254925 -0.4851973255429488
vn -0.05768023565840889 0.9893539182641649 -0.13361068381583208
vn 0.2942649742134016 0.846477097075556 0.4437168568780385
vn 0.4437194718330426 0.6295206481119141 0.6378219061124831
vn 0.46807608009874097 0.8578393459593028 0.21217077971179876
vn 0.2942649742134016 0.846477097075556 0.4437168568780385
vn 0.46807608009874097 0.8578393459593028 0.21217077971179876
vn 0.36022079536356677 0.9252268812080636 0.11914779426258439
vn 0.1046177025082841 0.9945093633597807 0.002502501071354834
vn 0.2942649742134016 0.846477097075556 0.4437168568780385
vn 0.36022079536356677 0.9252268812080636 0.11914779426258439
vn 0.0596948128403734 -0.9856972286359102 0.15759918394280725
vn -0.13498558258706705 -0.9843605869549128 0.11319508533240252
vn -0.05710040823208735 -0.9880726415798156 0.14301048332627378
vn 0.0596948128403734 -0.9856972286359102 0.15759918394280725
vn -0.05710040823208735 -0.9880726415798156 0.14301048332627378
vn 0.1344071053700414 -0.9760389495632054 0.17112188335102252
vn 0.31190818419462796 -0.9230592212724819 0.22511099186012565
vn 0.0596948128403734 -0.9856972286359102 0.15759918394280725
vn 0.1344071053700414 -0.9760389495632054 0.17112188335102252
vn 0.21555618707472818 -0.8255104332835711 0.5216014328524947
vn 0.0596948128403734 -0.9856972286359102 0.15759918394280725
vn 0.31190818419462796 -0.9230592212724819 0.22511099186012565
vn 0.3767894826197057 -0.6576572694540963 0.6523163356235658
vn 0.21555618707472818 -0.8255104332835711 0.5216014328524947
vn 0.31190818419462796 -0.9230592212724819 0.22511099186012565
vn 0.7019245900507548 -0.6930738960000874 0.16416590561179226
vn 0.48531067017561436 -0.8742428358239088 -0.013153608792493672
vn 0.6374843289066291 -0.7549219927047068 0.15396920253485552
vn 0.8119506035867877 -0.5768648241049674 0.08923671915414741
vn 0.7019245900507548 -0.6930738960000874 0.16416590561179226
vn 0.6374843289066291 -0.7549219927047068 0.15396920253485552
vn 0.8119506035867877 -0.5768648241049674 0.08923671915414741
vn 0.6374843289066291 -0.7549219927047068 0.15396920253485552
vn 0.8704717895332426 -0.4693870023887695 0.1481712037316275
vn 0.9209697405664296 -0.3736431961239607 0.11047849995032893
vn 0.8119506035867877 -0.5768648241049674 0.08923671915414741
vn 0.8704717895332426 -0.4693870023887695 0.1481712037316275
vn 0.9611509642238086 -0.2694567796007536 0.059848708414080735
vn 0.9209697405664296 -0.3736431961239607 0.11047849995032893
vn 0.8704717895332426 -0.4693870023887695 0.1481712037316275
vn 0.9611509642238086 -0.2694567796007536 0.059848708414080735
vn 0.8704717895332426 -0.4693870023887695 0.1481712037316275
vn 0.9774435444316574 -0.1611727075547186 0.1364825109248793
vn 0.7272223807555684 -0.17606787328676307 0.66343629153407
vn 0.8680877730798258 -0.0841718842006511 0.48922255890281796
vn 0.7007889020313902 -0.2481846017843634 0.6688043945928999
vn 0.978631676418685 0.07431446769817812 0.19172219955104575
vn 0.9611509642238086 -0.2694567796007536 0.059848708414080735
vn 0.9774435444316574 -0.1611727075547186 0.1364825109248793
vn 0.8680877730798258 -0.0841718842006511 0.48922255890281796
vn 0.9611509642238086 -0.2694567796007536 0.059848708414080735
vn 0.978631676418685 0.07431446769817812 0.19172219955104575
vn 0.8582284959051628 0.12445700041683028 0.49795010178089827
vn 0.8680877730798258 -0.0841718842006511 0.48922255890281796
vn 0.978631676418685 0.07431446769817812 0.19172219955104575
vn 0.8582284959051628 0.12445700041683028 0.49795010178089827
vn 0.978631676418685 0.07431446769817812 0.19172219955104575
vn 0.9637363221664754 0.26603618994794487 0.020905668490057726
vn 0.8407081675645668 0.5409501010937372 0.024140528513349857
vn 0.9637363221664754 0.26603618994794487 0.020905668490057726
vn 0.9073571893738872 0.40971608753124306 0.0939981835442087
vn 0.0995236494547694 -0.8045519061842495 -0.5854837943568505
vn 0.018891209551261518 -0.7626686021421205 -0.6465135153330317
vn 0.19877397657620213 -0.7212080230129398 -0.6635871410582415
vn 0.4942572893510194 -0.8656445536018764 -0.07980751056630421
vn 0.2404883865489507 -0.9703158396601962 -0.025544221256692336
vn 0.3278994779172119 -0.8962910555175102 -0.29857038731415936
vn 0.6529478815434221 -0.7436494586550058 -0.1436821026783573
vn 0.6832662359661459 -0.7236127400204266 -0.09763121052606977
vn 0.4942572893510194 -0.8656445536018764 -0.07980751056630421
vn 0.6395342981012214 -0.4345048987775475 -0.6341934834815722
vn 0.5143110019043279 -0.5524602385207574 -0.6559511248361073
vn 0.6356965834288322 -0.522346073993807 -0.5683699787991675
vn 0.8091941506709879 -0.5874699972609052 0.009155808982876885
vn 0.6832662359661459 -0.7236127400204266 -0.09763121052606977
vn 0.6529478815434221 -0.7436494586550058 -0.1436821026783573
vn 0.6888068883903495 -0.2941392051065965 -0.6625912756181326
vn 0.6356965834288322 -0.522346073993807 -0.5683699787991675
vn 0.6672136451843541 -0.34880547117013266 -0.6581494472850288
vn 0.6888068883903495 -0.2941392051065965 -0.6625912756181326
vn 0.6395342981012214 -0.4345048987775475 -0.6341934834815722
vn 0.6356965834288322 -0.522346073993807 -0.5683699787991675
vn 0.924806364577798 -0.3646671804131142 -0.10840219354766764
vn 0.9103731639434325 -0.40830976337913694 -0.0671106511732479
vn 0.8091941506709879 -0.5874699972609052 0.009155808982876885
vn 0.7475936627677764 -0.12534150841469077 -0.6522217580377018
vn 0.6888068883903495 -0.2941392051065965 -0.6625912756181326
vn 0.7339004067208273 -0.14618800160254192 -0.6633394765898221
vn 0.9962257675507235 0.0663173715755563 -0.05600202045713597
vn 0.9725618747607471 0.21058390578026204 -0.09888285184090694
vn 0.9551603206385891 0.28144830489875095 -0.09195441015637798
vn 0.6846087651963862 0.33327067273210104 -0.6482603622873854
vn 0.7269328440320139 0.24268741095762394 -0.6423950971405474
vn 0.6928468786230151 0.3166671919859789 -0.6478310677190932
vn 0.8976642683142626 0.4352051709629097 -0.0692482531112811
vn 0.9551603206385891 0.28144830489875095 -0.09195441015637798
vn 0.9725618747607471 0.21058390578026204 -0.09888285184090694
vn 0.5745630731717677 0.4782430720567051 -0.6641993970015173
vn 0.6846087651963862 0.33327067273210104 -0.6482603622873854
vn 0.6928468786230151 0.3166671919859789 -0.6478310677190932
vn 0.5745630731717677 0.4782430720567051 -0.6641993970015173
vn 0.6928468786230151 0.3166671919859789 -0.6478310677190932
vn 0.5687854805029764 0.47591572321997744 -0.6708109283255632
vn 0.8976642683142626 0.4352051709629097 -0.0692482531112811
vn 0.7795160302725381 0.6223433525905995 -0.0710176740990299
vn 0.844303265158991 0.5292574260315944 -0.08389620630444264
vn 0.2897486184249732 0.7101494899294571 -0.6416645853354781
vn 0.47210492164588086 0.5898488942532822 -0.6551299297894401
vn 0.47072327922631846 0.6925956722459335 -0.5465627403881688
vn 0.43535049937466685 0.6925018896590026 -0.5752487075282645
vn 0.47210492164588086 0.5898488942532822 -0.6551299297894401
vn 0.2897486184249732 0.7101494899294571 -0.6416645853354781
vn 0.2223892849400457 0.952120381454091 -0.20978509280587998
vn 0.2897486184249732 0.7101494899294571 -0.6416645853354781
vn 0.10895370052870285 0.8711111034196812 -0.47884709108445783
vn -0.04855579027633951 -0.9951346886869652 -0.08572798027795281
vn 0.2404883865489507 -0.9703158396601962 -0.025544221256692336
vn 0.08270715177233938 -0.9949278831692167 -0.057254120708721705
vn -0.04855579027633951 -0.9951346886869652 -0.08572798027795281
vn 0.08270715177233938 -0.9949278831692167 -0.057254120708721705
vn -0.15860838994644896 -0.9812844871997088 -0.1091976823004941
vn 0.9816251594491654 -0.18870130560702383 0.028352488402343383
vn 0.9962257675507235 0.0663173715755563 -0.05600202045713597
vn 0.9986031632070598 -0.027009058691173312 -0.0454118176411314
vn 0.2223892849400457 0.952120381454091 -0.20978509280587998
vn 0.11633948410396833 0.9926399140737979 -0.03363220816399055
vn 0.40489869971103154 0.913593165384182 -0.037477608456605215
vn 0.9816251594491654 -0.18870130560702383 0.028352488402343383
vn 0.9986031632070598 -0.027009058691173312 -0.0454118176411314
vn 0.9103731639434325 -0.40830976337913694 -0.0671106511732479
vn 0.924806364577798 -0.3646671804131142 -0.10840219354766764
vn 0.9816251594491654 -0.18870130560702383 0.028352488402343383
vn 0.9103731639434325 -0.40830976337913694 -0.0671106511732479
vn 0.35887078347962337 0.9292367929079859 -0.08792464654920287
vn 0.2223892849400457 0.952120381454091 -0.20978509280587998
vn 0.40489869971103154 0.913593165384182 -0.037477608456605215
vn 0.5283159059025588 0.8485527105169423 0.028993120644539565
vn 0.35887078347962337 0.9292367929079859 -0.08792464654920287
vn 0.40489869971103154 0.913593165384182 -0.037477608456605215
vn 0.5283159059025588 0.8485527105169423 0.028993120644539565
vn 0.40489869971103154 0.913593165384182 -0.037477608456605215
vn 0.6905915299563867 0.721049742554063 -0.05630814785815924
vn 0.8091941506709879 -0.5874699972609052 0.009155808982876885
vn 0.9103731639434325 -0.40830976337913694 -0.0671106511732479
vn 0.6832662359661459 -0.7236127400204266 -0.09763121052606977
vn 0.6372024887942106 0.7676094023769582 -0.0689114914724165
vn 0.5283159059025588 0.8485527105169423 0.028993120644539565
vn 0.6905915299563867 0.721049742554063 -0.05630814785815924
vn 0.7795160302725381 0.6223433525905995 -0.0710176740990299
vn 0.6372024887942106 0.7676094023769582 -0.0689114914724165
vn 0.6905915299563867 0.721049742554063 -0.05630814785815924
vn 0.7795160302725381 0.6223433525905995 -0.0710176740990299
vn 0.6905915299563867 0.721049742554063 -0.05630814785815924
vn 0.844303265158991 0.5292574260315944 -0.08389620630444264
vn 0.4942572893510194 -0.8656445536018764 -0.07980751056630421
vn 0.6832662359661459 -0.7236127400204266 -0.09763121052606977
vn 0.4056980790063065 -0.9107681844303928 -0.07687901482172455
vn 0.8976642683142626 0.4352051709629097 -0.0692482531112811
vn 0.844303265158991 0.5292574260315944 -0.08389620630444264
vn 0.9551603206385891 0.28144830489875095 -0.09195441015637798
vn 0.2404883865489507 -0.9703158396601962 -0.025544221256692336
vn 0.4942572893510194 -0.8656445536018764 -0.07980751056630421
vn 0.4056980790063065 -0.9107681844303928 -0.07687901482172455
vn 0.2404883865489507 -0.9703158396601962 -0.025544221256692336
vn 0.4056980790063065 -0.9107681844303928 -0.07687901482172455
vn 0.08270715177233938 -0.9949278831692167 -0.057254120708721705
vn 0.9962257675507235 0.0663173715755563 -0.05600202045713597
vn 0.9551603206385891 0.28144830489875095 -0.09195441015637798
vn 0.9986031632070598 -0.027009058691173312 -0.0454118176411314
vn 0.7450051026748234 0.022095910371612047 -0.6666927086246898
vn 0.7475936627677764 -0.12534150841469077 -0.6522217580377018
vn 0.7339004067208273 -0.14618800160254192 -0.6633394765898221
vn 0.7450051026748234 0.022095910371612047 -0.6666927086246898
vn 0.7339004067208273 -0.14618800160254192 -0.6633394765898221
vn 0.8135605327373184 0.04599296602294983 -0.5796584396423315
vn 0.734627956932142 0.17347118136151737 -0.6559188319683665
vn 0.8135605327373184 0.04599296602294983 -0.5796584396423315
vn 0.7534930166377696 0.15650329110942138 -0.6385569620245585
vn 0.734627956932142 0.17347118136151737 -0.6559188319683665
vn 0.7450051026748234 0.022095910371612047 -0.6666927086246898
vn 0.8135605327373184 0.04599296602294983 -0.5796584396423315
vn 0.018891209551261518 -0.7626686021421205 -0.6465135153330317
vn -0.14255269072960614 -0.6573419663689738 -0.7399866685393192
vn -0.01959305830718398 -0.781067079452305 -0.6241396714374259
vn 0.734627956932142 0.17347118136151737 -0.6559188319683665
vn 0.7534930166377696 0.15650329110942138 -0.6385569620245585
vn 0.7269328440320139 0.24268741095762394 -0.6423950971405474
vn 0.018891209551261518 -0.7626686021421205 -0.6465135153330317
vn -0.01959305830718398 -0.781067079452305 -0.6241396714374259
vn 0.19877397657620213 -0.7212080230129398 -0.6635871410582415
vn 0.6846087651963862 0.33327067273210104 -0.6482603622873854
vn 0.734627956932142 0.17347118136151737 -0.6559188319683665
vn 0.7269328440320139 0.24268741095762394 -0.6423950971405474
vn 0.362876892953574 -0.6702387944915928 -0.6473795787007934
vn 0.23444797802796108 -0.6826520929368065 -0.6921128994662638
vn 0.35179237931164714 -0.6757820517521551 -0.6477350850370064
vn 0.362876892953574 -0.6702387944915928 -0.6473795787007934
vn 0.19877397657620213 -0.7212080230129398 -0.6635871410582415
vn 0.23444797802796108 -0.6826520929368065 -0.6921128994662638
vn 0.5143110019043279 -0.5524602385207574 -0.6559511248361073
vn 0.362876892953574 -0.6702387944915928 -0.6473795787007934
vn 0.35179237931164714 -0.6757820517521551 -0.6477350850370064
vn 0.5143110019043279 -0.5524602385207574 -0.6559511248361073
vn 0.35179237931164714 -0.6757820517521551 -0.6477350850370064
vn 0.4828388341051743 -0.5803162393212827 -0.6558198858375366
vn 0.47210492164588086 0.5898488942532822 -0.6551299297894401
vn 0.5745630731717677 0.4782430720567051 -0.6641993970015173
vn 0.5687854805029764 0.47591572321997744 -0.6708109283255632
vn 0.47210492164588086 0.5898488942532822 -0.6551299297894401
vn 0.5687854805029764 0.47591572321997744 -0.6708109283255632
vn 0.47072327922631846 0.6925956722459335 -0.5465627403881688
vn 0.2897486184249732 0.7101494899294571 -0.6416645853354781
vn 0.47072327922631846 0.6925956722459335 -0.5465627403881688
vn 0.27825048624750304 0.7165477291012583 -0.6396374119943719
vn 0.5143110019043279 -0.5524602385207574 -0.6559511248361073
vn 0.4828388341051743 -0.5803162393212827 -0.6558198858375366
vn 0.6356965834288322 -0.522346073993807 -0.5683699787991675
vn 0.10895370052870285 0.8711111034196812 -0.47884709108445783
vn 0.2897486184249732 0.7101494899294571 -0.6416645853354781
vn 0.06131320935465734 0.7338665862890534 -0.6765208968591314
vn 0.6888068883903495 -0.2941392051065965 -0.6625912756181326
vn 0.6672136451843541 -0.34880547117013266 -0.6581494472850288
vn 0.7339004067208273 -0.14618800160254192 -0.6633394765898221
vn 0.9529802214116191 -0.2823904755972447 0.10992869002323052
vn 0.9976386832157035 -0.06863742934851037 0.002441524946696625
vn 0.9483088012355858 -0.31733377956243014 0.0031128520281082633
vn 0.9529802214116191 -0.2823904755972447 0.10992869002323052
vn 0.9822843894419216 0.08081430380700588 0.16907520977038626
vn 0.9976386832157035 -0.06863742934851037 0.002441524946696625
vn 0.8977803075188209 -0.4399938326185722 0.019898409208554
vn 0.9529802214116191 -0.2823904755972447 0.10992869002323052
vn 0.9483088012355858 -0.31733377956243014 0.0031128520281082633
vn 0.8977803075188209 -0.4399938326185722 0.019898409208554
vn 0.9483088012355858 -0.31733377956243014 0.0031128520281082633
vn 0.831808527311998 -0.555057956126024 0.002288936924848768
vn 0.39610975346040556 0.9182030411455155 -0.000488307959491813
vn 0.2113424805450738 0.9737626166084624 -0.08438437303728687
vn 0.37522677033516116 0.9267903080575264 -0.016266398325370468
vn 0.39610975346040556 0.9182030411455155 -0.000488307959491813
vn 0.1215889952353739 0.9925804545860714 0.000396751005356506
vn 0.2113424805450738 0.9737626166084624 -0.08438437303728687
vn 0.7595053968558549 -0.6504901696685569 0.0037538395546703068
vn 0.8977803075188209 -0.4399938326185722 0.019898409208554
vn 0.831808527311998 -0.555057956126024 0.002288936924848768
vn 0.39610975346040556 0.9182030411455155 -0.000488307959491813
vn 0.37522677033516116 0.9267903080575264 -0.016266398325370468
vn 0.6147210769286447 0.7887424450361821 0.0018311138775082138
vn 0.6287238791981603 0.777290785468811 0.022919828779815327
vn 0.39610975346040556 0.9182030411455155 -0.000488307959491813
vn 0.6147210769286447 0.7887424450361821 0.0018311138775082138
vn 0.6684642771973919 -0.7437248538764994 0.005371390634432641
vn 0.831808527311998 -0.555057956126024 0.002288936924848768
vn 0.6566851790578199 -0.754164106062913 0.001037657036828107
vn 0.6684642771973919 -0.7437248538764994 0.005371390634432641
vn 0.7595053968558549 -0.6504901696685569 0.0037538395546703068
vn 0.831808527311998 -0.555057956126024 0.002288936924848768
vn 0.7418080206613913 0.6624877066092342 0.10407160551306047
vn 0.6147210769286447 0.7887424450361821 0.0018311138775082138
vn 0.8029000540419857 0.5742195092190057 -0.1600732908753386
vn 0.7418080206613913 0.6624877066092342 0.10407160551306047
vn 0.6287238791981603 0.777290785468811 0.022919828779815327
vn 0.6147210769286447 0.7887424450361821 0.0018311138775082138
vn 0.5740906557452097 -0.8187910859180407 -0.0010375968343424818
vn 0.6684642771973919 -0.7437248538764994 0.005371390634432641
vn 0.6566851790578199 -0.754164106062913 0.001037657036828107
vn 0.5740906557452097 -0.8187910859180407 -0.0010375968343424818
vn 0.6566851790578199 -0.754164106062913 0.001037657036828107
vn 0.4343487596481605 -0.9007425258722137 0.0020142188185019215
vn 0.3640333415888108 -0.9313856963974766 -0.0006409039491249498
vn 0.5740906557452097 -0.8187910859180407 -0.0010375968343424818
vn 0.4343487596481605 -0.9007425258722137 0.0020142188185019215
vn 0.8674110132271707 0.4788126028292983 0.13541279667758796
vn 0.7418080206613913 0.6624877066092342 0.10407160551306047
vn 0.8029000540419857 0.5742195092190057 -0.1600732908753386
vn 0.8674110132271707 0.4788126028292983 0.13541279667758796
vn 0.8029000540419857 0.5742195092190057 -0.1600732908753386
vn 0.9062647873374106 0.42223173630810573 -0.020112088069627134
vn 0.3640333415888108 -0.9313856963974766 -0.0006409039491249498
vn 0.4343487596481605 -0.9007425258722137 0.0020142188185019215
vn 0.12280969932442991 -0.9924271594203767 0.002472043010372612
vn 0.9459534257669248 0.32176759737749033 0.04046887146605865
vn 0.8674110132271707 0.4788126028292983 0.13541279667758796
vn 0.9062647873374106 0.42223173630810573 -0.020112088069627134
vn 0.9459534257669248 0.32176759737749033 0.04046887146605865
vn 0.9062647873374106 0.42223173630810573 -0.020112088069627134
vn 0.9811788301205865 0.19309230345340095 0.0018616310743119855
vn 0.12784250261469826 -0.991794361795959 0.0004882980207152714
vn 0.3640333415888108 -0.9313856963974766 -0.0006409039491249498
vn 0.12280969932442991 -0.9924271594203767 0.002472043010372612
vn 0.9822843894419216 0.08081430380700588 0.16907520977038626
vn 0.9459534257669248 0.32176759737749033 0.04046887146605865
vn 0.9811788301205865 0.19309230345340095 0.0018616310743119855
vn -0.11902599572730832 -0.9928901021165318 -0.0014343849364233793
vn 0.12784250261469826 -0.991794361795959 0.0004882980207152714
vn 0.12280969932442991 -0.9924271594203767 0.002472043010372612
vn 0.9822843894419216 0.08081430380700588 0.16907520977038626
vn 0.9811788301205865 0.19309230345340095 0.0018616310743119855
vn 0.9976386832157035 -0.06863742934851037 0.002441524946696625
vn -0.11902599572730832 -0.9928901021165318 -0.0014343849364233793
vn 0.12280969932442991 -0.9924271594203767 0.002472043010372612
vn -0.20230937904590335 -0.9793191266747135 0.002227841811518463
vn 0.7007889020313902 -0.2481846017843634 0.6688043945928999
vn 0.7168068095768718 -0.1423114797702489 0.6825946384713467
vn 0.6645853598255408 -0.31816226621293536 0.6760910233569188
vn 0.7007889020313902 -0.2481846017843634 0.6688043945928999
vn 0.8680877730798258 -0.0841718842006511 0.48922255890281796
vn 0.7168068095768718 -0.1423114797702489 0.6825946384713467
vn 0.6270235025441061 -0.42095564752519843 0.6554676727909335
vn 0.7007889020313902 -0.2481846017843634 0.6688043945928999
vn 0.6645853598255408 -0.31816226621293536 0.6760910233569188
vn 0.2942649742134016 0.846477097075556 0.4437168568780385
vn 0.08633863210057478 0.73932612192177 0.6677892826716505
vn 0.21534350926757692 0.7351468346219934 0.6427956942618617
vn 0.6270235025441061 -0.42095564752519843 0.6554676727909335
vn 0.6645853598255408 -0.31816226621293536 0.6760910233569188
vn 0.5653104336027632 -0.48919518099606 0.6641627726318964
vn 0.2942649742134016 0.846477097075556 0.4437168568780385
vn 0.21534350926757692 0.7351468346219934 0.6427956942618617
vn 0.32426860670690477 0.6832379048378656 0.6542444773149609
vn 0.4437194718330426 0.6295206481119141 0.6378219061124831
vn 0.2942649742134016 0.846477097075556 0.4437168568780385
vn 0.32426860670690477 0.6832379048378656 0.6542444773149609
vn 0.3767894826197057 -0.6576572694540963 0.6523163356235658
vn 0.5145327626086571 -0.5567415548417417 0.6521463618810607
vn 0.430992007795087 -0.6036391265796339 0.6707202800564005
vn 0.560455905697264 0.4941374846340435 0.6646181791439353
vn 0.4437194718330426 0.6295206481119141 0.6378219061124831
vn 0.47142811129108203 0.578641634888128 0.6655294090109898
vn 0.560455905697264 0.4941374846340435 0.6646181791439353
vn 0.47142811129108203 0.578641634888128 0.6655294090109898
vn 0.5967115690236423 0.4280624041686913 0.6787472884149613
vn 0.3767894826197057 -0.6576572694540963 0.6523163356235658
vn 0.430992007795087 -0.6036391265796339 0.6707202800564005
vn 0.27864159038278713 -0.678078732563272 0.6801235891765097
vn 0.6476156527988011 0.37364559306441697 0.6640654614068728
vn 0.5967115690236423 0.4280624041686913 0.6787472884149613
vn 0.7033170029757365 0.24604647435808036 0.6669380224437548
vn 0.6476156527988011 0.37364559306441697 0.6640654614068728
vn 0.560455905697264 0.4941374846340435 0.6646181791439353
vn 0.5967115690236423 0.4280624041686913 0.6787472884149613
vn 0.21555618707472818 -0.8255104332835711 0.5216014328524947
vn 0.3767894826197057 -0.6576572694540963 0.6523163356235658
vn 0.27864159038278713 -0.678078732563272 0.6801235891765097
vn 0.21555618707472818 -0.8255104332835711 0.5216014328524947
vn 0.27864159038278713 -0.678078732563272 0.6801235891765097
vn 0.08905600049769585 -0.7581967148112618 0.6459154514522506
vn 0.7298308432121335 0.24485366936699457 0.638273938754971
vn 0.6476156527988011 0.37364559306441697 0.6640654614068728
vn 0.7033170029757365 0.24604647435808036 0.6669380224437548
vn 0.033174631504773996 -0.7538313553714913 0.6562299379663371
vn 0.21555618707472818 -0.8255104332835711 0.5216014328524947
vn 0.08905600049769585 -0.7581967148112618 0.6459154514522506
vn 0.033174631504773996 -0.7538313553714913 0.6562299379663371
vn 0.08905600049769585 -0.7581967148112618 0.6459154514522506
vn -0.04477178580651262 -0.8282934247317271 0.5585029003880665
vn 0.7298308432121335 0.24485366936699457 0.638273938754971
vn 0.7033170029757365 0.24604647435808036 0.6669380224437548
vn 0.8582284959051628 0.12445700041683028 0.49795010178089827
vn -0.10248449638934391 -0.7238010305204399 0.6823554764324619
vn 0.033174631504773996 -0.7538313553714913 0.6562299379663371
vn -0.04477178580651262 -0.8282934247317271 0.5585029003880665
vn 0.8680877730798258 -0.0841718842006511 0.48922255890281796
vn 0.8582284959051628 0.12445700041683028 0.49795010178089827
vn 0.7227261678744674 0.03778277718581335 0.6901009694368023
vn 0.8680877730798258 -0.0841718842006511 0.48922255890281796
vn 0.7227261678744674 0.03778277718581335 0.6901009694368023
vn 0.7168068095768718 -0.1423114797702489 0.6825946384713467
vn 0.9992397869065954 0.03103738975207133 0.023590860523512842
vn 0.978631676418685 0.07431446769817812 0.19172219955104575
vn 0.9774435444316574 -0.1611727075547186 0.1364825109248793
vn 0.22245308812631565 0.965407850779919 0.13602317903785205
vn 0.1046177025082841 0.9945093633597807 0.002502501071354834
vn 0.36022079536356677 0.9252268812080636 0.11914779426258439
vn 0.36022079536356677 0.9252268812080636 0.11914779426258439
vn 0.46807608009874097 0.8578393459593028 0.21217077971179876
vn 0.5739191206974308 0.8181970165762524 -0.034212351038879533
vn 0.695413842673274 0.7136339696893172 0.08441649556726377
vn 0.36022079536356677 0.9252268812080636 0.11914779426258439
vn 0.5739191206974308 0.8181970165762524 -0.034212351038879533
vn 0.695413842673274 0.7136339696893172 0.08441649556726377
vn 0.5739191206974308 0.8181970165762524 -0.034212351038879533
vn 0.7843146274233587 0.6193885763796597 0.034761424886449954
vn 0.695413842673274 0.7136339696893172 0.08441649556726377
vn 0.7843146274233587 0.6193885763796597 0.034761424886449954
vn 0.8407081675645668 0.5409501010937372 0.024140528513349857
vn 0.9073571893738872 0.40971608753124306 0.0939981835442087
vn 0.695413842673274 0.7136339696893172 0.08441649556726377
vn 0.8407081675645668 0.5409501010937372 0.024140528513349857
vn 0.33519005768601656 -0.9416022894842386 0.03213648497401572
vn 0.6374843289066291 -0.7549219927047068 0.15396920253485552
vn 0.48531067017561436 -0.8742428358239088 -0.013153608792493672
vn 0.33519005768601656 -0.9416022894842386 0.03213648497401572
vn 0.48531067017561436 -0.8742428358239088 -0.013153608792493672
vn 0.31190818419462796 -0.9230592212724819 0.22511099186012565
vn 0.9073571893738872 0.40971608753124306 0.0939981835442087
vn 0.9637363221664754 0.26603618994794487 0.020905668490057726
vn 0.978631676418685 0.07431446769817812 0.19172219955104575
vn 0.33519005768601656 -0.9416022894842386 0.03213648497401572
vn 0.31190818419462796 -0.9230592212724819 0.22511099186012565
vn 0.1344071053700414 -0.9760389495632054 0.17112188335102252
vn 0.9992397869065954 0.03103738975207133 0.023590860523512842
vn 0.9073571893738872 0.40971608753124306 0.0939981835442087
vn 0.978631676418685 0.07431446769817812 0.19172219955104575
vn -0.16791548948378696 -0.02356063894238395 -0.9855198043083898
vn -0.1016294082992309 0.022645352872980362 -0.9945645536424503
vn -0.24186428398863546 0.00534081423688237 -0.9702953899890239
vn -0.24186428398863546 0.00534081423688237 -0.9702953899890239
vn -0.1016294082992309 0.022645352872980362 -0.9945645536424503
vn -0.09271609242545939 0.022797519843777828 -0.9954315643449962
vn -0.09271609242545939 0.022797519843777828 -0.9954315643449962
vn -0.07550399568309832 0.02911513973564665 -0.9967203495836032
vn -0.07605390164937427 0.03601269755888895 -0.9964531547736898
vn -0.08536034087352662 0.05365157133632195 -0.9949045788914126
vn -0.07605390164937427 0.03601269755888895 -0.9964531547736898
vn -0.08795540907100864 0.04651074923820945 -0.9950379873253341
vn -0.08795540907100864 0.04651074923820945 -0.9950379873253341
vn -0.06857584299923176 0.05652086712891889 -0.996043545903461
vn -0.08536034087352662 0.05365157133632195 -0.9949045788914126
vn -0.058535567164065654 0.06628744907451935 0.9960821057884607
vn -0.058535567164065654 0.06628744907451935 0.9960821057884607
vn -0.058535567164065654 0.06628744907451935 0.9960821057884607
vn -0.05316405756527122 0.05066149694353383 -0.9972998524569413
vn -0.08536034087352662 0.05365157133632195 -0.9949045788914126
vn -0.06857584299923176 0.05652086712891889 -0.996043545903461
vn -0.06857584299923176 0.05652086712891889 -0.996043545903461
vn -0.048891422453668634 0.045046032438988685 -0.9977877949604126
vn -0.05316405756527122 0.05066149694353383 -0.9972998524569413
vn -0.04281871835721786 0.06338887020072755 -0.9970699115372605
vn -0.04544304394740827 0.0716895846778731 -0.9963912550828155
vn -0.10632949383764695 0.27494889656274457 -0.9555611665503988
vn -0.4909990884273588 0.8663288700988006 0.09161977950660105
vn -0.45265838136466163 0.8717458177388716 0.1875089838784023
vn -0.3843275013298506 0.9228069788770582 -0.026826320234994663
vn -0.0534076569464057 -0.5640158553450576 -0.8240350339026117
vn -0.0534076569464057 -0.5640158553450576 -0.8240350339026117
vn -0.0534076569464057 -0.5640158553450576 -0.8240350339026117
vn -0.035616036563044615 -0.08804820492433858 -0.9954792873531532
vn -0.05475168786779251 -0.1022396928048865 -0.9932518803862341
vn -0.028657430541276542 -0.10046899979038311 -0.9945273911541562
vn -0.025910785494396637 -0.10645098269037913 -0.9939802912932008
vn -0.035616036563044615 -0.08804820492433858 -0.9954792873531532
vn -0.028657430541276542 -0.10046899979038311 -0.9945273911541562
vn -0.04544304394740827 0.0716895846778731 -0.9963912550828155
vn -0.04611426209985287 0.18424361906806516 -0.9817982296091635
vn -0.10632949383764695 0.27494889656274457 -0.9555611665503988
vn -0.10632949383764695 0.27494889656274457 -0.9555611665503988
vn -0.04611426209985287 0.18424361906806516 -0.9817982296091635
vn -0.034242569766290594 0.14087690152186721 -0.9894347603725062
vn -0.035616036563044615 -0.08804820492433858 -0.9954792873531532
vn -0.05646066971342591 -0.07187294035039717 -0.9958144773103571
vn -0.05475168786779251 -0.1022396928048865 -0.9932518803862341
vn -0.034242569766290594 0.14087690152186721 -0.9894347603725062
vn -0.04611426209985287 0.18424361906806516 -0.9817982296091635
vn -0.021241116683233936 0.1370299867762668 -0.9903391326642331
vn 0.0022583596407809484 0.18207458775867488 -0.9832821285390279
vn -0.034242569766290594 0.14087690152186721 -0.9894347603725062
vn -0.021241116683233936 0.1370299867762668 -0.9903391326642331
vn 0.021851707474501554 0.26060307293792884 -0.965198705581269
vn -0.034242569766290594 0.14087690152186721 -0.9894347603725062
vn 0.0022583596407809484 0.18207458775867488 -0.9832821285390279
vn -0.1490535847432751 -0.07904360988684396 -0.9856648196071703
vn -0.17099799090381518 -0.16153707981845566 -0.9719390201810938
vn -0.11667528047607552 -0.07870928227885034 -0.9900463260923589
vn -0.1490535847432751 -0.07904360988684396 -0.9856648196071703
vn -0.09518795557452006 -0.03112911837228774 -0.9949724775605138
vn -0.10877030070678897 -0.020447790111116654 -0.9938565840017998
vn -0.09518795557452006 -0.03112911837228774 -0.9949724775605138
vn -0.16791548948378696 -0.02356063894238395 -0.9855198043083898
vn -0.10877030070678897 -0.020447790111116654 -0.9938565840017998
vn -0.10877030070678897 -0.020447790111116654 -0.9938565840017998
vn -0.16791548948378696 -0.02356063894238395 -0.9855198043083898
vn -0.24186428398863546 0.00534081423688237 -0.9702953899890239
vn 0.9973152327266205 0.06992005590061831 -0.0217603390208233
vn 0.9777116142155878 0.20994119266026337 -0.002166806944759111
vn 0.9983910693015823 -0.05655126891120115 -0.004150508809338593
vn 0.042268626691338455 -0.9987614821619073 -0.02624623682317535
vn 0.10510729885909989 -0.9944608701179796 -0.0001831139942134336
vn -0.11520939612665915 -0.9931509746790296 -0.019440589965950075
vn -0.30045977234239785 -0.953536391239179 -0.02218728885010237
vn 0.042268626691338455 -0.9987614821619073 -0.02624623682317535
vn -0.11520939612665915 -0.9931509746790296 -0.019440589965950075
vn 0.9691004445273361 -0.24543379977099936 -0.024628811316997203
vn 0.9973152327266205 0.06992005590061831 -0.0217603390208233
vn 0.9983910693015823 -0.05655126891120115 -0.004150508809338593
vn 0.1642528919944301 0.9862499824572033 -0.01821975780936889
vn 0.13929009654094632 0.9899244462360509 0.02545308920076078
vn 0.3521299080924048 0.9356560751638207 -0.02349971991044541
vn 0.9691004445273361 -0.24543379977099936 -0.024628811316997203
vn 0.9983910693015823 -0.05655126891120115 -0.004150508809338593
vn 0.9659132949254825 -0.258706003207782 0.009094536296749728
vn 0.5229740767086859 0.8519387291146334 -0.026429470771105648
vn 0.3521299080924048 0.9356560751638207 -0.02349971991044541
vn 0.5130574216969654 0.8583510701769966 0.0023499718438837833
vn 0.9691004445273361 -0.24543379977099936 -0.024628811316997203
vn 0.9659132949254825 -0.258706003207782 0.009094536296749728
vn 0.8985953105104393 -0.43870772808650843 -0.007873832981541139
vn 0.5229740767086859 0.8519387291146334 -0.026429470771105648
vn 0.1642528919944301 0.9862499824572033 -0.01821975780936889
vn 0.3521299080924048 0.9356560751638207 -0.02349971991044541
vn 0.828320804594711 -0.5597825668949491 -0.022980915475075685
vn 0.9691004445273361 -0.24543379977099936 -0.024628811316997203
vn 0.8985953105104393 -0.43870772808650843 -0.007873832981541139
vn 0.5229740767086859 0.8519387291146334 -0.026429470771105648
vn 0.5130574216969654 0.8583510701769966 0.0023499718438837833
vn 0.6712578467114892 0.741176061278376 -0.008423147637794098
vn 0.828320804594711 -0.5597825668949491 -0.022980915475075685
vn 0.8985953105104393 -0.43870772808650843 -0.007873832981541139
vn 0.742195551996912 -0.6700787592731431 -0.011841408994041068
vn 0.7655183498724983 0.6430439206676073 -0.02182136798918303
vn 0.5229740767086859 0.8519387291146334 -0.026429470771105648
vn 0.6712578467114892 0.741176061278376 -0.008423147637794098
vn 0.7655183498724983 0.6430439206676073 -0.02182136798918303
vn 0.6712578467114892 0.741176061278376 -0.008423147637794098
vn 0.7919794293006504 0.6104804851841912 0.00906425804414293
vn 0.5780564515431322 -0.815767343416158 -0.019348908111482224
vn 0.828320804594711 -0.5597825668949491 -0.022980915475075685
vn 0.742195551996912 -0.6700787592731431 -0.011841408994041068
vn 0.5780564515431322 -0.815767343416158 -0.019348908111482224
vn 0.742195551996912 -0.6700787592731431 -0.011841408994041068
vn 0.577902922032916 -0.8160407073365997 0.010284778821117058
vn 0.7655183498724983 0.6430439206676073 -0.02182136798918303
vn 0.7919794293006504 0.6104804851841912 0.00906425804414293
vn 0.8882947636240477 0.4592544771762161 -0.00421166376835983
vn 0.9254683846331041 0.3781345484244689 -0.02285896612745342
vn 0.7655183498724983 0.6430439206676073 -0.02182136798918303
vn 0.8882947636240477 0.4592544771762161 -0.00421166376835983
vn 0.5780564515431322 -0.815767343416158 -0.019348908111482224
vn 0.577902922032916 -0.8160407073365997 0.010284778821117058
vn 0.3658042313222915 -0.9306856549416324 -0.0033876293439554987
vn 0.3153514509602937 -0.9488012030856179 -0.018158727943374777
vn 0.5780564515431322 -0.815767343416158 -0.019348908111482224
vn 0.3658042313222915 -0.9306856549416324 -0.0033876293439554987
vn 0.9254683846331041 0.3781345484244689 -0.02285896612745342
vn 0.8882947636240477 0.4592544771762161 -0.00421166376835983
vn 0.9777116142155878 0.20994119266026337 -0.002166806944759111
vn 0.3153514509602937 -0.9488012030856179 -0.018158727943374777
vn 0.3658042313222915 -0.9306856549416324 -0.0033876293439554987
vn 0.10510729885909989 -0.9944608701179796 -0.0001831139942134336
vn 0.9973152327266205 0.06992005590061831 -0.0217603390208233
vn 0.9254683846331041 0.3781345484244689 -0.02285896612745342
vn 0.9777116142155878 0.20994119266026337 -0.002166806944759111
vn 0.042268626691338455 -0.9987614821619073 -0.02624623682317535
vn 0.3153514509602937 -0.9488012030856179 -0.018158727943374777
vn 0.10510729885909989 -0.9944608701179796 -0.0001831139942134336
vn -0.998252917751808 0.05444621982498083 -0.022950410601375346
vn -0.9997209074156224 -0.023621908761834787 0.0003357119778888719
vn -0.977044427841916 0.21104088950274924 -0.029084858276280785
vn -0.30045977234239785 -0.953536391239179 -0.02218728885010237
vn -0.11520939612665915 -0.9931509746790296 -0.019440589965950075
vn -0.29756235707282497 -0.9545799375391233 0.015290078517393484
vn -0.8981620647349962 0.43871956956139796 -0.028810497302724728
vn -0.977044427841916 0.21104088950274924 -0.029084858276280785
vn -0.9321192348713929 0.3621415733962922 0.002685665807012348
vn -0.8981620647349962 0.43871956956139796 -0.028810497302724728
vn -0.998252917751808 0.05444621982498083 -0.022950410601375346
vn -0.977044427841916 0.21104088950274924 -0.029084858276280785
vn -0.30045977234239785 -0.953536391239179 -0.02218728885010237
vn -0.29756235707282497 -0.9545799375391233 0.015290078517393484
vn -0.5209315431885496 -0.8535598537254528 -0.00811809210221422
vn -0.8981620647349962 0.43871956956139796 -0.028810497302724728
vn -0.9321192348713929 0.3621415733962922 0.002685665807012348
vn -0.8025883381241342 0.5953644473313 -0.03732471515010103
vn -0.6101618901979463 -0.7919317945973823 -0.023377349204710934
vn -0.30045977234239785 -0.953536391239179 -0.02218728885010237
vn -0.5209315431885496 -0.8535598537254528 -0.00811809210221422
vn -0.6245380682301742 0.7804284744633879 -0.029725369267196034
vn -0.8981620647349962 0.43871956956139796 -0.028810497302724728
vn -0.8025883381241342 0.5953644473313 -0.03732471515010103
vn -0.6101618901979463 -0.7919317945973823 -0.023377349204710934
vn -0.5209315431885496 -0.8535598537254528 -0.00811809210221422
vn -0.7401258261899462 -0.6724643031710675 -0.0023499717658037825
vn -0.6245380682301742 0.7804284744633879 -0.029725369267196034
vn -0.8025883381241342 0.5953644473313 -0.03732471515010103
vn -0.7013681948685384 0.7126909313207853 0.012421418596910745
vn -0.8272076274210982 -0.5612986700869136 -0.025910308663154205
vn -0.6101618901979463 -0.7919317945973823 -0.023377349204710934
vn -0.7401258261899462 -0.6724643031710675 -0.0023499717658037825
vn -0.6245380682301742 0.7804284744633879 -0.029725369267196034
vn -0.7013681948685384 0.7126909313207853 0.012421418596910745
vn -0.4909990884273588 0.8663288700988006 0.09161977950660105
vn -0.8272076274210982 -0.5612986700869136 -0.025910308663154205
vn -0.7401258261899462 -0.6724643031710675 -0.0023499717658037825
vn -0.8803157762857889 -0.47435420516965887 -0.005676447851448503
vn -0.6245380682301742 0.7804284744633879 -0.029725369267196034
vn -0.4909990884273588 0.8663288700988006 0.09161977950660105
vn -0.3843275013298506 0.9228069788770582 -0.026826320234994663
vn -0.24421359118912855 0.969102602041813 -0.03463911942149119
vn -0.6245380682301742 0.7804284744633879 -0.029725369267196034
vn -0.3843275013298506 0.9228069788770582 -0.026826320234994663
vn -0.9614932884338941 -0.2739362943817019 -0.022126068719914137
vn -0.8803157762857889 -0.47435420516965887 -0.005676447851448503
vn -0.9680161697730469 -0.2505648193497426 -0.012726600573227543
vn -0.9614932884338941 -0.2739362943817019 -0.022126068719914137
vn -0.8272076274210982 -0.5612986700869136 -0.025910308663154205
vn -0.8803157762857889 -0.47435420516965887 -0.005676447851448503
vn -0.24421359118912855 0.969102602041813 -0.03463911942149119
vn -0.3843275013298506 0.9228069788770582 -0.026826320234994663
vn -0.10449819330901211 0.9944424690216148 -0.01281808883364496
vn -0.998252917751808 0.05444621982498083 -0.022950410601375346
vn -0.9680161697730469 -0.2505648193497426 -0.012726600573227543
vn -0.9997209074156224 -0.023621908761834787 0.0003357119778888719
vn -0.998252917751808 0.05444621982498083 -0.022950410601375346
vn -0.9614932884338941 -0.2739362943817019 -0.022126068719914137
vn -0.9680161697730469 -0.2505648193497426 -0.012726600573227543
vn 0.1642528919944301 0.9862499824572033 -0.01821975780936889
vn -0.10449819330901211 0.9944424690216148 -0.01281808883364496
vn 0.13929009654094632 0.9899244462360509 0.02545308920076078
vn 0.1642528919944301 0.9862499824572033 -0.01821975780936889
vn -0.24421359118912855 0.969102602041813 -0.03463911942149119
vn -0.10449819330901211 0.9944424690216148 -0.01281808883364496
vn 0.23301369052763088 0.053561087929826334 -0.9709973377339749
vn 0.10205708935262091 0.007263599248563756 -0.9947520246970235
vn 0.139470998478429 -0.009216666486342345 -0.9901832626551056
vn 0.139470998478429 -0.009216666486342345 -0.9901832626551056
vn 0.1119137872329727 -0.019776398650817276 -0.9935211111413672
vn 0.12595300507051013 -0.03750813046257367 -0.9913268788159184
vn 0.1444766806071668 -0.062014515867606264 -0.9875630048672546
vn 0.12595300507051013 -0.03750813046257367 -0.9913268788159184
vn 0.1119137872329727 -0.019776398650817276 -0.9935211111413672
vn 0.1119137872329727 -0.019776398650817276 -0.9935211111413672
vn 0.1170087023226668 -0.07245141351729159 -0.990484606775952
vn 0.1444766806071668 -0.062014515867606264 -0.9875630048672546
vn 0.10709209860886452 -0.08264619205181539 -0.9908082000845996
vn 0.1444766806071668 -0.062014515867606264 -0.9875630048672546
vn 0.1170087023226668 -0.07245141351729159 -0.990484606775952
vn 0.1170087023226668 -0.07245141351729159 -0.990484606775952
vn 0.06146464825023378 -0.06518791568919427 -0.9959782290108421
vn 0.10709209860886452 -0.08264619205181539 -0.9908082000845996
vn 0.021851707474501554 0.26060307293792884 -0.965198705581269
vn 0.0022583596407809484 0.18207458775867488 -0.9832821285390279
vn 0.04617524200446988 0.23347030850111006 -0.9712669365700788
vn 0.10709209860886452 -0.08264619205181539 -0.9908082000845996
vn 0.06146464825023378 -0.06518791568919427 -0.9959782290108421
vn 0.08298051269471059 -0.15408930019421493 -0.9845662608877982
vn 0.04617524200446988 0.23347030850111006 -0.9712669365700788
vn 0.03994928619100184 0.08838294327421255 -0.9952851399830184
vn 0.021851707474501554 0.26060307293792884 -0.965198705581269
vn 0.08298051269471059 -0.15408930019421493 -0.9845662608877982
vn 0.06146464825023378 -0.06518791568919427 -0.9959782290108421
vn 0.07040708333349825 -0.14334727459868424 -0.9871648299456375
vn 0.021851707474501554 0.26060307293792884 -0.965198705581269
vn 0.03994928619100184 0.08838294327421255 -0.9952851399830184
vn 0.11404880347027821 0.16907419576786697 -0.9789825262753401
vn 0.0012512199003092916 0.023133147731460173 0.999731609945787
vn 0.0012512199003092916 0.023133147731460173 0.999731609945787
vn 0.0012512199003092916 0.023133147731460173 0.999731609945787
vn 0.06146464825023378 -0.06518791568919427 -0.9959782290108421
vn 0.030427566368633648 -0.10205599111923067 -0.9943131990884733
vn 0.07040708333349825 -0.14334727459868424 -0.9871648299456375
vn 0.005462943650886486 -0.11450888372886087 -0.9934072034135033
vn 0.07040708333349825 -0.14334727459868424 -0.9871648299456375
vn 0.030427566368633648 -0.10205599111923067 -0.9943131990884733
vn 0.11633890634652627 0.133612793993098 -0.9841813248337179
vn 0.11404880347027821 0.16907419576786697 -0.9789825262753401
vn 0.12341819922144562 0.11209570069939832 -0.9860032971474519
vn 0.020935949153102203 -0.08127175354961126 -0.9964720709121906
vn 0.0007935009218744423 -0.12284009190317682 -0.9924261595592422
vn 0.005462943650886486 -0.11450888372886087 -0.9934072034135033
vn 0.11462819039586851 0.09360079637452585 0.9889890135307989
vn 0.11462819039586851 0.09360079637452585 0.9889890135307989
vn 0.11462819039586851 0.09360079637452585 0.9889890135307989
vn 0.11633890634652627 0.133612793993098 -0.9841813248337179
vn 0.12341819922144562 0.11209570069939832 -0.9860032971474519
vn 0.13574700188358443 0.08807681585812424 -0.9868207669014226
vn 0.23301369052763088 0.053561087929826334 -0.9709973377339749
vn 0.13574700188358443 0.08807681585812424 -0.9868207669014226
vn 0.11102708358098243 0.044862493585754684 -0.9928042825153253
vn 0.11102708358098243 0.044862493585754684 -0.9928042825153253
vn 0.10205708935262091 0.007263599248563756 -0.9947520246970235
vn 0.23301369052763088 0.053561087929826334 -0.9709973377339749
vn -0.07550399568309832 0.02911513973564665 -0.9967203495836032
vn -0.06857584299923176 0.05652086712891889 -0.996043545903461
vn -0.08795540907100864 0.04651074923820945 -0.9950379873253341
vn -0.07550399568309832 0.02911513973564665 -0.9967203495836032
vn -0.08795540907100864 0.04651074923820945 -0.9950379873253341
vn -0.07605390164937427 0.03601269755888895 -0.9964531547736898
vn -0.1016294082992309 0.022645352872980362 -0.9945645536424503
vn -0.07550399568309832 0.02911513973564665 -0.9967203495836032
vn -0.09271609242545939 0.022797519843777828 -0.9954315643449962
vn -0.021241116683233936 0.1370299867762668 -0.9903391326642331
vn 0.04617524200446988 0.23347030850111006 -0.9712669365700788
vn 0.0022583596407809484 0.18207458775867488 -0.9832821285390279
vn 0.03994928619100184 0.08838294327421255 -0.9952851399830184
vn 0.12341819922144562 0.11209570069939832 -0.9860032971474519
vn 0.11404880347027821 0.16907419576786697 -0.9789825262753401
vn -0.11667528047607552 -0.07870928227885034 -0.9900463260923589
vn -0.09518795557452006 -0.03112911837228774 -0.9949724775605138
vn -0.1490535847432751 -0.07904360988684396 -0.9856648196071703
vn 0.13574700188358443 0.08807681585812424 -0.9868207669014226
vn 0.12341819922144562 0.11209570069939832 -0.9860032971474519
vn 0.11102708358098243 0.044862493585754684 -0.9928042825153253
vn -0.11667528047607552 -0.07870928227885034 -0.9900463260923589
vn -0.17099799090381518 -0.16153707981845566 -0.9719390201810938
vn -0.05646066971342591 -0.07187294035039717 -0.9958144773103571
vn -0.17099799090381518 -0.16153707981845566 -0.9719390201810938
vn -0.05475168786779251 -0.1022396928048865 -0.9932518803862341
vn -0.05646066971342591 -0.07187294035039717 -0.9958144773103571
vn 0.0018616308528071174 0.02261458932878064 -0.9997425241931337
vn 0.0018616308528071174 0.02261458932878064 -0.9997425241931337
vn 0.0018616308528071174 0.02261458932878064 -0.9997425241931337
vn 0.139470998478429 -0.009216666486342345 -0.9901832626551056
vn 0.10205708935262091 0.007263599248563756 -0.9947520246970235
vn 0.1119137872329727 -0.019776398650817276 -0.9935211111413672
vn 0.020935949153102203 -0.08127175354961126 -0.9964720709121906
vn 0.005462943650886486 -0.11450888372886087 -0.9934072034135033
vn 0.030427566368633648 -0.10205599111923067 -0.9943131990884733
vn -0.105566692675604 0.9864188184429665 0.1258315859357911
vn -0.05227946578234548 0.991875546020237 0.11597309457184261
vn 0.1046177025082841 0.9945093633597807 0.002502501071354834
vn -0.9892921516962452 -0.047670055514276506 0.13794420756044598
vn -0.9906189023326218 0.1029102969747705 0.08990918261154354
vn -0.9659201377927686 0.2023701790635228 0.16138338834030228
vn 0.22245308812631565 0.965407850779919 0.13602317903785205
vn -0.105566692675604 0.9864188184429665 0.1258315859357911
vn 0.1046177025082841 0.9945093633597807 0.002502501071354834
vn -0.3327512974795602 -0.9388636169161613 0.08838372506730399
vn -0.05710040823208735 -0.9880726415798156 0.14301048332627378
vn -0.24741522766514165 -0.9666498820811562 0.06613403504923304
vn -0.5748868744833322 -0.8141561377427092 0.08157735545272446
vn -0.3327512974795602 -0.9388636169161613 0.08838372506730399
vn -0.4594340741641727 -0.8874640695067095 0.036439769915573184
vn -0.8576047283304442 0.49244903730320894 -0.14835119010108333
vn -0.9228831968198146 0.3148405796214405 0.2217250875550054
vn -0.865949492722485 0.4883364929006695 -0.10797659818287236
vn -0.5748868744833322 -0.8141561377427092 0.08157735545272446
vn -0.6277772115368977 -0.7724375039148804 0.09610450156317396
vn -0.7151237092156649 -0.6989486180350026 -0.008301196575747854
vn -0.7357961491077044 0.6578186114691706 0.16086858413949287
vn -0.7499028065130804 0.6537043045280965 0.10156999077110991
vn -0.6519260361470389 0.727583760958694 0.21357507856211055
vn -0.8221656203115022 -0.553776868256132 0.1318137813820448
vn -0.5748868744833322 -0.8141561377427092 0.08157735545272446
vn -0.7151237092156649 -0.6989486180350026 -0.008301196575747854
vn -0.9459272741655409 -0.29352888832932206 0.1380665915632814
vn -0.8221656203115022 -0.553776868256132 0.1318137813820448
vn -0.9164887108810609 -0.38664654058252157 0.10272728694528903
vn -0.24018908541701603 0.9490369958633385 0.20405387457538504
vn -0.5404696466622126 0.8184715512569943 0.1949278862035718
vn -0.3735523866829198 0.9253966328471785 0.06402879288725279
vn -0.6961035170578356 0.17884019115284963 0.6953100600222347
vn -0.7533203889962165 0.09445879521243121 0.6508347928081328
vn -0.7277341860792846 0.026612869589641396 0.6853427679517204
vn -0.6961035170578356 0.17884019115284963 0.6953100600222347
vn -0.7277341860792846 0.026612869589641396 0.6853427679517204
vn -0.7746666832932353 0.3341232906587826 0.53689212737272
vn -0.19822478000877747 -0.7070170536263347 0.678847422085411
vn -0.10248449638934391 -0.7238010305204399 0.6823554764324619
vn -0.04477178580651262 -0.8282934247317271 0.5585029003880665
vn -0.19822478000877747 -0.7070170536263347 0.678847422085411
vn -0.04477178580651262 -0.8282934247317271 0.5585029003880665
vn -0.24384898333657415 -0.6891559471599017 0.6823501695023296
vn -0.663485180570156 0.3480702697169576 0.6622948757939713
vn -0.6961035170578356 0.17884019115284963 0.6953100600222347
vn -0.7746666832932353 0.3341232906587826 0.53689212737272
vn -0.5862766554077725 0.47854337502621014 0.6536634619912602
vn -0.7746666832932353 0.3341232906587826 0.53689212737272
vn -0.656774754913813 0.49761673476331286 0.5665902457609021
vn -0.5862766554077725 0.47854337502621014 0.6536634619912602
vn -0.663485180570156 0.3480702697169576 0.6622948757939713
vn -0.7746666832932353 0.3341232906587826 0.53689212737272
vn -0.3417928409530486 -0.6546833309574953 0.6742161300648648
vn -0.24384898333657415 -0.6891559471599017 0.6823501695023296
vn -0.4443857697465262 -0.5795235669888827 0.6831352157159438
vn -0.3417928409530486 -0.6546833309574953 0.6742161300648648
vn -0.19822478000877747 -0.7070170536263347 0.678847422085411
vn -0.24384898333657415 -0.6891559471599017 0.6823501695023296
vn -0.5862766554077725 0.47854337502621014 0.6536634619912602
vn -0.656774754913813 0.49761673476331286 0.5665902457609021
vn -0.4510151647950812 0.5783724661822124 0.6797577594166699
vn -0.4558910617704143 -0.5998486732020217 0.6575293978641702
vn -0.3417928409530486 -0.6546833309574953 0.6742161300648648
vn -0.4443857697465262 -0.5795235669888827 0.6831352157159438
vn -0.41045287424330545 0.6160607363896434 0.6723076729477803
vn -0.5862766554077725 0.47854337502621014 0.6536634619912602
vn -0.4510151647950812 0.5783724661822124 0.6797577594166699
vn -0.41045287424330545 0.6160607363896434 0.6723076729477803
vn -0.4510151647950812 0.5783724661822124 0.6797577594166699
vn -0.27079716214526495 0.681830224598338 0.6795413466436395
vn -0.5351623433786773 -0.4971043892847776 0.682999628391737
vn -0.4558910617704143 -0.5998486732020217 0.6575293978641702
vn -0.4443857697465262 -0.5795235669888827 0.6831352157159438
vn -0.5351623433786773 -0.4971043892847776 0.682999628391737
vn -0.4443857697465262 -0.5795235669888827 0.6831352157159438
vn -0.6333637209587156 -0.39134689992748317 0.6676061719984909
vn -0.23298257205178885 0.7042582514987101 0.670626152424816
vn -0.41045287424330545 0.6160607363896434 0.6723076729477803
vn -0.27079716214526495 0.681830224598338 0.6795413466436395
vn -0.629516116958869 -0.42000293213523 0.6536872306285604
vn -0.5351623433786773 -0.4971043892847776 0.682999628391737
vn -0.6333637209587156 -0.39134689992748317 0.6676061719984909
vn -0.7023432123050487 -0.23969938901470003 0.6702672713440548
vn -0.6333637209587156 -0.39134689992748317 0.6676061719984909
vn -0.735276836979893 -0.25514341049745887 0.6279090802660595
vn -0.7023432123050487 -0.23969938901470003 0.6702672713440548
vn -0.629516116958869 -0.42000293213523 0.6536872306285604
vn -0.6333637209587156 -0.39134689992748317 0.6676061719984909
vn -0.23298257205178885 0.7042582514987101 0.670626152424816
vn -0.27079716214526495 0.681830224598338 0.6795413466436395
vn -0.04425310721913866 0.7390273223207618 0.6722204098098006
vn 0.08633863210057478 0.73932612192177 0.6677892826716505
vn -0.08508763572413156 0.7517500020986645 0.65393579852424
vn -0.04425310721913866 0.7390273223207618 0.6722204098098006
vn -0.7021488621267149 -0.07782321505246367 0.7077644541887204
vn -0.7023432123050487 -0.23969938901470003 0.6702672713440548
vn -0.7277341860792846 0.026612869589641396 0.6853427679517204
vn 0.08633863210057478 0.73932612192177 0.6677892826716505
vn -0.04425310721913866 0.7390273223207618 0.6722204098098006
vn 0.21534350926757692 0.7351468346219934 0.6427956942618617
vn -0.7533203889962165 0.09445879521243121 0.6508347928081328
vn -0.7021488621267149 -0.07782321505246367 0.7077644541887204
vn -0.7277341860792846 0.026612869589641396 0.6853427679517204
vn -0.995112609588967 0.0986994441974384 -0.0030518768246775114
vn -0.9992438173518363 0.03888081842793996 0.00027466798791639456
vn -0.9686506131870287 0.248426713865163 -0.00039674998365572014
vn -0.9182246914294324 0.3960448499546717 -0.003448604602654607
vn -0.995112609588967 0.0986994441974384 -0.0030518768246775114
vn -0.9686506131870287 0.248426713865163 -0.00039674998365572014
vn -0.9182246914294324 0.3960448499546717 -0.003448604602654607
vn -0.9686506131870287 0.248426713865163 -0.00039674998365572014
vn -0.8937898244892407 0.447871564147944 -0.0234693772215284
vn -0.39027598943544795 -0.9206948384911134 -0.0023804297941101933
vn -0.11902599572730832 -0.9928901021165318 -0.0014343849364233793
vn -0.20230937904590335 -0.9793191266747135 0.002227841811518463
vn -0.9182246914294324 0.3960448499546717 -0.003448604602654607
vn -0.8937898244892407 0.447871564147944 -0.0234693772215284
vn -0.8057120364414921 0.5861860456956987 -0.08493547059352784
vn -0.39027598943544795 -0.9206948384911134 -0.0023804297941101933
vn -0.20230937904590335 -0.9793191266747135 0.002227841811518463
vn -0.4664600397163131 -0.8676083508458334 -0.17225208530066893
vn -0.7353914491178775 0.6515856483674605 0.18610631210645268
vn -0.9182246914294324 0.3960448499546717 -0.003448604602654607
vn -0.8057120364414921 0.5861860456956987 -0.08493547059352784
vn -0.6380634347741753 -0.7493972229112905 0.17685829213533488
vn -0.39027598943544795 -0.9206948384911134 -0.0023804297941101933
vn -0.4664600397163131 -0.8676083508458334 -0.17225208530066893
vn -0.6380634347741753 -0.7493972229112905 0.17685829213533488
vn -0.4664600397163131 -0.8676083508458334 -0.17225208530066893
vn -0.7391082630224539 -0.6563713537923409 -0.1513129916852514
vn -0.6071695606602505 0.7938524381626944 0.0338146570407577
vn -0.8057120364414921 0.5861860456956987 -0.08493547059352784
vn -0.6008347486396847 0.7989054010110318 -0.027345293241977264
vn -0.6071695606602505 0.7938524381626944 0.0338146570407577
vn -0.7353914491178775 0.6515856483674605 0.18610631210645268
vn -0.8057120364414921 0.5861860456956987 -0.08493547059352784
vn -0.6071695606602505 0.7938524381626944 0.0338146570407577
vn -0.6008347486396847 0.7989054010110318 -0.027345293241977264
vn -0.46291922618110104 0.8793574399727025 -0.1115180828231253
vn -0.769153898376633 -0.6347457810953786 -0.07416248373433719
vn -0.6380634347741753 -0.7493972229112905 0.17685829213533488
vn -0.7391082630224539 -0.6563713537923409 -0.1513129916852514
vn -0.3823773052236881 0.9240046945885065 -0.0017090430864807992
vn -0.6071695606602505 0.7938524381626944 0.0338146570407577
vn -0.46291922618110104 0.8793574399727025 -0.1115180828231253
vn -0.769153898376633 -0.6347457810953786 -0.07416248373433719
vn -0.7391082630224539 -0.6563713537923409 -0.1513129916852514
vn -0.8841979515920517 -0.4669414765171984 -0.01263486875114531
vn -0.8736920738262995 -0.4863475739743184 -0.011322430056964473
vn -0.769153898376633 -0.6347457810953786 -0.07416248373433719
vn -0.8841979515920517 -0.4669414765171984 -0.01263486875114531
vn -0.3823773052236881 0.9240046945885065 -0.0017090430864807992
vn -0.46291922618110104 0.8793574399727025 -0.1115180828231253
vn -0.21378480100627398 0.9766349885057921 -0.02191250978319985
vn -0.8736920738262995 -0.4863475739743184 -0.011322430056964473
vn -0.8841979515920517 -0.4669414765171984 -0.01263486875114531
vn -0.9750199616469084 -0.2221170000012234 -0.0003357089778884104
vn -0.1319037861943475 0.9912625233792381 -0.000030519197883375075
vn -0.3823773052236881 0.9240046945885065 -0.0017090430864807992
vn -0.21378480100627398 0.9766349885057921 -0.02191250978319985
vn -0.9791804623844214 -0.2029836937761042 -0.0018005959123094267
vn -0.8736920738262995 -0.4863475739743184 -0.011322430056964473
vn -0.9750199616469084 -0.2221170000012234 -0.0003357089778884104
vn -0.1319037861943475 0.9912625233792381 -0.000030519197883375075
vn -0.21378480100627398 0.9766349885057921 -0.02191250978319985
vn -0.05768023565840889 0.9893539182641649 -0.13361068381583208
vn -0.1319037861943475 0.9912625233792381 -0.000030519197883375075
vn -0.05768023565840889 0.9893539182641649 -0.13361068381583208
vn 0.2113424805450738 0.9737626166084624 -0.08438437303728687
vn 0.1215889952353739 0.9925804545860714 0.000396751005356506
vn -0.1319037861943475 0.9912625233792381 -0.000030519197883375075
vn 0.2113424805450738 0.9737626166084624 -0.08438437303728687
vn -0.9791804623844214 -0.2029836937761042 -0.0018005959123094267
vn -0.9750199616469084 -0.2221170000012234 -0.0003357089778884104
vn -0.9992438173518363 0.03888081842793996 0.00027466798791639456
vn -0.995112609588967 0.0986994441974384 -0.0030518768246775114
vn -0.9791804623844214 -0.2029836937761042 -0.0018005959123094267
vn -0.9992438173518363 0.03888081842793996 0.00027466798791639456
vn -0.7517722230654684 0.07574789207539268 -0.6550578458986186
vn -0.7569951719231154 0.042452028247024015 -0.6520399795892938
vn -0.7442668655290677 -0.09320501956760026 -0.6613468509057407
vn -0.7183907047305197 -0.21345099852222527 -0.6620826735285045
vn -0.7810251035056518 -0.06900463926138088 -0.6206755573199195
vn -0.7354573111961108 -0.29167414110368634 -0.6115788901029972
vn -0.7183907047305197 -0.21345099852222527 -0.6620826735285045
vn -0.7442668655290677 -0.09320501956760026 -0.6613468509057407
vn -0.7810251035056518 -0.06900463926138088 -0.6206755573199195
vn -0.03872877055790378 0.7496420874501923 -0.6607093332581215
vn 0.06131320935465734 0.7338665862890534 -0.6765208968591314
vn -0.14786748817819906 0.7550246236803816 -0.6388059357709259
vn -0.19486248046806506 0.7445060440220841 -0.6385447236650065
vn -0.14786748817819906 0.7550246236803816 -0.6388059357709259
vn -0.2720816778493087 0.7404039034105689 -0.6146329151559473
vn -0.19486248046806506 0.7445060440220841 -0.6385447236650065
vn -0.03872877055790378 0.7496420874501923 -0.6607093332581215
vn -0.14786748817819906 0.7550246236803816 -0.6388059357709259
vn -0.6339598243858575 -0.3395951361225316 -0.6948165834136171
vn -0.7183907047305197 -0.21345099852222527 -0.6620826735285045
vn -0.7354573111961108 -0.29167414110368634 -0.6115788901029972
vn -0.5948914332040648 -0.4473281832754511 -0.667833571444187
vn -0.7354573111961108 -0.29167414110368634 -0.6115788901029972
vn -0.706859931329506 -0.36379124946359503 -0.6066341272089484
vn -0.5948914332040648 -0.4473281832754511 -0.667833571444187
vn -0.6339598243858575 -0.3395951361225316 -0.6948165834136171
vn -0.7354573111961108 -0.29167414110368634 -0.6115788901029972
vn -0.5948914332040648 -0.4473281832754511 -0.667833571444187
vn -0.706859931329506 -0.36379124946359503 -0.6066341272089484
vn -0.49905274719797954 -0.5950057914381027 -0.6300114789980151
vn -0.4750373344008333 -0.5791091299143188 -0.6625497313977506
vn -0.5948914332040648 -0.4473281832754511 -0.667833571444187
vn -0.49905274719797954 -0.5950057914381027 -0.6300114789980151
vn -0.5932025310722187 0.6316872236285401 -0.4990811643750746
vn -0.35509263521311224 0.6398992367646236 -0.6814970192197908
vn -0.2720816778493087 0.7404039034105689 -0.6146329151559473
vn -0.5932025310722187 0.6316872236285401 -0.4990811643750746
vn -0.44378162020323303 0.6462469186864378 -0.6208242856542243
vn -0.5820706358215222 0.5430665492343814 -0.6052045092503773
vn -0.4750373344008333 -0.5791091299143188 -0.6625497313977506
vn -0.49905274719797954 -0.5950057914381027 -0.6300114789980151
vn -0.3861003744791455 -0.7520274380974947 -0.5342108508590802
vn -0.37322388995509126 -0.6594973611022521 -0.6525083590774571
vn -0.4750373344008333 -0.5791091299143188 -0.6625497313977506
vn -0.3861003744791455 -0.7520274380974947 -0.5342108508590802
vn -0.23838277261402607 -0.7101432114911052 -0.662472846910686
vn -0.37322388995509126 -0.6594973611022521 -0.6525083590774571
vn -0.3861003744791455 -0.7520274380974947 -0.5342108508590802
vn -0.23838277261402607 -0.7101432114911052 -0.662472846910686
vn -0.3861003744791455 -0.7520274380974947 -0.5342108508590802
vn -0.1383420976542616 -0.7727078809544363 -0.6195030223715811
vn -0.7453113686535592 0.4160998999498378 -0.5209336205482357
vn -0.5820706358215222 0.5430665492343814 -0.6052045092503773
vn -0.6565077244580033 0.331076916993586 -0.6777799663319923
vn -0.7453113686535592 0.4160998999498378 -0.5209336205482357
vn -0.5932025310722187 0.6316872236285401 -0.4990811643750746
vn -0.5820706358215222 0.5430665492343814 -0.6052045092503773
vn -0.14255269072960614 -0.6573419663689738 -0.7399866685393192
vn -0.23838277261402607 -0.7101432114911052 -0.662472846910686
vn -0.01959305830718398 -0.781067079452305 -0.6241396714374259
vn -0.7453113686535592 0.4160998999498378 -0.5209336205482357
vn -0.6565077244580033 0.331076916993586 -0.6777799663319923
vn -0.7253217513269881 0.20176305855438295 -0.6581793260614703
vn -0.7416242003085972 0.21851972446946197 -0.6342260445097033
vn -0.7453113686535592 0.4160998999498378 -0.5209336205482357
vn -0.7253217513269881 0.20176305855438295 -0.6581793260614703
vn -0.7517722230654684 0.07574789207539268 -0.6550578458986186
vn -0.7416242003085972 0.21851972446946197 -0.6342260445097033
vn -0.7253217513269881 0.20176305855438295 -0.6581793260614703
vn -0.7517722230654684 0.07574789207539268 -0.6550578458986186
vn -0.7253217513269881 0.20176305855438295 -0.6581793260614703
vn -0.7569951719231154 0.042452028247024015 -0.6520399795892938
vn -0.014130170751990216 0.9997668474967856 -0.016327550975530642
vn -0.21207417833938907 0.9749800098405002 -0.06662224323070398
vn 0.11633948410396833 0.9926399140737979 -0.03363220816399055
vn 0.2223892849400457 0.952120381454091 -0.20978509280587998
vn -0.014130170751990216 0.9997668474967856 -0.016327550975530642
vn 0.11633948410396833 0.9926399140737979 -0.03363220816399055
vn -0.2824521018925024 -0.9554540955951659 -0.08560538153019984
vn -0.15860838994644896 -0.9812844871997088 -0.1091976823004941
vn -0.397786859519129 -0.9147511212490095 -0.0706823922033533
vn -0.9576337286952843 0.2833104118653678 -0.05169963436855366
vn -0.9911031153538864 0.06421183811946468 -0.1165823939586962
vn -0.9852659490687442 0.1526544955368517 -0.0771207792884385
vn -0.8999112282047025 0.39955359846640126 -0.17469030683942824
vn -0.9852659490687442 0.1526544955368517 -0.0771207792884385
vn -0.8624340878009272 0.5060951701632271 -0.008667348870148315
vn -0.8999112282047025 0.39955359846640126 -0.17469030683942824
vn -0.9576337286952843 0.2833104118653678 -0.05169963436855366
vn -0.9852659490687442 0.1526544955368517 -0.0771207792884385
vn -0.5233791465396058 -0.8512806884048444 -0.03735583644422956
vn -0.397786859519129 -0.9147511212490095 -0.0706823922033533
vn -0.6424919466915107 -0.7631957649855481 -0.06882094699055809
vn -0.7695703358729432 0.5997314337989977 -0.21927997048933534
vn -0.8999112282047025 0.39955359846640126 -0.17469030683942824
vn -0.8624340878009272 0.5060951701632271 -0.008667348870148315
vn -0.7695703358729432 0.5997314337989977 -0.21927997048933534
vn -0.8624340878009272 0.5060951701632271 -0.008667348870148315
vn -0.610260028325555 0.7898344041711939 -0.06119078211322271
vn -0.6522304535822617 0.7331983582106362 -0.19239439424553134
vn -0.7695703358729432 0.5997314337989977 -0.21927997048933534
vn -0.610260028325555 0.7898344041711939 -0.06119078211322271
vn -0.7244647038155333 -0.6885131495718582 -0.03317432429020253
vn -0.6424919466915107 -0.7631957649855481 -0.06882094699055809
vn -0.8535076817213996 -0.5153823995183454 -0.07684802866225503
vn -0.4449070986397666 0.8940867774227811 0.051638241814486154
vn -0.6522304535822617 0.7331983582106362 -0.19239439424553134
vn -0.610260028325555 0.7898344041711939 -0.06119078211322271
vn -0.9390176498101955 -0.34257906541991695 -0.029756298172878184
vn -0.8535076817213996 -0.5153823995183454 -0.07684802866225503
vn -0.9752729561390203 -0.21464178023972078 -0.052645675979893974
vn -0.4449070986397666 0.8940867774227811 0.051638241814486154
vn -0.610260028325555 0.7898344041711939 -0.06119078211322271
vn -0.21207417833938907 0.9749800098405002 -0.06662224323070398
vn -0.2758049602166737 0.9560854210631338 -0.09915791219267062
vn -0.4449070986397666 0.8940867774227811 0.051638241814486154
vn -0.21207417833938907 0.9749800098405002 -0.06662224323070398
vn -0.9975845052141137 -0.06943140808745393 -0.0021058318321345694
vn -0.9752729561390203 -0.21464178023972078 -0.052645675979893974
vn -0.9852659490687442 0.1526544955368517 -0.0771207792884385
vn -0.008545219162962471 -0.005798518325064013 0.9999466767856627
vn -0.0013733500724922238 -0.0014954200387949236 0.9999979388121188
vn -0.011810709600271814 -0.0055238599318067905 0.9999149934420386
vn -0.011810709600271814 -0.0055238599318067905 0.9999149934420386
vn -0.0013733500724922238 -0.0014954200387949236 0.9999979388121188
vn -0.0019837017577741347 -0.004181086637109811 0.9999892916636003
vn -0.0028992885968756655 -0.0007629829161875186 0.9999955059812526
vn -0.008545219162962471 -0.005798518325064013 0.9999466767856627
vn -0.011810709600271814 -0.0055238599318067905 0.9999149934420386
vn -0.0013733500724922238 -0.0014954200387949236 0.9999979388121188
vn -0.002746640886138622 -0.0058900708164637905 0.9999788812918098
vn -0.0019837017577741347 -0.004181086637109811 0.9999892916636003
vn -0.0028992885968756655 -0.0007629829161875186 0.9999955059812526
vn -0.011810709600271814 -0.0055238599318067905 0.9999149934420386
vn -0.006347894749250171 -0.0004577820422096583 0.9999797471288376
vn -0.0019837017577741347 -0.004181086637109811 0.9999892916636003
vn -0.002746640886138622 -0.0058900708164637905 0.9999788812918098
vn -0.0036317694632399004 -0.013733618024118693 0.9998990939022465
vn -0.0028992885968756655 -0.0007629829161875186 0.9999955059812526
vn -0.006347894749250171 -0.0004577820422096583 0.9999797471288376
vn -0.0011902450294757104 0.00015259699940229222 0.9999992800152036
vn -0.002746640886138622 -0.0058900708164637905 0.9999788812918098
vn -0.0012512198694952473 -0.009705005999720994 0.9999521225075646
vn -0.0036317694632399004 -0.013733618024118693 0.9998990939022465
vn -0.0011902450294757104 0.00015259699940229222 0.9999992800152036
vn -0.006347894749250171 -0.0004577820422096583 0.9999797471288376
vn -0.0012817968714785026 0.0003051939790778658 0.9999991319263309
vn -0.0012512198694952473 -0.009705005999720994 0.9999521225075646
vn -0.00006103840091211365 -0.0039979810554669325 0.9999920061789463
vn -0.0036317694632399004 -0.013733618024118693 0.9998990939022465
vn -0.0036317694632399004 -0.013733618024118693 0.9998990939022465
vn -0.00006103840091211365 -0.0039979810554669325 0.9999920061789463
vn 0.0010681150191502692 -0.006225823527377784 0.9999800489268332
vn -0.0011902450294757104 0.00015259699940229222 0.9999992800152036
vn -0.0012817968714785026 0.0003051939790778658 0.9999991319263309
vn 0.000061036996925155 -0.0000305184984625775 0.9999999976715532
vn 0.0010681150191502692 -0.006225823527377784 0.9999800489268332
vn -0.00006103840091211365 -0.0039979810554669325 0.9999920061789463
vn 0.00036623300570025644 -0.0004272719758015108 0.9999998416560095
vn 0.000061036996925155 -0.0000305184984625775 0.9999999976715532
vn -0.0012817968714785026 0.0003051939790778658 0.9999991319263309
vn 0 0 1
vn 0 0 1
vn -0.0012817968714785026 0.0003051939790778658 0.9999991319263309
vn 0.000793505003185773 -0.0005493499981787069 0.9999995342820862
vn 0.0010681150191502692 -0.006225823527377784 0.9999800489268332
vn 0.00036623300570025644 -0.0004272719758015108 0.9999998416560095
vn 0.010864669475164464 -0.012939918807828472 0.9998572485402317
vn 0.010864669475164464 -0.012939918807828472 0.9998572485402317
vn 0.00036623300570025644 -0.0004272719758015108 0.9999998416560095
vn 0.009521781409266865 -0.009125051964720656 0.9999130307708942
vn 0.000793505003185773 -0.0005493499981787069 0.9999995342820862
vn -0.005371272244277743 0.011932790603751723 0.9999143753056482
vn 0 0 1
vn 0 0 1
vn -0.005371272244277743 0.011932790603751723 0.9999143753056482
vn -0.0003357129998389158 0.0021363489501372572 0.9999976616522386
vn 0.013367110857030724 -0.0109561607190016 0.9998506302891625
vn 0.010864669475164464 -0.012939918807828472 0.9998572485402317
vn 0.009521781409266865 -0.009125051964720656 0.9999130307708942
vn 0.013367110857030724 -0.0109561607190016 0.9998506302891625
vn 0.009521781409266865 -0.009125051964720656 0.9999130307708942
vn 0.00344866489861488 -0.0017700790140317603 0.9999924867371259
vn -0.005371272244277743 0.011932790603751723 0.9999143753056482
vn -0.000244155995342123 0.0005188300349104676 0.9999998356016088
vn -0.0003357129998389158 0.0021363489501372572 0.9999976616522386
vn 0.0061342707197115515 -0.0014343848520554801 0.9999801564345333
vn 0.013367110857030724 -0.0109561607190016 0.9998506302891625
vn 0.00344866489861488 -0.0017700790140317603 0.9999924867371259
vn -0.0003357129998389158 0.0021363489501372572 0.9999976616522386
vn -0.000244155995342123 0.0005188300349104676 0.9999998356016088
vn -0.000030519400681315164 0.00006103890322603668 0.9999999976714093
vn 0.004486261326112411 0.0013123147435266296 0.9999890755849925
vn 0.0061342707197115515 -0.0014343848520554801 0.9999801564345333
vn 0.003326593643244874 0.00018311598856482074 0.9999944501062331
vn 0.0061342707197115515 -0.0014343848520554801 0.9999801564345333
vn 0.00344866489861488 -0.0017700790140317603 0.9999924867371259
vn 0.003326593643244874 0.00018311598856482074 0.9999944501062331
vn -0.000030519400681315164 0.00006103890322603668 0.9999999976714093
vn -0.000244155995342123 0.0005188300349104676 0.9999998356016088
vn 0 -0.00012207399322497578 0.9999999925489701
vn 0 -0.00012207399322497578 0.9999999925489701
vn -0.000244155995342123 0.0005188300349104676 0.9999998356016088
vn -0.0003967529663417016 -0.0005493499969152773 0.9999997704008058
vn 0.004486261326112411 0.0013123147435266296 0.9999890755849925
vn 0.003326593643244874 0.00018311598856482074 0.9999944501062331
vn 0.012329568879488016 0.002929805728791939 0.9999196957604334
vn 0.013519937739725901 0.004883048924420142 0.9998966782206627
vn 0.004486261326112411 0.0013123147435266296 0.9999890755849925
vn 0.012329568879488016 0.002929805728791939 0.9999196957604334
vn 0 -0.00012207399322497578 0.9999999925489701
vn -0.0003967529663417016 -0.0005493499969152773 0.9999997704008058
vn 0.00015259299649964902 0.00003051849816412019 0.9999999878919993
vn -0.0003967529663417016 -0.0005493499969152773 0.9999997704008058
vn 0.006286799160667717 0.003570675023271113 0.9999738628765212
vn 0.00015259299649964902 0.00003051849816412019 0.9999999878919993
vn 0.006286799160667717 0.003570675023271113 0.9999738628765212
vn 0.013519937739725901 0.004883048924420142 0.9998966782206627
vn 0.006958424124670038 0.00360125257270519 0.9999693051857186
vn 0.013519937739725901 0.004883048924420142 0.9998966782206627
vn 0.012329568879488016 0.002929805728791939 0.9999196957604334
vn 0.006958424124670038 0.00360125257270519 0.9999693051857186
vn 0.006286799160667717 0.003570675023271113 0.9999738628765212
vn 0.006958424124670038 0.00360125257270519 0.9999693051857186
vn 0.00015259299649964902 0.00003051849816412019 0.9999999878919993
vn 0.10895370052870285 0.8711111034196812 -0.47884709108445783
vn 0.06131320935465734 0.7338665862890534 -0.6765208968591314
vn -0.03872877055790378 0.7496420874501923 -0.6607093332581215
vn -0.014130170751990216 0.9997668474967856 -0.016327550975530642
vn 0.2223892849400457 0.952120381454091 -0.20978509280587998
vn 0.10895370052870285 0.8711111034196812 -0.47884709108445783
vn -0.2758049602166737 0.9560854210631338 -0.09915791219267062
vn -0.21207417833938907 0.9749800098405002 -0.06662224323070398
vn -0.014130170751990216 0.9997668474967856 -0.016327550975530642
vn -0.19486248046806506 0.7445060440220841 -0.6385447236650065
vn -0.2720816778493087 0.7404039034105689 -0.6146329151559473
vn -0.35509263521311224 0.6398992367646236 -0.6814970192197908
vn -0.6522304535822617 0.7331983582106362 -0.19239439424553134
vn -0.4449070986397666 0.8940867774227811 0.051638241814486154
vn -0.5932025310722187 0.6316872236285401 -0.4990811643750746
vn -0.5932025310722187 0.6316872236285401 -0.4990811643750746
vn -0.7695703358729432 0.5997314337989977 -0.21927997048933534
vn -0.6522304535822617 0.7331983582106362 -0.19239439424553134
vn -0.7695703358729432 0.5997314337989977 -0.21927997048933534
vn -0.5932025310722187 0.6316872236285401 -0.4990811643750746
vn -0.7453113686535592 0.4160998999498378 -0.5209336205482357
vn -0.8999112282047025 0.39955359846640126 -0.17469030683942824
vn -0.7695703358729432 0.5997314337989977 -0.21927997048933534
vn -0.7453113686535592 0.4160998999498378 -0.5209336205482357
vn -0.8999112282047025 0.39955359846640126 -0.17469030683942824
vn -0.7453113686535592 0.4160998999498378 -0.5209336205482357
vn -0.7416242003085972 0.21851972446946197 -0.6342260445097033
vn -0.9911031153538864 0.06421183811946468 -0.1165823939586962
vn -0.9975845052141137 -0.06943140808745393 -0.0021058318321345694
vn -0.9852659490687442 0.1526544955368517 -0.0771207792884385
vn -0.9975845052141137 -0.06943140808745393 -0.0021058318321345694
vn -0.9390176498101955 -0.34257906541991695 -0.029756298172878184
vn -0.9752729561390203 -0.21464178023972078 -0.052645675979893974
vn -0.8875470131966955 -0.4472221717289558 -0.11069159172973055
vn -0.8535076817213996 -0.5153823995183454 -0.07684802866225503
vn -0.9390176498101955 -0.34257906541991695 -0.029756298172878184
vn -0.8875470131966955 -0.4472221717289558 -0.11069159172973055
vn -0.808879586397991 -0.5808405082796585 -0.09131329941494407
vn -0.8535076817213996 -0.5153823995183454 -0.07684802866225503
vn -0.808879586397991 -0.5808405082796585 -0.09131329941494407
vn -0.7244647038155333 -0.6885131495718582 -0.03317432429020253
vn -0.8535076817213996 -0.5153823995183454 -0.07684802866225503
vn -0.608004252473567 -0.5794383101491136 -0.5427541558621163
vn -0.5948914332040648 -0.4473281832754511 -0.667833571444187
vn -0.4750373344008333 -0.5791091299143188 -0.6625497313977506
vn -0.6106551342182915 -0.7788760133153707 -0.14301210765104688
vn -0.6424919466915107 -0.7631957649855481 -0.06882094699055809
vn -0.7244647038155333 -0.6885131495718582 -0.03317432429020253
vn -0.6106551342182915 -0.7788760133153707 -0.14301210765104688
vn -0.5233791465396058 -0.8512806884048444 -0.03735583644422956
vn -0.6424919466915107 -0.7631957649855481 -0.06882094699055809
vn -0.2824521018925024 -0.9554540955951659 -0.08560538153019984
vn -0.397786859519129 -0.9147511212490095 -0.0706823922033533
vn -0.5233791465396058 -0.8512806884048444 -0.03735583644422956
vn -0.2824521018925024 -0.9554540955951659 -0.08560538153019984
vn -0.04855579027633951 -0.9951346886869652 -0.08572798027795281
vn -0.15860838994644896 -0.9812844871997088 -0.1091976823004941
vn -0.2824521018925024 -0.9554540955951659 -0.08560538153019984
vn -0.15955350263144766 -0.9558865703661501 -0.24662429805612407
vn -0.04855579027633951 -0.9951346886869652 -0.08572798027795281
vn -0.13498558258706705 -0.9843605869549128 0.11319508533240252
vn -0.24741522766514165 -0.9666498820811562 0.06613403504923304
vn -0.05710040823208735 -0.9880726415798156 0.14301048332627378
vn -0.24018908541701603 0.9490369958633385 0.20405387457538504
vn -0.05227946578234548 0.991875546020237 0.11597309457184261
vn -0.105566692675604 0.9864188184429665 0.1258315859357911
vn -0.08508763572413156 0.7517500020986645 0.65393579852424
vn -0.23298257205178885 0.7042582514987101 0.670626152424816
vn -0.04425310721913866 0.7390273223207618 0.6722204098098006
vn -0.3735523866829198 0.9253966328471785 0.06402879288725279
vn -0.05227946578234548 0.991875546020237 0.11597309457184261
vn -0.24018908541701603 0.9490369958633385 0.20405387457538504
vn -0.5566440817091833 0.8028444046547214 0.21351400003921497
vn -0.3735523866829198 0.9253966328471785 0.06402879288725279
vn -0.5404696466622126 0.8184715512569943 0.1949278862035718
vn -0.7295331614843603 0.6768263815858381 0.09842466908278683
vn -0.5404696466622126 0.8184715512569943 0.1949278862035718
vn -0.6519260361470389 0.727583760958694 0.21357507856211055
vn -0.7295331614843603 0.6768263815858381 0.09842466908278683
vn -0.5566440817091833 0.8028444046547214 0.21351400003921497
vn -0.5404696466622126 0.8184715512569943 0.1949278862035718
vn -0.7295331614843603 0.6768263815858381 0.09842466908278683
vn -0.6519260361470389 0.727583760958694 0.21357507856211055
vn -0.7499028065130804 0.6537043045280965 0.10156999077110991
vn -0.904038149010927 0.39024833611984305 0.17441691801138692
vn -0.865949492722485 0.4883364929006695 -0.10797659818287236
vn -0.9228831968198146 0.3148405796214405 0.2217250875550054
vn -0.663485180570156 0.3480702697169576 0.6622948757939713
vn -0.5862766554077725 0.47854337502621014 0.6536634619912602
vn -0.7375682588036221 0.4683239457225744 0.48648303718447616
vn -0.904038149010927 0.39024833611984305 0.17441691801138692
vn -0.9228831968198146 0.3148405796214405 0.2217250875550054
vn -0.9906189023326218 0.1029102969747705 0.08990918261154354
vn -0.9906189023326218 0.1029102969747705 0.08990918261154354
vn -0.9228831968198146 0.3148405796214405 0.2217250875550054
vn -0.9659201377927686 0.2023701790635228 0.16138338834030228
vn -0.9478548405819043 0.27265561307815184 0.16501550788465316
vn -0.904038149010927 0.39024833611984305 0.17441691801138692
vn -0.9906189023326218 0.1029102969747705 0.08990918261154354
vn -0.9822381210133162 -0.13968747955675906 0.12528240771676522
vn -0.9906189023326218 0.1029102969747705 0.08990918261154354
vn -0.9892921516962452 -0.047670055514276506 0.13794420756044598
vn -0.9561740402799647 -0.009308397074983236 0.2926509156633251
vn -0.9906189023326218 0.1029102969747705 0.08990918261154354
vn -0.9822381210133162 -0.13968747955675906 0.12528240771676522
vn -0.9459272741655409 -0.29352888832932206 0.1380665915632814
vn -0.9822381210133162 -0.13968747955675906 0.12528240771676522
vn -0.9892921516962452 -0.047670055514276506 0.13794420756044598
vn -0.6910105373276832 -0.14978708382402697 0.7071550514714581
vn -0.7023432123050487 -0.23969938901470003 0.6702672713440548
vn -0.7021488621267149 -0.07782321505246367 0.7077644541887204
vn -0.9822381210133162 -0.13968747955675906 0.12528240771676522
vn -0.9459272741655409 -0.29352888832932206 0.1380665915632814
vn -0.9164887108810609 -0.38664654058252157 0.10272728694528903
vn -0.8353357826253365 -0.5178160614817725 0.1846094708762848
vn -0.9164887108810609 -0.38664654058252157 0.10272728694528903
vn -0.8221656203115022 -0.553776868256132 0.1318137813820448
vn -0.8353357826253365 -0.5178160614817725 0.1846094708762848
vn -0.8221656203115022 -0.553776868256132 0.1318137813820448
vn -0.7151237092156649 -0.6989486180350026 -0.008301196575747854
vn -0.6277772115368977 -0.7724375039148804 0.09610450156317396
vn -0.5748868744833322 -0.8141561377427092 0.08157735545272446
vn -0.4594340741641727 -0.8874640695067095 0.036439769915573184
vn -0.24741522766514165 -0.9666498820811562 0.06613403504923304
vn -0.4594340741641727 -0.8874640695067095 0.036439769915573184
vn -0.3327512974795602 -0.9388636169161613 0.08838372506730399
vn 0.2113424805450738 0.9737626166084624 -0.08438437303728687
vn 0.2721363078520492 0.9433368092772114 -0.18988810971554992
vn 0.37522677033516116 0.9267903080575264 -0.016266398325370468
vn 0.06131320935465734 0.7338665862890534 -0.6765208968591314
vn 0.2897486184249732 0.7101494899294571 -0.6416645853354781
vn 0.27825048624750304 0.7165477291012583 -0.6396374119943719
vn 0.578306201204647 0.7264152804019086 -0.37132570345569493
vn 0.27825048624750304 0.7165477291012583 -0.6396374119943719
vn 0.47072327922631846 0.6925956722459335 -0.5465627403881688
vn 0.578306201204647 0.7264152804019086 -0.37132570345569493
vn 0.47072327922631846 0.6925956722459335 -0.5465627403881688
vn 0.6939857564613402 0.597574230779235 -0.4016077794781707
vn 0.578306201204647 0.7264152804019086 -0.37132570345569493
vn 0.6939857564613402 0.597574230779235 -0.4016077794781707
vn 0.8029000540419857 0.5742195092190057 -0.1600732908753386
vn 0.8029000540419857 0.5742195092190057 -0.1600732908753386
vn 0.6939857564613402 0.597574230779235 -0.4016077794781707
vn 0.9062647873374106 0.42223173630810573 -0.020112088069627134
vn 0.6928468786230151 0.3166671919859789 -0.6478310677190932
vn 0.7269328440320139 0.24268741095762394 -0.6423950971405474
vn 0.7534930166377696 0.15650329110942138 -0.6385569620245585
vn 0.7534930166377696 0.15650329110942138 -0.6385569620245585
vn 0.8135605327373184 0.04599296602294983 -0.5796584396423315
vn 0.9377223325860119 -0.05688713907541032 -0.3426961925339465
vn 0.9377223325860119 -0.05688713907541032 -0.3426961925339465
vn 0.8135605327373184 0.04599296602294983 -0.5796584396423315
vn 0.897321938421634 -0.186685189386986 -0.399952470789701
vn 0.8875037352454797 -0.3019282790875646 -0.34810405658731297
vn 0.9377223325860119 -0.05688713907541032 -0.3426961925339465
vn 0.897321938421634 -0.186685189386986 -0.399952470789701
vn 0.8875037352454797 -0.3019282790875646 -0.34810405658731297
vn 0.897321938421634 -0.186685189386986 -0.399952470789701
vn 0.8144917533684782 -0.3930849752969217 -0.42671698570663946
vn 0.765460152293783 -0.513490927870576 -0.38781158085466383
vn 0.8875037352454797 -0.3019282790875646 -0.34810405658731297
vn 0.8144917533684782 -0.3930849752969217 -0.42671698570663946
vn 0.765460152293783 -0.513490927870576 -0.38781158085466383
vn 0.8144917533684782 -0.3930849752969217 -0.42671698570663946
vn 0.6356965834288322 -0.522346073993807 -0.5683699787991675
vn 0.4828388341051743 -0.5803162393212827 -0.6558198858375366
vn 0.765460152293783 -0.513490927870576 -0.38781158085466383
vn 0.6356965834288322 -0.522346073993807 -0.5683699787991675
vn 0.24937359116591676 -0.6547621650839772 -0.7135119614999855
vn 0.35179237931164714 -0.6757820517521551 -0.6477350850370064
vn 0.23444797802796108 -0.6826520929368065 -0.6921128994662638
vn 0.23444797802796108 -0.6826520929368065 -0.6921128994662638
vn 0.19877397657620213 -0.7212080230129398 -0.6635871410582415
vn -0.01959305830718398 -0.781067079452305 -0.6241396714374259
vn 0.18159049931403887 -0.9671602942141797 -0.177836598748455
vn 0.18159049931403887 -0.9671602942141797 -0.177836598748455
vn 0.18159049931403887 -0.9671602942141797 -0.177836598748455
vn -0.1383420976542616 -0.7727078809544363 -0.6195030223715811
vn -0.07638978375712804 -0.8149569208088353 -0.574464810204525
vn -0.01959305830718398 -0.781067079452305 -0.6241396714374259
vn 0.16107919897911982 0.9691304019996564 0.18665410677568708
vn 0.16107919897911982 0.9691304019996564 0.18665410677568708
vn 0.16107919897911982 0.9691304019996564 0.18665410677568708
vn 0.2636248704732541 0.7491854251221102 0.6076373313519858
vn 0.32426860670690477 0.6832379048378656 0.6542444773149609
vn 0.21534350926757692 0.7351468346219934 0.6427956942618617
vn 0.4437194718330426 0.6295206481119141 0.6378219061124831
vn 0.32426860670690477 0.6832379048378656 0.6542444773149609
vn 0.47142811129108203 0.578641634888128 0.6655294090109898
vn 0.7645097587322761 0.5329594760195762 0.3626003664146737
vn 0.6287238791981603 0.777290785468811 0.022919828779815327
vn 0.7418080206613913 0.6624877066092342 0.10407160551306047
vn 0.7645097587322761 0.5329594760195762 0.3626003664146737
vn 0.7418080206613913 0.6624877066092342 0.10407160551306047
vn 0.8674110132271707 0.4788126028292983 0.13541279667758796
vn 0.9459534257669248 0.32176759737749033 0.04046887146605865
vn 0.7645097587322761 0.5329594760195762 0.3626003664146737
vn 0.8674110132271707 0.4788126028292983 0.13541279667758796
vn 0.7227261678744674 0.03778277718581335 0.6901009694368023
vn 0.8582284959051628 0.12445700041683028 0.49795010178089827
vn 0.7033170029757365 0.24604647435808036 0.6669380224437548
vn 0.9459534257669248 0.32176759737749033 0.04046887146605865
vn 0.9822843894419216 0.08081430380700588 0.16907520977038626
vn 0.9375148771222177 0.05771147684295472 0.3431256921524792
vn 0.8558449333855312 -0.08884084416452896 0.5095456352540461
vn 0.9375148771222177 0.05771147684295472 0.3431256921524792
vn 0.9822843894419216 0.08081430380700588 0.16907520977038626
vn 0.8558449333855312 -0.08884084416452896 0.5095456352540461
vn 0.9822843894419216 0.08081430380700588 0.16907520977038626
vn 0.8435264050222854 -0.09546475654291577 0.5285354144126779
vn 0.8977803075188209 -0.4399938326185722 0.019898409208554
vn 0.8983251632844647 -0.35673601151642315 0.25642020025203655
vn 0.9529802214116191 -0.2823904755972447 0.10992869002323052
vn 0.5145327626086571 -0.5567415548417417 0.6521463618810607
vn 0.6270235025441061 -0.42095564752519843 0.6554676727909335
vn 0.5653104336027632 -0.48919518099606 0.6641627726318964
vn 0.5145327626086571 -0.5567415548417417 0.6521463618810607
vn 0.5653104336027632 -0.48919518099606 0.6641627726318964
vn 0.430992007795087 -0.6036391265796339 0.6707202800564005
vn 0.5740906557452097 -0.8187910859180407 -0.0010375968343424818
vn 0.7595053968558549 -0.6504901696685569 0.0037538395546703068
vn 0.6684642771973919 -0.7437248538764994 0.005371390634432641
vn 0.3443821854956682 -0.8528678736646709 0.39245037951813727
vn 0.4809229043735112 -0.7849255747735987 0.3906469020935429
vn 0.33885619194413524 -0.8551214971276344 0.39235660607578965
vn 0.3443821854956682 -0.8528678736646709 0.39245037951813727
vn 0.33885619194413524 -0.8551214971276344 0.39235660607578965
vn 0.19743060737592427 -0.9015766232397414 0.3849425251888897
vn -0.04477178580651262 -0.8282934247317271 0.5585029003880665
vn 0.08905600049769585 -0.7581967148112618 0.6459154514522506
vn -0.10718399229594561 -0.920860762495275 0.3748693744387814
vn -0.9876039315102938 0.15464118572343943 -0.026917989216500383
vn -0.9044102763620042 0.4259889896125547 0.023988179165539594
vn -0.9209273885637502 0.3896125782013708 -0.009735702359464363
vn -0.0777004799766492 -0.9967090379459215 -0.023102577525336555
vn -0.44923601169527166 -0.8934059861431434 -0.003570674967479033
vn -0.24509789067759202 -0.9694965488931032 -0.0018616309403245465
vn -0.11313450672719486 0.9930938181409661 -0.031068501054799823
vn 0.25675589195571075 0.9663213622925912 -0.017304240030068477
vn 0.09329730476463988 0.995568237633932 -0.011810890657387944
vn -0.9876039315102938 0.15464118572343943 -0.026917989216500383
vn -0.9209273885637502 0.3896125782013708 -0.009735702359464363
vn -0.9988851307742924 -0.038545413881225885 -0.027253377529207385
vn -0.11313450672719486 0.9930938181409661 -0.031068501054799823
vn 0.09329730476463988 0.995568237633932 -0.011810890657387944
vn -0.24253826902289355 0.9694514698303955 0.03659283677257428
vn -0.9862291360828749 -0.16352209687538438 -0.02475106007231737
vn -0.9876039315102938 0.15464118572343943 -0.026917989216500383
vn -0.9988851307742924 -0.038545413881225885 -0.027253377529207385
vn -0.2829460799635322 0.9537946581642509 0.10108049213676419
vn -0.11313450672719486 0.9930938181409661 -0.031068501054799823
vn -0.24253826902289355 0.9694514698303955 0.03659283677257428
vn -0.9862291360828749 -0.16352209687538438 -0.02475106007231737
vn -0.9988851307742924 -0.038545413881225885 -0.027253377529207385
vn -0.8797199792052304 -0.47549140809787294 -0.0008240219965882045
vn -0.933762489529306 -0.35783645463918645 0.006378469980369625
vn -0.9862291360828749 -0.16352209687538438 -0.02475106007231737
vn -0.8797199792052304 -0.47549140809787294 -0.0008240219965882045
vn -0.7419425919522704 -0.6701929040381867 -0.019043676746061302
vn -0.933762489529306 -0.35783645463918645 0.006378469980369625
vn -0.8797199792052304 -0.47549140809787294 -0.0008240219965882045
vn -0.5730847725852681 0.8183655156380399 -0.04303168885108513
vn -0.5562445501717935 0.8277137846336704 -0.07403979424326461
vn -0.6979117325268491 0.7160401274301994 -0.014343971246330724
vn -0.7489127611510606 0.6626652563022464 -0.0021057718234233436
vn -0.5730847725852681 0.8183655156380399 -0.04303168885108513
vn -0.6979117325268491 0.7160401274301994 -0.014343971246330724
vn -0.7419425919522704 -0.6701929040381867 -0.019043676746061302
vn -0.8797199792052304 -0.47549140809787294 -0.0008240219965882045
vn -0.6000664285588242 -0.7999358245741122 -0.0047914381549616
vn -0.7489127611510606 0.6626652563022464 -0.0021057718234233436
vn -0.6979117325268491 0.7160401274301994 -0.014343971246330724
vn -0.9209273885637502 0.3896125782013708 -0.009735702359464363
vn -0.9044102763620042 0.4259889896125547 0.023988179165539594
vn -0.7489127611510606 0.6626652563022464 -0.0021057718234233436
vn -0.9209273885637502 0.3896125782013708 -0.009735702359464363
vn -0.44923601169527166 -0.8934059861431434 -0.003570674967479033
vn -0.7419425919522704 -0.6701929040381867 -0.019043676746061302
vn -0.6000664285588242 -0.7999358245741122 -0.0047914381549616
vn -0.44923601169527166 -0.8934059861431434 -0.003570674967479033
vn -0.6000664285588242 -0.7999358245741122 -0.0047914381549616
vn -0.24509789067759202 -0.9694965488931032 -0.0018616309403245465
vn 0 0 -1
vn 0 0 -1
vn -0.0000305184984625775 0.000061036996925155 -0.9999999976715532
vn 0.00009155549885516555 0 -0.9999999958087953
vn 0 0 -1
vn -0.0000305184984625775 0.000061036996925155 -0.9999999976715532
vn 0.0003662329656858063 0.00006103889552323815 -0.9999999310738317
vn 0.00009155549885516555 0 -0.9999999958087953
vn -0.0000305184984625775 0.000061036996925155 -0.9999999976715532
vn 0 0 -1
vn -0.0000305184984625775 -0.000061036996925155 -0.9999999976715532
vn -0.0000305184984625775 0.000061036996925155 -0.9999999976715532
vn 0 0.00009155549885516555 -0.9999999958087953
vn 0.00003051849851942606 0 -0.9999999995343107
vn 0 0 -1
vn -0.00006103699695357926 0 -0.9999999981372425
vn -0.00012207399316812724 0.00003051849829203181 -0.9999999920832808
vn 0 0 -1
vn -0.0000305184984625775 -0.000061036996925155 -0.9999999976715532
vn -0.00009155549881252914 -0.00003051849839151678 -0.999999995343106
vn 0 0 -1
vn -0.0000305184984625775 0.000061036996925155 -0.9999999976715532
vn 0 0 -1
vn 0 0 -1
vn 0.00003051849851942606 0 -0.9999999995343107
vn -0.0000305184984625775 -0.000061036996925155 -0.9999999976715532
vn 0 0 -1
vn -0.00012207399316812724 0.00003051849829203181 -0.9999999920832808
vn -0.0003357139603503921 0.00018311697684044855 -0.9999999268821521
vn 0 0 -1
vn -0.00009155549881252914 -0.00003051849839151678 -0.999999995343106
vn -0.00006103699695357926 0 -0.9999999981372425
vn 0 0 -1
vn -0.0000305184984625775 -0.000061036996925155 -0.9999999976715532
vn -0.0010376569284542736 -0.0008240239828170074 -0.9999991221259019
vn -0.00009155549881252914 -0.00003051849839151678 -0.999999995343106
vn -0.0000305184984625775 0.000061036996925155 -0.9999999976715532
vn -0.0000305184984625775 -0.000061036996925155 -0.9999999976715532
vn -0.00003051849850521391 0.00003051849850521391 -0.9999999990686212
vn -0.00003051849850521391 0.00003051849850521391 -0.9999999990686212
vn -0.0000305184984625775 -0.000061036996925155 -0.9999999976715532
vn 0.00003051849851942606 0 -0.9999999995343107
vn -0.00003051940113592691 -0.0003051940040833114 -0.9999999529625919
vn -0.00003051849850521391 0.00003051849850521391 -0.9999999990686212
vn 0.00003051849851942606 0 -0.9999999995343107
vn 0 0 -1
vn 0 -0.00012207799500157414 -0.9999999925484816
vn -0.0000305184984625775 -0.000061036996925155 -0.9999999976715532
vn 0.00024415595805132677 0.0005798689560943422 0.9999998020699112
vn 0 0 1
vn -0.0002746749601495619 -0.00030519396360873376 0.9999999157051518
vn 0 0 1
vn -0.00027466699849251845 0 0.9999999622790192
vn -0.00003051849850521391 -0.00003051849850521391 0.9999999990686212
vn 0 0 1
vn 0 0 1
vn -0.00003051849850521391 -0.00003051849850521391 0.9999999990686212
vn -0.0002746749601495619 -0.00030519396360873376 0.9999999157051518
vn 0 0 1
vn -0.00003051849850521391 -0.00003051849850521391 0.9999999990686212
vn -0.00045779198605766194 -0.000213635996285515 0.9999998723930712
vn -0.00003051940073816896 0 0.9999999995342832
vn 0 0 1
vn 0 0 1
vn -0.00003051940073816896 0 0.9999999995342832
vn 0 0 1
vn -0.00003051940073816896 0 0.9999999995342832
vn 0 0 1
vn 0 0 1
vn 0 0 1
vn 0 0 1
vn 0 0 1
vn 0.00003051849850521391 -0.00003051849850521391 0.9999999990686212
vn 0 0 1
vn 0 0 1
vn 0.0004883109495378261 -0.0004272719789821884 0.9999997894955142
vn 0.00003051849850521391 -0.00003051849850521391 0.9999999990686212
vn 0 0 1
vn 0 0 1
vn 0 0 1
vn 0 0 1
vn 0 0 1
vn 0 0 1
vn 0 0 1
vn 0 0 1
vn 0 0 1
vn 0 0 1
vn 0 0 1
vn 0 0 1
vn 0 0 1
vn -0.00012207799500157414 0 0.9999999925484816
vn 0 0 1
vn 0.00003051849850521391 -0.00003051849850521391 0.9999999990686212
vn 0 0 1
vn 0 0 1
vn 0 0 1
vn 0 0 1
vn 0 0.00006103699695357926 0.9999999981372425
vn 0 0 1
f 1//1 2//2 3//3
f 4//4 5//5 6//6
f 7//7 8//8 9//9
f 10//10 11//11 12//12
f 13//13 14//14 15//15
f 16//16 17//17 18//18
f 19//19 20//20 21//21
f 22//22 23//23 24//24
f 25//25 26//26 27//27
f 28//28 29//29 30//30
f 31//31 32//32 33//33
f 34//34 35//35 36//36
f 37//37 38//38 39//39
f 40//40 41//41 42//42
f 43//43 44//44 45//45
f 46//46 47//47 48//48
f 49//49 50//50 51//51
f 52//52 53//53 54//54
f 55//55 56//56 57//57
f 58//58 59//59 60//60
f 61//61 62//62 63//63
f 64//64 65//65 66//66
f 67//67 68//68 69//69
f 70//70 71//71 72//72
f 73//73 74//74 75//75
f 76//76 77//77 78//78
f 79//79 80//80 81//81
f 82//82 83//83 84//84
f 85//85 86//86 87//87
f 88//88 89//89 90//90
f 91//91 92//92 93//93
f 94//94 95//95 96//96
f 97//97 98//98 99//99
f 100//100 101//101 102//102
f 103//103 104//104 105//105
f 106//106 107//107 108//108
f 109//109 110//110 111//111
f 112//112 113//113 114//114
f 115//115 116//116 117//117
f 118//118 119//119 120//120
f 121//121 122//122 123//123
f 124//124 125//125 126//126
f 127//127 128//128 129//129
f 130//130 131//131 132//132
f 133//133 134//134 135//135
f 136//136 137//137 138//138
f 139//139 140//140 141//141
f 142//142 143//143 144//144
f 145//145 146//146 147//147
f 148//148 149//149 150//150
f 151//151 152//152 153//153
f 154//154 155//155 156//156
f 157//157 158//158 159//159
f 160//160 161//161 162//162
f 163//163 164//164 165//165
f 166//166 167//167 168//168
f 169//169 170//170 171//171
f 172//172 173//173 174//174
f 175//175 176//176 177//177
f 178//178 179//179 180//180
f 181//181 182//182 183//183
f 184//184 185//185 186//186
f 187//187 188//188 189//189
f 190//190 191//191 192//192
f 193//193 194//194 195//195
f 196//196 197//197 198//198
f 199//199 200//200 201//201
f 202//202 203//203 204//204
f 205//205 206//206 207//207
f 208//208 209//209 210//210
f 211//211 212//212 213//213
f 214//214 215//215 216//216
f 217//217 218//218 219//219
f 220//220 221//221 222//222
f 223//223 224//224 225//225
f 226//226 227//227 228//228
f 229//229 230//230 231//231
f 232//232 233//233 234//234
f 235//235 236//236 237//237
f 238//238 239//239 240//240
f 241//241 242//242 243//243
f 244//244 245//245 246//246
f 247//247 248//248 249//249
f 250//250 251//251 252//252
f 253//253 254//254 255//255
f 256//256 257//257 258//258
f 259//259 260//260 261//261
f 262//262 263//263 264//264
f 265//265 266//266 267//267
f 268//268 269//269 270//270
f 271//271 272//272 273//273
f 274//274 275//275 276//276
f 277//277 278//278 279//279
f 280//280 281//281 282//282
f 283//283 284//284 285//285
f 286//286 287//287 288//288
f 289//289 290//290 291//291
f 292//292 293//293 294//294
f 295//295 296//296 297//297
f 298//298 299//299 300//300
f 301//301 302//302 303//303
f 304//304 305//305 306//306
f 307//307 308//308 309//309
f 310//310 311//311 312//312
f 313//313 314//314 315//315
f 316//316 317//317 318//318
f 319//319 320//320 321//321
f 322//322 323//323 324//324
f 325//325 326//326 327//327
f 328//328 329//329 330//330
f 331//331 332//332 333//333
f 334//334 335//335 336//336
f 337//337 338//338 339//339
f 340//340 341//341 342//342
f 343//343 344//344 345//345
f 346//346 347//347 348//348
f 349//349 350//350 351//351
f 352//352 353//353 354//354
f 355//355 356//356 357//357
f 358//358 359//359 360//360
f 361//361 362//362 363//363
f 364//364 365//365 366//366
f 367//367 368//368 369//369
f 370//370 371//371 372//372
f 373//373 374//374 375//375
f 376//376 377//377 378//378
f 379//379 380//380 381//381
f 382//382 383//383 384//384
f 385//385 386//386 387//387
f 388//388 389//389 390//390
f 391//391 392//392 393//393
f 394//394 395//395 396//396
f 397//397 398//398 399//399
f 400//400 401//401 402//402
f 403//403 404//404 405//405
f 406//406 407//407 408//408
f 409//409 410//410 411//411
f 412//412 413//413 414//414
f 415//415 416//416 417//417
f 418//418 419//419 420//420
f 421//421 422//422 423//423
f 424//424 425//425 426//426
f 427//427 428//428 429//429
f 430//430 431//431 432//432
f 433//433 434//434 435//435
f 436//436 437//437 438//438
f 439//439 440//440 441//441
f 442//442 443//443 444//444
f 445//445 446//446 447//447
f 448//448 449//449 450//450
f 451//451 452//452 453//453
f 454//454 455//455 456//456
f 457//457 458//458 459//459
f 460//460 461//461 462//462
f 463//463 464//464 465//465
f 466//466 467//467 468//468
f 469//469 470//470 471//471
f 472//472 473//473 474//474
f 475//475 476//476 477//477
f 478//478 479//479 480//480
f 481//481 482//482 483//483
f 484//484 485//485 486//486
f 487//487 488//488 489//489
f 490//490 491//491 492//492
f 493//493 494//494 495//495
f 496//496 497//497 498//498
f 499//499 500//500 501//501
f 502//502 503//503 504//504
f 505//505 506//506 507//507
f 508//508 509//509 510//510
f 511//511 512//512 513//513
f 514//514 515//515 516//516
f 517//517 518//518 519//519
f 520//520 521//521 522//522
f 523//523 524//524 525//525
f 526//526 527//527 528//528
f 529//529 530//530 531//531
f 532//532 533//533 534//534
f 535//535 536//536 537//537
f 538//538 539//539 540//540
f 541//541 542//542 543//543
f 544//544 545//545 546//546
f 547//547 548//548 549//549
f 550//550 551//551 552//552
f 553//553 554//554 555//555
f 556//556 557//557 558//558
f 559//559 560//560 561//561
f 562//562 563//563 564//564
f 565//565 566//566 567//567
f 568//568 569//569 570//570
f 571//571 572//572 573//573
f 574//574 575//575 576//576
f 577//577 578//578 579//579
f 580//580 581//581 582//582
f 583//583 584//584 585//585
f 586//586 587//587 588//588
f 589//589 590//590 591//591
f 592//592 593//593 594//594
f 595//595 596//596 597//597
f 598//598 599//599 600//600
f 601//601 602//602 603//603
f 604//604 605//605 606//606
f 607//607 608//608 609//609
f 610//610 611//611 612//612
f 613//613 614//614 615//615
f 616//616 617//617 618//618
f 619//619 620//620 621//621
f 622//622 623//623 624//624
f 625//625 626//626 627//627
f 628//628 629//629 630//630
f 631//631 632//632 633//633
f 634//634 635//635 636//636
f 637//637 638//638 639//639
f 640//640 641//641 642//642
f 643//643 644//644 645//645
f 646//646 647//647 648//648
f 649//649 650//650 651//651
f 652//652 653//653 654//654
f 655//655 656//656 657//657
f 658//658 659//659 660//660
f 661//661 662//662 663//663
f 664//664 665//665 666//666
f 667//667 668//668 669//669
f 670//670 671//671 672//672
f 673//673 674//674 675//675
f 676//676 677//677 678//678
f 679//679 680//680 681//681
f 682//682 683//683 684//684
f 685//685 686//686 687//687
f 688//688 689//689 690//690
f 691//691 692//692 693//693
f 694//694 695//695 696//696
f 697//697 698//698 699//699
f 700//700 701//701 702//702
f 703//703 704//704 705//705
f 706//706 707//707 708//708
f 709//709 710//710 711//711
f 712//712 713//713 714//714
f 715//715 716//716 717//717
f 718//718 719//719 720//720
f 721//721 722//722 723//723
f 724//724 725//725 726//726
f 727//727 728//728 729//729
f 730//730 731//731 732//732
f 733//733 734//734 735//735
f 736//736 737//737 738//738
f 739//739 740//740 741//741
f 742//742 743//743 744//744
f 745//745 746//746 747//747
f 748//748 749//749 750//750
f 751//751 752//752 753//753
f 754//754 755//755 756//756
f 757//757 758//758 759//759
f 760//760 761//761 762//762
f 763//763 764//764 765//765
f 766//766 767//767 768//768
f 769//769 770//770 771//771
f 772//772 773//773 774//774
f 775//775 776//776 777//777
f 778//778 779//779 780//780
f 781//781 782//782 783//783
f 784//784 785//785 786//786
f 787//787 788//788 789//789
f 790//790 791//791 792//792
f 793//793 794//794 795//795
f 796//796 797//797 798//798
f 799//799 800//800 801//801
f 802//802 803//803 804//804
f 805//805 806//806 807//807
f 808//808 809//809 810//810
f 811//811 812//812 813//813
f 814//814 815//815 816//816
f 817//817 818//818 819//819
f 820//820 821//821 822//822
f 823//823 824//824 825//825
f 826//826 827//827 828//828
f 829//829 830//830 831//831
f 832//832 833//833 834//834
f 835//835 836//836 837//837
f 838//838 839//839 840//840
f 841//841 842//842 843//843
f 844//844 845//845 846//846
f 847//847 848//848 849//849
f 850//850 851//851 852//852
f 853//853 854//854 855//855
f 856//856 857//857 858//858
f 859//859 860//860 861//861
f 862//862 863//863 864//864
f 865//865 866//866 867//867
f 868//868 869//869 870//870
f 871//871 872//872 873//873
f 874//874 875//875 876//876
f 877//877 878//878 879//879
f 880//880 881//881 882//882
f 883//883 884//884 885//885
f 886//886 887//887 888//888
f 889//889 890//890 891//891
f 892//892 893//893 894//894
f 895//895 896//896 897//897
f 898//898 899//899 900//900
f 901//901 902//902 903//903
f 904//904 905//905 906//906
f 907//907 908//908 909//909
f 910//910 911//911 912//912
f 913//913 914//914 915//915
f 916//916 917//917 918//918
f 919//919 920//920 921//921
f 922//922 923//923 924//924
f 925//925 926//926 927//927
f 928//928 929//929 930//930
f 931//931 932//932 933//933
f 934//934 935//935 936//936
f 937//937 938//938 939//939
f 940//940 941//941 942//942
f 943//943 944//944 945//945
f 946//946 947//947 948//948
f 949//949 950//950 951//951
f 952//952 953//953 954//954
f 955//955 956//956 957//957
f 958//958 959//959 960//960
f 961//961 962//962 963//963
f 964//964 965//965 966//966
f 967//967 968//968 969//969
f 970//970 971//971 972//972
f 973//973 974//974 975//975
f 976//976 977//977 978//978
f 979//979 980//980 981//981
f 982//982 983//983 984//984
f 985//985 986//986 987//987
f 988//988 989//989 990//990
f 991//991 992//992 993//993
f 994//994 995//995 996//996
f 997//997 998//998 999//999
f 1000//1000 1001//1001 1002//1002
f 1003//1003 1004//1004 1005//1005
f 1006//1006 1007//1007 1008//1008
f 1009//1009 1010//1010 1011//1011
f 1012//1012 1013//1013 1014//1014
f 1015//1015 1016//1016 1017//1017
f 1018//1018 1019//1019 1020//1020
f 1021//1021 1022//1022 1023//1023
f 1024//1024 1025//1025 1026//1026
f 1027//1027 1028//1028 1029//1029
f 1030//1030 1031//1031 1032//1032
f 1033//1033 1034//1034 1035//1035
f 1036//1036 1037//1037 1038//1038
f 1039//1039 1040//1040 1041//1041
f 1042//1042 1043//1043 1044//1044
f 1045//1045 1046//1046 1047//1047
f 1048//1048 1049//1049 1050//1050
f 1051//1051 1052//1052 1053//1053
f 1054//1054 1055//1055 1056//1056
f 1057//1057 1058//1058 1059//1059
f 1060//1060 1061//1061 1062//1062
f 1063//1063 1064//1064 1065//1065
f 1066//1066 1067//1067 1068//1068
f 1069//1069 1070//1070 1071//1071
f 1072//1072 1073//1073 1074//1074
f 1075//1075 1076//1076 1077//1077
f 1078//1078 1079//1079 1080//1080
f 1081//1081 1082//1082 1083//1083
f 1084//1084 1085//1085 1086//1086
f 1087//1087 1088//1088 1089//1089
f 1090//1090 1091//1091 1092//1092
f 1093//1093 1094//1094 1095//1095
f 1096//1096 1097//1097 1098//1098
f 1099//1099 1100//1100 1101//1101
f 1102//1102 1103//1103 1104//1104
f 1105//1105 1106//1106 1107//1107
f 1108//1108 1109//1109 1110//1110
f 1111//1111 1112//1112 1113//1113
f 1114//1114 1115//1115 1116//1116
f 1117//1117 1118//1118 1119//1119
f 1120//1120 1121//1121 1122//1122
f 1123//1123 1124//1124 1125//1125
f 1126//1126 1127//1127 1128//1128
f 1129//1129 1130//1130 1131//1131
f 1132//1132 1133//1133 1134//1134
f 1135//1135 1136//1136 1137//1137
f 1138//1138 1139//1139 1140//1140
f 1141//1141 1142//1142 1143//1143
f 1144//1144 1145//1145 1146//1146
f 1147//1147 1148//1148 1149//1149
f 1150//1150 1151//1151 1152//1152
f 1153//1153 1154//1154 1155//1155
f 1156//1156 1157//1157 1158//1158
f 1159//1159 1160//1160 1161//1161
f 1162//1162 1163//1163 1164//1164
f 1165//1165 1166//1166 1167//1167
f 1168//1168 1169//1169 1170//1170
f 1171//1171 1172//1172 1173//1173
f 1174//1174 1175//1175 1176//1176
f 1177//1177 1178//1178 1179//1179
f 1180//1180 1181//1181 1182//1182
f 1183//1183 1184//1184 1185//1185
f 1186//1186 1187//1187 1188//1188
f 1189//1189 1190//1190 1191//1191
f 1192//1192 1193//1193 1194//1194
f 1195//1195 1196//1196 1197//1197
f 1198//1198 1199//1199 1200//1200
f 1201//1201 1202//1202 1203//1203
f 1204//1204 1205//1205 1206//1206
f 1207//1207 1208//1208 1209//1209
f 1210//1210 1211//1211 1212//1212
f 1213//1213 1214//1214 1215//1215
f 1216//1216 1217//1217 1218//1218
f 1219//1219 1220//1220 1221//1221
f 1222//1222 1223//1223 1224//1224
f 1225//1225 1226//1226 1227//1227
f 1228//1228 1229//1229 1230//1230
f 1231//1231 1232//1232 1233//1233
f 1234//1234 1235//1235 1236//1236
f 1237//1237 1238//1238 1239//1239
f 1240//1240 1241//1241 1242//1242
f 1243//1243 1244//1244 1245//1245
f 1246//1246 1247//1247 1248//1248
f 1249//1249 1250//1250 1251//1251
f 1252//1252 1253//1253 1254//1254
f 1255//1255 1256//1256 1257//1257
f 1258//1258 1259//1259 1260//1260
f 1261//1261 1262//1262 1263//1263
f 1264//1264 1265//1265 1266//1266
f 1267//1267 1268//1268 1269//1269
f 1270//1270 1271//1271 1272//1272
f 1273//1273 1274//1274 1275//1275
f 1276//1276 1277//1277 1278//1278
f 1279//1279 1280//1280 1281//1281
f 1282//1282 1283//1283 1284//1284
f 1285//1285 1286//1286 1287//1287
f 1288//1288 1289//1289 1290//1290
f 1291//1291 1292//1292 1293//1293
f 1294//1294 1295//1295 1296//1296
f 1297//1297 1298//1298 1299//1299
f 1300//1300 1301//1301 1302//1302
f 1303//1303 1304//1304 1305//1305
f 1306//1306 1307//1307 1308//1308
f 1309//1309 1310//1310 1311//1311
f 1312//1312 1313//1313 1314//1314
f 1315//1315 1316//1316 1317//1317
f 1318//1318 1319//1319 1320//1320
f 1321//1321 1322//1322 1323//1323
f 1324//1324 1325//1325 1326//1326
f 1327//1327 1328//1328 1329//1329
f 1330//1330 1331//1331 1332//1332
f 1333//1333 1334//1334 1335//1335
f 1336//1336 1337//1337 1338//1338
f 1339//1339 1340//1340 1341//1341
f 1342//1342 1343//1343 1344//1344
f 1345//1345 1346//1346 1347//1347
f 1348//1348 1349//1349 1350//1350
f 1351//1351 1352//1352 1353//1353
f 1354//1354 1355//1355 1356//1356
f 1357//1357 1358//1358 1359//1359
f 1360//1360 1361//1361 1362//1362
f 1363//1363 1364//1364 1365//1365
f 1366//1366 1367//1367 1368//1368
f 1369//1369 1370//1370 1371//1371
f 1372//1372 1373//1373 1374//1374
f 1375//1375 1376//1376 1377//1377
f 1378//1378 1379//1379 1380//1380
f 1381//1381 1382//1382 1383//1383
f 1384//1384 1385//1385 1386//1386
f 1387//1387 1388//1388 1389//1389
f 1390//1390 1391//1391 1392//1392
f 1393//1393 1394//1394 1395//1395
f 1396//1396 1397//1397 1398//1398
f 1399//1399 1400//1400 1401//1401
f 1402//1402 1403//1403 1404//1404
f 1405//1405 1406//1406 1407//1407
f 1408//1408 1409//1409 1410//1410
f 1411//1411 1412//1412 1413//1413
f 1414//1414 1415//1415 1416//1416
f 1417//1417 1418//1418 1419//1419
f 1420//1420 1421//1421 1422//1422
f 1423//1423 1424//1424 1425//1425
f 1426//1426 1427//1427 1428//1428
f 1429//1429 1430//1430 1431//1431
f 1432//1432 1433//1433 1434//1434
f 1435//1435 1436//1436 1437//1437
f 1438//1438 1439//1439 1440//1440
f 1441//1441 1442//1442 1443//1443
f 1444//1444 1445//1445 1446//1446
f 1447//1447 1448//1448 1449//1449
f 1450//1450 1451//1451 1452//1452
f 1453//1453 1454//1454 1455//1455
f 1456//1456 1457//1457 1458//1458
f 1459//1459 1460//1460 1461//1461
f 1462//1462 1463//1463 1464//1464
f 1465//1465 1466//1466 1467//1467
f 1468//1468 1469//1469 1470//1470
f 1471//1471 1472//1472 1473//1473
f 1474//1474 1475//1475 1476//1476
f 1477//1477 1478//1478 1479//1479
f 1480//1480 1481//1481 1482//1482
f 1483//1483 1484//1484 1485//1485
f 1486//1486 1487//1487 1488//1488
f 1489//1489 1490//1490 1491//1491
f 1492//1492 1493//1493 1494//1494
f 1495//1495 1496//1496 1497//1497
f 1498//1498 1499//1499 1500//1500
f 1501//1501 1502//1502 1503//1503
f 1504//1504 1505//1505 1506//1506
f 1507//1507 1508//1508 1509//1509
f 1510//1510 1511//1511 1512//1512
f 1513//1513 1514//1514 1515//1515
f 1516//1516 1517//1517 1518//1518
f 1519//1519 1520//1520 1521//1521
f 1522//1522 1523//1523 1524//1524
f 1525//1525 1526//1526 1527//1527
f 1528//1528 1529//1529 1530//1530
f 1531//1531 1532//1532 1533//1533
f 1534//1534 1535//1535 1536//1536
f 1537//1537 1538//1538 1539//1539
f 1540//1540 1541//1541 1542//1542
f 1543//1543 1544//1544 1545//1545
f 1546//1546 1547//1547 1548//1548
f 1549//1549 1550//1550 1551//1551
f 1552//1552 1553//1553 1554//1554
f 1555//1555 1556//1556 1557//1557
f 1558//1558 1559//1559 1560//1560
f 1561//1561 1562//1562 1563//1563
f 1564//1564 1565//1565 1566//1566
f 1567//1567 1568//1568 1569//1569
f 1570//1570 1571//1571 1572//1572
f 1573//1573 1574//1574 1575//1575
f 1576//1576 1577//1577 1578//1578
f 1579//1579 1580//1580 1581//1581
f 1582//1582 1583//1583 1584//1584
f 1585//1585 1586//1586 1587//1587
f 1588//1588 1589//1589 1590//1590
f 1591//1591 1592//1592 1593//1593
f 1594//1594 1595//1595 1596//1596
f 1597//1597 1598//1598 1599//1599
f 1600//1600 1601//1601 1602//1602
f 1603//1603 1604//1604 1605//1605
f 1606//1606 1607//1607 1608//1608
f 1609//1609 1610//1610 1611//1611
f 1612//1612 1613//1613 1614//1614
f 1615//1615 1616//1616 1617//1617
f 1618//1618 1619//1619 1620//1620
f 1621//1621 1622//1622 1623//1623
f 1624//1624 1625//1625 1626//1626
f 1627//1627 1628//1628 1629//1629
f 1630//1630 1631//1631 1632//1632
f 1633//1633 1634//1634 1635//1635
f 1636//1636 1637//1637 1638//1638
f 1639//1639 1640//1640 1641//1641
f 1642//1642 1643//1643 1644//1644
f 1645//1645 1646//1646 1647//1647
f 1648//1648 1649//1649 1650//1650
