o node10
usemtl blau
v 0.02736061066389084 0.05590558052062988 0.2533017098903656
v 0.025559959933161736 0.05577694997191429 0.2569442093372345
v 0.024791240692138672 0.05558586120605469 0.2588309943675995
v 0.027518149465322495 0.055667631328105927 0.25408318638801575
v 0.02736061066389084 0.05590558052062988 0.2533017098903656
v 0.024791240692138672 0.05558586120605469 0.2588309943675995
v 0.0240402203053236 0.04050575941801071 0.2724322974681854
v 0.02242851071059704 0.043227069079875946 0.2734223008155823
v 0.019924160093069077 0.04009401053190231 0.275417298078537
v 0.028726449236273766 0.05502771958708763 0.2543067932128906
v 0.027518149465322495 0.055667631328105927 0.25408318638801575
v 0.024791240692138672 0.05558586120605469 0.2588309943675995
v -0.004719138145446777 0.05290590971708298 0.27464011311531067
v -0.0044317240826785564 0.053817618638277054 0.2734679877758026
v -0.0096893310546875 0.05340182036161423 0.272956907749176
v 0.028726449236273766 0.05502771958708763 0.2543067932128906
v 0.024791240692138672 0.05558586120605469 0.2588309943675995
v 0.026991840451955795 0.054878950119018555 0.25771111249923706
v -0.004719138145446777 0.05290590971708298 0.27464011311531067
v -0.0096893310546875 0.05340182036161423 0.272956907749176
v -0.007702826987951994 0.05193458870053291 0.27518078684806824
v 0.029490819200873375 0.05529247969388962 0.2515659034252167
v 0.02736061066389084 0.05590558052062988 0.2533017098903656
v 0.027518149465322495 0.055667631328105927 0.25408318638801575
v -0.022627830505371094 0.04032992944121361 0.27367210388183594
v -0.021984100341796875 0.043140411376953125 0.2737579047679901
v -0.024993890896439552 0.044540878385305405 0.27109530568122864
v -0.014224880374968052 0.04901123046875 0.2755622863769531
v -0.013858670368790627 0.052168719470500946 0.2728919982910156
v -0.015900129452347755 0.050242841243743896 0.2737882137298584
v -0.02084146998822689 0.04599142074584961 0.273658812046051
v -0.014224880374968052 0.04901123046875 0.2755622863769531
v -0.019881010055541992 0.049684759229421616 0.2719813883304596
v 0.028726449236273766 0.05502771958708763 0.2543067932128906
v 0.026991840451955795 0.054878950119018555 0.25771111249923706
v 0.028962960466742516 0.05317306146025658 0.25896841287612915
v 0.026901239529252052 0.04362297058105469 0.2694835960865021
v 0.02873801998794079 0.04670511931180954 0.2663002014160156
v 0.023969650268554688 0.04618154838681221 0.2712382972240448
v -0.00353068090043962 0.05509096011519432 0.27149540185928345
v -0.0038669700734317303 0.05538814887404442 0.2708885073661804
v -0.0062475199811160564 0.05568790063261986 0.26999861001968384
v 0.029490819200873375 0.05529247969388962 0.2515659034252167
v 0.027518149465322495 0.055667631328105927 0.25408318638801575
v 0.028726449236273766 0.05502771958708763 0.2543067932128906
v -0.017017599195241928 0.045778390020132065 0.2759068012237549
v -0.014224880374968052 0.04901123046875 0.2755622863769531
v -0.02084146998822689 0.04599142074584961 0.273658812046051
v 0.02688395045697689 0.04086266830563545 0.2698363959789276
v 0.026901239529252052 0.04362297058105469 0.2694835960865021
v 0.02242851071059704 0.043227069079875946 0.2734223008155823
v 0.02688395045697689 0.04086266830563545 0.2698363959789276
v 0.02242851071059704 0.043227069079875946 0.2734223008155823
v 0.0240402203053236 0.04050575941801071 0.2724322974681854
v 0.029827170073986053 0.05421942099928856 0.2545658051967621
v 0.028726449236273766 0.05502771958708763 0.2543067932128906
v 0.028962960466742516 0.05317306146025658 0.25896841287612915
v 0.02873801998794079 0.04670511931180954 0.2663002014160156
v 0.02844046987593174 0.05003643035888672 0.263942688703537
v 0.025287499651312828 0.0492781400680542 0.26815029978752136
v -0.002235292922705412 0.055670611560344696 0.2704926133155823
v -0.004604339133948088 0.05681699141860008 0.26676470041275024
v -0.0062475199811160564 0.05568790063261986 0.26999861001968384
v 0.025462260469794273 0.05691223964095116 0.2508383095264435
v 0.02518630027770996 0.057246919721364975 0.24219170212745667
v 0.019795289263129234 0.057250019162893295 0.25446128845214844
v 0.03060138039290905 0.051093749701976776 0.2595916986465454
v 0.028962960466742516 0.05317306146025658 0.25896841287612915
v 0.02844046987593174 0.05003643035888672 0.263942688703537
v -0.007702826987951994 0.05193458870053291 0.27518078684806824
v -0.0096893310546875 0.05340182036161423 0.272956907749176
v -0.013858670368790627 0.052168719470500946 0.2728919982910156
v -0.002235292922705412 0.055670611560344696 0.2704926133155823
v -0.0062475199811160564 0.05568790063261986 0.26999861001968384
v -0.0038669700734317303 0.05538814887404442 0.2708885073661804
v 0.028891919180750847 0.05607353895902634 0.248586505651474
v 0.025462260469794273 0.05691223964095116 0.2508383095264435
v 0.027001500129699707 0.05605864152312279 0.2535248100757599
v -0.007534027099609375 0.05461883172392845 0.2717284858226776
v -0.00353068090043962 0.05509096011519432 0.27149540185928345
v -0.0062475199811160564 0.05568790063261986 0.26999861001968384
v 0.028891919180750847 0.05607353895902634 0.248586505651474
v 0.027001500129699707 0.05605864152312279 0.2535248100757599
v 0.02736061066389084 0.05590558052062988 0.2533017098903656
v -0.002235292922705412 0.055670611560344696 0.2704926133155823
v 0.002019404899328947 0.056812938302755356 0.26712921261787415
v -0.004604339133948088 0.05681699141860008 0.26676470041275024
v 0.029490819200873375 0.05529247969388962 0.2515659034252167
v 0.028891919180750847 0.05607353895902634 0.248586505651474
v 0.02736061066389084 0.05590558052062988 0.2533017098903656
v -0.0021632309071719646 0.05359923094511032 0.2740679085254669
v -0.00353068090043962 0.05509096011519432 0.27149540185928345
v -0.007534027099609375 0.05461883172392845 0.2717284858226776
v -0.010586610063910484 0.04854201897978783 0.2771187126636505
v -0.014224880374968052 0.04901123046875 0.2755622863769531
v -0.017017599195241928 0.045778390020132065 0.2759068012237549
v -0.002235292922705412 0.055670611560344696 0.2704926133155823
v -0.0038669700734317303 0.05538814887404442 0.2708885073661804
v -0.00353068090043962 0.05509096011519432 0.27149540185928345
v 0.025462260469794273 0.05691223964095116 0.2508383095264435
v 0.02741241082549095 0.057007670402526855 0.2413914054632187
v 0.02518630027770996 0.057246919721364975 0.24219170212745667
v 0.029827170073986053 0.05421942099928856 0.2545658051967621
v 0.029490819200873375 0.05529247969388962 0.2515659034252167
v 0.028726449236273766 0.05502771958708763 0.2543067932128906
v -0.0044317240826785564 0.053817618638277054 0.2734679877758026
v -0.0021632309071719646 0.05359923094511032 0.2740679085254669
v -0.007534027099609375 0.05461883172392845 0.2717284858226776
v 0.03148256987333298 0.05279541015625 0.2549000084400177
v 0.029827170073986053 0.05421942099928856 0.2545658051967621
v 0.028962960466742516 0.05317306146025658 0.25896841287612915
v 0.03132956847548485 0.04986608028411865 0.25997111201286316
v 0.03060138039290905 0.051093749701976776 0.2595916986465454
v 0.02844046987593174 0.05003643035888672 0.263942688703537
v 0.03136252984404564 0.05381155014038086 0.25254058837890625
v 0.029827170073986053 0.05421942099928856 0.2545658051967621
v 0.03148256987333298 0.05279541015625 0.2549000084400177
v -0.026987070217728615 0.05692350119352341 0.24632540345191956
v -0.019234180450439453 0.05725007876753807 0.2550992965698242
v -0.025350920855998993 0.05724567174911499 0.2416495978832245
v -0.0044317240826785564 0.053817618638277054 0.2734679877758026
v -0.007534027099609375 0.05461883172392845 0.2717284858226776
v -0.0096893310546875 0.05340182036161423 0.272956907749176
v -0.009736894629895687 0.050080470740795135 0.2762218117713928
v -0.013858670368790627 0.052168719470500946 0.2728919982910156
v -0.014224880374968052 0.04901123046875 0.2755622863769531
v -0.009736894629895687 0.050080470740795135 0.2762218117713928
v -0.007702826987951994 0.05193458870053291 0.27518078684806824
v -0.013858670368790627 0.052168719470500946 0.2728919982910156
v 0.0303192101418972 0.04412353038787842 0.265346497297287
v 0.02873801998794079 0.04670511931180954 0.2663002014160156
v 0.026901239529252052 0.04362297058105469 0.2694835960865021
v 0.0003089900128543377 0.05549132078886032 0.2709828019142151
v 0.002019404899328947 0.056812938302755356 0.26712921261787415
v -0.002235292922705412 0.055670611560344696 0.2704926133155823
v -0.030027270317077637 0.05553025007247925 0.24882879853248596
v -0.029683580622076988 0.05605887994170189 0.24551010131835938
v -0.032132621854543686 0.054667290300130844 0.2452964037656784
v -0.0174521803855896 0.04276692122220993 0.27655789256095886
v -0.017017599195241928 0.045778390020132065 0.2759068012237549
v -0.02084146998822689 0.04599142074584961 0.273658812046051
v -0.0174521803855896 0.04276692122220993 0.27655789256095886
v -0.02084146998822689 0.04599142074584961 0.273658812046051
v -0.021984100341796875 0.043140411376953125 0.2737579047679901
v -0.010586610063910484 0.04854201897978783 0.2771187126636505
v -0.009736894629895687 0.050080470740795135 0.2762218117713928
v -0.014224880374968052 0.04901123046875 0.2755622863769531
v -0.027843469753861427 0.05605655163526535 0.25164610147476196
v -0.026987070217728615 0.05692350119352341 0.24632540345191956
v -0.029683580622076988 0.05605887994170189 0.24551010131835938
v -0.004914342891424894 0.049910541623830795 0.2774061858654022
v -0.009736894629895687 0.050080470740795135 0.2762218117713928
v -0.010586610063910484 0.04854201897978783 0.2771187126636505
v -0.004914342891424894 0.049910541623830795 0.2774061858654022
v -0.007702826987951994 0.05193458870053291 0.27518078684806824
v -0.009736894629895687 0.050080470740795135 0.2762218117713928
v 0.002019404899328947 0.056812938302755356 0.26712921261787415
v 0.007917404174804688 0.05724984034895897 0.2623448073863983
v -0.005834102164953947 0.05725007876753807 0.26296138763427734
v -0.030027270317077637 0.05553025007247925 0.24882879853248596
v -0.027843469753861427 0.05605655163526535 0.25164610147476196
v -0.029683580622076988 0.05605887994170189 0.24551010131835938
v -0.011939999647438526 0.045503489673137665 0.2781257927417755
v -0.010586610063910484 0.04854201897978783 0.2771187126636505
v -0.017017599195241928 0.045778390020132065 0.2759068012237549
v 0.0016936060274019837 0.055736541748046875 0.2702789008617401
v 0.002019404899328947 0.056812938302755356 0.26712921261787415
v 0.0003089900128543377 0.05549132078886032 0.2709828019142151
v 0.03136252984404564 0.05381155014038086 0.25254058837890625
v 0.029490819200873375 0.05529247969388962 0.2515659034252167
v 0.029827170073986053 0.05421942099928856 0.2545658051967621
v 0.029354030266404152 0.05640362948179245 0.24243299663066864
v 0.02741241082549095 0.057007670402526855 0.2413914054632187
v 0.025462260469794273 0.05691223964095116 0.2508383095264435
v -0.022627830505371094 0.04032992944121361 0.27367210388183594
v -0.0174521803855896 0.04276692122220993 0.27655789256095886
v -0.021984100341796875 0.043140411376953125 0.2737579047679901
v 0.0016936060274019837 0.055736541748046875 0.2702789008617401
v 0.0003089900128543377 0.05549132078886032 0.2709828019142151
v 0.001842438941821456 0.05564117059111595 0.2705841064453125
v 0.029354030266404152 0.05640362948179245 0.24243299663066864
v 0.025462260469794273 0.05691223964095116 0.2508383095264435
v 0.028891919180750847 0.05607353895902634 0.248586505651474
v -0.01750182919204235 0.03989636152982712 0.27681541442871094
v -0.011263719759881496 0.03950022906064987 0.27949878573417664
v -0.0174521803855896 0.04276692122220993 0.27655789256095886
v 0.03349924087524414 0.050686709582805634 0.2545452117919922
v 0.03148256987333298 0.05279541015625 0.2549000084400177
v 0.028962960466742516 0.05317306146025658 0.25896841287612915
v -0.01750182919204235 0.03989636152982712 0.27681541442871094
v -0.0174521803855896 0.04276692122220993 0.27655789256095886
v -0.022627830505371094 0.04032992944121361 0.27367210388183594
v 0.03349924087524414 0.050686709582805634 0.2545452117919922
v 0.028962960466742516 0.05317306146025658 0.25896841287612915
v 0.03060138039290905 0.051093749701976776 0.2595916986465454
v 0.03300762176513672 0.05036019906401634 0.256198912858963
v 0.03349924087524414 0.050686709582805634 0.2545452117919922
v 0.03060138039290905 0.051093749701976776 0.2595916986465454
v 0.03300762176513672 0.05036019906401634 0.256198912858963
v 0.03060138039290905 0.051093749701976776 0.2595916986465454
v 0.03132956847548485 0.04986608028411865 0.25997111201286316
v 0.030711650848388672 0.055223941802978516 0.24795910716056824
v 0.028891919180750847 0.05607353895902634 0.248586505651474
v 0.029490819200873375 0.05529247969388962 0.2515659034252167
v -0.007702826987951994 0.05193458870053291 0.27518078684806824
v -0.004914342891424894 0.049910541623830795 0.2774061858654022
v -0.004719138145446777 0.05290590971708298 0.27464011311531067
v -0.008801460266113281 0.04240642860531807 0.2800287902355194
v -0.011939999647438526 0.045503489673137665 0.2781257927417755
v -0.017017599195241928 0.045778390020132065 0.2759068012237549
v -0.008801460266113281 0.04240642860531807 0.2800287902355194
v -0.0174521803855896 0.04276692122220993 0.27655789256095886
v -0.011263719759881496 0.03950022906064987 0.27949878573417664
v -0.008801460266113281 0.04240642860531807 0.2800287902355194
v -0.017017599195241928 0.045778390020132065 0.2759068012237549
v -0.0174521803855896 0.04276692122220993 0.27655789256095886
v 0.001842438941821456 0.05564117059111595 0.2705841064453125
v 0.002019404899328947 0.056812938302755356 0.26712921261787415
v 0.0016936060274019837 0.055736541748046875 0.2702789008617401
v 0.03246103972196579 0.04723583906888962 0.260589599609375
v 0.02844046987593174 0.05003643035888672 0.263942688703537
v 0.02873801998794079 0.04670511931180954 0.2663002014160156
v 0.03246103972196579 0.04723583906888962 0.260589599609375
v 0.03132956847548485 0.04986608028411865 0.25997111201286316
v 0.02844046987593174 0.05003643035888672 0.263942688703537
v 0.006032884120941162 0.055749889463186264 0.2698211967945099
v 0.002019404899328947 0.056812938302755356 0.26712921261787415
v 0.001842438941821456 0.05564117059111595 0.2705841064453125
v 0.030711650848388672 0.055223941802978516 0.24795910716056824
v 0.029354030266404152 0.05640362948179245 0.24243299663066864
v 0.028891919180750847 0.05607353895902634 0.248586505651474
v -0.023461339995265007 0.05688685178756714 0.25448229908943176
v -0.019234180450439453 0.05725007876753807 0.2550992965698242
v -0.026987070217728615 0.05692350119352341 0.24632540345191956
v 0.030529020354151726 0.04144597053527832 0.2654323875904083
v 0.026901239529252052 0.04362297058105469 0.2694835960865021
v 0.02688395045697689 0.04086266830563545 0.2698363959789276
v 0.030529020354151726 0.04144597053527832 0.2654323875904083
v 0.0303192101418972 0.04412353038787842 0.265346497297287
v 0.026901239529252052 0.04362297058105469 0.2694835960865021
v 0.03300762176513672 0.05036019906401634 0.256198912858963
v 0.03132956847548485 0.04986608028411865 0.25997111201286316
v 0.03246103972196579 0.04723583906888962 0.260589599609375
v -0.03250335901975632 0.05392204970121384 0.24793140590190887
v -0.032132621854543686 0.054667290300130844 0.2452964037656784
v -0.03409444913268089 0.05302155017852783 0.24365009367465973
v -0.00840061902999878 0.04545712098479271 0.2791092097759247
v -0.010586610063910484 0.04854201897978783 0.2771187126636505
v -0.011939999647438526 0.045503489673137665 0.2781257927417755
v 0.030711650848388672 0.055223941802978516 0.24795910716056824
v 0.03236258029937744 0.054739050567150116 0.24201560020446777
v 0.029354030266404152 0.05640362948179245 0.24243299663066864
v -0.031418800354003906 0.05430889129638672 0.2504101097583771
v -0.029654260724782944 0.055410921573638916 0.2502991855144501
v -0.030027270317077637 0.05553025007247925 0.24882879853248596
v 0.032677050679922104 0.05379759892821312 0.24817940592765808
v 0.029490819200873375 0.05529247969388962 0.2515659034252167
v 0.03136252984404564 0.05381155014038086 0.25254058837890625
v 0.032677050679922104 0.05379759892821312 0.24817940592765808
v 0.030711650848388672 0.055223941802978516 0.24795910716056824
v 0.029490819200873375 0.05529247969388962 0.2515659034252167
v 0.03337465971708298 0.05226624011993408 0.25118640065193176
v 0.03136252984404564 0.05381155014038086 0.25254058837890625
v 0.03148256987333298 0.05279541015625 0.2549000084400177
v -0.02818918041884899 0.055133700370788574 0.2552013099193573
v -0.029654260724782944 0.055410921573638916 0.2502991855144501
v -0.031418800354003906 0.05430889129638672 0.2504101097583771
v -0.03425823897123337 0.05225431174039841 0.24742500483989716
v -0.03250335901975632 0.05392204970121384 0.24793140590190887
v -0.03409444913268089 0.05302155017852783 0.24365009367465973
v 0.032677050679922104 0.05379759892821312 0.24817940592765808
v 0.03236258029937744 0.054739050567150116 0.24201560020446777
v 0.030711650848388672 0.055223941802978516 0.24795910716056824
v 0.033067699521780014 0.04458760842680931 0.26089099049568176
v 0.02873801998794079 0.04670511931180954 0.2663002014160156
v 0.0303192101418972 0.04412353038787842 0.265346497297287
v 0.033067699521780014 0.04458760842680931 0.26089099049568176
v 0.03246103972196579 0.04723583906888962 0.260589599609375
v 0.02873801998794079 0.04670511931180954 0.2663002014160156
v -0.03335319831967354 0.05247180908918381 0.250606507062912
v -0.03250335901975632 0.05392204970121384 0.24793140590190887
v -0.03425823897123337 0.05225431174039841 0.24742500483989716
v 0.032677050679922104 0.05379759892821312 0.24817940592765808
v 0.03136252984404564 0.05381155014038086 0.25254058837890625
v 0.03337465971708298 0.05226624011993408 0.25118640065193176
v -0.031418800354003906 0.05430889129638672 0.2504101097583771
v -0.030027270317077637 0.05553025007247925 0.24882879853248596
v -0.032132621854543686 0.054667290300130844 0.2452964037656784
v 0.03337465971708298 0.05226624011993408 0.25118640065193176
v 0.03148256987333298 0.05279541015625 0.2549000084400177
v 0.03349924087524414 0.050686709582805634 0.2545452117919922
v 0.03450524061918259 0.047585781663656235 0.2559928894042969
v 0.03300762176513672 0.05036019906401634 0.256198912858963
v 0.03246103972196579 0.04723583906888962 0.260589599609375
v 0.005645691882818937 0.055377960205078125 0.27066799998283386
v 0.006032884120941162 0.055749889463186264 0.2698211967945099
v 0.001842438941821456 0.05564117059111595 0.2705841064453125
v 0.03450524061918259 0.047585781663656235 0.2559928894042969
v 0.03246103972196579 0.04723583906888962 0.260589599609375
v 0.033067699521780014 0.04458760842680931 0.26089099049568176
v 0.032677050679922104 0.05379759892821312 0.24817940592765808
v 0.033892810344696045 0.053357891738414764 0.24249519407749176
v 0.03236258029937744 0.054739050567150116 0.24201560020446777
v -0.03250335901975632 0.05392204970121384 0.24793140590190887
v -0.031418800354003906 0.05430889129638672 0.2504101097583771
v -0.032132621854543686 0.054667290300130844 0.2452964037656784
v -0.027843469753861427 0.05605655163526535 0.25164610147476196
v -0.023461339995265007 0.05688685178756714 0.25448229908943176
v -0.026987070217728615 0.05692350119352341 0.24632540345191956
v 0.005645691882818937 0.055377960205078125 0.27066799998283386
v 0.001842438941821456 0.05564117059111595 0.2705841064453125
v 0.0031614298932254314 0.05525004118680954 0.2712385952472687
v 0.005645691882818937 0.055377960205078125 0.27066799998283386
v 0.0031614298932254314 0.05525004118680954 0.2712385952472687
v 0.002525209914892912 0.05449473112821579 0.2727242112159729
v 0.03450524061918259 0.047585781663656235 0.2559928894042969
v 0.03349924087524414 0.050686709582805634 0.2545452117919922
v 0.03300762176513672 0.05036019906401634 0.256198912858963
v 0.03324985131621361 0.04202890023589134 0.26099398732185364
v 0.0303192101418972 0.04412353038787842 0.265346497297287
v 0.030529020354151726 0.04144597053527832 0.2654323875904083
v 0.03324985131621361 0.04202890023589134 0.26099398732185364
v 0.033067699521780014 0.04458760842680931 0.26089099049568176
v 0.0303192101418972 0.04412353038787842 0.265346497297287
v 0.03498363122344017 0.05104082077741623 0.24858950078487396
v 0.03337465971708298 0.05226624011993408 0.25118640065193176
v 0.03349924087524414 0.050686709582805634 0.2545452117919922
v 0.0356208011507988 0.04506754130125046 0.25497961044311523
v 0.033067699521780014 0.04458760842680931 0.26089099049568176
v 0.03324985131621361 0.04202890023589134 0.26099398732185364
v 0.0356208011507988 0.04506754130125046 0.25497961044311523
v 0.03450524061918259 0.047585781663656235 0.2559928894042969
v 0.033067699521780014 0.04458760842680931 0.26089099049568176
v 0.03498363122344017 0.05104082077741623 0.24858950078487396
v 0.03564399108290672 0.050943851470947266 0.24365009367465973
v 0.033892810344696045 0.053357891738414764 0.24249519407749176
v 0.03498363122344017 0.05104082077741623 0.24858950078487396
v 0.033892810344696045 0.053357891738414764 0.24249519407749176
v 0.032677050679922104 0.05379759892821312 0.24817940592765808
v 0.03498363122344017 0.05104082077741623 0.24858950078487396
v 0.032677050679922104 0.05379759892821312 0.24817940592765808
v 0.03337465971708298 0.05226624011993408 0.25118640065193176
v -0.02818918041884899 0.055133700370788574 0.2552013099193573
v -0.027843469753861427 0.05605655163526535 0.25164610147476196
v -0.030027270317077637 0.05553025007247925 0.24882879853248596
v 0.03616106137633324 0.04810398072004318 0.2500835061073303
v 0.03498363122344017 0.05104082077741623 0.24858950078487396
v 0.03349924087524414 0.050686709582805634 0.2545452117919922
v 0.03616106137633324 0.04810398072004318 0.2500835061073303
v 0.03349924087524414 0.050686709582805634 0.2545452117919922
v 0.03450524061918259 0.047585781663656235 0.2559928894042969
v 0.0356208011507988 0.04506754130125046 0.25497961044311523
v 0.03616106137633324 0.04810398072004318 0.2500835061073303
v 0.03450524061918259 0.047585781663656235 0.2559928894042969
v -0.03425823897123337 0.05225431174039841 0.24742500483989716
v -0.03409444913268089 0.05302155017852783 0.24365009367465973
v -0.03564399108290672 0.050943851470947266 0.24365009367465973
v 0.035196300595998764 0.04260360822081566 0.256622314453125
v 0.0356208011507988 0.04506754130125046 0.25497961044311523
v 0.03324985131621361 0.04202890023589134 0.26099398732185364
v 0.004254757892340422 0.05470407009124756 0.27210429310798645
v 0.002525209914892912 0.05449473112821579 0.2727242112159729
v 0.004200160037726164 0.05421381816267967 0.2728815972805023
v 0.03616106137633324 0.04810398072004318 0.2500835061073303
v 0.03564399108290672 0.050943851470947266 0.24365009367465973
v 0.03498363122344017 0.05104082077741623 0.24858950078487396
v 0.03616106137633324 0.04810398072004318 0.2500835061073303
v 0.037101078778505325 0.04755907878279686 0.24382370710372925
v 0.03564399108290672 0.050943851470947266 0.24365009367465973
v 0.004254757892340422 0.05470407009124756 0.27210429310798645
v 0.005645691882818937 0.055377960205078125 0.27066799998283386
v 0.002525209914892912 0.05449473112821579 0.2727242112159729
v 0.03694825991988182 0.045902129262685776 0.2488497942686081
v 0.03616106137633324 0.04810398072004318 0.2500835061073303
v 0.0356208011507988 0.04506754130125046 0.25497961044311523
v 0.03641939163208008 0.043112389743328094 0.2525826096534729
v 0.0356208011507988 0.04506754130125046 0.25497961044311523
v 0.035196300595998764 0.04260360822081566 0.256622314453125
v 0.03694825991988182 0.045902129262685776 0.2488497942686081
v 0.037101078778505325 0.04755907878279686 0.24382370710372925
v 0.03616106137633324 0.04810398072004318 0.2500835061073303
v 0.037160929292440414 0.043601568788290024 0.2487621009349823
v 0.03694825991988182 0.045902129262685776 0.2488497942686081
v 0.0356208011507988 0.04506754130125046 0.25497961044311523
v 0.037160929292440414 0.043601568788290024 0.2487621009349823
v 0.0356208011507988 0.04506754130125046 0.25497961044311523
v 0.03641939163208008 0.043112389743328094 0.2525826096534729
v 0.037160929292440414 0.043601568788290024 0.2487621009349823
v 0.037101078778505325 0.04755907878279686 0.24382370710372925
v 0.03694825991988182 0.045902129262685776 0.2488497942686081
v 0.037160929292440414 0.043601568788290024 0.2487621009349823
v 0.037499960511922836 0.04424970969557762 0.24365009367465973
v 0.037101078778505325 0.04755907878279686 0.24382370710372925
v -0.031418800354003906 0.05430889129638672 0.2504101097583771
v -0.03250335901975632 0.05392204970121384 0.24793140590190887
v -0.03335319831967354 0.05247180908918381 0.250606507062912
v -0.0024918909184634686 0.04582297056913376 0.2798939049243927
v -0.010586610063910484 0.04854201897978783 0.2771187126636505
v -0.00840061902999878 0.04545712098479271 0.2791092097759247
v -0.0024918909184634686 0.04582297056913376 0.2798939049243927
v -0.004914342891424894 0.049910541623830795 0.2774061858654022
v -0.010586610063910484 0.04854201897978783 0.2771187126636505
v 0.009004591964185238 0.0545501708984375 0.27148059010505676
v 0.004254757892340422 0.05470407009124756 0.27210429310798645
v 0.004200160037726164 0.05421381816267967 0.2728815972805023
v -0.008801460266113281 0.04240642860531807 0.2800287902355194
v -0.00840061902999878 0.04545712098479271 0.2791092097759247
v -0.011939999647438526 0.045503489673137665 0.2781257927417755
v -0.0019737479742616415 0.048523060977458954 0.27852439880371094
v 0.0007468460244126618 0.04995404928922653 0.27767181396484375
v -0.0031089780386537313 0.050016991794109344 0.277530699968338
v -0.02818918041884899 0.055133700370788574 0.2552013099193573
v -0.030027270317077637 0.05553025007247925 0.24882879853248596
v -0.029654260724782944 0.055410921573638916 0.2502991855144501
v 0.009004591964185238 0.0545501708984375 0.27148059010505676
v 0.004200160037726164 0.05421381816267967 0.2728815972805023
v 0.006820619106292725 0.05339812859892845 0.273590087890625
v -0.02505921944975853 0.05593204125761986 0.2571392059326172
v -0.023461339995265007 0.05688685178756714 0.25448229908943176
v -0.027843469753861427 0.05605655163526535 0.25164610147476196
v 0.0046731228940188885 0.05317306146025658 0.2742806077003479
v 0.006820619106292725 0.05339812859892845 0.273590087890625
v 0.004200160037726164 0.05421381816267967 0.2728815972805023
v -0.02818918041884899 0.055133700370788574 0.2552013099193573
v -0.02505921944975853 0.05593204125761986 0.2571392059326172
v -0.027843469753861427 0.05605655163526535 0.25164610147476196
v 0.010440699756145477 0.056824859231710434 0.2651805877685547
v 0.007917404174804688 0.05724984034895897 0.2623448073863983
v 0.002019404899328947 0.056812938302755356 0.26712921261787415
v -0.0024918909184634686 0.04582297056913376 0.2798939049243927
v 0.0007468460244126618 0.04995404928922653 0.27767181396484375
v -0.0019737479742616415 0.048523060977458954 0.27852439880371094
v -0.03495115041732788 0.05063724145293236 0.24995699524879456
v -0.03425823897123337 0.05225431174039841 0.24742500483989716
v -0.03564399108290672 0.050943851470947266 0.24365009367465973
v -0.0024918909184634686 0.04582297056913376 0.2798939049243927
v -0.0031089780386537313 0.050016991794109344 0.277530699968338
v -0.004914342891424894 0.049910541623830795 0.2774061858654022
v 0.009582518599927425 0.055580008774995804 0.2692413032054901
v 0.006032884120941162 0.055749889463186264 0.2698211967945099
v 0.005645691882818937 0.055377960205078125 0.27066799998283386
v -0.03495115041732788 0.05063724145293236 0.24995699524879456
v -0.03335319831967354 0.05247180908918381 0.250606507062912
v -0.03425823897123337 0.05225431174039841 0.24742500483989716
v -0.0024918909184634686 0.04582297056913376 0.2798939049243927
v -0.0019737479742616415 0.048523060977458954 0.27852439880371094
v -0.0031089780386537313 0.050016991794109344 0.277530699968338
v -0.008801460266113281 0.04240642860531807 0.2800287902355194
v -0.0024918909184634686 0.04582297056913376 0.2798939049243927
v -0.00840061902999878 0.04545712098479271 0.2791092097759247
v -0.006992340087890625 0.03934818133711815 0.28054478764533997
v -0.008801460266113281 0.04240642860531807 0.2800287902355194
v -0.011263719759881496 0.03950022906064987 0.27949878573417664
v -0.036463018506765366 0.0482940599322319 0.2478151023387909
v -0.03564399108290672 0.050943851470947266 0.24365009367465973
v -0.03672968968749046 0.04865825176239014 0.24365009367465973
v -0.036463018506765366 0.0482940599322319 0.2478151023387909
v -0.03495115041732788 0.05063724145293236 0.24995699524879456
v -0.03564399108290672 0.050943851470947266 0.24365009367465973
v 0.009004591964185238 0.0545501708984375 0.27148059010505676
v 0.005645691882818937 0.055377960205078125 0.27066799998283386
v 0.004254757892340422 0.05470407009124756 0.27210429310798645
v -0.036463018506765366 0.0482940599322319 0.2478151023387909
v -0.03672968968749046 0.04865825176239014 0.24365009367465973
v -0.03731644153594971 0.04642641171813011 0.24365009367465973
v -0.031195640563964844 0.05302714928984642 0.25492480397224426
v -0.031418800354003906 0.05430889129638672 0.2504101097583771
v -0.03335319831967354 0.05247180908918381 0.250606507062912
v -0.031195640563964844 0.05302714928984642 0.25492480397224426
v -0.02818918041884899 0.055133700370788574 0.2552013099193573
v -0.031418800354003906 0.05430889129638672 0.2504101097583771
v 0.012443539686501026 0.05581473931670189 0.2677918076515198
v 0.002019404899328947 0.056812938302755356 0.26712921261787415
v 0.006032884120941162 0.055749889463186264 0.2698211967945099
v -0.018688200041651726 0.0568573996424675 0.2601203918457031
v -0.019234180450439453 0.05725007876753807 0.2550992965698242
v -0.023461339995265007 0.05688685178756714 0.25448229908943176
v 0.012443539686501026 0.05581473931670189 0.2677918076515198
v 0.010440699756145477 0.056824859231710434 0.2651805877685547
v 0.002019404899328947 0.056812938302755356 0.26712921261787415
v 0.004909038078039885 0.05003761872649193 0.2772674858570099
v 0.0007468460244126618 0.04995404928922653 0.27767181396484375
v 0.0016669629840180278 0.04993145912885666 0.2776690125465393
v -0.0010846849763765931 0.04226195067167282 0.2809087038040161
v -0.0024918909184634686 0.04582297056913376 0.2798939049243927
v -0.008801460266113281 0.04240642860531807 0.2800287902355194
v -0.02409452013671398 0.05573080852627754 0.2590695917606354
v -0.02505921944975853 0.05593204125761986 0.2571392059326172
v -0.02818918041884899 0.055133700370788574 0.2552013099193573
v 0.009004591964185238 0.0545501708984375 0.27148059010505676
v 0.009582518599927425 0.055580008774995804 0.2692413032054901
v 0.005645691882818937 0.055377960205078125 0.27066799998283386
v 0.005137919913977385 0.04999756067991257 0.27723029255867004
v 0.005135058891028166 0.05002402886748314 0.2772110104560852
v 0.004909038078039885 0.05003761872649193 0.2772674858570099
v -0.03680872172117233 0.04568945989012718 0.25008150935173035
v -0.036463018506765366 0.0482940599322319 0.2478151023387909
v -0.03731644153594971 0.04642641171813011 0.24365009367465973
v -0.032365910708904266 0.05132472142577171 0.25585100054740906
v -0.031195640563964844 0.05302714928984642 0.25492480397224426
v -0.03335319831967354 0.05247180908918381 0.250606507062912
v -0.03259396180510521 0.0503842793405056 0.25711730122566223
v -0.032365910708904266 0.05132472142577171 0.25585100054740906
v -0.03335319831967354 0.05247180908918381 0.250606507062912
v -0.03259396180510521 0.0503842793405056 0.25711730122566223
v -0.03335319831967354 0.05247180908918381 0.250606507062912
v -0.03495115041732788 0.05063724145293236 0.24995699524879456
v 0.0027331109158694744 0.04535377025604248 0.2800082862377167
v 0.0007468460244126618 0.04995404928922653 0.27767181396484375
v -0.0024918909184634686 0.04582297056913376 0.2798939049243927
v -0.024120330810546875 0.055489540100097656 0.2598572075366974
v -0.02409452013671398 0.05573080852627754 0.2590695917606354
v -0.02818918041884899 0.055133700370788574 0.2552013099193573
v -0.00374412490054965 0.03928117826581001 0.28096869587898254
v -0.011263719759881496 0.03950022906064987 0.27949878573417664
v -0.006992340087890625 0.03934818133711815 0.28054478764533997
v -0.02352415956556797 0.05593818053603172 0.2590652108192444
v -0.023461339995265007 0.05688685178756714 0.25448229908943176
v -0.02505921944975853 0.05593204125761986 0.2571392059326172
v -0.02352415956556797 0.05593818053603172 0.2590652108192444
v -0.018688200041651726 0.0568573996424675 0.2601203918457031
v -0.023461339995265007 0.05688685178756714 0.25448229908943176
v 0.0045285820960998535 0.04854261130094528 0.2782905101776123
v 0.0016669629840180278 0.04993145912885666 0.2776690125465393
v 0.0032240150030702353 0.04853086918592453 0.27843138575553894
v 0.0045285820960998535 0.04854261130094528 0.2782905101776123
v 0.004909038078039885 0.05003761872649193 0.2772674858570099
v 0.0016669629840180278 0.04993145912885666 0.2776690125465393
v -0.035788170993328094 0.04800235852599144 0.2516613006591797
v -0.03495115041732788 0.05063724145293236 0.24995699524879456
v -0.036463018506765366 0.0482940599322319 0.2478151023387909
v -0.030203700065612793 0.05248117074370384 0.2581177055835724
v -0.02818918041884899 0.055133700370788574 0.2552013099193573
v -0.031195640563964844 0.05302714928984642 0.25492480397224426
v 0.0027331109158694744 0.04535377025604248 0.2800082862377167
v 0.0016669629840180278 0.04993145912885666 0.2776690125465393
v 0.0007468460244126618 0.04995404928922653 0.27767181396484375
v 0.012443539686501026 0.05581473931670189 0.2677918076515198
v 0.006032884120941162 0.055749889463186264 0.2698211967945099
v 0.009582518599927425 0.055580008774995804 0.2692413032054901
v -0.032365910708904266 0.05132472142577171 0.25585100054740906
v -0.030203700065612793 0.05248117074370384 0.2581177055835724
v -0.031195640563964844 0.05302714928984642 0.25492480397224426
v 0.007541656028479338 0.04864490032196045 0.27777668833732605
v 0.004909038078039885 0.05003761872649193 0.2772674858570099
v 0.0045285820960998535 0.04854261130094528 0.2782905101776123
v 0.007541656028479338 0.04864490032196045 0.27777668833732605
v 0.005137919913977385 0.04999756067991257 0.27723029255867004
v 0.004909038078039885 0.05003761872649193 0.2772674858570099
v -0.03259396180510521 0.0503842793405056 0.25711730122566223
v -0.03495115041732788 0.05063724145293236 0.24995699524879456
v -0.035788170993328094 0.04800235852599144 0.2516613006591797
v -0.024107929319143295 0.054567210376262665 0.262367308139801
v -0.024120330810546875 0.055489540100097656 0.2598572075366974
v -0.02818918041884899 0.055133700370788574 0.2552013099193573
v 0.006820619106292725 0.05339812859892845 0.273590087890625
v 0.0046731228940188885 0.05317306146025658 0.2742806077003479
v 0.004909038078039885 0.05003761872649193 0.2772674858570099
v -0.003969848155975342 0.03928858041763306 0.28093791007995605
v -0.006992340087890625 0.03934818133711815 0.28054478764533997
v -0.00374412490054965 0.03928117826581001 0.28096869587898254
v -0.003969848155975342 0.03928858041763306 0.28093791007995605
v -0.008801460266113281 0.04240642860531807 0.2800287902355194
v -0.006992340087890625 0.03934818133711815 0.28054478764533997
v -0.02613043040037155 0.0543016716837883 0.2603721022605896
v -0.024107929319143295 0.054567210376262665 0.262367308139801
v -0.02818918041884899 0.055133700370788574 0.2552013099193573
v -0.03726375102996826 0.0437164306640625 0.2478604018688202
v -0.03680872172117233 0.04568945989012718 0.25008150935173035
v -0.03731644153594971 0.04642641171813011 0.24365009367465973
v -0.03726375102996826 0.0437164306640625 0.2478604018688202
v -0.03731644153594971 0.04642641171813011 0.24365009367465973
v -0.037499960511922836 0.04424970969557762 0.24365009367465973
v 0.011537550017237663 0.05386054143309593 0.2716465890407562
v 0.009004591964185238 0.0545501708984375 0.27148059010505676
v 0.006820619106292725 0.05339812859892845 0.273590087890625
v -0.02660088986158371 0.053972478955984116 0.26047080755233765
v -0.02613043040037155 0.0543016716837883 0.2603721022605896
v -0.02818918041884899 0.055133700370788574 0.2552013099193573
v 0.0027331109158694744 0.04535377025604248 0.2800082862377167
v 0.0032240150030702353 0.04853086918592453 0.27843138575553894
v 0.0016669629840180278 0.04993145912885666 0.2776690125465393
v -0.03680872172117233 0.04568945989012718 0.25008150935173035
v -0.035788170993328094 0.04800235852599144 0.2516613006591797
v -0.036463018506765366 0.0482940599322319 0.2478151023387909
v -0.02660088986158371 0.053972478955984116 0.26047080755233765
v -0.02818918041884899 0.055133700370788574 0.2552013099193573
v -0.030203700065612793 0.05248117074370384 0.2581177055835724
v -0.00374412490054965 0.03928117826581001 0.28096869587898254
v -0.0010846849763765931 0.04226195067167282 0.2809087038040161
v -0.008801460266113281 0.04240642860531807 0.2800287902355194
v -0.00374412490054965 0.03928117826581001 0.28096869587898254
v -0.008801460266113281 0.04240642860531807 0.2800287902355194
v -0.003969848155975342 0.03928858041763306 0.28093791007995605
v 0.016427990049123764 0.05685095861554146 0.26194000244140625
v 0.007917404174804688 0.05724984034895897 0.2623448073863983
v 0.010440699756145477 0.056824859231710434 0.2651805877685547
v 0.012420649640262127 0.0518416091799736 0.2739515006542206
v 0.011537550017237663 0.05386054143309593 0.2716465890407562
v 0.006820619106292725 0.05339812859892845 0.273590087890625
v -0.03259396180510521 0.0503842793405056 0.25711730122566223
v -0.030203700065612793 0.05248117074370384 0.2581177055835724
v -0.032365910708904266 0.05132472142577171 0.25585100054740906
v -0.0010846849763765931 0.04226195067167282 0.2809087038040161
v 0.0027331109158694744 0.04535377025604248 0.2800082862377167
v -0.0024918909184634686 0.04582297056913376 0.2798939049243927
v -0.027272699400782585 0.05320316180586815 0.2611033022403717
v -0.02660088986158371 0.053972478955984116 0.26047080755233765
v -0.030203700065612793 0.05248117074370384 0.2581177055835724
v -0.02046762965619564 0.05583763122558594 0.2625313103199005
v -0.018688200041651726 0.0568573996424675 0.2601203918457031
v -0.02352415956556797 0.05593818053603172 0.2590652108192444
v 0.012420649640262127 0.0518416091799736 0.2739515006542206
v 0.006820619106292725 0.05339812859892845 0.273590087890625
v 0.004909038078039885 0.05003761872649193 0.2772674858570099
v 0.012420649640262127 0.0518416091799736 0.2739515006542206
v 0.004909038078039885 0.05003761872649193 0.2772674858570099
v 0.005135058891028166 0.05002402886748314 0.2772110104560852
v -0.02046762965619564 0.05583763122558594 0.2625313103199005
v -0.02352415956556797 0.05593818053603172 0.2590652108192444
v -0.02505921944975853 0.05593204125761986 0.2571392059326172
v -0.03435312956571579 0.047528140246868134 0.2563762962818146
v -0.03259396180510521 0.0503842793405056 0.25711730122566223
v -0.035788170993328094 0.04800235852599144 0.2516613006591797
v 0.0027331109158694744 0.04535377025604248 0.2800082862377167
v 0.0045285820960998535 0.04854261130094528 0.2782905101776123
v 0.0032240150030702353 0.04853086918592453 0.27843138575553894
v 0.0020954010542482138 0.039258360862731934 0.2811566889286041
v -0.0010846849763765931 0.04226195067167282 0.2809087038040161
v -0.00374412490054965 0.03928117826581001 0.28096869587898254
v 0.007940292358398438 0.04544435814023018 0.2792797088623047
v 0.007541656028479338 0.04864490032196045 0.27777668833732605
v 0.0045285820960998535 0.04854261130094528 0.2782905101776123
v 0.007940292358398438 0.04544435814023018 0.2792797088623047
v 0.0045285820960998535 0.04854261130094528 0.2782905101776123
v 0.0027331109158694744 0.04535377025604248 0.2800082862377167
v 0.0018972749821841717 0.04227012023329735 0.2808471918106079
v 0.0027331109158694744 0.04535377025604248 0.2800082862377167
v -0.0010846849763765931 0.04226195067167282 0.2809087038040161
v 0.015327449887990952 0.05316627025604248 0.2711181938648224
v 0.009004591964185238 0.0545501708984375 0.27148059010505676
v 0.011537550017237663 0.05386054143309593 0.2716465890407562
v -0.02046762965619564 0.05583763122558594 0.2625313103199005
v -0.02505921944975853 0.05593204125761986 0.2571392059326172
v -0.02409452013671398 0.05573080852627754 0.2590695917606354
v 0.010555139742791653 0.04918466880917549 0.27674099802970886
v 0.012420649640262127 0.0518416091799736 0.2739515006542206
v 0.005135058891028166 0.05002402886748314 0.2772110104560852
v 0.010555139742791653 0.04918466880917549 0.27674099802970886
v 0.005137919913977385 0.04999756067991257 0.27723029255867004
v 0.007541656028479338 0.04864490032196045 0.27777668833732605
v -0.02166295051574707 0.055489540100097656 0.26240989565849304
v -0.02046762965619564 0.05583763122558594 0.2625313103199005
v -0.02409452013671398 0.05573080852627754 0.2590695917606354
v 0.010555139742791653 0.04918466880917549 0.27674099802970886
v 0.005135058891028166 0.05002402886748314 0.2772110104560852
v 0.005137919913977385 0.04999756067991257 0.27723029255867004
v 0.0034373400267213583 0.042285140603780746 0.2807334065437317
v 0.0027331109158694744 0.04535377025604248 0.2800082862377167
v 0.0018972749821841717 0.04227012023329735 0.2808471918106079
v 0.019795289263129234 0.057250019162893295 0.25446128845214844
v 0.02518630027770996 0.057246919721364975 0.24219170212745667
v 0.007917404174804688 0.05724984034895897 0.2623448073863983
v 0.017162319272756577 0.05583285912871361 0.26506420969963074
v 0.010440699756145477 0.056824859231710434 0.2651805877685547
v 0.012443539686501026 0.05581473931670189 0.2677918076515198
v -0.022296300157904625 0.05504368990659714 0.26292678713798523
v -0.02409452013671398 0.05573080852627754 0.2590695917606354
v -0.024120330810546875 0.055489540100097656 0.2598572075366974
v 0.017162319272756577 0.05583285912871361 0.26506420969963074
v 0.016427990049123764 0.05685095861554146 0.26194000244140625
v 0.010440699756145477 0.056824859231710434 0.2651805877685547
v -0.022296300157904625 0.05504368990659714 0.26292678713798523
v -0.02166295051574707 0.055489540100097656 0.26240989565849304
v -0.02409452013671398 0.05573080852627754 0.2590695917606354
v -0.027942530810832977 0.051955219358205795 0.2622795104980469
v -0.027272699400782585 0.05320316180586815 0.2611033022403717
v -0.030203700065612793 0.05248117074370384 0.2581177055835724
v -0.03664480894804001 0.04323362931609154 0.2516356110572815
v -0.03680872172117233 0.04568945989012718 0.25008150935173035
v -0.03726375102996826 0.0437164306640625 0.2478604018688202
v -0.024107929319143295 0.054567210376262665 0.262367308139801
v -0.022296300157904625 0.05504368990659714 0.26292678713798523
v -0.024120330810546875 0.055489540100097656 0.2598572075366974
v -0.029657360166311264 0.04996848106384277 0.2624512016773224
v -0.027942530810832977 0.051955219358205795 0.2622795104980469
v -0.030203700065612793 0.05248117074370384 0.2581177055835724
v -0.029657360166311264 0.04996848106384277 0.2624512016773224
v -0.030203700065612793 0.05248117074370384 0.2581177055835724
v -0.03259396180510521 0.0503842793405056 0.25711730122566223
v 0.014978170394897461 0.05531816929578781 0.26759201288223267
v 0.012443539686501026 0.05581473931670189 0.2677918076515198
v 0.009582518599927425 0.055580008774995804 0.2692413032054901
v -0.03442000970244408 0.044942911714315414 0.25812628865242004
v -0.035788170993328094 0.04800235852599144 0.2516613006591797
v -0.03680872172117233 0.04568945989012718 0.25008150935173035
v -0.03442000970244408 0.044942911714315414 0.25812628865242004
v -0.03435312956571579 0.047528140246868134 0.2563762962818146
v -0.035788170993328094 0.04800235852599144 0.2516613006591797
v -0.023357979953289032 0.05412966012954712 0.2638443112373352
v -0.024107929319143295 0.054567210376262665 0.262367308139801
v -0.02613043040037155 0.0543016716837883 0.2603721022605896
v 0.004585802089422941 0.04230105131864548 0.28061148524284363
v 0.0027331109158694744 0.04535377025604248 0.2800082862377167
v 0.0034373400267213583 0.042285140603780746 0.2807334065437317
v -0.011905670166015625 0.05682957172393799 0.2646237015724182
v -0.005834102164953947 0.05725007876753807 0.26296138763427734
v -0.019234180450439453 0.05725007876753807 0.2550992965698242
v -0.011905670166015625 0.05682957172393799 0.2646237015724182
v -0.019234180450439453 0.05725007876753807 0.2550992965698242
v -0.018688200041651726 0.0568573996424675 0.2601203918457031
v -0.02368837036192417 0.0537949800491333 0.26413029432296753
v -0.02613043040037155 0.0543016716837883 0.2603721022605896
v -0.02660088986158371 0.053972478955984116 0.26047080755233765
v -0.02368837036192417 0.0537949800491333 0.26413029432296753
v -0.023357979953289032 0.05412966012954712 0.2638443112373352
v -0.02613043040037155 0.0543016716837883 0.2603721022605896
v 0.015271900221705437 0.055002860724925995 0.26808470487594604
v 0.009582518599927425 0.055580008774995804 0.2692413032054901
v 0.009004591964185238 0.0545501708984375 0.27148059010505676
v 0.015271900221705437 0.055002860724925995 0.26808470487594604
v 0.014978170394897461 0.05531816929578781 0.26759201288223267
v 0.009582518599927425 0.055580008774995804 0.2692413032054901
v 0.007903099060058594 0.042343080043792725 0.28011080622673035
v 0.007940292358398438 0.04544435814023018 0.2792797088623047
v 0.0027331109158694744 0.04535377025604248 0.2800082862377167
v 0.007903099060058594 0.042343080043792725 0.28011080622673035
v 0.0027331109158694744 0.04535377025604248 0.2800082862377167
v 0.004585802089422941 0.04230105131864548 0.28061148524284363
v 0.0020954010542482138 0.039258360862731934 0.2811566889286041
v 0.0018972749821841717 0.04227012023329735 0.2808471918106079
v -0.0010846849763765931 0.04226195067167282 0.2809087038040161
v -0.03241239860653877 0.0471569187939167 0.2606869041919708
v -0.03259396180510521 0.0503842793405056 0.25711730122566223
v -0.03435312956571579 0.047528140246868134 0.2563762962818146
v -0.015374659560620785 0.055891990661621094 0.26615530252456665
v -0.018688200041651726 0.0568573996424675 0.2601203918457031
v -0.02046762965619564 0.05583763122558594 0.2625313103199005
v 0.015271900221705437 0.055002860724925995 0.26808470487594604
v 0.009004591964185238 0.0545501708984375 0.27148059010505676
v 0.015327449887990952 0.05316627025604248 0.2711181938648224
v -0.029657360166311264 0.04996848106384277 0.2624512016773224
v -0.03259396180510521 0.0503842793405056 0.25711730122566223
v -0.03241239860653877 0.0471569187939167 0.2606869041919708
v 0.0020954010542482138 0.039258360862731934 0.2811566889286041
v 0.0034373400267213583 0.042285140603780746 0.2807334065437317
v 0.0018972749821841717 0.04227012023329735 0.2808471918106079
v 0.015695810317993164 0.054538190364837646 0.2687394917011261
v 0.015271900221705437 0.055002860724925995 0.26808470487594604
v 0.015327449887990952 0.05316627025604248 0.2711181938648224
v -0.03442000970244408 0.044942911714315414 0.25812628865242004
v -0.03241239860653877 0.0471569187939167 0.2606869041919708
v -0.03435312956571579 0.047528140246868134 0.2563762962818146
v -0.019098520278930664 0.0554649792611599 0.2646423876285553
v -0.015374659560620785 0.055891990661621094 0.26615530252456665
v -0.02046762965619564 0.05583763122558594 0.2625313103199005
v -0.019098520278930664 0.0554649792611599 0.2646423876285553
v -0.02046762965619564 0.05583763122558594 0.2625313103199005
v -0.02166295051574707 0.055489540100097656 0.26240989565849304
v -0.024354690685868263 0.053054921329021454 0.2647058963775635
v -0.02660088986158371 0.053972478955984116 0.26047080755233765
v -0.027272699400782585 0.05320316180586815 0.2611033022403717
v -0.024354690685868263 0.053054921329021454 0.2647058963775635
v -0.02368837036192417 0.0537949800491333 0.26413029432296753
v -0.02660088986158371 0.053972478955984116 0.26047080755233765
v 0.015327449887990952 0.05316627025604248 0.2711181938648224
v 0.011537550017237663 0.05386054143309593 0.2716465890407562
v 0.012420649640262127 0.0518416091799736 0.2739515006542206
v 0.007940292358398438 0.04544435814023018 0.2792797088623047
v 0.010555139742791653 0.04918466880917549 0.27674099802970886
v 0.007541656028479338 0.04864490032196045 0.27777668833732605
v -0.017804739996790886 0.05525385960936546 0.2660287916660309
v -0.02166295051574707 0.055489540100097656 0.26240989565849304
v -0.022296300157904625 0.05504368990659714 0.26292678713798523
v -0.017804739996790886 0.05525385960936546 0.2660287916660309
v -0.019098520278930664 0.0554649792611599 0.2646423876285553
v -0.02166295051574707 0.055489540100097656 0.26240989565849304
v 0.016427990049123764 0.05685095861554146 0.26194000244140625
v 0.019795289263129234 0.057250019162893295 0.25446128845214844
v 0.007917404174804688 0.05724984034895897 0.2623448073863983
v 0.0020954010542482138 0.039258360862731934 0.2811566889286041
v 0.004585802089422941 0.04230105131864548 0.28061148524284363
v 0.0034373400267213583 0.042285140603780746 0.2807334065437317
v -0.03537416085600853 0.04265987128019333 0.2560940086841583
v -0.03680872172117233 0.04568945989012718 0.25008150935173035
v -0.03664480894804001 0.04323362931609154 0.2516356110572815
v -0.03537416085600853 0.04265987128019333 0.2560940086841583
v -0.03442000970244408 0.044942911714315414 0.25812628865242004
v -0.03680872172117233 0.04568945989012718 0.25008150935173035
v -0.018834710121154785 0.05478363856673241 0.26629638671875
v -0.017804739996790886 0.05525385960936546 0.2660287916660309
v -0.022296300157904625 0.05504368990659714 0.26292678713798523
v 0.0020954010542482138 0.039258360862731934 0.2811566889286041
v 0.007903099060058594 0.042343080043792725 0.28011080622673035
v 0.004585802089422941 0.04230105131864548 0.28061148524284363
v -0.018834710121154785 0.05478363856673241 0.26629638671875
v -0.022296300157904625 0.05504368990659714 0.26292678713798523
v -0.024107929319143295 0.054567210376262665 0.262367308139801
v -0.025318140164017677 0.051576610654592514 0.26580050587654114
v -0.027272699400782585 0.05320316180586815 0.2611033022403717
v -0.027942530810832977 0.051955219358205795 0.2622795104980469
v -0.025318140164017677 0.051576610654592514 0.26580050587654114
v -0.024354690685868263 0.053054921329021454 0.2647058963775635
v -0.027272699400782585 0.05320316180586815 0.2611033022403717
v -0.015374659560620785 0.055891990661621094 0.26615530252456665
v -0.011905670166015625 0.05682957172393799 0.2646237015724182
v -0.018688200041651726 0.0568573996424675 0.2601203918457031
v 0.0057353968732059 0.03932178020477295 0.28070780634880066
v 0.007903099060058594 0.042343080043792725 0.28011080622673035
v 0.0020954010542482138 0.039258360862731934 0.2811566889286041
v -0.019912000745534897 0.05438286066055298 0.2663024961948395
v -0.018834710121154785 0.05478363856673241 0.26629638671875
v -0.024107929319143295 0.054567210376262665 0.262367308139801
v 0.014407269656658173 0.048759810626506805 0.2755484879016876
v 0.012420649640262127 0.0518416091799736 0.2739515006542206
v 0.010555139742791653 0.04918466880917549 0.27674099802970886
v 0.018637770786881447 0.05545644834637642 0.2649911046028137
v 0.017162319272756577 0.05583285912871361 0.26506420969963074
v 0.012443539686501026 0.05581473931670189 0.2677918076515198
v -0.034082408994436264 0.04224323853850365 0.25934410095214844
v -0.03442000970244408 0.044942911714315414 0.25812628865242004
v -0.03537416085600853 0.04265987128019333 0.2560940086841583
v 0.012426190078258514 0.04557877033948898 0.2779200077056885
v 0.014407269656658173 0.048759810626506805 0.2755484879016876
v 0.010555139742791653 0.04918466880917549 0.27674099802970886
v 0.012426190078258514 0.04557877033948898 0.2779200077056885
v 0.010555139742791653 0.04918466880917549 0.27674099802970886
v 0.007940292358398438 0.04544435814023018 0.2792797088623047
v -0.018668999895453453 0.0536651611328125 0.2685241997241974
v -0.019912000745534897 0.05438286066055298 0.2663024961948395
v -0.024107929319143295 0.054567210376262665 0.262367308139801
v -0.018668999895453453 0.0536651611328125 0.2685241997241974
v -0.024107929319143295 0.054567210376262665 0.262367308139801
v -0.023357979953289032 0.05412966012954712 0.2638443112373352
v -0.020534569397568703 0.053689830005168915 0.2670243978500366
v -0.018668999895453453 0.0536651611328125 0.2685241997241974
v -0.023357979953289032 0.05412966012954712 0.2638443112373352
v -0.020534569397568703 0.053689830005168915 0.2670243978500366
v -0.023357979953289032 0.05412966012954712 0.2638443112373352
v -0.02368837036192417 0.0537949800491333 0.26413029432296753
v 0.018637770786881447 0.05545644834637642 0.2649911046028137
v 0.012443539686501026 0.05581473931670189 0.2677918076515198
v 0.014978170394897461 0.05531816929578781 0.26759201288223267
v -0.017804739996790886 0.05525385960936546 0.2660287916660309
v -0.015374659560620785 0.055891990661621094 0.26615530252456665
v -0.019098520278930664 0.0554649792611599 0.2646423876285553
v 0.019218379631638527 0.05512148141860962 0.265331506729126
v 0.018637770786881447 0.05545644834637642 0.2649911046028137
v 0.014978170394897461 0.05531816929578781 0.26759201288223267
v 0.018689030781388283 0.054991599172353745 0.2660234868526459
v 0.014978170394897461 0.05531816929578781 0.26759201288223267
v 0.015271900221705437 0.055002860724925995 0.26808470487594604
v 0.018689030781388283 0.054991599172353745 0.2660234868526459
v 0.019218379631638527 0.05512148141860962 0.265331506729126
v 0.014978170394897461 0.05531816929578781 0.26759201288223267
v -0.025318140164017677 0.051576610654592514 0.26580050587654114
v -0.027942530810832977 0.051955219358205795 0.2622795104980469
v -0.029657360166311264 0.04996848106384277 0.2624512016773224
v -0.028778070583939552 0.04671144112944603 0.2662181854248047
v -0.029657360166311264 0.04996848106384277 0.2624512016773224
v -0.03241239860653877 0.0471569187939167 0.2606869041919708
v -0.020534569397568703 0.053689830005168915 0.2670243978500366
v -0.02368837036192417 0.0537949800491333 0.26413029432296753
v -0.024354690685868263 0.053054921329021454 0.2647058963775635
v 0.019218379631638527 0.05512148141860962 0.265331506729126
v 0.018689030781388283 0.054991599172353745 0.2660234868526459
v 0.015271900221705437 0.055002860724925995 0.26808470487594604
v 0.019218379631638527 0.05512148141860962 0.265331506729126
v 0.015271900221705437 0.055002860724925995 0.26808470487594604
v 0.015695810317993164 0.054538190364837646 0.2687394917011261
v 0.02002239041030407 0.0548858605325222 0.2654038071632385
v 0.019218379631638527 0.05512148141860962 0.265331506729126
v 0.015695810317993164 0.054538190364837646 0.2687394917011261
v 0.02002239041030407 0.0548858605325222 0.2654038071632385
v 0.015695810317993164 0.054538190364837646 0.2687394917011261
v 0.015327449887990952 0.05316627025604248 0.2711181938648224
v -0.02104358933866024 0.05235861986875534 0.268484890460968
v -0.020534569397568703 0.053689830005168915 0.2670243978500366
v -0.024354690685868263 0.053054921329021454 0.2647058963775635
v -0.02104358933866024 0.05235861986875534 0.268484890460968
v -0.024354690685868263 0.053054921329021454 0.2647058963775635
v -0.025318140164017677 0.051576610654592514 0.26580050587654114
v 0.017295710742473602 0.05086600035429001 0.2725411057472229
v 0.015327449887990952 0.05316627025604248 0.2711181938648224
v 0.012420649640262127 0.0518416091799736 0.2739515006542206
v 0.017295710742473602 0.05086600035429001 0.2725411057472229
v 0.012420649640262127 0.0518416091799736 0.2739515006542206
v 0.014407269656658173 0.048759810626506805 0.2755484879016876
v 0.020557399839162827 0.05307101830840111 0.2680816948413849
v 0.02002239041030407 0.0548858605325222 0.2654038071632385
v 0.015327449887990952 0.05316627025604248 0.2711181938648224
v -0.026458740234375 0.04963492974638939 0.2666473090648651
v -0.025318140164017677 0.051576610654592514 0.26580050587654114
v -0.029657360166311264 0.04996848106384277 0.2624512016773224
v 0.01769053004682064 0.04584217071533203 0.2755889892578125
v 0.014407269656658173 0.048759810626506805 0.2755484879016876
v 0.012426190078258514 0.04557877033948898 0.2779200077056885
v 0.01269799005240202 0.04254709929227829 0.2786692976951599
v 0.012426190078258514 0.04557877033948898 0.2779200077056885
v 0.007940292358398438 0.04544435814023018 0.2792797088623047
v 0.01269799005240202 0.04254709929227829 0.2786692976951599
v 0.007940292358398438 0.04544435814023018 0.2792797088623047
v 0.007903099060058594 0.042343080043792725 0.28011080622673035
v -0.012927879579365253 0.05535506829619408 0.2686004936695099
v -0.017804739996790886 0.05525385960936546 0.2660287916660309
v -0.018834710121154785 0.05478363856673241 0.26629638671875
v 0.021770350635051727 0.05591046065092087 0.2611236870288849
v 0.016427990049123764 0.05685095861554146 0.26194000244140625
v 0.017162319272756577 0.05583285912871361 0.26506420969963074
v -0.03136049956083298 0.04423904046416283 0.2638244926929474
v -0.028778070583939552 0.04671144112944603 0.2662181854248047
v -0.03241239860653877 0.0471569187939167 0.2606869041919708
v -0.03136049956083298 0.04423904046416283 0.2638244926929474
v -0.03241239860653877 0.0471569187939167 0.2606869041919708
v -0.03442000970244408 0.044942911714315414 0.25812628865242004
v -0.02253722958266735 0.05117785185575485 0.26876071095466614
v -0.02104358933866024 0.05235861986875534 0.268484890460968
v -0.025318140164017677 0.051576610654592514 0.26580050587654114
v -0.015417030081152916 0.05459402874112129 0.26873019337654114
v -0.018834710121154785 0.05478363856673241 0.26629638671875
v -0.019912000745534897 0.05438286066055298 0.2663024961948395
v 0.02184855006635189 0.05514609068632126 0.2631874084472656
v 0.021770350635051727 0.05591046065092087 0.2611236870288849
v 0.017162319272756577 0.05583285912871361 0.26506420969963074
v -0.019382350146770477 0.0522613488137722 0.2698326110839844
v -0.020534569397568703 0.053689830005168915 0.2670243978500366
v -0.02104358933866024 0.05235861986875534 0.268484890460968
v 0.01124763023108244 0.03951501101255417 0.279448002576828
v 0.007903099060058594 0.042343080043792725 0.28011080622673035
v 0.0057353968732059 0.03932178020477295 0.28070780634880066
v -0.018668999895453453 0.0536651611328125 0.2685241997241974
v -0.015417030081152916 0.05459402874112129 0.26873019337654114
v -0.019912000745534897 0.05438286066055298 0.2663024961948395
v 0.02184855006635189 0.05514609068632126 0.2631874084472656
v 0.017162319272756577 0.05583285912871361 0.26506420969963074
v 0.018637770786881447 0.05545644834637642 0.2649911046028137
v 0.018550869077444077 0.04909706115722656 0.27323150634765625
v 0.014407269656658173 0.048759810626506805 0.2755484879016876
v 0.01769053004682064 0.04584217071533203 0.2755889892578125
v 0.018550869077444077 0.04909706115722656 0.27323150634765625
v 0.017295710742473602 0.05086600035429001 0.2725411057472229
v 0.014407269656658173 0.048759810626506805 0.2755484879016876
v -0.02253722958266735 0.05117785185575485 0.26876071095466614
v -0.025318140164017677 0.051576610654592514 0.26580050587654114
v -0.026458740234375 0.04963492974638939 0.2666473090648651
v 0.020557399839162827 0.05307101830840111 0.2680816948413849
v 0.015327449887990952 0.05316627025604248 0.2711181938648224
v 0.017295710742473602 0.05086600035429001 0.2725411057472229
v 0.021305080503225327 0.056874509900808334 0.25734710693359375
v 0.019795289263129234 0.057250019162893295 0.25446128845214844
v 0.016427990049123764 0.05685095861554146 0.26194000244140625
v 0.021568169817328453 0.05386912077665329 0.2660064995288849
v 0.02002239041030407 0.0548858605325222 0.2654038071632385
v 0.020557399839162827 0.05307101830840111 0.2680816948413849
v 0.02184855006635189 0.05514609068632126 0.2631874084472656
v 0.018637770786881447 0.05545644834637642 0.2649911046028137
v 0.019218379631638527 0.05512148141860962 0.265331506729126
v -0.028778070583939552 0.04671144112944603 0.2662181854248047
v -0.026458740234375 0.04963492974638939 0.2666473090648651
v -0.029657360166311264 0.04996848106384277 0.2624512016773224
v 0.02002239041030407 0.0548858605325222 0.2654038071632385
v 0.02184855006635189 0.05514609068632126 0.2631874084472656
v 0.019218379631638527 0.05512148141860962 0.265331506729126
v 0.016519540920853615 0.04274224862456322 0.2770662009716034
v 0.01769053004682064 0.04584217071533203 0.2755889892578125
v 0.012426190078258514 0.04557877033948898 0.2779200077056885
v 0.016519540920853615 0.04274224862456322 0.2770662009716034
v 0.012426190078258514 0.04557877033948898 0.2779200077056885
v 0.01269799005240202 0.04254709929227829 0.2786692976951599
v 0.01124763023108244 0.03951501101255417 0.279448002576828
v 0.016519540920853615 0.04274224862456322 0.2770662009716034
v 0.01269799005240202 0.04254709929227829 0.2786692976951599
v 0.01124763023108244 0.03951501101255417 0.279448002576828
v 0.01269799005240202 0.04254709929227829 0.2786692976951599
v 0.007903099060058594 0.042343080043792725 0.28011080622673035
v 0.021568169817328453 0.05386912077665329 0.2660064995288849
v 0.02184855006635189 0.05514609068632126 0.2631874084472656
v 0.02002239041030407 0.0548858605325222 0.2654038071632385
v 0.021568169817328453 0.05386912077665329 0.2660064995288849
v 0.023946460336446762 0.054732970893383026 0.2619127929210663
v 0.02184855006635189 0.05514609068632126 0.2631874084472656
v 0.022380700334906578 0.04975986108183861 0.27028658986091614
v 0.020557399839162827 0.05307101830840111 0.2680816948413849
v 0.017295710742473602 0.05086600035429001 0.2725411057472229
v -0.03152083978056908 0.04163777083158493 0.2639828026294708
v -0.03442000970244408 0.044942911714315414 0.25812628865242004
v -0.034082408994436264 0.04224323853850365 0.25934410095214844
v -0.03152083978056908 0.04163777083158493 0.2639828026294708
v -0.03136049956083298 0.04423904046416283 0.2638244926929474
v -0.03442000970244408 0.044942911714315414 0.25812628865242004
v -0.019382350146770477 0.0522613488137722 0.2698326110839844
v -0.018668999895453453 0.0536651611328125 0.2685241997241974
v -0.020534569397568703 0.053689830005168915 0.2670243978500366
v 0.022380700334906578 0.04975986108183861 0.27028658986091614
v 0.017295710742473602 0.05086600035429001 0.2725411057472229
v 0.018550869077444077 0.04909706115722656 0.27323150634765625
v -0.022933900356292725 0.04910647124052048 0.2703399956226349
v -0.026458740234375 0.04963492974638939 0.2666473090648651
v -0.028778070583939552 0.04671144112944603 0.2662181854248047
v -0.022933900356292725 0.04910647124052048 0.2703399956226349
v -0.02253722958266735 0.05117785185575485 0.26876071095466614
v -0.026458740234375 0.04963492974638939 0.2666473090648651
v 0.021770350635051727 0.05591046065092087 0.2611236870288849
v 0.021305080503225327 0.056874509900808334 0.25734710693359375
v 0.016427990049123764 0.05685095861554146 0.26194000244140625
v -0.012927879579365253 0.05535506829619408 0.2686004936695099
v -0.015374659560620785 0.055891990661621094 0.26615530252456665
v -0.017804739996790886 0.05525385960936546 0.2660287916660309
v 0.024383539333939552 0.051428791135549545 0.2669258117675781
v 0.020557399839162827 0.05307101830840111 0.2680816948413849
v 0.022380700334906578 0.04975986108183861 0.27028658986091614
v 0.024791240692138672 0.05558586120605469 0.2588309943675995
v 0.021770350635051727 0.05591046065092087 0.2611236870288849
v 0.02184855006635189 0.05514609068632126 0.2631874084472656
v -0.020399630069732666 0.05042510852217674 0.27102789282798767
v -0.02104358933866024 0.05235861986875534 0.268484890460968
v -0.02253722958266735 0.05117785185575485 0.26876071095466614
v -0.015417030081152916 0.05459402874112129 0.26873019337654114
v -0.012927879579365253 0.05535506829619408 0.2686004936695099
v -0.018834710121154785 0.05478363856673241 0.26629638671875
v -0.0282058697193861 0.04382549971342087 0.2680245041847229
v -0.028778070583939552 0.04671144112944603 0.2662181854248047
v -0.03136049956083298 0.04423904046416283 0.2638244926929474
v -0.014296590350568295 0.05386966094374657 0.27051830291748047
v -0.015417030081152916 0.05459402874112129 0.26873019337654114
v -0.018668999895453453 0.0536651611328125 0.2685241997241974
v 0.015435989946126938 0.039752840995788574 0.2778257131576538
v 0.016519540920853615 0.04274224862456322 0.2770662009716034
v 0.01124763023108244 0.03951501101255417 0.279448002576828
v 0.024804940447211266 0.05357170104980469 0.26351168751716614
v 0.021568169817328453 0.05386912077665329 0.2660064995288849
v 0.020557399839162827 0.05307101830840111 0.2680816948413849
v 0.024804940447211266 0.05357170104980469 0.26351168751716614
v 0.020557399839162827 0.05307101830840111 0.2680816948413849
v 0.024383539333939552 0.051428791135549545 0.2669258117675781
v -0.013654169626533985 0.05402414873242378 0.2705473005771637
v -0.015417030081152916 0.05459402874112129 0.26873019337654114
v -0.014296590350568295 0.05386966094374657 0.27051830291748047
v -0.022933900356292725 0.04910647124052048 0.2703399956226349
v -0.020399630069732666 0.05042510852217674 0.27102789282798767
v -0.02253722958266735 0.05117785185575485 0.26876071095466614
v -0.004604339133948088 0.05681699141860008 0.26676470041275024
v -0.005834102164953947 0.05725007876753807 0.26296138763427734
v -0.011905670166015625 0.05682957172393799 0.2646237015724182
v -0.020399630069732666 0.05042510852217674 0.27102789282798767
v -0.019382350146770477 0.0522613488137722 0.2698326110839844
v -0.02104358933866024 0.05235861986875534 0.268484890460968
v -0.019881010055541992 0.049684759229421616 0.2719813883304596
v -0.020399630069732666 0.05042510852217674 0.27102789282798767
v -0.022933900356292725 0.04910647124052048 0.2703399956226349
v -0.013858670368790627 0.052168719470500946 0.2728919982910156
v -0.014296590350568295 0.05386966094374657 0.27051830291748047
v -0.018668999895453453 0.0536651611328125 0.2685241997241974
v -0.024993890896439552 0.044540878385305405 0.27109530568122864
v -0.028778070583939552 0.04671144112944603 0.2662181854248047
v -0.0282058697193861 0.04382549971342087 0.2680245041847229
v -0.024993890896439552 0.044540878385305405 0.27109530568122864
v -0.022933900356292725 0.04910647124052048 0.2703399956226349
v -0.028778070583939552 0.04671144112944603 0.2662181854248047
v -0.0062475199811160564 0.05568790063261986 0.26999861001968384
v -0.011905670166015625 0.05682957172393799 0.2646237015724182
v -0.015374659560620785 0.055891990661621094 0.26615530252456665
v 0.025462260469794273 0.05691223964095116 0.2508383095264435
v 0.019795289263129234 0.057250019162893295 0.25446128845214844
v 0.021305080503225327 0.056874509900808334 0.25734710693359375
v -0.012927879579365253 0.05535506829619408 0.2686004936695099
v -0.0062475199811160564 0.05568790063261986 0.26999861001968384
v -0.015374659560620785 0.055891990661621094 0.26615530252456665
v 0.02242851071059704 0.043227069079875946 0.2734223008155823
v 0.01769053004682064 0.04584217071533203 0.2755889892578125
v 0.016519540920853615 0.04274224862456322 0.2770662009716034
v 0.024791240692138672 0.05558586120605469 0.2588309943675995
v 0.02184855006635189 0.05514609068632126 0.2631874084472656
v 0.023946460336446762 0.054732970893383026 0.2619127929210663
v -0.013858670368790627 0.052168719470500946 0.2728919982910156
v -0.018668999895453453 0.0536651611328125 0.2685241997241974
v -0.019382350146770477 0.0522613488137722 0.2698326110839844
v 0.02510230988264084 0.054237961769104004 0.26176831126213074
v 0.023946460336446762 0.054732970893383026 0.2619127929210663
v 0.021568169817328453 0.05386912077665329 0.2660064995288849
v 0.02510230988264084 0.054237961769104004 0.26176831126213074
v 0.021568169817328453 0.05386912077665329 0.2660064995288849
v 0.024804940447211266 0.05357170104980469 0.26351168751716614
v 0.024383539333939552 0.051428791135549545 0.2669258117675781
v 0.022380700334906578 0.04975986108183861 0.27028658986091614
v 0.025287499651312828 0.0492781400680542 0.26815029978752136
v 0.023969650268554688 0.04618154838681221 0.2712382972240448
v 0.01769053004682064 0.04584217071533203 0.2755889892578125
v 0.02242851071059704 0.043227069079875946 0.2734223008155823
v 0.023969650268554688 0.04618154838681221 0.2712382972240448
v 0.018550869077444077 0.04909706115722656 0.27323150634765625
v 0.01769053004682064 0.04584217071533203 0.2755889892578125
v 0.023969650268554688 0.04618154838681221 0.2712382972240448
v 0.022380700334906578 0.04975986108183861 0.27028658986091614
v 0.018550869077444077 0.04909706115722656 0.27323150634765625
v -0.02839457057416439 0.041087258607149124 0.2681465148925781
v -0.0282058697193861 0.04382549971342087 0.2680245041847229
v -0.03136049956083298 0.04423904046416283 0.2638244926929474
v -0.02839457057416439 0.041087258607149124 0.2681465148925781
v -0.03136049956083298 0.04423904046416283 0.2638244926929474
v -0.03152083978056908 0.04163777083158493 0.2639828026294708
v 0.02524513006210327 0.055935200303792953 0.2568008005619049
v 0.021305080503225327 0.056874509900808334 0.25734710693359375
v 0.021770350635051727 0.05591046065092087 0.2611236870288849
v 0.026702880859375 0.05277204141020775 0.2626801133155823
v 0.024804940447211266 0.05357170104980469 0.26351168751716614
v 0.024383539333939552 0.051428791135549545 0.2669258117675781
v -0.02084146998822689 0.04599142074584961 0.273658812046051
v -0.022933900356292725 0.04910647124052048 0.2703399956226349
v -0.024993890896439552 0.044540878385305405 0.27109530568122864
v 0.027001500129699707 0.05605864152312279 0.2535248100757599
v 0.025462260469794273 0.05691223964095116 0.2508383095264435
v 0.021305080503225327 0.056874509900808334 0.25734710693359375
v 0.027001500129699707 0.05605864152312279 0.2535248100757599
v 0.021305080503225327 0.056874509900808334 0.25734710693359375
v 0.02524513006210327 0.055935200303792953 0.2568008005619049
v -0.007534027099609375 0.05461883172392845 0.2717284858226776
v -0.010547510348260403 0.0551605187356472 0.2698670029640198
v -0.012927879579365253 0.05535506829619408 0.2686004936695099
v -0.007534027099609375 0.05461883172392845 0.2717284858226776
v -0.012927879579365253 0.05535506829619408 0.2686004936695099
v -0.015417030081152916 0.05459402874112129 0.26873019337654114
v -0.0062475199811160564 0.05568790063261986 0.26999861001968384
v -0.004604339133948088 0.05681699141860008 0.26676470041275024
v -0.011905670166015625 0.05682957172393799 0.2646237015724182
v 0.024791240692138672 0.05558586120605469 0.2588309943675995
v 0.02524513006210327 0.055935200303792953 0.2568008005619049
v 0.021770350635051727 0.05591046065092087 0.2611236870288849
v -0.007534027099609375 0.05461883172392845 0.2717284858226776
v -0.015417030081152916 0.05459402874112129 0.26873019337654114
v -0.013654169626533985 0.05402414873242378 0.2705473005771637
v -0.024993890896439552 0.044540878385305405 0.27109530568122864
v -0.0282058697193861 0.04382549971342087 0.2680245041847229
v -0.02839457057416439 0.041087258607149124 0.2681465148925781
v 0.025559959933161736 0.05577694997191429 0.2569442093372345
v 0.02524513006210327 0.055935200303792953 0.2568008005619049
v 0.024791240692138672 0.05558586120605469 0.2588309943675995
v 0.019924160093069077 0.04009401053190231 0.275417298078537
v 0.02242851071059704 0.043227069079875946 0.2734223008155823
v 0.016519540920853615 0.04274224862456322 0.2770662009716034
v 0.019924160093069077 0.04009401053190231 0.275417298078537
v 0.016519540920853615 0.04274224862456322 0.2770662009716034
v 0.015435989946126938 0.039752840995788574 0.2778257131576538
v -0.0096893310546875 0.05340182036161423 0.272956907749176
v -0.013654169626533985 0.05402414873242378 0.2705473005771637
v -0.014296590350568295 0.05386966094374657 0.27051830291748047
v -0.0062475199811160564 0.05568790063261986 0.26999861001968384
v -0.012927879579365253 0.05535506829619408 0.2686004936695099
v -0.010547510348260403 0.0551605187356472 0.2698670029640198
v -0.016071850433945656 0.05024861916899681 0.273700088262558
v -0.019382350146770477 0.0522613488137722 0.2698326110839844
v -0.020399630069732666 0.05042510852217674 0.27102789282798767
v -0.016071850433945656 0.05024861916899681 0.273700088262558
v -0.013858670368790627 0.052168719470500946 0.2728919982910156
v -0.019382350146770477 0.0522613488137722 0.2698326110839844
v -0.016071850433945656 0.05024861916899681 0.273700088262558
v -0.020399630069732666 0.05042510852217674 0.27102789282798767
v -0.019881010055541992 0.049684759229421616 0.2719813883304596
v -0.015900129452347755 0.050242841243743896 0.2737882137298584
v -0.013858670368790627 0.052168719470500946 0.2728919982910156
v -0.016071850433945656 0.05024861916899681 0.273700088262558
v 0.023969650268554688 0.04618154838681221 0.2712382972240448
v 0.025287499651312828 0.0492781400680542 0.26815029978752136
v 0.022380700334906578 0.04975986108183861 0.27028658986091614
v -0.02084146998822689 0.04599142074584961 0.273658812046051
v -0.019881010055541992 0.049684759229421616 0.2719813883304596
v -0.022933900356292725 0.04910647124052048 0.2703399956226349
v -0.0096893310546875 0.05340182036161423 0.272956907749176
v -0.014296590350568295 0.05386966094374657 0.27051830291748047
v -0.013858670368790627 0.052168719470500946 0.2728919982910156
v 0.026991840451955795 0.054878950119018555 0.25771111249923706
v 0.024791240692138672 0.05558586120605469 0.2588309943675995
v 0.023946460336446762 0.054732970893383026 0.2619127929210663
v 0.02844046987593174 0.05003643035888672 0.263942688703537
v 0.026702880859375 0.05277204141020775 0.2626801133155823
v 0.024383539333939552 0.051428791135549545 0.2669258117675781
v 0.02844046987593174 0.05003643035888672 0.263942688703537
v 0.024383539333939552 0.051428791135549545 0.2669258117675781
v 0.025287499651312828 0.0492781400680542 0.26815029978752136
v 0.028962960466742516 0.05317306146025658 0.25896841287612915
v 0.023946460336446762 0.054732970893383026 0.2619127929210663
v 0.02510230988264084 0.054237961769104004 0.26176831126213074
v 0.028962960466742516 0.05317306146025658 0.25896841287612915
v 0.026991840451955795 0.054878950119018555 0.25771111249923706
v 0.023946460336446762 0.054732970893383026 0.2619127929210663
v -0.021984100341796875 0.043140411376953125 0.2737579047679901
v -0.02084146998822689 0.04599142074584961 0.273658812046051
v -0.024993890896439552 0.044540878385305405 0.27109530568122864
v -0.014224880374968052 0.04901123046875 0.2755622863769531
v -0.016071850433945656 0.05024861916899681 0.273700088262558
v -0.019881010055541992 0.049684759229421616 0.2719813883304596
v -0.014224880374968052 0.04901123046875 0.2755622863769531
v -0.015900129452347755 0.050242841243743896 0.2737882137298584
v -0.016071850433945656 0.05024861916899681 0.273700088262558
v 0.028962960466742516 0.05317306146025658 0.25896841287612915
v 0.02510230988264084 0.054237961769104004 0.26176831126213074
v 0.024804940447211266 0.05357170104980469 0.26351168751716614
v 0.02844046987593174 0.05003643035888672 0.263942688703537
v 0.028962960466742516 0.05317306146025658 0.25896841287612915
v 0.026702880859375 0.05277204141020775 0.2626801133155823
v -0.0096893310546875 0.05340182036161423 0.272956907749176
v -0.007534027099609375 0.05461883172392845 0.2717284858226776
v -0.013654169626533985 0.05402414873242378 0.2705473005771637
v 0.02873801998794079 0.04670511931180954 0.2663002014160156
v 0.025287499651312828 0.0492781400680542 0.26815029978752136
v 0.023969650268554688 0.04618154838681221 0.2712382972240448
v -0.024993890896439552 0.044540878385305405 0.27109530568122864
v -0.02839457057416439 0.041087258607149124 0.2681465148925781
v -0.022627830505371094 0.04032992944121361 0.27367210388183594
v -0.0062475199811160564 0.05568790063261986 0.26999861001968384
v -0.010547510348260403 0.0551605187356472 0.2698670029640198
v -0.007534027099609375 0.05461883172392845 0.2717284858226776
v 0.002019404899328947 0.056812938302755356 0.26712921261787415
v -0.005834102164953947 0.05725007876753807 0.26296138763427734
v -0.004604339133948088 0.05681699141860008 0.26676470041275024
v 0.028962960466742516 0.05317306146025658 0.25896841287612915
v 0.024804940447211266 0.05357170104980469 0.26351168751716614
v 0.026702880859375 0.05277204141020775 0.2626801133155823
v 0.02736061066389084 0.05590558052062988 0.2533017098903656
v 0.027001500129699707 0.05605864152312279 0.2535248100757599
v 0.02524513006210327 0.055935200303792953 0.2568008005619049
v 0.02736061066389084 0.05590558052062988 0.2533017098903656
v 0.02524513006210327 0.055935200303792953 0.2568008005619049
v 0.025559959933161736 0.05577694997191429 0.2569442093372345
v 0.026901239529252052 0.04362297058105469 0.2694835960865021
v 0.023969650268554688 0.04618154838681221 0.2712382972240448
v 0.02242851071059704 0.043227069079875946 0.2734223008155823
v -0.006420611869543791 0.04483681172132492 0.2054826021194458
v -0.0008892419864423573 0.040083110332489014 0.20483280718326569
v -0.01022517029196024 0.03948055952787399 0.2062017023563385
v -0.006420611869543791 0.04483681172132492 0.2054826021194458
v -0.0032224650494754314 0.04489237070083618 0.205047607421875
v -0.0008892419864423573 0.040083110332489014 0.20483280718326569
v 0.03843814134597778 0.030180929228663445 0.23938749730587006
v 0.03869502991437912 0.02817963995039463 0.24391360580921173
v 0.03877604007720947 0.023930659517645836 0.2415418028831482
v -0.011437290348112583 0.04450659826397896 0.20679019391536713
v -0.006420611869543791 0.04483681172132492 0.2054826021194458
v -0.01022517029196024 0.03948055952787399 0.2062017023563385
v 0.03787839040160179 0.031694941222667694 0.2356622964143753
v 0.03877604007720947 0.023930659517645836 0.2415418028831482
v 0.036965131759643555 0.028231730684638023 0.2317667007446289
v 0.03787839040160179 0.031694941222667694 0.2356622964143753
v 0.03843814134597778 0.030180929228663445 0.23938749730587006
v 0.03877604007720947 0.023930659517645836 0.2415418028831482
v 0.036526501178741455 0.033763401210308075 0.23079510033130646
v 0.03787839040160179 0.031694941222667694 0.2356622964143753
v 0.036965131759643555 0.028231730684638023 0.2317667007446289
v -0.016041750088334084 0.04353851079940796 0.20842809975147247
v -0.01022517029196024 0.03948055952787399 0.2062017023563385
v -0.018940920010209084 0.03791213035583496 0.20976629853248596
v -0.016041750088334084 0.04353851079940796 0.20842809975147247
v -0.011437290348112583 0.04450659826397896 0.20679019391536713
v -0.01022517029196024 0.03948055952787399 0.2062017023563385
v 0.03445005044341087 0.035974740982055664 0.2260695993900299
v 0.036965131759643555 0.028231730684638023 0.2317667007446289
v 0.034061070531606674 0.031133469194173813 0.22517290711402893
v 0.03445005044341087 0.035974740982055664 0.2260695993900299
v 0.036526501178741455 0.033763401210308075 0.23079510033130646
v 0.036965131759643555 0.028231730684638023 0.2317667007446289
v 0.03199410066008568 0.0377495214343071 0.2218908965587616
v 0.034061070531606674 0.031133469194173813 0.22517290711402893
v 0.029754510149359703 0.03397988900542259 0.2187041938304901
v 0.03199410066008568 0.0377495214343071 0.2218908965587616
v 0.03445005044341087 0.035974740982055664 0.2260695993900299
v 0.034061070531606674 0.031133469194173813 0.22517290711402893
v -0.02051829919219017 0.04253429174423218 0.21084919571876526
v -0.016041750088334084 0.04353851079940796 0.20842809975147247
v -0.018940920010209084 0.03791213035583496 0.20976629853248596
v 0.029102319851517677 0.03919649124145508 0.21808139979839325
v 0.03199410066008568 0.0377495214343071 0.2218908965587616
v 0.029754510149359703 0.03397988900542259 0.2187041938304901
v 0.02571392059326172 0.04092139005661011 0.21478310227394104
v 0.029754510149359703 0.03397988900542259 0.2187041938304901
v 0.02451080083847046 0.0362090989947319 0.2136370986700058
v 0.02571392059326172 0.04092139005661011 0.21478310227394104
v 0.029102319851517677 0.03919649124145508 0.21808139979839325
v 0.029754510149359703 0.03397988900542259 0.2187041938304901
v -0.02455425076186657 0.041325800120830536 0.2137904018163681
v -0.018940920010209084 0.03791213035583496 0.20976629853248596
v -0.02620505914092064 0.03559242933988571 0.21504110097885132
v -0.02455425076186657 0.041325800120830536 0.2137904018163681
v -0.02051829919219017 0.04253429174423218 0.21084919571876526
v -0.018940920010209084 0.03791213035583496 0.20976629853248596
v 0.021818509325385094 0.04211688041687012 0.21166080236434937
v 0.02571392059326172 0.04092139005661011 0.21478310227394104
v 0.02451080083847046 0.0362090989947319 0.2136370986700058
v 0.018211359158158302 0.03809154033660889 0.2093590945005417
v 0.021818509325385094 0.04211688041687012 0.21166080236434937
v 0.02451080083847046 0.0362090989947319 0.2136370986700058
v 0.017930980771780014 0.043222300708293915 0.2093881070613861
v 0.021818509325385094 0.04211688041687012 0.21166080236434937
v 0.018211359158158302 0.03809154033660889 0.2093590945005417
v -0.028075089678168297 0.039879441261291504 0.21704719960689545
v -0.02455425076186657 0.041325800120830536 0.2137904018163681
v -0.02620505914092064 0.03559242933988571 0.21504110097885132
v -0.03227514028549194 0.03249644860625267 0.222074493765831
v -0.028075089678168297 0.039879441261291504 0.21704719960689545
v -0.02620505914092064 0.03559242933988571 0.21504110097885132
v -0.03131270036101341 0.038148991763591766 0.22090810537338257
v -0.028075089678168297 0.039879441261291504 0.21704719960689545
v -0.03227514028549194 0.03249644860625267 0.222074493765831
v 0.013544909656047821 0.043840110301971436 0.20735210180282593
v 0.017930980771780014 0.043222300708293915 0.2093881070613861
v 0.018211359158158302 0.03809154033660889 0.2093590945005417
v 0.0089530935510993 0.039626769721508026 0.20586960017681122
v 0.013544909656047821 0.043840110301971436 0.20735210180282593
v 0.018211359158158302 0.03809154033660889 0.2093590945005417
v -0.03388607129454613 0.036382731050252914 0.22497910261154175
v -0.03131270036101341 0.038148991763591766 0.22090810537338257
v -0.03227514028549194 0.03249644860625267 0.222074493765831
v 0.009213924407958984 0.044615261256694794 0.2060800939798355
v 0.013544909656047821 0.043840110301971436 0.20735210180282593
v 0.0089530935510993 0.039626769721508026 0.20586960017681122
v -0.03666973114013672 0.028616540133953094 0.2308921068906784
v -0.03388607129454613 0.036382731050252914 0.22497910261154175
v -0.03227514028549194 0.03249644860625267 0.222074493765831
v -0.03597265109419823 0.034439679235219955 0.22935760021209717
v -0.03388607129454613 0.036382731050252914 0.22497910261154175
v -0.03666973114013672 0.028616540133953094 0.2308921068906784
v 0.004546284209936857 0.04468274116516113 0.20516780018806458
v 0.009213924407958984 0.044615261256694794 0.2060800939798355
v 0.0089530935510993 0.039626769721508026 0.20586960017681122
v -0.037479400634765625 0.03248715028166771 0.23415060341358185
v -0.03597265109419823 0.034439679235219955 0.22935760021209717
v -0.03666973114013672 0.028616540133953094 0.2308921068906784
v -0.0008892419864423573 0.040083110332489014 0.20483280718326569
v 0.004546284209936857 0.04468274116516113 0.20516780018806458
v 0.0089530935510993 0.039626769721508026 0.20586960017681122
v -0.03842049092054367 0.02522164024412632 0.23860880732536316
v -0.037479400634765625 0.03248715028166771 0.23415060341358185
v -0.03666973114013672 0.028616540133953094 0.2308921068906784
v -0.038433898240327835 0.030230160802602768 0.23910340666770935
v -0.037479400634765625 0.03248715028166771 0.23415060341358185
v -0.03842049092054367 0.02522164024412632 0.23860880732536316
v -0.00007674100197618827 0.045101940631866455 0.20495639741420746
v 0.004546284209936857 0.04468274116516113 0.20516780018806458
v -0.0008892419864423573 0.040083110332489014 0.20483280718326569
v -0.03870493173599243 0.02827869914472103 0.2436051070690155
v -0.03842049092054367 0.02522164024412632 0.23860880732536316
v -0.038732290267944336 0.02192378044128418 0.24610230326652527
v -0.03870493173599243 0.02827869914472103 0.2436051070690155
v -0.038433898240327835 0.030230160802602768 0.23910340666770935
v -0.03842049092054367 0.02522164024412632 0.23860880732536316
v -0.0032224650494754314 0.04489237070083618 0.205047607421875
v -0.00007674100197618827 0.045101940631866455 0.20495639741420746
v -0.0008892419864423573 0.040083110332489014 0.20483280718326569
v 0.03574115037918091 0.03377354145050049 0.23228619992733002
v 0.035522811114788055 0.045787449926137924 0.23160259425640106
v 0.037048451602458954 0.045029159635305405 0.23756620287895203
v 0.03574115037918091 0.03377354145050049 0.23228619992733002
v 0.03462731093168259 0.03503226861357689 0.2291955053806305
v 0.035522811114788055 0.045787449926137924 0.23160259425640106
v 0.03685474023222923 0.03183174133300781 0.23626509308815002
v 0.03574115037918091 0.03377354145050049 0.23228619992733002
v 0.037048451602458954 0.045029159635305405 0.23756620287895203
v 0.03739506006240845 0.030101770535111427 0.24037450551986694
v 0.037048451602458954 0.045029159635305405 0.23756620287895203
v 0.037499960511922836 0.04424970969557762 0.24365009367465973
v -0.037167541682720184 0.030901430174708366 0.238640695810318
v -0.037499960511922836 0.04424970969557762 0.24365009367465973
v -0.037156760692596436 0.04490482062101364 0.23850299417972565
v 0.03739506006240845 0.030101770535111427 0.24037450551986694
v 0.03685474023222923 0.03183174133300781 0.23626509308815002
v 0.037048451602458954 0.045029159635305405 0.23756620287895203
v -0.037167541682720184 0.030901430174708366 0.238640695810318
v -0.037156760692596436 0.04490482062101364 0.23850299417972565
v -0.03628325089812279 0.045464031398296356 0.23411040008068085
v -0.037167541682720184 0.030901430174708366 0.238640695810318
v -0.037537749856710434 0.02927345037460327 0.24218550324440002
v -0.037499960511922836 0.04424970969557762 0.24365009367465973
v 0.03751432150602341 0.028682580217719078 0.24361799657344818
v 0.03739506006240845 0.030101770535111427 0.24037450551986694
v 0.037499960511922836 0.04424970969557762 0.24365009367465973
v -0.03619515150785446 0.03301990032196045 0.23362350463867188
v -0.03628325089812279 0.045464031398296356 0.23411040008068085
v -0.03503084182739258 0.04596138000488281 0.2302550971508026
v -0.03619515150785446 0.03301990032196045 0.23362350463867188
v -0.037167541682720184 0.030901430174708366 0.238640695810318
v -0.03628325089812279 0.045464031398296356 0.23411040008068085
v -0.035062309354543686 0.03457771986722946 0.23018500208854675
v -0.03503084182739258 0.04596138000488281 0.2302550971508026
v -0.03351974114775658 0.046408649533987045 0.22679510712623596
v -0.035062309354543686 0.03457771986722946 0.23018500208854675
v -0.03619515150785446 0.03301990032196045 0.23362350463867188
v -0.03503084182739258 0.04596138000488281 0.2302550971508026
v -0.03303765878081322 0.036525361239910126 0.22577090561389923
v -0.03351974114775658 0.046408649533987045 0.22679510712623596
v -0.030642619356513023 0.04703158140182495 0.22201569378376007
v -0.03303765878081322 0.036525361239910126 0.22577090561389923
v -0.035062309354543686 0.03457771986722946 0.23018500208854675
v -0.03351974114775658 0.046408649533987045 0.22679510712623596
v -0.030380720272660255 0.03839707002043724 0.22156420350074768
v -0.03303765878081322 0.036525361239910126 0.22577090561389923
v -0.030642619356513023 0.04703158140182495 0.22201569378376007
v -0.02733420953154564 0.04757833108305931 0.2179660052061081
v -0.030380720272660255 0.03839707002043724 0.22156420350074768
v -0.030642619356513023 0.04703158140182495 0.22201569378376007
v -0.026536939665675163 0.0404052697122097 0.21712300181388855
v -0.030380720272660255 0.03839707002043724 0.22156420350074768
v -0.02733420953154564 0.04757833108305931 0.2179660052061081
v -0.02328670024871826 0.0480872318148613 0.21420660614967346
v -0.026536939665675163 0.0404052697122097 0.21712300181388855
v -0.02733420953154564 0.04757833108305931 0.2179660052061081
v -0.023752210661768913 0.04146862030029297 0.2145233005285263
v -0.026536939665675163 0.0404052697122097 0.21712300181388855
v -0.02328670024871826 0.0480872318148613 0.21420660614967346
v -0.019626490771770477 0.048431869596242905 0.2116841971874237
v -0.023752210661768913 0.04146862030029297 0.2145233005285263
v -0.02328670024871826 0.0480872318148613 0.21420660614967346
v -0.016707420349121094 0.04359281063079834 0.20999619364738464
v -0.023752210661768913 0.04146862030029297 0.2145233005285263
v -0.019626490771770477 0.048431869596242905 0.2116841971874237
v -0.015435989946126938 0.04874664172530174 0.20947439968585968
v -0.016707420349121094 0.04359281063079834 0.20999619364738464
v -0.019626490771770477 0.048431869596242905 0.2116841971874237
v -0.01435059029608965 0.04413503035902977 0.20900459587574005
v -0.016707420349121094 0.04359281063079834 0.20999619364738464
v -0.015435989946126938 0.04874664172530174 0.20947439968585968
v -0.01175879966467619 0.04897677153348923 0.2080029994249344
v -0.01435059029608965 0.04413503035902977 0.20900459587574005
v -0.015435989946126938 0.04874664172530174 0.20947439968585968
v -0.007883070968091488 0.04486978054046631 0.20691260695457458
v -0.01435059029608965 0.04413503035902977 0.20900459587574005
v -0.01175879966467619 0.04897677153348923 0.2080029994249344
v -0.005527495872229338 0.04918216913938522 0.2065328061580658
v -0.007883070968091488 0.04486978054046631 0.20691260695457458
v -0.01175879966467619 0.04897677153348923 0.2080029994249344
v -0.004889428149908781 0.04525744169950485 0.20647020637989044
v -0.007883070968091488 0.04486978054046631 0.20691260695457458
v -0.005527495872229338 0.04918216913938522 0.2065328061580658
v -0.0007071099826134741 0.04924850910902023 0.20615680515766144
v -0.004889428149908781 0.04525744169950485 0.20647020637989044
v -0.005527495872229338 0.04918216913938522 0.2065328061580658
v -0.00007224080036394298 0.045157428830862045 0.20605359971523285
v -0.004889428149908781 0.04525744169950485 0.20647020637989044
v -0.0007071099826134741 0.04924850910902023 0.20615680515766144
v 0.0038642880972474813 0.04921673983335495 0.20634619891643524
v -0.00007224080036394298 0.045157428830862045 0.20605359971523285
v -0.0007071099826134741 0.04924850910902023 0.20615680515766144
v 0.004448890220373869 0.04505771026015282 0.20631250739097595
v -0.00007224080036394298 0.045157428830862045 0.20605359971523285
v 0.0038642880972474813 0.04921673983335495 0.20634619891643524
v 0.008617401123046875 0.049093540757894516 0.2071533054113388
v 0.004448890220373869 0.04505771026015282 0.20631250739097595
v 0.0038642880972474813 0.04921673983335495 0.20634619891643524
v 0.00913906004279852 0.044753190129995346 0.20721860229969025
v 0.004448890220373869 0.04505771026015282 0.20631250739097595
v 0.008617401123046875 0.049093540757894516 0.2071533054113388
v 0.014786720275878906 0.04882555827498436 0.20913410186767578
v 0.00913906004279852 0.044753190129995346 0.20721860229969025
v 0.008617401123046875 0.049093540757894516 0.2071533054113388
v 0.01435059029608965 0.04413503035902977 0.20900459587574005
v 0.00913906004279852 0.044753190129995346 0.20721860229969025
v 0.014786720275878906 0.04882555827498436 0.20913410186767578
v 0.017924180254340172 0.04319797828793526 0.2106132060289383
v 0.01435059029608965 0.04413503035902977 0.20900459587574005
v 0.014786720275878906 0.04882555827498436 0.20913410186767578
v 0.021785730496048927 0.04823362082242966 0.2131156027317047
v 0.017924180254340172 0.04319797828793526 0.2106132060289383
v 0.014786720275878906 0.04882555827498436 0.20913410186767578
v 0.0221252404153347 0.04210019111633301 0.2132991999387741
v 0.017924180254340172 0.04319797828793526 0.2106132060289383
v 0.021785730496048927 0.04823362082242966 0.2131156027317047
v 0.025791039690375328 0.047781940549612045 0.216396301984787
v 0.0221252404153347 0.04210019111633301 0.2132991999387741
v 0.021785730496048927 0.04823362082242966 0.2131156027317047
v 0.025997160002589226 0.040573470294475555 0.2164887934923172
v 0.0221252404153347 0.04210019111633301 0.2132991999387741
v 0.025791039690375328 0.047781940549612045 0.216396301984787
v 0.028447680175304413 0.04740715026855469 0.21921780705451965
v 0.025997160002589226 0.040573470294475555 0.2164887934923172
v 0.025791039690375328 0.047781940549612045 0.216396301984787
v 0.029207700863480568 0.039112091064453125 0.2200573980808258
v 0.028447680175304413 0.04740715026855469 0.21921780705451965
v 0.031364019960165024 0.04689306020736694 0.22309629619121552
v 0.029207700863480568 0.039112091064453125 0.2200573980808258
v 0.025997160002589226 0.040573470294475555 0.2164887934923172
v 0.028447680175304413 0.04740715026855469 0.21921780705451965
v 0.03240333870053291 0.03704499825835228 0.22477340698242188
v 0.031364019960165024 0.04689306020736694 0.22309629619121552
v 0.0337752103805542 0.04634629935026169 0.22728149592876434
v 0.03240333870053291 0.03704499825835228 0.22477340698242188
v 0.029207700863480568 0.039112091064453125 0.2200573980808258
v 0.031364019960165024 0.04689306020736694 0.22309629619121552
v 0.03462731093168259 0.03503226861357689 0.2291955053806305
v 0.0337752103805542 0.04634629935026169 0.22728149592876434
v 0.035522811114788055 0.045787449926137924 0.23160259425640106
v 0.03462731093168259 0.03503226861357689 0.2291955053806305
v 0.03240333870053291 0.03704499825835228 0.22477340698242188
v 0.0337752103805542 0.04634629935026169 0.22728149592876434
v 0.029318690299987793 0.011807439848780632 0.26909640431404114
v 0.02253139019012451 0.009107588790357113 0.27523139119148254
v -0.02629851922392845 0.010434499941766262 0.272216796875
v 0.018211359158158302 0.03809154033660889 0.2093590945005417
v -0.018940920010209084 0.03791213035583496 0.20976629853248596
v -0.01022517029196024 0.03948055952787399 0.2062017023563385
v 0.018211359158158302 0.03809154033660889 0.2093590945005417
v -0.01022517029196024 0.03948055952787399 0.2062017023563385
v 0.0089530935510993 0.039626769721508026 0.20586960017681122
v 0.029318690299987793 0.011807439848780632 0.26909640431404114
v -0.02629851922392845 0.010434499941766262 0.272216796875
v -0.03138542175292969 0.013003460131585598 0.2663770914077759
v 0.029754510149359703 0.03397988900542259 0.2187041938304901
v 0.034061070531606674 0.031133469194173813 0.22517290711402893
v -0.03227514028549194 0.03249644860625267 0.222074493765831
v 0.018211359158158302 0.03809154033660889 0.2093590945005417
v -0.02620505914092064 0.03559242933988571 0.21504110097885132
v -0.018940920010209084 0.03791213035583496 0.20976629853248596
v 0.029754510149359703 0.03397988900542259 0.2187041938304901
v -0.03227514028549194 0.03249644860625267 0.222074493765831
v -0.02620505914092064 0.03559242933988571 0.21504110097885132
v 0.03474032133817673 0.015377519652247429 0.26097971200942993
v 0.029318690299987793 0.011807439848780632 0.26909640431404114
v -0.03138542175292969 0.013003460131585598 0.2663770914077759
v 0.02451080083847046 0.0362090989947319 0.2136370986700058
v -0.02620505914092064 0.03559242933988571 0.21504110097885132
v 0.018211359158158302 0.03809154033660889 0.2093590945005417
v 0.03474032133817673 0.015377519652247429 0.26097971200942993
v -0.03138542175292969 0.013003460131585598 0.2663770914077759
v -0.03513478860259056 0.01573132909834385 0.2601785957813263
v 0.02451080083847046 0.0362090989947319 0.2136370986700058
v 0.029754510149359703 0.03397988900542259 0.2187041938304901
v -0.02620505914092064 0.03559242933988571 0.21504110097885132
v 0.03801058977842331 0.01951861009001732 0.2515687942504883
v 0.03474032133817673 0.015377519652247429 0.26097971200942993
v -0.03513478860259056 0.01573132909834385 0.2601785957813263
v 0.03801058977842331 0.01951861009001732 0.2515687942504883
v -0.03513478860259056 0.01573132909834385 0.2601785957813263
v -0.037656720727682114 0.018982049077749252 0.25278979539871216
v 0.005406320095062256 0.00608670711517334 0.28209811449050903
v -0.001425564056262374 0.005964993964880705 0.2823737859725952
v -0.008950233459472656 0.006379603873938322 0.2814317047595978
v 0.03801058977842331 0.01951861009001732 0.2515687942504883
v -0.037656720727682114 0.018982049077749252 0.25278979539871216
v -0.038732290267944336 0.02192378044128418 0.24610230326652527
v 0.01466751005500555 0.00718873692676425 0.2795911133289337
v -0.008950233459472656 0.006379603873938322 0.2814317047595978
v -0.018211359158158302 0.007915972732007504 0.2779408097267151
v 0.03877604007720947 0.023930659517645836 0.2415418028831482
v 0.03801058977842331 0.01951861009001732 0.2515687942504883
v -0.038732290267944336 0.02192378044128418 0.24610230326652527
v 0.01466751005500555 0.00718873692676425 0.2795911133289337
v 0.005406320095062256 0.00608670711517334 0.28209811449050903
v -0.008950233459472656 0.006379603873938322 0.2814317047595978
v 0.03877604007720947 0.023930659517645836 0.2415418028831482
v -0.038732290267944336 0.02192378044128418 0.24610230326652527
v -0.03842049092054367 0.02522164024412632 0.23860880732536316
v 0.036965131759643555 0.028231730684638023 0.2317667007446289
v -0.03842049092054367 0.02522164024412632 0.23860880732536316
v -0.03666973114013672 0.028616540133953094 0.2308921068906784
v 0.036965131759643555 0.028231730684638023 0.2317667007446289
v 0.03877604007720947 0.023930659517645836 0.2415418028831482
v -0.03842049092054367 0.02522164024412632 0.23860880732536316
v 0.02253139019012451 0.009107588790357113 0.27523139119148254
v 0.01466751005500555 0.00718873692676425 0.2795911133289337
v -0.018211359158158302 0.007915972732007504 0.2779408097267151
v 0.0089530935510993 0.039626769721508026 0.20586960017681122
v -0.01022517029196024 0.03948055952787399 0.2062017023563385
v -0.0008892419864423573 0.040083110332489014 0.20483280718326569
v 0.02253139019012451 0.009107588790357113 0.27523139119148254
v -0.018211359158158302 0.007915972732007504 0.2779408097267151
v -0.02629851922392845 0.010434499941766262 0.272216796875
v 0.034061070531606674 0.031133469194173813 0.22517290711402893
v -0.03666973114013672 0.028616540133953094 0.2308921068906784
v -0.03227514028549194 0.03249644860625267 0.222074493765831
v 0.034061070531606674 0.031133469194173813 0.22517290711402893
v 0.036965131759643555 0.028231730684638023 0.2317667007446289
v -0.03666973114013672 0.028616540133953094 0.2308921068906784
v 0.03551483154296875 0.021725650876760483 0.25895118713378906
v 0.03387057036161423 0.019954679533839226 0.26243969798088074
v 0.03474032133817673 0.015377519652247429 0.26097971200942993
v 0.03801058977842331 0.01951861009001732 0.2515687942504883
v 0.03551483154296875 0.021725650876760483 0.25895118713378906
v 0.03474032133817673 0.015377519652247429 0.26097971200942993
v 0.037421099841594696 0.02405356988310814 0.2534331977367401
v 0.03551483154296875 0.021725650876760483 0.25895118713378906
v 0.03801058977842331 0.01951861009001732 0.2515687942504883
v -0.03844219073653221 0.02620529942214489 0.24823470413684845
v -0.03870493173599243 0.02827869914472103 0.2436051070690155
v -0.038732290267944336 0.02192378044128418 0.24610230326652527
v 0.03841662034392357 0.02615498937666416 0.24842830002307892
v 0.037421099841594696 0.02405356988310814 0.2534331977367401
v 0.03801058977842331 0.01951861009001732 0.2515687942504883
v -0.03777395933866501 0.024700989946722984 0.2519856095314026
v -0.038732290267944336 0.02192378044128418 0.24610230326652527
v -0.037656720727682114 0.018982049077749252 0.25278979539871216
v 0.03877604007720947 0.023930659517645836 0.2415418028831482
v 0.03841662034392357 0.02615498937666416 0.24842830002307892
v 0.03801058977842331 0.01951861009001732 0.2515687942504883
v -0.03777395933866501 0.024700989946722984 0.2519856095314026
v -0.03844219073653221 0.02620529942214489 0.24823470413684845
v -0.038732290267944336 0.02192378044128418 0.24610230326652527
v 0.03869502991437912 0.02817963995039463 0.24391360580921173
v 0.03841662034392357 0.02615498937666416 0.24842830002307892
v 0.03877604007720947 0.023930659517645836 0.2415418028831482
v -0.03637886047363281 0.022568700835108757 0.256813108921051
v -0.037656720727682114 0.018982049077749252 0.25278979539871216
v -0.03513478860259056 0.01573132909834385 0.2601785957813263
v -0.03637886047363281 0.022568700835108757 0.256813108921051
v -0.03777395933866501 0.024700989946722984 0.2519856095314026
v -0.037656720727682114 0.018982049077749252 0.25278979539871216
v -0.0342940017580986 0.020601270720362663 0.2614937126636505
v -0.03637886047363281 0.022568700835108757 0.256813108921051
v -0.03513478860259056 0.01573132909834385 0.2601785957813263
v -0.03170381858944893 0.018693920224905014 0.26581960916519165
v -0.03513478860259056 0.01573132909834385 0.2601785957813263
v -0.03138542175292969 0.013003460131585598 0.2663770914077759
v -0.03170381858944893 0.018693920224905014 0.26581960916519165
v -0.0342940017580986 0.020601270720362663 0.2614937126636505
v -0.03513478860259056 0.01573132909834385 0.2601785957813263
v -0.0290488600730896 0.01701926998794079 0.2692756950855255
v -0.03138542175292969 0.013003460131585598 0.2663770914077759
v -0.02629851922392845 0.010434499941766262 0.272216796875
v -0.0290488600730896 0.01701926998794079 0.2692756950855255
v -0.03170381858944893 0.018693920224905014 0.26581960916519165
v -0.03138542175292969 0.013003460131585598 0.2663770914077759
v -0.025268549099564552 0.015426510013639927 0.272975891828537
v -0.0290488600730896 0.01701926998794079 0.2692756950855255
v -0.02629851922392845 0.010434499941766262 0.272216796875
v -0.020885340869426727 0.014104840345680714 0.2762584984302521
v -0.02629851922392845 0.010434499941766262 0.272216796875
v -0.018211359158158302 0.007915972732007504 0.2779408097267151
v -0.020885340869426727 0.014104840345680714 0.2762584984302521
v -0.025268549099564552 0.015426510013639927 0.272975891828537
v -0.02629851922392845 0.010434499941766262 0.272216796875
v -0.017940519377589226 0.013262620195746422 0.2779712975025177
v -0.020885340869426727 0.014104840345680714 0.2762584984302521
v -0.018211359158158302 0.007915972732007504 0.2779408097267151
v -0.01353048998862505 0.012199579738080502 0.2799609899520874
v -0.017940519377589226 0.013262620195746422 0.2779712975025177
v -0.018211359158158302 0.007915972732007504 0.2779408097267151
v -0.008950233459472656 0.006379603873938322 0.2814317047595978
v -0.01353048998862505 0.012199579738080502 0.2799609899520874
v -0.018211359158158302 0.007915972732007504 0.2779408097267151
v -0.009021759033203125 0.011873120442032814 0.2812928855419159
v -0.01353048998862505 0.012199579738080502 0.2799609899520874
v -0.008950233459472656 0.006379603873938322 0.2814317047595978
v -0.00454676104709506 0.011256149969995022 0.2821323871612549
v -0.009021759033203125 0.011873120442032814 0.2812928855419159
v -0.008950233459472656 0.006379603873938322 0.2814317047595978
v -0.001425564056262374 0.005964993964880705 0.2823737859725952
v -0.00454676104709506 0.011256149969995022 0.2821323871612549
v -0.008950233459472656 0.006379603873938322 0.2814317047595978
v 0.000036217301385477185 0.01124310027807951 0.2823924124240875
v -0.00454676104709506 0.011256149969995022 0.2821323871612549
v -0.001425564056262374 0.005964993964880705 0.2823737859725952
v 0.005406320095062256 0.00608670711517334 0.28209811449050903
v 0.000036217301385477185 0.01124310027807951 0.2823924124240875
v -0.001425564056262374 0.005964993964880705 0.2823737859725952
v 0.0034637448843568563 0.01144707016646862 0.28221699595451355
v 0.000036217301385477185 0.01124310027807951 0.2823924124240875
v 0.005406320095062256 0.00608670711517334 0.28209811449050903
v 0.006417632102966309 0.011372259818017483 0.2818649113178253
v 0.0034637448843568563 0.01144707016646862 0.28221699595451355
v 0.005406320095062256 0.00608670711517334 0.28209811449050903
v 0.011285779997706413 0.011896610260009766 0.2807160019874573
v 0.005406320095062256 0.00608670711517334 0.28209811449050903
v 0.01466751005500555 0.00718873692676425 0.2795911133289337
v 0.011285779997706413 0.011896610260009766 0.2807160019874573
v 0.006417632102966309 0.011372259818017483 0.2818649113178253
v 0.005406320095062256 0.00608670711517334 0.28209811449050903
v 0.015615460462868214 0.01279103010892868 0.2790975868701935
v 0.011285779997706413 0.011896610260009766 0.2807160019874573
v 0.01466751005500555 0.00718873692676425 0.2795911133289337
v 0.020439019426703453 0.013810030184686184 0.27655598521232605
v 0.01466751005500555 0.00718873692676425 0.2795911133289337
v 0.02253139019012451 0.009107588790357113 0.27523139119148254
v 0.020439019426703453 0.013810030184686184 0.27655598521232605
v 0.015615460462868214 0.01279103010892868 0.2790975868701935
v 0.01466751005500555 0.00718873692676425 0.2795911133289337
v 0.024570459499955177 0.014978759922087193 0.27361491322517395
v 0.020439019426703453 0.013810030184686184 0.27655598521232605
v 0.02253139019012451 0.009107588790357113 0.27523139119148254
v 0.029318690299987793 0.011807439848780632 0.26909640431404114
v 0.024570459499955177 0.014978759922087193 0.27361491322517395
v 0.02253139019012451 0.009107588790357113 0.27523139119148254
v 0.02805327996611595 0.01655668020248413 0.27034759521484375
v 0.024570459499955177 0.014978759922087193 0.27361491322517395
v 0.029318690299987793 0.011807439848780632 0.26909640431404114
v 0.03133964166045189 0.018459320068359375 0.2663230895996094
v 0.02805327996611595 0.01655668020248413 0.27034759521484375
v 0.029318690299987793 0.011807439848780632 0.26909640431404114
v 0.03474032133817673 0.015377519652247429 0.26097971200942993
v 0.03133964166045189 0.018459320068359375 0.2663230895996094
v 0.029318690299987793 0.011807439848780632 0.26909640431404114
v 0.03387057036161423 0.019954679533839226 0.26243969798088074
v 0.03133964166045189 0.018459320068359375 0.2663230895996094
v 0.03474032133817673 0.015377519652247429 0.26097971200942993
v 0.03607558831572533 0.03437614068388939 0.2301197052001953
v 0.03763293847441673 0.03194224089384079 0.2358092963695526
v 0.03787839040160179 0.031694941222667694 0.2356622964143753
v 0.03607558831572533 0.03437614068388939 0.2301197052001953
v 0.03787839040160179 0.031694941222667694 0.2356622964143753
v 0.036526501178741455 0.033763401210308075 0.23079510033130646
v 0.0047293901443481445 0.04517507180571556 0.20556600391864777
v 0.0047054290771484375 0.044998280704021454 0.20529240369796753
v -0.00007674100197618827 0.045101940631866455 0.20495639741420746
v 0.0047293901443481445 0.04517507180571556 0.20556600391864777
v -0.00007674100197618827 0.045101940631866455 0.20495639741420746
v -0.0000651478985673748 0.045310430228710175 0.20544449985027313
v 0.03607558831572533 0.03437614068388939 0.2301197052001953
v 0.03400421142578125 0.03566073998808861 0.22748549282550812
v 0.03763293847441673 0.03194224089384079 0.2358092963695526
v 0.03607558831572533 0.03437614068388939 0.2301197052001953
v 0.036526501178741455 0.033763401210308075 0.23079510033130646
v 0.03445005044341087 0.035974740982055664 0.2260695993900299
v 0.02985382080078125 0.017711520195007324 0.2681275010108948
v 0.0240173302590847 0.015201440081000328 0.2738800048828125
v 0.02592468075454235 0.015751710161566734 0.27236178517341614
v 0.0047293901443481445 0.04517507180571556 0.20556600391864777
v -0.0000651478985673748 0.045310430228710175 0.20544449985027313
v 0.007011413108557463 0.04499292001128197 0.20620250701904297
v 0.02985382080078125 0.017711520195007324 0.2681275010108948
v 0.02805327996611595 0.01655668020248413 0.27034759521484375
v 0.03133964166045189 0.018459320068359375 0.2663230895996094
v 0.02985382080078125 0.017711520195007324 0.2681275010108948
v 0.02592468075454235 0.015751710161566734 0.27236178517341614
v 0.02805327996611595 0.01655668020248413 0.27034759521484375
v 0.03420734032988548 0.036167971789836884 0.22608180344104767
v 0.03607558831572533 0.03437614068388939 0.2301197052001953
v 0.03445005044341087 0.035974740982055664 0.2260695993900299
v 0.03420734032988548 0.036167971789836884 0.22608180344104767
v 0.03400421142578125 0.03566073998808861 0.22748549282550812
v 0.03607558831572533 0.03437614068388939 0.2301197052001953
v 0.03133964166045189 0.018459320068359375 0.2663230895996094
v 0.0240173302590847 0.015201440081000328 0.2738800048828125
v 0.02985382080078125 0.017711520195007324 0.2681275010108948
v 0.031177520751953125 0.03831005096435547 0.22132110595703125
v 0.03445005044341087 0.035974740982055664 0.2260695993900299
v 0.03199410066008568 0.0377495214343071 0.2218908965587616
v 0.031177520751953125 0.03831005096435547 0.22132110595703125
v 0.03420734032988548 0.036167971789836884 0.22608180344104767
v 0.03445005044341087 0.035974740982055664 0.2260695993900299
v 0.031177520751953125 0.03831005096435547 0.22132110595703125
v 0.03400421142578125 0.03566073998808861 0.22748549282550812
v 0.03420734032988548 0.036167971789836884 0.22608180344104767
v 0.03551483154296875 0.021725650876760483 0.25895118713378906
v 0.03133964166045189 0.018459320068359375 0.2663230895996094
v 0.03387057036161423 0.019954679533839226 0.26243969798088074
v 0.0032577509991824627 0.011509289965033531 0.2821713089942932
v 0.000036217301385477185 0.01124310027807951 0.2823924124240875
v 0.0034637448843568563 0.01144707016646862 0.28221699595451355
v 0.03625857084989548 0.022701259702444077 0.2568359076976776
v 0.03133964166045189 0.018459320068359375 0.2663230895996094
v 0.03551483154296875 0.021725650876760483 0.25895118713378906
v 0.0032577509991824627 0.011509289965033531 0.2821713089942932
v 0 0.0114130899310112 0.2823188006877899
v 0.000036217301385477185 0.01124310027807951 0.2823924124240875
v 0.0032577509991824627 0.011509289965033531 0.2821713089942932
v -0.0025672910269349813 0.011533260345458984 0.2821826934814453
v 0 0.0114130899310112 0.2823188006877899
v 0.02880799025297165 0.03963828086853027 0.21817490458488464
v 0.03199410066008568 0.0377495214343071 0.2218908965587616
v 0.029102319851517677 0.03919649124145508 0.21808139979839325
v 0.0032577509991824627 0.011509289965033531 0.2821713089942932
v 0.007659912109375 0.011891360394656658 0.28144460916519165
v 0.00043475598795339465 0.011892910115420818 0.28141120076179504
v 0.0032577509991824627 0.011509289965033531 0.2821713089942932
v 0.00043475598795339465 0.011892910115420818 0.28141120076179504
v -0.0025672910269349813 0.011533260345458984 0.2821826934814453
v 0.02880799025297165 0.03963828086853027 0.21817490458488464
v 0.031177520751953125 0.03831005096435547 0.22132110595703125
v 0.03199410066008568 0.0377495214343071 0.2218908965587616
v 0.02880799025297165 0.03963828086853027 0.21817490458488464
v 0.02965342067182064 0.03879547119140625 0.22038650512695312
v 0.031177520751953125 0.03831005096435547 0.22132110595703125
v 0.02571392059326172 0.04092139005661011 0.21478310227394104
v 0.02880799025297165 0.03963828086853027 0.21817490458488464
v 0.029102319851517677 0.03919649124145508 0.21808139979839325
v 0.008028030395507812 0.011763930320739746 0.28153279423713684
v 0.0034637448843568563 0.01144707016646862 0.28221699595451355
v 0.006417632102966309 0.011372259818017483 0.2818649113178253
v 0.037421099841594696 0.02405356988310814 0.2534331977367401
v 0.03625857084989548 0.022701259702444077 0.2568359076976776
v 0.03551483154296875 0.021725650876760483 0.25895118713378906
v 0.007659912109375 0.011891360394656658 0.28144460916519165
v 0.0032577509991824627 0.011509289965033531 0.2821713089942932
v 0.0034637448843568563 0.01144707016646862 0.28221699595451355
v 0.008028030395507812 0.011763930320739746 0.28153279423713684
v 0.006417632102966309 0.011372259818017483 0.2818649113178253
v 0.011285779997706413 0.011896610260009766 0.2807160019874573
v 0.02417171001434326 0.04158115014433861 0.2137279063463211
v 0.02880799025297165 0.03963828086853027 0.21817490458488464
v 0.02571392059326172 0.04092139005661011 0.21478310227394104
v 0.008028030395507812 0.011763930320739746 0.28153279423713684
v 0.007659912109375 0.011891360394656658 0.28144460916519165
v 0.0034637448843568563 0.01144707016646862 0.28221699595451355
v 0.02417171001434326 0.04158115014433861 0.2137279063463211
v 0.02965342067182064 0.03879547119140625 0.22038650512695312
v 0.02880799025297165 0.03963828086853027 0.21817490458488464
v 0.02417171001434326 0.04158115014433861 0.2137279063463211
v 0.02571392059326172 0.04092139005661011 0.21478310227394104
v 0.021818509325385094 0.04211688041687012 0.21166080236434937
v 0.03625857084989548 0.022701259702444077 0.2568359076976776
v 0.037421099841594696 0.02405356988310814 0.2534331977367401
v 0.03781700134277344 0.025432460010051727 0.25064849853515625
v 0.03781700134277344 0.025432460010051727 0.25064849853515625
v 0.037421099841594696 0.02405356988310814 0.2534331977367401
v 0.03841662034392357 0.02615498937666416 0.24842830002307892
v 0.013469570316374302 0.012587419711053371 0.2798500061035156
v 0.007659912109375 0.011891360394656658 0.28144460916519165
v 0.008028030395507812 0.011763930320739746 0.28153279423713684
v 0.015615460462868214 0.01279103010892868 0.2790975868701935
v 0.008028030395507812 0.011763930320739746 0.28153279423713684
v 0.011285779997706413 0.011896610260009766 0.2807160019874573
v 0.020596979185938835 0.04268800839781761 0.21130099892616272
v 0.02417171001434326 0.04158115014433861 0.2137279063463211
v 0.021818509325385094 0.04211688041687012 0.21166080236434937
v 0.013469570316374302 0.012587419711053371 0.2798500061035156
v 0.008028030395507812 0.011763930320739746 0.28153279423713684
v 0.015615460462868214 0.01279103010892868 0.2790975868701935
v 0.020596979185938835 0.04268800839781761 0.21130099892616272
v 0.022174829617142677 0.041972268372774124 0.21315430104732513
v 0.02417171001434326 0.04158115014433861 0.2137279063463211
v 0.017930980771780014 0.043222300708293915 0.2093881070613861
v 0.020596979185938835 0.04268800839781761 0.21130099892616272
v 0.021818509325385094 0.04211688041687012 0.21166080236434937
v 0.03869502991437912 0.02817963995039463 0.24391360580921173
v 0.03781700134277344 0.025432460010051727 0.25064849853515625
v 0.03841662034392357 0.02615498937666416 0.24842830002307892
v 0.01763153076171875 0.013392319902777672 0.2780171036720276
v 0.013469570316374302 0.012587419711053371 0.2798500061035156
v 0.015615460462868214 0.01279103010892868 0.2790975868701935
v 0.03842734917998314 0.0278015099465847 0.2451781928539276
v 0.03781700134277344 0.025432460010051727 0.25064849853515625
v 0.03869502991437912 0.02817963995039463 0.24391360580921173
v 0.017401689663529396 0.04349815100431442 0.20947690308094025
v 0.020596979185938835 0.04268800839781761 0.21130099892616272
v 0.017930980771780014 0.043222300708293915 0.2093881070613861
v 0.013469570316374302 0.012587419711053371 0.2798500061035156
v 0.01763153076171875 0.013392319902777672 0.2780171036720276
v 0.007659912109375 0.011891360394656658 0.28144460916519165
v 0.017401689663529396 0.04349815100431442 0.20947690308094025
v 0.022174829617142677 0.041972268372774124 0.21315430104732513
v 0.020596979185938835 0.04268800839781761 0.21130099892616272
v 0.014203899540007114 0.04403017833828926 0.20778979361057281
v 0.017401689663529396 0.04349815100431442 0.20947690308094025
v 0.017930980771780014 0.043222300708293915 0.2093881070613861
v 0.014203899540007114 0.04403017833828926 0.20778979361057281
v 0.017930980771780014 0.043222300708293915 0.2093881070613861
v 0.013544909656047821 0.043840110301971436 0.20735210180282593
v 0.013699529692530632 0.04420148953795433 0.20781449973583221
v 0.017401689663529396 0.04349815100431442 0.20947690308094025
v 0.014203899540007114 0.04403017833828926 0.20778979361057281
v 0.03844261169433594 0.029388299211859703 0.24160760641098022
v 0.03763293847441673 0.03194224089384079 0.2358092963695526
v 0.03842734917998314 0.0278015099465847 0.2451781928539276
v 0.03843814134597778 0.030180929228663445 0.23938749730587006
v 0.03842734917998314 0.0278015099465847 0.2451781928539276
v 0.03869502991437912 0.02817963995039463 0.24391360580921173
v 0.03844261169433594 0.029388299211859703 0.24160760641098022
v 0.03842734917998314 0.0278015099465847 0.2451781928539276
v 0.03843814134597778 0.030180929228663445 0.23938749730587006
v 0.02033418044447899 0.013950159773230553 0.27653008699417114
v 0.015615460462868214 0.01279103010892868 0.2790975868701935
v 0.020439019426703453 0.013810030184686184 0.27655598521232605
v 0.013699529692530632 0.04420148953795433 0.20781449973583221
v 0.007011413108557463 0.04499292001128197 0.20620250701904297
v 0.017401689663529396 0.04349815100431442 0.20947690308094025
v 0.02033418044447899 0.013950159773230553 0.27653008699417114
v 0.01763153076171875 0.013392319902777672 0.2780171036720276
v 0.015615460462868214 0.01279103010892868 0.2790975868701935
v 0.0240173302590847 0.015201440081000328 0.2738800048828125
v 0.02033418044447899 0.013950159773230553 0.27653008699417114
v 0.020439019426703453 0.013810030184686184 0.27655598521232605
v 0.009213924407958984 0.044615261256694794 0.2060800939798355
v 0.014203899540007114 0.04403017833828926 0.20778979361057281
v 0.013544909656047821 0.043840110301971436 0.20735210180282593
v 0.009213924407958984 0.044615261256694794 0.2060800939798355
v 0.013699529692530632 0.04420148953795433 0.20781449973583221
v 0.014203899540007114 0.04403017833828926 0.20778979361057281
v 0.0240173302590847 0.015201440081000328 0.2738800048828125
v 0.01763153076171875 0.013392319902777672 0.2780171036720276
v 0.02033418044447899 0.013950159773230553 0.27653008699417114
v 0.009351730346679688 0.044790081679821014 0.20632970333099365
v 0.013699529692530632 0.04420148953795433 0.20781449973583221
v 0.009213924407958984 0.044615261256694794 0.2060800939798355
v 0.009351730346679688 0.044790081679821014 0.20632970333099365
v 0.007011413108557463 0.04499292001128197 0.20620250701904297
v 0.013699529692530632 0.04420148953795433 0.20781449973583221
v 0.0241701602935791 0.015097489580512047 0.2738465964794159
v 0.0240173302590847 0.015201440081000328 0.2738800048828125
v 0.020439019426703453 0.013810030184686184 0.27655598521232605
v 0.0241701602935791 0.015097489580512047 0.2738465964794159
v 0.020439019426703453 0.013810030184686184 0.27655598521232605
v 0.024570459499955177 0.014978759922087193 0.27361491322517395
v 0.02414797991514206 0.015131589956581593 0.2738344073295593
v 0.0240173302590847 0.015201440081000328 0.2738800048828125
v 0.0241701602935791 0.015097489580512047 0.2738465964794159
v 0.02592468075454235 0.015751710161566734 0.27236178517341614
v 0.0241701602935791 0.015097489580512047 0.2738465964794159
v 0.024570459499955177 0.014978759922087193 0.27361491322517395
v 0.0047054290771484375 0.044998280704021454 0.20529240369796753
v 0.009213924407958984 0.044615261256694794 0.2060800939798355
v 0.004546284209936857 0.04468274116516113 0.20516780018806458
v 0.03763293847441673 0.03194224089384079 0.2358092963695526
v 0.03843814134597778 0.030180929228663445 0.23938749730587006
v 0.03787839040160179 0.031694941222667694 0.2356622964143753
v 0.0047054290771484375 0.044998280704021454 0.20529240369796753
v 0.009351730346679688 0.044790081679821014 0.20632970333099365
v 0.009213924407958984 0.044615261256694794 0.2060800939798355
v 0.02592468075454235 0.015751710161566734 0.27236178517341614
v 0.02414797991514206 0.015131589956581593 0.2738344073295593
v 0.0241701602935791 0.015097489580512047 0.2738465964794159
v 0.0047293901443481445 0.04517507180571556 0.20556600391864777
v 0.009351730346679688 0.044790081679821014 0.20632970333099365
v 0.0047054290771484375 0.044998280704021454 0.20529240369796753
v 0.03763293847441673 0.03194224089384079 0.2358092963695526
v 0.03844261169433594 0.029388299211859703 0.24160760641098022
v 0.03843814134597778 0.030180929228663445 0.23938749730587006
v 0.0240173302590847 0.015201440081000328 0.2738800048828125
v 0.02414797991514206 0.015131589956581593 0.2738344073295593
v 0.02592468075454235 0.015751710161566734 0.27236178517341614
v 0.007011413108557463 0.04499292001128197 0.20620250701904297
v 0.009351730346679688 0.044790081679821014 0.20632970333099365
v 0.0047293901443481445 0.04517507180571556 0.20556600391864777
v 0.02805327996611595 0.01655668020248413 0.27034759521484375
v 0.02592468075454235 0.015751710161566734 0.27236178517341614
v 0.024570459499955177 0.014978759922087193 0.27361491322517395
v 0.0047054290771484375 0.044998280704021454 0.20529240369796753
v 0.004546284209936857 0.04468274116516113 0.20516780018806458
v -0.00007674100197618827 0.045101940631866455 0.20495639741420746
v -0.0280456505715847 0.039959780871868134 0.21760359406471252
v -0.027350420132279396 0.03995800018310547 0.21774759888648987
v -0.023952480405569077 0.041620250791311264 0.21386520564556122
v -0.0025672910269349813 0.011533260345458984 0.2821826934814453
v -0.00458526611328125 0.011439800262451172 0.28210020065307617
v 0 0.0114130899310112 0.2823188006877899
v -0.0025672910269349813 0.011533260345458984 0.2821826934814453
v -0.009021759033203125 0.011873120442032814 0.2812928855419159
v -0.0050318241119384766 0.0115736098960042 0.2819780111312866
v -0.0025672910269349813 0.011533260345458984 0.2821826934814453
v 0.00043475598795339465 0.011892910115420818 0.28141120076179504
v -0.00704193115234375 0.012226100079715252 0.28067779541015625
v -0.0025672910269349813 0.011533260345458984 0.2821826934814453
v -0.00704193115234375 0.012226100079715252 0.28067779541015625
v -0.010299679823219776 0.012121199630200863 0.28087618947029114
v -0.0025672910269349813 0.011533260345458984 0.2821826934814453
v -0.010299679823219776 0.012121199630200863 0.28087618947029114
v -0.009021759033203125 0.011873120442032814 0.2812928855419159
v -0.0371246300637722 0.0245361290872097 0.2528075873851776
v -0.03777395933866501 0.024700989946722984 0.2519856095314026
v -0.03637886047363281 0.022568700835108757 0.256813108921051
v -0.0342940017580986 0.020601270720362663 0.2614937126636505
v -0.0371246300637722 0.0245361290872097 0.2528075873851776
v -0.03637886047363281 0.022568700835108757 0.256813108921051
v -0.03085947036743164 0.03850638121366501 0.2208050936460495
v -0.028075089678168297 0.039879441261291504 0.21704719960689545
v -0.03131270036101341 0.038148991763591766 0.22090810537338257
v -0.03085947036743164 0.03850638121366501 0.2208050936460495
v -0.0280456505715847 0.039959780871868134 0.21760359406471252
v -0.028075089678168297 0.039879441261291504 0.21704719960689545
v -0.03085947036743164 0.03850638121366501 0.2208050936460495
v -0.033540599048137665 0.036698341369628906 0.2250021994113922
v -0.0280456505715847 0.039959780871868134 0.21760359406471252
v -0.033540599048137665 0.036698341369628906 0.2250021994113922
v -0.03131270036101341 0.038148991763591766 0.22090810537338257
v -0.03388607129454613 0.036382731050252914 0.22497910261154175
v -0.033540599048137665 0.036698341369628906 0.2250021994113922
v -0.03085947036743164 0.03850638121366501 0.2208050936460495
v -0.03131270036101341 0.038148991763591766 0.22090810537338257
v -0.004184960853308439 0.04519348964095116 0.2054073065519333
v -0.00007674100197618827 0.045101940631866455 0.20495639741420746
v -0.0032224650494754314 0.04489237070083618 0.205047607421875
v -0.03597265109419823 0.034439679235219955 0.22935760021209717
v -0.033540599048137665 0.036698341369628906 0.2250021994113922
v -0.03388607129454613 0.036382731050252914 0.22497910261154175
v -0.03580855950713158 0.03460121154785156 0.22975540161132812
v -0.033540599048137665 0.036698341369628906 0.2250021994113922
v -0.03597265109419823 0.034439679235219955 0.22935760021209717
v -0.004184960853308439 0.04519348964095116 0.2054073065519333
v -0.0000651478985673748 0.045310430228710175 0.20544449985027313
v -0.00007674100197618827 0.045101940631866455 0.20495639741420746
v -0.0290488600730896 0.01701926998794079 0.2692756950855255
v -0.02899158000946045 0.017093529924750328 0.2693328857421875
v -0.03170381858944893 0.018693920224905014 0.26581960916519165
v -0.004184960853308439 0.04519348964095116 0.2054073065519333
v -0.007611215114593506 0.04499094933271408 0.20617149770259857
v -0.0000651478985673748 0.045310430228710175 0.20544449985027313
v -0.004184960853308439 0.04519348964095116 0.2054073065519333
v -0.0032224650494754314 0.04489237070083618 0.205047607421875
v -0.006420611869543791 0.04483681172132492 0.2054826021194458
v -0.02899158000946045 0.017093529924750328 0.2693328857421875
v -0.0290488600730896 0.01701926998794079 0.2692756950855255
v -0.025268549099564552 0.015426510013639927 0.272975891828537
v -0.026375649496912956 0.01603597030043602 0.27183109521865845
v -0.03170381858944893 0.018693920224905014 0.26581960916519165
v -0.02899158000946045 0.017093529924750328 0.2693328857421875
v -0.027740349993109703 0.0168456993997097 0.2702637016773224
v -0.03170381858944893 0.018693920224905014 0.26581960916519165
v -0.026375649496912956 0.01603597030043602 0.27183109521865845
v -0.037479400634765625 0.03248715028166771 0.23415060341358185
v -0.03580855950713158 0.03460121154785156 0.22975540161132812
v -0.03597265109419823 0.034439679235219955 0.22935760021209717
v -0.026375649496912956 0.01603597030043602 0.27183109521865845
v -0.02899158000946045 0.017093529924750328 0.2693328857421875
v -0.025268549099564552 0.015426510013639927 0.272975891828537
v -0.025279929861426353 0.015664510428905487 0.27277320623397827
v -0.027740349993109703 0.0168456993997097 0.2702637016773224
v -0.026375649496912956 0.01603597030043602 0.27183109521865845
v -0.008681297302246094 0.04485154151916504 0.20617429912090302
v -0.006420611869543791 0.04483681172132492 0.2054826021194458
v -0.011437290348112583 0.04450659826397896 0.20679019391536713
v -0.023071160539984703 0.014884820207953453 0.27457430958747864
v -0.027740349993109703 0.0168456993997097 0.2702637016773224
v -0.025279929861426353 0.015664510428905487 0.27277320623397827
v -0.007611215114593506 0.04499094933271408 0.20617149770259857
v -0.006420611869543791 0.04483681172132492 0.2054826021194458
v -0.008681297302246094 0.04485154151916504 0.20617429912090302
v -0.007611215114593506 0.04499094933271408 0.20617149770259857
v -0.004184960853308439 0.04519348964095116 0.2054073065519333
v -0.006420611869543791 0.04483681172132492 0.2054826021194458
v -0.020885340869426727 0.014104840345680714 0.2762584984302521
v -0.026375649496912956 0.01603597030043602 0.27183109521865845
v -0.025268549099564552 0.015426510013639927 0.272975891828537
v -0.020885340869426727 0.014104840345680714 0.2762584984302521
v -0.025279929861426353 0.015664510428905487 0.27277320623397827
v -0.026375649496912956 0.01603597030043602 0.27183109521865845
v -0.023071160539984703 0.014884820207953453 0.27457430958747864
v -0.025279929861426353 0.015664510428905487 0.27277320623397827
v -0.020885340869426727 0.014104840345680714 0.2762584984302521
v -0.038066260516643524 0.030841700732707977 0.23830780386924744
v -0.03580855950713158 0.03460121154785156 0.22975540161132812
v -0.037479400634765625 0.03248715028166771 0.23415060341358185
v -0.038066260516643524 0.030841700732707977 0.23830780386924744
v -0.037479400634765625 0.03248715028166771 0.23415060341358185
v -0.038433898240327835 0.030230160802602768 0.23910340666770935
v -0.011437290348112583 0.04450659826397896 0.20679019391536713
v -0.007611215114593506 0.04499094933271408 0.20617149770259857
v -0.008681297302246094 0.04485154151916504 0.20617429912090302
v -0.020885340869426727 0.014104840345680714 0.2762584984302521
v -0.014450070448219776 0.012794489972293377 0.2793731987476349
v -0.023071160539984703 0.014884820207953453 0.27457430958747864
v -0.038066260516643524 0.030841700732707977 0.23830780386924744
v -0.03845268115401268 0.02793120965361595 0.2448883056640625
v -0.03580855950713158 0.03460121154785156 0.22975540161132812
v -0.03870493173599243 0.02827869914472103 0.2436051070690155
v -0.038066260516643524 0.030841700732707977 0.23830780386924744
v -0.038433898240327835 0.030230160802602768 0.23910340666770935
v -0.016066899523139 0.043774720281362534 0.20882980525493622
v -0.011437290348112583 0.04450659826397896 0.20679019391536713
v -0.016041750088334084 0.04353851079940796 0.20842809975147247
v -0.03845268115401268 0.02793120965361595 0.2448883056640625
v -0.038066260516643524 0.030841700732707977 0.23830780386924744
v -0.03870493173599243 0.02827869914472103 0.2436051070690155
v -0.016066899523139 0.043774720281362534 0.20882980525493622
v -0.007611215114593506 0.04499094933271408 0.20617149770259857
v -0.011437290348112583 0.04450659826397896 0.20679019391536713
v -0.01373291015625 0.01248061005026102 0.27985191345214844
v -0.020885340869426727 0.014104840345680714 0.2762584984302521
v -0.017940519377589226 0.013262620195746422 0.2779712975025177
v -0.01373291015625 0.01248061005026102 0.27985191345214844
v -0.017940519377589226 0.013262620195746422 0.2779712975025177
v -0.01353048998862505 0.012199579738080502 0.2799609899520874
v -0.013244500383734703 0.012521740049123764 0.2799263000488281
v -0.020885340869426727 0.014104840345680714 0.2762584984302521
v -0.01373291015625 0.01248061005026102 0.27985191345214844
v -0.014450070448219776 0.012794489972293377 0.2793731987476349
v -0.020885340869426727 0.014104840345680714 0.2762584984302521
v -0.013244500383734703 0.012521740049123764 0.2799263000488281
v -0.038245201110839844 0.02622794918715954 0.2487144023180008
v -0.03845268115401268 0.02793120965361595 0.2448883056640625
v -0.03870493173599243 0.02827869914472103 0.2436051070690155
v -0.038245201110839844 0.02622794918715954 0.2487144023180008
v -0.03870493173599243 0.02827869914472103 0.2436051070690155
v -0.03844219073653221 0.02620529942214489 0.24823470413684845
v -0.010299679823219776 0.012121199630200863 0.28087618947029114
v -0.013244500383734703 0.012521740049123764 0.2799263000488281
v -0.01373291015625 0.01248061005026102 0.27985191345214844
v -0.010299679823219776 0.012121199630200863 0.28087618947029114
v -0.01373291015625 0.01248061005026102 0.27985191345214844
v -0.01353048998862505 0.012199579738080502 0.2799609899520874
v -0.010299679823219776 0.012121199630200863 0.28087618947029114
v -0.01353048998862505 0.012199579738080502 0.2799609899520874
v -0.009021759033203125 0.011873120442032814 0.2812928855419159
v -0.02051829919219017 0.04253429174423218 0.21084919571876526
v -0.016066899523139 0.043774720281362534 0.20882980525493622
v -0.016041750088334084 0.04353851079940796 0.20842809975147247
v -0.010299679823219776 0.012121199630200863 0.28087618947029114
v -0.014450070448219776 0.012794489972293377 0.2793731987476349
v -0.013244500383734703 0.012521740049123764 0.2799263000488281
v -0.020491600036621094 0.04271090030670166 0.21120880544185638
v -0.016066899523139 0.043774720281362534 0.20882980525493622
v -0.02051829919219017 0.04253429174423218 0.21084919571876526
v -0.020491600036621094 0.04271090030670166 0.21120880544185638
v -0.023952480405569077 0.041620250791311264 0.21386520564556122
v -0.016066899523139 0.043774720281362534 0.20882980525493622
v -0.02455425076186657 0.041325800120830536 0.2137904018163681
v -0.020491600036621094 0.04271090030670166 0.21120880544185638
v -0.02051829919219017 0.04253429174423218 0.21084919571876526
v -0.023952480405569077 0.041620250791311264 0.21386520564556122
v -0.020491600036621094 0.04271090030670166 0.21120880544185638
v -0.02455425076186657 0.041325800120830536 0.2137904018163681
v -0.00458526611328125 0.011439800262451172 0.28210020065307617
v -0.009021759033203125 0.011873120442032814 0.2812928855419159
v -0.00454676104709506 0.011256149969995022 0.2821323871612549
v -0.038245201110839844 0.02622794918715954 0.2487144023180008
v -0.03844219073653221 0.02620529942214489 0.24823470413684845
v -0.03777395933866501 0.024700989946722984 0.2519856095314026
v -0.0050318241119384766 0.0115736098960042 0.2819780111312866
v -0.009021759033203125 0.011873120442032814 0.2812928855419159
v -0.00458526611328125 0.011439800262451172 0.28210020065307617
v -0.00458526611328125 0.011439800262451172 0.28210020065307617
v -0.00454676104709506 0.011256149969995022 0.2821323871612549
v 0.000036217301385477185 0.01124310027807951 0.2823924124240875
v -0.03777395933866501 0.024700989946722984 0.2519856095314026
v -0.03845268115401268 0.02793120965361595 0.2448883056640625
v -0.038245201110839844 0.02622794918715954 0.2487144023180008
v -0.0371246300637722 0.0245361290872097 0.2528075873851776
v -0.03845268115401268 0.02793120965361595 0.2448883056640625
v -0.03777395933866501 0.024700989946722984 0.2519856095314026
v -0.0280456505715847 0.039959780871868134 0.21760359406471252
v -0.023952480405569077 0.041620250791311264 0.21386520564556122
v -0.02455425076186657 0.041325800120830536 0.2137904018163681
v -0.0280456505715847 0.039959780871868134 0.21760359406471252
v -0.02455425076186657 0.041325800120830536 0.2137904018163681
v -0.028075089678168297 0.039879441261291504 0.21704719960689545
v -0.00458526611328125 0.011439800262451172 0.28210020065307617
v 0.000036217301385477185 0.01124310027807951 0.2823924124240875
v 0 0.0114130899310112 0.2823188006877899
v -0.0025672910269349813 0.011533260345458984 0.2821826934814453
v -0.0050318241119384766 0.0115736098960042 0.2819780111312866
v -0.00458526611328125 0.011439800262451172 0.28210020065307617
v -0.023071160539984703 0.014884820207953453 0.27457430958747864
v -0.0261688195168972 0.01661681942641735 0.2706908881664276
v -0.027740349993109703 0.0168456993997097 0.2702637016773224
v -0.02218616008758545 0.015136590227484703 0.2740631103515625
v -0.0261688195168972 0.01661681942641735 0.2706908881664276
v -0.023071160539984703 0.014884820207953453 0.27457430958747864
v 0.03400421142578125 0.03566073998808861 0.22748549282550812
v 0.031177520751953125 0.03831005096435547 0.22132110595703125
v 0.03187226876616478 0.03738689050078392 0.22360029816627502
v 0.007659912109375 0.011891360394656658 0.28144460916519165
v 0.008827208541333675 0.01238012034446001 0.2803153991699219
v 0.00043475598795339465 0.011892910115420818 0.28141120076179504
v -0.03654098138213158 0.024105070158839226 0.25362399220466614
v -0.03745114058256149 0.027221620082855225 0.2467269003391266
v -0.0371246300637722 0.0245361290872097 0.2528075873851776
v -0.03129373863339424 0.03781509026885033 0.2225455939769745
v -0.027350420132279396 0.03995800018310547 0.21774759888648987
v -0.0280456505715847 0.039959780871868134 0.21760359406471252
v -0.014450070448219776 0.012794489972293377 0.2793731987476349
v -0.02218616008758545 0.015136590227484703 0.2740631103515625
v -0.023071160539984703 0.014884820207953453 0.27457430958747864
v -0.033540599048137665 0.036698341369628906 0.2250021994113922
v -0.03129373863339424 0.03781509026885033 0.2225455939769745
v -0.0280456505715847 0.039959780871868134 0.21760359406471252
v -0.0183868408203125 0.014057040214538574 0.2765311896800995
v -0.02218616008758545 0.015136590227484703 0.2740631103515625
v -0.014450070448219776 0.012794489972293377 0.2793731987476349
v 0.013571609742939472 0.04404615983366966 0.20855030417442322
v 0.007011413108557463 0.04499292001128197 0.20620250701904297
v 0.009317158721387386 0.04463415965437889 0.20707260072231293
v -0.016660690307617188 0.04346977919340134 0.2096690982580185
v -0.023952480405569077 0.041620250791311264 0.21386520564556122
v -0.019850730895996094 0.04265915974974632 0.2115263044834137
v -0.016660690307617188 0.04346977919340134 0.2096690982580185
v -0.016066899523139 0.043774720281362534 0.20882980525493622
v -0.023952480405569077 0.041620250791311264 0.21386520564556122
v 0.017401689663529396 0.04349815100431442 0.20947690308094025
v 0.007011413108557463 0.04499292001128197 0.20620250701904297
v 0.013571609742939472 0.04404615983366966 0.20855030417442322
v -0.03440845012664795 0.03538322076201439 0.22803489863872528
v -0.03129373863339424 0.03781509026885033 0.2225455939769745
v -0.033540599048137665 0.036698341369628906 0.2250021994113922
v 0.03625857084989548 0.022701259702444077 0.2568359076976776
v 0.03781700134277344 0.025432460010051727 0.25064849853515625
v 0.03555678948760033 0.023166650906205177 0.2558746039867401
v 0.03161226958036423 0.0196075402200222 0.2639617919921875
v 0.03625857084989548 0.022701259702444077 0.2568359076976776
v 0.03555678948760033 0.023166650906205177 0.2558746039867401
v -0.010299679823219776 0.012121199630200863 0.28087618947029114
v -0.0183868408203125 0.014057040214538574 0.2765311896800995
v -0.014450070448219776 0.012794489972293377 0.2793731987476349
v -0.01239866018295288 0.0442192517220974 0.20795050263404846
v -0.016066899523139 0.043774720281362534 0.20882980525493622
v -0.016660690307617188 0.04346977919340134 0.2096690982580185
v 0.01763153076171875 0.013392319902777672 0.2780171036720276
v 0.02074432000517845 0.014673230238258839 0.27512359619140625
v 0.008827208541333675 0.01238012034446001 0.2803153991699219
v -0.014175410382449627 0.013187279924750328 0.2784996032714844
v -0.0183868408203125 0.014057040214538574 0.2765311896800995
v -0.010299679823219776 0.012121199630200863 0.28087618947029114
v 0.01873861998319626 0.04294991120696068 0.21096989512443542
v 0.017401689663529396 0.04349815100431442 0.20947690308094025
v 0.013571609742939472 0.04404615983366966 0.20855030417442322
v -0.01239866018295288 0.0442192517220974 0.20795050263404846
v -0.007611215114593506 0.04499094933271408 0.20617149770259857
v -0.016066899523139 0.043774720281362534 0.20882980525493622
v 0.01763153076171875 0.013392319902777672 0.2780171036720276
v 0.008827208541333675 0.01238012034446001 0.2803153991699219
v 0.007659912109375 0.011891360394656658 0.28144460916519165
v 0.03763293847441673 0.03194224089384079 0.2358092963695526
v 0.03400421142578125 0.03566073998808861 0.22748549282550812
v 0.03567934036254883 0.033823490142822266 0.2316969931125641
v 0.022174829617142677 0.041972268372774124 0.21315430104732513
v 0.017401689663529396 0.04349815100431442 0.20947690308094025
v 0.01873861998319626 0.04294991120696068 0.21096989512443542
v 0.03133964166045189 0.018459320068359375 0.2663230895996094
v 0.03625857084989548 0.022701259702444077 0.2568359076976776
v 0.03161226958036423 0.0196075402200222 0.2639617919921875
v -0.0338592492043972 0.021251549944281578 0.2602387070655823
v -0.0371246300637722 0.0245361290872097 0.2528075873851776
v -0.0342940017580986 0.020601270720362663 0.2614937126636505
v -0.03580855950713158 0.03460121154785156 0.22975540161132812
v -0.03440845012664795 0.03538322076201439 0.22803489863872528
v -0.033540599048137665 0.036698341369628906 0.2250021994113922
v -0.03170381858944893 0.018693920224905014 0.26581960916519165
v -0.0338592492043972 0.021251549944281578 0.2602387070655823
v -0.0342940017580986 0.020601270720362663 0.2614937126636505
v 0.03685474023222923 0.03183174133300781 0.23626509308815002
v 0.03763293847441673 0.03194224089384079 0.2358092963695526
v 0.03567934036254883 0.033823490142822266 0.2316969931125641
v -0.008930206298828125 0.04467390850186348 0.20699210464954376
v -0.007611215114593506 0.04499094933271408 0.20617149770259857
v -0.01239866018295288 0.0442192517220974 0.20795050263404846
v -0.00704193115234375 0.012226100079715252 0.28067779541015625
v -0.014175410382449627 0.013187279924750328 0.2784996032714844
v -0.010299679823219776 0.012121199630200863 0.28087618947029114
v -0.036807410418987274 0.03197288140654564 0.2358665019273758
v -0.03440845012664795 0.03538322076201439 0.22803489863872528
v -0.03580855950713158 0.03460121154785156 0.22975540161132812
v -0.03204333037137985 0.01979053020477295 0.263519287109375
v -0.0338592492043972 0.021251549944281578 0.2602387070655823
v -0.03170381858944893 0.018693920224905014 0.26581960916519165
v 0.0240173302590847 0.015201440081000328 0.2738800048828125
v 0.03161226958036423 0.0196075402200222 0.2639617919921875
v 0.026367060840129852 0.016666410490870476 0.2705689072608948
v 0.0240173302590847 0.015201440081000328 0.2738800048828125
v 0.03133964166045189 0.018459320068359375 0.2663230895996094
v 0.03161226958036423 0.0196075402200222 0.2639617919921875
v 0.0240173302590847 0.015201440081000328 0.2738800048828125
v 0.02074432000517845 0.014673230238258839 0.27512359619140625
v 0.01763153076171875 0.013392319902777672 0.2780171036720276
v -0.0000651478985673748 0.045310430228710175 0.20544449985027313
v -0.007611215114593506 0.04499094933271408 0.20617149770259857
v -0.008930206298828125 0.04467390850186348 0.20699210464954376
v 0.0240173302590847 0.015201440081000328 0.2738800048828125
v 0.026367060840129852 0.016666410490870476 0.2705689072608948
v 0.02074432000517845 0.014673230238258839 0.27512359619140625
v 0.03761624917387962 0.02973175048828125 0.2409133017063141
v 0.03763293847441673 0.03194224089384079 0.2358092963695526
v 0.03685474023222923 0.03183174133300781 0.23626509308815002
v -0.027350420132279396 0.03995800018310547 0.21774759888648987
v -0.024471279233694077 0.04121207818388939 0.21480169892311096
v -0.023952480405569077 0.041620250791311264 0.21386520564556122
v -0.023952480405569077 0.041620250791311264 0.21386520564556122
v -0.024471279233694077 0.04121207818388939 0.21480169892311096
v -0.019850730895996094 0.04265915974974632 0.2115263044834137
v 0.02589976042509079 0.04064261168241501 0.21609680354595184
v 0.02417171001434326 0.04158115014433861 0.2137279063463211
v 0.022174829617142677 0.041972268372774124 0.21315430104732513
v 0.03842734917998314 0.0278015099465847 0.2451781928539276
v 0.03763293847441673 0.03194224089384079 0.2358092963695526
v 0.03761624917387962 0.02973175048828125 0.2409133017063141
v -0.0289764404296875 0.018045419827103615 0.267585813999176
v -0.03204333037137985 0.01979053020477295 0.263519287109375
v -0.03170381858944893 0.018693920224905014 0.26581960916519165
v 0.02965342067182064 0.03879547119140625 0.22038650512695312
v 0.02417171001434326 0.04158115014433861 0.2137279063463211
v 0.02589976042509079 0.04064261168241501 0.21609680354595184
v -0.027740349993109703 0.0168456993997097 0.2702637016773224
v -0.0289764404296875 0.018045419827103615 0.267585813999176
v -0.03170381858944893 0.018693920224905014 0.26581960916519165
v 0.03774939849972725 0.028148649260401726 0.24449920654296875
v 0.03842734917998314 0.0278015099465847 0.2451781928539276
v 0.03761624917387962 0.02973175048828125 0.2409133017063141
v -0.037654340267181396 0.029741160571575165 0.2408446967601776
v -0.036807410418987274 0.03197288140654564 0.2358665019273758
v -0.03580855950713158 0.03460121154785156 0.22975540161132812
v -0.03845268115401268 0.02793120965361595 0.2448883056640625
v -0.037654340267181396 0.029741160571575165 0.2408446967601776
v -0.03580855950713158 0.03460121154785156 0.22975540161132812
v -0.0261688195168972 0.01661681942641735 0.2706908881664276
v -0.0289764404296875 0.018045419827103615 0.267585813999176
v -0.027740349993109703 0.0168456993997097 0.2702637016773224
v 0.007011413108557463 0.04499292001128197 0.20620250701904297
v -0.0000651478985673748 0.045310430228710175 0.20544449985027313
v -0.00007224080036394298 0.045157428830862045 0.20605359971523285
v 0.03781700134277344 0.025432460010051727 0.25064849853515625
v 0.03842734917998314 0.0278015099465847 0.2451781928539276
v 0.03774939849972725 0.028148649260401726 0.24449920654296875
v 0.03187226876616478 0.03738689050078392 0.22360029816627502
v 0.031177520751953125 0.03831005096435547 0.22132110595703125
v 0.02965342067182064 0.03879547119140625 0.22038650512695312
v -0.03745114058256149 0.027221620082855225 0.2467269003391266
v -0.037654340267181396 0.029741160571575165 0.2408446967601776
v -0.03845268115401268 0.02793120965361595 0.2448883056640625
v -0.0371246300637722 0.0245361290872097 0.2528075873851776
v -0.03745114058256149 0.027221620082855225 0.2467269003391266
v -0.03845268115401268 0.02793120965361595 0.2448883056640625
v 0.028453700244426727 0.017801279202103615 0.2681694030761719
v 0.024734370410442352 0.016176220029592514 0.2719002068042755
v 0.02771567925810814 0.017379580065608025 0.26903030276298523
v 0.03462731093168259 0.03503226861357689 0.2291955053806305
v 0.03574115037918091 0.03377354145050049 0.23228619992733002
v 0.03567934036254883 0.033823490142822266 0.2316969931125641
v 0.024734370410442352 0.016176220029592514 0.2719002068042755
v 0.026590760797262192 0.016883129253983498 0.2701820135116577
v 0.02771567925810814 0.017379580065608025 0.26903030276298523
v 0.026590760797262192 0.016883129253983498 0.2701820135116577
v 0.026367060840129852 0.016666410490870476 0.2705689072608948
v 0.02771567925810814 0.017379580065608025 0.26903030276298523
v 0.007011413108557463 0.04499292001128197 0.20620250701904297
v -0.00007224080036394298 0.045157428830862045 0.20605359971523285
v 0.004448890220373869 0.04505771026015282 0.20631250739097595
v 0.004448890220373869 0.04505771026015282 0.20631250739097595
v 0.009317158721387386 0.04463415965437889 0.20707260072231293
v 0.007011413108557463 0.04499292001128197 0.20620250701904297
v 0.028453700244426727 0.017801279202103615 0.2681694030761719
v 0.02771567925810814 0.017379580065608025 0.26903030276298523
v 0.0299377404153347 0.01849365048110485 0.2665711045265198
v 0.02771567925810814 0.017379580065608025 0.26903030276298523
v 0.026367060840129852 0.016666410490870476 0.2705689072608948
v 0.0299377404153347 0.01849365048110485 0.2665711045265198
v 0.03240333870053291 0.03704499825835228 0.22477340698242188
v 0.03462731093168259 0.03503226861357689 0.2291955053806305
v 0.03400421142578125 0.03566073998808861 0.22748549282550812
v 0.0299377404153347 0.01849365048110485 0.2665711045265198
v 0.03161226958036423 0.0196075402200222 0.2639617919921875
v 0.026367060840129852 0.016666410490870476 0.2705689072608948
v 0.0279464703053236 0.017659060657024384 0.26876258850097656
v 0.028453700244426727 0.017801279202103615 0.2681694030761719
v 0.03161226958036423 0.0196075402200222 0.2639617919921875
v 0.028453700244426727 0.017801279202103615 0.2681694030761719
v 0.0299377404153347 0.01849365048110485 0.2665711045265198
v 0.03161226958036423 0.0196075402200222 0.2639617919921875
v 0.03462731093168259 0.03503226861357689 0.2291955053806305
v 0.03567934036254883 0.033823490142822266 0.2316969931125641
v 0.03400421142578125 0.03566073998808861 0.22748549282550812
v 0.03240333870053291 0.03704499825835228 0.22477340698242188
v 0.03400421142578125 0.03566073998808861 0.22748549282550812
v 0.03187226876616478 0.03738689050078392 0.22360029816627502
v 0.029207700863480568 0.039112091064453125 0.2200573980808258
v 0.03240333870053291 0.03704499825835228 0.22477340698242188
v 0.03187226876616478 0.03738689050078392 0.22360029816627502
v 0.03464316949248314 0.02242851071059704 0.2580108940601349
v 0.03161226958036423 0.0196075402200222 0.2639617919921875
v 0.03384590148925781 0.021335599943995476 0.2600556015968323
v 0.0000058412501857674215 0.012156720273196697 0.2811512053012848
v 0 0.012042700313031673 0.2811906933784485
v 0.0038985610008239746 0.012152190320193768 0.28098389506340027
v 0.004889428149908781 0.01232123002409935 0.28082990646362305
v 0.0000058412501857674215 0.012156720273196697 0.2811512053012848
v 0.0038985610008239746 0.012152190320193768 0.28098389506340027
v 0 0.012042700313031673 0.2811906933784485
v 0.00043475598795339465 0.011892910115420818 0.28141120076179504
v 0.005439757835119963 0.01213597971946001 0.2808980941772461
v 0.0038985610008239746 0.012152190320193768 0.28098389506340027
v 0 0.012042700313031673 0.2811906933784485
v 0.005439757835119963 0.01213597971946001 0.2808980941772461
v 0.029207700863480568 0.039112091064453125 0.2200573980808258
v 0.03187226876616478 0.03738689050078392 0.22360029816627502
v 0.02965342067182064 0.03879547119140625 0.22038650512695312
v 0.004889428149908781 0.01232123002409935 0.28082990646362305
v 0.0038985610008239746 0.012152190320193768 0.28098389506340027
v 0.004867494106292725 0.012308119796216488 0.2808285057544708
v 0.0038985610008239746 0.012152190320193768 0.28098389506340027
v 0.005439757835119963 0.01213597971946001 0.2808980941772461
v 0.008022308349609375 0.012479780241847038 0.28032779693603516
v 0.03384590148925781 0.021335599943995476 0.2600556015968323
v 0.03555678948760033 0.023166650906205177 0.2558746039867401
v 0.03161226958036423 0.0196075402200222 0.2639617919921875
v 0.03464316949248314 0.02242851071059704 0.2580108940601349
v 0.03384590148925781 0.021335599943995476 0.2600556015968323
v 0.03555678948760033 0.023166650906205177 0.2558746039867401
v 0.036681998521089554 0.02503013052046299 0.25178149342536926
v 0.03464316949248314 0.02242851071059704 0.2580108940601349
v 0.03555678948760033 0.023166650906205177 0.2558746039867401
v 0.005439757835119963 0.01213597971946001 0.2808980941772461
v 0.008827208541333675 0.01238012034446001 0.2803153991699219
v 0.00043475598795339465 0.011892910115420818 0.28141120076179504
v 0.004867494106292725 0.012308119796216488 0.2808285057544708
v 0.0038985610008239746 0.012152190320193768 0.28098389506340027
v 0.008022308349609375 0.012479780241847038 0.28032779693603516
v 0.004889428149908781 0.01232123002409935 0.28082990646362305
v 0.004867494106292725 0.012308119796216488 0.2808285057544708
v 0.008022308349609375 0.012479780241847038 0.28032779693603516
v 0.00878143310546875 0.012435910291969776 0.2802009880542755
v 0.008022308349609375 0.012479780241847038 0.28032779693603516
v 0.005439757835119963 0.01213597971946001 0.2808980941772461
v 0.029207700863480568 0.039112091064453125 0.2200573980808258
v 0.02965342067182064 0.03879547119140625 0.22038650512695312
v 0.025997160002589226 0.040573470294475555 0.2164887934923172
v 0.025997160002589226 0.040573470294475555 0.2164887934923172
v 0.02965342067182064 0.03879547119140625 0.22038650512695312
v 0.02589976042509079 0.04064261168241501 0.21609680354595184
v 0.00878143310546875 0.012435910291969776 0.2802009880542755
v 0.005439757835119963 0.01213597971946001 0.2808980941772461
v 0.01055908016860485 0.012649410404264927 0.27973559498786926
v 0.005439757835119963 0.01213597971946001 0.2808980941772461
v 0.008827208541333675 0.01238012034446001 0.2803153991699219
v 0.01055908016860485 0.012649410404264927 0.27973559498786926
v 0.008022308349609375 0.012479780241847038 0.28032779693603516
v 0.00878143310546875 0.012435910291969776 0.2802009880542755
v 0.01245117001235485 0.012993809767067432 0.2790699005126953
v 0.014366090297698975 0.013439049944281578 0.27828601002693176
v 0.008022308349609375 0.012479780241847038 0.28032779693603516
v 0.01245117001235485 0.012993809767067432 0.2790699005126953
v 0.0221252404153347 0.04210019111633301 0.2132991999387741
v 0.025997160002589226 0.040573470294475555 0.2164887934923172
v 0.022174829617142677 0.041972268372774124 0.21315430104732513
v 0.01245117001235485 0.012993809767067432 0.2790699005126953
v 0.00878143310546875 0.012435910291969776 0.2802009880542755
v 0.013275019824504852 0.013069150038063526 0.27883151173591614
v 0.00878143310546875 0.012435910291969776 0.2802009880542755
v 0.01055908016860485 0.012649410404264927 0.27973559498786926
v 0.013275019824504852 0.013069150038063526 0.27883151173591614
v 0.036681998521089554 0.02503013052046299 0.25178149342536926
v 0.03555678948760033 0.023166650906205177 0.2558746039867401
v 0.03781700134277344 0.025432460010051727 0.25064849853515625
v 0.025997160002589226 0.040573470294475555 0.2164887934923172
v 0.02589976042509079 0.04064261168241501 0.21609680354595184
v 0.022174829617142677 0.041972268372774124 0.21315430104732513
v 0.016841759905219078 0.013781419955193996 0.2772389054298401
v 0.01245117001235485 0.012993809767067432 0.2790699005126953
v 0.013275019824504852 0.013069150038063526 0.27883151173591614
v 0.036681998521089554 0.02503013052046299 0.25178149342536926
v 0.03781700134277344 0.025432460010051727 0.25064849853515625
v 0.03774939849972725 0.028148649260401726 0.24449920654296875
v 0.01055908016860485 0.012649410404264927 0.27973559498786926
v 0.008827208541333675 0.01238012034446001 0.2803153991699219
v 0.013275019824504852 0.013069150038063526 0.27883151173591614
v 0.013275019824504852 0.013069150038063526 0.27883151173591614
v 0.02074432000517845 0.014673230238258839 0.27512359619140625
v 0.008827208541333675 0.01238012034446001 0.2803153991699219
v 0.017924180254340172 0.04319797828793526 0.2106132060289383
v 0.0221252404153347 0.04210019111633301 0.2132991999387741
v 0.01873861998319626 0.04294991120696068 0.21096989512443542
v 0.014366090297698975 0.013439049944281578 0.27828601002693176
v 0.01245117001235485 0.012993809767067432 0.2790699005126953
v 0.016841759905219078 0.013781419955193996 0.2772389054298401
v 0.020738599821925163 0.014833450317382812 0.2749806046485901
v 0.014366090297698975 0.013439049944281578 0.27828601002693176
v 0.016841759905219078 0.013781419955193996 0.2772389054298401
v 0.0221252404153347 0.04210019111633301 0.2132991999387741
v 0.022174829617142677 0.041972268372774124 0.21315430104732513
v 0.01873861998319626 0.04294991120696068 0.21096989512443542
v 0.03737663850188255 0.02706623077392578 0.24723240733146667
v 0.036681998521089554 0.02503013052046299 0.25178149342536926
v 0.03774939849972725 0.028148649260401726 0.24449920654296875
v 0.016841759905219078 0.013781419955193996 0.2772389054298401
v 0.013275019824504852 0.013069150038063526 0.27883151173591614
v 0.02074432000517845 0.014673230238258839 0.27512359619140625
v 0.01435059029608965 0.04413503035902977 0.20900459587574005
v 0.017924180254340172 0.04319797828793526 0.2106132060289383
v 0.013571609742939472 0.04404615983366966 0.20855030417442322
v 0.03751432150602341 0.028682580217719078 0.24361799657344818
v 0.03737663850188255 0.02706623077392578 0.24723240733146667
v 0.03761624917387962 0.02973175048828125 0.2409133017063141
v 0.03761624917387962 0.02973175048828125 0.2409133017063141
v 0.03737663850188255 0.02706623077392578 0.24723240733146667
v 0.03774939849972725 0.028148649260401726 0.24449920654296875
v 0.03739506006240845 0.030101770535111427 0.24037450551986694
v 0.03751432150602341 0.028682580217719078 0.24361799657344818
v 0.03761624917387962 0.02973175048828125 0.2409133017063141
v 0.020738599821925163 0.014833450317382812 0.2749806046485901
v 0.016841759905219078 0.013781419955193996 0.2772389054298401
v 0.02074432000517845 0.014673230238258839 0.27512359619140625
v 0.017924180254340172 0.04319797828793526 0.2106132060289383
v 0.01873861998319626 0.04294991120696068 0.21096989512443542
v 0.013571609742939472 0.04404615983366966 0.20855030417442322
v 0.00913906004279852 0.044753190129995346 0.20721860229969025
v 0.01435059029608965 0.04413503035902977 0.20900459587574005
v 0.013571609742939472 0.04404615983366966 0.20855030417442322
v 0.024734370410442352 0.016176220029592514 0.2719002068042755
v 0.020738599821925163 0.014833450317382812 0.2749806046485901
v 0.02074432000517845 0.014673230238258839 0.27512359619140625
v 0.03739506006240845 0.030101770535111427 0.24037450551986694
v 0.03761624917387962 0.02973175048828125 0.2409133017063141
v 0.03685474023222923 0.03183174133300781 0.23626509308815002
v 0.00913906004279852 0.044753190129995346 0.20721860229969025
v 0.013571609742939472 0.04404615983366966 0.20855030417442322
v 0.009317158721387386 0.04463415965437889 0.20707260072231293
v 0.0279464703053236 0.017659060657024384 0.26876258850097656
v 0.020738599821925163 0.014833450317382812 0.2749806046485901
v 0.024734370410442352 0.016176220029592514 0.2719002068042755
v 0.024734370410442352 0.016176220029592514 0.2719002068042755
v 0.02074432000517845 0.014673230238258839 0.27512359619140625
v 0.026367060840129852 0.016666410490870476 0.2705689072608948
v 0.00913906004279852 0.044753190129995346 0.20721860229969025
v 0.009317158721387386 0.04463415965437889 0.20707260072231293
v 0.004448890220373869 0.04505771026015282 0.20631250739097595
v 0.03574115037918091 0.03377354145050049 0.23228619992733002
v 0.03685474023222923 0.03183174133300781 0.23626509308815002
v 0.03567934036254883 0.033823490142822266 0.2316969931125641
v 0.026590760797262192 0.016883129253983498 0.2701820135116577
v 0.024734370410442352 0.016176220029592514 0.2719002068042755
v 0.026367060840129852 0.016666410490870476 0.2705689072608948
v 0.0279464703053236 0.017659060657024384 0.26876258850097656
v 0.024734370410442352 0.016176220029592514 0.2719002068042755
v 0.028453700244426727 0.017801279202103615 0.2681694030761719
v -0.03423500061035156 0.02181815914809704 0.259090393781662
v -0.03654098138213158 0.024105070158839226 0.25362399220466614
v -0.0338592492043972 0.021251549944281578 0.2602387070655823
v -0.030380720272660255 0.03839707002043724 0.22156420350074768
v -0.027350420132279396 0.03995800018310547 0.21774759888648987
v -0.03129373863339424 0.03781509026885033 0.2225455939769745
v -0.03423500061035156 0.02181815914809704 0.259090393781662
v -0.0338592492043972 0.021251549944281578 0.2602387070655823
v -0.03178215026855469 0.019825929775834084 0.2636643052101135
v -0.030380720272660255 0.03839707002043724 0.22156420350074768
v -0.03129373863339424 0.03781509026885033 0.2225455939769745
v -0.03303765878081322 0.036525361239910126 0.22577090561389923
v -0.03178215026855469 0.019825929775834084 0.2636643052101135
v -0.0338592492043972 0.021251549944281578 0.2602387070655823
v -0.0289764404296875 0.018045419827103615 0.267585813999176
v -0.0289764404296875 0.018045419827103615 0.267585813999176
v -0.0338592492043972 0.021251549944281578 0.2602387070655823
v -0.03204333037137985 0.01979053020477295 0.263519287109375
v -0.03303765878081322 0.036525361239910126 0.22577090561389923
v -0.03129373863339424 0.03781509026885033 0.2225455939769745
v -0.03440845012664795 0.03538322076201439 0.22803489863872528
v -0.03303765878081322 0.036525361239910126 0.22577090561389923
v -0.03440845012664795 0.03538322076201439 0.22803489863872528
v -0.035062309354543686 0.03457771986722946 0.23018500208854675
v -0.035062309354543686 0.03457771986722946 0.23018500208854675
v -0.03440845012664795 0.03538322076201439 0.22803489863872528
v -0.03619515150785446 0.03301990032196045 0.23362350463867188
v -0.004889428149908781 0.04525744169950485 0.20647020637989044
v -0.00007224080036394298 0.045157428830862045 0.20605359971523285
v -0.0038886070251464844 0.045077141374349594 0.2062050998210907
v -0.0038886070251464844 0.045077141374349594 0.2062050998210907
v -0.00007224080036394298 0.045157428830862045 0.20605359971523285
v -0.0000651478985673748 0.045310430228710175 0.20544449985027313
v -0.004889428149908781 0.04525744169950485 0.20647020637989044
v -0.0038886070251464844 0.045077141374349594 0.2062050998210907
v -0.007883070968091488 0.04486978054046631 0.20691260695457458
v -0.03619515150785446 0.03301990032196045 0.23362350463867188
v -0.036807410418987274 0.03197288140654564 0.2358665019273758
v -0.03440845012664795 0.03538322076201439 0.22803489863872528
v -0.037167541682720184 0.030901430174708366 0.238640695810318
v -0.03619515150785446 0.03301990032196045 0.23362350463867188
v -0.036807410418987274 0.03197288140654564 0.2358665019273758
v -0.026516370475292206 0.017044300213456154 0.2701666057109833
v -0.0289764404296875 0.018045419827103615 0.267585813999176
v -0.025016779080033302 0.016269680112600327 0.27165600657463074
v -0.0000651478985673748 0.045310430228710175 0.20544449985027313
v -0.008930206298828125 0.04467390850186348 0.20699210464954376
v -0.0038886070251464844 0.045077141374349594 0.2062050998210907
v -0.0227889996021986 0.015596330165863037 0.2734260857105255
v -0.026516370475292206 0.017044300213456154 0.2701666057109833
v -0.025016779080033302 0.016269680112600327 0.27165600657463074
v -0.025016779080033302 0.016269680112600327 0.27165600657463074
v -0.0289764404296875 0.018045419827103615 0.267585813999176
v -0.025773340836167336 0.01653330959379673 0.2709757089614868
v -0.025773340836167336 0.01653330959379673 0.2709757089614868
v -0.0289764404296875 0.018045419827103615 0.267585813999176
v -0.0261688195168972 0.01661681942641735 0.2706908881664276
v -0.007883070968091488 0.04486978054046631 0.20691260695457458
v -0.0038886070251464844 0.045077141374349594 0.2062050998210907
v -0.008930206298828125 0.04467390850186348 0.20699210464954376
v -0.037167541682720184 0.030901430174708366 0.238640695810318
v -0.036807410418987274 0.03197288140654564 0.2358665019273758
v -0.037654340267181396 0.029741160571575165 0.2408446967601776
v -0.025773340836167336 0.01653330959379673 0.2709757089614868
v -0.0261688195168972 0.01661681942641735 0.2706908881664276
v -0.020181650295853615 0.014636989682912827 0.2753562927246094
v -0.037537749856710434 0.02927345037460327 0.24218550324440002
v -0.037167541682720184 0.030901430174708366 0.238640695810318
v -0.037654340267181396 0.029741160571575165 0.2408446967601776
v -0.025016779080033302 0.016269680112600327 0.27165600657463074
v -0.025773340836167336 0.01653330959379673 0.2709757089614868
v -0.020181650295853615 0.014636989682912827 0.2753562927246094
v -0.01435059029608965 0.04413503035902977 0.20900459587574005
v -0.007883070968091488 0.04486978054046631 0.20691260695457458
v -0.012372969649732113 0.044287439435720444 0.20813170075416565
v -0.020181650295853615 0.014636989682912827 0.2753562927246094
v -0.0261688195168972 0.01661681942641735 0.2706908881664276
v -0.02218616008758545 0.015136590227484703 0.2740631103515625
v -0.007883070968091488 0.04486978054046631 0.20691260695457458
v -0.008930206298828125 0.04467390850186348 0.20699210464954376
v -0.012372969649732113 0.044287439435720444 0.20813170075416565
v -0.012372969649732113 0.044287439435720444 0.20813170075416565
v -0.008930206298828125 0.04467390850186348 0.20699210464954376
v -0.01239866018295288 0.0442192517220974 0.20795050263404846
v -0.017009729519486427 0.013985030353069305 0.2771472930908203
v -0.0227889996021986 0.015596330165863037 0.2734260857105255
v -0.020181650295853615 0.014636989682912827 0.2753562927246094
v -0.0227889996021986 0.015596330165863037 0.2734260857105255
v -0.025016779080033302 0.016269680112600327 0.27165600657463074
v -0.020181650295853615 0.014636989682912827 0.2753562927246094
v -0.020181650295853615 0.014636989682912827 0.2753562927246094
v -0.02218616008758545 0.015136590227484703 0.2740631103515625
v -0.0183868408203125 0.014057040214538574 0.2765311896800995
v -0.01435059029608965 0.04413503035902977 0.20900459587574005
v -0.012372969649732113 0.044287439435720444 0.20813170075416565
v -0.016707420349121094 0.04359281063079834 0.20999619364738464
v -0.012372969649732113 0.044287439435720444 0.20813170075416565
v -0.01239866018295288 0.0442192517220974 0.20795050263404846
v -0.015295140445232391 0.043731268495321274 0.20920099318027496
v -0.037537749856710434 0.02927345037460327 0.24218550324440002
v -0.037654340267181396 0.029741160571575165 0.2408446967601776
v -0.03745114058256149 0.027221620082855225 0.2467269003391266
v -0.012372969649732113 0.044287439435720444 0.20813170075416565
v -0.015295140445232391 0.043731268495321274 0.20920099318027496
v -0.016707420349121094 0.04359281063079834 0.20999619364738464
v -0.015295140445232391 0.043731268495321274 0.20920099318027496
v -0.01239866018295288 0.0442192517220974 0.20795050263404846
v -0.016660690307617188 0.04346977919340134 0.2096690982580185
v -0.020181650295853615 0.014636989682912827 0.2753562927246094
v -0.0183868408203125 0.014057040214538574 0.2765311896800995
v -0.017707159742712975 0.013979789800941944 0.2767699956893921
v -0.017009729519486427 0.013985030353069305 0.2771472930908203
v -0.020181650295853615 0.014636989682912827 0.2753562927246094
v -0.013614649884402752 0.013189190067350864 0.27863308787345886
v -0.016707420349121094 0.04359281063079834 0.20999619364738464
v -0.015295140445232391 0.043731268495321274 0.20920099318027496
v -0.019850730895996094 0.04265915974974632 0.2115263044834137
v -0.013614649884402752 0.013189190067350864 0.27863308787345886
v -0.020181650295853615 0.014636989682912827 0.2753562927246094
v -0.014175410382449627 0.013187279924750328 0.2784996032714844
v -0.015295140445232391 0.043731268495321274 0.20920099318027496
v -0.016660690307617188 0.04346977919340134 0.2096690982580185
v -0.019850730895996094 0.04265915974974632 0.2115263044834137
v -0.023752210661768913 0.04146862030029297 0.2145233005285263
v -0.016707420349121094 0.04359281063079834 0.20999619364738464
v -0.02052401937544346 0.04249709099531174 0.21213850378990173
v -0.020181650295853615 0.014636989682912827 0.2753562927246094
v -0.017707159742712975 0.013979789800941944 0.2767699956893921
v -0.014175410382449627 0.013187279924750328 0.2784996032714844
v -0.03680514916777611 0.02529143914580345 0.251132994890213
v -0.03745114058256149 0.027221620082855225 0.2467269003391266
v -0.03654098138213158 0.024105070158839226 0.25362399220466614
v -0.016707420349121094 0.04359281063079834 0.20999619364738464
v -0.019850730895996094 0.04265915974974632 0.2115263044834137
v -0.02052401937544346 0.04249709099531174 0.21213850378990173
v -0.017707159742712975 0.013979789800941944 0.2767699956893921
v -0.0183868408203125 0.014057040214538574 0.2765311896800995
v -0.014175410382449627 0.013187279924750328 0.2784996032714844
v -0.009690046310424805 0.012743470259010792 0.2798765003681183
v -0.017009729519486427 0.013985030353069305 0.2771472930908203
v -0.013614649884402752 0.013189190067350864 0.27863308787345886
v -0.009690046310424805 0.012743470259010792 0.2798765003681183
v -0.013614649884402752 0.013189190067350864 0.27863308787345886
v -0.009658812545239925 0.012695309706032276 0.27988049387931824
v -0.02052401937544346 0.04249709099531174 0.21213850378990173
v -0.019850730895996094 0.04265915974974632 0.2115263044834137
v -0.023752210661768913 0.04146862030029297 0.2145233005285263
v -0.023752210661768913 0.04146862030029297 0.2145233005285263
v -0.019850730895996094 0.04265915974974632 0.2115263044834137
v -0.024471279233694077 0.04121207818388939 0.21480169892311096
v -0.009658812545239925 0.012695309706032276 0.27988049387931824
v -0.013614649884402752 0.013189190067350864 0.27863308787345886
v -0.008489607833325863 0.012462849728763103 0.280241996049881
v -0.013614649884402752 0.013189190067350864 0.27863308787345886
v -0.014175410382449627 0.013187279924750328 0.2784996032714844
v -0.008489607833325863 0.012462849728763103 0.280241996049881
v -0.008489607833325863 0.012462849728763103 0.280241996049881
v -0.014175410382449627 0.013187279924750328 0.2784996032714844
v -0.009376524947583675 0.012484549544751644 0.28008460998535156
v -0.009376524947583675 0.012484549544751644 0.28008460998535156
v -0.00704193115234375 0.012226100079715252 0.28067779541015625
v -0.014175410382449627 0.013187279924750328 0.2784996032714844
v -0.009690046310424805 0.012743470259010792 0.2798765003681183
v -0.009658812545239925 0.012695309706032276 0.27988049387931824
v -0.008489607833325863 0.012462849728763103 0.280241996049881
v -0.004711151123046875 0.012236470356583595 0.28086620569229126
v -0.009690046310424805 0.012743470259010792 0.2798765003681183
v -0.008489607833325863 0.012462849728763103 0.280241996049881
v -0.035676829516887665 0.023467890918254852 0.25532910227775574
v -0.03680514916777611 0.02529143914580345 0.251132994890213
v -0.03654098138213158 0.024105070158839226 0.25362399220466614
v -0.026536939665675163 0.0404052697122097 0.21712300181388855
v -0.023752210661768913 0.04146862030029297 0.2145233005285263
v -0.027350420132279396 0.03995800018310547 0.21774759888648987
v -0.023752210661768913 0.04146862030029297 0.2145233005285263
v -0.024471279233694077 0.04121207818388939 0.21480169892311096
v -0.027350420132279396 0.03995800018310547 0.21774759888648987
v -0.030380720272660255 0.03839707002043724 0.22156420350074768
v -0.026536939665675163 0.0404052697122097 0.21712300181388855
v -0.027350420132279396 0.03995800018310547 0.21774759888648987
v -0.008489607833325863 0.012462849728763103 0.280241996049881
v -0.009376524947583675 0.012484549544751644 0.28008460998535156
v -0.004974364768713713 0.012176509946584702 0.28086090087890625
v -0.004974364768713713 0.012176509946584702 0.28086090087890625
v -0.009376524947583675 0.012484549544751644 0.28008460998535156
v -0.00704193115234375 0.012226100079715252 0.28067779541015625
v 0 0.012042700313031673 0.2811906933784485
v 0.0000058412501857674215 0.012156720273196697 0.2811512053012848
v -0.004711151123046875 0.012236470356583595 0.28086620569229126
v -0.008489607833325863 0.012462849728763103 0.280241996049881
v -0.004974364768713713 0.012176509946584702 0.28086090087890625
v -0.004711151123046875 0.012236470356583595 0.28086620569229126
v -0.03423500061035156 0.02181815914809704 0.259090393781662
v -0.035676829516887665 0.023467890918254852 0.25532910227775574
v -0.03654098138213158 0.024105070158839226 0.25362399220466614
v -0.004711151123046875 0.012236470356583595 0.28086620569229126
v -0.004974364768713713 0.012176509946584702 0.28086090087890625
v 0.00043475598795339465 0.011892910115420818 0.28141120076179504
v 0 0.012042700313031673 0.2811906933784485
v -0.004711151123046875 0.012236470356583595 0.28086620569229126
v 0.00043475598795339465 0.011892910115420818 0.28141120076179504
v -0.004974364768713713 0.012176509946584702 0.28086090087890625
v -0.00704193115234375 0.012226100079715252 0.28067779541015625
v 0.00043475598795339465 0.011892910115420818 0.28141120076179504
v -0.03654098138213158 0.024105070158839226 0.25362399220466614
v -0.0371246300637722 0.0245361290872097 0.2528075873851776
v -0.0338592492043972 0.021251549944281578 0.2602387070655823
v -0.017009729519486427 0.013985030353069305 0.2771472930908203
v -0.01750182919204235 0.03989636152982712 0.27681541442871094
v -0.022627830505371094 0.04032992944121361 0.27367210388183594
v 0.037160929292440414 0.043601568788290024 0.2487621009349823
v 0.03751432150602341 0.028682580217719078 0.24361799657344818
v 0.037499960511922836 0.04424970969557762 0.24365009367465973
v 0.03737663850188255 0.02706623077392578 0.24723240733146667
v 0.03751432150602341 0.028682580217719078 0.24361799657344818
v 0.037160929292440414 0.043601568788290024 0.2487621009349823
v -0.0227889996021986 0.015596330165863037 0.2734260857105255
v -0.017009729519486427 0.013985030353069305 0.2771472930908203
v -0.022627830505371094 0.04032992944121361 0.27367210388183594
v 0.03641939163208008 0.043112389743328094 0.2525826096534729
v 0.03737663850188255 0.02706623077392578 0.24723240733146667
v 0.037160929292440414 0.043601568788290024 0.2487621009349823
v 0.036681998521089554 0.02503013052046299 0.25178149342536926
v 0.03641939163208008 0.043112389743328094 0.2525826096534729
v 0.035196300595998764 0.04260360822081566 0.256622314453125
v 0.036681998521089554 0.02503013052046299 0.25178149342536926
v 0.03737663850188255 0.02706623077392578 0.24723240733146667
v 0.03641939163208008 0.043112389743328094 0.2525826096534729
v -0.026516370475292206 0.017044300213456154 0.2701666057109833
v -0.022627830505371094 0.04032992944121361 0.27367210388183594
v -0.02839457057416439 0.041087258607149124 0.2681465148925781
v 0.03464316949248314 0.02242851071059704 0.2580108940601349
v 0.035196300595998764 0.04260360822081566 0.256622314453125
v 0.03324985131621361 0.04202890023589134 0.26099398732185364
v 0.03464316949248314 0.02242851071059704 0.2580108940601349
v 0.036681998521089554 0.02503013052046299 0.25178149342536926
v 0.035196300595998764 0.04260360822081566 0.256622314453125
v -0.026516370475292206 0.017044300213456154 0.2701666057109833
v -0.0227889996021986 0.015596330165863037 0.2734260857105255
v -0.022627830505371094 0.04032992944121361 0.27367210388183594
v 0.03161226958036423 0.0196075402200222 0.2639617919921875
v 0.03324985131621361 0.04202890023589134 0.26099398732185364
v 0.030529020354151726 0.04144597053527832 0.2654323875904083
v 0.03161226958036423 0.0196075402200222 0.2639617919921875
v 0.03464316949248314 0.02242851071059704 0.2580108940601349
v 0.03324985131621361 0.04202890023589134 0.26099398732185364
v -0.0289764404296875 0.018045419827103615 0.267585813999176
v -0.026516370475292206 0.017044300213456154 0.2701666057109833
v -0.02839457057416439 0.041087258607149124 0.2681465148925781
v -0.0289764404296875 0.018045419827103615 0.267585813999176
v -0.02839457057416439 0.041087258607149124 0.2681465148925781
v -0.03152083978056908 0.04163777083158493 0.2639828026294708
v 0.0279464703053236 0.017659060657024384 0.26876258850097656
v 0.030529020354151726 0.04144597053527832 0.2654323875904083
v 0.02688395045697689 0.04086266830563545 0.2698363959789276
v 0.0279464703053236 0.017659060657024384 0.26876258850097656
v 0.03161226958036423 0.0196075402200222 0.2639617919921875
v 0.030529020354151726 0.04144597053527832 0.2654323875904083
v 0.0279464703053236 0.017659060657024384 0.26876258850097656
v 0.02688395045697689 0.04086266830563545 0.2698363959789276
v 0.0240402203053236 0.04050575941801071 0.2724322974681854
v -0.03178215026855469 0.019825929775834084 0.2636643052101135
v -0.03152083978056908 0.04163777083158493 0.2639828026294708
v -0.034082408994436264 0.04224323853850365 0.25934410095214844
v -0.03178215026855469 0.019825929775834084 0.2636643052101135
v -0.0289764404296875 0.018045419827103615 0.267585813999176
v -0.03152083978056908 0.04163777083158493 0.2639828026294708
v 0.020738599821925163 0.014833450317382812 0.2749806046485901
v 0.0240402203053236 0.04050575941801071 0.2724322974681854
v 0.019924160093069077 0.04009401053190231 0.275417298078537
v 0.020738599821925163 0.014833450317382812 0.2749806046485901
v 0.0279464703053236 0.017659060657024384 0.26876258850097656
v 0.0240402203053236 0.04050575941801071 0.2724322974681854
v -0.03423500061035156 0.02181815914809704 0.259090393781662
v -0.034082408994436264 0.04224323853850365 0.25934410095214844
v -0.03537416085600853 0.04265987128019333 0.2560940086841583
v -0.03423500061035156 0.02181815914809704 0.259090393781662
v -0.03178215026855469 0.019825929775834084 0.2636643052101135
v -0.034082408994436264 0.04224323853850365 0.25934410095214844
v 0.020738599821925163 0.014833450317382812 0.2749806046485901
v 0.019924160093069077 0.04009401053190231 0.275417298078537
v 0.015435989946126938 0.039752840995788574 0.2778257131576538
v -0.035676829516887665 0.023467890918254852 0.25532910227775574
v -0.03537416085600853 0.04265987128019333 0.2560940086841583
v -0.03664480894804001 0.04323362931609154 0.2516356110572815
v -0.035676829516887665 0.023467890918254852 0.25532910227775574
v -0.03423500061035156 0.02181815914809704 0.259090393781662
v -0.03537416085600853 0.04265987128019333 0.2560940086841583
v 0.014366090297698975 0.013439049944281578 0.27828601002693176
v 0.015435989946126938 0.039752840995788574 0.2778257131576538
v 0.01124763023108244 0.03951501101255417 0.279448002576828
v 0.014366090297698975 0.013439049944281578 0.27828601002693176
v 0.020738599821925163 0.014833450317382812 0.2749806046485901
v 0.015435989946126938 0.039752840995788574 0.2778257131576538
v -0.03680514916777611 0.02529143914580345 0.251132994890213
v -0.035676829516887665 0.023467890918254852 0.25532910227775574
v -0.03664480894804001 0.04323362931609154 0.2516356110572815
v -0.03745114058256149 0.027221620082855225 0.2467269003391266
v -0.03664480894804001 0.04323362931609154 0.2516356110572815
v -0.03726375102996826 0.0437164306640625 0.2478604018688202
v 0.008022308349609375 0.012479780241847038 0.28032779693603516
v 0.01124763023108244 0.03951501101255417 0.279448002576828
v 0.0057353968732059 0.03932178020477295 0.28070780634880066
v -0.03745114058256149 0.027221620082855225 0.2467269003391266
v -0.03680514916777611 0.02529143914580345 0.251132994890213
v -0.03664480894804001 0.04323362931609154 0.2516356110572815
v 0.008022308349609375 0.012479780241847038 0.28032779693603516
v 0.014366090297698975 0.013439049944281578 0.27828601002693176
v 0.01124763023108244 0.03951501101255417 0.279448002576828
v -0.037537749856710434 0.02927345037460327 0.24218550324440002
v -0.03726375102996826 0.0437164306640625 0.2478604018688202
v -0.037499960511922836 0.04424970969557762 0.24365009367465973
v -0.037537749856710434 0.02927345037460327 0.24218550324440002
v -0.03745114058256149 0.027221620082855225 0.2467269003391266
v -0.03726375102996826 0.0437164306640625 0.2478604018688202
v 0.004889428149908781 0.01232123002409935 0.28082990646362305
v 0.008022308349609375 0.012479780241847038 0.28032779693603516
v 0.0057353968732059 0.03932178020477295 0.28070780634880066
v 0.004889428149908781 0.01232123002409935 0.28082990646362305
v 0.0057353968732059 0.03932178020477295 0.28070780634880066
v 0.0020954010542482138 0.039258360862731934 0.2811566889286041
v 0.0000058412501857674215 0.012156720273196697 0.2811512053012848
v 0.004889428149908781 0.01232123002409935 0.28082990646362305
v 0.0020954010542482138 0.039258360862731934 0.2811566889286041
v 0.0000058412501857674215 0.012156720273196697 0.2811512053012848
v 0.0020954010542482138 0.039258360862731934 0.2811566889286041
v -0.00374412490054965 0.03928117826581001 0.28096869587898254
v -0.004711151123046875 0.012236470356583595 0.28086620569229126
v 0.0000058412501857674215 0.012156720273196697 0.2811512053012848
v -0.00374412490054965 0.03928117826581001 0.28096869587898254
v -0.004711151123046875 0.012236470356583595 0.28086620569229126
v -0.00374412490054965 0.03928117826581001 0.28096869587898254
v -0.011263719759881496 0.03950022906064987 0.27949878573417664
v -0.009690046310424805 0.012743470259010792 0.2798765003681183
v -0.004711151123046875 0.012236470356583595 0.28086620569229126
v -0.011263719759881496 0.03950022906064987 0.27949878573417664
v -0.017009729519486427 0.013985030353069305 0.2771472930908203
v -0.009690046310424805 0.012743470259010792 0.2798765003681183
v -0.011263719759881496 0.03950022906064987 0.27949878573417664
v -0.017009729519486427 0.013985030353069305 0.2771472930908203
v -0.011263719759881496 0.03950022906064987 0.27949878573417664
v -0.01750182919204235 0.03989636152982712 0.27681541442871094
v -0.010988710448145866 0.05109483003616333 0.20808270573616028
v -0.01081675011664629 0.05141942948102951 0.20812520384788513
v -0.00909805204719305 0.05053377151489258 0.2073965072631836
v -0.03392523154616356 0.05326782912015915 0.23884780704975128
v -0.03409444913268089 0.05302155017852783 0.24365009367465973
v -0.032380808144807816 0.05470424145460129 0.23910799622535706
v -0.035925861448049545 0.04789412021636963 0.23362679779529572
v -0.03574429824948311 0.049059029668569565 0.23423759639263153
v -0.03439902886748314 0.04978268966078758 0.23047049343585968
v -0.035925861448049545 0.04789412021636963 0.23362679779529572
v -0.03439902886748314 0.04978268966078758 0.23047049343585968
v -0.03487252816557884 0.04810082167387009 0.23037709295749664
v -0.020728109404444695 0.05704544857144356 0.22179259359836578
v -0.014446130022406578 0.05718743056058884 0.21741290390491486
v -0.01582998037338257 0.0570254884660244 0.2172946035861969
v -0.03503084182739258 0.04596138000488281 0.2302550971508026
v -0.03401565179228783 0.04841601103544235 0.228330597281456
v -0.03351974114775658 0.046408649533987045 0.22679510712623596
v -0.03503084182739258 0.04596138000488281 0.2302550971508026
v -0.03487252816557884 0.04810082167387009 0.23037709295749664
v -0.03401565179228783 0.04841601103544235 0.228330597281456
v 0.013128220103681087 0.05122387036681175 0.20888039469718933
v 0.01743113063275814 0.052076101303100586 0.2112274020910263
v 0.014835230074822903 0.050808779895305634 0.20941630005836487
v -0.03543061017990112 0.051268208771944046 0.2386993020772934
v -0.03392523154616356 0.05326782912015915 0.23884780704975128
v -0.033713631331920624 0.05288136005401611 0.2345266044139862
v -0.0029696819838136435 0.05723083019256592 0.213544100522995
v 0.0059778690338134766 0.05723648890852928 0.21405039727687836
v 0.0011324880179017782 0.057078711688518524 0.2124118059873581
v -0.014572669751942158 0.05321234092116356 0.2104640007019043
v -0.010244250297546387 0.05402183160185814 0.20932570099830627
v -0.010607419535517693 0.053354620933532715 0.20898230373859406
v -0.014572669751942158 0.05321234092116356 0.2104640007019043
v -0.014587399549782276 0.05388246849179268 0.21095460653305054
v -0.010244250297546387 0.05402183160185814 0.20932570099830627
v -0.03543061017990112 0.051268208771944046 0.2386993020772934
v -0.033713631331920624 0.05288136005401611 0.2345266044139862
v -0.03481090068817139 0.05122017115354538 0.2343599945306778
v 0.0083427419885993 0.05252254009246826 0.20780080556869507
v 0.008193135261535645 0.05409048870205879 0.20882059633731842
v 0.012843959964811802 0.05353914946317673 0.2098540961742401
v -0.004463136196136475 0.05694686993956566 0.2122236043214798
v -0.0029696819838136435 0.05723083019256592 0.213544100522995
v 0.0011324880179017782 0.057078711688518524 0.2124118059873581
v -0.03543061017990112 0.051268208771944046 0.2386993020772934
v -0.03564399108290672 0.050943851470947266 0.24365009367465973
v -0.03409444913268089 0.05302155017852783 0.24365009367465973
v -0.014572669751942158 0.05321234092116356 0.2104640007019043
v -0.010607419535517693 0.053354620933532715 0.20898230373859406
v -0.010753629729151726 0.05227326974272728 0.2084026038646698
v -0.03543061017990112 0.051268208771944046 0.2386993020772934
v -0.03409444913268089 0.05302155017852783 0.24365009367465973
v -0.03392523154616356 0.05326782912015915 0.23884780704975128
v 0.016133179888129234 0.05717550963163376 0.21836279332637787
v 0.018327709287405014 0.05722593888640404 0.22080610692501068
v 0.02223438024520874 0.056766510009765625 0.22204579412937164
v -0.02007024921476841 0.056608911603689194 0.21906930208206177
v -0.020728109404444695 0.05704544857144356 0.22179259359836578
v -0.01582998037338257 0.0570254884660244 0.2172946035861969
v 0.016133179888129234 0.05717550963163376 0.21836279332637787
v 0.02223438024520874 0.056766510009765625 0.22204579412937164
v 0.02049540914595127 0.05672299116849899 0.21994249522686005
v -0.014501569792628288 0.05022846907377243 0.2091522067785263
v -0.010988710448145866 0.05109483003616333 0.20808270573616028
v -0.00909805204719305 0.05053377151489258 0.2073965072631836
v -0.03543061017990112 0.051268208771944046 0.2386993020772934
v -0.03672968968749046 0.04865825176239014 0.24365009367465973
v -0.03564399108290672 0.050943851470947266 0.24365009367465973
v -0.03628325089812279 0.045464031398296356 0.23411040008068085
v -0.03487252816557884 0.04810082167387009 0.23037709295749664
v -0.03503084182739258 0.04596138000488281 0.2302550971508026
v -0.03628325089812279 0.045464031398296356 0.23411040008068085
v -0.035925861448049545 0.04789412021636963 0.23362679779529572
v -0.03487252816557884 0.04810082167387009 0.23037709295749664
v -0.018292300403118134 0.054573170840740204 0.2137756049633026
v -0.01711082085967064 0.055951230227947235 0.21496860682964325
v -0.01413904968649149 0.055234670639038086 0.21217060089111328
v 0.023606300354003906 0.05510056018829346 0.2191580981016159
v 0.026362059637904167 0.05516134947538376 0.22274169325828552
v 0.027471179142594337 0.05394243821501732 0.2220253050327301
v -0.03645281866192818 0.04899561032652855 0.23846940696239471
v -0.03543061017990112 0.051268208771944046 0.2386993020772934
v -0.03481090068817139 0.05122017115354538 0.2343599945306778
v -0.03645281866192818 0.04899561032652855 0.23846940696239471
v -0.03481090068817139 0.05122017115354538 0.2343599945306778
v -0.03574429824948311 0.049059029668569565 0.23423759639263153
v -0.01495163980871439 0.052687641233205795 0.2103143036365509
v -0.014587399549782276 0.05388246849179268 0.21095460653305054
v -0.014572669751942158 0.05321234092116356 0.2104640007019043
v 0.013215890154242516 0.05030446872115135 0.20868389308452606
v 0.009235382080078125 0.05059611052274704 0.2074345052242279
v 0.014835230074822903 0.050808779895305634 0.20941630005836487
v -0.01495163980871439 0.052687641233205795 0.2103143036365509
v -0.014572669751942158 0.05321234092116356 0.2104640007019043
v -0.010753629729151726 0.05227326974272728 0.2084026038646698
v -0.014877250418066978 0.052630599588155746 0.21024639904499054
v -0.01495163980871439 0.052687641233205795 0.2103143036365509
v -0.010753629729151726 0.05227326974272728 0.2084026038646698
v -0.000844120979309082 0.05685042962431908 0.21164150536060333
v 0.0011324880179017782 0.057078711688518524 0.2124118059873581
v 0.003015040885657072 0.05674891918897629 0.21146629750728607
v -0.03689771145582199 0.04747426137328148 0.2384386956691742
v -0.03645281866192818 0.04899561032652855 0.23846940696239471
v -0.03574429824948311 0.049059029668569565 0.23423759639263153
v -0.0151289701461792 0.05176723003387451 0.20993609726428986
v -0.014877250418066978 0.052630599588155746 0.21024639904499054
v -0.010753629729151726 0.05227326974272728 0.2084026038646698
v -0.03645281866192818 0.04899561032652855 0.23846940696239471
v -0.03672968968749046 0.04865825176239014 0.24365009367465973
v -0.03543061017990112 0.051268208771944046 0.2386993020772934
v 0.026103969663381577 0.05336128920316696 0.21943089365959167
v 0.023606300354003906 0.05510056018829346 0.2191580981016159
v 0.027471179142594337 0.05394243821501732 0.2220253050327301
v 0.026103969663381577 0.05336128920316696 0.21943089365959167
v 0.027471179142594337 0.05394243821501732 0.2220253050327301
v 0.02884702943265438 0.051309820264577866 0.22099849581718445
v -0.03689771145582199 0.04747426137328148 0.2384386956691742
v -0.03672968968749046 0.04865825176239014 0.24365009367465973
v -0.03645281866192818 0.04899561032652855 0.23846940696239471
v -0.03689771145582199 0.04747426137328148 0.2384386956691742
v -0.03574429824948311 0.049059029668569565 0.23423759639263153
v -0.035925861448049545 0.04789412021636963 0.23362679779529572
v -0.03689771145582199 0.04747426137328148 0.2384386956691742
v -0.03731644153594971 0.04642641171813011 0.24365009367465973
v -0.03672968968749046 0.04865825176239014 0.24365009367465973
v -0.02007024921476841 0.056608911603689194 0.21906930208206177
v -0.01582998037338257 0.0570254884660244 0.2172946035861969
v -0.016724050045013428 0.056547701358795166 0.21617360413074493
v -0.037156760692596436 0.04490482062101364 0.23850299417972565
v -0.03689771145582199 0.04747426137328148 0.2384386956691742
v -0.035925861448049545 0.04789412021636963 0.23362679779529572
v -0.037156760692596436 0.04490482062101364 0.23850299417972565
v -0.035925861448049545 0.04789412021636963 0.23362679779529572
v -0.03628325089812279 0.045464031398296356 0.23411040008068085
v -0.037156760692596436 0.04490482062101364 0.23850299417972565
v -0.03731644153594971 0.04642641171813011 0.24365009367465973
v -0.03689771145582199 0.04747426137328148 0.2384386956691742
v -0.037156760692596436 0.04490482062101364 0.23850299417972565
v -0.037499960511922836 0.04424970969557762 0.24365009367465973
v -0.03731644153594971 0.04642641171813011 0.24365009367465973
v 0.0337752103805542 0.04634629935026169 0.22728149592876434
v 0.031883180141448975 0.04954826086759567 0.22461499273777008
v 0.033902641385793686 0.04841578006744385 0.22807590663433075
v -0.018292300403118134 0.054573170840740204 0.2137756049633026
v -0.01413904968649149 0.055234670639038086 0.21217060089111328
v -0.014587399549782276 0.05388246849179268 0.21095460653305054
v 0.01862025074660778 0.05653547868132591 0.21755549311637878
v 0.016133179888129234 0.05717550963163376 0.21836279332637787
v 0.02049540914595127 0.05672299116849899 0.21994249522686005
v 0.01862025074660778 0.05653547868132591 0.21755549311637878
v 0.02049540914595127 0.05672299116849899 0.21994249522686005
v 0.022171730175614357 0.056097980588674545 0.21967549622058868
v 0.029281850904226303 0.04966050013899803 0.2206660956144333
v 0.031883180141448975 0.04954826086759567 0.22461499273777008
v 0.029771320521831512 0.04885904863476753 0.22102589905261993
v -0.01175879966467619 0.04897677153348923 0.2080029994249344
v -0.00909805204719305 0.05053377151489258 0.2073965072631836
v -0.005527495872229338 0.04918216913938522 0.2065328061580658
v -0.0008473399793729186 0.05646181106567383 0.21067659556865692
v -0.000844120979309082 0.05685042962431908 0.21164150536060333
v 0.003015040885657072 0.05674891918897629 0.21146629750728607
v 0.0032439229544252157 0.0539240799844265 0.2077436000108719
v 0.0035605430603027344 0.05576843023300171 0.20968769490718842
v 0.0076704020611941814 0.05532515048980713 0.20982739329338074
v -0.0151289701461792 0.05176723003387451 0.20993609726428986
v -0.010753629729151726 0.05227326974272728 0.2084026038646698
v -0.01081675011664629 0.05141942948102951 0.20812520384788513
v 0.014786720275878906 0.04882555827498436 0.20913410186767578
v 0.013215890154242516 0.05030446872115135 0.20868389308452606
v 0.014835230074822903 0.050808779895305634 0.20941630005836487
v -0.01175879966467619 0.04897677153348923 0.2080029994249344
v -0.014501569792628288 0.05022846907377243 0.2091522067785263
v -0.00909805204719305 0.05053377151489258 0.2073965072631836
v 0.022468440234661102 0.05501066893339157 0.21780769526958466
v 0.023606300354003906 0.05510056018829346 0.2191580981016159
v 0.026103969663381577 0.05336128920316696 0.21943089365959167
v -0.014501569792628288 0.05022846907377243 0.2091522067785263
v -0.0151289701461792 0.05176723003387451 0.20993609726428986
v -0.01081675011664629 0.05141942948102951 0.20812520384788513
v 0.026128290221095085 0.05718880146741867 0.23651640117168427
v 0.02518630027770996 0.057246919721364975 0.24219170212745667
v 0.02741241082549095 0.057007670402526855 0.2413914054632187
v 0.0083427419885993 0.05252254009246826 0.20780080556869507
v 0.013185500167310238 0.05217361077666283 0.20929239690303802
v 0.013015209697186947 0.051640089601278305 0.20897869765758514
v -0.014501569792628288 0.05022846907377243 0.2091522067785263
v -0.01081675011664629 0.05141942948102951 0.20812520384788513
v -0.010988710448145866 0.05109483003616333 0.20808270573616028
v -0.01897430047392845 0.05328737944364548 0.21294400095939636
v -0.018292300403118134 0.054573170840740204 0.2137756049633026
v -0.014587399549782276 0.05388246849179268 0.21095460653305054
v 0.0059778690338134766 0.05723648890852928 0.21405039727687836
v 0.018327709287405014 0.05722593888640404 0.22080610692501068
v 0.016133179888129234 0.05717550963163376 0.21836279332637787
v 0.0083427419885993 0.05252254009246826 0.20780080556869507
v 0.013015209697186947 0.051640089601278305 0.20897869765758514
v 0.013129590079188347 0.051367100328207016 0.2089271992444992
v 0.031364019960165024 0.04689306020736694 0.22309629619121552
v 0.031883180141448975 0.04954826086759567 0.22461499273777008
v 0.0337752103805542 0.04634629935026169 0.22728149592876434
v 0.031364019960165024 0.04689306020736694 0.22309629619121552
v 0.029771320521831512 0.04885904863476753 0.22102589905261993
v 0.031883180141448975 0.04954826086759567 0.22461499273777008
v 0.023447269573807716 0.054242730140686035 0.21767060458660126
v 0.022468440234661102 0.05501066893339157 0.21780769526958466
v 0.026103969663381577 0.05336128920316696 0.21943089365959167
v 0.009235382080078125 0.05059611052274704 0.2074345052242279
v 0.013129590079188347 0.051367100328207016 0.2089271992444992
v 0.013128220103681087 0.05122387036681175 0.20888039469718933
v 0.009235382080078125 0.05059611052274704 0.2074345052242279
v 0.0083427419885993 0.05252254009246826 0.20780080556869507
v 0.013129590079188347 0.051367100328207016 0.2089271992444992
v 0.029771320521831512 0.04885904863476753 0.22102589905261993
v 0.031364019960165024 0.04689306020736694 0.22309629619121552
v 0.028447680175304413 0.04740715026855469 0.21921780705451965
v -0.0228385291993618 0.05715382099151611 0.22577069699764252
v -0.0198669396340847 0.05724078044295311 0.22296230494976044
v -0.020728109404444695 0.05704544857144356 0.22179259359836578
v 0.009235382080078125 0.05059611052274704 0.2074345052242279
v 0.013128220103681087 0.05122387036681175 0.20888039469718933
v 0.014835230074822903 0.050808779895305634 0.20941630005836487
v -0.019124800339341164 0.0526159405708313 0.21263830363750458
v -0.01897430047392845 0.05328737944364548 0.21294400095939636
v -0.014587399549782276 0.05388246849179268 0.21095460653305054
v -0.019124800339341164 0.0526159405708313 0.21263830363750458
v -0.014587399549782276 0.05388246849179268 0.21095460653305054
v -0.01495163980871439 0.052687641233205795 0.2103143036365509
v 0.023478800430893898 0.05402565002441406 0.21742470562458038
v 0.023447269573807716 0.054242730140686035 0.21767060458660126
v 0.026103969663381577 0.05336128920316696 0.21943089365959167
v -0.02173124998807907 0.05503726005554199 0.2170829027891159
v -0.016724050045013428 0.056547701358795166 0.21617360413074493
v -0.01711082085967064 0.055951230227947235 0.21496860682964325
v -0.02173124998807907 0.05503726005554199 0.2170829027891159
v -0.02007024921476841 0.056608911603689194 0.21906930208206177
v -0.016724050045013428 0.056547701358795166 0.21617360413074493
v 0.025577539578080177 0.05147825926542282 0.21721449494361877
v 0.026103969663381577 0.05336128920316696 0.21943089365959167
v 0.02884702943265438 0.051309820264577866 0.22099849581718445
v 0.025577539578080177 0.05147825926542282 0.21721449494361877
v 0.024802079424262047 0.05306053161621094 0.2177238017320633
v 0.026103969663381577 0.05336128920316696 0.21943089365959167
v 0.0032439229544252157 0.0539240799844265 0.2077436000108719
v 0.0076704020611941814 0.05532515048980713 0.20982739329338074
v 0.008193135261535645 0.05409048870205879 0.20882059633731842
v 0.027561839669942856 0.056951701641082764 0.2365541011095047
v 0.026128290221095085 0.05718880146741867 0.23651640117168427
v 0.02741241082549095 0.057007670402526855 0.2413914054632187
v 0.023478800430893898 0.05402565002441406 0.21742470562458038
v 0.02052116021513939 0.055087801069021225 0.21606920659542084
v 0.023447269573807716 0.054242730140686035 0.21767060458660126
v -0.02173124998807907 0.05503726005554199 0.2170829027891159
v -0.01711082085967064 0.055951230227947235 0.21496860682964325
v -0.018292300403118134 0.054573170840740204 0.2137756049633026
v -0.019075389951467514 0.05186175927519798 0.21212570369243622
v -0.019124800339341164 0.0526159405708313 0.21263830363750458
v -0.01495163980871439 0.052687641233205795 0.2103143036365509
v -0.0008143190061673522 0.055322881788015366 0.20889750123023987
v 0.003015040885657072 0.05674891918897629 0.21146629750728607
v 0.0035605430603027344 0.05576843023300171 0.20968769490718842
v -0.0008143190061673522 0.055322881788015366 0.20889750123023987
v -0.0008473399793729186 0.05646181106567383 0.21067659556865692
v 0.003015040885657072 0.05674891918897629 0.21146629750728607
v 0.030320340767502785 0.05600767955183983 0.23891809582710266
v 0.029354030266404152 0.05640362948179245 0.24243299663066864
v 0.03236258029937744 0.054739050567150116 0.24201560020446777
v 0.026128290221095085 0.05718880146741867 0.23651640117168427
v 0.025102609768509865 0.0572090707719326 0.2318257987499237
v 0.02518630027770996 0.057246919721364975 0.24219170212745667
v 0.02052116021513939 0.055087801069021225 0.21606920659542084
v 0.01862025074660778 0.05653547868132591 0.21755549311637878
v 0.022171730175614357 0.056097980588674545 0.21967549622058868
v 0.0032439229544252157 0.0539240799844265 0.2077436000108719
v 0.008193135261535645 0.05409048870205879 0.20882059633731842
v 0.0083427419885993 0.05252254009246826 0.20780080556869507
v -0.019075389951467514 0.05186175927519798 0.21212570369243622
v -0.01495163980871439 0.052687641233205795 0.2103143036365509
v -0.014877250418066978 0.052630599588155746 0.21024639904499054
v 0.02052116021513939 0.055087801069021225 0.21606920659542084
v 0.022171730175614357 0.056097980588674545 0.21967549622058868
v 0.023606300354003906 0.05510056018829346 0.2191580981016159
v -0.019075389951467514 0.05186175927519798 0.21212570369243622
v -0.014877250418066978 0.052630599588155746 0.21024639904499054
v -0.0151289701461792 0.05176723003387451 0.20993609726428986
v 0.022468440234661102 0.05501066893339157 0.21780769526958466
v 0.02052116021513939 0.055087801069021225 0.21606920659542084
v 0.023606300354003906 0.05510056018829346 0.2191580981016159
v 0.024802079424262047 0.05306053161621094 0.2177238017320633
v 0.023478800430893898 0.05402565002441406 0.21742470562458038
v 0.026103969663381577 0.05336128920316696 0.21943089365959167
v 0.024802079424262047 0.05306053161621094 0.2177238017320633
v 0.021189630031585693 0.05366801843047142 0.21487799286842346
v 0.023478800430893898 0.05402565002441406 0.21742470562458038
v -0.004463136196136475 0.05694686993956566 0.2122236043214798
v 0.0011324880179017782 0.057078711688518524 0.2124118059873581
v -0.000844120979309082 0.05685042962431908 0.21164150536060333
v 0.014534950256347656 0.056865330785512924 0.21571430563926697
v 0.016133179888129234 0.05717550963163376 0.21836279332637787
v 0.01862025074660778 0.05653547868132591 0.21755549311637878
v -0.021051280200481415 0.05201143026351929 0.21362680196762085
v -0.019124800339341164 0.0526159405708313 0.21263830363750458
v -0.019075389951467514 0.05186175927519798 0.21212570369243622
v -0.0198669396340847 0.05724078044295311 0.22296230494976044
v -0.0228385291993618 0.05715382099151611 0.22577069699764252
v -0.025180689990520477 0.05722438916563988 0.23274509608745575
v 0.0028834340628236532 0.05254172906279564 0.20694060623645782
v 0.0032439229544252157 0.0539240799844265 0.2077436000108719
v 0.0083427419885993 0.05252254009246826 0.20780080556869507
v -0.023906759917736053 0.0567774698138237 0.22451870143413544
v -0.02007024921476841 0.056608911603689194 0.21906930208206177
v -0.02350413054227829 0.056110680103302 0.22118249535560608
v -0.023906759917736053 0.0567774698138237 0.22451870143413544
v -0.020728109404444695 0.05704544857144356 0.22179259359836578
v -0.02007024921476841 0.056608911603689194 0.21906930208206177
v 0.02052116021513939 0.055087801069021225 0.21606920659542084
v 0.022468440234661102 0.05501066893339157 0.21780769526958466
v 0.023447269573807716 0.054242730140686035 0.21767060458660126
v 0.025577539578080177 0.05147825926542282 0.21721449494361877
v 0.02884702943265438 0.051309820264577866 0.22099849581718445
v 0.029281850904226303 0.04966050013899803 0.2206660956144333
v -0.0008143190061673522 0.055322881788015366 0.20889750123023987
v 0.0035605430603027344 0.05576843023300171 0.20968769490718842
v 0.0032439229544252157 0.0539240799844265 0.2077436000108719
v 0.025577539578080177 0.05147825926542282 0.21721449494361877
v 0.021750450134277344 0.05298268049955368 0.2147826999425888
v 0.024802079424262047 0.05306053161621094 0.2177238017320633
v 0.027561839669942856 0.056951701641082764 0.2365541011095047
v 0.02741241082549095 0.057007670402526855 0.2413914054632187
v 0.029354030266404152 0.05640362948179245 0.24243299663066864
v 0.027115700766444206 0.05005139112472534 0.21823720633983612
v 0.025577539578080177 0.05147825926542282 0.21721449494361877
v 0.029281850904226303 0.04966050013899803 0.2206660956144333
v -0.02249908074736595 0.053413741290569305 0.2158125936985016
v -0.02173124998807907 0.05503726005554199 0.2170829027891159
v -0.018292300403118134 0.054573170840740204 0.2137756049633026
v -0.004463136196136475 0.05694686993956566 0.2122236043214798
v -0.000844120979309082 0.05685042962431908 0.21164150536060333
v -0.0008473399793729186 0.05646181106567383 0.21067659556865692
v 0.008617401123046875 0.049093540757894516 0.2071533054113388
v 0.013215890154242516 0.05030446872115135 0.20868389308452606
v 0.014786720275878906 0.04882555827498436 0.20913410186767578
v 0.008617401123046875 0.049093540757894516 0.2071533054113388
v 0.009235382080078125 0.05059611052274704 0.2074345052242279
v 0.013215890154242516 0.05030446872115135 0.20868389308452606
v -0.01878421939909458 0.05105996131896973 0.2116422951221466
v -0.019075389951467514 0.05186175927519798 0.21212570369243622
v -0.0151289701461792 0.05176723003387451 0.20993609726428986
v 0.027561839669942856 0.056951701641082764 0.2365541011095047
v 0.029354030266404152 0.05640362948179245 0.24243299663066864
v 0.030320340767502785 0.05600767955183983 0.23891809582710266
v -0.014501569792628288 0.05022846907377243 0.2091522067785263
v -0.01175879966467619 0.04897677153348923 0.2080029994249344
v -0.015435989946126938 0.04874664172530174 0.20947439968585968
v 0.021189630031585693 0.05366801843047142 0.21487799286842346
v 0.02052116021513939 0.055087801069021225 0.21606920659542084
v 0.023478800430893898 0.05402565002441406 0.21742470562458038
v -0.019269220530986786 0.05087757110595703 0.21188560128211975
v -0.01878421939909458 0.05105996131896973 0.2116422951221466
v -0.0151289701461792 0.05176723003387451 0.20993609726428986
v -0.0053539271466434 0.05609368905425072 0.21042770147323608
v -0.004463136196136475 0.05694686993956566 0.2122236043214798
v -0.0008473399793729186 0.05646181106567383 0.21067659556865692
v -0.019269220530986786 0.05087757110595703 0.21188560128211975
v -0.0151289701461792 0.05176723003387451 0.20993609726428986
v -0.014501569792628288 0.05022846907377243 0.2091522067785263
v -0.0009444950264878571 0.053923480212688446 0.20764009654521942
v -0.0008143190061673522 0.055322881788015366 0.20889750123023987
v 0.0032439229544252157 0.0539240799844265 0.2077436000108719
v -0.01928520016372204 0.049936290830373764 0.2116203010082245
v -0.019269220530986786 0.05087757110595703 0.21188560128211975
v -0.014501569792628288 0.05022846907377243 0.2091522067785263
v 0.013459679670631886 0.05637449026107788 0.21367399394512177
v 0.014534950256347656 0.056865330785512924 0.21571430563926697
v 0.01862025074660778 0.05653547868132591 0.21755549311637878
v -0.019269220530986786 0.05087757110595703 0.21188560128211975
v -0.019075389951467514 0.05186175927519798 0.21212570369243622
v -0.01878421939909458 0.05105996131896973 0.2116422951221466
v -0.020728109404444695 0.05704544857144356 0.22179259359836578
v -0.023906759917736053 0.0567774698138237 0.22451870143413544
v -0.0228385291993618 0.05715382099151611 0.22577069699764252
v 0.0344499908387661 0.05276525020599365 0.2404899001121521
v 0.03236258029937744 0.054739050567150116 0.24201560020446777
v 0.033892810344696045 0.053357891738414764 0.24249519407749176
v 0.03224097937345505 0.054711341857910156 0.23729869723320007
v 0.030320340767502785 0.05600767955183983 0.23891809582710266
v 0.03236258029937744 0.054739050567150116 0.24201560020446777
v -0.022948259487748146 0.049826618283987045 0.214138001203537
v -0.019269220530986786 0.05087757110595703 0.21188560128211975
v -0.01928520016372204 0.049936290830373764 0.2116203010082245
v 0.0344499908387661 0.05276525020599365 0.2404899001121521
v 0.033892810344696045 0.053357891738414764 0.24249519407749176
v 0.03564399108290672 0.050943851470947266 0.24365009367465973
v -0.02249908074736595 0.053413741290569305 0.2158125936985016
v -0.018292300403118134 0.054573170840740204 0.2137756049633026
v -0.01897430047392845 0.05328737944364548 0.21294400095939636
v -0.02249908074736595 0.053413741290569305 0.2158125936985016
v -0.01897430047392845 0.05328737944364548 0.21294400095939636
v -0.019124800339341164 0.0526159405708313 0.21263830363750458
v 0.025463100522756577 0.04958653077483177 0.21628950536251068
v 0.027115700766444206 0.05005139112472534 0.21823720633983612
v 0.029281850904226303 0.04966050013899803 0.2206660956144333
v 0.025463100522756577 0.04958653077483177 0.21628950536251068
v 0.029281850904226303 0.04966050013899803 0.2206660956144333
v 0.029771320521831512 0.04885904863476753 0.22102589905261993
v 0.0037102100905030966 0.05137240141630173 0.20661160349845886
v 0.0028834340628236532 0.05254172906279564 0.20694060623645782
v 0.0083427419885993 0.05252254009246826 0.20780080556869507
v -0.02350413054227829 0.056110680103302 0.22118249535560608
v -0.02007024921476841 0.056608911603689194 0.21906930208206177
v -0.02173124998807907 0.05503726005554199 0.2170829027891159
v 0.013459679670631886 0.05637449026107788 0.21367399394512177
v 0.01862025074660778 0.05653547868132591 0.21755549311637878
v 0.02052116021513939 0.055087801069021225 0.21606920659542084
v -0.023303980007767677 0.051692839711904526 0.2151125967502594
v -0.02249908074736595 0.053413741290569305 0.2158125936985016
v -0.019124800339341164 0.0526159405708313 0.21263830363750458
v 0.021750450134277344 0.05298268049955368 0.2147826999425888
v 0.021189630031585693 0.05366801843047142 0.21487799286842346
v 0.024802079424262047 0.05306053161621094 0.2177238017320633
v -0.024688720703125 0.05638128146529198 0.22391459345817566
v -0.023906759917736053 0.0567774698138237 0.22451870143413544
v -0.02350413054227829 0.056110680103302 0.22118249535560608
v 0.0037102100905030966 0.05137240141630173 0.20661160349845886
v 0.0083427419885993 0.05252254009246826 0.20780080556869507
v 0.009235382080078125 0.05059611052274704 0.2074345052242279
v -0.021051280200481415 0.05201143026351929 0.21362680196762085
v -0.023303980007767677 0.051692839711904526 0.2151125967502594
v -0.019124800339341164 0.0526159405708313 0.21263830363750458
v -0.009344100020825863 0.05722910165786743 0.21505489945411682
v -0.0029696819838136435 0.05723083019256592 0.213544100522995
v -0.004463136196136475 0.05694686993956566 0.2122236043214798
v 0.024947820231318474 0.05065273866057396 0.21622830629348755
v 0.025577539578080177 0.05147825926542282 0.21721449494361877
v 0.027115700766444206 0.05005139112472534 0.21823720633983612
v -0.02506721019744873 0.05454849824309349 0.21979139745235443
v -0.02350413054227829 0.056110680103302 0.22118249535560608
v -0.02173124998807907 0.05503726005554199 0.2170829027891159
v 0.008091390132904053 0.057069238275289536 0.21361850202083588
v 0.0059778690338134766 0.05723648890852928 0.21405039727687836
v 0.016133179888129234 0.05717550963163376 0.21836279332637787
v 0.03581004962325096 0.05076706036925316 0.24058480560779572
v 0.0344499908387661 0.05276525020599365 0.2404899001121521
v 0.03564399108290672 0.050943851470947266 0.24365009367465973
v 0.02653712034225464 0.0570259615778923 0.2328920066356659
v 0.025102609768509865 0.0572090707719326 0.2318257987499237
v 0.026128290221095085 0.05718880146741867 0.23651640117168427
v -0.019626490771770477 0.048431869596242905 0.2116841971874237
v -0.01928520016372204 0.049936290830373764 0.2116203010082245
v -0.014501569792628288 0.05022846907377243 0.2091522067785263
v -0.019626490771770477 0.048431869596242905 0.2116841971874237
v -0.014501569792628288 0.05022846907377243 0.2091522067785263
v -0.015435989946126938 0.04874664172530174 0.20947439968585968
v 0.03224097937345505 0.054711341857910156 0.23729869723320007
v 0.03236258029937744 0.054739050567150116 0.24201560020446777
v 0.0344499908387661 0.05276525020599365 0.2404899001121521
v -0.023303980007767677 0.051692839711904526 0.2151125967502594
v -0.021051280200481415 0.05201143026351929 0.21362680196762085
v -0.019075389951467514 0.05186175927519798 0.21212570369243622
v 0.024565160274505615 0.05066812038421631 0.21587620675563812
v 0.024947820231318474 0.05065273866057396 0.21622830629348755
v 0.027115700766444206 0.05005139112472534 0.21823720633983612
v -0.0053539271466434 0.05609368905425072 0.21042770147323608
v -0.0008473399793729186 0.05646181106567383 0.21067659556865692
v -0.0008143190061673522 0.055322881788015366 0.20889750123023987
v 0.002725123893469572 0.050650469958782196 0.20634420216083527
v 0.0037102100905030966 0.05137240141630173 0.20661160349845886
v 0.009235382080078125 0.05059611052274704 0.2074345052242279
v 0.024565160274505615 0.05066812038421631 0.21587620675563812
v 0.025577539578080177 0.05147825926542282 0.21721449494361877
v 0.024947820231318474 0.05065273866057396 0.21622830629348755
v 0.02653712034225464 0.0570259615778923 0.2328920066356659
v 0.026128290221095085 0.05718880146741867 0.23651640117168427
v 0.027561839669942856 0.056951701641082764 0.2365541011095047
v 0.025463100522756577 0.04958653077483177 0.21628950536251068
v 0.024565160274505615 0.05066812038421631 0.21587620675563812
v 0.027115700766444206 0.05005139112472534 0.21823720633983612
v -0.022948259487748146 0.049826618283987045 0.214138001203537
v -0.019075389951467514 0.05186175927519798 0.21212570369243622
v -0.019269220530986786 0.05087757110595703 0.21188560128211975
v -0.022948259487748146 0.049826618283987045 0.214138001203537
v -0.023303980007767677 0.051692839711904526 0.2151125967502594
v -0.019075389951467514 0.05186175927519798 0.21212570369243622
v -0.02506721019744873 0.05454849824309349 0.21979139745235443
v -0.02173124998807907 0.05503726005554199 0.2170829027891159
v -0.02249908074736595 0.053413741290569305 0.2158125936985016
v 0.014534950256347656 0.056865330785512924 0.21571430563926697
v 0.008091390132904053 0.057069238275289536 0.21361850202083588
v 0.016133179888129234 0.05717550963163376 0.21836279332637787
v 0.016311639919877052 0.055365558713674545 0.21349039673805237
v 0.013459679670631886 0.05637449026107788 0.21367399394512177
v 0.02052116021513939 0.055087801069021225 0.21606920659542084
v -0.02350413054227829 0.056110680103302 0.22118249535560608
v -0.026079710572957993 0.05540608987212181 0.22295810282230377
v -0.024688720703125 0.05638128146529198 0.22391459345817566
v 0.03429108113050461 0.052653718739748 0.2367451936006546
v 0.03224097937345505 0.054711341857910156 0.23729869723320007
v 0.0344499908387661 0.05276525020599365 0.2404899001121521
v -0.008648513816297054 0.05685687065124512 0.21300050616264343
v -0.009344100020825863 0.05722910165786743 0.21505489945411682
v -0.004463136196136475 0.05694686993956566 0.2122236043214798
v 0.008091390132904053 0.057069238275289536 0.21361850202083588
v 0.014534950256347656 0.056865330785512924 0.21571430563926697
v 0.011221460066735744 0.05693088844418526 0.2142827957868576
v -0.026079710572957993 0.05540608987212181 0.22295810282230377
v -0.02350413054227829 0.056110680103302 0.22118249535560608
v -0.02506721019744873 0.05454849824309349 0.21979139745235443
v 0.03581004962325096 0.05076706036925316 0.24058480560779572
v 0.03564399108290672 0.050943851470947266 0.24365009367465973
v 0.037101078778505325 0.04755907878279686 0.24382370710372925
v -0.001098572975024581 0.051973339170217514 0.20659810304641724
v -0.0009444950264878571 0.053923480212688446 0.20764009654521942
v 0.0032439229544252157 0.0539240799844265 0.2077436000108719
v -0.026170730590820312 0.05320262163877487 0.21928779780864716
v -0.02506721019744873 0.05454849824309349 0.21979139745235443
v -0.02249908074736595 0.053413741290569305 0.2158125936985016
v 0.027931030839681625 0.056636691093444824 0.23277689516544342
v 0.027561839669942856 0.056951701641082764 0.2365541011095047
v 0.030320340767502785 0.05600767955183983 0.23891809582710266
v 0.021750450134277344 0.05298268049955368 0.2147826999425888
v 0.025577539578080177 0.05147825926542282 0.21721449494361877
v 0.02213858999311924 0.05173105001449585 0.21421240270137787
v -0.02328670024871826 0.0480872318148613 0.21420660614967346
v -0.022948259487748146 0.049826618283987045 0.214138001203537
v -0.01928520016372204 0.049936290830373764 0.2116203010082245
v -0.027242889627814293 0.05422312021255493 0.22216090559959412
v -0.026079710572957993 0.05540608987212181 0.22295810282230377
v -0.02506721019744873 0.05454849824309349 0.21979139745235443
v 0.025791039690375328 0.047781940549612045 0.216396301984787
v 0.025463100522756577 0.04958653077483177 0.21628950536251068
v 0.029771320521831512 0.04885904863476753 0.22102589905261993
v 0.025791039690375328 0.047781940549612045 0.216396301984787
v 0.029771320521831512 0.04885904863476753 0.22102589905261993
v 0.028447680175304413 0.04740715026855469 0.21921780705451965
v -0.026714319363236427 0.05142616853117943 0.21847720444202423
v -0.02249908074736595 0.053413741290569305 0.2158125936985016
v -0.023303980007767677 0.051692839711904526 0.2151125967502594
v -0.026714319363236427 0.05142616853117943 0.21847720444202423
v -0.026170730590820312 0.05320262163877487 0.21928779780864716
v -0.02249908074736595 0.053413741290569305 0.2158125936985016
v -0.00581544591113925 0.05451393127441406 0.20859859883785248
v -0.0053539271466434 0.05609368905425072 0.21042770147323608
v -0.0008143190061673522 0.055322881788015366 0.20889750123023987
v 0.027931030839681625 0.056636691093444824 0.23277689516544342
v 0.02653712034225464 0.0570259615778923 0.2328920066356659
v 0.027561839669942856 0.056951701641082764 0.2365541011095047
v 0.029273739084601402 0.05602473020553589 0.23231349885463715
v 0.027931030839681625 0.056636691093444824 0.23277689516544342
v 0.030320340767502785 0.05600767955183983 0.23891809582710266
v -0.027242889627814293 0.05422312021255493 0.22216090559959412
v -0.02506721019744873 0.05454849824309349 0.21979139745235443
v -0.026170730590820312 0.05320262163877487 0.21928779780864716
v -0.02328670024871826 0.0480872318148613 0.21420660614967346
v -0.01928520016372204 0.049936290830373764 0.2116203010082245
v -0.019626490771770477 0.048431869596242905 0.2116841971874237
v 0.03662716969847679 0.04892987012863159 0.24049599468708038
v 0.03581004962325096 0.05076706036925316 0.24058480560779572
v 0.037101078778505325 0.04755907878279686 0.24382370710372925
v -0.01014614012092352 0.056275539100170135 0.21204990148544312
v -0.008648513816297054 0.05685687065124512 0.21300050616264343
v -0.004463136196136475 0.05694686993956566 0.2122236043214798
v 0.0038642880972474813 0.04921673983335495 0.20634619891643524
v 0.002725123893469572 0.050650469958782196 0.20634420216083527
v 0.009235382080078125 0.05059611052274704 0.2074345052242279
v 0.0038642880972474813 0.04921673983335495 0.20634619891643524
v 0.009235382080078125 0.05059611052274704 0.2074345052242279
v 0.008617401123046875 0.049093540757894516 0.2071533054113388
v 0.0028834340628236532 0.05254172906279564 0.20694060623645782
v -0.001098572975024581 0.051973339170217514 0.20659810304641724
v 0.0032439229544252157 0.0539240799844265 0.2077436000108719
v -0.001098572975024581 0.051973339170217514 0.20659810304641724
v 0.0028834340628236532 0.05254172906279564 0.20694060623645782
v 0.0037102100905030966 0.05137240141630173 0.20661160349845886
v -0.02695309929549694 0.05045253038406372 0.21821080148220062
v -0.026714319363236427 0.05142616853117943 0.21847720444202423
v -0.023303980007767677 0.051692839711904526 0.2151125967502594
v 0.037102460861206055 0.047361429780721664 0.24032530188560486
v 0.03662716969847679 0.04892987012863159 0.24049599468708038
v 0.037101078778505325 0.04755907878279686 0.24382370710372925
v 0.03429108113050461 0.052653718739748 0.2367451936006546
v 0.0344499908387661 0.05276525020599365 0.2404899001121521
v 0.03581004962325096 0.05076706036925316 0.24058480560779572
v -0.00581544591113925 0.05451393127441406 0.20859859883785248
v -0.0008143190061673522 0.055322881788015366 0.20889750123023987
v -0.0009444950264878571 0.053923480212688446 0.20764009654521942
v -0.02870010957121849 0.05173349007964134 0.22117720544338226
v -0.027242889627814293 0.05422312021255493 0.22216090559959412
v -0.026170730590820312 0.05320262163877487 0.21928779780864716
v 0.013459679670631886 0.05637449026107788 0.21367399394512177
v 0.008147001266479492 0.05660557001829147 0.21214430034160614
v 0.011221460066735744 0.05693088844418526 0.2142827957868576
v 0.013459679670631886 0.05637449026107788 0.21367399394512177
v 0.011221460066735744 0.05693088844418526 0.2142827957868576
v 0.014534950256347656 0.056865330785512924 0.21571430563926697
v -0.027040479704737663 0.04948794096708298 0.217924103140831
v -0.023303980007767677 0.051692839711904526 0.2151125967502594
v -0.022948259487748146 0.049826618283987045 0.214138001203537
v 0.035488661378622055 0.05073750019073486 0.23678289353847504
v 0.03429108113050461 0.052653718739748 0.2367451936006546
v 0.03581004962325096 0.05076706036925316 0.24058480560779572
v -0.027040479704737663 0.04948794096708298 0.217924103140831
v -0.02695309929549694 0.05045253038406372 0.21821080148220062
v -0.023303980007767677 0.051692839711904526 0.2151125967502594
v 0.02213858999311924 0.05173105001449585 0.21421240270137787
v 0.025577539578080177 0.05147825926542282 0.21721449494361877
v 0.024565160274505615 0.05066812038421631 0.21587620675563812
v 0.03173232078552246 0.054625630378723145 0.2333478033542633
v 0.030320340767502785 0.05600767955183983 0.23891809582710266
v 0.03224097937345505 0.054711341857910156 0.23729869723320007
v 0.03173232078552246 0.054625630378723145 0.2333478033542633
v 0.029273739084601402 0.05602473020553589 0.23231349885463715
v 0.030320340767502785 0.05600767955183983 0.23891809582710266
v -0.01014614012092352 0.056275539100170135 0.21204990148544312
v -0.004463136196136475 0.05694686993956566 0.2122236043214798
v -0.0053539271466434 0.05609368905425072 0.21042770147323608
v 0.016668260097503662 0.05403506010770798 0.21218380331993103
v 0.016311639919877052 0.055365558713674545 0.21349039673805237
v 0.02052116021513939 0.055087801069021225 0.21606920659542084
v 0.016668260097503662 0.05403506010770798 0.21218380331993103
v 0.02052116021513939 0.055087801069021225 0.21606920659542084
v 0.021189630031585693 0.05366801843047142 0.21487799286842346
v -0.02870010957121849 0.05173349007964134 0.22117720544338226
v -0.026170730590820312 0.05320262163877487 0.21928779780864716
v -0.026714319363236427 0.05142616853117943 0.21847720444202423
v 0.035488661378622055 0.05073750019073486 0.23678289353847504
v 0.03581004962325096 0.05076706036925316 0.24058480560779572
v 0.03662716969847679 0.04892987012863159 0.24049599468708038
v 0.037102460861206055 0.047361429780721664 0.24032530188560486
v 0.037101078778505325 0.04755907878279686 0.24382370710372925
v 0.037499960511922836 0.04424970969557762 0.24365009367465973
v 0.02224528044462204 0.0500982403755188 0.21364210546016693
v 0.02213858999311924 0.05173105001449585 0.21421240270137787
v 0.024565160274505615 0.05066812038421631 0.21587620675563812
v 0.02224528044462204 0.0500982403755188 0.21364210546016693
v 0.024565160274505615 0.05066812038421631 0.21587620675563812
v 0.025463100522756577 0.04958653077483177 0.21628950536251068
v 0.03173232078552246 0.054625630378723145 0.2333478033542633
v 0.03224097937345505 0.054711341857910156 0.23729869723320007
v 0.03429108113050461 0.052653718739748 0.2367451936006546
v 0.03627287968993187 0.04880927875638008 0.23656199872493744
v 0.035488661378622055 0.05073750019073486 0.23678289353847504
v 0.03662716969847679 0.04892987012863159 0.24049599468708038
v 0.03627287968993187 0.04880927875638008 0.23656199872493744
v 0.03662716969847679 0.04892987012863159 0.24049599468708038
v 0.037102460861206055 0.047361429780721664 0.24032530188560486
v 0.030672550201416016 0.05504930019378662 0.23164990544319153
v 0.029273739084601402 0.05602473020553589 0.23231349885463715
v 0.03173232078552246 0.054625630378723145 0.2333478033542633
v 0.033469308167696 0.05272388085722923 0.23289169371128082
v 0.03173232078552246 0.054625630378723145 0.2333478033542633
v 0.03429108113050461 0.052653718739748 0.2367451936006546
v -0.028917720541357994 0.05027060955762863 0.2205086052417755
v -0.029363270848989487 0.049533359706401825 0.22071729600429535
v -0.02870010957121849 0.05173349007964134 0.22117720544338226
v -0.028917720541357994 0.05027060955762863 0.2205086052417755
v -0.02870010957121849 0.05173349007964134 0.22117720544338226
v -0.026714319363236427 0.05142616853117943 0.21847720444202423
v -0.028917720541357994 0.05027060955762863 0.2205086052417755
v -0.026714319363236427 0.05142616853117943 0.21847720444202423
v -0.02695309929549694 0.05045253038406372 0.21821080148220062
v -0.029363270848989487 0.049533359706401825 0.22071729600429535
v -0.02695309929549694 0.05045253038406372 0.21821080148220062
v -0.027040479704737663 0.04948794096708298 0.217924103140831
v -0.029363270848989487 0.049533359706401825 0.22071729600429535
v -0.028917720541357994 0.05027060955762863 0.2205086052417755
v -0.02695309929549694 0.05045253038406372 0.21821080148220062
v 0.031983908265829086 0.05379045009613037 0.23098570108413696
v 0.030672550201416016 0.05504930019378662 0.23164990544319153
v 0.03173232078552246 0.054625630378723145 0.2333478033542633
v 0.031983908265829086 0.05379045009613037 0.23098570108413696
v 0.03173232078552246 0.054625630378723145 0.2333478033542633
v 0.033469308167696 0.05272388085722923 0.23289169371128082
v -0.028990739956498146 0.04916954040527344 0.22012610733509064
v -0.029363270848989487 0.049533359706401825 0.22071729600429535
v -0.027040479704737663 0.04948794096708298 0.217924103140831
v -0.026853740215301514 0.057081401348114014 0.23640060424804688
v -0.025180689990520477 0.05722438916563988 0.23274509608745575
v -0.0267482902854681 0.05698657035827637 0.2330608069896698
v -0.01582998037338257 0.0570254884660244 0.2172946035861969
v -0.014446130022406578 0.05718743056058884 0.21741290390491486
v -0.009344100020825863 0.05722910165786743 0.21505489945411682
v -0.01582998037338257 0.0570254884660244 0.2172946035861969
v -0.009344100020825863 0.05722910165786743 0.21505489945411682
v -0.012620439752936363 0.056950800120830536 0.21500280499458313
v 0.002725123893469572 0.050650469958782196 0.20634420216083527
v -0.001098572975024581 0.051973339170217514 0.20659810304641724
v 0.0037102100905030966 0.05137240141630173 0.20661160349845886
v 0.002725123893469572 0.050650469958782196 0.20634420216083527
v 0.0038642880972474813 0.04921673983335495 0.20634619891643524
v -0.0007071099826134741 0.04924850910902023 0.20615680515766144
v -0.02733420953154564 0.04757833108305931 0.2179660052061081
v -0.022948259487748146 0.049826618283987045 0.214138001203537
v -0.02328670024871826 0.0480872318148613 0.21420660614967346
v -0.02733420953154564 0.04757833108305931 0.2179660052061081
v -0.027040479704737663 0.04948794096708298 0.217924103140831
v -0.022948259487748146 0.049826618283987045 0.214138001203537
v 0.03318231925368309 0.05215470865368843 0.23044350743293762
v 0.031983908265829086 0.05379045009613037 0.23098570108413696
v 0.033469308167696 0.05272388085722923 0.23289169371128082
v -0.005632400047034025 0.052667491137981415 0.2073483020067215
v -0.00581544591113925 0.05451393127441406 0.20859859883785248
v -0.0009444950264878571 0.053923480212688446 0.20764009654521942
v -0.012620439752936363 0.056950800120830536 0.21500280499458313
v -0.009344100020825863 0.05722910165786743 0.21505489945411682
v -0.008648513816297054 0.05685687065124512 0.21300050616264343
v 0.03659600019454956 0.04733942821621895 0.2363079935312271
v 0.03627287968993187 0.04880927875638008 0.23656199872493744
v 0.037102460861206055 0.047361429780721664 0.24032530188560486
v -0.005632400047034025 0.052667491137981415 0.2073483020067215
v -0.0009444950264878571 0.053923480212688446 0.20764009654521942
v -0.001098572975024581 0.051973339170217514 0.20659810304641724
v 0.037048451602458954 0.045029159635305405 0.23756620287895203
v 0.037102460861206055 0.047361429780721664 0.24032530188560486
v 0.037499960511922836 0.04424970969557762 0.24365009367465973
v 0.034856610000133514 0.05023514851927757 0.23239359259605408
v 0.033469308167696 0.05272388085722923 0.23289169371128082
v 0.03429108113050461 0.052653718739748 0.2367451936006546
v 0.01743113063275814 0.052076101303100586 0.2112274020910263
v 0.021189630031585693 0.05366801843047142 0.21487799286842346
v 0.021750450134277344 0.05298268049955368 0.2147826999425888
v 0.01743113063275814 0.052076101303100586 0.2112274020910263
v 0.016668260097503662 0.05403506010770798 0.21218380331993103
v 0.021189630031585693 0.05366801843047142 0.21487799286842346
v -0.001098572975024581 0.051973339170217514 0.20659810304641724
v 0.002725123893469572 0.050650469958782196 0.20634420216083527
v -0.0007071099826134741 0.04924850910902023 0.20615680515766144
v 0.034856610000133514 0.05023514851927757 0.23239359259605408
v 0.03429108113050461 0.052653718739748 0.2367451936006546
v 0.035488661378622055 0.05073750019073486 0.23678289353847504
v -0.029305990785360336 0.05599033087491989 0.23228490352630615
v -0.02978765033185482 0.05610202997922897 0.2356061041355133
v -0.02831125073134899 0.05649023875594139 0.23273269832134247
v -0.010089869610965252 0.05511045083403587 0.21030710637569427
v -0.01014614012092352 0.056275539100170135 0.21204990148544312
v -0.0053539271466434 0.05609368905425072 0.21042770147323608
v 0.03318231925368309 0.05215470865368843 0.23044350743293762
v 0.033469308167696 0.05272388085722923 0.23289169371128082
v 0.034856610000133514 0.05023514851927757 0.23239359259605408
v -0.028990739956498146 0.04916954040527344 0.22012610733509064
v -0.027040479704737663 0.04948794096708298 0.217924103140831
v -0.02733420953154564 0.04757833108305931 0.2179660052061081
v -0.028990739956498146 0.04916954040527344 0.22012610733509064
v -0.02733420953154564 0.04757833108305931 0.2179660052061081
v -0.030642619356513023 0.04703158140182495 0.22201569378376007
v 0.012233730405569077 0.055201880633831024 0.21122360229492188
v 0.013459679670631886 0.05637449026107788 0.21367399394512177
v 0.016311639919877052 0.055365558713674545 0.21349039673805237
v -0.006027996074408293 0.05300498008728027 0.2076251059770584
v -0.00581544591113925 0.05451393127441406 0.20859859883785248
v -0.005632400047034025 0.052667491137981415 0.2073483020067215
v 0.037048451602458954 0.045029159635305405 0.23756620287895203
v 0.03659600019454956 0.04733942821621895 0.2363079935312271
v 0.037102460861206055 0.047361429780721664 0.24032530188560486
v -0.028409479185938835 0.05669939145445824 0.23663519322872162
v -0.026853740215301514 0.057081401348114014 0.23640060424804688
v -0.0267482902854681 0.05698657035827637 0.2330608069896698
v 0.034856610000133514 0.05023514851927757 0.23239359259605408
v 0.035488661378622055 0.05073750019073486 0.23678289353847504
v 0.03627287968993187 0.04880927875638008 0.23656199872493744
v -0.028409479185938835 0.05669939145445824 0.23663519322872162
v -0.0267482902854681 0.05698657035827637 0.2330608069896698
v -0.02831125073134899 0.05649023875594139 0.23273269832134247
v 0.01743113063275814 0.052076101303100586 0.2112274020910263
v 0.021750450134277344 0.05298268049955368 0.2147826999425888
v 0.02213858999311924 0.05173105001449585 0.21421240270137787
v -0.010089869610965252 0.05511045083403587 0.21030710637569427
v -0.0053539271466434 0.05609368905425072 0.21042770147323608
v -0.00581544591113925 0.05451393127441406 0.20859859883785248
v 0.03423082083463669 0.04974550008773804 0.22991830110549927
v 0.03318231925368309 0.05215470865368843 0.23044350743293762
v 0.034856610000133514 0.05023514851927757 0.23239359259605408
v 0.03524100035429001 0.048161979764699936 0.23144569993019104
v 0.034856610000133514 0.05023514851927757 0.23239359259605408
v 0.03627287968993187 0.04880927875638008 0.23656199872493744
v -0.01338373962789774 0.05633014068007469 0.21358570456504822
v -0.008648513816297054 0.05685687065124512 0.21300050616264343
v -0.01014614012092352 0.056275539100170135 0.21204990148544312
v -0.01338373962789774 0.05633014068007469 0.21358570456504822
v -0.012620439752936363 0.056950800120830536 0.21500280499458313
v -0.008648513816297054 0.05685687065124512 0.21300050616264343
v 0.03524100035429001 0.048161979764699936 0.23144569993019104
v 0.03627287968993187 0.04880927875638008 0.23656199872493744
v 0.03659600019454956 0.04733942821621895 0.2363079935312271
v 0.008147001266479492 0.05660557001829147 0.21214430034160614
v 0.008091390132904053 0.057069238275289536 0.21361850202083588
v 0.011221460066735744 0.05693088844418526 0.2142827957868576
v 0.021785730496048927 0.04823362082242966 0.2131156027317047
v 0.02224528044462204 0.0500982403755188 0.21364210546016693
v 0.025463100522756577 0.04958653077483177 0.21628950536251068
v 0.021785730496048927 0.04823362082242966 0.2131156027317047
v 0.025463100522756577 0.04958653077483177 0.21628950536251068
v 0.025791039690375328 0.047781940549612045 0.216396301984787
v -0.025350920855998993 0.05724567174911499 0.2416495978832245
v -0.025180689990520477 0.05722438916563988 0.23274509608745575
v -0.026853740215301514 0.057081401348114014 0.23640060424804688
v 0.012233730405569077 0.055201880633831024 0.21122360229492188
v 0.016311639919877052 0.055365558713674545 0.21349039673805237
v 0.016668260097503662 0.05403506010770798 0.21218380331993103
v -0.02753216028213501 0.056985970586538315 0.2404129058122635
v -0.025350920855998993 0.05724567174911499 0.2416495978832245
v -0.026853740215301514 0.057081401348114014 0.23640060424804688
v -0.02978765033185482 0.05610202997922897 0.2356061041355133
v -0.028409479185938835 0.05669939145445824 0.23663519322872162
v -0.02831125073134899 0.05649023875594139 0.23273269832134247
v -0.0058948989026248455 0.051744990050792694 0.20704509317874908
v -0.005632400047034025 0.052667491137981415 0.2073483020067215
v -0.001098572975024581 0.051973339170217514 0.20659810304641724
v 0.03524100035429001 0.048161979764699936 0.23144569993019104
v 0.03423082083463669 0.04974550008773804 0.22991830110549927
v 0.034856610000133514 0.05023514851927757 0.23239359259605408
v -0.030642619356513023 0.04703158140182495 0.22201569378376007
v -0.029363270848989487 0.049533359706401825 0.22071729600429535
v -0.028990739956498146 0.04916954040527344 0.22012610733509064
v -0.006017624866217375 0.05154049023985863 0.2069990038871765
v -0.0058948989026248455 0.051744990050792694 0.20704509317874908
v -0.001098572975024581 0.051973339170217514 0.20659810304641724
v -0.030642619356513023 0.04703158140182495 0.22201569378376007
v -0.031198499724268913 0.04902935028076172 0.22323410212993622
v -0.029363270848989487 0.049533359706401825 0.22071729600429535
v -0.02753216028213501 0.056985970586538315 0.2404129058122635
v -0.026987070217728615 0.05692350119352341 0.24632540345191956
v -0.025350920855998993 0.05724567174911499 0.2416495978832245
v -0.010244250297546387 0.05402183160185814 0.20932570099830627
v -0.010089869610965252 0.05511045083403587 0.21030710637569427
v -0.00581544591113925 0.05451393127441406 0.20859859883785248
v 0.012233730405569077 0.055201880633831024 0.21122360229492188
v 0.016668260097503662 0.05403506010770798 0.21218380331993103
v 0.013770929537713528 0.05393505096435547 0.2106180042028427
v 0.02223438024520874 0.056766510009765625 0.22204579412937164
v 0.022789180278778076 0.057129260152578354 0.22528930008411407
v 0.02391194924712181 0.056754108518362045 0.22439570724964142
v -0.0322037898004055 0.05453646183013916 0.2351326048374176
v -0.02978765033185482 0.05610202997922897 0.2356061041355133
v -0.029305990785360336 0.05599033087491989 0.23228490352630615
v -0.0322037898004055 0.05453646183013916 0.2351326048374176
v -0.029305990785360336 0.05599033087491989 0.23228490352630615
v -0.03145420178771019 0.05437976121902466 0.2313321977853775
v -0.005874574184417725 0.05116653069853783 0.20685569941997528
v -0.006017624866217375 0.05154049023985863 0.2069990038871765
v -0.001098572975024581 0.051973339170217514 0.20659810304641724
v 0.033902641385793686 0.04841578006744385 0.22807590663433075
v 0.0333557091653347 0.049673669040203094 0.22765059769153595
v 0.03423082083463669 0.04974550008773804 0.22991830110549927
v -0.02753216028213501 0.056985970586538315 0.2404129058122635
v -0.026853740215301514 0.057081401348114014 0.23640060424804688
v -0.028409479185938835 0.05669939145445824 0.23663519322872162
v 0.033902641385793686 0.04841578006744385 0.22807590663433075
v 0.03423082083463669 0.04974550008773804 0.22991830110549927
v 0.03524100035429001 0.048161979764699936 0.23144569993019104
v 0.035522811114788055 0.045787449926137924 0.23160259425640106
v 0.03524100035429001 0.048161979764699936 0.23144569993019104
v 0.03659600019454956 0.04733942821621895 0.2363079935312271
v 0.035522811114788055 0.045787449926137924 0.23160259425640106
v 0.03659600019454956 0.04733942821621895 0.2363079935312271
v 0.037048451602458954 0.045029159635305405 0.23756620287895203
v 0.012843959964811802 0.05353914946317673 0.2098540961742401
v 0.012233730405569077 0.055201880633831024 0.21122360229492188
v 0.013770929537713528 0.05393505096435547 0.2106180042028427
v 0.01772570051252842 0.05078566074371338 0.21093079447746277
v 0.01743113063275814 0.052076101303100586 0.2112274020910263
v 0.02213858999311924 0.05173105001449585 0.21421240270137787
v 0.01772570051252842 0.05078566074371338 0.21093079447746277
v 0.02213858999311924 0.05173105001449585 0.21421240270137787
v 0.02224528044462204 0.0500982403755188 0.21364210546016693
v 0.014835230074822903 0.050808779895305634 0.20941630005836487
v 0.01743113063275814 0.052076101303100586 0.2112274020910263
v 0.01772570051252842 0.05078566074371338 0.21093079447746277
v 0.0011324880179017782 0.057078711688518524 0.2124118059873581
v 0.0059778690338134766 0.05723648890852928 0.21405039727687836
v 0.008091390132904053 0.057069238275289536 0.21361850202083588
v -0.005527495872229338 0.04918216913938522 0.2065328061580658
v -0.005874574184417725 0.05116653069853783 0.20685569941997528
v -0.001098572975024581 0.051973339170217514 0.20659810304641724
v 0.018327709287405014 0.05722593888640404 0.22080610692501068
v 0.022772660478949547 0.05723673105239868 0.22705070674419403
v 0.022789180278778076 0.057129260152578354 0.22528930008411407
v -0.02998041920363903 0.05616217106580734 0.23944249749183655
v -0.028409479185938835 0.05669939145445824 0.23663519322872162
v -0.02978765033185482 0.05610202997922897 0.2356061041355133
v 0.02223438024520874 0.056766510009765625 0.22204579412937164
v 0.02391194924712181 0.056754108518362045 0.22439570724964142
v 0.024899950250983238 0.05624610185623169 0.2237194925546646
v -0.010607419535517693 0.053354620933532715 0.20898230373859406
v -0.010244250297546387 0.05402183160185814 0.20932570099830627
v -0.00581544591113925 0.05451393127441406 0.20859859883785248
v -0.03297220915555954 0.04842853173613548 0.2261313945055008
v -0.033000338822603226 0.04958242177963257 0.2267760932445526
v -0.031198499724268913 0.04902935028076172 0.22323410212993622
v -0.03297220915555954 0.04842853173613548 0.2261313945055008
v -0.031198499724268913 0.04902935028076172 0.22323410212993622
v -0.030642619356513023 0.04703158140182495 0.22201569378376007
v -0.03401565179228783 0.04841601103544235 0.228330597281456
v -0.033000338822603226 0.04958242177963257 0.2267760932445526
v -0.03297220915555954 0.04842853173613548 0.2261313945055008
v -0.01413904968649149 0.055234670639038086 0.21217060089111328
v -0.01014614012092352 0.056275539100170135 0.21204990148544312
v -0.010089869610965252 0.05511045083403587 0.21030710637569427
v -0.01413904968649149 0.055234670639038086 0.21217060089111328
v -0.01338373962789774 0.05633014068007469 0.21358570456504822
v -0.01014614012092352 0.056275539100170135 0.21204990148544312
v -0.010377280414104462 0.05303901061415672 0.2087160050868988
v -0.00581544591113925 0.05451393127441406 0.20859859883785248
v -0.006027996074408293 0.05300498008728027 0.2076251059770584
v 0.017879480496048927 0.04859817028045654 0.2106436938047409
v 0.01772570051252842 0.05078566074371338 0.21093079447746277
v 0.02224528044462204 0.0500982403755188 0.21364210546016693
v -0.010377280414104462 0.05303901061415672 0.2087160050868988
v -0.010607419535517693 0.053354620933532715 0.20898230373859406
v -0.00581544591113925 0.05451393127441406 0.20859859883785248
v 0.017879480496048927 0.04859817028045654 0.2106436938047409
v 0.02224528044462204 0.0500982403755188 0.21364210546016693
v 0.021785730496048927 0.04823362082242966 0.2131156027317047
v 0.013770929537713528 0.05393505096435547 0.2106180042028427
v 0.016668260097503662 0.05403506010770798 0.21218380331993103
v 0.01743113063275814 0.052076101303100586 0.2112274020910263
v 0.0076704020611941814 0.05532515048980713 0.20982739329338074
v 0.008147001266479492 0.05660557001829147 0.21214430034160614
v 0.013459679670631886 0.05637449026107788 0.21367399394512177
v -0.016724050045013428 0.056547701358795166 0.21617360413074493
v -0.01582998037338257 0.0570254884660244 0.2172946035861969
v -0.012620439752936363 0.056950800120830536 0.21500280499458313
v -0.00909805204719305 0.05053377151489258 0.2073965072631836
v -0.005874574184417725 0.05116653069853783 0.20685569941997528
v -0.005527495872229338 0.04918216913938522 0.2065328061580658
v 0.0076704020611941814 0.05532515048980713 0.20982739329338074
v 0.013459679670631886 0.05637449026107788 0.21367399394512177
v 0.012233730405569077 0.055201880633831024 0.21122360229492188
v -0.02753216028213501 0.056985970586538315 0.2404129058122635
v -0.029683580622076988 0.05605887994170189 0.24551010131835938
v -0.026987070217728615 0.05692350119352341 0.24632540345191956
v -0.02753216028213501 0.056985970586538315 0.2404129058122635
v -0.028409479185938835 0.05669939145445824 0.23663519322872162
v -0.02998041920363903 0.05616217106580734 0.23944249749183655
v 0.012843959964811802 0.05353914946317673 0.2098540961742401
v 0.013770929537713528 0.05393505096435547 0.2106180042028427
v 0.01743113063275814 0.052076101303100586 0.2112274020910263
v -0.033713631331920624 0.05288136005401611 0.2345266044139862
v -0.0322037898004055 0.05453646183013916 0.2351326048374176
v -0.03145420178771019 0.05437976121902466 0.2313321977853775
v 0.014835230074822903 0.050808779895305634 0.20941630005836487
v 0.01772570051252842 0.05078566074371338 0.21093079447746277
v 0.017879480496048927 0.04859817028045654 0.2106436938047409
v -0.02998041920363903 0.05616217106580734 0.23944249749183655
v -0.029683580622076988 0.05605887994170189 0.24551010131835938
v -0.02753216028213501 0.056985970586538315 0.2404129058122635
v 0.003015040885657072 0.05674891918897629 0.21146629750728607
v 0.0011324880179017782 0.057078711688518524 0.2124118059873581
v 0.008091390132904053 0.057069238275289536 0.21361850202083588
v -0.010753629729151726 0.05227326974272728 0.2084026038646698
v -0.006027996074408293 0.05300498008728027 0.2076251059770584
v -0.005632400047034025 0.052667491137981415 0.2073483020067215
v -0.010753629729151726 0.05227326974272728 0.2084026038646698
v -0.010377280414104462 0.05303901061415672 0.2087160050868988
v -0.006027996074408293 0.05300498008728027 0.2076251059770584
v -0.016724050045013428 0.056547701358795166 0.21617360413074493
v -0.012620439752936363 0.056950800120830536 0.21500280499458313
v -0.01338373962789774 0.05633014068007469 0.21358570456504822
v -0.010753629729151726 0.05227326974272728 0.2084026038646698
v -0.010607419535517693 0.053354620933532715 0.20898230373859406
v -0.010377280414104462 0.05303901061415672 0.2087160050868988
v -0.033713631331920624 0.05288136005401611 0.2345266044139862
v -0.03145420178771019 0.05437976121902466 0.2313321977853775
v -0.03328799828886986 0.05206828936934471 0.2305866926908493
v 0.013185500167310238 0.05217361077666283 0.20929239690303802
v 0.012843959964811802 0.05353914946317673 0.2098540961742401
v 0.01743113063275814 0.052076101303100586 0.2112274020910263
v 0.018327709287405014 0.05722593888640404 0.22080610692501068
v 0.022789180278778076 0.057129260152578354 0.22528930008411407
v 0.02223438024520874 0.056766510009765625 0.22204579412937164
v 0.0083427419885993 0.05252254009246826 0.20780080556869507
v 0.012843959964811802 0.05353914946317673 0.2098540961742401
v 0.013185500167310238 0.05217361077666283 0.20929239690303802
v -0.03351974114775658 0.046408649533987045 0.22679510712623596
v -0.03297220915555954 0.04842853173613548 0.2261313945055008
v -0.030642619356513023 0.04703158140182495 0.22201569378376007
v 0.003015040885657072 0.05674891918897629 0.21146629750728607
v 0.008091390132904053 0.057069238275289536 0.21361850202083588
v 0.008147001266479492 0.05660557001829147 0.21214430034160614
v 0.0337752103805542 0.04634629935026169 0.22728149592876434
v 0.033902641385793686 0.04841578006744385 0.22807590663433075
v 0.03524100035429001 0.048161979764699936 0.23144569993019104
v 0.0337752103805542 0.04634629935026169 0.22728149592876434
v 0.03524100035429001 0.048161979764699936 0.23144569993019104
v 0.035522811114788055 0.045787449926137924 0.23160259425640106
v -0.02998041920363903 0.05616217106580734 0.23944249749183655
v -0.032132621854543686 0.054667290300130844 0.2452964037656784
v -0.029683580622076988 0.05605887994170189 0.24551010131835938
v -0.01711082085967064 0.055951230227947235 0.21496860682964325
v -0.016724050045013428 0.056547701358795166 0.21617360413074493
v -0.01338373962789774 0.05633014068007469 0.21358570456504822
v -0.005527495872229338 0.04918216913938522 0.2065328061580658
v -0.001098572975024581 0.051973339170217514 0.20659810304641724
v -0.0007071099826134741 0.04924850910902023 0.20615680515766144
v -0.03439902886748314 0.04978268966078758 0.23047049343585968
v -0.033000338822603226 0.04958242177963257 0.2267760932445526
v -0.03401565179228783 0.04841601103544235 0.228330597281456
v -0.0198669396340847 0.05724078044295311 0.22296230494976044
v -0.009344100020825863 0.05722910165786743 0.21505489945411682
v -0.014446130022406578 0.05718743056058884 0.21741290390491486
v -0.014587399549782276 0.05388246849179268 0.21095460653305054
v -0.01413904968649149 0.055234670639038086 0.21217060089111328
v -0.010089869610965252 0.05511045083403587 0.21030710637569427
v -0.03481090068817139 0.05122017115354538 0.2343599945306778
v -0.033713631331920624 0.05288136005401611 0.2345266044139862
v -0.03328799828886986 0.05206828936934471 0.2305866926908493
v 0.022171730175614357 0.056097980588674545 0.21967549622058868
v 0.02223438024520874 0.056766510009765625 0.22204579412937164
v 0.024899950250983238 0.05624610185623169 0.2237194925546646
v -0.032380808144807816 0.05470424145460129 0.23910799622535706
v -0.02998041920363903 0.05616217106580734 0.23944249749183655
v -0.02978765033185482 0.05610202997922897 0.2356061041355133
v -0.032380808144807816 0.05470424145460129 0.23910799622535706
v -0.02978765033185482 0.05610202997922897 0.2356061041355133
v -0.0322037898004055 0.05453646183013916 0.2351326048374176
v 0.017879480496048927 0.04859817028045654 0.2106436938047409
v 0.021785730496048927 0.04823362082242966 0.2131156027317047
v 0.014786720275878906 0.04882555827498436 0.20913410186767578
v -0.01711082085967064 0.055951230227947235 0.21496860682964325
v -0.01338373962789774 0.05633014068007469 0.21358570456504822
v -0.01413904968649149 0.055234670639038086 0.21217060089111328
v -0.010753629729151726 0.05227326974272728 0.2084026038646698
v -0.005632400047034025 0.052667491137981415 0.2073483020067215
v -0.0058948989026248455 0.051744990050792694 0.20704509317874908
v -0.03487252816557884 0.04810082167387009 0.23037709295749664
v -0.03439902886748314 0.04978268966078758 0.23047049343585968
v -0.03401565179228783 0.04841601103544235 0.228330597281456
v -0.014587399549782276 0.05388246849179268 0.21095460653305054
v -0.010089869610965252 0.05511045083403587 0.21030710637569427
v -0.010244250297546387 0.05402183160185814 0.20932570099830627
v -0.03351974114775658 0.046408649533987045 0.22679510712623596
v -0.03401565179228783 0.04841601103544235 0.228330597281456
v -0.03297220915555954 0.04842853173613548 0.2261313945055008
v -0.010753629729151726 0.05227326974272728 0.2084026038646698
v -0.0058948989026248455 0.051744990050792694 0.20704509317874908
v -0.006017624866217375 0.05154049023985863 0.2069990038871765
v -0.03481090068817139 0.05122017115354538 0.2343599945306778
v -0.03328799828886986 0.05206828936934471 0.2305866926908493
v -0.03439902886748314 0.04978268966078758 0.23047049343585968
v -0.032380808144807816 0.05470424145460129 0.23910799622535706
v -0.032132621854543686 0.054667290300130844 0.2452964037656784
v -0.02998041920363903 0.05616217106580734 0.23944249749183655
v 0.014786720275878906 0.04882555827498436 0.20913410186767578
v 0.014835230074822903 0.050808779895305634 0.20941630005836487
v 0.017879480496048927 0.04859817028045654 0.2106436938047409
v -0.01081675011664629 0.05141942948102951 0.20812520384788513
v -0.010753629729151726 0.05227326974272728 0.2084026038646698
v -0.006017624866217375 0.05154049023985863 0.2069990038871765
v 0.031883180141448975 0.04954826086759567 0.22461499273777008
v 0.0333557091653347 0.049673669040203094 0.22765059769153595
v 0.033902641385793686 0.04841578006744385 0.22807590663433075
v -0.020728109404444695 0.05704544857144356 0.22179259359836578
v -0.0198669396340847 0.05724078044295311 0.22296230494976044
v -0.014446130022406578 0.05718743056058884 0.21741290390491486
v -0.03392523154616356 0.05326782912015915 0.23884780704975128
v -0.032380808144807816 0.05470424145460129 0.23910799622535706
v -0.0322037898004055 0.05453646183013916 0.2351326048374176
v 0.022171730175614357 0.056097980588674545 0.21967549622058868
v 0.024899950250983238 0.05624610185623169 0.2237194925546646
v 0.026362059637904167 0.05516134947538376 0.22274169325828552
v -0.032380808144807816 0.05470424145460129 0.23910799622535706
v -0.03409444913268089 0.05302155017852783 0.24365009367465973
v -0.032132621854543686 0.054667290300130844 0.2452964037656784
v 0.013129590079188347 0.051367100328207016 0.2089271992444992
v 0.013185500167310238 0.05217361077666283 0.20929239690303802
v 0.01743113063275814 0.052076101303100586 0.2112274020910263
v 0.013129590079188347 0.051367100328207016 0.2089271992444992
v 0.013015209697186947 0.051640089601278305 0.20897869765758514
v 0.013185500167310238 0.05217361077666283 0.20929239690303802
v -0.03392523154616356 0.05326782912015915 0.23884780704975128
v -0.0322037898004055 0.05453646183013916 0.2351326048374176
v -0.033713631331920624 0.05288136005401611 0.2345266044139862
v -0.00909805204719305 0.05053377151489258 0.2073965072631836
v -0.01081675011664629 0.05141942948102951 0.20812520384788513
v -0.006017624866217375 0.05154049023985863 0.2069990038871765
v 0.0035605430603027344 0.05576843023300171 0.20968769490718842
v 0.008147001266479492 0.05660557001829147 0.21214430034160614
v 0.0076704020611941814 0.05532515048980713 0.20982739329338074
v 0.0035605430603027344 0.05576843023300171 0.20968769490718842
v 0.003015040885657072 0.05674891918897629 0.21146629750728607
v 0.008147001266479492 0.05660557001829147 0.21214430034160614
v -0.00909805204719305 0.05053377151489258 0.2073965072631836
v -0.006017624866217375 0.05154049023985863 0.2069990038871765
v -0.005874574184417725 0.05116653069853783 0.20685569941997528
v -0.03574429824948311 0.049059029668569565 0.23423759639263153
v -0.03481090068817139 0.05122017115354538 0.2343599945306778
v -0.03439902886748314 0.04978268966078758 0.23047049343585968
v 0.008193135261535645 0.05409048870205879 0.20882059633731842
v 0.012233730405569077 0.055201880633831024 0.21122360229492188
v 0.012843959964811802 0.05353914946317673 0.2098540961742401
v 0.023606300354003906 0.05510056018829346 0.2191580981016159
v 0.022171730175614357 0.056097980588674545 0.21967549622058868
v 0.026362059637904167 0.05516134947538376 0.22274169325828552
v 0.008193135261535645 0.05409048870205879 0.20882059633731842
v 0.0076704020611941814 0.05532515048980713 0.20982739329338074
v 0.012233730405569077 0.055201880633831024 0.21122360229492188
v 0.02049540914595127 0.05672299116849899 0.21994249522686005
v 0.02223438024520874 0.056766510009765625 0.22204579412937164
v 0.022171730175614357 0.056097980588674545 0.21967549622058868
v 0.013128220103681087 0.05122387036681175 0.20888039469718933
v 0.013129590079188347 0.051367100328207016 0.2089271992444992
v 0.01743113063275814 0.052076101303100586 0.2112274020910263
v 0.025102609768509865 0.0572090707719326 0.2318257987499237
v 0.007917404174804688 0.05724984034895897 0.2623448073863983
v 0.02518630027770996 0.057246919721364975 0.24219170212745667
v 0.0059778690338134766 0.05723648890852928 0.21405039727687836
v -0.0029696819838136435 0.05723083019256592 0.213544100522995
v 0.007917404174804688 0.05724984034895897 0.2623448073863983
v 0.022772660478949547 0.05723673105239868 0.22705070674419403
v 0.007917404174804688 0.05724984034895897 0.2623448073863983
v 0.025102609768509865 0.0572090707719326 0.2318257987499237
v -0.025350920855998993 0.05724567174911499 0.2416495978832245
v -0.019234180450439453 0.05725007876753807 0.2550992965698242
v -0.005834102164953947 0.05725007876753807 0.26296138763427734
v -0.025180689990520477 0.05722438916563988 0.23274509608745575
v -0.025350920855998993 0.05724567174911499 0.2416495978832245
v -0.005834102164953947 0.05725007876753807 0.26296138763427734
v 0.018327709287405014 0.05722593888640404 0.22080610692501068
v 0.0059778690338134766 0.05723648890852928 0.21405039727687836
v 0.007917404174804688 0.05724984034895897 0.2623448073863983
v 0.018327709287405014 0.05722593888640404 0.22080610692501068
v 0.007917404174804688 0.05724984034895897 0.2623448073863983
v 0.022772660478949547 0.05723673105239868 0.22705070674419403
v -0.0198669396340847 0.05724078044295311 0.22296230494976044
v -0.025180689990520477 0.05722438916563988 0.23274509608745575
v -0.005834102164953947 0.05725007876753807 0.26296138763427734
v 0.007917404174804688 0.05724984034895897 0.2623448073863983
v -0.0198669396340847 0.05724078044295311 0.22296230494976044
v -0.005834102164953947 0.05725007876753807 0.26296138763427734
v -0.009344100020825863 0.05722910165786743 0.21505489945411682
v -0.0198669396340847 0.05724078044295311 0.22296230494976044
v 0.007917404174804688 0.05724984034895897 0.2623448073863983
v -0.0029696819838136435 0.05723083019256592 0.213544100522995
v -0.009344100020825863 0.05722910165786743 0.21505489945411682
v 0.007917404174804688 0.05724984034895897 0.2623448073863983
v 0.029217660427093506 0.055210940539836884 0.2280983030796051
v 0.026182880625128746 0.05626850947737694 0.2258141040802002
v 0.029273739084601402 0.05602473020553589 0.23231349885463715
v 0.032751910388469696 0.05176270008087158 0.2285826951265335
v 0.03318231925368309 0.05215470865368843 0.23044350743293762
v 0.03423082083463669 0.04974550008773804 0.22991830110549927
v 0.02391194924712181 0.056754108518362045 0.22439570724964142
v 0.026476969942450523 0.056695640087127686 0.2288178950548172
v 0.026182880625128746 0.05626850947737694 0.2258141040802002
v 0.02979421056807041 0.05386978015303612 0.22580620646476746
v 0.029217660427093506 0.055210940539836884 0.2280983030796051
v 0.0313718281686306 0.053772151470184326 0.22911199927330017
v 0.024899950250983238 0.05624610185623169 0.2237194925546646
v 0.02391194924712181 0.056754108518362045 0.22439570724964142
v 0.026182880625128746 0.05626850947737694 0.2258141040802002
v 0.02679705061018467 0.05528467148542404 0.2237669974565506
v 0.026182880625128746 0.05626850947737694 0.2258141040802002
v 0.029217660427093506 0.055210940539836884 0.2280983030796051
v 0.0333557091653347 0.049673669040203094 0.22765059769153595
v 0.032751910388469696 0.05176270008087158 0.2285826951265335
v 0.03423082083463669 0.04974550008773804 0.22991830110549927
v 0.0311050396412611 0.05197428911924362 0.225246399641037
v 0.0313718281686306 0.053772151470184326 0.22911199927330017
v 0.032751910388469696 0.05176270008087158 0.2285826951265335
v 0.0311050396412611 0.05197428911924362 0.225246399641037
v 0.02979421056807041 0.05386978015303612 0.22580620646476746
v 0.0313718281686306 0.053772151470184326 0.22911199927330017
v 0.026476969942450523 0.056695640087127686 0.2288178950548172
v 0.02653712034225464 0.0570259615778923 0.2328920066356659
v 0.027931030839681625 0.056636691093444824 0.23277689516544342
v 0.026362059637904167 0.05516134947538376 0.22274169325828552
v 0.026182880625128746 0.05626850947737694 0.2258141040802002
v 0.02679705061018467 0.05528467148542404 0.2237669974565506
v 0.026362059637904167 0.05516134947538376 0.22274169325828552
v 0.024899950250983238 0.05624610185623169 0.2237194925546646
v 0.026182880625128746 0.05626850947737694 0.2258141040802002
v 0.027471179142594337 0.05394243821501732 0.2220253050327301
v 0.02679705061018467 0.05528467148542404 0.2237669974565506
v 0.029217660427093506 0.055210940539836884 0.2280983030796051
v 0.027471179142594337 0.05394243821501732 0.2220253050327301
v 0.029217660427093506 0.055210940539836884 0.2280983030796051
v 0.02979421056807041 0.05386978015303612 0.22580620646476746
v 0.0311050396412611 0.05197428911924362 0.225246399641037
v 0.032751910388469696 0.05176270008087158 0.2285826951265335
v 0.0333557091653347 0.049673669040203094 0.22765059769153595
v 0.027471179142594337 0.05394243821501732 0.2220253050327301
v 0.026362059637904167 0.05516134947538376 0.22274169325828552
v 0.02679705061018467 0.05528467148542404 0.2237669974565506
v 0.031883180141448975 0.04954826086759567 0.22461499273777008
v 0.0311050396412611 0.05197428911924362 0.225246399641037
v 0.0333557091653347 0.049673669040203094 0.22765059769153595
v 0.029273739084601402 0.05602473020553589 0.23231349885463715
v 0.026476969942450523 0.056695640087127686 0.2288178950548172
v 0.027931030839681625 0.056636691093444824 0.23277689516544342
v 0.029015539214015007 0.05218886956572533 0.2220572978258133
v 0.02979421056807041 0.05386978015303612 0.22580620646476746
v 0.0311050396412611 0.05197428911924362 0.225246399641037
v 0.029015539214015007 0.05218886956572533 0.2220572978258133
v 0.027471179142594337 0.05394243821501732 0.2220253050327301
v 0.02979421056807041 0.05386978015303612 0.22580620646476746
v 0.029015539214015007 0.05218886956572533 0.2220572978258133
v 0.02884702943265438 0.051309820264577866 0.22099849581718445
v 0.027471179142594337 0.05394243821501732 0.2220253050327301
v 0.029015539214015007 0.05218886956572533 0.2220572978258133
v 0.0311050396412611 0.05197428911924362 0.225246399641037
v 0.031883180141448975 0.04954826086759567 0.22461499273777008
v 0.02884702943265438 0.051309820264577866 0.22099849581718445
v 0.029015539214015007 0.05218886956572533 0.2220572978258133
v 0.031883180141448975 0.04954826086759567 0.22461499273777008
v 0.02979552000761032 0.049943920224905014 0.22157089412212372
v 0.02884702943265438 0.051309820264577866 0.22099849581718445
v 0.031883180141448975 0.04954826086759567 0.22461499273777008
v 0.02979552000761032 0.049943920224905014 0.22157089412212372
v 0.031883180141448975 0.04954826086759567 0.22461499273777008
v 0.029281850904226303 0.04966050013899803 0.2206660956144333
v 0.02979552000761032 0.049943920224905014 0.22157089412212372
v 0.029281850904226303 0.04966050013899803 0.2206660956144333
v 0.02884702943265438 0.051309820264577866 0.22099849581718445
v 0.029217660427093506 0.055210940539836884 0.2280983030796051
v 0.029273739084601402 0.05602473020553589 0.23231349885463715
v 0.030672550201416016 0.05504930019378662 0.23164990544319153
v 0.026476969942450523 0.056695640087127686 0.2288178950548172
v 0.025102609768509865 0.0572090707719326 0.2318257987499237
v 0.02653712034225464 0.0570259615778923 0.2328920066356659
v 0.0313718281686306 0.053772151470184326 0.22911199927330017
v 0.030672550201416016 0.05504930019378662 0.23164990544319153
v 0.031983908265829086 0.05379045009613037 0.23098570108413696
v 0.0313718281686306 0.053772151470184326 0.22911199927330017
v 0.029217660427093506 0.055210940539836884 0.2280983030796051
v 0.030672550201416016 0.05504930019378662 0.23164990544319153
v 0.026182880625128746 0.05626850947737694 0.2258141040802002
v 0.026476969942450523 0.056695640087127686 0.2288178950548172
v 0.029273739084601402 0.05602473020553589 0.23231349885463715
v 0.032751910388469696 0.05176270008087158 0.2285826951265335
v 0.031983908265829086 0.05379045009613037 0.23098570108413696
v 0.03318231925368309 0.05215470865368843 0.23044350743293762
v 0.02391194924712181 0.056754108518362045 0.22439570724964142
v 0.022772660478949547 0.05723673105239868 0.22705070674419403
v 0.025102609768509865 0.0572090707719326 0.2318257987499237
v 0.02391194924712181 0.056754108518362045 0.22439570724964142
v 0.025102609768509865 0.0572090707719326 0.2318257987499237
v 0.026476969942450523 0.056695640087127686 0.2288178950548172
v 0.032751910388469696 0.05176270008087158 0.2285826951265335
v 0.0313718281686306 0.053772151470184326 0.22911199927330017
v 0.031983908265829086 0.05379045009613037 0.23098570108413696
v 0.02391194924712181 0.056754108518362045 0.22439570724964142
v 0.022789180278778076 0.057129260152578354 0.22528930008411407
v 0.022772660478949547 0.05723673105239868 0.22705070674419403
v -0.02831125073134899 0.05649023875594139 0.23273269832134247
v -0.02629828080534935 0.05687576159834862 0.23008529841899872
v -0.027943959459662437 0.056216709315776825 0.22938339412212372
v -0.028293900191783905 0.05509680137038231 0.2257286012172699
v -0.027943959459662437 0.056216709315776825 0.22938339412212372
v -0.026528120040893555 0.05613422021269798 0.22590680420398712
v -0.02831125073134899 0.05649023875594139 0.23273269832134247
v -0.0267482902854681 0.05698657035827637 0.2330608069896698
v -0.02629828080534935 0.05687576159834862 0.23008529841899872
v -0.03085225075483322 0.054906900972127914 0.23140640556812286
v -0.027943959459662437 0.056216709315776825 0.22938339412212372
v -0.028293900191783905 0.05509680137038231 0.2257286012172699
v -0.030585160478949547 0.05043302848935127 0.22293849289417267
v -0.02870010957121849 0.05173349007964134 0.22117720544338226
v -0.029363270848989487 0.049533359706401825 0.22071729600429535
v -0.029305990785360336 0.05599033087491989 0.23228490352630615
v -0.02831125073134899 0.05649023875594139 0.23273269832134247
v -0.027943959459662437 0.056216709315776825 0.22938339412212372
v -0.029414650052785873 0.05328822135925293 0.223997101187706
v -0.028197400271892548 0.05285286158323288 0.22160500288009644
v -0.02870010957121849 0.05173349007964134 0.22117720544338226
v -0.03146421164274216 0.0536002516746521 0.22893330454826355
v -0.028293900191783905 0.05509680137038231 0.2257286012172699
v -0.029414650052785873 0.05328822135925293 0.223997101187706
v -0.031221330165863037 0.05130136013031006 0.22485539317131042
v -0.029414650052785873 0.05328822135925293 0.223997101187706
v -0.02870010957121849 0.05173349007964134 0.22117720544338226
v -0.026528120040893555 0.05613422021269798 0.22590680420398712
v -0.023906759917736053 0.0567774698138237 0.22451870143413544
v -0.024688720703125 0.05638128146529198 0.22391459345817566
v -0.03197859972715378 0.052644189447164536 0.22820289433002472
v -0.029414650052785873 0.05328822135925293 0.223997101187706
v -0.031221330165863037 0.05130136013031006 0.22485539317131042
v -0.03197859972715378 0.052644189447164536 0.22820289433002472
v -0.03146421164274216 0.0536002516746521 0.22893330454826355
v -0.029414650052785873 0.05328822135925293 0.223997101187706
v -0.023906759917736053 0.0567774698138237 0.22451870143413544
v -0.02629828080534935 0.05687576159834862 0.23008529841899872
v -0.0228385291993618 0.05715382099151611 0.22577069699764252
v -0.03146421164274216 0.0536002516746521 0.22893330454826355
v -0.03085225075483322 0.054906900972127914 0.23140640556812286
v -0.028293900191783905 0.05509680137038231 0.2257286012172699
v -0.031221330165863037 0.05130136013031006 0.22485539317131042
v -0.02870010957121849 0.05173349007964134 0.22117720544338226
v -0.030585160478949547 0.05043302848935127 0.22293849289417267
v -0.03085225075483322 0.054906900972127914 0.23140640556812286
v -0.029305990785360336 0.05599033087491989 0.23228490352630615
v -0.027943959459662437 0.056216709315776825 0.22938339412212372
v -0.03085225075483322 0.054906900972127914 0.23140640556812286
v -0.03145420178771019 0.05437976121902466 0.2313321977853775
v -0.029305990785360336 0.05599033087491989 0.23228490352630615
v -0.030585160478949547 0.05043302848935127 0.22293849289417267
v -0.029363270848989487 0.049533359706401825 0.22071729600429535
v -0.031198499724268913 0.04902935028076172 0.22323410212993622
v -0.026079710572957993 0.05540608987212181 0.22295810282230377
v -0.026528120040893555 0.05613422021269798 0.22590680420398712
v -0.024688720703125 0.05638128146529198 0.22391459345817566
v -0.030585160478949547 0.05043302848935127 0.22293849289417267
v -0.031198499724268913 0.04902935028076172 0.22323410212993622
v -0.033000338822603226 0.04958242177963257 0.2267760932445526
v -0.028293900191783905 0.05509680137038231 0.2257286012172699
v -0.026528120040893555 0.05613422021269798 0.22590680420398712
v -0.026079710572957993 0.05540608987212181 0.22295810282230377
v -0.03146421164274216 0.0536002516746521 0.22893330454826355
v -0.03328799828886986 0.05206828936934471 0.2305866926908493
v -0.03145420178771019 0.05437976121902466 0.2313321977853775
v -0.03146421164274216 0.0536002516746521 0.22893330454826355
v -0.03145420178771019 0.05437976121902466 0.2313321977853775
v -0.03085225075483322 0.054906900972127914 0.23140640556812286
v -0.0328066311776638 0.05136704072356224 0.22813600301742554
v -0.03197859972715378 0.052644189447164536 0.22820289433002472
v -0.031221330165863037 0.05130136013031006 0.22485539317131042
v -0.033000338822603226 0.04958242177963257 0.2267760932445526
v -0.031221330165863037 0.05130136013031006 0.22485539317131042
v -0.030585160478949547 0.05043302848935127 0.22293849289417267
v -0.033000338822603226 0.04958242177963257 0.2267760932445526
v -0.0328066311776638 0.05136704072356224 0.22813600301742554
v -0.031221330165863037 0.05130136013031006 0.22485539317131042
v -0.0328066311776638 0.05136704072356224 0.22813600301742554
v -0.033000338822603226 0.04958242177963257 0.2267760932445526
v -0.03439902886748314 0.04978268966078758 0.23047049343585968
v -0.02629828080534935 0.05687576159834862 0.23008529841899872
v -0.025180689990520477 0.05722438916563988 0.23274509608745575
v -0.0228385291993618 0.05715382099151611 0.22577069699764252
v -0.03328799828886986 0.05206828936934471 0.2305866926908493
v -0.03146421164274216 0.0536002516746521 0.22893330454826355
v -0.03197859972715378 0.052644189447164536 0.22820289433002472
v -0.03328799828886986 0.05206828936934471 0.2305866926908493
v -0.03197859972715378 0.052644189447164536 0.22820289433002472
v -0.0328066311776638 0.05136704072356224 0.22813600301742554
v -0.0328066311776638 0.05136704072356224 0.22813600301742554
v -0.03439902886748314 0.04978268966078758 0.23047049343585968
v -0.03328799828886986 0.05206828936934471 0.2305866926908493
v -0.027943959459662437 0.056216709315776825 0.22938339412212372
v -0.02629828080534935 0.05687576159834862 0.23008529841899872
v -0.023906759917736053 0.0567774698138237 0.22451870143413544
v -0.027242889627814293 0.05422312021255493 0.22216090559959412
v -0.028293900191783905 0.05509680137038231 0.2257286012172699
v -0.026079710572957993 0.05540608987212181 0.22295810282230377
v -0.027943959459662437 0.056216709315776825 0.22938339412212372
v -0.023906759917736053 0.0567774698138237 0.22451870143413544
v -0.026528120040893555 0.05613422021269798 0.22590680420398712
v -0.028197400271892548 0.05285286158323288 0.22160500288009644
v -0.027242889627814293 0.05422312021255493 0.22216090559959412
v -0.02870010957121849 0.05173349007964134 0.22117720544338226
v -0.02629828080534935 0.05687576159834862 0.23008529841899872
v -0.0267482902854681 0.05698657035827637 0.2330608069896698
v -0.025180689990520477 0.05722438916563988 0.23274509608745575
v -0.028197400271892548 0.05285286158323288 0.22160500288009644
v -0.029414650052785873 0.05328822135925293 0.223997101187706
v -0.027242889627814293 0.05422312021255493 0.22216090559959412
v -0.029414650052785873 0.05328822135925293 0.223997101187706
v -0.028293900191783905 0.05509680137038231 0.2257286012172699
v -0.027242889627814293 0.05422312021255493 0.22216090559959412
v 0.0018805860308930278 0.052850719541311264 0.2749615013599396
v -0.0021632309071719646 0.05359923094511032 0.2740679085254669
v 0.0007468460244126618 0.04995404928922653 0.27767181396484375
v 0.0012819169787690043 0.0533943697810173 0.27424371242523193
v 0.0046731228940188885 0.05317306146025658 0.2742806077003479
v 0.002525209914892912 0.05449473112821579 0.2727242112159729
v -0.00218027806840837 0.05000174045562744 0.2775214910507202
v -0.0021632309071719646 0.05359923094511032 0.2740679085254669
v -0.0031089780386537313 0.050016991794109344 0.277530699968338
v 0.0046731228940188885 0.05317306146025658 0.2742806077003479
v 0.004200160037726164 0.05421381816267967 0.2728815972805023
v 0.002525209914892912 0.05449473112821579 0.2727242112159729
v 0.0007468460244126618 0.04995404928922653 0.27767181396484375
v -0.00218027806840837 0.05000174045562744 0.2775214910507202
v -0.0031089780386537313 0.050016991794109344 0.277530699968338
v 0.0007468460244126618 0.04995404928922653 0.27767181396484375
v -0.0021632309071719646 0.05359923094511032 0.2740679085254669
v -0.00218027806840837 0.05000174045562744 0.2775214910507202
v 0.0018805860308930278 0.052850719541311264 0.2749615013599396
v 0.0046731228940188885 0.05317306146025658 0.2742806077003479
v 0.0012819169787690043 0.0533943697810173 0.27424371242523193
v 0.004645705223083496 0.05259685963392258 0.27492189407348633
v 0.0046731228940188885 0.05317306146025658 0.2742806077003479
v 0.0018805860308930278 0.052850719541311264 0.2749615013599396
v 0.004909038078039885 0.05003761872649193 0.2772674858570099
v 0.004645705223083496 0.05259685963392258 0.27492189407348633
v 0.0018805860308930278 0.052850719541311264 0.2749615013599396
v 0.004909038078039885 0.05003761872649193 0.2772674858570099
v 0.0046731228940188885 0.05317306146025658 0.2742806077003479
v 0.004645705223083496 0.05259685963392258 0.27492189407348633
v 0.004909038078039885 0.05003761872649193 0.2772674858570099
v 0.0018805860308930278 0.052850719541311264 0.2749615013599396
v 0.0007468460244126618 0.04995404928922653 0.27767181396484375
v 0.0003089900128543377 0.05549132078886032 0.2709828019142151
v -0.002235292922705412 0.055670611560344696 0.2704926133155823
v -0.00353068090043962 0.05509096011519432 0.27149540185928345
v 0.0003089900128543377 0.05549132078886032 0.2709828019142151
v -0.00353068090043962 0.05509096011519432 0.27149540185928345
v -0.0021858210675418377 0.05489223822951317 0.2719806134700775
v -0.0021858210675418377 0.05489223822951317 0.2719806134700775
v -0.00353068090043962 0.05509096011519432 0.27149540185928345
v -0.0021632309071719646 0.05359923094511032 0.2740679085254669
v -0.0021632309071719646 0.05359923094511032 0.2740679085254669
v 0.0003089900128543377 0.05549132078886032 0.2709828019142151
v -0.0021858210675418377 0.05489223822951317 0.2719806134700775
v -0.004719138145446777 0.05290590971708298 0.27464011311531067
v -0.0021632309071719646 0.05359923094511032 0.2740679085254669
v -0.0044317240826785564 0.053817618638277054 0.2734679877758026
v 0.002525209914892912 0.05449473112821579 0.2727242112159729
v 0.0003089900128543377 0.05549132078886032 0.2709828019142151
v -0.0021632309071719646 0.05359923094511032 0.2740679085254669
v -0.0021632309071719646 0.05359923094511032 0.2740679085254669
v -0.004719138145446777 0.05290590971708298 0.27464011311531067
v -0.0031089780386537313 0.050016991794109344 0.277530699968338
v 0.0022365450859069824 0.05495982989668846 0.2718523144721985
v 0.0031614298932254314 0.05525004118680954 0.2712385952472687
v 0.001842438941821456 0.05564117059111595 0.2705841064453125
v 0.0022365450859069824 0.05495982989668846 0.2718523144721985
v 0.001842438941821456 0.05564117059111595 0.2705841064453125
v 0.0003089900128543377 0.05549132078886032 0.2709828019142151
v 0.002525209914892912 0.05449473112821579 0.2727242112159729
v 0.0022365450859069824 0.05495982989668846 0.2718523144721985
v 0.0003089900128543377 0.05549132078886032 0.2709828019142151
v 0.0022365450859069824 0.05495982989668846 0.2718523144721985
v 0.002525209914892912 0.05449473112821579 0.2727242112159729
v 0.0031614298932254314 0.05525004118680954 0.2712385952472687
v 0.0012819169787690043 0.0533943697810173 0.27424371242523193
v -0.0021632309071719646 0.05359923094511032 0.2740679085254669
v 0.0018805860308930278 0.052850719541311264 0.2749615013599396
v 0.0012819169787690043 0.0533943697810173 0.27424371242523193
v 0.002525209914892912 0.05449473112821579 0.2727242112159729
v -0.0021632309071719646 0.05359923094511032 0.2740679085254669
v -0.0031089780386537313 0.050016991794109344 0.277530699968338
v -0.004719138145446777 0.05290590971708298 0.27464011311531067
v -0.004914342891424894 0.049910541623830795 0.2774061858654022
vn 0.5745207674901919 0.7572077522693365 0.3107447628290782
vn 0.5745207674901919 0.7572077522693365 0.3107447628290782
vn 0.5745207674901919 0.7572077522693365 0.3107447628290782
vn 0.3886022770190835 0.8949174660865712 0.2193421965531803
vn 0.43905248736686253 0.8759685058707911 0.19978010426332424
vn 0.35993979252067665 0.8888626313702119 0.28348997921230845
vn 0.6367004377482623 0.04852615565520659 0.7695828511528163
vn 0.5760212516022827 0.1779274634867651 0.7978354062334572
vn 0.5266711569623493 0.049105519965096725 0.8486495980868065
vn 0.47961336110564645 0.8422151161614202 0.24626149101747602
vn 0.3886022770190835 0.8949174660865712 0.2193421965531803
vn 0.35993979252067665 0.8888626313702119 0.28348997921230845
vn -0.08572858569792709 0.7426860330571394 0.6641295550538937
vn -0.07587032088693725 0.8362221197398976 0.5431171704763398
vn -0.18647389105053608 0.7803216572873083 0.5969301459340628
vn 0.47961336110564645 0.8422151161614202 0.24626149101747602
vn 0.35993979252067665 0.8888626313702119 0.28348997921230845
vn 0.4540994792203134 0.8390417748312593 0.2996707577656693
vn -0.08572858569792709 0.7426860330571394 0.6641295550538937
vn -0.18647389105053608 0.7803216572873083 0.5969301459340628
vn -0.1613561827740601 0.6934016427195556 0.7022523365247039
vn 0.477783509127813 0.8597356224595637 0.18049259785259714
vn 0.43905248736686253 0.8759685058707911 0.19978010426332424
vn 0.3886022770190835 0.8949174660865712 0.2193421965531803
vn -0.6042454270082658 0.04638879767215882 0.7954467571057978
vn -0.5583776813545928 0.16907590572921405 0.8121746752188932
vn -0.648870243381294 0.23527300853122893 0.7236117872941019
vn -0.32912666008763153 0.5123375716987841 0.7932123639009631
vn -0.27729850963361596 0.7038974154722066 0.6539372791380861
vn -0.3297285931857518 0.6192329930863769 0.712621607242604
vn -0.5069004347496038 0.35207426896949584 0.7868263203403006
vn -0.32912666008763153 0.5123375716987841 0.7932123639009631
vn -0.4404543005192152 0.530150468665454 0.724527770156485
vn 0.47961336110564645 0.8422151161614202 0.24626149101747602
vn 0.4540994792203134 0.8390417748312593 0.2996707577656693
vn 0.5824839534711341 0.7230236607189431 0.371415171996536
vn 0.699981903117919 0.17417150119924335 0.6925962918449812
vn 0.720804631002824 0.34776729311199933 0.599582015879759
vn 0.5919258532233512 0.33910226465113263 0.7311863226252805
vn -0.056368939401525826 0.8686990710636521 0.4921224101825634
vn -0.05343841991960909 0.8899588944596067 0.45289899696149705
vn -0.08002077649950186 0.91837738358782 0.387530200942852
vn 0.477783509127813 0.8597356224595637 0.18049259785259714
vn 0.3886022770190835 0.8949174660865712 0.2193421965531803
vn 0.47961336110564645 0.8422151161614202 0.24626149101747602
vn -0.4132572578582489 0.3407441566881082 0.8444595067322
vn -0.32912666008763153 0.5123375716987841 0.7932123639009631
vn -0.5069004347496038 0.35207426896949584 0.7868263203403006
vn 0.7156455923148293 0.0456872495818387 0.6969677621138614
vn 0.699981903117919 0.17417150119924335 0.6925962918449812
vn 0.5760212516022827 0.1779274634867651 0.7978354062334572
vn 0.7156455923148293 0.0456872495818387 0.6969677621138614
vn 0.5760212516022827 0.1779274634867651 0.7978354062334572
vn 0.6367004377482623 0.04852615565520659 0.7695828511528163
vn 0.5528855190766273 0.7868761230926157 0.27412327464500896
vn 0.47961336110564645 0.8422151161614202 0.24626149101747602
vn 0.5824839534711341 0.7230236607189431 0.371415171996536
vn 0.720804631002824 0.34776729311199933 0.599582015879759
vn 0.6670687693556772 0.5330262699381959 0.5204827110539563
vn 0.6073932619526592 0.49077933799033385 0.6246671647655877
vn -0.024476279082158974 0.9212489319648922 0.3882026753074189
vn -0.03384541629036676 0.9755667185411565 0.21708078098019595
vn -0.08002077649950186 0.91837738358782 0.387530200942852
vn 0.19788369980043324 0.9763262490767641 0.08734470056613783
vn 0.0596027242280212 0.9981406616159889 0.012756758733874987
vn 0.0513940423788942 0.9977899935661414 0.04211628126076377
vn 0.6802266665571077 0.6032556144103305 0.4163824513437376
vn 0.5824839534711341 0.7230236607189431 0.371415171996536
vn 0.6670687693556772 0.5330262699381959 0.5204827110539563
vn -0.1613561827740601 0.6934016427195556 0.7022523365247039
vn -0.18647389105053608 0.7803216572873083 0.5969301459340628
vn -0.27729850963361596 0.7038974154722066 0.6539372791380861
vn -0.024476279082158974 0.9212489319648922 0.3882026753074189
vn -0.08002077649950186 0.91837738358782 0.387530200942852
vn -0.05343841991960909 0.8899588944596067 0.45289899696149705
vn 0.37404341336553787 0.9214357342381034 0.10510809953064774
vn 0.19788369980043324 0.9763262490767641 0.08734470056613783
vn 0.4027341842711361 0.887504683724163 0.2239209976467947
vn -0.12219778229724693 0.8459541050245628 0.5190658476472189
vn -0.056368939401525826 0.8686990710636521 0.4921224101825634
vn -0.08002077649950186 0.91837738358782 0.387530200942852
vn 0.37404341336553787 0.9214357342381034 0.10510809953064774
vn 0.4027341842711361 0.887504683724163 0.2239209976467947
vn 0.43905248736686253 0.8759685058707911 0.19978010426332424
vn -0.024476279082158974 0.9212489319648922 0.3882026753074189
vn 0.016144687330136027 0.9761007440427333 0.21671798852479887
vn -0.03384541629036676 0.9755667185411565 0.21708078098019595
vn 0.477783509127813 0.8597356224595637 0.18049259785259714
vn 0.37404341336553787 0.9214357342381034 0.10510809953064774
vn 0.43905248736686253 0.8759685058707911 0.19978010426332424
vn -0.031038341149179013 0.7843217623676412 0.619577270770341
vn -0.056368939401525826 0.8686990710636521 0.4921224101825634
vn -0.12219778229724693 0.8459541050245628 0.5190658476472189
vn -0.2396696063160519 0.49166908906663614 0.8371499188703856
vn -0.32912666008763153 0.5123375716987841 0.7932123639009631
vn -0.4132572578582489 0.3407441566881082 0.8444595067322
vn -0.024476279082158974 0.9212489319648922 0.3882026753074189
vn -0.05343841991960909 0.8899588944596067 0.45289899696149705
vn -0.056368939401525826 0.8686990710636521 0.4921224101825634
vn 0.19788369980043324 0.9763262490767641 0.08734470056613783
vn 0.20679887755538182 0.9781748475697001 0.02020375766603762
vn 0.0596027242280212 0.9981406616159889 0.012756758733874987
vn 0.5528855190766273 0.7868761230926157 0.27412327464500896
vn 0.477783509127813 0.8597356224595637 0.18049259785259714
vn 0.47961336110564645 0.8422151161614202 0.24626149101747602
vn -0.07587032088693725 0.8362221197398976 0.5431171704763398
vn -0.031038341149179013 0.7843217623676412 0.619577270770341
vn -0.12219778229724693 0.8459541050245628 0.5190658476472189
vn 0.6627551357495695 0.6788693707718244 0.3160569687025376
vn 0.5528855190766273 0.7868761230926157 0.27412327464500896
vn 0.5824839534711341 0.7230236607189431 0.371415171996536
vn 0.742236843498667 0.49414297329373047 0.4526667539123749
vn 0.6802266665571077 0.6032556144103305 0.4163824513437376
vn 0.6670687693556772 0.5330262699381959 0.5204827110539563
vn 0.6122726236910564 0.7564749164784921 0.22993028294969856
vn 0.5528855190766273 0.7868761230926157 0.27412327464500896
vn 0.6627551357495695 0.6788693707718244 0.3160569687025376
vn -0.21540120866706072 0.9745855017106756 0.06152576013443711
vn -0.05005126522180157 0.9977603705621152 0.04437469758147857
vn -0.0652798346113845 0.9978143074422559 0.010254318926265337
vn -0.07587032088693725 0.8362221197398976 0.5431171704763398
vn -0.12219778229724693 0.8459541050245628 0.5190658476472189
vn -0.18647389105053608 0.7803216572873083 0.5969301459340628
vn -0.21500450567459123 0.613243585419608 0.7600693175502669
vn -0.27729850963361596 0.7038974154722066 0.6539372791380861
vn -0.32912666008763153 0.5123375716987841 0.7932123639009631
vn -0.21500450567459123 0.613243585419608 0.7600693175502669
vn -0.1613561827740601 0.6934016427195556 0.7022523365247039
vn -0.27729850963361596 0.7038974154722066 0.6539372791380861
vn 0.7977821365832642 0.1757622986959681 0.5767592885301035
vn 0.720804631002824 0.34776729311199933 0.599582015879759
vn 0.699981903117919 0.17417150119924335 0.6925962918449812
vn -0.0005798679011998058 0.9062726212554557 0.42269326906869786
vn 0.016144687330136027 0.9761007440427333 0.21671798852479887
vn -0.024476279082158974 0.9212489319648922 0.3882026753074189
vn -0.4668575310898347 0.8740492619698234 0.13446907940010144
vn -0.4095709403789354 0.9099983154451916 0.0644570452629353
vn -0.5951630671542594 0.7999190954797134 0.0768788929580268
vn -0.438344097639983 0.16907510410686138 0.8827616106489016
vn -0.4132572578582489 0.3407441566881082 0.8444595067322
vn -0.5069004347496038 0.35207426896949584 0.7868263203403006
vn -0.438344097639983 0.16907510410686138 0.8827616106489016
vn -0.5069004347496038 0.35207426896949584 0.7868263203403006
vn -0.5583776813545928 0.16907590572921405 0.8121746752188932
vn -0.2396696063160519 0.49166908906663614 0.8371499188703856
vn -0.21500450567459123 0.613243585419608 0.7600693175502669
vn -0.32912666008763153 0.5123375716987841 0.7932123639009631
vn -0.35286218197404323 0.9232037733962426 0.1522598874275698
vn -0.21540120866706072 0.9745855017106756 0.06152576013443711
vn -0.4095709403789354 0.9099983154451916 0.0644570452629353
vn -0.12158869600535914 0.5667121842619637 0.814894771864902
vn -0.21500450567459123 0.613243585419608 0.7600693175502669
vn -0.2396696063160519 0.49166908906663614 0.8371499188703856
vn -0.12158869600535914 0.5667121842619637 0.814894771864902
vn -0.1613561827740601 0.6934016427195556 0.7022523365247039
vn -0.21500450567459123 0.613243585419608 0.7600693175502669
vn 0.016144687330136027 0.9761007440427333 0.21671798852479887
vn 0.01910489054318093 0.9978504190225999 0.06268607830894361
vn -0.015228918939812581 0.9978161576232708 0.06427282173560492
vn -0.4668575310898347 0.8740492619698234 0.13446907940010144
vn -0.35286218197404323 0.9232037733962426 0.1522598874275698
vn -0.4095709403789354 0.9099983154451916 0.0644570452629353
vn -0.33171679555601047 0.3074538017699057 0.8918722595323185
vn -0.2396696063160519 0.49166908906663614 0.8371499188703856
vn -0.4132572578582489 0.3407441566881082 0.8444595067322
vn -0.023896149837181097 0.9481863199419043 0.3168148934283044
vn 0.016144687330136027 0.9761007440427333 0.21671798852479887
vn -0.0005798679011998058 0.9062726212554557 0.42269326906869786
vn 0.6122726236910564 0.7564749164784921 0.22993028294969856
vn 0.477783509127813 0.8597356224595637 0.18049259785259714
vn 0.5528855190766273 0.7868761230926157 0.27412327464500896
vn 0.3800869499792062 0.9238487277189934 0.04513799671564452
vn 0.20679887755538182 0.9781748475697001 0.02020375766603762
vn 0.19788369980043324 0.9763262490767641 0.08734470056613783
vn -0.6042454270082658 0.04638879767215882 0.7954467571057978
vn -0.438344097639983 0.16907510410686138 0.8827616106489016
vn -0.5583776813545928 0.16907590572921405 0.8121746752188932
vn -0.023896149837181097 0.9481863199419043 0.3168148934283044
vn -0.0005798679011998058 0.9062726212554557 0.42269326906869786
vn 0.01898312024146525 0.9229105780387186 0.384546103985122
vn 0.3800869499792062 0.9238487277189934 0.04513799671564452
vn 0.19788369980043324 0.9763262490767641 0.08734470056613783
vn 0.37404341336553787 0.9214357342381034 0.10510809953064774
vn -0.45706252096345606 0.04480283416478032 0.8883054418280536
vn -0.3148055414360283 0.051211175223913816 0.9477736473511778
vn -0.438344097639983 0.16907510410686138 0.8827616106489016
vn 0.7907533703340275 0.5334761181664617 0.30018717269633566
vn 0.6627551357495695 0.6788693707718244 0.3160569687025376
vn 0.5824839534711341 0.7230236607189431 0.371415171996536
vn -0.45706252096345606 0.04480283416478032 0.8883054418280536
vn -0.438344097639983 0.16907510410686138 0.8827616106489016
vn -0.6042454270082658 0.04638879767215882 0.7954467571057978
vn 0.7907533703340275 0.5334761181664617 0.30018717269633566
vn 0.5824839534711341 0.7230236607189431 0.371415171996536
vn 0.6802266665571077 0.6032556144103305 0.4163824513437376
vn 0.7615328679043498 0.5400892671932954 0.35828937266403127
vn 0.7907533703340275 0.5334761181664617 0.30018717269633566
vn 0.6802266665571077 0.6032556144103305 0.4163824513437376
vn 0.7615328679043498 0.5400892671932954 0.35828937266403127
vn 0.6802266665571077 0.6032556144103305 0.4163824513437376
vn 0.742236843498667 0.49414297329373047 0.4526667539123749
vn 0.5158974518568119 0.8484351618953523 0.11835368700321913
vn 0.37404341336553787 0.9214357342381034 0.10510809953064774
vn 0.477783509127813 0.8597356224595637 0.18049259785259714
vn -0.1613561827740601 0.6934016427195556 0.7022523365247039
vn -0.12158869600535914 0.5667121842619637 0.814894771864902
vn -0.08572858569792709 0.7426860330571394 0.6641295550538937
vn -0.22950698932742045 0.1765861102469064 0.9571540563136797
vn -0.33171679555601047 0.3074538017699057 0.8918722595323185
vn -0.4132572578582489 0.3407441566881082 0.8444595067322
vn -0.22950698932742045 0.1765861102469064 0.9571540563136797
vn -0.438344097639983 0.16907510410686138 0.8827616106489016
vn -0.3148055414360283 0.051211175223913816 0.9477736473511778
vn -0.22950698932742045 0.1765861102469064 0.9571540563136797
vn -0.4132572578582489 0.3407441566881082 0.8444595067322
vn -0.438344097639983 0.16907510410686138 0.8827616106489016
vn 0.01898312024146525 0.9229105780387186 0.384546103985122
vn 0.016144687330136027 0.9761007440427333 0.21671798852479887
vn -0.023896149837181097 0.9481863199419043 0.3168148934283044
vn 0.8123014444326219 0.3409919686314744 0.47317104803813587
vn 0.6670687693556772 0.5330262699381959 0.5204827110539563
vn 0.720804631002824 0.34776729311199933 0.599582015879759
vn 0.8123014444326219 0.3409919686314744 0.47317104803813587
vn 0.742236843498667 0.49414297329373047 0.4526667539123749
vn 0.6670687693556772 0.5330262699381959 0.5204827110539563
vn 0.08060137815218157 0.9289763440383584 0.3612566539969813
vn 0.016144687330136027 0.9761007440427333 0.21671798852479887
vn 0.01898312024146525 0.9229105780387186 0.384546103985122
vn 0.5158974518568119 0.8484351618953523 0.11835368700321913
vn 0.3800869499792062 0.9238487277189934 0.04513799671564452
vn 0.37404341336553787 0.9214357342381034 0.10510809953064774
vn -0.1862862888677663 0.975470143207551 0.11728349538837404
vn -0.05005126522180157 0.9977603705621152 0.04437469758147857
vn -0.21540120866706072 0.9745855017106756 0.06152576013443711
vn 0.8103157641342467 0.043428829534493604 0.5843819805236947
vn 0.699981903117919 0.17417150119924335 0.6925962918449812
vn 0.7156455923148293 0.0456872495818387 0.6969677621138614
vn 0.8103157641342467 0.043428829534493604 0.5843819805236947
vn 0.7977821365832642 0.1757622986959681 0.5767592885301035
vn 0.699981903117919 0.17417150119924335 0.6925962918449812
vn 0.7615328679043498 0.5400892671932954 0.35828937266403127
vn 0.742236843498667 0.49414297329373047 0.4526667539123749
vn 0.8123014444326219 0.3409919686314744 0.47317104803813587
vn -0.6568148151582495 0.7408964651362228 0.1402381065805025
vn -0.5951630671542594 0.7999190954797134 0.0768788929580268
vn -0.7387131585340642 0.672181677979519 0.0497459666431857
vn -0.1849763861742702 0.3737677676813308 0.9088901982090148
vn -0.2396696063160519 0.49166908906663614 0.8371499188703856
vn -0.33171679555601047 0.3074538017699057 0.8918722595323185
vn 0.5158974518568119 0.8484351618953523 0.11835368700321913
vn 0.5904283967527086 0.8065058381246792 0.03070246535434251
vn 0.3800869499792062 0.9238487277189934 0.04513799671564452
vn -0.5945164587263689 0.7796771560423844 0.19660547461634145
vn -0.4904115937078009 0.8496214395640821 0.19400999507765526
vn -0.4668575310898347 0.8740492619698234 0.13446907940010144
vn 0.6620240909032521 0.7367352360191872 0.13764190884855967
vn 0.477783509127813 0.8597356224595637 0.18049259785259714
vn 0.6122726236910564 0.7564749164784921 0.22993028294969856
vn 0.6620240909032521 0.7367352360191872 0.13764190884855967
vn 0.5158974518568119 0.8484351618953523 0.11835368700321913
vn 0.477783509127813 0.8597356224595637 0.18049259785259714
vn 0.7401796833124408 0.6357127646002783 0.21909659361972253
vn 0.6122726236910564 0.7564749164784921 0.22993028294969856
vn 0.6627551357495695 0.6788693707718244 0.3160569687025376
vn -0.4704552126773489 0.8445304273049599 0.25581292035550646
vn -0.4904115937078009 0.8496214395640821 0.19400999507765526
vn -0.5945164587263689 0.7796771560423844 0.19660547461634145
vn -0.7681360169713858 0.6274123130543293 0.12775307768954544
vn -0.6568148151582495 0.7408964651362228 0.1402381065805025
vn -0.7387131585340642 0.672181677979519 0.0497459666431857
vn 0.6620240909032521 0.7367352360191872 0.13764190884855967
vn 0.5904283967527086 0.8065058381246792 0.03070246535434251
vn 0.5158974518568119 0.8484351618953523 0.11835368700321913
vn 0.8655230221121468 0.16678718872166945 0.4722837408509616
vn 0.720804631002824 0.34776729311199933 0.599582015879759
vn 0.7977821365832642 0.1757622986959681 0.5767592885301035
vn 0.8655230221121468 0.16678718872166945 0.4722837408509616
vn 0.8123014444326219 0.3409919686314744 0.47317104803813587
vn 0.720804631002824 0.34776729311199933 0.599582015879759
vn -0.7242180753701096 0.6531084819780337 0.22126339524549155
vn -0.6568148151582495 0.7408964651362228 0.1402381065805025
vn -0.7681360169713858 0.6274123130543293 0.12775307768954544
vn 0.6620240909032521 0.7367352360191872 0.13764190884855967
vn 0.6122726236910564 0.7564749164784921 0.22993028294969856
vn 0.7401796833124408 0.6357127646002783 0.21909659361972253
vn -0.5945164587263689 0.7796771560423844 0.19660547461634145
vn -0.4668575310898347 0.8740492619698234 0.13446907940010144
vn -0.5951630671542594 0.7999190954797134 0.0768788929580268
vn 0.7401796833124408 0.6357127646002783 0.21909659361972253
vn 0.6627551357495695 0.6788693707718244 0.3160569687025376
vn 0.7907533703340275 0.5334761181664617 0.30018717269633566
vn 0.8738508433533724 0.3360143086230743 0.3513959134240995
vn 0.7615328679043498 0.5400892671932954 0.35828937266403127
vn 0.8123014444326219 0.3409919686314744 0.47317104803813587
vn 0.08127341248860108 0.886469285954037 0.4555950367185727
vn 0.08060137815218157 0.9289763440383584 0.3612566539969813
vn 0.01898312024146525 0.9229105780387186 0.384546103985122
vn 0.8738508433533724 0.3360143086230743 0.3513959134240995
vn 0.8123014444326219 0.3409919686314744 0.47317104803813587
vn 0.8655230221121468 0.16678718872166945 0.4722837408509616
vn 0.6620240909032521 0.7367352360191872 0.13764190884855967
vn 0.7256533832051092 0.6865277037240999 0.045900756663625586
vn 0.5904283967527086 0.8065058381246792 0.03070246535434251
vn -0.6568148151582495 0.7408964651362228 0.1402381065805025
vn -0.5945164587263689 0.7796771560423844 0.19660547461634145
vn -0.5951630671542594 0.7999190954797134 0.0768788929580268
vn -0.35286218197404323 0.9232037733962426 0.1522598874275698
vn -0.1862862888677663 0.975470143207551 0.11728349538837404
vn -0.21540120866706072 0.9745855017106756 0.06152576013443711
vn 0.08127341248860108 0.886469285954037 0.4555950367185727
vn 0.01898312024146525 0.9229105780387186 0.384546103985122
vn 0.05038647234748105 0.8888904838611684 0.45534043429661997
vn 0.08127341248860108 0.886469285954037 0.4555950367185727
vn 0.05038647234748105 0.8888904838611684 0.45534043429661997
vn 0.039033938262511086 0.8423581136997047 0.5375027069215503
vn 0.8738508433533724 0.3360143086230743 0.3513959134240995
vn 0.7907533703340275 0.5334761181664617 0.30018717269633566
vn 0.7615328679043498 0.5400892671932954 0.35828937266403127
vn 0.8830586297714834 0.04480140768828626 0.4671191392517096
vn 0.7977821365832642 0.1757622986959681 0.5767592885301035
vn 0.8103157641342467 0.043428829534493604 0.5843819805236947
vn 0.8830586297714834 0.04480140768828626 0.4671191392517096
vn 0.8655230221121468 0.16678718872166945 0.4722837408509616
vn 0.7977821365832642 0.1757622986959681 0.5767592885301035
vn 0.830204110266294 0.5358803745957428 0.15360130019006246
vn 0.7401796833124408 0.6357127646002783 0.21909659361972253
vn 0.7907533703340275 0.5334761181664617 0.30018717269633566
vn 0.9346816728130545 0.16343039603576526 0.31569079200854644
vn 0.8655230221121468 0.16678718872166945 0.4722837408509616
vn 0.8830586297714834 0.04480140768828626 0.4671191392517096
vn 0.9346816728130545 0.16343039603576526 0.31569079200854644
vn 0.8738508433533724 0.3360143086230743 0.3513959134240995
vn 0.8655230221121468 0.16678718872166945 0.4722837408509616
vn 0.830204110266294 0.5358803745957428 0.15360130019006246
vn 0.8612922512987947 0.5036947179666846 0.06683778082129578
vn 0.7256533832051092 0.6865277037240999 0.045900756663625586
vn 0.830204110266294 0.5358803745957428 0.15360130019006246
vn 0.7256533832051092 0.6865277037240999 0.045900756663625586
vn 0.6620240909032521 0.7367352360191872 0.13764190884855967
vn 0.830204110266294 0.5358803745957428 0.15360130019006246
vn 0.6620240909032521 0.7367352360191872 0.13764190884855967
vn 0.7401796833124408 0.6357127646002783 0.21909659361972253
vn -0.4704552126773489 0.8445304273049599 0.25581292035550646
vn -0.35286218197404323 0.9232037733962426 0.1522598874275698
vn -0.4668575310898347 0.8740492619698234 0.13446907940010144
vn 0.9168883880235998 0.34428717642608475 0.20194559677308757
vn 0.830204110266294 0.5358803745957428 0.15360130019006246
vn 0.7907533703340275 0.5334761181664617 0.30018717269633566
vn 0.9168883880235998 0.34428717642608475 0.20194559677308757
vn 0.7907533703340275 0.5334761181664617 0.30018717269633566
vn 0.8738508433533724 0.3360143086230743 0.3513959134240995
vn 0.9346816728130545 0.16343039603576526 0.31569079200854644
vn 0.9168883880235998 0.34428717642608475 0.20194559677308757
vn 0.8738508433533724 0.3360143086230743 0.3513959134240995
vn -0.7681360169713858 0.6274123130543293 0.12775307768954544
vn -0.7387131585340642 0.672181677979519 0.0497459666431857
vn -0.8576227375746406 0.5120223134239967 0.04812889517657305
vn 0.9297617500745395 0.04968493711818571 0.3647937706730908
vn 0.9346816728130545 0.16343039603576526 0.31569079200854644
vn 0.8830586297714834 0.04480140768828626 0.4671191392517096
vn 0.08133356957357465 0.859206372029119 0.5051230154378038
vn 0.039033938262511086 0.8423581136997047 0.5375027069215503
vn 0.09195445539295263 0.825545733712948 0.556793156999739
vn 0.9168883880235998 0.34428717642608475 0.20194559677308757
vn 0.8612922512987947 0.5036947179666846 0.06683778082129578
vn 0.830204110266294 0.5358803745957428 0.15360130019006246
vn 0.9168883880235998 0.34428717642608475 0.20194559677308757
vn 0.9645509791856473 0.258892091061234 0.05114971884527531
vn 0.8612922512987947 0.5036947179666846 0.06683778082129578
vn 0.08133356957357465 0.859206372029119 0.5051230154378038
vn 0.08127341248860108 0.886469285954037 0.4555950367185727
vn 0.039033938262511086 0.8423581136997047 0.5375027069215503
vn 0.9754978575508565 0.1625473972520257 0.14826420188393757
vn 0.9168883880235998 0.34428717642608475 0.20194559677308757
vn 0.9346816728130545 0.16343039603576526 0.31569079200854644
vn 0.9710825462743975 0.056948355046424495 0.23185248150222437
vn 0.9346816728130545 0.16343039603576526 0.31569079200854644
vn 0.9297617500745395 0.04968493711818571 0.3647937706730908
vn 0.9754978575508565 0.1625473972520257 0.14826420188393757
vn 0.9645509791856473 0.258892091061234 0.05114971884527531
vn 0.9168883880235998 0.34428717642608475 0.20194559677308757
vn 0.9895268209417271 0.04779319526402855 0.13620749290481002
vn 0.9754978575508565 0.1625473972520257 0.14826420188393757
vn 0.9346816728130545 0.16343039603576526 0.31569079200854644
vn 0.9895268209417271 0.04779319526402855 0.13620749290481002
vn 0.9346816728130545 0.16343039603576526 0.31569079200854644
vn 0.9710825462743975 0.056948355046424495 0.23185248150222437
vn 0.9895268209417271 0.04779319526402855 0.13620749290481002
vn 0.9645509791856473 0.258892091061234 0.05114971884527531
vn 0.9754978575508565 0.1625473972520257 0.14826420188393757
vn 0.9895268209417271 0.04779319526402855 0.13620749290481002
vn 0.9984427272329384 0.054812838368567526 0.010376569068513204
vn 0.9645509791856473 0.258892091061234 0.05114971884527531
vn -0.5945164587263689 0.7796771560423844 0.19660547461634145
vn -0.6568148151582495 0.7408964651362228 0.1402381065805025
vn -0.7242180753701096 0.6531084819780337 0.22126339524549155
vn -0.06598222362849435 0.3653134762956166 0.9285431655027414
vn -0.2396696063160519 0.49166908906663614 0.8371499188703856
vn -0.1849763861742702 0.3737677676813308 0.9088901982090148
vn -0.06598222362849435 0.3653134762956166 0.9285431655027414
vn -0.12158869600535914 0.5667121842619637 0.814894771864902
vn -0.2396696063160519 0.49166908906663614 0.8371499188703856
vn 0.1509176808386547 0.8410191634432063 0.5195292295257039
vn 0.08133356957357465 0.859206372029119 0.5051230154378038
vn 0.09195445539295263 0.825545733712948 0.556793156999739
vn -0.22950698932742045 0.1765861102469064 0.9571540563136797
vn -0.1849763861742702 0.3737677676813308 0.9088901982090148
vn -0.33171679555601047 0.3074538017699057 0.8918722595323185
vn -0.04406952036680988 0.48098065617157504 0.8756229129958859
vn 0.014099826770635843 0.47274180356162315 0.88108818063253
vn -0.053714681585677 0.5987968463655752 0.7990976597167527
vn -0.4704552126773489 0.8445304273049599 0.25581292035550646
vn -0.4668575310898347 0.8740492619698234 0.13446907940010144
vn -0.4904115937078009 0.8496214395640821 0.19400999507765526
vn 0.1509176808386547 0.8410191634432063 0.5195292295257039
vn 0.09195445539295263 0.825545733712948 0.556793156999739
vn 0.13501909360717482 0.7620764962610407 0.6332529180414355
vn -0.32628312435442103 0.9166812224403608 0.2307268063896417
vn -0.1862862888677663 0.975470143207551 0.11728349538837404
vn -0.35286218197404323 0.9232037733962426 0.1522598874275698
vn 0.10117191454779938 0.7619478987602768 0.6396871448462378
vn 0.13501909360717482 0.7620764962610407 0.6332529180414355
vn 0.09195445539295263 0.825545733712948 0.556793156999739
vn -0.4704552126773489 0.8445304273049599 0.25581292035550646
vn -0.32628312435442103 0.9166812224403608 0.2307268063896417
vn -0.35286218197404323 0.9232037733962426 0.1522598874275698
vn 0.07507609696356668 0.9747687138439903 0.21021306851775443
vn 0.01910489054318093 0.9978504190225999 0.06268607830894361
vn 0.016144687330136027 0.9761007440427333 0.21671798852479887
vn -0.06598222362849435 0.3653134762956166 0.9285431655027414
vn 0.014099826770635843 0.47274180356162315 0.88108818063253
vn -0.04406952036680988 0.48098065617157504 0.8756229129958859
vn -0.8351232855304641 0.510583570356055 0.20463019241369698
vn -0.7681360169713858 0.6274123130543293 0.12775307768954544
vn -0.8576227375746406 0.5120223134239967 0.04812889517657305
vn -0.06598222362849435 0.3653134762956166 0.9285431655027414
vn -0.053714681585677 0.5987968463655752 0.7990976597167527
vn -0.12158869600535914 0.5667121842619637 0.814894771864902
vn 0.13336850622380822 0.903335208216753 0.4076743101344818
vn 0.08060137815218157 0.9289763440383584 0.3612566539969813
vn 0.08127341248860108 0.886469285954037 0.4555950367185727
vn -0.8351232855304641 0.510583570356055 0.20463019241369698
vn -0.7242180753701096 0.6531084819780337 0.22126339524549155
vn -0.7681360169713858 0.6274123130543293 0.12775307768954544
vn -0.06598222362849435 0.3653134762956166 0.9285431655027414
vn -0.04406952036680988 0.48098065617157504 0.8756229129958859
vn -0.053714681585677 0.5987968463655752 0.7990976597167527
vn -0.22950698932742045 0.1765861102469064 0.9571540563136797
vn -0.06598222362849435 0.3653134762956166 0.9285431655027414
vn -0.1849763861742702 0.3737677676813308 0.9088901982090148
vn -0.1617839079544367 0.07034748226617304 0.9843155992189704
vn -0.22950698932742045 0.1765861102469064 0.9571540563136797
vn -0.3148055414360283 0.051211175223913816 0.9477736473511778
vn -0.9314750515385607 0.3403495878293198 0.12851609403357953
vn -0.8576227375746406 0.5120223134239967 0.04812889517657305
vn -0.9389443071397177 0.3423610130024502 0.034242150426805555
vn -0.9314750515385607 0.3403495878293198 0.12851609403357953
vn -0.8351232855304641 0.510583570356055 0.20463019241369698
vn -0.8576227375746406 0.5120223134239967 0.04812889517657305
vn 0.1509176808386547 0.8410191634432063 0.5195292295257039
vn 0.08127341248860108 0.886469285954037 0.4555950367185727
vn 0.08133356957357465 0.859206372029119 0.5051230154378038
vn -0.9314750515385607 0.3403495878293198 0.12851609403357953
vn -0.9389443071397177 0.3423610130024502 0.034242150426805555
vn -0.9856465169906928 0.16770268485032694 0.019410127204832258
vn -0.6401799921943152 0.7141595488094002 0.2831001879872927
vn -0.5945164587263689 0.7796771560423844 0.19660547461634145
vn -0.7242180753701096 0.6531084819780337 0.22126339524549155
vn -0.6401799921943152 0.7141595488094002 0.2831001879872927
vn -0.4704552126773489 0.8445304273049599 0.25581292035550646
vn -0.5945164587263689 0.7796771560423844 0.19660547461634145
vn 0.16138580144612985 0.9029430580939848 0.39830698830358624
vn 0.016144687330136027 0.9761007440427333 0.21671798852479887
vn 0.08060137815218157 0.9289763440383584 0.3612566539969813
vn -0.1405400779217876 0.9759985183471203 0.16635918574567538
vn -0.05005126522180157 0.9977603705621152 0.04437469758147857
vn -0.1862862888677663 0.975470143207551 0.11728349538837404
vn 0.16138580144612985 0.9029430580939848 0.39830698830358624
vn 0.07507609696356668 0.9747687138439903 0.21021306851775443
vn 0.016144687330136027 0.9761007440427333 0.21671798852479887
vn 0.023438569779274162 0.9033310056633813 0.4283033126814294
vn 0.023438569779274162 0.9033310056633813 0.4283033126814294
vn 0.023438569779274162 0.9033310056633813 0.4283033126814294
vn -0.03769105013421375 0.16800760114476912 0.9850648865416737
vn -0.06598222362849435 0.3653134762956166 0.9285431655027414
vn -0.22950698932742045 0.1765861102469064 0.9571540563136797
vn -0.3019566778922945 0.9206716250417849 0.24735788550027685
vn -0.32628312435442103 0.9166812224403608 0.2307268063896417
vn -0.4704552126773489 0.8445304273049599 0.25581292035550646
vn 0.1509176808386547 0.8410191634432063 0.5195292295257039
vn 0.13336850622380822 0.903335208216753 0.4076743101344818
vn 0.08127341248860108 0.886469285954037 0.4555950367185727
vn 0.20698315787867727 0.6356293372541928 0.7437293311254882
vn 0.21204659890009286 0.5669835952218363 0.7959684934997263
vn 0.1422198841676457 0.5982088361815717 0.788618851449565
vn -0.9671888425846988 0.16492651529829486 0.19324851184739297
vn -0.9314750515385607 0.3403495878293198 0.12851609403357953
vn -0.9856465169906928 0.16770268485032694 0.019410127204832258
vn -0.7378682344672093 0.6057801123912577 0.2976254760525024
vn -0.6401799921943152 0.7141595488094002 0.2831001879872927
vn -0.7242180753701096 0.6531084819780337 0.22126339524549155
vn -0.7723230042726834 0.5185545032614433 0.366903807854994
vn -0.7378682344672093 0.6057801123912577 0.2976254760525024
vn -0.7242180753701096 0.6531084819780337 0.22126339524549155
vn -0.7723230042726834 0.5185545032614433 0.366903807854994
vn -0.7242180753701096 0.6531084819780337 0.22126339524549155
vn -0.8351232855304641 0.510583570356055 0.20463019241369698
vn 0.06311290661221376 0.34889110646725624 0.9350356981671939
vn 0.014099826770635843 0.47274180356162315 0.88108818063253
vn -0.06598222362849435 0.3653134762956166 0.9285431655027414
vn -0.33870188105610954 0.8937540836094294 0.29408276692203866
vn -0.3019566778922945 0.9206716250417849 0.24735788550027685
vn -0.4704552126773489 0.8445304273049599 0.25581292035550646
vn 0.003448605130732469 0.9914986064726289 0.13007159753569308
vn 0.003448605130732469 0.9914986064726289 0.13007159753569308
vn 0.003448605130732469 0.9914986064726289 0.13007159753569308
vn -0.23041728038485698 0.9519134122362991 0.20191268534862303
vn -0.1862862888677663 0.975470143207551 0.11728349538837404
vn -0.32628312435442103 0.9166812224403608 0.2307268063896417
vn -0.23041728038485698 0.9519134122362991 0.20191268534862303
vn -0.1405400779217876 0.9759985183471203 0.16635918574567538
vn -0.1862862888677663 0.975470143207551 0.11728349538837404
vn 0.10828009792632383 0.4857955783190905 0.8673396546213521
vn 0.025086339932445106 0.481585509714273 0.8760399947388461
vn 0.04513787719660878 0.4813186088504322 0.8753827556083502
vn 0.10828009792632383 0.4857955783190905 0.8673396546213521
vn 0.1422198841676457 0.5982088361815717 0.788618851449565
vn 0.025086339932445106 0.481585509714273 0.8760399947388461
vn -0.9033429123126889 0.3389786816100771 0.2628022758431208
vn -0.8351232855304641 0.510583570356055 0.20463019241369698
vn -0.9314750515385607 0.3403495878293198 0.12851609403357953
vn -0.6278820455708067 0.6851370140197269 0.36925791646212797
vn -0.4704552126773489 0.8445304273049599 0.25581292035550646
vn -0.6401799921943152 0.7141595488094002 0.2831001879872927
vn 0.06311290661221376 0.34889110646725624 0.9350356981671939
vn 0.025086339932445106 0.481585509714273 0.8760399947388461
vn 0.014099826770635843 0.47274180356162315 0.88108818063253
vn 0.16138580144612985 0.9029430580939848 0.39830698830358624
vn 0.08060137815218157 0.9289763440383584 0.3612566539969813
vn 0.13336850622380822 0.903335208216753 0.4076743101344818
vn -0.7378682344672093 0.6057801123912577 0.2976254760525024
vn -0.6278820455708067 0.6851370140197269 0.36925791646212797
vn -0.6401799921943152 0.7141595488094002 0.2831001879872927
vn 0.16938250316591125 0.5105891989490463 0.842975822629464
vn 0.1422198841676457 0.5982088361815717 0.788618851449565
vn 0.10828009792632383 0.4857955783190905 0.8673396546213521
vn 0.16938250316591125 0.5105891989490463 0.842975822629464
vn 0.20698315787867727 0.6356293372541928 0.7437293311254882
vn 0.1422198841676457 0.5982088361815717 0.788618851449565
vn -0.7723230042726834 0.5185545032614433 0.366903807854994
vn -0.8351232855304641 0.510583570356055 0.20463019241369698
vn -0.9033429123126889 0.3389786816100771 0.2628022758431208
vn -0.3614410752042075 0.8647057399756984 0.3487754756405706
vn -0.33870188105610954 0.8937540836094294 0.29408276692203866
vn -0.4704552126773489 0.8445304273049599 0.25581292035550646
vn 0.13501909360717482 0.7620764962610407 0.6332529180414355
vn 0.10117191454779938 0.7619478987602768 0.6396871448462378
vn 0.1422198841676457 0.5982088361815717 0.788618851449565
vn -0.10666350362965718 0.4391970968589885 0.8920363261123855
vn -0.10666350362965718 0.4391970968589885 0.8920363261123855
vn -0.10666350362965718 0.4391970968589885 0.8920363261123855
vn -0.13089709279709233 0.08487408800002996 0.9877562150062295
vn -0.22950698932742045 0.1765861102469064 0.9571540563136797
vn -0.1617839079544367 0.07034748226617304 0.9843155992189704
vn -0.45312867430610076 0.8213510669561797 0.3464921778793011
vn -0.3614410752042075 0.8647057399756984 0.3487754756405706
vn -0.4704552126773489 0.8445304273049599 0.25581292035550646
vn -0.993182940255832 0.047701287202169845 0.106358988261626
vn -0.9671888425846988 0.16492651529829486 0.19324851184739297
vn -0.9856465169906928 0.16770268485032694 0.019410127204832258
vn -0.993182940255832 0.047701287202169845 0.106358988261626
vn -0.9856465169906928 0.16770268485032694 0.019410127204832258
vn -0.9991267033779623 0.04178028432575017 0.0004883018995604532
vn 0.2066489799732543 0.8370335278785609 0.5066271531246465
vn 0.1509176808386547 0.8410191634432063 0.5195292295257039
vn 0.13501909360717482 0.7620764962610407 0.6332529180414355
vn -0.5020718520244251 0.7813837443752294 0.37062555150840576
vn -0.45312867430610076 0.8213510669561797 0.3464921778793011
vn -0.4704552126773489 0.8445304273049599 0.25581292035550646
vn 0.06311290661221376 0.34889110646725624 0.9350356981671939
vn 0.04513787719660878 0.4813186088504322 0.8753827556083502
vn 0.025086339932445106 0.481585509714273 0.8760399947388461
vn -0.9671888425846988 0.16492651529829486 0.19324851184739297
vn -0.9033429123126889 0.3389786816100771 0.2628022758431208
vn -0.9314750515385607 0.3403495878293198 0.12851609403357953
vn -0.5020718520244251 0.7813837443752294 0.37062555150840576
vn -0.4704552126773489 0.8445304273049599 0.25581292035550646
vn -0.6278820455708067 0.6851370140197269 0.36925791646212797
vn -0.10291019854210233 0.04767071840791573 0.9935476806084841
vn -0.03769105013421375 0.16800760114476912 0.9850648865416737
vn -0.22950698932742045 0.1765861102469064 0.9571540563136797
vn -0.10291019854210233 0.04767071840791573 0.9935476806084841
vn -0.22950698932742045 0.1765861102469064 0.9571540563136797
vn -0.13089709279709233 0.08487408800002996 0.9877562150062295
vn 0.1237251898867796 0.9761900236953182 0.17817158871496433
vn 0.01910489054318093 0.9978504190225999 0.06268607830894361
vn 0.07507609696356668 0.9747687138439903 0.21021306851775443
vn 0.2442454021109826 0.6857062179985268 0.6856757004195213
vn 0.2066489799732543 0.8370335278785609 0.5066271531246465
vn 0.13501909360717482 0.7620764962610407 0.6332529180414355
vn -0.7723230042726834 0.5185545032614433 0.366903807854994
vn -0.6278820455708067 0.6851370140197269 0.36925791646212797
vn -0.7378682344672093 0.6057801123912577 0.2976254760525024
vn -0.03769105013421375 0.16800760114476912 0.9850648865416737
vn 0.06311290661221376 0.34889110646725624 0.9350356981671939
vn -0.06598222362849435 0.3653134762956166 0.9285431655027414
vn -0.5367139742732328 0.7383859384378173 0.4083188897628119
vn -0.5020718520244251 0.7813837443752294 0.37062555150840576
vn -0.6278820455708067 0.6851370140197269 0.36925791646212797
vn -0.2511700626641152 0.9238360291898223 0.2888608502239204
vn -0.1405400779217876 0.9759985183471203 0.16635918574567538
vn -0.23041728038485698 0.9519134122362991 0.20191268534862303
vn 0.2442454021109826 0.6857062179985268 0.6856757004195213
vn 0.13501909360717482 0.7620764962610407 0.6332529180414355
vn 0.1422198841676457 0.5982088361815717 0.788618851449565
vn 0.2442454021109826 0.6857062179985268 0.6856757004195213
vn 0.1422198841676457 0.5982088361815717 0.788618851449565
vn 0.21204659890009286 0.5669835952218363 0.7959684934997263
vn -0.3412959890808581 -0.8988816187204023 0.27482518691689806
vn -0.3412959890808581 -0.8988816187204023 0.27482518691689806
vn -0.3412959890808581 -0.8988816187204023 0.27482518691689806
vn -0.8762913277640314 0.3392489227897255 0.342087236347049
vn -0.7723230042726834 0.5185545032614433 0.366903807854994
vn -0.9033429123126889 0.3389786816100771 0.2628022758431208
vn 0.06311290661221376 0.34889110646725624 0.9350356981671939
vn 0.10828009792632383 0.4857955783190905 0.8673396546213521
vn 0.04513787719660878 0.4813186088504322 0.8753827556083502
vn 0.050081066342278095 0.04257344416700862 0.9978373558079388
vn -0.03769105013421375 0.16800760114476912 0.9850648865416737
vn -0.10291019854210233 0.04767071840791573 0.9935476806084841
vn 0.19507939098046273 0.33916098704570685 0.9202792272353395
vn 0.16938250316591125 0.5105891989490463 0.842975822629464
vn 0.10828009792632383 0.4857955783190905 0.8673396546213521
vn 0.19507939098046273 0.33916098704570685 0.9202792272353395
vn 0.10828009792632383 0.4857955783190905 0.8673396546213521
vn 0.06311290661221376 0.34889110646725624 0.9350356981671939
vn 0.042696533034582526 0.17875180139300043 0.9829673440992758
vn 0.06311290661221376 0.34889110646725624 0.9350356981671939
vn -0.03769105013421375 0.16800760114476912 0.9850648865416737
vn 0.2891729547630978 0.7655833558291311 0.574683502034803
vn 0.1509176808386547 0.8410191634432063 0.5195292295257039
vn 0.2066489799732543 0.8370335278785609 0.5066271531246465
vn -0.2511700626641152 0.9238360291898223 0.2888608502239204
vn -0.32628312435442103 0.9166812224403608 0.2307268063896417
vn -0.3019566778922945 0.9206716250417849 0.24735788550027685
vn 0.23515059508995273 0.5415942773731947 0.8070810593400444
vn 0.2442454021109826 0.6857062179985268 0.6856757004195213
vn 0.21204659890009286 0.5669835952218363 0.7959684934997263
vn 0.23515059508995273 0.5415942773731947 0.8070810593400444
vn 0.20698315787867727 0.6356293372541928 0.7437293311254882
vn 0.16938250316591125 0.5105891989490463 0.842975822629464
vn -0.3134309698361312 0.89192022284453 0.32594377310902317
vn -0.2511700626641152 0.9238360291898223 0.2888608502239204
vn -0.3019566778922945 0.9206716250417849 0.24735788550027685
vn 0.23515059508995273 0.5415942773731947 0.8070810593400444
vn 0.21204659890009286 0.5669835952218363 0.7959684934997263
vn 0.20698315787867727 0.6356293372541928 0.7437293311254882
vn 0.08932869981595319 0.1729199011649509 0.9808766951917529
vn 0.06311290661221376 0.34889110646725624 0.9350356981671939
vn 0.042696533034582526 0.17875180139300043 0.9829673440992758
vn 0.0513940423788942 0.9977899935661414 0.04211628126076377
vn 0.0596027242280212 0.9981406616159889 0.012756758733874987
vn 0.01910489054318093 0.9978504190225999 0.06268607830894361
vn 0.21018229358105245 0.9169954032343255 0.339032201880773
vn 0.07507609696356668 0.9747687138439903 0.21021306851775443
vn 0.16138580144612985 0.9029430580939848 0.39830698830358624
vn -0.3367829629100065 0.8621155640770541 0.3785947570551657
vn -0.3019566778922945 0.9206716250417849 0.24735788550027685
vn -0.33870188105610954 0.8937540836094294 0.29408276692203866
vn 0.21018229358105245 0.9169954032343255 0.339032201880773
vn 0.1237251898867796 0.9761900236953182 0.17817158871496433
vn 0.07507609696356668 0.9747687138439903 0.21021306851775443
vn -0.3367829629100065 0.8621155640770541 0.3785947570551657
vn -0.3134309698361312 0.89192022284453 0.32594377310902317
vn -0.3019566778922945 0.9206716250417849 0.24735788550027685
vn -0.5956716439100558 0.6526202451691054 0.46825432004083906
vn -0.5367139742732328 0.7383859384378173 0.4083188897628119
vn -0.6278820455708067 0.6851370140197269 0.36925791646212797
vn -0.9711858991459554 0.04901402697693553 0.23322858842681818
vn -0.9671888425846988 0.16492651529829486 0.19324851184739297
vn -0.993182940255832 0.047701287202169845 0.106358988261626
vn -0.3614410752042075 0.8647057399756984 0.3487754756405706
vn -0.3367829629100065 0.8621155640770541 0.3785947570551657
vn -0.33870188105610954 0.8937540836094294 0.29408276692203866
vn -0.6994462771456356 0.5149557709876128 0.495575886533701
vn -0.5956716439100558 0.6526202451691054 0.46825432004083906
vn -0.6278820455708067 0.6851370140197269 0.36925791646212797
vn -0.6994462771456356 0.5149557709876128 0.495575886533701
vn -0.6278820455708067 0.6851370140197269 0.36925791646212797
vn -0.7723230042726834 0.5185545032614433 0.366903807854994
vn 0.2108883733225435 0.8925981029300075 0.3984905527652111
vn 0.16138580144612985 0.9029430580939848 0.39830698830358624
vn 0.13336850622380822 0.903335208216753 0.4076743101344818
vn -0.901568551293589 0.1758517958622649 0.3952850784059466
vn -0.9033429123126889 0.3389786816100771 0.2628022758431208
vn -0.9671888425846988 0.16492651529829486 0.19324851184739297
vn -0.901568551293589 0.1758517958622649 0.3952850784059466
vn -0.8762913277640314 0.3392489227897255 0.342087236347049
vn -0.9033429123126889 0.3389786816100771 0.2628022758431208
vn -0.39388037031827017 0.8121761742317619 0.43038136099069274
vn -0.5658670067175989 0.6668568252796894 0.48486751312740956
vn -0.45312867430610076 0.8213510669561797 0.3464921778793011
vn 0.13175128392234164 0.16617688526438096 0.9772547477442325
vn 0.06311290661221376 0.34889110646725624 0.9350356981671939
vn 0.08932869981595319 0.1729199011649509 0.9808766951917529
vn -0.08728419909698104 0.9757518679270369 0.20072309489666865
vn -0.015228918939812581 0.9978161576232708 0.06427282173560492
vn -0.05005126522180157 0.9977603705621152 0.04437469758147857
vn -0.08728419909698104 0.9757518679270369 0.20072309489666865
vn -0.05005126522180157 0.9977603705621152 0.04437469758147857
vn -0.1405400779217876 0.9759985183471203 0.16635918574567538
vn -0.4421013670862709 0.7782705562098828 0.4459162730347593
vn -0.45312867430610076 0.8213510669561797 0.3464921778793011
vn -0.5020718520244251 0.7813837443752294 0.37062555150840576
vn -0.4421013670862709 0.7782705562098828 0.4459162730347593
vn -0.39388037031827017 0.8121761742317619 0.43038136099069274
vn -0.45312867430610076 0.8213510669561797 0.3464921778793011
vn 0.2249276833358685 0.8638202725900909 0.4508015904270305
vn 0.13336850622380822 0.903335208216753 0.4076743101344818
vn 0.1509176808386547 0.8410191634432063 0.5195292295257039
vn 0.2249276833358685 0.8638202725900909 0.4508015904270305
vn 0.2108883733225435 0.8925981029300075 0.3984905527652111
vn 0.13336850622380822 0.903335208216753 0.4076743101344818
vn 0.20520940860703002 0.1594004963064242 0.9656503406494602
vn 0.19507939098046273 0.33916098704570685 0.9202792272353395
vn 0.06311290661221376 0.34889110646725624 0.9350356981671939
vn 0.20520940860703002 0.1594004963064242 0.9656503406494602
vn 0.06311290661221376 0.34889110646725624 0.9350356981671939
vn 0.13175128392234164 0.16617688526438096 0.9772547477442325
vn 0.050081066342278095 0.04257344416700862 0.9978373558079388
vn 0.042696533034582526 0.17875180139300043 0.9829673440992758
vn -0.03769105013421375 0.16800760114476912 0.9850648865416737
vn -0.8114239541794274 0.34120887384694076 0.47451835685453203
vn -0.7723230042726834 0.5185545032614433 0.366903807854994
vn -0.8762913277640314 0.3392489227897255 0.342087236347049
vn -0.1941014814624902 0.9191746060407266 0.342699078644722
vn -0.1405400779217876 0.9759985183471203 0.16635918574567538
vn -0.2511700626641152 0.9238360291898223 0.2888608502239204
vn 0.2249276833358685 0.8638202725900909 0.4508015904270305
vn 0.1509176808386547 0.8410191634432063 0.5195292295257039
vn 0.2891729547630978 0.7655833558291311 0.574683502034803
vn -0.6994462771456356 0.5149557709876128 0.495575886533701
vn -0.7723230042726834 0.5185545032614433 0.366903807854994
vn -0.8114239541794274 0.34120887384694076 0.47451835685453203
vn 0.050081066342278095 0.04257344416700862 0.9978373558079388
vn 0.08932869981595319 0.1729199011649509 0.9808766951917529
vn 0.042696533034582526 0.17875180139300043 0.9829673440992758
vn 0.24100840627323392 0.8358538932594313 0.49321721100209676
vn 0.2249276833358685 0.8638202725900909 0.4508015904270305
vn 0.2891729547630978 0.7655833558291311 0.574683502034803
vn -0.901568551293589 0.1758517958622649 0.3952850784059466
vn -0.8114239541794274 0.34120887384694076 0.47451835685453203
vn -0.8762913277640314 0.3392489227897255 0.342087236347049
vn -0.24198928259700805 0.9139682569106342 0.32573488064363376
vn -0.1941014814624902 0.9191746060407266 0.342699078644722
vn -0.2511700626641152 0.9238360291898223 0.2888608502239204
vn -0.24198928259700805 0.9139682569106342 0.32573488064363376
vn -0.2511700626641152 0.9238360291898223 0.2888608502239204
vn -0.3134309698361312 0.89192022284453 0.32594377310902317
vn -0.4818990825768574 0.7324927447952341 0.48086136571149835
vn -0.5020718520244251 0.7813837443752294 0.37062555150840576
vn -0.5367139742732328 0.7383859384378173 0.4083188897628119
vn -0.4818990825768574 0.7324927447952341 0.48086136571149835
vn -0.4421013670862709 0.7782705562098828 0.4459162730347593
vn -0.5020718520244251 0.7813837443752294 0.37062555150840576
vn 0.2891729547630978 0.7655833558291311 0.574683502034803
vn 0.2066489799732543 0.8370335278785609 0.5066271531246465
vn 0.2442454021109826 0.6857062179985268 0.6856757004195213
vn 0.19507939098046273 0.33916098704570685 0.9202792272353395
vn 0.23515059508995273 0.5415942773731947 0.8070810593400444
vn 0.16938250316591125 0.5105891989490463 0.842975822629464
vn -0.2660071809925494 0.8701084125667606 0.41491147253474353
vn -0.3134309698361312 0.89192022284453 0.32594377310902317
vn -0.3367829629100065 0.8621155640770541 0.3785947570551657
vn -0.4620643431556133 0.7046024013355937 0.5385461900489937
vn -0.4620643431556133 0.7046024013355937 0.5385461900489937
vn -0.4620643431556133 0.7046024013355937 0.5385461900489937
vn 0.1237251898867796 0.9761900236953182 0.17817158871496433
vn 0.0513940423788942 0.9977899935661414 0.04211628126076377
vn 0.01910489054318093 0.9978504190225999 0.06268607830894361
vn 0.050081066342278095 0.04257344416700862 0.9978373558079388
vn 0.13175128392234164 0.16617688526438096 0.9772547477442325
vn 0.08932869981595319 0.1729199011649509 0.9808766951917529
vn -0.9462379950518875 0.056002140857907806 0.3185865925294327
vn -0.9671888425846988 0.16492651529829486 0.19324851184739297
vn -0.9711858991459554 0.04901402697693553 0.23322858842681818
vn -0.9462379950518875 0.056002140857907806 0.3185865925294327
vn -0.901568551293589 0.1758517958622649 0.3952850784059466
vn -0.9671888425846988 0.16492651529829486 0.19324851184739297
vn -0.2990266116398961 0.8499887079780766 0.4337075994733351
vn -0.2660071809925494 0.8701084125667606 0.41491147253474353
vn -0.3367829629100065 0.8621155640770541 0.3785947570551657
vn 0.050081066342278095 0.04257344416700862 0.9978373558079388
vn 0.20520940860703002 0.1594004963064242 0.9656503406494602
vn 0.13175128392234164 0.16617688526438096 0.9772547477442325
vn -0.2990266116398961 0.8499887079780766 0.4337075994733351
vn -0.3367829629100065 0.8621155640770541 0.3785947570551657
vn -0.3614410752042075 0.8647057399756984 0.3487754756405706
vn -0.5448668103171952 0.6462224840616845 0.5343375900195605
vn -0.5367139742732328 0.7383859384378173 0.4083188897628119
vn -0.5956716439100558 0.6526202451691054 0.46825432004083906
vn -0.5448668103171952 0.6462224840616845 0.5343375900195605
vn -0.4818990825768574 0.7324927447952341 0.48086136571149835
vn -0.5367139742732328 0.7383859384378173 0.4083188897628119
vn -0.1941014814624902 0.9191746060407266 0.342699078644722
vn -0.08728419909698104 0.9757518679270369 0.20072309489666865
vn -0.1405400779217876 0.9759985183471203 0.16635918574567538
vn 0.160956289118055 0.044862678959138605 0.9859413841755272
vn 0.20520940860703002 0.1594004963064242 0.9656503406494602
vn 0.050081066342278095 0.04257344416700862 0.9978373558079388
vn -0.35839148584744523 0.82192288060739 0.44271697641507995
vn -0.2990266116398961 0.8499887079780766 0.4337075994733351
vn -0.3614410752042075 0.8647057399756984 0.3487754756405706
vn 0.3418756945254947 0.5039020068429448 0.7932236613921468
vn 0.2442454021109826 0.6857062179985268 0.6856757004195213
vn 0.23515059508995273 0.5415942773731947 0.8070810593400444
vn 0.2592599129866007 0.8996730571574552 0.35124448428856275
vn 0.21018229358105245 0.9169954032343255 0.339032201880773
vn 0.16138580144612985 0.9029430580939848 0.39830698830358624
vn -0.8970424111761084 0.04837244098334147 0.4392892207927108
vn -0.901568551293589 0.1758517958622649 0.3952850784059466
vn -0.9462379950518875 0.056002140857907806 0.3185865925294327
vn 0.3120565750253226 0.340042386597852 0.8871256220515233
vn 0.3418756945254947 0.5039020068429448 0.7932236613921468
vn 0.23515059508995273 0.5415942773731947 0.8070810593400444
vn 0.3120565750253226 0.340042386597852 0.8871256220515233
vn 0.23515059508995273 0.5415942773731947 0.8070810593400444
vn 0.19507939098046273 0.33916098704570685 0.9202792272353395
vn -0.33617129172881816 0.7880112949268723 0.515778112840252
vn -0.35839148584744523 0.82192288060739 0.44271697641507995
vn -0.3614410752042075 0.8647057399756984 0.3487754756405706
vn -0.33617129172881816 0.7880112949268723 0.515778112840252
vn -0.3614410752042075 0.8647057399756984 0.3487754756405706
vn -0.39388037031827017 0.8121761742317619 0.43038136099069274
vn -0.3676095648056542 0.80727607959595 0.4617017859783422
vn -0.33617129172881816 0.7880112949268723 0.515778112840252
vn -0.39388037031827017 0.8121761742317619 0.43038136099069274
vn -0.3676095648056542 0.80727607959595 0.4617017859783422
vn -0.39388037031827017 0.8121761742317619 0.43038136099069274
vn -0.4421013670862709 0.7782705562098828 0.4459162730347593
vn 0.2592599129866007 0.8996730571574552 0.35124448428856275
vn 0.16138580144612985 0.9029430580939848 0.39830698830358624
vn 0.2108883733225435 0.8925981029300075 0.3984905527652111
vn -0.2660071809925494 0.8701084125667606 0.41491147253474353
vn -0.1941014814624902 0.9191746060407266 0.342699078644722
vn -0.24198928259700805 0.9139682569106342 0.32573488064363376
vn 0.25447057888424934 0.8913794479471563 0.3750831964507846
vn 0.2592599129866007 0.8996730571574552 0.35124448428856275
vn 0.2108883733225435 0.8925981029300075 0.3984905527652111
vn 0.2270316934196588 0.9097139857682541 0.34767380442109674
vn 0.2108883733225435 0.8925981029300075 0.3984905527652111
vn 0.2249276833358685 0.8638202725900909 0.4508015904270305
vn 0.2270316934196588 0.9097139857682541 0.34767380442109674
vn 0.25447057888424934 0.8913794479471563 0.3750831964507846
vn 0.2108883733225435 0.8925981029300075 0.3984905527652111
vn -0.5448668103171952 0.6462224840616845 0.5343375900195605
vn -0.5956716439100558 0.6526202451691054 0.46825432004083906
vn -0.6994462771456356 0.5149557709876128 0.495575886533701
vn -0.718630089146478 0.34800771541836717 0.6020476932790408
vn -0.6994462771456356 0.5149557709876128 0.495575886533701
vn -0.8114239541794274 0.34120887384694076 0.47451835685453203
vn -0.3676095648056542 0.80727607959595 0.4617017859783422
vn -0.4421013670862709 0.7782705562098828 0.4459162730347593
vn -0.4818990825768574 0.7324927447952341 0.48086136571149835
vn -0.1998998821631467 -0.923873365318116 -0.32634037746950484
vn -0.1998998821631467 -0.923873365318116 -0.32634037746950484
vn -0.1998998821631467 -0.923873365318116 -0.32634037746950484
vn 0.25447057888424934 0.8913794479471563 0.3750831964507846
vn 0.2249276833358685 0.8638202725900909 0.4508015904270305
vn 0.24100840627323392 0.8358538932594313 0.49321721100209676
vn 0.2979306611385237 0.8664773201819738 0.4005675657911255
vn 0.25447057888424934 0.8913794479471563 0.3750831964507846
vn 0.24100840627323392 0.8358538932594313 0.49321721100209676
vn 0.2979306611385237 0.8664773201819738 0.4005675657911255
vn 0.24100840627323392 0.8358538932594313 0.49321721100209676
vn 0.2891729547630978 0.7655833558291311 0.574683502034803
vn -0.4289249999163529 0.7090051643503305 0.5597633619408452
vn -0.3676095648056542 0.80727607959595 0.4617017859783422
vn -0.4818990825768574 0.7324927447952341 0.48086136571149835
vn -0.4289249999163529 0.7090051643503305 0.5597633619408452
vn -0.4818990825768574 0.7324927447952341 0.48086136571149835
vn -0.5448668103171952 0.6462224840616845 0.5343375900195605
vn 0.3761152718358829 0.6272859728928375 0.6819454600653239
vn 0.2891729547630978 0.7655833558291311 0.574683502034803
vn 0.2442454021109826 0.6857062179985268 0.6856757004195213
vn 0.3761152718358829 0.6272859728928375 0.6819454600653239
vn 0.2442454021109826 0.6857062179985268 0.6856757004195213
vn 0.3418756945254947 0.5039020068429448 0.7932236613921468
vn 0.38985055299467636 0.7378289626580604 0.5510217492918728
vn 0.2979306611385237 0.8664773201819738 0.4005675657911255
vn 0.2891729547630978 0.7655833558291311 0.574683502034803
vn -0.6221719559430471 0.5073573732224047 0.5962302852714418
vn -0.5448668103171952 0.6462224840616845 0.5343375900195605
vn -0.6994462771456356 0.5149557709876128 0.495575886533701
vn 0.4471953934829921 0.3418131864681647 0.8265470498429426
vn 0.3418756945254947 0.5039020068429448 0.7932236613921468
vn 0.3120565750253226 0.340042386597852 0.8871256220515233
vn 0.33528807278038214 0.16242518787901594 0.9280086026506884
vn 0.3120565750253226 0.340042386597852 0.8871256220515233
vn 0.19507939098046273 0.33916098704570685 0.9202792272353395
vn 0.33528807278038214 0.16242518787901594 0.9280086026506884
vn 0.19507939098046273 0.33916098704570685 0.9202792272353395
vn 0.20520940860703002 0.1594004963064242 0.9656503406494602
vn -0.178051065213647 0.8797871860686356 0.4407633439905339
vn -0.2660071809925494 0.8701084125667606 0.41491147253474353
vn -0.2990266116398961 0.8499887079780766 0.4337075994733351
vn 0.26661905906333216 0.9248960108354566 0.2710749831409054
vn 0.1237251898867796 0.9761900236953182 0.17817158871496433
vn 0.21018229358105245 0.9169954032343255 0.339032201880773
vn -0.8213417991867333 0.1728626908421687 0.5436139613949448
vn -0.718630089146478 0.34800771541836717 0.6020476932790408
vn -0.8114239541794274 0.34120887384694076 0.47451835685453203
vn -0.8213417991867333 0.1728626908421687 0.5436139613949448
vn -0.8114239541794274 0.34120887384694076 0.47451835685453203
vn -0.901568551293589 0.1758517958622649 0.3952850784059466
vn -0.48672338367398277 0.6406327956677693 0.5938770654772308
vn -0.4289249999163529 0.7090051643503305 0.5597633619408452
vn -0.5448668103171952 0.6462224840616845 0.5343375900195605
vn -0.24772748970076114 0.8513441894581177 0.4624328728826053
vn -0.2990266116398961 0.8499887079780766 0.4337075994733351
vn -0.35839148584744523 0.82192288060739 0.44271697641507995
vn 0.3419075847689964 0.8663207740156932 0.3641256925654685
vn 0.26661905906333216 0.9248960108354566 0.2710749831409054
vn 0.21018229358105245 0.9169954032343255 0.339032201880773
vn -0.39135327000278297 0.6906898452739074 0.6081037376086702
vn -0.3676095648056542 0.80727607959595 0.4617017859783422
vn -0.4289249999163529 0.7090051643503305 0.5597633619408452
vn 0.29686108174590226 0.0418724379630216 0.954002199726859
vn 0.20520940860703002 0.1594004963064242 0.9656503406494602
vn 0.160956289118055 0.044862678959138605 0.9859413841755272
vn -0.33617129172881816 0.7880112949268723 0.515778112840252
vn -0.24772748970076114 0.8513441894581177 0.4624328728826053
vn -0.35839148584744523 0.82192288060739 0.44271697641507995
vn 0.3419075847689964 0.8663207740156932 0.3641256925654685
vn 0.21018229358105245 0.9169954032343255 0.339032201880773
vn 0.2592599129866007 0.8996730571574552 0.35124448428856275
vn 0.44228356724389245 0.4995374639779892 0.7448809087555248
vn 0.3418756945254947 0.5039020068429448 0.7932236613921468
vn 0.4471953934829921 0.3418131864681647 0.8265470498429426
vn 0.44228356724389245 0.4995374639779892 0.7448809087555248
vn 0.3761152718358829 0.6272859728928375 0.6819454600653239
vn 0.3418756945254947 0.5039020068429448 0.7932236613921468
vn -0.48672338367398277 0.6406327956677693 0.5938770654772308
vn -0.5448668103171952 0.6462224840616845 0.5343375900195605
vn -0.6221719559430471 0.5073573732224047 0.5962302852714418
vn 0.38985055299467636 0.7378289626580604 0.5510217492918728
vn 0.2891729547630978 0.7655833558291311 0.574683502034803
vn 0.3761152718358829 0.6272859728928375 0.6819454600653239
vn 0.16962678915543764 0.9744538771126772 0.14719508748897922
vn 0.0513940423788942 0.9977899935661414 0.04211628126076377
vn 0.1237251898867796 0.9761900236953182 0.17817158871496433
vn 0.4056306570382442 0.7857473069018645 0.4669742388689011
vn 0.2979306611385237 0.8664773201819738 0.4005675657911255
vn 0.38985055299467636 0.7378289626580604 0.5510217492918728
vn 0.3419075847689964 0.8663207740156932 0.3641256925654685
vn 0.2592599129866007 0.8996730571574552 0.35124448428856275
vn 0.25447057888424934 0.8913794479471563 0.3750831964507846
vn -0.718630089146478 0.34800771541836717 0.6020476932790408
vn -0.6221719559430471 0.5073573732224047 0.5962302852714418
vn -0.6994462771456356 0.5149557709876128 0.495575886533701
vn 0.2979306611385237 0.8664773201819738 0.4005675657911255
vn 0.3419075847689964 0.8663207740156932 0.3641256925654685
vn 0.25447057888424934 0.8913794479471563 0.3750831964507846
vn 0.4310257123054547 0.16623920149157528 0.8868942232414296
vn 0.4471953934829921 0.3418131864681647 0.8265470498429426
vn 0.3120565750253226 0.340042386597852 0.8871256220515233
vn 0.4310257123054547 0.16623920149157528 0.8868942232414296
vn 0.3120565750253226 0.340042386597852 0.8871256220515233
vn 0.33528807278038214 0.16242518787901594 0.9280086026506884
vn 0.29686108174590226 0.0418724379630216 0.954002199726859
vn 0.4310257123054547 0.16623920149157528 0.8868942232414296
vn 0.33528807278038214 0.16242518787901594 0.9280086026506884
vn 0.29686108174590226 0.0418724379630216 0.954002199726859
vn 0.33528807278038214 0.16242518787901594 0.9280086026506884
vn 0.20520940860703002 0.1594004963064242 0.9656503406494602
vn 0.4056306570382442 0.7857473069018645 0.4669742388689011
vn 0.3419075847689964 0.8663207740156932 0.3641256925654685
vn 0.2979306611385237 0.8664773201819738 0.4005675657911255
vn 0.4056306570382442 0.7857473069018645 0.4669742388689011
vn 0.4026122215061089 0.8394060985000866 0.3651038220763769
vn 0.3419075847689964 0.8663207740156932 0.3641256925654685
vn 0.4995705452070553 0.5417481624760319 0.6759720399656841
vn 0.38985055299467636 0.7378289626580604 0.5510217492918728
vn 0.3761152718358829 0.6272859728928375 0.6819454600653239
vn -0.8370616552426036 0.04599302698565499 0.5451719240672702
vn -0.901568551293589 0.1758517958622649 0.3952850784059466
vn -0.8970424111761084 0.04837244098334147 0.4392892207927108
vn -0.8370616552426036 0.04599302698565499 0.5451719240672702
vn -0.8213417991867333 0.1728626908421687 0.5436139613949448
vn -0.901568551293589 0.1758517958622649 0.3952850784059466
vn -0.39135327000278297 0.6906898452739074 0.6081037376086702
vn -0.33617129172881816 0.7880112949268723 0.515778112840252
vn -0.3676095648056542 0.80727607959595 0.4617017859783422
vn 0.4995705452070553 0.5417481624760319 0.6759720399656841
vn 0.3761152718358829 0.6272859728928375 0.6819454600653239
vn 0.44228356724389245 0.4995374639779892 0.7448809087555248
vn -0.5507577756077453 0.4859645751496253 0.6786046745397887
vn -0.6221719559430471 0.5073573732224047 0.5962302852714418
vn -0.718630089146478 0.34800771541836717 0.6020476932790408
vn -0.5507577756077453 0.4859645751496253 0.6786046745397887
vn -0.48672338367398277 0.6406327956677693 0.5938770654772308
vn -0.6221719559430471 0.5073573732224047 0.5962302852714418
vn 0.26661905906333216 0.9248960108354566 0.2710749831409054
vn 0.16962678915543764 0.9744538771126772 0.14719508748897922
vn 0.1237251898867796 0.9761900236953182 0.17817158871496433
vn -0.178051065213647 0.8797871860686356 0.4407633439905339
vn -0.1941014814624902 0.9191746060407266 0.342699078644722
vn -0.2660071809925494 0.8701084125667606 0.41491147253474353
vn 0.5272278601910223 0.6437215580647845 0.5546650693175498
vn 0.38985055299467636 0.7378289626580604 0.5510217492918728
vn 0.4995705452070553 0.5417481624760319 0.6759720399656841
vn 0.35993979252067665 0.8888626313702119 0.28348997921230845
vn 0.26661905906333216 0.9248960108354566 0.2710749831409054
vn 0.3419075847689964 0.8663207740156932 0.3641256925654685
vn -0.43780892492987405 0.608995548563215 0.661398342212873
vn -0.4289249999163529 0.7090051643503305 0.5597633619408452
vn -0.48672338367398277 0.6406327956677693 0.5938770654772308
vn -0.24772748970076114 0.8513441894581177 0.4624328728826053
vn -0.178051065213647 0.8797871860686356 0.4407633439905339
vn -0.2990266116398961 0.8499887079780766 0.4337075994733351
vn -0.7374392949296332 0.16343120186866916 0.6553422987641251
vn -0.718630089146478 0.34800771541836717 0.6020476932790408
vn -0.8213417991867333 0.1728626908421687 0.5436139613949448
vn -0.25724509988374805 0.7972186999049011 0.5461385383835676
vn -0.24772748970076114 0.8513441894581177 0.4624328728826053
vn -0.33617129172881816 0.7880112949268723 0.515778112840252
vn 0.40813725927753497 0.044588975325392764 0.9118310155225329
vn 0.4310257123054547 0.16623920149157528 0.8868942232414296
vn 0.29686108174590226 0.0418724379630216 0.954002199726859
vn 0.4536417828914785 0.7749206605194382 0.44012169080284835
vn 0.4056306570382442 0.7857473069018645 0.4669742388689011
vn 0.38985055299467636 0.7378289626580604 0.5510217492918728
vn 0.4536417828914785 0.7749206605194382 0.44012169080284835
vn 0.38985055299467636 0.7378289626580604 0.5510217492918728
vn 0.5272278601910223 0.6437215580647845 0.5546650693175498
vn -0.19822519537098773 0.8414881025412349 0.502597796654229
vn -0.24772748970076114 0.8513441894581177 0.4624328728826053
vn -0.25724509988374805 0.7972186999049011 0.5461385383835676
vn -0.5507577756077453 0.4859645751496253 0.6786046745397887
vn -0.43780892492987405 0.608995548563215 0.661398342212873
vn -0.48672338367398277 0.6406327956677693 0.5938770654772308
vn -0.03384541629036676 0.9755667185411565 0.21708078098019595
vn -0.015228918939812581 0.9978161576232708 0.06427282173560492
vn -0.08728419909698104 0.9757518679270369 0.20072309489666865
vn -0.43780892492987405 0.608995548563215 0.661398342212873
vn -0.39135327000278297 0.6906898452739074 0.6081037376086702
vn -0.4289249999163529 0.7090051643503305 0.5597633619408452
vn -0.4404543005192152 0.530150468665454 0.724527770156485
vn -0.43780892492987405 0.608995548563215 0.661398342212873
vn -0.5507577756077453 0.4859645751496253 0.6786046745397887
vn -0.27729850963361596 0.7038974154722066 0.6539372791380861
vn -0.25724509988374805 0.7972186999049011 0.5461385383835676
vn -0.33617129172881816 0.7880112949268723 0.515778112840252
vn -0.648870243381294 0.23527300853122893 0.7236117872941019
vn -0.718630089146478 0.34800771541836717 0.6020476932790408
vn -0.7374392949296332 0.16343120186866916 0.6553422987641251
vn -0.648870243381294 0.23527300853122893 0.7236117872941019
vn -0.5507577756077453 0.4859645751496253 0.6786046745397887
vn -0.718630089146478 0.34800771541836717 0.6020476932790408
vn -0.08002077649950186 0.91837738358782 0.387530200942852
vn -0.08728419909698104 0.9757518679270369 0.20072309489666865
vn -0.1941014814624902 0.9191746060407266 0.342699078644722
vn 0.19788369980043324 0.9763262490767641 0.08734470056613783
vn 0.0513940423788942 0.9977899935661414 0.04211628126076377
vn 0.16962678915543764 0.9744538771126772 0.14719508748897922
vn -0.178051065213647 0.8797871860686356 0.4407633439905339
vn -0.08002077649950186 0.91837738358782 0.387530200942852
vn -0.1941014814624902 0.9191746060407266 0.342699078644722
vn 0.5760212516022827 0.1779274634867651 0.7978354062334572
vn 0.4471953934829921 0.3418131864681647 0.8265470498429426
vn 0.4310257123054547 0.16623920149157528 0.8868942232414296
vn 0.35993979252067665 0.8888626313702119 0.28348997921230845
vn 0.3419075847689964 0.8663207740156932 0.3641256925654685
vn 0.4026122215061089 0.8394060985000866 0.3651038220763769
vn -0.27729850963361596 0.7038974154722066 0.6539372791380861
vn -0.33617129172881816 0.7880112949268723 0.515778112840252
vn -0.39135327000278297 0.6906898452739074 0.6081037376086702
vn 0.43572137822426577 0.8405574765166598 0.32188508699579615
vn 0.4026122215061089 0.8394060985000866 0.3651038220763769
vn 0.4056306570382442 0.7857473069018645 0.4669742388689011
vn 0.43572137822426577 0.8405574765166598 0.32188508699579615
vn 0.4056306570382442 0.7857473069018645 0.4669742388689011
vn 0.4536417828914785 0.7749206605194382 0.44012169080284835
vn 0.5272278601910223 0.6437215580647845 0.5546650693175498
vn 0.4995705452070553 0.5417481624760319 0.6759720399656841
vn 0.6073932619526592 0.49077933799033385 0.6246671647655877
vn 0.5919258532233512 0.33910226465113263 0.7311863226252805
vn 0.4471953934829921 0.3418131864681647 0.8265470498429426
vn 0.5760212516022827 0.1779274634867651 0.7978354062334572
vn 0.5919258532233512 0.33910226465113263 0.7311863226252805
vn 0.44228356724389245 0.4995374639779892 0.7448809087555248
vn 0.4471953934829921 0.3418131864681647 0.8265470498429426
vn 0.5919258532233512 0.33910226465113263 0.7311863226252805
vn 0.4995705452070553 0.5417481624760319 0.6759720399656841
vn 0.44228356724389245 0.4995374639779892 0.7448809087555248
vn -0.7472631785483657 0.04080413947350249 0.6632742752343259
vn -0.7374392949296332 0.16343120186866916 0.6553422987641251
vn -0.8213417991867333 0.1728626908421687 0.5436139613949448
vn -0.7472631785483657 0.04080413947350249 0.6632742752343259
vn -0.8213417991867333 0.1728626908421687 0.5436139613949448
vn -0.8370616552426036 0.04599302698565499 0.5451719240672702
vn 0.30241910153595986 0.9311238690619201 0.20384069144639103
vn 0.16962678915543764 0.9744538771126772 0.14719508748897922
vn 0.26661905906333216 0.9248960108354566 0.2710749831409054
vn 0.5609771596018046 0.6937060935754246 0.4517482508448879
vn 0.4536417828914785 0.7749206605194382 0.44012169080284835
vn 0.5272278601910223 0.6437215580647845 0.5546650693175498
vn -0.5069004347496038 0.35207426896949584 0.7868263203403006
vn -0.5507577756077453 0.4859645751496253 0.6786046745397887
vn -0.648870243381294 0.23527300853122893 0.7236117872941019
vn 0.4027341842711361 0.887504683724163 0.2239209976467947
vn 0.19788369980043324 0.9763262490767641 0.08734470056613783
vn 0.16962678915543764 0.9744538771126772 0.14719508748897922
vn 0.4027341842711361 0.887504683724163 0.2239209976467947
vn 0.16962678915543764 0.9744538771126772 0.14719508748897922
vn 0.30241910153595986 0.9311238690619201 0.20384069144639103
vn -0.12219778229724693 0.8459541050245628 0.5190658476472189
vn -0.32771796106651074 0.6216203592856098 0.7114696528426482
vn -0.178051065213647 0.8797871860686356 0.4407633439905339
vn -0.12219778229724693 0.8459541050245628 0.5190658476472189
vn -0.178051065213647 0.8797871860686356 0.4407633439905339
vn -0.24772748970076114 0.8513441894581177 0.4624328728826053
vn -0.08002077649950186 0.91837738358782 0.387530200942852
vn -0.03384541629036676 0.9755667185411565 0.21708078098019595
vn -0.08728419909698104 0.9757518679270369 0.20072309489666865
vn 0.35993979252067665 0.8888626313702119 0.28348997921230845
vn 0.30241910153595986 0.9311238690619201 0.20384069144639103
vn 0.26661905906333216 0.9248960108354566 0.2710749831409054
vn -0.12219778229724693 0.8459541050245628 0.5190658476472189
vn -0.24772748970076114 0.8513441894581177 0.4624328728826053
vn -0.19822519537098773 0.8414881025412349 0.502597796654229
vn -0.648870243381294 0.23527300853122893 0.7236117872941019
vn -0.7374392949296332 0.16343120186866916 0.6553422987641251
vn -0.7472631785483657 0.04080413947350249 0.6632742752343259
vn 0.35500169171596413 0.907982835728125 0.22257800633017677
vn 0.30241910153595986 0.9311238690619201 0.20384069144639103
vn 0.35993979252067665 0.8888626313702119 0.28348997921230845
vn 0.5266711569623493 0.049105519965096725 0.8486495980868065
vn 0.5760212516022827 0.1779274634867651 0.7978354062334572
vn 0.4310257123054547 0.16623920149157528 0.8868942232414296
vn 0.5266711569623493 0.049105519965096725 0.8486495980868065
vn 0.4310257123054547 0.16623920149157528 0.8868942232414296
vn 0.40813725927753497 0.044588975325392764 0.9118310155225329
vn -0.18647389105053608 0.7803216572873083 0.5969301459340628
vn -0.19822519537098773 0.8414881025412349 0.502597796654229
vn -0.25724509988374805 0.7972186999049011 0.5461385383835676
vn -0.08002077649950186 0.91837738358782 0.387530200942852
vn -0.178051065213647 0.8797871860686356 0.4407633439905339
vn -0.12384580395047247 0.9127605196728473 0.38926912357701166
vn -0.3774939977574096 0.5982405987369049 0.7068284570389326
vn -0.39135327000278297 0.6906898452739074 0.6081037376086702
vn -0.43780892492987405 0.608995548563215 0.661398342212873
vn -0.3774939977574096 0.5982405987369049 0.7068284570389326
vn -0.27729850963361596 0.7038974154722066 0.6539372791380861
vn -0.39135327000278297 0.6906898452739074 0.6081037376086702
vn -0.3774939977574096 0.5982405987369049 0.7068284570389326
vn -0.43780892492987405 0.608995548563215 0.661398342212873
vn -0.4404543005192152 0.530150468665454 0.724527770156485
vn -0.3297285931857518 0.6192329930863769 0.712621607242604
vn -0.27729850963361596 0.7038974154722066 0.6539372791380861
vn -0.3774939977574096 0.5982405987369049 0.7068284570389326
vn 0.5919258532233512 0.33910226465113263 0.7311863226252805
vn 0.6073932619526592 0.49077933799033385 0.6246671647655877
vn 0.4995705452070553 0.5417481624760319 0.6759720399656841
vn -0.5069004347496038 0.35207426896949584 0.7868263203403006
vn -0.4404543005192152 0.530150468665454 0.724527770156485
vn -0.5507577756077453 0.4859645751496253 0.6786046745397887
vn -0.18647389105053608 0.7803216572873083 0.5969301459340628
vn -0.25724509988374805 0.7972186999049011 0.5461385383835676
vn -0.27729850963361596 0.7038974154722066 0.6539372791380861
vn 0.4540994792203134 0.8390417748312593 0.2996707577656693
vn 0.35993979252067665 0.8888626313702119 0.28348997921230845
vn 0.4026122215061089 0.8394060985000866 0.3651038220763769
vn 0.6670687693556772 0.5330262699381959 0.5204827110539563
vn 0.5609771596018046 0.6937060935754246 0.4517482508448879
vn 0.5272278601910223 0.6437215580647845 0.5546650693175498
vn 0.6670687693556772 0.5330262699381959 0.5204827110539563
vn 0.5272278601910223 0.6437215580647845 0.5546650693175498
vn 0.6073932619526592 0.49077933799033385 0.6246671647655877
vn 0.5824839534711341 0.7230236607189431 0.371415171996536
vn 0.4026122215061089 0.8394060985000866 0.3651038220763769
vn 0.43572137822426577 0.8405574765166598 0.32188508699579615
vn 0.5824839534711341 0.7230236607189431 0.371415171996536
vn 0.4540994792203134 0.8390417748312593 0.2996707577656693
vn 0.4026122215061089 0.8394060985000866 0.3651038220763769
vn -0.5583776813545928 0.16907590572921405 0.8121746752188932
vn -0.5069004347496038 0.35207426896949584 0.7868263203403006
vn -0.648870243381294 0.23527300853122893 0.7236117872941019
vn -0.32912666008763153 0.5123375716987841 0.7932123639009631
vn -0.3774939977574096 0.5982405987369049 0.7068284570389326
vn -0.4404543005192152 0.530150468665454 0.724527770156485
vn -0.32912666008763153 0.5123375716987841 0.7932123639009631
vn -0.3297285931857518 0.6192329930863769 0.712621607242604
vn -0.3774939977574096 0.5982405987369049 0.7068284570389326
vn 0.5824839534711341 0.7230236607189431 0.371415171996536
vn 0.43572137822426577 0.8405574765166598 0.32188508699579615
vn 0.4536417828914785 0.7749206605194382 0.44012169080284835
vn 0.6670687693556772 0.5330262699381959 0.5204827110539563
vn 0.5824839534711341 0.7230236607189431 0.371415171996536
vn 0.5609771596018046 0.6937060935754246 0.4517482508448879
vn -0.18647389105053608 0.7803216572873083 0.5969301459340628
vn -0.12219778229724693 0.8459541050245628 0.5190658476472189
vn -0.19822519537098773 0.8414881025412349 0.502597796654229
vn 0.720804631002824 0.34776729311199933 0.599582015879759
vn 0.6073932619526592 0.49077933799033385 0.6246671647655877
vn 0.5919258532233512 0.33910226465113263 0.7311863226252805
vn -0.648870243381294 0.23527300853122893 0.7236117872941019
vn -0.7472631785483657 0.04080413947350249 0.6632742752343259
vn -0.6042454270082658 0.04638879767215882 0.7954467571057978
vn -0.08002077649950186 0.91837738358782 0.387530200942852
vn -0.12384580395047247 0.9127605196728473 0.38926912357701166
vn -0.12219778229724693 0.8459541050245628 0.5190658476472189
vn 0.016144687330136027 0.9761007440427333 0.21671798852479887
vn -0.015228918939812581 0.9978161576232708 0.06427282173560492
vn -0.03384541629036676 0.9755667185411565 0.21708078098019595
vn 0.5824839534711341 0.7230236607189431 0.371415171996536
vn 0.4536417828914785 0.7749206605194382 0.44012169080284835
vn 0.5609771596018046 0.6937060935754246 0.4517482508448879
vn 0.43905248736686253 0.8759685058707911 0.19978010426332424
vn 0.4027341842711361 0.887504683724163 0.2239209976467947
vn 0.30241910153595986 0.9311238690619201 0.20384069144639103
vn 0.43905248736686253 0.8759685058707911 0.19978010426332424
vn 0.30241910153595986 0.9311238690619201 0.20384069144639103
vn 0.35500169171596413 0.907982835728125 0.22257800633017677
vn 0.699981903117919 0.17417150119924335 0.6925962918449812
vn 0.5919258532233512 0.33910226465113263 0.7311863226252805
vn 0.5760212516022827 0.1779274634867651 0.7978354062334572
vn -0.1733181020140875 -0.005218743783936566 -0.9848520702255501
vn -0.022981099567691173 -0.012024639992287395 -0.9996635819593088
vn -0.27247506124209825 0.005523919076008426 -0.9621469884166122
vn -0.1733181020140875 -0.005218743783936566 -0.9848520702255501
vn -0.09610354408319026 -0.00216680701007454 -0.9953689837251468
vn -0.022981099567691173 -0.012024639992287395 -0.9996635819593088
vn 0.9928178453377842 0.012665390371479937 -0.11896349803859071
vn 0.999854645331744 0.012665269231839273 0.011413989829035858
vn 0.9995475455369333 -0.004974543604523161 -0.029664088171035528
vn -0.3015882131229938 0.038789571056938796 -0.9526488959120767
vn -0.1733181020140875 -0.005218743783936566 -0.9848520702255501
vn -0.27247506124209825 0.005523919076008426 -0.9621469884166122
vn 0.9778281068549481 -0.005768060344969496 -0.20932969909767932
vn 0.9995475455369333 -0.004974543604523161 -0.029664088171035528
vn 0.9593687653613239 -0.0018311138264971681 -0.28214928508015663
vn 0.9778281068549481 -0.005768060344969496 -0.20932969909767932
vn 0.9928178453377842 0.012665390371479937 -0.11896349803859071
vn 0.9995475455369333 -0.004974543604523161 -0.029664088171035528
vn 0.9342990095060455 0.011475020301335853 -0.35630560582890997
vn 0.9778281068549481 -0.005768060344969496 -0.20932969909767932
vn 0.9593687653613239 -0.0018311138264971681 -0.28214928508015663
vn -0.39635566493575947 0.00466942654736306 -0.9180851721540059
vn -0.27247506124209825 0.005523919076008426 -0.9621469884166122
vn -0.501362197848428 -0.0004272629973629412 -0.8652374032685625
vn -0.39635566493575947 0.00466942654736306 -0.9180851721540059
vn -0.3015882131229938 0.038789571056938796 -0.9526488959120767
vn -0.27247506124209825 0.005523919076008426 -0.9621469884166122
vn 0.8893044366403098 0.013397988524993847 -0.4571193639251627
vn 0.9593687653613239 -0.0018311138264971681 -0.28214928508015663
vn 0.887736602364179 0.0017090429008064483 -0.4603485679300707
vn 0.8893044366403098 0.013397988524993847 -0.4571193639251627
vn 0.9342990095060455 0.011475020301335853 -0.35630560582890997
vn 0.9593687653613239 -0.0018311138264971681 -0.28214928508015663
vn 0.8285301998509415 0.006897270276046079 -0.5599018981908332
vn 0.887736602364179 0.0017090429008064483 -0.4603485679300707
vn 0.7777910791479787 0.001983761079457536 -0.6285197704844313
vn 0.8285301998509415 0.006897270276046079 -0.5599018981908332
vn 0.8893044366403098 0.013397988524993847 -0.4571193639251627
vn 0.887736602364179 0.0017090429008064483 -0.4603485679300707
vn -0.5416835466825863 0.012055028983976075 -0.8404960508708946
vn -0.39635566493575947 0.00466942654736306 -0.9180851721540059
vn -0.501362197848428 -0.0004272629973629412 -0.8652374032685625
vn 0.7359288745448244 0.011169849613474874 -0.6769667097212392
vn 0.8285301998509415 0.006897270276046079 -0.5599018981908332
vn 0.7777910791479787 0.001983761079457536 -0.6285197704844313
vn 0.6646769635706519 0.01300113926179627 -0.7470177404027255
vn 0.7777910791479787 0.001983761079457536 -0.6285197704844313
vn 0.6440426345315085 0.00015259501205800273 -0.7649895826875529
vn 0.6646769635706519 0.01300113926179627 -0.7470177404027255
vn 0.7359288745448244 0.011169849613474874 -0.6769667097212392
vn 0.7777910791479787 0.001983761079457536 -0.6285197704844313
vn -0.6180147574951592 0.0057681194007424995 -0.7861453353654008
vn -0.501362197848428 -0.0004272629973629412 -0.8652374032685625
vn -0.6867399665427503 0.0004883049883218003 -0.7269030058481672
vn -0.6180147574951592 0.0057681194007424995 -0.7861453353654008
vn -0.5416835466825863 0.012055028983976075 -0.8404960508708946
vn -0.501362197848428 -0.0004272629973629412 -0.8652374032685625
vn 0.5626458076538046 0.007446587280180766 -0.8266645289762207
vn 0.6646769635706519 0.01300113926179627 -0.7470177404027255
vn 0.6440426345315085 0.00015259501205800273 -0.7649895826875529
vn 0.4736501766540564 -0.002838193841092079 -0.8807084959345525
vn 0.5626458076538046 0.007446587280180766 -0.8266645289762207
vn 0.6440426345315085 0.00015259501205800273 -0.7649895826875529
vn 0.4616954840119956 0.030214068870898433 -0.8865237673549389
vn 0.5626458076538046 0.007446587280180766 -0.8266645289762207
vn 0.4736501766540564 -0.002838193841092079 -0.8807084959345525
vn -0.7286142796365442 0.007751822101171631 -0.6848803842743868
vn -0.6180147574951592 0.0057681194007424995 -0.7861453353654008
vn -0.6867399665427503 0.0004883049883218003 -0.7269030058481672
vn -0.8421670195422949 -0.003296016714285967 -0.5392066834425063
vn -0.7286142796365442 0.007751822101171631 -0.6848803842743868
vn -0.6867399665427503 0.0004883049883218003 -0.7269030058481672
vn -0.7942265324220369 0.009857594100205116 -0.6075418035291257
vn -0.7286142796365442 0.007751822101171631 -0.6848803842743868
vn -0.8421670195422949 -0.003296016714285967 -0.5392066834425063
vn 0.34737188150517184 -0.009613571834253477 -0.9376781724963765
vn 0.4616954840119956 0.030214068870898433 -0.8865237673549389
vn 0.4736501766540564 -0.002838193841092079 -0.8807084959345525
vn 0.23524007743790915 -0.01089524968512132 -0.9718762264307658
vn 0.34737188150517184 -0.009613571834253477 -0.9376781724963765
vn 0.4736501766540564 -0.002838193841092079 -0.8807084959345525
vn -0.8779675248222131 0.0008850479381295717 -0.4787193771383229
vn -0.7942265324220369 0.009857594100205116 -0.6075418035291257
vn -0.8421670195422949 -0.003296016714285967 -0.5392066834425063
vn 0.23731898761924258 0.03439532893020396 -0.9708226714818525
vn 0.34737188150517184 -0.009613571834253477 -0.9376781724963765
vn 0.23524007743790915 -0.01089524968512132 -0.9718762264307658
vn -0.9509005671033572 0.0020447371329527764 -0.3094897906758325
vn -0.8779675248222131 0.0008850479381295717 -0.4787193771383229
vn -0.8421670195422949 -0.003296016714285967 -0.5392066834425063
vn -0.9206151440092091 0.007294057461277884 -0.39040306523726864
vn -0.8779675248222131 0.0008850479381295717 -0.4787193771383229
vn -0.9509005671033572 0.0020447371329527764 -0.3094897906758325
vn 0.11499738926517664 0.1482635915553387 -0.9822390278752443
vn 0.23731898761924258 0.03439532893020396 -0.9708226714818525
vn 0.23524007743790915 -0.01089524968512132 -0.9718762264307658
vn -0.9702806160155867 0.01330613942569228 -0.2416163753515017
vn -0.9206151440092091 0.007294057461277884 -0.39040306523726864
vn -0.9509005671033572 0.0020447371329527764 -0.3094897906758325
vn -0.022981099567691173 -0.012024639992287395 -0.9996635819593088
vn 0.11499738926517664 0.1482635915553387 -0.9822390278752443
vn 0.23524007743790915 -0.01089524968512132 -0.9718762264307658
vn -0.9934920115747381 -0.0028077359433348317 -0.11386720140608014
vn -0.9702806160155867 0.01330613942569228 -0.2416163753515017
vn -0.9509005671033572 0.0020447371329527764 -0.3094897906758325
vn -0.9910271317937648 0.010498640286578828 -0.1332478990481922
vn -0.9702806160155867 0.01330613942569228 -0.2416163753515017
vn -0.9934920115747381 -0.0028077359433348317 -0.11386720140608014
vn 0.012024339956949704 0.022644869488190843 -0.9996712585317548
vn 0.11499738926517664 0.1482635915553387 -0.9822390278752443
vn -0.022981099567691173 -0.012024639992287395 -0.9996635819593088
vn -0.9997609100585709 0.002441464652123959 -0.021729288281261333
vn -0.9934920115747381 -0.0028077359433348317 -0.11386720140608014
vn -0.9962561957036328 0.0018921490265049995 0.08642923286820337
vn -0.9997609100585709 0.002441464652123959 -0.021729288281261333
vn -0.9910271317937648 0.010498640286578828 -0.1332478990481922
vn -0.9934920115747381 -0.0028077359433348317 -0.11386720140608014
vn -0.09610354408319026 -0.00216680701007454 -0.9953689837251468
vn 0.012024339956949704 0.022644869488190843 -0.9996712585317548
vn -0.022981099567691173 -0.012024639992287395 -0.9996635819593088
vn 0.9574100710307071 0.005523919908665394 -0.2886787872321401
vn 0.9504269818002141 0.045900750231367346 -0.3075413360742471
vn 0.9865145829933103 0.04681556741448765 -0.1568352007337463
vn 0.9574100710307071 0.005523919908665394 -0.2886787872321401
vn 0.9244705221830194 -0.0033569926540136952 -0.381238749624138
vn 0.9504269818002141 0.045900750231367346 -0.3075413360742471
vn 0.982862272231085 0.00372326296064273 -0.18430380120245604
vn 0.9574100710307071 0.005523919908665394 -0.2886787872321401
vn 0.9865145829933103 0.04681556741448765 -0.1568352007337463
vn 0.9974893868107598 0.0012817968305152891 -0.07080452101934978
vn 0.9865145829933103 0.04681556741448765 -0.1568352007337463
vn 0.9984427272329384 0.054812838368567526 0.010376569068513204
vn -0.9916280588873865 0.006286918702560358 -0.1289739023231498
vn -0.9991267033779623 0.04178028432575017 0.0004883018995604532
vn -0.9907781318177435 0.0479763067789038 -0.1267160901369609
vn 0.9974893868107598 0.0012817968305152891 -0.07080452101934978
vn 0.982862272231085 0.00372326296064273 -0.18430380120245604
vn 0.9865145829933103 0.04681556741448765 -0.1568352007337463
vn -0.9916280588873865 0.006286918702560358 -0.1289739023231498
vn -0.9907781318177435 0.0479763067789038 -0.1267160901369609
vn -0.9690828773923862 0.050265430649487 -0.2415610962603766
vn -0.9916280588873865 0.006286918702560358 -0.1289739023231498
vn -0.999715960451372 0.009582995212623839 -0.021821196611219156
vn -0.9991267033779623 0.04178028432575017 0.0004883018995604532
vn 0.9996832089316181 -0.0010375968492502869 0.025147667346320474
vn 0.9974893868107598 0.0012817968305152891 -0.07080452101934978
vn 0.9984427272329384 0.054812838368567526 0.010376569068513204
vn -0.9715560430416986 0.002105831814143039 -0.2368003815485262
vn -0.9690828773923862 0.050265430649487 -0.2415610962603766
vn -0.9363748252856923 0.044831934462422285 -0.3481268220398226
vn -0.9715560430416986 0.002105831814143039 -0.2368003815485262
vn -0.9916280588873865 0.006286918702560358 -0.1289739023231498
vn -0.9690828773923862 0.050265430649487 -0.2415610962603766
vn -0.9367819821126062 0.0029908408692893565 -0.34990080431469645
vn -0.9363748252856923 0.044831934462422285 -0.3481268220398226
vn -0.8908317710110827 0.04422264558558266 -0.4521759761140235
vn -0.9367819821126062 0.0029908408692893565 -0.34990080431469645
vn -0.9715560430416986 0.002105831814143039 -0.2368003815485262
vn -0.9363748252856923 0.044831934462422285 -0.3481268220398226
vn -0.8859895305827622 0.0018005957497880679 -0.46370174633344063
vn -0.8908317710110827 0.04422264558558266 -0.4521759761140235
vn -0.8197384727709813 0.04858612790489089 -0.5706734832058596
vn -0.8859895305827622 0.0018005957497880679 -0.46370174633344063
vn -0.9367819821126062 0.0029908408692893565 -0.34990080431469645
vn -0.8908317710110827 0.04422264558558266 -0.4521759761140235
vn -0.8138853343928055 0.0012817969596732365 -0.5810241126294722
vn -0.8859895305827622 0.0018005957497880679 -0.46370174633344063
vn -0.8197384727709813 0.04858612790489089 -0.5706734832058596
vn -0.7281537548573461 0.04641943731525239 -0.6838401458868023
vn -0.8138853343928055 0.0012817969596732365 -0.5810241126294722
vn -0.8197384727709813 0.04858612790489089 -0.5706734832058596
vn -0.7230508695397526 0.0017395609208074923 -0.6907925983865275
vn -0.8138853343928055 0.0012817969596732365 -0.5810241126294722
vn -0.7281537548573461 0.04641943731525239 -0.6838401458868023
vn -0.6294034893317818 0.05044870962968629 -0.7754393434135756
vn -0.7230508695397526 0.0017395609208074923 -0.6907925983865275
vn -0.7281537548573461 0.04641943731525239 -0.6838401458868023
vn -0.6341899082649688 0.0020752540006419304 -0.7731745298286173
vn -0.7230508695397526 0.0017395609208074923 -0.6907925983865275
vn -0.6294034893317818 0.05044870962968629 -0.7754393434135756
vn -0.5255195631398176 0.04226981582872002 -0.8497308111555926
vn -0.6341899082649688 0.0020752540006419304 -0.7731745298286173
vn -0.6294034893317818 0.05044870962968629 -0.7754393434135756
vn -0.465878476317558 -0.00018311600028196807 -0.8848486942820004
vn -0.6341899082649688 0.0020752540006419304 -0.7731745298286173
vn -0.5255195631398176 0.04226981582872002 -0.8497308111555926
vn -0.4280907923294024 0.04934929814713435 -0.9023873449329672
vn -0.465878476317558 -0.00018311600028196807 -0.8848486942820004
vn -0.5255195631398176 0.04226981582872002 -0.8497308111555926
vn -0.3844503758659327 0.055148176824810824 -0.9214969273358661
vn -0.465878476317558 -0.00018311600028196807 -0.8848486942820004
vn -0.4280907923294024 0.04934929814713435 -0.9023873449329672
vn -0.30906961161329616 0.06363284006104618 -0.9489082341527928
vn -0.3844503758659327 0.055148176824810824 -0.9214969273358661
vn -0.4280907923294024 0.04934929814713435 -0.9023873449329672
vn -0.226789390803616 0.0043032156458165955 -0.9739343173715722
vn -0.3844503758659327 0.055148176824810824 -0.9214969273358661
vn -0.30906961161329616 0.06363284006104618 -0.9489082341527928
vn -0.1381910867631153 0.06900392359346293 -0.9879988269567614
vn -0.226789390803616 0.0043032156458165955 -0.9739343173715722
vn -0.30906961161329616 0.06363284006104618 -0.9489082341527928
vn -0.1112420958069555 0.00009155729131467923 -0.9937933325081925
vn -0.226789390803616 0.0043032156458165955 -0.9739343173715722
vn -0.1381910867631153 0.06900392359346293 -0.9879988269567614
vn -0.030915608906173172 0.07879971038268387 -0.9964109748339617
vn -0.1112420958069555 0.00009155729131467923 -0.9937933325081925
vn -0.1381910867631153 0.06900392359346293 -0.9879988269567614
vn -0.010895188922325218 0.018799537835036823 -0.9997639082481103
vn -0.1112420958069555 0.00009155729131467923 -0.9937933325081925
vn -0.030915608906173172 0.07879971038268387 -0.9964109748339617
vn 0.11713219936617623 0.06409007178201032 -0.9910461697472116
vn -0.010895188922325218 0.018799537835036823 -0.9997639082481103
vn -0.030915608906173172 0.07879971038268387 -0.9964109748339617
vn 0.12503460380317072 0.018707870069207877 -0.9919759893511828
vn -0.010895188922325218 0.018799537835036823 -0.9997639082481103
vn 0.11713219936617623 0.06409007178201032 -0.9910461697472116
vn 0.22929076940603976 0.05517869091876409 -0.9717927017289635
vn 0.12503460380317072 0.018707870069207877 -0.9919759893511828
vn 0.11713219936617623 0.06409007178201032 -0.9910461697472116
vn 0.26026931469346937 0.010346050399761832 -0.9654806280139014
vn 0.12503460380317072 0.018707870069207877 -0.9919759893511828
vn 0.22929076940603976 0.05517869091876409 -0.9717927017289635
vn 0.39381448506336625 0.05838244939807448 -0.9173339855017675
vn 0.26026931469346937 0.010346050399761832 -0.9654806280139014
vn 0.22929076940603976 0.05517869091876409 -0.9717927017289635
vn 0.36805979049339727 -0.00854527871826492 -0.9297628562346333
vn 0.26026931469346937 0.010346050399761832 -0.9654806280139014
vn 0.39381448506336625 0.05838244939807448 -0.9173339855017675
vn 0.48980368397053353 0.01879984000703579 -0.8716300345815327
vn 0.36805979049339727 -0.00854527871826492 -0.9297628562346333
vn 0.39381448506336625 0.05838244939807448 -0.9173339855017675
vn 0.5770973648040681 0.05371468220647766 -0.8149069667463013
vn 0.48980368397053353 0.01879984000703579 -0.8716300345815327
vn 0.39381448506336625 0.05838244939807448 -0.9173339855017675
vn 0.5986041573712854 0.007721363756500327 -0.801007767327854
vn 0.48980368397053353 0.01879984000703579 -0.8716300345815327
vn 0.5770973648040681 0.05371468220647766 -0.8149069667463013
vn 0.6907013137102485 0.05139361380291703 -0.7213115774055022
vn 0.5986041573712854 0.007721363756500327 -0.801007767327854
vn 0.5770973648040681 0.05371468220647766 -0.8149069667463013
vn 0.700811971259162 0.005493401930010636 -0.713324893351608
vn 0.5986041573712854 0.007721363756500327 -0.801007767327854
vn 0.6907013137102485 0.05139361380291703 -0.7213115774055022
vn 0.7561388376428707 0.07104819046835117 -0.6505430138271114
vn 0.700811971259162 0.005493401930010636 -0.713324893351608
vn 0.6907013137102485 0.05139361380291703 -0.7213115774055022
vn 0.7932952632361161 -0.00158697285022111 -0.608835040749392
vn 0.7561388376428707 0.07104819046835117 -0.6505430138271114
vn 0.8409142489835538 0.05514739450929257 -0.5383511778897324
vn 0.7932952632361161 -0.00158697285022111 -0.608835040749392
vn 0.700811971259162 0.005493401930010636 -0.713324893351608
vn 0.7561388376428707 0.07104819046835117 -0.6505430138271114
vn 0.8680544623433727 -0.00671416484395197 -0.49642357961342476
vn 0.8409142489835538 0.05514739450929257 -0.5383511778897324
vn 0.8983760443487936 0.05435543487598452 -0.43585085710556676
vn 0.8680544623433727 -0.00671416484395197 -0.49642357961342476
vn 0.7932952632361161 -0.00158697285022111 -0.608835040749392
vn 0.8409142489835538 0.05514739450929257 -0.5383511778897324
vn 0.9244705221830194 -0.0033569926540136952 -0.381238749624138
vn 0.8983760443487936 0.05435543487598452 -0.43585085710556676
vn 0.9504269818002141 0.045900750231367346 -0.3075413360742471
vn 0.9244705221830194 -0.0033569926540136952 -0.381238749624138
vn 0.8680544623433727 -0.00671416484395197 -0.49642357961342476
vn 0.8983760443487936 0.05435543487598452 -0.43585085710556676
vn 0 -0.9153478593957226 -0.4026639992595173
vn 0 -0.9152929801685931 -0.4027887293037076
vn 0 -0.9153429270383464 -0.40267521145567486
vn 0 -0.9153204651910508 -0.4027262668394477
vn 0 -0.9153978237400267 -0.40255039969179396
vn 0 -0.9153204651910508 -0.4027262668394477
vn 0 -0.9153204651910508 -0.4027262668394477
vn 0 -0.9153204651910508 -0.4027262668394477
vn 0 -0.9153317177816201 -0.4027006908647518
vn 0 -0.9153478593957226 -0.4026639992595173
vn 0 -0.9153429270383464 -0.40267521145567486
vn 0 -0.91531551009822 -0.40273752863823764
vn 0 -0.91531551009822 -0.40273752863823764
vn 0 -0.9153042345047706 -0.40276315409634467
vn 0 -0.9152929801685931 -0.4027887293037076
vn 0 -0.9153204651910508 -0.4027262668394477
vn 0 -0.9152929801685931 -0.4027887293037076
vn 0 -0.9153978237400267 -0.40255039969179396
vn 0 -0.91531551009822 -0.40273752863823764
vn 0 -0.9152929801685931 -0.4027887293037076
vn 0 -0.9152929801685931 -0.4027887293037076
vn 0 -0.9153317177816201 -0.4027006908647518
vn 0 -0.9153478593957226 -0.4026639992595173
vn 0 -0.91531551009822 -0.40273752863823764
vn 0 -0.9153317177816201 -0.4027006908647518
vn 0 -0.9152929801685931 -0.4027887293037076
vn 0 -0.9153204651910508 -0.4027262668394477
vn 0 -0.9153317177816201 -0.4027006908647518
vn 0 -0.91531551009822 -0.40273752863823764
vn 0 -0.9153204651910508 -0.4027262668394477
vn 0 -0.9153317177816201 -0.4027006908647518
vn 0 -0.91531551009822 -0.40273752863823764
vn 0 -0.9152929801685931 -0.4027887293037076
vn 0 -0.9153042345047706 -0.40276315409634467
vn 0 -0.9153317177816201 -0.4027006908647518
vn 0 -0.9153204651910508 -0.4027262668394477
vn 0 -0.9153042345047706 -0.40276315409634467
vn 0 -0.9153204651910508 -0.4027262668394477
vn 0 -0.9153478593957226 -0.4026639992595173
vn 0 -0.9154526718108497 -0.4024256523562788
vn 0.000030519001440177544 -0.9151718876011877 -0.4030637855390505
vn 0 -0.91531551009822 -0.40273752863823764
vn 0 -0.9153042345047706 -0.40276315409634467
vn 0 -0.9153478593957226 -0.4026639992595173
vn 0 -0.9153204651910508 -0.4027262668394477
vn 0 -0.9152768005898659 -0.40282549360979997
vn 0 -0.91531551009822 -0.40273752863823764
vn 0 -0.9153204651910508 -0.4027262668394477
vn 0 -0.91531551009822 -0.40273752863823764
vn 0 -0.9153042345047706 -0.40276315409634467
vn 0 -0.9153204651910508 -0.4027262668394477
vn 0 -0.9152768005898659 -0.40282549360979997
vn 0 -0.9154526718108497 -0.4024256523562788
vn 0 -0.91531551009822 -0.40273752863823764
vn 0 -0.91531551009822 -0.40273752863823764
vn 0 -0.9153204651910508 -0.4027262668394477
vn 0 -0.9153042345047706 -0.40276315409634467
vn 0 -0.9153042345047706 -0.40276315409634467
vn 0 -0.9153042345047706 -0.40276315409634467
vn 0 -0.9153317177816201 -0.4027006908647518
vn 0 -0.9153042345047706 -0.40276315409634467
vn 0 -0.91531551009822 -0.40273752863823764
vn 0 -0.9153042345047706 -0.40276315409634467
vn 0 -0.9152929801685931 -0.4027887293037076
vn 0 -0.9152768005898659 -0.40282549360979997
vn 0 -0.9153204651910508 -0.4027262668394477
vn 0 -0.9153317177816201 -0.4027006908647518
vn 0 -0.9153204651910508 -0.4027262668394477
vn 0 -0.9152768005898659 -0.40282549360979997
vn 0 -0.9152929801685931 -0.4027887293037076
vn 0 -0.9153204651910508 -0.4027262668394477
vn 0 -0.9153429270383464 -0.40267521145567486
vn 0 -0.9153042345047706 -0.40276315409634467
vn 0 -0.9153317177816201 -0.4027006908647518
vn 0 -0.9152929801685931 -0.4027887293037076
vn 0 -0.9153042345047706 -0.40276315409634467
vn 0 -0.9153042345047706 -0.40276315409634467
vn 0 -0.9153317177816201 -0.4027006908647518
vn 0.9354669398601652 -0.0018311138160871877 0.35340946712114346
vn 0.8710827468652141 0.008881092313415452 0.49105597879780866
vn 0.8860284287853494 -0.006592093182751324 0.4635840459847978
vn 0.972134157981862 -0.0016480080995850837 0.23441941676021696
vn 0.9354669398601652 -0.0018311138160871877 0.35340946712114346
vn 0.8860284287853494 -0.006592093182751324 0.4635840459847978
vn 0.9632455144631331 0.013886208695131401 0.2682634005501481
vn 0.9354669398601652 -0.0018311138160871877 0.35340946712114346
vn 0.972134157981862 -0.0016480080995850837 0.23441941676021696
vn -0.9925036909791677 0.006439446861632899 0.1220448971356243
vn -0.9997609100585709 0.002441464652123959 -0.021729288281261333
vn -0.9962561957036328 0.0018921490265049995 0.08642923286820337
vn 0.9953633810103534 -0.010467819215070255 0.09561466678558735
vn 0.9632455144631331 0.013886208695131401 0.2682634005501481
vn 0.972134157981862 -0.0016480080995850837 0.23441941676021696
vn -0.978941863984636 0.003204523838764123 0.20411408076184562
vn -0.9962561957036328 0.0018921490265049995 0.08642923286820337
vn -0.9666536261896299 0.0014038078678849351 0.2560835728778972
vn 0.9995475455369333 -0.004974543604523161 -0.029664088171035528
vn 0.9953633810103534 -0.010467819215070255 0.09561466678558735
vn 0.972134157981862 -0.0016480080995850837 0.23441941676021696
vn -0.978941863984636 0.003204523838764123 0.20411408076184562
vn -0.9925036909791677 0.006439446861632899 0.1220448971356243
vn -0.9962561957036328 0.0018921490265049995 0.08642923286820337
vn 0.999854645331744 0.012665269231839273 0.011413989829035858
vn 0.9953633810103534 -0.010467819215070255 0.09561466678558735
vn 0.9995475455369333 -0.004974543604523161 -0.029664088171035528
vn -0.9438565280677048 0.00967442793578724 0.3302139607407494
vn -0.9666536261896299 0.0014038078678849351 0.2560835728778972
vn -0.892985561959964 0.010101727910630402 0.44997193381839595
vn -0.9438565280677048 0.00967442793578724 0.3302139607407494
vn -0.978941863984636 0.003204523838764123 0.20411408076184562
vn -0.9666536261896299 0.0014038078678849351 0.2560835728778972
vn -0.883370451288741 0.026124167956974316 0.4679467636798891
vn -0.9438565280677048 0.00967442793578724 0.3302139607407494
vn -0.892985561959964 0.010101727910630402 0.44997193381839595
vn -0.8333256350594928 0.009430406735020947 0.5527019570993983
vn -0.892985561959964 0.010101727910630402 0.44997193381839595
vn -0.8037408681811805 -0.004516719426222434 0.5949623652475736
vn -0.8333256350594928 0.009430406735020947 0.5527019570993983
vn -0.883370451288741 0.026124167956974316 0.4679467636798891
vn -0.892985561959964 0.010101727910630402 0.44997193381839595
vn -0.7514502329887712 0.03213696521701089 0.6590066485307733
vn -0.8037408681811805 -0.004516719426222434 0.5949623652475736
vn -0.6594793332053945 -0.00485247243562858 0.7517070324177031
vn -0.7514502329887712 0.03213696521701089 0.6590066485307733
vn -0.8333256350594928 0.009430406735020947 0.5527019570993983
vn -0.8037408681811805 -0.004516719426222434 0.5949623652475736
vn -0.6475547597901321 0.017487397541090192 0.7618182355394127
vn -0.7514502329887712 0.03213696521701089 0.6590066485307733
vn -0.6594793332053945 -0.00485247243562858 0.7517070324177031
vn -0.5649352089871389 -0.009705007104096724 0.8250781917392842
vn -0.6594793332053945 -0.00485247243562858 0.7517070324177031
vn -0.4614770332792665 -0.014527017931238707 0.8870332087953596
vn -0.5649352089871389 -0.009705007104096724 0.8250781917392842
vn -0.6475547597901321 0.017487397541090192 0.7618182355394127
vn -0.6594793332053945 -0.00485247243562858 0.7517070324177031
vn -0.45803798726112116 0.01895266087542752 0.8887305547079621
vn -0.5649352089871389 -0.009705007104096724 0.8250781917392842
vn -0.4614770332792665 -0.014527017931238707 0.8870332087953596
vn -0.3272595776915421 0.0669290363881069 0.9425612303173269
vn -0.45803798726112116 0.01895266087542752 0.8887305547079621
vn -0.4614770332792665 -0.014527017931238707 0.8870332087953596
vn -0.23096750501509275 -0.009582935759781752 0.9729142711304666
vn -0.3272595776915421 0.0669290363881069 0.9425612303173269
vn -0.4614770332792665 -0.014527017931238707 0.8870332087953596
vn -0.2360614786911232 0.030640657351197906 0.9712549245153133
vn -0.3272595776915421 0.0669290363881069 0.9425612303173269
vn -0.23096750501509275 -0.009582935759781752 0.9729142711304666
vn -0.11075309807084828 0.07217723224420296 0.9912235864895849
vn -0.2360614786911232 0.030640657351197906 0.9712549245153133
vn -0.23096750501509275 -0.009582935759781752 0.9729142711304666
vn -0.03820984719168558 -0.012268658433863343 0.9991944193187936
vn -0.11075309807084828 0.07217723224420296 0.9912235864895849
vn -0.23096750501509275 -0.009582935759781752 0.9729142711304666
vn 0.0007019449678403313 0.19654449367208596 0.9804946554063646
vn -0.11075309807084828 0.07217723224420296 0.9912235864895849
vn -0.03820984719168558 -0.012268658433863343 0.9991944193187936
vn 0.14291900442386243 -0.009277640871787821 0.9896909030370777
vn 0.0007019449678403313 0.19654449367208596 0.9804946554063646
vn -0.03820984719168558 -0.012268658433863343 0.9991944193187936
vn 0.0778245947428187 0.006073355377060323 0.9969485677845071
vn 0.0007019449678403313 0.19654449367208596 0.9804946554063646
vn 0.14291900442386243 -0.009277640871787821 0.9896909030370777
vn 0.18515808793194458 0 0.9827087475307149
vn 0.0778245947428187 0.006073355377060323 0.9969485677845071
vn 0.14291900442386243 -0.009277640871787821 0.9896909030370777
vn 0.2855650827125528 -0.013641888488518878 0.958262220070185
vn 0.14291900442386243 -0.009277640871787821 0.9896909030370777
vn 0.37120965545081347 -0.012360388553555772 0.9284668074276505
vn 0.2855650827125528 -0.013641888488518878 0.958262220070185
vn 0.18515808793194458 0 0.9827087475307149
vn 0.14291900442386243 -0.009277640871787821 0.9896909030370777
vn 0.4213154944851296 0.008575797147872155 0.9068735908659096
vn 0.2855650827125528 -0.013641888488518878 0.958262220070185
vn 0.37120965545081347 -0.012360388553555772 0.9284668074276505
vn 0.4699317780675929 0.21872968821651073 0.8551733435128452
vn 0.37120965545081347 -0.012360388553555772 0.9284668074276505
vn 0.5707153724555794 -0.013520118890865025 0.8210366435355162
vn 0.4699317780675929 0.21872968821651073 0.8551733435128452
vn 0.4213154944851296 0.008575797147872155 0.9068735908659096
vn 0.37120965545081347 -0.012360388553555772 0.9284668074276505
vn 0.6088611478527766 0.13275918353521965 0.7820889347270303
vn 0.4699317780675929 0.21872968821651073 0.8551733435128452
vn 0.5707153724555794 -0.013520118890865025 0.8210366435355162
vn 0.7459383074678143 -0.006897210202511109 0.6659793314686835
vn 0.6088611478527766 0.13275918353521965 0.7820889347270303
vn 0.5707153724555794 -0.013520118890865025 0.8210366435355162
vn 0.7268511937707712 0.012146709962718404 0.6866875559896847
vn 0.6088611478527766 0.13275918353521965 0.7820889347270303
vn 0.7459383074678143 -0.006897210202511109 0.6659793314686835
vn 0.8209575084894729 -0.006958246456774925 0.5709468907534253
vn 0.7268511937707712 0.012146709962718404 0.6866875559896847
vn 0.7459383074678143 -0.006897210202511109 0.6659793314686835
vn 0.8860284287853494 -0.006592093182751324 0.4635840459847978
vn 0.8209575084894729 -0.006958246456774925 0.5709468907534253
vn 0.7459383074678143 -0.006897210202511109 0.6659793314686835
vn 0.8710827468652141 0.008881092313415452 0.49105597879780866
vn 0.8209575084894729 -0.006958246456774925 0.5709468907534253
vn 0.8860284287853494 -0.006592093182751324 0.4635840459847978
vn 0.7699977786284303 0.635500016365146 0.05694866203153401
vn 0.7391429529268516 0.6629978405589162 0.11874998338015853
vn 0.7403666223199566 0.6614439349991522 0.11978808541493625
vn 0.7699977786284303 0.635500016365146 0.05694866203153401
vn 0.7403666223199566 0.6614439349991522 0.11978808541493625
vn 0.7765755655202667 0.6279442311805983 0.05115108565695698
vn 0.11087749571194631 0.8335498921432005 -0.541203065634985
vn 0.10315558404554247 0.8302500916624254 -0.5477624583473726
vn 0.007232963038904013 0.9179789932896324 -0.3965630493687361
vn 0.11087749571194631 0.8335498921432005 -0.541203065634985
vn 0.007232963038904013 0.9179789932896324 -0.3965630493687361
vn 0.007354973748191359 0.9195001637382697 -0.3930208051063691
vn 0.10928729408324818 0.9245936470639187 0.3649422901788767
vn 0.12277850099191158 0.9275383010687409 0.35298461686692933
vn 0.09509729511410589 0.9184396187180778 0.3839598562753307
vn 0.8741833912329832 0.45427377706028055 -0.17157719536053537
vn 0.8741833912329832 0.45427377706028055 -0.17157719536053537
vn 0.8741833912329832 0.45427377706028055 -0.17157719536053537
vn 0.3018325618178884 0.7271142724665359 0.6166051730255844
vn 0.23792358488334733 0.7783179635618532 0.581045192178015
vn 0.2408563008670985 0.7761298888494529 0.5827612186540501
vn 0.02499484572210537 0.9812387544820584 0.19116946510838712
vn 0.004425286747265909 0.9701473638872664 0.2424757909148714
vn 0.08145522475928345 0.9966594163953943 0.005920647752315413
vn 0.7507699350081182 0.08807813632075066 0.6546653699335023
vn 0.7268511937707712 0.012146709962718404 0.6866875559896847
vn 0.8209575084894729 -0.006958246456774925 0.5709468907534253
vn 0.3018325618178884 0.7271142724665359 0.6166051730255844
vn 0.2408563008670985 0.7761298888494529 0.5827612186540501
vn 0.3399263530065301 0.6927625352866198 0.6360268423855512
vn 0.622587485935699 0.7824764645822966 -0.010742659403311214
vn 0.6236819498948233 0.7795719346921812 0.057344781939427554
vn 0.6217994091679532 0.7827273604465227 0.0265211984420697
vn 0.10907619612927978 0.9297112368327467 0.3517661148332674
vn 0.12277850099191158 0.9275383010687409 0.35298461686692933
vn 0.10928729408324818 0.9245936470639187 0.3649422901788767
vn 0.05704002406144358 0.8967712444936764 0.4388026557626251
vn 0.009155629979142715 0.9119620764933474 0.4101723363144168
vn -0.10864729735405858 0.9468187356178746 0.3028696859387352
vn 0.6220687568773903 0.7718864606104213 -0.13123167926737442
vn 0.6217994091679532 0.7827273604465227 0.0265211984420697
vn 0.5593227798661556 0.8288366875434965 0.013703039980980509
vn 0.6220687568773903 0.7718864606104213 -0.13123167926737442
vn 0.622587485935699 0.7824764645822966 -0.010742659403311214
vn 0.6217994091679532 0.7827273604465227 0.0265211984420697
vn 0.08713131600618332 0.9333887913359896 0.348128565302204
vn 0.12277850099191158 0.9275383010687409 0.35298461686692933
vn 0.10907619612927978 0.9297112368327467 0.3517661148332674
vn 0.46368048339782486 0.6824735512679048 0.565004655853148
vn 0.46368048339782486 0.6824735512679048 0.565004655853148
vn 0.46368048339782486 0.6824735512679048 0.565004655853148
vn 0.013733559071814453 0.6164550088126927 0.7872703547479507
vn 0.0007019449678403313 0.19654449367208596 0.9804946554063646
vn 0.04876898861763515 0.690029962846353 0.7221358848052586
vn 0.03820966959417818 0.9081822109526108 0.41682741375625865
vn 0.05704002406144358 0.8967712444936764 0.4388026557626251
vn 0.07562637108985386 0.8950953819103824 0.43941427978444947
vn 0.013733559071814453 0.6164550088126927 0.7872703547479507
vn -0.010071209825028881 0.3954347149877316 0.9184388694492582
vn 0.0007019449678403313 0.19654449367208596 0.9804946554063646
vn -0.0011596670586114203 0.889296786340883 0.4573290729617911
vn -0.0014343848359904795 0.9020909609113599 0.4315435560660842
vn 0.00442528634317743 0.7898716976187762 0.6132561602965056
vn 0.719642859563948 0.5647885061978258 -0.40389119567706855
vn 0.7443289651714394 0.5695769110393655 -0.3486495862863868
vn 0.7322023386510478 0.5674255393880959 -0.3767067726018011
vn -0.0011596670586114203 0.889296786340883 0.4573290729617911
vn -0.0016785259641268857 0.9166407739517383 0.39970848637444006
vn 0.007019459614757476 0.8737135975148971 0.4863900458523936
vn -0.0011596670586114203 0.889296786340883 0.4573290729617911
vn 0.007019459614757476 0.8737135975148971 0.4863900458523936
vn -0.0014343848359904795 0.9020909609113599 0.4315435560660842
vn 0.6293007325842824 0.7621191970683783 -0.15216739936246534
vn 0.6220687568773903 0.7718864606104213 -0.13123167926737442
vn 0.5593227798661556 0.8288366875434965 0.013703039980980509
vn 0.08172929355141743 0.9413213808390776 0.3274666098257931
vn 0.10300180369990079 0.9414824296735735 0.32093841005792945
vn 0.08713131600618332 0.9333887913359896 0.348128565302204
vn 0.7059828223092903 0.5615633869384898 -0.43154932169380217
vn 0.719642859563948 0.5647885061978258 -0.40389119567706855
vn 0.7322023386510478 0.5674255393880959 -0.3767067726018011
vn 0.12030768545510512 0.30611017730688195 0.9443636059111896
vn 0.12030768545510512 0.30611017730688195 0.9443636059111896
vn 0.12030768545510512 0.30611017730688195 0.9443636059111896
vn 0.9632455144631331 0.013886208695131401 0.2682634005501481
vn 0.9523338820701499 -0.14905780781086483 0.26616150546579304
vn 0.9354669398601652 -0.0018311138160871877 0.35340946712114346
vn 0.06857793275071888 0.694477821056343 0.7162385239572582
vn 0.013733559071814453 0.6164550088126927 0.7872703547479507
vn 0.04876898861763515 0.690029962846353 0.7221358848052586
vn 0.24583188399202277 -0.2079881935921398 0.9467352302197332
vn 0.18515808793194458 0 0.9827087475307149
vn 0.2855650827125528 -0.013641888488518878 0.958262220070185
vn 0.4098770789877351 0.9116788820995517 -0.02902405991920673
vn 0.4098770789877351 0.9116788820995517 -0.02902405991920673
vn 0.4098770789877351 0.9116788820995517 -0.02902405991920673
vn 0.08905380763041917 0.7279649212369032 0.6798062170906306
vn 0.06857793275071888 0.694477821056343 0.7162385239572582
vn 0.04876898861763515 0.690029962846353 0.7221358848052586
vn 0.10104769992085422 0.948524096698455 0.3001522952154205
vn 0.10300180369990079 0.9414824296735735 0.32093841005792945
vn 0.08172929355141743 0.9413213808390776 0.3274666098257931
vn 0.6194218896483034 0.5466637526044217 -0.5634494335900755
vn 0.6194218896483034 0.5466637526044217 -0.5634494335900755
vn 0.6194218896483034 0.5466637526044217 -0.5634494335900755
vn 0.39247078562124865 0.8008417662352902 0.45234848058436156
vn 0.39247078562124865 0.8008417662352902 0.45234848058436156
vn 0.39247078562124865 0.8008417662352902 0.45234848058436156
vn 0.7385898199069497 0.5564831470127276 0.38054117388349773
vn 0.7385898199069497 0.5564831470127276 0.38054117388349773
vn 0.7385898199069497 0.5564831470127276 0.38054117388349773
vn 0.09509747406540084 0.7376160568243534 0.6684901069883328
vn 0.06857793275071888 0.694477821056343 0.7162385239572582
vn 0.08905380763041917 0.7279649212369032 0.6798062170906306
vn 0.1743568984712284 0.5867340162723768 0.7907862328748396
vn 0.1743568984712284 0.5867340162723768 0.7907862328748396
vn 0.1743568984712284 0.5867340162723768 0.7907862328748396
vn 0.48077094209343146 0.7535833066181663 -0.44829845106248684
vn 0.47813856501704577 0.8124113661939276 -0.3337233655624915
vn 0.4791837766068711 0.8060761914564587 -0.3473097778695938
vn 0.32096657307979015 -0.5600816037784156 0.7637336290058292
vn 0.32096657307979015 -0.5600816037784156 0.7637336290058292
vn 0.32096657307979015 -0.5600816037784156 0.7637336290058292
vn 0.06500493882972305 0.9482487655851999 0.31080321184615906
vn 0.10584129300528547 0.9542504465564683 0.27964925521400996
vn 0.10104769992085422 0.948524096698455 0.3001522952154205
vn 0.3943942112737563 0.853213532115167 -0.3412914805987873
vn 0.48077094209343146 0.7535833066181663 -0.44829845106248684
vn 0.4791837766068711 0.8060761914564587 -0.3473097778695938
vn 0.4691733515927776 0.7946313186216067 0.38527578904063825
vn 0.4691733515927776 0.7946313186216067 0.38527578904063825
vn 0.4691733515927776 0.7946313186216067 0.38527578904063825
vn 0.19163259905759017 0.6610242738873693 0.7254818097720362
vn 0.19163259905759017 0.6610242738873693 0.7254818097720362
vn 0.19163259905759017 0.6610242738873693 0.7254818097720362
vn 0.7565054677433123 0.5651206212768028 0.3291476274898434
vn 0.7565054677433123 0.5651206212768028 0.3291476274898434
vn 0.7565054677433123 0.5651206212768028 0.3291476274898434
vn 0.36855179778034874 0.8404725951163994 -0.39720950292154167
vn 0.48077094209343146 0.7535833066181663 -0.44829845106248684
vn 0.3943942112737563 0.853213532115167 -0.3412914805987873
vn 0.0017090429430485043 0.9141597211352362 0.4053505685529085
vn 0.0012512798417032886 0.914022147359501 0.40566235767579456
vn -0.0016785259641268857 0.9166407739517383 0.39970848637444006
vn 0.06879036037224505 0.9545808307797343 0.2899022659927463
vn 0.10584129300528547 0.9542504465564683 0.27964925521400996
vn 0.06500493882972305 0.9482487655851999 0.31080321184615906
vn 0.2950595673540783 0.9045586162385846 -0.30775568475880566
vn 0.36855179778034874 0.8404725951163994 -0.39720950292154167
vn 0.3943942112737563 0.853213532115167 -0.3412914805987873
vn 0.41924025253778424 0.4107559488606736 -0.8096401429818202
vn 0.4329419744694594 0.3805715750803562 -0.8171453499735177
vn 0.33845957301411667 0.5628682239873216 -0.754071932815736
vn 0.268905696715517 0.8510923305305629 -0.45092302135286616
vn 0.36855179778034874 0.8404725951163994 -0.39720950292154167
vn 0.2950595673540783 0.9045586162385846 -0.30775568475880566
vn -0.025117090331422003 0.913584901058323 0.4058716057222247
vn 0.09509729511410589 0.9184396187180778 0.3839598562753307
vn 0.0631756620296014 0.9133614706540502 0.40221842281500736
vn 0.44216547145396856 0.8293349283597161 0.3416039702001052
vn 0.44216547145396856 0.8293349283597161 0.3416039702001052
vn 0.44216547145396856 0.8293349283597161 0.3416039702001052
vn 0.9970454543546219 -0.07168833889787518 -0.027588838628133792
vn 0.9970454543546219 -0.07168833889787518 -0.027588838628133792
vn 0.9970454543546219 -0.07168833889787518 -0.027588838628133792
vn 0.37892188621828143 0.434679794759849 0.8169894002814941
vn 0.35259381294193826 0.41857740707498653 0.8369411911009317
vn 0.4699317780675929 0.21872968821651073 0.8551733435128452
vn 0.034699725953264274 0.9465378278317776 0.3207211709604916
vn 0.08145522475928345 0.9966594163953943 0.005920647752315413
vn 0.033387415131765685 0.9449797874587677 0.32542046924740536
vn 0.4987126237774212 -0.13309378780478046 0.8564880399239773
vn 0.4987126237774212 -0.13309378780478046 0.8564880399239773
vn 0.4987126237774212 -0.13309378780478046 0.8564880399239773
vn 0.46086999795007494 0.4118562044592359 0.7861127856980384
vn 0.37892188621828143 0.434679794759849 0.8169894002814941
vn 0.4699317780675929 0.21872968821651073 0.8551733435128452
vn 0.3230459886223495 0.5878003650276735 -0.7417088513078043
vn 0.41924025253778424 0.4107559488606736 -0.8096401429818202
vn 0.33845957301411667 0.5628682239873216 -0.754071932815736
vn 0.21909881339845627 0.7402785154040059 -0.6355969081097148
vn 0.268905696715517 0.8510923305305629 -0.45092302135286616
vn 0.2950595673540783 0.9045586162385846 -0.30775568475880566
vn 0.17545710189912886 0.7734578709403586 0.6090794096614712
vn 0.17545710189912886 0.7734578709403586 0.6090794096614712
vn 0.17545710189912886 0.7734578709403586 0.6090794096614712
vn 0.2701230836946404 0.7135632949519577 -0.6464216454858265
vn 0.268905696715517 0.8510923305305629 -0.45092302135286616
vn 0.21909881339845627 0.7402785154040059 -0.6355969081097148
vn 0.07657319200576748 0.9841899734620458 0.15970799104248098
vn 0.08145522475928345 0.9966594163953943 0.005920647752315413
vn 0.034699725953264274 0.9465378278317776 0.3207211709604916
vn 0.49996757447209805 0.3596702809777619 0.7878259410922345
vn 0.46086999795007494 0.4118562044592359 0.7861127856980384
vn 0.4699317780675929 0.21872968821651073 0.8551733435128452
vn 0.49996757447209805 0.3596702809777619 0.7878259410922345
vn 0.4699317780675929 0.21872968821651073 0.8551733435128452
vn 0.6088611478527766 0.13275918353521965 0.7820889347270303
vn 0.48831017737073007 0.5057673939668363 0.7111627899968902
vn 0.46086999795007494 0.4118562044592359 0.7861127856980384
vn 0.49996757447209805 0.3596702809777619 0.7878259410922345
vn 0.5209927996813833 0.35853918298626913 0.7746070984335817
vn 0.49996757447209805 0.3596702809777619 0.7878259410922345
vn 0.6088611478527766 0.13275918353521965 0.7820889347270303
vn 0.14682898329946778 0.2982970856365968 -0.9431119225012254
vn 0.23731898761924258 0.03439532893020396 -0.9708226714818525
vn 0.11499738926517664 0.1482635915553387 -0.9822390278752443
vn 0.7391429529268516 0.6629978405589162 0.11874998338015853
vn 0.7451835908992805 0.6493231687496701 0.1519237913538932
vn 0.7403666223199566 0.6614439349991522 0.11978808541493625
vn 0.10315558404554247 0.8302500916624254 -0.5477624583473726
vn 0.2701230836946404 0.7135632949519577 -0.6464216454858265
vn 0.21909881339845627 0.7402785154040059 -0.6355969081097148
vn 0.5209927996813833 0.35853918298626913 0.7746070984335817
vn 0.48831017737073007 0.5057673939668363 0.7111627899968902
vn 0.49996757447209805 0.3596702809777619 0.7878259410922345
vn 0.11087749571194631 0.8335498921432005 -0.541203065634985
vn 0.2701230836946404 0.7135632949519577 -0.6464216454858265
vn 0.10315558404554247 0.8302500916624254 -0.5477624583473726
vn 0.496115569002667 0.8180292309778194 0.29102838256602576
vn 0.496115569002667 0.8180292309778194 0.29102838256602576
vn 0.496115569002667 0.8180292309778194 0.29102838256602576
vn 0.46086999795007494 0.4118562044592359 0.7861127856980384
vn 0.48831017737073007 0.5057673939668363 0.7111627899968902
vn 0.5209927996813833 0.35853918298626913 0.7746070984335817
vn 0.08145522475928345 0.9966594163953943 0.005920647752315413
vn 0.07657319200576748 0.9841899734620458 0.15970799104248098
vn 0.02499484572210537 0.9812387544820584 0.19116946510838712
vn 0.7268511937707712 0.012146709962718404 0.6866875559896847
vn 0.700479488906814 -0.07693915610527706 0.7095131090252361
vn 0.6088611478527766 0.13275918353521965 0.7820889347270303
vn 0.14682898329946778 0.2982970856365968 -0.9431119225012254
vn 0.11499738926517664 0.1482635915553387 -0.9822390278752443
vn 0.07324491527290464 0.33405808006743654 -0.93970228345382
vn -0.07098846092905192 0.933379942272607 0.3517989792169802
vn -0.06784348738094113 0.934977087079557 0.348159601126005
vn -0.006683646075631801 0.918442763755577 0.3954974318249777
vn -0.04645055512849373 0.12912779991960135 0.9905394273910444
vn -0.04645055512849373 0.12912779991960135 0.9905394273910444
vn -0.04645055512849373 0.12912779991960135 0.9905394273910444
vn -0.0014343848359904795 0.9020909609113599 0.4315435560660842
vn -0.04052912459529542 0.7992914349908855 0.5995753430635303
vn -0.032166831723923664 0.8333482283199894 0.551811584957021
vn -0.0014343848359904795 0.9020909609113599 0.4315435560660842
vn 0.007019459614757476 0.8737135975148971 0.4863900458523936
vn -0.010925759227846716 0.8965241039313087 0.4428602023838438
vn -0.0014343848359904795 0.9020909609113599 0.4315435560660842
vn -0.010925759227846716 0.8965241039313087 0.4428602023838438
vn -0.006714164578831192 0.9035801067754555 0.42836656105917614
vn -0.0014343848359904795 0.9020909609113599 0.4315435560660842
vn -0.006714164578831192 0.9035801067754555 0.42836656105917614
vn -0.04052912459529542 0.7992914349908855 0.5995753430635303
vn -0.13968549617063883 0.8875846233879588 0.4389550073581778
vn -0.3234701825723395 0.8453440857132747 0.42515928513464785
vn -0.23872476426140088 0.8532993058025929 0.4635631366331361
vn -0.08142428849539299 0.8948131208456195 0.4389528038474544
vn -0.13968549617063883 0.8875846233879588 0.4389550073581778
vn -0.23872476426140088 0.8532993058025929 0.4635631366331361
vn -0.631109772972385 0.7580702887189394 -0.16440770000315774
vn -0.4841829475877333 0.8689046390009562 -0.10281829403307706
vn -0.6306151349912994 0.7702398542322695 -0.09515838624187269
vn -0.631109772972385 0.7580702887189394 -0.16440770000315774
vn -0.513554574927067 0.8527808816457284 -0.09500771795498318
vn -0.4841829475877333 0.8689046390009562 -0.10281829403307706
vn -0.09021400820376364 0.9343072937834628 0.3448641957449824
vn -0.033693191391650584 0.9210086663771847 0.38808221462979364
vn -0.07098846092905192 0.933379942272607 0.3517989792169802
vn -0.6699329576540619 0.7394563513665053 -0.06628828458043162
vn -0.6306151349912994 0.7702398542322695 -0.09515838624187269
vn -0.6732561036261223 0.7388725925118766 -0.02816932666838625
vn -0.6699329576540619 0.7394563513665053 -0.06628828458043162
vn -0.631109772972385 0.7580702887189394 -0.16440770000315774
vn -0.6306151349912994 0.7702398542322695 -0.09515838624187269
vn -0.11322560029563207 0.5915808012769838 -0.7982556727002793
vn -0.0661045746704056 0.6709340676676895 -0.7385645957196519
vn -0.07275818503009844 0.6602868632594248 -0.747480772139428
vn -0.7081762717622562 0.7060092852462022 0.006103872464073266
vn -0.6699329576540619 0.7394563513665053 -0.06628828458043162
vn -0.6732561036261223 0.7388725925118766 -0.02816932666838625
vn -0.7265715841116048 0.6867745151435609 0.020844627866189788
vn -0.6699329576540619 0.7394563513665053 -0.06628828458043162
vn -0.7081762717622562 0.7060092852462022 0.006103872464073266
vn -0.022553798153355554 0.9195493599174619 -0.392326778163617
vn 0.007354973748191359 0.9195001637382697 -0.3930208051063691
vn 0.007232963038904013 0.9179789932896324 -0.3965630493687361
vn -0.7514502329887712 0.03213696521701089 0.6590066485307733
vn -0.7250815689290446 0.028779858958780123 0.6880613621747029
vn -0.8333256350594928 0.009430406735020947 0.5527019570993983
vn -0.029297937263944585 0.9909430930390343 0.13104738543866454
vn -0.01962392968217196 0.9492759727558339 0.3138312108957534
vn -0.019135650602611562 0.9732341351003475 0.2290177834830592
vn -0.11322560029563207 0.5915808012769838 -0.7982556727002793
vn -0.07275818503009844 0.6602868632594248 -0.747480772139428
vn -0.1196656012776801 0.5800167962712184 -0.8057671251137782
vn -0.7250815689290446 0.028779858958780123 0.6880613621747029
vn -0.7514502329887712 0.03213696521701089 0.6590066485307733
vn -0.6475547597901321 0.017487397541090192 0.7618182355394127
vn -0.10202609956208918 0.8732187926457788 0.47652871390756213
vn -0.10202609956208918 0.8732187926457788 0.47652871390756213
vn -0.10202609956208918 0.8732187926457788 0.47652871390756213
vn -0.7067053568414026 0.14820179868312267 0.6918119437236924
vn -0.7067053568414026 0.14820179868312267 0.6918119437236924
vn -0.7067053568414026 0.14820179868312267 0.6918119437236924
vn -0.7451542675381436 0.6658655458205309 0.036989085671572684
vn -0.7265715841116048 0.6867745151435609 0.020844627866189788
vn -0.7081762717622562 0.7060092852462022 0.006103872464073266
vn -0.543480999579067 0.3994010740241437 0.73831374439658
vn -0.543480999579067 0.3994010740241437 0.73831374439658
vn -0.543480999579067 0.3994010740241437 0.73831374439658
vn -0.13544480263233383 0.8386716098386203 0.527526905750394
vn 0.007110892347025293 0.9124583624612985 0.4091077755121193
vn -0.29969659161948015 0.7157620719381882 0.6307666837638292
vn -0.2477870885118824 0.5144962675813564 -0.8209111702319917
vn -0.2477870885118824 0.5144962675813564 -0.8209111702319917
vn -0.2477870885118824 0.5144962675813564 -0.8209111702319917
vn -0.01785390829826752 0.9059107928827432 0.4230920388012951
vn 0.007110892347025293 0.9124583624612985 0.4091077755121193
vn -0.13544480263233383 0.8386716098386203 0.527526905750394
vn -0.12333010160850914 0.9014908092707336 -0.41485419949378965
vn -0.1516818868371549 0.8758487800380963 -0.4581282786636286
vn -0.11902280327961809 0.9050921931678676 -0.4082177043760361
vn -0.12333010160850914 0.9014908092707336 -0.41485419949378965
vn -0.15479279607016014 0.8728154049285791 -0.46285252424950896
vn -0.1516818868371549 0.8758487800380963 -0.4581282786636286
vn -0.25648150684438487 0.728152418041719 0.6356188266145295
vn -0.25648150684438487 0.728152418041719 0.6356188266145295
vn -0.25648150684438487 0.728152418041719 0.6356188266145295
vn -0.420066778197111 -0.8984558674397155 0.12775349747951048
vn -0.4675840059023833 -0.8599077911401285 0.20475299304475422
vn -0.46789546637009244 -0.8596139932404734 0.2052744873954896
vn -0.38832222691125157 -0.91813002304496 0.07901334615207524
vn -0.4675840059023833 -0.8599077911401285 0.20475299304475422
vn -0.420066778197111 -0.8984558674397155 0.12775349747951048
vn -0.31935128909630217 0.8957036828996799 0.30940211148678315
vn -0.31935128909630217 0.8957036828996799 0.30940211148678315
vn -0.31935128909630217 0.8957036828996799 0.30940211148678315
vn -0.7337119621618365 0.6587568559481173 0.1664516786397158
vn -0.7494590081150203 0.6449613993989465 0.14945229486562805
vn -0.6282132287090467 0.7295073889068603 0.27049419366272875
vn -0.10745909113690798 0.9882213518089806 0.10895459403283946
vn -0.01962392968217196 0.9492759727558339 0.3138312108957534
vn -0.1292766001531721 0.9913344129637666 -0.023316138758830957
vn -0.04864697934543735 0.8807433303960898 0.4710887998704371
vn -0.0014649029192265242 0.9119764754699771 0.4102398837860546
vn -0.01785390829826752 0.9059107928827432 0.4230920388012951
vn 0.012116189182770182 0.9142120531861629 0.40505495894856985
vn 0.012116189182770182 0.9142120531861629 0.40505495894856985
vn 0.012116189182770182 0.9142120531861629 0.40505495894856985
vn -0.5308222771850712 0.7862078549195508 0.3163936138844365
vn -0.7337119621618365 0.6587568559481173 0.1664516786397158
vn -0.6282132287090467 0.7295073889068603 0.27049419366272875
vn -0.3957728168792115 0.782054130468698 -0.48140961190689036
vn -0.343244163868353 0.800079223431547 -0.4919925611261697
vn -0.37852988639142643 0.787304243218167 -0.48668999755405207
vn -0.5287214600053265 0.787314010024535 0.31715968745873474
vn -0.7337119621618365 0.6587568559481173 0.1664516786397158
vn -0.5308222771850712 0.7862078549195508 0.3163936138844365
vn -0.046205989323694394 0.9508553600800759 0.30616840261138656
vn -0.01962392968217196 0.9492759727558339 0.3138312108957534
vn -0.10745909113690798 0.9882213518089806 0.10895459403283946
vn -0.16187538330623227 0.7292939480400935 0.6647756746689472
vn -0.1278122079492337 0.7832313849802452 0.6084510145287526
vn -0.11670419804584226 0.7970313587457566 0.5925547597769932
vn -0.3643125251289519 0.09702181697991742 0.9262090212603643
vn -0.45803798726112116 0.01895266087542752 0.8887305547079621
vn -0.3272595776915421 0.0669290363881069 0.9425612303173269
vn -0.16880229971288743 0.6204272871527821 0.765882344076347
vn -0.1278122079492337 0.7832313849802452 0.6084510145287526
vn -0.16187538330623227 0.7292939480400935 0.6647756746689472
vn -0.4290671761933595 -0.6718462290166358 0.6037582321340081
vn -0.4290671761933595 -0.6718462290166358 0.6037582321340081
vn -0.4290671761933595 -0.6718462290166358 0.6037582321340081
vn -0.8293221474914956 0.4584557348830086 0.3194418802113686
vn -0.7369137638145661 0.6018057654851495 0.3078764773890382
vn -0.7471807731921813 0.5908287272602738 0.30437198822483474
vn -0.8293221474914956 0.4584557348830086 0.3194418802113686
vn -0.7471807731921813 0.5908287272602738 0.30437198822483474
vn -0.7882866994786674 0.5381493660821893 0.2983275703155292
vn -0.16940949225009733 0.6029281987248498 0.7796011872220132
vn -0.16880229971288743 0.6204272871527821 0.765882344076347
vn -0.16187538330623227 0.7292939480400935 0.6647756746689472
vn -0.2596572622670961 0.23453996941088073 0.9367865866357714
vn -0.3643125251289519 0.09702181697991742 0.9262090212603643
vn -0.3272595776915421 0.0669290363881069 0.9425612303173269
vn -0.2596572622670961 0.23453996941088073 0.9367865866357714
vn -0.3272595776915421 0.0669290363881069 0.9425612303173269
vn -0.2360614786911232 0.030640657351197906 0.9712549245153133
vn -0.44127464404420846 0.816567065366889 -0.372149051163326
vn -0.3957728168792115 0.782054130468698 -0.48140961190689036
vn -0.37852988639142643 0.787304243218167 -0.48668999755405207
vn -0.006714164578831192 0.9035801067754555 0.42836656105917614
vn -0.0014649029192265242 0.9119764754699771 0.4102398837860546
vn -0.06457983759190002 0.8319999052705314 0.5510041762150543
vn -0.4572087725189253 0.8136430206272897 -0.3590893667546247
vn -0.3957728168792115 0.782054130468698 -0.48140961190689036
vn -0.44127464404420846 0.816567065366889 -0.372149051163326
vn -0.06228898238671257 0.9491678102103943 0.3085458648785181
vn -0.0655554538269356 0.9504324274096028 0.30394190793938647
vn -0.046205989323694394 0.9508553600800759 0.30616840261138656
vn -0.43071690023635734 0.896652873622659 -0.10245279925415376
vn -0.4572087725189253 0.8136430206272897 -0.3590893667546247
vn -0.44127464404420846 0.816567065366889 -0.372149051163326
vn -0.4196047881331327 0.8954865546486693 -0.14844410469669864
vn -0.4572087725189253 0.8136430206272897 -0.3590893667546247
vn -0.43071690023635734 0.896652873622659 -0.10245279925415376
vn -0.11905469129513561 0.15000088675648093 0.9814915763535057
vn -0.2360614786911232 0.030640657351197906 0.9712549245153133
vn -0.11075309807084828 0.07217723224420296 0.9912235864895849
vn -0.8293221474914956 0.4584557348830086 0.3194418802113686
vn -0.7882866994786674 0.5381493660821893 0.2983275703155292
vn -0.8397359416708406 0.43553958197506726 0.32426658908862377
vn -0.11814029738835026 0.42525629015585165 0.8973293474616075
vn -0.12439618909910653 0.4100253550748276 0.9035512140069212
vn -0.06421266559072412 0.5475474649651244 0.8343072019274432
vn -0.11905469129513561 0.15000088675648093 0.9814915763535057
vn -0.11075309807084828 0.07217723224420296 0.9912235864895849
vn 0.0007019449678403313 0.19654449367208596 0.9804946554063646
vn 0.21549549672121204 0.896407483897235 0.38731810402549804
vn 0.21549549672121204 0.896407483897235 0.38731810402549804
vn 0.21549549672121204 0.896407483897235 0.38731810402549804
vn -0.13968549617063883 0.8875846233879588 0.4389550073581778
vn -0.08618729691497402 0.9139092702357559 0.39666307570485887
vn -0.3234701825723395 0.8453440857132747 0.42515928513464785
vn -0.513554574927067 0.8527808816457284 -0.09500771795498318
vn -0.4196047881331327 0.8954865546486693 -0.14844410469669864
vn -0.43071690023635734 0.896652873622659 -0.10245279925415376
vn -0.513554574927067 0.8527808816457284 -0.09500771795498318
vn -0.43071690023635734 0.896652873622659 -0.10245279925415376
vn -0.4841829475877333 0.8689046390009562 -0.10281829403307706
vn -0.11905469129513561 0.15000088675648093 0.9814915763535057
vn 0.0007019449678403313 0.19654449367208596 0.9804946554063646
vn -0.010071209825028881 0.3954347149877316 0.9184388694492582
vn -0.05966549944629871 0.5571932636577216 0.8282364970890141
vn -0.11814029738835026 0.42525629015585165 0.8973293474616075
vn -0.06421266559072412 0.5475474649651244 0.8343072019274432
vn -0.01785390829826752 0.9059107928827432 0.4230920388012951
vn 0.023377291510664262 0.9190106255284582 0.39353903543030794
vn 0.007110892347025293 0.9124583624612985 0.4091077755121193
vn -0.06613515909889005 0.8817617093703088 0.4670357894415754
vn 0.023377291510664262 0.9190106255284582 0.39353903543030794
vn -0.01785390829826752 0.9059107928827432 0.4230920388012951
vn 0.12277850099191158 0.9275383010687409 0.35298461686692933
vn 0.08713131600618332 0.9333887913359896 0.348128565302204
vn 0.14371280633473693 0.9317068627027323 0.3335700095752406
vn -0.0016785259641268857 0.9166407739517383 0.39970848637444006
vn 0.004821956255995086 0.9064756816664803 0.4222304907099383
vn 0.007019459614757476 0.8737135975148971 0.4863900458523936
vn 0.2644512982451331 0.9179952848548447 0.2955506180686079
vn -0.0944880796467278 0.9094788699806949 0.4048705816224636
vn -0.13968549617063883 0.8875846233879588 0.4389550073581778
vn -0.07162927984610842 0.9310896589578552 0.35768882181370004
vn -0.06784348738094113 0.934977087079557 0.348159601126005
vn -0.07098846092905192 0.933379942272607 0.3517989792169802
vn -0.0014649029192265242 0.9119764754699771 0.4102398837860546
vn -0.06613515909889005 0.8817617093703088 0.4670357894415754
vn -0.01785390829826752 0.9059107928827432 0.4230920388012951
vn -0.033693191391650584 0.9210086663771847 0.38808221462979364
vn -0.07162927984610842 0.9310896589578552 0.35768882181370004
vn -0.07098846092905192 0.933379942272607 0.3517989792169802
vn -0.03738610449770463 0.8929334886844745 0.4486335519956797
vn -0.06613515909889005 0.8817617093703088 0.4670357894415754
vn -0.0014649029192265242 0.9119764754699771 0.4102398837860546
vn -0.054355497787389385 0.8641036650971462 0.500370198778828
vn 0.03616505195624037 0.9540557474742971 0.2974385982488868
vn -0.048617238626514354 0.8714180931146871 0.4881258762867374
vn -0.09808758449085321 0.9628087684694421 0.25175007671718036
vn -0.20761878376204365 0.9758053228209347 0.06854496760157777
vn -0.205818274957351 0.9759586186931412 0.07171898139374398
vn -0.0659829311221475 0.9519311895331491 0.2991208170531327
vn -0.046205989323694394 0.9508553600800759 0.30616840261138656
vn -0.0655554538269356 0.9504324274096028 0.30394190793938647
vn 0.13907580155372176 0.9902247841861693 0.01062064996336733
vn 0.13907580155372176 0.9902247841861693 0.01062064996336733
vn 0.13907580155372176 0.9902247841861693 0.01062064996336733
vn -0.03582977523226433 0.9205274632491751 0.3890313825526728
vn -0.07162927984610842 0.9310896589578552 0.35768882181370004
vn -0.033693191391650584 0.9210086663771847 0.38808221462979364
vn 0.03820966959417818 0.9081822109526108 0.41682741375625865
vn 0.08121084539052638 0.9096468222264454 0.4073664902815222
vn 0.0397053257104505 0.9094698014568601 0.41386974683859945
vn 0.07092533912363294 0.8963944198019532 0.43754615804291724
vn 0.03820966959417818 0.9081822109526108 0.41682741375625865
vn 0.0397053257104505 0.9094698014568601 0.41386974683859945
vn -0.006714164578831192 0.9035801067754555 0.42836656105917614
vn -0.03738610449770463 0.8929334886844745 0.4486335519956797
vn -0.0014649029192265242 0.9119764754699771 0.4102398837860546
vn -0.045839957499034696 0.9554376520080995 0.29161205637239423
vn -0.046205989323694394 0.9508553600800759 0.30616840261138656
vn -0.0659829311221475 0.9519311895331491 0.2991208170531327
vn 0.0012512798417032886 0.914022147359501 0.40566235767579456
vn 0.008667228552041117 0.9112248219495412 0.411818167414034
vn 0.004821956255995086 0.9064756816664803 0.4222304907099383
vn -0.011963299751799696 0.9044812530474999 0.42634556681719227
vn -0.03738610449770463 0.8929334886844745 0.4486335519956797
vn -0.006714164578831192 0.9035801067754555 0.42836656105917614
vn 0.1080680917429989 0.9606187173417722 0.25599407696209514
vn 0.06879036037224505 0.9545808307797343 0.2899022659927463
vn 0.06604426997525069 0.9543464632892181 0.2913090839826273
vn -0.045839957499034696 0.9554376520080995 0.29161205637239423
vn -0.01962392968217196 0.9492759727558339 0.3138312108957534
vn -0.046205989323694394 0.9508553600800759 0.30616840261138656
vn 0.0012512798417032886 0.914022147359501 0.40566235767579456
vn 0.004821956255995086 0.9064756816664803 0.4222304907099383
vn -0.0016785259641268857 0.9166407739517383 0.39970848637444006
vn 0.09509729511410589 0.9184396187180778 0.3839598562753307
vn 0.12277850099191158 0.9275383010687409 0.35298461686692933
vn 0.24366718748635263 0.9205578647949012 0.30528596316690154
vn 0.10584129300528547 0.9542504465564683 0.27964925521400996
vn 0.06879036037224505 0.9545808307797343 0.2899022659927463
vn 0.1080680917429989 0.9606187173417722 0.25599407696209514
vn 0.05704002406144358 0.8967712444936764 0.4388026557626251
vn 0.03820966959417818 0.9081822109526108 0.41682741375625865
vn 0.07092533912363294 0.8963944198019532 0.43754615804291724
vn -0.08322661966665583 0.8963267643335721 0.4355131012015267
vn -0.13968549617063883 0.8875846233879588 0.4389550073581778
vn -0.08142428849539299 0.8948131208456195 0.4389528038474544
vn -0.034699904988036975 0.9201736271015076 0.3899697585463223
vn -0.03582977523226433 0.9205274632491751 0.3890313825526728
vn -0.033693191391650584 0.9210086663771847 0.38808221462979364
vn -0.0701014852075941 0.8965482186247807 0.43736377702368295
vn -0.08322661966665583 0.8963267643335721 0.4355131012015267
vn -0.08142428849539299 0.8948131208456195 0.4389528038474544
vn 0.0975695698703469 0.9161225550286279 0.38884398311293733
vn 0.09509729511410589 0.9184396187180778 0.3839598562753307
vn 0.24366718748635263 0.9205578647949012 0.30528596316690154
vn -0.03729396598556176 0.9508441463791452 0.30741595501467145
vn -0.01962392968217196 0.9492759727558339 0.3138312108957534
vn -0.045839957499034696 0.9554376520080995 0.29161205637239423
vn -0.010925759227846716 0.8965241039313087 0.4428602023838438
vn -0.011963299751799696 0.9044812530474999 0.42634556681719227
vn -0.006714164578831192 0.9035801067754555 0.42836656105917614
vn -0.03454779499731169 0.9201253159610707 0.3900972350432179
vn -0.03582977523226433 0.9205274632491751 0.3890313825526728
vn -0.034699904988036975 0.9201736271015076 0.3899697585463223
vn -0.07083474077689449 0.8960706563843308 0.438223479820542
vn -0.08322661966665583 0.8963267643335721 0.4355131012015267
vn -0.0701014852075941 0.8965482186247807 0.43736377702368295
vn 0.009155629979142715 0.9119620764933474 0.4101723363144168
vn 0.07092533912363294 0.8963944198019532 0.43754615804291724
vn -0.02816902959251208 0.9214005827177592 0.38759188838156855
vn 0.009155629979142715 0.9119620764933474 0.4101723363144168
vn 0.05704002406144358 0.8967712444936764 0.4388026557626251
vn 0.07092533912363294 0.8963944198019532 0.43754615804291724
vn 0.009155629979142715 0.9119620764933474 0.4101723363144168
vn 0.008667228552041117 0.9112248219495412 0.411818167414034
vn 0.0012512798417032886 0.914022147359501 0.40566235767579456
vn -0.019135650602611562 0.9732341351003475 0.2290177834830592
vn -0.01962392968217196 0.9492759727558339 0.3138312108957534
vn -0.03729396598556176 0.9508441463791452 0.30741595501467145
vn 0.009155629979142715 0.9119620764933474 0.4101723363144168
vn -0.02816902959251208 0.9214005827177592 0.38759188838156855
vn 0.008667228552041117 0.9112248219495412 0.411818167414034
vn 0.09445779147026002 0.9133569715654315 0.3960514715581607
vn 0.09509729511410589 0.9184396187180778 0.3839598562753307
vn 0.0975695698703469 0.9161225550286279 0.38884398311293733
vn -0.06784348738094113 0.934977087079557 0.348159601126005
vn 0.01803671939689922 0.9128543727104432 0.40788671341050153
vn -0.006683646075631801 0.918442763755577 0.3954974318249777
vn -0.006683646075631801 0.918442763755577 0.3954974318249777
vn 0.01803671939689922 0.9128543727104432 0.40788671341050153
vn -0.006378470498622825 0.9179843727864798 0.3965652612545776
vn 0.24583017654389436 0.9554571442630938 0.16330698018459305
vn 0.10104769992085422 0.948524096698455 0.3001522952154205
vn 0.10584129300528547 0.9542504465564683 0.27964925521400996
vn 0.0631756620296014 0.9133614706540502 0.40221842281500736
vn 0.09509729511410589 0.9184396187180778 0.3839598562753307
vn 0.09445779147026002 0.9133569715654315 0.3960514715581607
vn -0.059419744962740356 0.9002694080310482 0.4312589557006197
vn -0.07083474077689449 0.8960706563843308 0.438223479820542
vn -0.0701014852075941 0.8965482186247807 0.43736377702368295
vn 0.10300180369990079 0.9414824296735735 0.32093841005792945
vn 0.10104769992085422 0.948524096698455 0.3001522952154205
vn 0.24583017654389436 0.9554571442630938 0.16330698018459305
vn 0.007110892347025293 0.9124583624612985 0.4091077755121193
vn -0.059419744962740356 0.9002694080310482 0.4312589557006197
vn -0.0701014852075941 0.8965482186247807 0.43736377702368295
vn 0.14618869348718164 0.9068889160135173 0.3951978743722421
vn 0.0631756620296014 0.9133614706540502 0.40221842281500736
vn 0.09445779147026002 0.9133569715654315 0.3960514715581607
vn -0.8480324618853898 0.5222722214147874 0.0898480401960325
vn -0.9375650167715945 0.3477911010960195 -0.003631710960085284
vn -0.9390576651703431 0.3437117698384426 -0.005737661487845718
vn -0.08618729691497402 0.9139092702357559 0.39666307570485887
vn -0.25907546279774507 0.8996076583153917 0.35154795643899245
vn -0.2711355704876546 0.8973658146722913 0.3481667661823411
vn 0.023377291510664262 0.9190106255284582 0.39353903543030794
vn -0.059419744962740356 0.9002694080310482 0.4312589557006197
vn 0.007110892347025293 0.9124583624612985 0.4091077755121193
vn 0.08145522475928345 0.9966594163953943 0.005920647752315413
vn 0.004425286747265909 0.9701473638872664 0.2424757909148714
vn 0.003143429009540755 0.9698389620099709 0.24372629448109284
vn 0.08121084539052638 0.9096468222264454 0.4073664902815222
vn 0.0631756620296014 0.9133614706540502 0.40221842281500736
vn 0.14618869348718164 0.9068889160135173 0.3951978743722421
vn 0.14371280633473693 0.9317068627027323 0.3335700095752406
vn 0.08713131600618332 0.9333887913359896 0.348128565302204
vn 0.10300180369990079 0.9414824296735735 0.32093841005792945
vn -0.0944880796467278 0.9094788699806949 0.4048705816224636
vn -0.25907546279774507 0.8996076583153917 0.35154795643899245
vn -0.08618729691497402 0.9139092702357559 0.39666307570485887
vn -0.13968549617063883 0.8875846233879588 0.4389550073581778
vn -0.0944880796467278 0.9094788699806949 0.4048705816224636
vn -0.08618729691497402 0.9139092702357559 0.39666307570485887
vn 0.4544888770061584 0.5816921040820541 0.6745918445447392
vn 0.2313031003150905 0.7866870913883384 0.5723829976751438
vn 0.28834300407256036 0.7430447127146582 0.6039394563275382
vn 0.8856350824977172 0.43514201268316766 -0.16217869603404653
vn 0.7835832353974718 0.6205796691081119 -0.029634228414059913
vn 0.7853863156027676 0.6182010108260662 -0.03155701946540434
vn 0.2313031003150905 0.7866870913883384 0.5723829976751438
vn 0.20548559003941297 0.8095211698550113 0.549955587154752
vn 0.28834300407256036 0.7430447127146582 0.6039394563275382
vn 0.20548559003941297 0.8095211698550113 0.549955587154752
vn 0.23386729437796017 0.7842779385645275 0.5746426748000082
vn 0.28834300407256036 0.7430447127146582 0.6039394563275382
vn 0.023865927305838527 0.9991965417418904 -0.03219764719477561
vn 0.023865927305838527 0.9991965417418904 -0.03219764719477561
vn 0.023865927305838527 0.9991965417418904 -0.03219764719477561
vn 0.0368064017319894 0.9544950352354669 0.2959468136378359
vn -0.048617238626514354 0.8714180931146871 0.4881258762867374
vn 0.03616505195624037 0.9540557474742971 0.2974385982488868
vn 0.4544888770061584 0.5816921040820541 0.6745918445447392
vn 0.28834300407256036 0.7430447127146582 0.6039394563275382
vn 0.4195534219252732 0.6221427218181151 0.6609942207308179
vn 0.28834300407256036 0.7430447127146582 0.6039394563275382
vn 0.23386729437796017 0.7842779385645275 0.5746426748000082
vn 0.4195534219252732 0.6221427218181151 0.6609942207308179
vn 0.5311020167615952 0.8394719600847167 0.11496728240369244
vn 0.5311020167615952 0.8394719600847167 0.11496728240369244
vn 0.5311020167615952 0.8394719600847167 0.11496728240369244
vn -0.06668513946287793 0.9324023033871722 0.35521688700442167
vn 0.07092533912363294 0.8963944198019532 0.43754615804291724
vn -0.02816902959251208 0.9214005827177592 0.38759188838156855
vn 0.6624452607961396 0.36515978729637816 0.6540830269854114
vn 0.6624452607961396 0.36515978729637816 0.6540830269854114
vn 0.6624452607961396 0.36515978729637816 0.6540830269854114
vn -0.02026467903150883 0.9241509789846248 0.38148959464906695
vn -0.06668513946287793 0.9324023033871722 0.35521688700442167
vn 0.07092533912363294 0.8963944198019532 0.43754615804291724
vn 0.8856350824977172 0.43514201268316766 -0.16217869603404653
vn 0.7853863156027676 0.6182010108260662 -0.03155701946540434
vn 0.887376830631023 0.4304430713662544 -0.16516998144949452
vn 0.8255972214381292 0.5184549656753775 -0.22269637742941395
vn 0.8255972214381292 0.5184549656753775 -0.22269637742941395
vn 0.8255972214381292 0.5184549656753775 -0.22269637742941395
vn 0.6073397453384659 0.791220254961479 -0.07147686248639834
vn 0.5468189264210028 0.8372432809885144 -0.0035707348500456254
vn 0.5479639863590572 0.836488201813687 -0.004791438196958102
vn 0.3782215758580499 0.7469821659451686 0.5467779104127362
vn 0.3782215758580499 0.7469821659451686 0.5467779104127362
vn 0.3782215758580499 0.7469821659451686 0.5467779104127362
vn -0.0036012529727287197 0.33039989517414386 0.9438341698868192
vn -0.00640904870487652 0.3275335798838989 0.9448178015591875
vn 0.036592241099752454 0.5451607066864961 0.8375325735613975
vn 0.036562020896823706 0.5473019938300103 0.836136200733849
vn -0.0036012529727287197 0.33039989517414386 0.9438341698868192
vn 0.036592241099752454 0.5451607066864961 0.8375325735613975
vn -0.0016480081073673985 0.8256705315473393 0.5641502081924743
vn 0.007019459614757476 0.8737135975148971 0.4863900458523936
vn -0.01214664904360181 0.9449094606054276 0.32710635911790464
vn 0.05475079798553033 -0.06778239654166943 0.9961967159346669
vn 0.05475079798553033 -0.06778239654166943 0.9961967159346669
vn 0.05475079798553033 -0.06778239654166943 0.9961967159346669
vn 0.6073397453384659 0.791220254961479 -0.07147686248639834
vn 0.5479639863590572 0.836488201813687 -0.004791438196958102
vn 0.6171015716643627 0.7824860488595305 -0.08307366363399019
vn 0.171794796551301 -0.3841805933375313 0.9071338487680412
vn 0.21125679998213137 -0.44634928855675376 0.8695647630085924
vn 0.20390138390669843 -0.43481258326873523 0.8771329677261608
vn 0.04443572805279391 0.7537904928850447 0.6556106763228765
vn 0.04443572805279391 0.7537904928850447 0.6556106763228765
vn 0.04443572805279391 0.7537904928850447 0.6556106763228765
vn -0.025056418588065368 0.9194584097073691 0.3923880843067678
vn 0.0397053257104505 0.9094698014568601 0.41386974683859945
vn 0.07092533912363294 0.8963944198019532 0.43754615804291724
vn 0.8816312068443989 0.17609428095006677 0.43785524929452185
vn 0.8816312068443989 0.17609428095006677 0.43785524929452185
vn 0.8816312068443989 0.17609428095006677 0.43785524929452185
vn 0.5155393473640493 0.7175189246070937 0.46838635137045787
vn 0.5155393473640493 0.7175189246070937 0.46838635137045787
vn 0.5155393473640493 0.7175189246070937 0.46838635137045787
vn -0.01214664904360181 0.9449094606054276 0.32710635911790464
vn 0.004821956255995086 0.9064756816664803 0.4222304907099383
vn 0.007019459614757476 0.8737135975148971 0.4863900458523936
vn 0.1558610941184894 0.015351110091164771 0.987659689751058
vn 0.1558610941184894 0.015351110091164771 0.987659689751058
vn 0.1558610941184894 0.015351110091164771 0.987659689751058
vn 0.171794796551301 -0.3841805933375313 0.9071338487680412
vn 0.20390138390669843 -0.43481258326873523 0.8771329677261608
vn 0.16532308832787387 -0.3738919974852752 0.9126187871626384
vn 0.17377628665760245 0.2670123918123956 0.9478956613542011
vn 0.17377628665760245 0.2670123918123956 0.9478956613542011
vn 0.17377628665760245 0.2670123918123956 0.9478956613542011
vn 0.7081672697699001 0.5829469683778497 -0.3983364784773295
vn 0.7081672697699001 0.5829469683778497 -0.3983364784773295
vn 0.7081672697699001 0.5829469683778497 -0.3983364784773295
vn 0.35386394589086784 0.9321622620564771 0.0765102934009317
vn 0.10300180369990079 0.9414824296735735 0.32093841005792945
vn 0.24583017654389436 0.9554571442630938 0.16330698018459305
vn -0.025483418853783895 -0.8680550659658202 -0.49581347078775295
vn -0.025483418853783895 -0.8680550659658202 -0.49581347078775295
vn -0.025483418853783895 -0.8680550659658202 -0.49581347078775295
vn -0.01214664904360181 0.9449094606054276 0.32710635911790464
vn 0.004821956255995086 0.9064756816664803 0.4222304907099383
vn 0.013031659232125604 0.8926848484430472 0.45049299352805894
vn 0.15763267600181236 0.5863083498885195 0.7946033339393368
vn 0.16840639276954758 0.5502661921008558 0.8178303031223364
vn 0.10852789697903356 0.7261848924681158 0.6788793689075989
vn 0.10770238970199937 0.7282504462514443 0.6767950079507465
vn 0.15763267600181236 0.5863083498885195 0.7946033339393368
vn 0.10852789697903356 0.7261848924681158 0.6788793689075989
vn 0.5567888686575361 0.7081021754354327 -0.4342550689199479
vn 0.6028568886384132 0.68925841282919 -0.4018537198600971
vn 0.5523116532356659 0.7097616719457871 -0.4372530237023026
vn 0.24168150431296312 0.2887116110921048 0.926410090669151
vn 0.24168150431296312 0.2887116110921048 0.926410090669151
vn 0.24168150431296312 0.2887116110921048 0.926410090669151
vn 0.005829155147588463 0.9001651665954523 0.43550969426460173
vn 0.013031659232125604 0.8926848484430472 0.45049299352805894
vn -0.02990894811441212 0.9378597286999188 0.34572327677725745
vn 0.11405110516170126 0.894646597301422 0.4319720029682267
vn 0.0397053257104505 0.9094698014568601 0.41386974683859945
vn 0.08121084539052638 0.9096468222264454 0.4073664902815222
vn 0.35386394589086784 0.9321622620564771 0.0765102934009317
vn 0.24583017654389436 0.9554571442630938 0.16330698018459305
vn 0.10584129300528547 0.9542504465564683 0.27964925521400996
vn 0.08844452935090724 0.820294007600162 0.5650622145597439
vn 0.08844452935090724 0.820294007600162 0.5650622145597439
vn 0.08844452935090724 0.820294007600162 0.5650622145597439
vn 0.11405110516170126 0.894646597301422 0.4319720029682267
vn 0.08121084539052638 0.9096468222264454 0.4073664902815222
vn 0.14618869348718164 0.9068889160135173 0.3951978743722421
vn 0.013031659232125604 0.8926848484430472 0.45049299352805894
vn 0.004821956255995086 0.9064756816664803 0.4222304907099383
vn -0.02990894811441212 0.9378597286999188 0.34572327677725745
vn -0.02990894811441212 0.9378597286999188 0.34572327677725745
vn 0.008667228552041117 0.9112248219495412 0.411818167414034
vn 0.004821956255995086 0.9064756816664803 0.4222304907099383
vn 0.36333625497669686 0.9108280882106137 -0.19590548625831575
vn 0.36333625497669686 0.9108280882106137 -0.19590548625831575
vn 0.36333625497669686 0.9108280882106137 -0.19590548625831575
vn 0.4014488660782002 -0.13068298683395693 0.906510212229671
vn 0.4014488660782002 -0.13068298683395693 0.906510212229671
vn 0.4014488660782002 -0.13068298683395693 0.906510212229671
vn 0.2956418001125628 0.643746593575788 0.7058231005611622
vn 0.1641034780553151 0.7549923652023466 0.6348673695948747
vn 0.1652013000259859 0.7536757896236714 0.6361456866197077
vn 0.5567888686575361 0.7081021754354327 -0.4342550689199479
vn 0.5523116532356659 0.7097616719457871 -0.4372530237023026
vn 0.5040271780585566 0.7258723833587738 -0.4680447487744963
vn 0.9535400481542587 -0.30107141204532756 0.010834270395669384
vn 0.9535400481542587 -0.30107141204532756 0.010834270395669384
vn 0.9535400481542587 -0.30107141204532756 0.010834270395669384
vn 0.06228988889504916 -0.9555899942435806 -0.2880411995583205
vn 0.06228988889504916 -0.9555899942435806 -0.2880411995583205
vn 0.06228988889504916 -0.9555899942435806 -0.2880411995583205
vn 0.45558481801364786 0.29685651860390705 -0.8392369635316592
vn 0.455109396976926 0.2777596173073827 -0.8460053379125662
vn 0.4555607782532959 0.29582298103419136 -0.8396148767198539
vn 0.9996832089316181 -0.0010375968492502869 0.025147667346320474
vn 0.9936682462116916 0.007141410287063091 0.1121267886354222
vn 0.9993689757273381 -0.007446586695332342 0.034730371438842514
vn 0.09445779147026002 0.9133569715654315 0.3960514715581607
vn 0.23377508444969616 0.8926484783341108 0.38539318107399606
vn 0.14618869348718164 0.9068889160135173 0.3951978743722421
vn 0.6595780919499248 0.7179915981244335 0.22236187992193915
vn 0.5247758764943129 0.7867822854002287 0.3249367858984559
vn 0.5381522240746748 0.7814545125533496 0.3157863653381631
vn 0.2956418001125628 0.643746593575788 0.7058231005611622
vn 0.1652013000259859 0.7536757896236714 0.6361456866197077
vn 0.2683295008940619 0.6467437141876269 0.7139480703165579
vn 0.455109396976926 0.2777596173073827 -0.8460053379125662
vn 0.4551007089606859 0.2773575148945949 -0.8461419228681294
vn 0.4555607782532959 0.29582298103419136 -0.8396148767198539
vn 0.3078136908842287 0.6838065690191619 -0.6615582422360639
vn 0.3078136908842287 0.6838065690191619 -0.6615582422360639
vn 0.3078136908842287 0.6838065690191619 -0.6615582422360639
vn 0.32570209557283175 0.6359920991932437 0.6995943072261503
vn 0.2956418001125628 0.643746593575788 0.7058231005611622
vn 0.2683295008940619 0.6467437141876269 0.7139480703165579
vn 0.6595780919499248 0.7179915981244335 0.22236187992193915
vn 0.5381522240746748 0.7814545125533496 0.3157863653381631
vn 0.6744422505451555 0.7080132563529787 0.20939168920479456
vn 0.18622758847281462 0.8604255255212343 -0.4743281567892714
vn 0.2602339150645493 0.8790943831114454 -0.39933867209686114
vn 0.2290153697727299 0.872358220188931 -0.43190635104922936
vn 0.11383799501326784 0.8481390504401457 0.5173983591101224
vn 0.11383799501326784 0.8481390504401457 0.5173983591101224
vn 0.11383799501326784 0.8481390504401457 0.5173983591101224
vn 0.643617521299568 -0.07529061410517407 0.7616349582994901
vn 0.643617521299568 -0.07529061410517407 0.7616349582994901
vn 0.643617521299568 -0.07529061410517407 0.7616349582994901
vn 0.18622758847281462 0.8604255255212343 -0.4743281567892714
vn 0.2290153697727299 0.872358220188931 -0.43190635104922936
vn 0.15284150545264974 0.8490214184754327 -0.505768825829481
vn 0.9156521620322938 0.39709186820928816 -0.062443305226768005
vn 0.9156521620322938 0.39709186820928816 -0.062443305226768005
vn 0.9156521620322938 0.39709186820928816 -0.062443305226768005
vn 0.20548559003941297 0.8095211698550113 0.549955587154752
vn 0.2313031003150905 0.7866870913883384 0.5723829976751438
vn 0.23386729437796017 0.7842779385645275 0.5746426748000082
vn 0.7092099655579651 -0.5130312944623209 0.48354949659324986
vn 0.7092099655579651 -0.5130312944623209 0.48354949659324986
vn 0.7092099655579651 -0.5130312944623209 0.48354949659324986
vn -0.5335329951371842 0.6762092938094764 0.5080192260787328
vn -0.23020718198013104 0.8676032090375121 0.4407599403672908
vn -0.5349983419021987 0.674958507667226 0.508141503018135
vn -0.7473590560160002 0.5539881725026914 -0.36681268532863104
vn -0.7473590560160002 0.5539881725026914 -0.36681268532863104
vn -0.7473590560160002 0.5539881725026914 -0.36681268532863104
vn -0.23224967409786323 0.8399749882761646 0.4904101425866858
vn -0.23224967409786323 0.8399749882761646 0.4904101425866858
vn -0.23224967409786323 0.8399749882761646 0.4904101425866858
vn -0.44099609151366903 0.8898048620339637 0.11734459838606355
vn -0.44099609151366903 0.8898048620339637 0.11734459838606355
vn -0.44099609151366903 0.8898048620339637 0.11734459838606355
vn -0.32170589799452104 -0.9273956737665758 -0.19089939621323493
vn -0.32170589799452104 -0.9273956737665758 -0.19089939621323493
vn -0.32170589799452104 -0.9273956737665758 -0.19089939621323493
vn -0.059419744962740356 0.9002694080310482 0.4312589557006197
vn -0.08322661966665583 0.8963267643335721 0.4355131012015267
vn -0.07083474077689449 0.8960706563843308 0.438223479820542
vn -0.8249346541076369 0.5109528258050365 -0.24168166304906438
vn -0.8249346541076369 0.5109528258050365 -0.24168166304906438
vn -0.8249346541076369 0.5109528258050365 -0.24168166304906438
vn -0.38625338106923485 0.8962018954403289 0.2182441023756334
vn -0.38625338106923485 0.8962018954403289 0.2182441023756334
vn -0.38625338106923485 0.8962018954403289 0.2182441023756334
vn -0.9373097449755827 0.30345368482495055 -0.1713659917835737
vn -0.9373097449755827 0.30345368482495055 -0.1713659917835737
vn -0.9373097449755827 0.30345368482495055 -0.1713659917835737
vn -0.04208647734177537 0.7449831788941692 -0.6657543027196283
vn -0.04208563376657535 0.7449680162751737 -0.665771322720871
vn -0.04208647734177537 0.7449831788941692 -0.6657543027196283
vn -0.010712017986319967 0.9698241722562002 0.24356996444191736
vn 0.003143429009540755 0.9698389620099709 0.24372629448109284
vn 0.004425286747265909 0.9701473638872664 0.2424757909148714
vn -0.1809815067031508 0.34783230147868127 -0.9199230317148827
vn -0.1809815067031508 0.34783230147868127 -0.9199230317148827
vn -0.1809815067031508 0.34783230147868127 -0.9199230317148827
vn 0.6059954172592418 0.6444805867091953 0.466277093170755
vn 0.6059954172592418 0.6444805867091953 0.466277093170755
vn 0.6059954172592418 0.6444805867091953 0.466277093170755
vn -0.4733538668242008 0.8406228495250664 0.26322868692248236
vn -0.4733538668242008 0.8406228495250664 0.26322868692248236
vn -0.4733538668242008 0.8406228495250664 0.26322868692248236
vn -0.7457919590746056 -0.30287020886490096 0.5933498043833784
vn -0.7457919590746056 -0.30287020886490096 0.5933498043833784
vn -0.7457919590746056 -0.30287020886490096 0.5933498043833784
vn -0.1350159926618799 0.9062001594525736 -0.4007143031308681
vn -0.1350159926618799 0.9062001594525736 -0.4007143031308681
vn -0.1350159926618799 0.9062001594525736 -0.4007143031308681
vn -0.35298830235441603 0.6360259049726225 0.6861999028014387
vn -0.35298830235441603 0.6360259049726225 0.6861999028014387
vn -0.35298830235441603 0.6360259049726225 0.6861999028014387
vn -0.26631078582204226 0.7611799967111251 0.5913404924083061
vn -0.2644804429034931 0.7627388866526186 0.5901520872703035
vn -0.2660991600884075 0.7613689450442638 0.5911924953197808
vn -0.2660991600884075 0.7613689450442638 0.5911924953197808
vn -0.2644804429034931 0.7627388866526186 0.5901520872703035
vn -0.26322599753125886 0.7637674665643654 0.5893821606067872
vn -0.17032689283518493 0.5907880812115562 -0.7886432607177207
vn -0.17032689283518493 0.5907880812115562 -0.7886432607177207
vn -0.17032689283518493 0.5907880812115562 -0.7886432607177207
vn -0.8344361719257889 0.5417838651879785 0.10092828346806319
vn -0.9375650167715945 0.3477911010960195 -0.003631710960085284
vn -0.8480324618853898 0.5222722214147874 0.0898480401960325
vn -0.48308419372981526 0.3878040844880059 0.7850080597183918
vn -0.48308419372981526 0.3878040844880059 0.7850080597183918
vn -0.48308419372981526 0.3878040844880059 0.7850080597183918
vn -0.4722008074441088 0.818721407604323 0.32668280361771046
vn -0.4722008074441088 0.818721407604323 0.32668280361771046
vn -0.4722008074441088 0.818721407604323 0.32668280361771046
vn -0.2653901529771637 -0.961032135075048 -0.07736473392866114
vn -0.2653901529771637 -0.961032135075048 -0.07736473392866114
vn -0.2653901529771637 -0.961032135075048 -0.07736473392866114
vn -0.20011648717865602 0.9358809675519394 -0.2899658706353565
vn -0.19751868954895951 0.9398926407445864 -0.2785465690921891
vn -0.22630018315881636 0.9263505470632546 -0.30110279151461705
vn -0.12079488569827673 0.8485553919515099 0.5151333248579048
vn 0.023377291510664262 0.9190106255284582 0.39353903543030794
vn -0.06613515909889005 0.8817617093703088 0.4670357894415754
vn -0.19751868954895951 0.9398926407445864 -0.2785465690921891
vn -0.19706148072045557 0.9406277615093455 -0.27638051142252984
vn -0.22630018315881636 0.9263505470632546 -0.30110279151461705
vn -0.22630018315881636 0.9263505470632546 -0.30110279151461705
vn -0.19706148072045557 0.9406277615093455 -0.27638051142252984
vn -0.24351274559573344 0.9188111866691137 -0.31062444524557803
vn -0.22639529223647017 0.7151685895212494 0.661270791896444
vn -0.22639529223647017 0.7151685895212494 0.661270791896444
vn -0.22639529223647017 0.7151685895212494 0.661270791896444
vn -0.6270759641520456 -0.49605744600846263 0.6005853356870642
vn -0.6270759641520456 -0.49605744600846263 0.6005853356870642
vn -0.6270759641520456 -0.49605744600846263 0.6005853356870642
vn -0.5195633186038935 0.10889339474372597 0.8474645635910071
vn -0.5195633186038935 0.10889339474372597 0.8474645635910071
vn -0.5195633186038935 0.10889339474372597 0.8474645635910071
vn -0.3844503758659327 0.055148176824810824 -0.9214969273358661
vn -0.40864895717755667 0.1220758823780909 -0.9044907455244118
vn -0.465878476317558 -0.00018311600028196807 -0.8848486942820004
vn -0.22630018315881636 0.9263505470632546 -0.30110279151461705
vn -0.24351274559573344 0.9188111866691137 -0.31062444524557803
vn -0.28724739533544696 0.9021191182477819 -0.32197830728924287
vn -0.806966131945703 0.5322907010426893 0.2558754999527553
vn -0.806966131945703 0.5322907010426893 0.2558754999527553
vn -0.806966131945703 0.5322907010426893 0.2558754999527553
vn -0.22630018315881636 0.9263505470632546 -0.30110279151461705
vn -0.28724739533544696 0.9021191182477819 -0.32197830728924287
vn -0.3112080718962391 0.8607434701523671 -0.4028277728467666
vn -0.28724739533544696 0.9021191182477819 -0.32197830728924287
vn -0.24351274559573344 0.9188111866691137 -0.31062444524557803
vn -0.261763065279304 0.9344059201264815 -0.24158988821589042
vn -0.07492416869994102 0.8476351838682983 0.5252627571160731
vn -0.10642029736480989 0.8165705528726962 0.5673510839770771
vn -0.0758404152893957 0.8391581963960733 0.5385738137247494
vn -0.30958298233965365 -0.9271924611082489 0.21088508033930223
vn -0.30958298233965365 -0.9271924611082489 0.21088508033930223
vn -0.30958298233965365 -0.9271924611082489 0.21088508033930223
vn -0.48916192854888524 0.3122726615776067 -0.8143748476528317
vn -0.48916192854888524 0.3122726615776067 -0.8143748476528317
vn -0.48916192854888524 0.3122726615776067 -0.8143748476528317
vn -0.15570909208549916 0.7497050370124393 0.6431928452028105
vn -0.15570909208549916 0.7497050370124393 0.6431928452028105
vn -0.15570909208549916 0.7497050370124393 0.6431928452028105
vn -0.09790443666132272 0.96274757750136 0.25205519890946904
vn -0.09808758449085321 0.9628087684694421 0.25175007671718036
vn -0.205818274957351 0.9759586186931412 0.07171898139374398
vn -0.18137410066123125 0.9682441834019863 0.17206579240961942
vn -0.18137410066123125 0.9682441834019863 0.17206579240961942
vn -0.18137410066123125 0.9682441834019863 0.17206579240961942
vn -0.07492416869994102 0.8476351838682983 0.5252627571160731
vn -0.0758404152893957 0.8391581963960733 0.5385738137247494
vn -0.06894253842166402 0.8461108684429286 0.5285293981404728
vn -0.6319584410288438 0.671541588602115 0.38685969496723344
vn -0.6319584410288438 0.671541588602115 0.38685969496723344
vn -0.6319584410288438 0.671541588602115 0.38685969496723344
vn -0.3377241484623787 0.9329684355589895 -0.12454837532450175
vn -0.3377241484623787 0.9329684355589895 -0.12454837532450175
vn -0.3377241484623787 0.9329684355589895 -0.12454837532450175
vn -0.0758404152893957 0.8391581963960733 0.5385738137247494
vn -0.10642029736480989 0.8165705528726962 0.5673510839770771
vn -0.06894253842166402 0.8461108684429286 0.5285293981404728
vn -0.14222089633163026 0.6998731935915485 0.6999648059285514
vn -0.14222089633163026 0.6998731935915485 0.6999648059285514
vn -0.14222089633163026 0.6998731935915485 0.6999648059285514
vn -0.31337356481275214 -0.12519068981580345 0.9413417551877699
vn -0.3102853963049495 -0.09723311133261665 0.9456578106801949
vn -0.31206048218424076 -0.10309429692523699 0.9444521276382569
vn -0.5126034046754753 0.7808686533485328 -0.3570460694823005
vn -0.5126034046754753 0.7808686533485328 -0.3570460694823005
vn -0.5126034046754753 0.7808686533485328 -0.3570460694823005
vn -0.36803498311137334 0.9245585660286224 -0.09870009721023025
vn -0.37575598958435874 0.9183314893811814 -0.12439739507891905
vn -0.3006159689586973 0.9487255894965761 0.09772305276339703
vn -0.31206048218424076 -0.10309429692523699 0.9444521276382569
vn -0.3102853963049495 -0.09723311133261665 0.9456578106801949
vn -0.31157540530640954 -0.09702198720641635 0.945255256957963
vn -0.20792870182298837 0.45321321397574 0.8668122274379769
vn -0.20792870182298837 0.45321321397574 0.8668122274379769
vn -0.20792870182298837 0.45321321397574 0.8668122274379769
vn -0.09112959439511505 0.7783247900564665 0.6212132630658646
vn -0.011963299751799696 0.9044812530474999 0.42634556681719227
vn -0.04864775988445551 0.8500541789444864 0.5244437894734185
vn -0.04864775988445551 0.8500541789444864 0.5244437894734185
vn -0.010925759227846716 0.8965241039313087 0.4428602023838438
vn -0.011963299751799696 0.9044812530474999 0.42634556681719227
vn -0.31337356481275214 -0.12519068981580345 0.9413417551877699
vn -0.31206048218424076 -0.10309429692523699 0.9444521276382569
vn -0.31157540530640954 -0.09702198720641635 0.945255256957963
vn -0.08682537244175072 0.30134049631720244 0.9495552959041689
vn -0.09109889462140874 0.6225551789430772 0.7772554538695182
vn -0.0913444694035389 0.6212828830737364 0.7782440279944152
vn -0.39409821099939374 0.7774230615772808 0.4902040222345026
vn -0.22294657272287913 0.8707276715480594 0.4383242495135498
vn -0.23020718198013104 0.8676032090375121 0.4407599403672908
vn -0.6820174670149056 0.5136723679930476 -0.520569758098746
vn -0.6820174670149056 0.5136723679930476 -0.520569758098746
vn -0.6820174670149056 0.5136723679930476 -0.520569758098746
vn -0.36803498311137334 0.9245585660286224 -0.09870009721023025
vn -0.3006159689586973 0.9487255894965761 0.09772305276339703
vn -0.29298146750853954 0.9488634205341251 0.11755878899011588
vn -0.5160794338929766 0.8544151320734615 -0.060305886914913176
vn -0.5160794338929766 0.8544151320734615 -0.060305886914913176
vn -0.5160794338929766 0.8544151320734615 -0.060305886914913176
vn -0.17515060689090745 -0.02398818038772468 0.9842493749591272
vn -0.17515060689090745 -0.02398818038772468 0.9842493749591272
vn -0.17515060689090745 -0.02398818038772468 0.9842493749591272
vn -0.019837199058862113 0.8856249576586585 0.46397728382497183
vn -0.04864775988445551 0.8500541789444864 0.5244437894734185
vn -0.010925759227846716 0.8965241039313087 0.4428602023838438
vn -0.00640904870487652 0.3275335798838989 0.9448178015591875
vn -0.0036012529727287197 0.33039989517414386 0.9438341698868192
vn -0.05139463358348731 0.32918235425614834 0.942866676304343
vn -0.0913444694035389 0.6212828830737364 0.7782440279944152
vn -0.0932055180668556 0.4255287305682943 0.9001322296545241
vn -0.08682537244175072 0.30134049631720244 0.9495552959041689
vn -0.5335329951371842 0.6762092938094764 0.5080192260787328
vn -0.39409821099939374 0.7774230615772808 0.4902040222345026
vn -0.23020718198013104 0.8676032090375121 0.4407599403672908
vn -0.08682537244175072 0.30134049631720244 0.9495552959041689
vn -0.0932055180668556 0.4255287305682943 0.9001322296545241
vn -0.07834373417066406 0.330923766005461 0.940399766274407
vn -0.0016480081073673985 0.8256705315473393 0.5641502081924743
vn -0.005340753610250774 0.8222398194873622 0.5691161178531711
vn 0.007019459614757476 0.8737135975148971 0.4863900458523936
vn -0.0932055180668556 0.4255287305682943 0.9001322296545241
vn -0.07007276928528236 0.41921600200817905 0.905178297720935
vn -0.07834373417066406 0.330923766005461 0.940399766274407
vn 0.2644512982451331 0.9179952848548447 0.2955506180686079
vn -0.13968549617063883 0.8875846233879588 0.4389550073581778
vn 0.2860282093671524 0.9165901638446553 0.27937490042852536
vn -0.43746452456288404 -0.004883049868117475 0.8992224116273766
vn -0.45706252096345606 0.04480283416478032 0.8883054418280536
vn -0.6042454270082658 0.04638879767215882 0.7954467571057978
vn 0.9895268209417271 0.04779319526402855 0.13620749290481002
vn 0.9996832089316181 -0.0010375968492502869 0.025147667346320474
vn 0.9984427272329384 0.054812838368567526 0.010376569068513204
vn 0.9936682462116916 0.007141410287063091 0.1121267886354222
vn 0.9996832089316181 -0.0010375968492502869 0.025147667346320474
vn 0.9895268209417271 0.04779319526402855 0.13620749290481002
vn -0.5928910339193926 -0.004120051370515268 0.8052721571460782
vn -0.43746452456288404 -0.004883049868117475 0.8992224116273766
vn -0.6042454270082658 0.04638879767215882 0.7954467571057978
vn 0.9710825462743975 0.056948355046424495 0.23185248150222437
vn 0.9936682462116916 0.007141410287063091 0.1121267886354222
vn 0.9895268209417271 0.04779319526402855 0.13620749290481002
vn 0.9686193568126124 0.0003967499402196985 0.24854855500969214
vn 0.9710825462743975 0.056948355046424495 0.23185248150222437
vn 0.9297617500745395 0.04968493711818571 0.3647937706730908
vn 0.9686193568126124 0.0003967499402196985 0.24854855500969214
vn 0.9936682462116916 0.007141410287063091 0.1121267886354222
vn 0.9710825462743975 0.056948355046424495 0.23185248150222437
vn -0.6872577004457195 -0.00036622798878857587 0.7264136005438789
vn -0.6042454270082658 0.04638879767215882 0.7954467571057978
vn -0.7472631785483657 0.04080413947350249 0.6632742752343259
vn 0.9169334984216149 -0.004516898760296115 0.39901448231597775
vn 0.9297617500745395 0.04968493711818571 0.3647937706730908
vn 0.8830586297714834 0.04480140768828626 0.4671191392517096
vn 0.9169334984216149 -0.004516898760296115 0.39901448231597775
vn 0.9686193568126124 0.0003967499402196985 0.24854855500969214
vn 0.9297617500745395 0.04968493711818571 0.3647937706730908
vn -0.6872577004457195 -0.00036622798878857587 0.7264136005438789
vn -0.5928910339193926 -0.004120051370515268 0.8052721571460782
vn -0.6042454270082658 0.04638879767215882 0.7954467571057978
vn 0.8348875480788589 -0.0020753137832686904 0.5504166377713993
vn 0.8830586297714834 0.04480140768828626 0.4671191392517096
vn 0.8103157641342467 0.043428829534493604 0.5843819805236947
vn 0.8348875480788589 -0.0020753137832686904 0.5504166377713993
vn 0.9169334984216149 -0.004516898760296115 0.39901448231597775
vn 0.8830586297714834 0.04480140768828626 0.4671191392517096
vn -0.7608731967343563 0.001678526048358376 0.6488984212043873
vn -0.6872577004457195 -0.00036622798878857587 0.7264136005438789
vn -0.7472631785483657 0.04080413947350249 0.6632742752343259
vn -0.7608731967343563 0.001678526048358376 0.6488984212043873
vn -0.7472631785483657 0.04080413947350249 0.6632742752343259
vn -0.8370616552426036 0.04599302698565499 0.5451719240672702
vn 0.7170521104268268 -0.00509667309339576 0.6970009288772955
vn 0.8103157641342467 0.043428829534493604 0.5843819805236947
vn 0.7156455923148293 0.0456872495818387 0.6969677621138614
vn 0.7170521104268268 -0.00509667309339576 0.6970009288772955
vn 0.8348875480788589 -0.0020753137832686904 0.5504166377713993
vn 0.8103157641342467 0.043428829534493604 0.5843819805236947
vn 0.7170521104268268 -0.00509667309339576 0.6970009288772955
vn 0.7156455923148293 0.0456872495818387 0.6969677621138614
vn 0.6367004377482623 0.04852615565520659 0.7695828511528163
vn -0.8408127759762049 0.0012207619929123395 0.5413246581261054
vn -0.8370616552426036 0.04599302698565499 0.5451719240672702
vn -0.8970424111761084 0.04837244098334147 0.4392892207927108
vn -0.8408127759762049 0.0012207619929123395 0.5413246581261054
vn -0.7608731967343563 0.001678526048358376 0.6488984212043873
vn -0.8370616552426036 0.04599302698565499 0.5451719240672702
vn 0.5448374273100242 -0.004730521806261588 0.8385283537040562
vn 0.6367004377482623 0.04852615565520659 0.7695828511528163
vn 0.5266711569623493 0.049105519965096725 0.8486495980868065
vn 0.5448374273100242 -0.004730521806261588 0.8385283537040562
vn 0.7170521104268268 -0.00509667309339576 0.6970009288772955
vn 0.6367004377482623 0.04852615565520659 0.7695828511528163
vn -0.9027209156921437 0.0007019369416530373 0.43022605181051915
vn -0.8970424111761084 0.04837244098334147 0.4392892207927108
vn -0.9462379950518875 0.056002140857907806 0.3185865925294327
vn -0.9027209156921437 0.0007019369416530373 0.43022605181051915
vn -0.8408127759762049 0.0012207619929123395 0.5413246581261054
vn -0.8970424111761084 0.04837244098334147 0.4392892207927108
vn 0.5448374273100242 -0.004730521806261588 0.8385283537040562
vn 0.5266711569623493 0.049105519965096725 0.8486495980868065
vn 0.40813725927753497 0.044588975325392764 0.9118310155225329
vn -0.9468916392886934 0.0010070798174609027 0.3215512544454031
vn -0.9462379950518875 0.056002140857907806 0.3185865925294327
vn -0.9711858991459554 0.04901402697693553 0.23322858842681818
vn -0.9468916392886934 0.0010070798174609027 0.3215512544454031
vn -0.9027209156921437 0.0007019369416530373 0.43022605181051915
vn -0.9462379950518875 0.056002140857907806 0.3185865925294327
vn 0.37776660705139214 -0.004211604105659234 0.9258912749279672
vn 0.40813725927753497 0.044588975325392764 0.9118310155225329
vn 0.29686108174590226 0.0418724379630216 0.954002199726859
vn 0.37776660705139214 -0.004211604105659234 0.9258912749279672
vn 0.5448374273100242 -0.004730521806261588 0.8385283537040562
vn 0.40813725927753497 0.044588975325392764 0.9118310155225329
vn -0.9760550096182068 0.002624571046367944 0.21750799945295093
vn -0.9468916392886934 0.0010070798174609027 0.3215512544454031
vn -0.9711858991459554 0.04901402697693553 0.23322858842681818
vn -0.9949387674643302 0.006317316871990812 0.10028429839261042
vn -0.9711858991459554 0.04901402697693553 0.23322858842681818
vn -0.993182940255832 0.047701287202169845 0.106358988261626
vn 0.22702929140806993 -0.00231939505229656 0.9738851684101884
vn 0.29686108174590226 0.0418724379630216 0.954002199726859
vn 0.160956289118055 0.044862678959138605 0.9859413841755272
vn -0.9949387674643302 0.006317316871990812 0.10028429839261042
vn -0.9760550096182068 0.002624571046367944 0.21750799945295093
vn -0.9711858991459554 0.04901402697693553 0.23322858842681818
vn 0.22702929140806993 -0.00231939505229656 0.9738851684101884
vn 0.37776660705139214 -0.004211604105659234 0.9258912749279672
vn 0.29686108174590226 0.0418724379630216 0.954002199726859
vn -0.999715960451372 0.009582995212623839 -0.021821196611219156
vn -0.993182940255832 0.047701287202169845 0.106358988261626
vn -0.9991267033779623 0.04178028432575017 0.0004883018995604532
vn -0.999715960451372 0.009582995212623839 -0.021821196611219156
vn -0.9949387674643302 0.006317316871990812 0.10028429839261042
vn -0.993182940255832 0.047701287202169845 0.106358988261626
vn 0.11243058835145135 -0.002716123847660538 0.9936558687363501
vn 0.22702929140806993 -0.00231939505229656 0.9738851684101884
vn 0.160956289118055 0.044862678959138605 0.9859413841755272
vn 0.11243058835145135 -0.002716123847660538 0.9936558687363501
vn 0.160956289118055 0.044862678959138605 0.9859413841755272
vn 0.050081066342278095 0.04257344416700862 0.9978373558079388
vn 0.0012207620163892346 -0.0030823938641448704 0.9999945042789813
vn 0.11243058835145135 -0.002716123847660538 0.9936558687363501
vn 0.050081066342278095 0.04257344416700862 0.9978373558079388
vn 0.0012207620163892346 -0.0030823938641448704 0.9999945042789813
vn 0.050081066342278095 0.04257344416700862 0.9978373558079388
vn -0.10291019854210233 0.04767071840791573 0.9935476806084841
vn -0.12656219010842784 0.00039674698737974173 0.9919585952179588
vn 0.0012207620163892346 -0.0030823938641448704 0.9999945042789813
vn -0.10291019854210233 0.04767071840791573 0.9935476806084841
vn -0.12656219010842784 0.00039674698737974173 0.9919585952179588
vn -0.10291019854210233 0.04767071840791573 0.9935476806084841
vn -0.3148055414360283 0.051211175223913816 0.9477736473511778
vn -0.2638967105085336 -0.001892148914991531 0.9645490894481517
vn -0.12656219010842784 0.00039674698737974173 0.9919585952179588
vn -0.3148055414360283 0.051211175223913816 0.9477736473511778
vn -0.43746452456288404 -0.004883049868117475 0.8992224116273766
vn -0.2638967105085336 -0.001892148914991531 0.9645490894481517
vn -0.3148055414360283 0.051211175223913816 0.9477736473511778
vn -0.43746452456288404 -0.004883049868117475 0.8992224116273766
vn -0.3148055414360283 0.051211175223913816 0.9477736473511778
vn -0.45706252096345606 0.04480283416478032 0.8883054418280536
vn -0.3136483953808401 0.20826468876389911 -0.9264181040378586
vn -0.2857819725520941 0.2998512611760869 -0.9101746455133455
vn -0.23755758511975503 0.16940928647029735 -0.9564867418891362
vn -0.7422431539169616 0.6690595594413161 -0.037873557841766346
vn -0.7387131585340642 0.672181677979519 0.0497459666431857
vn -0.6025773163074527 0.797902090853098 -0.015900669292905803
vn -0.9525937773715893 0.17875049519775907 -0.24619779808008652
vn -0.923415715517976 0.32682880584224777 -0.20121219646471405
vn -0.88834474212488 0.3520356625226658 -0.29481267179568116
vn -0.9525937773715893 0.17875049519775907 -0.24619779808008652
vn -0.88834474212488 0.3520356625226658 -0.29481267179568116
vn -0.9291247771578837 0.17853699713107168 -0.3238081054061693
vn -0.17804919105143246 0.9718236880583423 -0.1544577770609578
vn -0.0654938827186372 0.9915951644259794 -0.11157769137893278
vn -0.14350248489157363 0.9702138641084482 -0.19517196192511163
vn -0.9363748252856923 0.044831934462422285 -0.3481268220398226
vn -0.9057571163482057 0.18781690033176002 -0.379906380749722
vn -0.8908317710110827 0.04422264558558266 -0.4521759761140235
vn -0.9363748252856923 0.044831934462422285 -0.3481268220398226
vn -0.9291247771578837 0.17853699713107168 -0.3238081054061693
vn -0.9057571163482057 0.18781690033176002 -0.379906380749722
vn 0.3384884803593054 0.23167129733019481 -0.9120054597738945
vn 0.4576398879481263 0.414790497642709 -0.7864569765881285
vn 0.39516773863178917 0.2687555852493984 -0.8784149894792844
vn -0.8577864882064946 0.5102586815185723 -0.061954972240307486
vn -0.7422431539169616 0.6690595594413161 -0.037873557841766346
vn -0.7643991750714833 0.6266022955003925 -0.15186660075103675
vn -0.011719458819376168 0.9951804946721008 -0.0973572663398768
vn 0.021058259159634166 0.9946833077088643 -0.10080509454644859
vn 0.010223860773029884 0.977066866916958 -0.21268711819001507
vn -0.3654077653187521 0.5181570058873368 -0.7732984432252701
vn -0.23814080651955835 0.6045842169796561 -0.7601097821034213
vn -0.2718706751166693 0.5261619733797149 -0.8057542514816601
vn -0.3654077653187521 0.5181570058873368 -0.7732984432252701
vn -0.3496901372760444 0.6127970779348008 -0.7086582738996496
vn -0.23814080651955835 0.6045842169796561 -0.7601097821034213
vn -0.8577864882064946 0.5102586815185723 -0.061954972240307486
vn -0.7643991750714833 0.6266022955003925 -0.15186660075103675
vn -0.8606780849997091 0.4760724053748238 -0.1805222945839727
vn 0.21241661238098275 0.41396822223315816 -0.8851607163480008
vn 0.19752186895537177 0.6112740746894275 -0.7663740058854821
vn 0.30751088724686293 0.5490392529198005 -0.7771698353499799
vn -0.05240076157079001 0.9550551994142571 -0.2917597063656915
vn -0.011719458819376168 0.9951804946721008 -0.0973572663398768
vn 0.010223860773029884 0.977066866916958 -0.21268711819001507
vn -0.8577864882064946 0.5102586815185723 -0.061954972240307486
vn -0.8576227375746406 0.5120223134239967 0.04812889517657305
vn -0.7387131585340642 0.672181677979519 0.0497459666431857
vn -0.3654077653187521 0.5181570058873368 -0.7732984432252701
vn -0.2718706751166693 0.5261619733797149 -0.8057542514816601
vn -0.2823334947745192 0.3939118108802808 -0.8747121143424414
vn -0.8577864882064946 0.5102586815185723 -0.061954972240307486
vn -0.7387131585340642 0.672181677979519 0.0497459666431857
vn -0.7422431539169616 0.6690595594413161 -0.037873557841766346
vn 0.10034539577717878 0.9861503270152788 -0.13205428457259635
vn 0.08612357979352944 0.9925576626282305 -0.08609306221485764
vn 0.2509255161111496 0.9465707728728096 -0.20258370444664406
vn -0.26994019985803097 0.9165453991984559 -0.29508781694395514
vn -0.17804919105143246 0.9718236880583423 -0.1544577770609578
vn -0.14350248489157363 0.9702138641084482 -0.19517196192511163
vn 0.10034539577717878 0.9861503270152788 -0.13205428457259635
vn 0.2509255161111496 0.9465707728728096 -0.20258370444664406
vn 0.22682017476455352 0.9476581974228726 -0.2247143724308912
vn -0.3912808784001653 0.17453670006088715 -0.9035685997920971
vn -0.3136483953808401 0.20826468876389911 -0.9264181040378586
vn -0.23755758511975503 0.16940928647029735 -0.9564867418891362
vn -0.8577864882064946 0.5102586815185723 -0.061954972240307486
vn -0.9389443071397177 0.3423610130024502 0.034242150426805555
vn -0.8576227375746406 0.5120223134239967 0.04812889517657305
vn -0.9690828773923862 0.050265430649487 -0.2415610962603766
vn -0.9291247771578837 0.17853699713107168 -0.3238081054061693
vn -0.9363748252856923 0.044831934462422285 -0.3481268220398226
vn -0.9690828773923862 0.050265430649487 -0.2415610962603766
vn -0.9525937773715893 0.17875049519775907 -0.24619779808008652
vn -0.9291247771578837 0.17853699713107168 -0.3238081054061693
vn -0.3990631071502581 0.702846700275272 -0.5888591957537419
vn -0.313155269982449 0.8398823311557047 -0.4433186739746916
vn -0.28971630598168674 0.7587313124950963 -0.5834305935480193
vn 0.4844616078650722 0.7618808782763457 -0.42992380466968005
vn 0.5047851219662206 0.7907792949004288 -0.34620815616956296
vn 0.620101208767227 0.6602043459571802 -0.4237979618458255
vn -0.9333793724435148 0.347922898964278 -0.088048869801056
vn -0.8577864882064946 0.5102586815185723 -0.061954972240307486
vn -0.8606780849997091 0.4760724053748238 -0.1805222945839727
vn -0.9333793724435148 0.347922898964278 -0.088048869801056
vn -0.8606780849997091 0.4760724053748238 -0.1805222945839727
vn -0.923415715517976 0.32682880584224777 -0.20121219646471405
vn -0.40123456271195423 0.46712532121027334 -0.7879116447734135
vn -0.3496901372760444 0.6127970779348008 -0.7086582738996496
vn -0.3654077653187521 0.5181570058873368 -0.7732984432252701
vn 0.32029521510033154 0.17935909355893728 -0.9301834715482473
vn 0.25208386446100356 0.18085337936584367 -0.9506554478097523
vn 0.39516773863178917 0.2687555852493984 -0.8784149894792844
vn -0.40123456271195423 0.46712532121027334 -0.7879116447734135
vn -0.3654077653187521 0.5181570058873368 -0.7732984432252701
vn -0.2823334947745192 0.3939118108802808 -0.8747121143424414
vn -0.3586579512676287 0.4630021688243001 -0.8105513343746351
vn -0.40123456271195423 0.46712532121027334 -0.7879116447734135
vn -0.2823334947745192 0.3939118108802808 -0.8747121143424414
vn -0.013123328586179844 0.9477805342630645 -0.31865316116247633
vn 0.010223860773029884 0.977066866916958 -0.21268711819001507
vn 0.04257439538831301 0.9258030251362408 -0.3756010909274685
vn -0.9758600085731907 0.1884271817734783 -0.11041938614408485
vn -0.9333793724435148 0.347922898964278 -0.088048869801056
vn -0.923415715517976 0.32682880584224777 -0.20121219646471405
vn -0.407097786090142 0.34108439039706734 -0.8473091709570751
vn -0.3586579512676287 0.4630021688243001 -0.8105513343746351
vn -0.2823334947745192 0.3939118108802808 -0.8747121143424414
vn -0.9333793724435148 0.347922898964278 -0.088048869801056
vn -0.9389443071397177 0.3423610130024502 0.034242150426805555
vn -0.8577864882064946 0.5102586815185723 -0.061954972240307486
vn 0.6170997515021135 0.5984524387002328 -0.5109232577499032
vn 0.4844616078650722 0.7618808782763457 -0.42992380466968005
vn 0.620101208767227 0.6602043459571802 -0.4237979618458255
vn 0.6170997515021135 0.5984524387002328 -0.5109232577499032
vn 0.620101208767227 0.6602043459571802 -0.4237979618458255
vn 0.7322783877131737 0.41368820195202893 -0.5409532645745772
vn -0.9758600085731907 0.1884271817734783 -0.11041938614408485
vn -0.9389443071397177 0.3423610130024502 0.034242150426805555
vn -0.9333793724435148 0.347922898964278 -0.088048869801056
vn -0.9758600085731907 0.1884271817734783 -0.11041938614408485
vn -0.923415715517976 0.32682880584224777 -0.20121219646471405
vn -0.9525937773715893 0.17875049519775907 -0.24619779808008652
vn -0.9758600085731907 0.1884271817734783 -0.11041938614408485
vn -0.9856465169906928 0.16770268485032694 0.019410127204832258
vn -0.9389443071397177 0.3423610130024502 0.034242150426805555
vn -0.26994019985803097 0.9165453991984559 -0.29508781694395514
vn -0.14350248489157363 0.9702138641084482 -0.19517196192511163
vn -0.23871981143979706 0.9188972322018537 -0.31407121529665916
vn -0.9907781318177435 0.0479763067789038 -0.1267160901369609
vn -0.9758600085731907 0.1884271817734783 -0.11041938614408485
vn -0.9525937773715893 0.17875049519775907 -0.24619779808008652
vn -0.9907781318177435 0.0479763067789038 -0.1267160901369609
vn -0.9525937773715893 0.17875049519775907 -0.24619779808008652
vn -0.9690828773923862 0.050265430649487 -0.2415610962603766
vn -0.9907781318177435 0.0479763067789038 -0.1267160901369609
vn -0.9856465169906928 0.16770268485032694 0.019410127204832258
vn -0.9758600085731907 0.1884271817734783 -0.11041938614408485
vn -0.9907781318177435 0.0479763067789038 -0.1267160901369609
vn -0.9991267033779623 0.04178028432575017 0.0004883018995604532
vn -0.9856465169906928 0.16770268485032694 0.019410127204832258
vn 0.8983760443487936 0.05435543487598452 -0.43585085710556676
vn 0.8413506383564868 0.25425461639725316 -0.47695250641737663
vn 0.9022992002737319 0.17304369326705382 -0.39485697841861894
vn -0.3990631071502581 0.702846700275272 -0.5888591957537419
vn -0.28971630598168674 0.7587313124950963 -0.5834305935480193
vn -0.3496901372760444 0.6127970779348008 -0.7086582738996496
vn 0.25553921362239607 0.9101200876880465 -0.3261612121144239
vn 0.10034539577717878 0.9861503270152788 -0.13205428457259635
vn 0.22682017476455352 0.9476581974228726 -0.2247143724308912
vn 0.25553921362239607 0.9101200876880465 -0.3261612121144239
vn 0.22682017476455352 0.9476581974228726 -0.2247143724308912
vn 0.36641860544426885 0.8666351564384993 -0.33864570159547996
vn 0.763428890781236 0.2460429000452915 -0.5971927829920872
vn 0.8413506383564868 0.25425461639725316 -0.47695250641737663
vn 0.7994214261916386 0.14252489743847715 -0.5836197708747349
vn -0.30906961161329616 0.06363284006104618 -0.9489082341527928
vn -0.23755758511975503 0.16940928647029735 -0.9564867418891362
vn -0.1381910867631153 0.06900392359346293 -0.9879988269567614
vn -0.005035637355434984 0.8857008118887639 -0.46422916127275865
vn -0.013123328586179844 0.9477805342630645 -0.31865316116247633
vn 0.04257439538831301 0.9258030251362408 -0.3756010909274685
vn 0.08130305130791905 0.5972907447951545 -0.7978932134252501
vn 0.06421195074284522 0.8104322683533551 -0.5823026393495343
vn 0.15812270261506234 0.765800829740572 -0.6233348218143763
vn -0.407097786090142 0.34108439039706734 -0.8473091709570751
vn -0.2823334947745192 0.3939118108802808 -0.8747121143424414
vn -0.2857819725520941 0.2998512611760869 -0.9101746455133455
vn 0.39381448506336625 0.05838244939807448 -0.9173339855017675
vn 0.32029521510033154 0.17935909355893728 -0.9301834715482473
vn 0.39516773863178917 0.2687555852493984 -0.8784149894792844
vn -0.30906961161329616 0.06363284006104618 -0.9489082341527928
vn -0.3912808784001653 0.17453670006088715 -0.9035685997920971
vn -0.23755758511975503 0.16940928647029735 -0.9564867418891362
vn 0.5007674193991981 0.7112007873468565 -0.4933816289095889
vn 0.4844616078650722 0.7618808782763457 -0.42992380466968005
vn 0.6170997515021135 0.5984524387002328 -0.5109232577499032
vn -0.3912808784001653 0.17453670006088715 -0.9035685997920971
vn -0.407097786090142 0.34108439039706734 -0.8473091709570751
vn -0.2857819725520941 0.2998512611760869 -0.9101746455133455
vn 0.1039486813098856 0.9945319772651456 -0.010040809280919074
vn 0.0596027242280212 0.9981406616159889 0.012756758733874987
vn 0.20679887755538182 0.9781748475697001 0.02020375766603762
vn 0.21241661238098275 0.41396822223315816 -0.8851607163480008
vn 0.3520663031662058 0.4026972891241889 -0.8449166890924279
vn 0.3516145827912757 0.3475859943915621 -0.8692244598901632
vn -0.3912808784001653 0.17453670006088715 -0.9035685997920971
vn -0.2857819725520941 0.2998512611760869 -0.9101746455133455
vn -0.3136483953808401 0.20826468876389911 -0.9264181040378586
vn -0.4664242726467146 0.5405247648519851 -0.7002009543464572
vn -0.3990631071502581 0.702846700275272 -0.5888591957537419
vn -0.3496901372760444 0.6127970779348008 -0.7086582738996496
vn 0.021058259159634166 0.9946833077088643 -0.10080509454644859
vn 0.08612357979352944 0.9925576626282305 -0.08609306221485764
vn 0.10034539577717878 0.9861503270152788 -0.13205428457259635
vn 0.21241661238098275 0.41396822223315816 -0.8851607163480008
vn 0.3516145827912757 0.3475859943915621 -0.8692244598901632
vn 0.36025320523534854 0.30666079299972576 -0.8810089591794383
vn 0.8409142489835538 0.05514739450929257 -0.5383511778897324
vn 0.8413506383564868 0.25425461639725316 -0.47695250641737663
vn 0.8983760443487936 0.05435543487598452 -0.43585085710556676
vn 0.8409142489835538 0.05514739450929257 -0.5383511778897324
vn 0.7994214261916386 0.14252489743847715 -0.5836197708747349
vn 0.8413506383564868 0.25425461639725316 -0.47695250641737663
vn 0.5219083290156007 0.7029785327694751 -0.48314891966082235
vn 0.5007674193991981 0.7112007873468565 -0.4933816289095889
vn 0.6170997515021135 0.5984524387002328 -0.5109232577499032
vn 0.25208386446100356 0.18085337936584367 -0.9506554478097523
vn 0.36025320523534854 0.30666079299972576 -0.8810089591794383
vn 0.3384884803593054 0.23167129733019481 -0.9120054597738945
vn 0.25208386446100356 0.18085337936584367 -0.9506554478097523
vn 0.21241661238098275 0.41396822223315816 -0.8851607163480008
vn 0.36025320523534854 0.30666079299972576 -0.8810089591794383
vn 0.7994214261916386 0.14252489743847715 -0.5836197708747349
vn 0.8409142489835538 0.05514739450929257 -0.5383511778897324
vn 0.7561388376428707 0.07104819046835117 -0.6505430138271114
vn -0.13523129983727886 0.9879422685139432 -0.07538282050868053
vn -0.05343847263005022 0.9974471765642634 -0.047365172932719746
vn -0.17804919105143246 0.9718236880583423 -0.1544577770609578
vn 0.25208386446100356 0.18085337936584367 -0.9506554478097523
vn 0.3384884803593054 0.23167129733019481 -0.9120054597738945
vn 0.39516773863178917 0.2687555852493984 -0.8784149894792844
vn -0.4837921558348223 0.4699669776926391 -0.7382927534732692
vn -0.4664242726467146 0.5405247648519851 -0.7002009543464572
vn -0.3496901372760444 0.6127970779348008 -0.7086582738996496
vn -0.4837921558348223 0.4699669776926391 -0.7382927534732692
vn -0.3496901372760444 0.6127970779348008 -0.7086582738996496
vn -0.40123456271195423 0.46712532121027334 -0.7879116447734135
vn 0.5377855833294425 0.6383476181765785 -0.5507258707663008
vn 0.5219083290156007 0.7029785327694751 -0.48314891966082235
vn 0.6170997515021135 0.5984524387002328 -0.5109232577499032
vn -0.43224656581626203 0.7652746438935405 -0.47698807716091035
vn -0.23871981143979706 0.9188972322018537 -0.31407121529665916
vn -0.313155269982449 0.8398823311557047 -0.4433186739746916
vn -0.43224656581626203 0.7652746438935405 -0.47698807716091035
vn -0.26994019985803097 0.9165453991984559 -0.29508781694395514
vn -0.23871981143979706 0.9188972322018537 -0.31407121529665916
vn 0.664101586728194 0.39574479227328724 -0.6343147025677931
vn 0.6170997515021135 0.5984524387002328 -0.5109232577499032
vn 0.7322783877131737 0.41368820195202893 -0.5409532645745772
vn 0.664101586728194 0.39574479227328724 -0.6343147025677931
vn 0.5971696892940126 0.5498955176205242 -0.583954862886977
vn 0.6170997515021135 0.5984524387002328 -0.5109232577499032
vn 0.08130305130791905 0.5972907447951545 -0.7978932134252501
vn 0.15812270261506234 0.765800829740572 -0.6233348218143763
vn 0.19752186895537177 0.6112740746894275 -0.7663740058854821
vn 0.2595049670834172 0.9653842196036225 -0.026276997532814428
vn 0.1039486813098856 0.9945319772651456 -0.010040809280919074
vn 0.20679887755538182 0.9781748475697001 0.02020375766603762
vn 0.5377855833294425 0.6383476181765785 -0.5507258707663008
vn 0.45256767087499955 0.6910439196339853 -0.5635963133446457
vn 0.5219083290156007 0.7029785327694751 -0.48314891966082235
vn -0.43224656581626203 0.7652746438935405 -0.47698807716091035
vn -0.313155269982449 0.8398823311557047 -0.4433186739746916
vn -0.3990631071502581 0.702846700275272 -0.5888591957537419
vn -0.49282411440625057 0.39119521338891783 -0.777232717582896
vn -0.4837921558348223 0.4699669776926391 -0.7382927534732692
vn -0.40123456271195423 0.46712532121027334 -0.7879116447734135
vn -0.01257400785784669 0.762348003703787 -0.6470451418372922
vn 0.04257439538831301 0.9258030251362408 -0.3756010909274685
vn 0.06421195074284522 0.8104322683533551 -0.5823026393495343
vn -0.01257400785784669 0.762348003703787 -0.6470451418372922
vn -0.005035637355434984 0.8857008118887639 -0.46422916127275865
vn 0.04257439538831301 0.9258030251362408 -0.3756010909274685
vn 0.44722016493468797 0.8941046365186509 -0.023896088207937653
vn 0.3800869499792062 0.9238487277189934 0.04513799671564452
vn 0.5904283967527086 0.8065058381246792 0.03070246535434251
vn 0.1039486813098856 0.9945319772651456 -0.010040809280919074
vn 0.09872822574024077 0.9943629018507905 -0.03866725830802689
vn 0.0596027242280212 0.9981406616159889 0.012756758733874987
vn 0.3347013816645066 0.8484879544288629 -0.4099306969488794
vn 0.25553921362239607 0.9101200876880465 -0.3261612121144239
vn 0.36641860544426885 0.8666351564384993 -0.33864570159547996
vn 0.08130305130791905 0.5972907447951545 -0.7978932134252501
vn 0.19752186895537177 0.6112740746894275 -0.7663740058854821
vn 0.21241661238098275 0.41396822223315816 -0.8851607163480008
vn -0.49282411440625057 0.39119521338891783 -0.777232717582896
vn -0.40123456271195423 0.46712532121027334 -0.7879116447734135
vn -0.3586579512676287 0.4630021688243001 -0.8105513343746351
vn 0.3347013816645066 0.8484879544288629 -0.4099306969488794
vn 0.36641860544426885 0.8666351564384993 -0.33864570159547996
vn 0.4844616078650722 0.7618808782763457 -0.42992380466968005
vn -0.49282411440625057 0.39119521338891783 -0.777232717582896
vn -0.3586579512676287 0.4630021688243001 -0.8105513343746351
vn -0.407097786090142 0.34108439039706734 -0.8473091709570751
vn 0.34743271433492934 0.8696804335875241 -0.3506372091562436
vn 0.3347013816645066 0.8484879544288629 -0.4099306969488794
vn 0.4844616078650722 0.7618808782763457 -0.42992380466968005
vn 0.5971696892940126 0.5498955176205242 -0.583954862886977
vn 0.5377855833294425 0.6383476181765785 -0.5507258707663008
vn 0.6170997515021135 0.5984524387002328 -0.5109232577499032
vn 0.5971696892940126 0.5498955176205242 -0.583954862886977
vn 0.4883034981715949 0.6027191106500163 -0.6311017091805701
vn 0.5377855833294425 0.6383476181765785 -0.5507258707663008
vn -0.05240076157079001 0.9550551994142571 -0.2917597063656915
vn 0.010223860773029884 0.977066866916958 -0.21268711819001507
vn -0.013123328586179844 0.9477805342630645 -0.31865316116247633
vn 0.15695938074696617 0.9541774153046021 -0.25477286534903537
vn 0.10034539577717878 0.9861503270152788 -0.13205428457259635
vn 0.25553921362239607 0.9101200876880465 -0.3261612121144239
vn -0.5328648744969037 0.4565058698754718 -0.7125008184533109
vn -0.4837921558348223 0.4699669776926391 -0.7382927534732692
vn -0.49282411440625057 0.39119521338891783 -0.777232717582896
vn -0.05343847263005022 0.9974471765642634 -0.047365172932719746
vn -0.13523129983727886 0.9879422685139432 -0.07538282050868053
vn -0.0852711591397978 0.996000668750424 -0.02667390611934001
vn 0.06616490225505783 0.4094717435282099 -0.9099203794627015
vn 0.08130305130791905 0.5972907447951545 -0.7978932134252501
vn 0.21241661238098275 0.41396822223315816 -0.8851607163480008
vn -0.26017430744801834 0.951551568294858 -0.16388698123871973
vn -0.26994019985803097 0.9165453991984559 -0.29508781694395514
vn -0.37321858380305256 0.8747702551542909 -0.30900629346558733
vn -0.26017430744801834 0.951551568294858 -0.16388698123871973
vn -0.17804919105143246 0.9718236880583423 -0.1544577770609578
vn -0.26994019985803097 0.9165453991984559 -0.29508781694395514
vn 0.45256767087499955 0.6910439196339853 -0.5635963133446457
vn 0.5007674193991981 0.7112007873468565 -0.4933816289095889
vn 0.5219083290156007 0.7029785327694751 -0.48314891966082235
vn 0.664101586728194 0.39574479227328724 -0.6343147025677931
vn 0.7322783877131737 0.41368820195202893 -0.5409532645745772
vn 0.763428890781236 0.2460429000452915 -0.5971927829920872
vn -0.01257400785784669 0.762348003703787 -0.6470451418372922
vn 0.06421195074284522 0.8104322683533551 -0.5823026393495343
vn 0.08130305130791905 0.5972907447951545 -0.7978932134252501
vn 0.664101586728194 0.39574479227328724 -0.6343147025677931
vn 0.5453206308384281 0.5086363561135118 -0.666269064884111
vn 0.5971696892940126 0.5498955176205242 -0.583954862886977
vn 0.2595049670834172 0.9653842196036225 -0.026276997532814428
vn 0.20679887755538182 0.9781748475697001 0.02020375766603762
vn 0.3800869499792062 0.9238487277189934 0.04513799671564452
vn 0.7203470280319846 0.34538685373108147 -0.6015048465933021
vn 0.664101586728194 0.39574479227328724 -0.6343147025677931
vn 0.763428890781236 0.2460429000452915 -0.5971927829920872
vn -0.5349073443367618 0.5912454165109599 -0.6035751738013869
vn -0.43224656581626203 0.7652746438935405 -0.47698807716091035
vn -0.3990631071502581 0.702846700275272 -0.5888591957537419
vn -0.05240076157079001 0.9550551994142571 -0.2917597063656915
vn -0.013123328586179844 0.9477805342630645 -0.31865316116247633
vn -0.005035637355434984 0.8857008118887639 -0.46422916127275865
vn 0.22929076940603976 0.05517869091876409 -0.9717927017289635
vn 0.32029521510033154 0.17935909355893728 -0.9301834715482473
vn 0.39381448506336625 0.05838244939807448 -0.9173339855017675
vn 0.22929076940603976 0.05517869091876409 -0.9717927017289635
vn 0.25208386446100356 0.18085337936584367 -0.9506554478097523
vn 0.32029521510033154 0.17935909355893728 -0.9301834715482473
vn -0.4781447434632146 0.319597369063466 -0.8180679225994669
vn -0.49282411440625057 0.39119521338891783 -0.777232717582896
vn -0.407097786090142 0.34108439039706734 -0.8473091709570751
vn 0.2595049670834172 0.9653842196036225 -0.026276997532814428
vn 0.3800869499792062 0.9238487277189934 0.04513799671564452
vn 0.44722016493468797 0.8941046365186509 -0.023896088207937653
vn -0.3912808784001653 0.17453670006088715 -0.9035685997920971
vn -0.30906961161329616 0.06363284006104618 -0.9489082341527928
vn -0.4280907923294024 0.04934929814713435 -0.9023873449329672
vn 0.4883034981715949 0.6027191106500163 -0.6311017091805701
vn 0.45256767087499955 0.6910439196339853 -0.5635963133446457
vn 0.5377855833294425 0.6383476181765785 -0.5507258707663008
vn -0.38903549346204636 -0.17258930220787647 -0.9049112208333702
vn -0.38903549346204636 -0.17258930220787647 -0.9049112208333702
vn -0.38903549346204636 -0.17258930220787647 -0.9049112208333702
vn -0.0964082406190964 0.8478986035584922 -0.5213189131657218
vn -0.05240076157079001 0.9550551994142571 -0.2917597063656915
vn -0.005035637355434984 0.8857008118887639 -0.46422916127275865
vn -0.5228570764581615 0.2702180776753227 -0.8084569673736985
vn -0.407097786090142 0.34108439039706734 -0.8473091709570751
vn -0.3912808784001653 0.17453670006088715 -0.9035685997920971
vn -0.026124060295543622 0.5736312301253114 -0.8186969801450331
vn -0.01257400785784669 0.762348003703787 -0.6470451418372922
vn 0.08130305130791905 0.5972907447951545 -0.7978932134252501
vn -0.5075382569260215 0.15888418191390857 -0.8468534315299454
vn -0.5228570764581615 0.2702180776753227 -0.8084569673736985
vn -0.3912808784001653 0.17453670006088715 -0.9035685997920971
vn 0.20850980297267968 0.8854035741685867 -0.41543251306775
vn 0.15695938074696617 0.9541774153046021 -0.25477286534903537
vn 0.25553921362239607 0.9101200876880465 -0.3261612121144239
vn -0.5228570764581615 0.2702180776753227 -0.8084569673736985
vn -0.49282411440625057 0.39119521338891783 -0.777232717582896
vn -0.4781447434632146 0.319597369063466 -0.8180679225994669
vn -0.17804919105143246 0.9718236880583423 -0.1544577770609578
vn -0.26017430744801834 0.951551568294858 -0.16388698123871973
vn -0.13523129983727886 0.9879422685139432 -0.07538282050868053
vn 0.7641000805002152 0.6448325563167636 -0.018494358425003087
vn 0.5904283967527086 0.8065058381246792 0.03070246535434251
vn 0.7256533832051092 0.6865277037240999 0.045900756663625586
vn 0.6116911778888992 0.7883043302040577 -0.0664092303405418
vn 0.44722016493468797 0.8941046365186509 -0.023896088207937653
vn 0.5904283967527086 0.8065058381246792 0.03070246535434251
vn -0.6128306014515688 0.18110240160952112 -0.7691817561901558
vn -0.5228570764581615 0.2702180776753227 -0.8084569673736985
vn -0.5075382569260215 0.15888418191390857 -0.8468534315299454
vn 0.7641000805002152 0.6448325563167636 -0.018494358425003087
vn 0.7256533832051092 0.6865277037240999 0.045900756663625586
vn 0.8612922512987947 0.5036947179666846 0.06683778082129578
vn -0.5349073443367618 0.5912454165109599 -0.6035751738013869
vn -0.3990631071502581 0.702846700275272 -0.5888591957537419
vn -0.4664242726467146 0.5405247648519851 -0.7002009543464572
vn -0.5349073443367618 0.5912454165109599 -0.6035751738013869
vn -0.4664242726467146 0.5405247648519851 -0.7002009543464572
vn -0.4837921558348223 0.4699669776926391 -0.7382927534732692
vn 0.6858373601912664 0.1813781932856332 -0.7047900867395303
vn 0.7449327300535245 0.10922669896872197 -0.658137338195759
vn 0.763428890781236 0.2460429000452915 -0.5971927829920872
vn 0.6858373601912664 0.1813781932856332 -0.7047900867395303
vn 0.763428890781236 0.2460429000452915 -0.5971927829920872
vn 0.7994214261916386 0.14252489743847715 -0.5836197708747349
vn 0.12830189971861145 0.25535257877200307 -0.9582972832284788
vn 0.06616490225505783 0.4094717435282099 -0.9099203794627015
vn 0.21241661238098275 0.41396822223315816 -0.8851607163480008
vn -0.37321858380305256 0.8747702551542909 -0.30900629346558733
vn -0.26994019985803097 0.9165453991984559 -0.29508781694395514
vn -0.43224656581626203 0.7652746438935405 -0.47698807716091035
vn 0.20850980297267968 0.8854035741685867 -0.41543251306775
vn 0.25553921362239607 0.9101200876880465 -0.3261612121144239
vn 0.3347013816645066 0.8484879544288629 -0.4099306969488794
vn -0.6082512318388253 0.39763708086931776 -0.6869608364996357
vn -0.5349073443367618 0.5912454165109599 -0.6035751738013869
vn -0.4837921558348223 0.4699669776926391 -0.7382927534732692
vn 0.5453206308384281 0.5086363561135118 -0.666269064884111
vn 0.4883034981715949 0.6027191106500163 -0.6311017091805701
vn 0.5971696892940126 0.5498955176205242 -0.583954862886977
vn -0.3600606016417648 0.90277612012557 -0.23526929267627147
vn -0.26017430744801834 0.951551568294858 -0.16388698123871973
vn -0.37321858380305256 0.8747702551542909 -0.30900629346558733
vn 0.12830189971861145 0.25535257877200307 -0.9582972832284788
vn 0.21241661238098275 0.41396822223315816 -0.8851607163480008
vn 0.25208386446100356 0.18085337936584367 -0.9506554478097523
vn -0.5328648744969037 0.4565058698754718 -0.7125008184533109
vn -0.6082512318388253 0.39763708086931776 -0.6869608364996357
vn -0.4837921558348223 0.4699669776926391 -0.7382927534732692
vn -0.03921662910272144 0.9937838047835179 -0.10419119613390729
vn -0.011719458819376168 0.9951804946721008 -0.0973572663398768
vn -0.05240076157079001 0.9550551994142571 -0.2917597063656915
vn 0.6591006645995787 0.3137411834413314 -0.6834857597179524
vn 0.664101586728194 0.39574479227328724 -0.6343147025677931
vn 0.7203470280319846 0.34538685373108147 -0.6015048465933021
vn -0.5203875430963256 0.7263940750984196 -0.4489414802088145
vn -0.37321858380305256 0.8747702551542909 -0.30900629346558733
vn -0.43224656581626203 0.7652746438935405 -0.47698807716091035
vn 0.07065062875458647 0.9746432770112783 -0.21231808974578245
vn 0.021058259159634166 0.9946833077088643 -0.10080509454644859
vn 0.10034539577717878 0.9861503270152788 -0.13205428457259635
vn 0.8771005489533368 0.4797668873570152 -0.022767538767210282
vn 0.7641000805002152 0.6448325563167636 -0.018494358425003087
vn 0.8612922512987947 0.5036947179666846 0.06683778082129578
vn 0.20716211001885454 0.9767870213668947 -0.054506651536539816
vn 0.09872822574024077 0.9943629018507905 -0.03866725830802689
vn 0.1039486813098856 0.9945319772651456 -0.010040809280919074
vn -0.5255195631398176 0.04226981582872002 -0.8497308111555926
vn -0.5075382569260215 0.15888418191390857 -0.8468534315299454
vn -0.3912808784001653 0.17453670006088715 -0.9035685997920971
vn -0.5255195631398176 0.04226981582872002 -0.8497308111555926
vn -0.3912808784001653 0.17453670006088715 -0.9035685997920971
vn -0.4280907923294024 0.04934929814713435 -0.9023873449329672
vn 0.6116911778888992 0.7883043302040577 -0.0664092303405418
vn 0.5904283967527086 0.8065058381246792 0.03070246535434251
vn 0.7641000805002152 0.6448325563167636 -0.018494358425003087
vn -0.6082512318388253 0.39763708086931776 -0.6869608364996357
vn -0.5328648744969037 0.4565058698754718 -0.7125008184533109
vn -0.49282411440625057 0.39119521338891783 -0.777232717582896
vn 0.6764675363108247 -0.02023446182683435 -0.7361944300741085
vn 0.6764675363108247 -0.02023446182683435 -0.7361944300741085
vn 0.6764675363108247 -0.02023446182683435 -0.7361944300741085
vn -0.0964082406190964 0.8478986035584922 -0.5213189131657218
vn -0.005035637355434984 0.8857008118887639 -0.46422916127275865
vn -0.01257400785784669 0.762348003703787 -0.6470451418372922
vn 0.0656161922691592 0.1638269023235316 -0.9843044556371635
vn 0.12830189971861145 0.25535257877200307 -0.9582972832284788
vn 0.25208386446100356 0.18085337936584367 -0.9506554478097523
vn 0.6407274993416112 0.3084610899229136 -0.7030789625575591
vn 0.664101586728194 0.39574479227328724 -0.6343147025677931
vn 0.6591006645995787 0.3137411834413314 -0.6834857597179524
vn 0.20716211001885454 0.9767870213668947 -0.054506651536539816
vn 0.1039486813098856 0.9945319772651456 -0.010040809280919074
vn 0.2595049670834172 0.9653842196036225 -0.026276997532814428
vn 0.6858373601912664 0.1813781932856332 -0.7047900867395303
vn 0.6407274993416112 0.3084610899229136 -0.7030789625575591
vn 0.7449327300535245 0.10922669896872197 -0.658137338195759
vn -0.6128306014515688 0.18110240160952112 -0.7691817561901558
vn -0.49282411440625057 0.39119521338891783 -0.777232717582896
vn -0.5228570764581615 0.2702180776753227 -0.8084569673736985
vn -0.6128306014515688 0.18110240160952112 -0.7691817561901558
vn -0.6082512318388253 0.39763708086931776 -0.6869608364996357
vn -0.49282411440625057 0.39119521338891783 -0.777232717582896
vn -0.5203875430963256 0.7263940750984196 -0.4489414802088145
vn -0.43224656581626203 0.7652746438935405 -0.47698807716091035
vn -0.5349073443367618 0.5912454165109599 -0.6035751738013869
vn 0.15695938074696617 0.9541774153046021 -0.25477286534903537
vn 0.07065062875458647 0.9746432770112783 -0.21231808974578245
vn 0.10034539577717878 0.9861503270152788 -0.13205428457259635
vn 0.329268389951195 0.7927895045082931 -0.5129007008383232
vn 0.20850980297267968 0.8854035741685867 -0.41543251306775
vn 0.3347013816645066 0.8484879544288629 -0.4099306969488794
vn -0.37321858380305256 0.8747702551542909 -0.30900629346558733
vn -0.4801287834972065 0.8155352875475513 -0.32307668752515273
vn -0.3600606016417648 0.90277612012557 -0.23526929267627147
vn 0.7789304782051344 0.6178829614080703 -0.10718188337920685
vn 0.6116911778888992 0.7883043302040577 -0.0664092303405418
vn 0.7641000805002152 0.6448325563167636 -0.018494358425003087
vn -0.0897253097387168 0.9492267541445623 -0.30152601547539803
vn -0.03921662910272144 0.9937838047835179 -0.10419119613390729
vn -0.05240076157079001 0.9550551994142571 -0.2917597063656915
vn 0.07065062875458647 0.9746432770112783 -0.21231808974578245
vn 0.15695938074696617 0.9541774153046021 -0.25477286534903537
vn 0.1048938955819638 0.9681863426743001 -0.22718379459944466
vn -0.4801287834972065 0.8155352875475513 -0.32307668752515273
vn -0.37321858380305256 0.8747702551542909 -0.30900629346558733
vn -0.5203875430963256 0.7263940750984196 -0.4489414802088145
vn 0.8771005489533368 0.4797668873570152 -0.022767538767210282
vn 0.8612922512987947 0.5036947179666846 0.06683778082129578
vn 0.9645509791856473 0.258892091061234 0.05114971884527531
vn -0.037294618010001675 0.3209111027755263 -0.9463747543034333
vn -0.026124060295543622 0.5736312301253114 -0.8186969801450331
vn 0.08130305130791905 0.5972907447951545 -0.7978932134252501
vn -0.625279435860399 0.5655532563273497 -0.5377500733125307
vn -0.5203875430963256 0.7263940750984196 -0.4489414802088145
vn -0.5349073443367618 0.5912454165109599 -0.6035751738013869
vn 0.3318099128482755 0.9400670661474947 -0.07858812175171052
vn 0.2595049670834172 0.9653842196036225 -0.026276997532814428
vn 0.44722016493468797 0.8941046365186509 -0.023896088207937653
vn 0.5453206308384281 0.5086363561135118 -0.666269064884111
vn 0.664101586728194 0.39574479227328724 -0.6343147025677931
vn 0.5661918442768438 0.39473503283143435 -0.7236097355135243
vn -0.6294034893317818 0.05044870962968629 -0.7754393434135756
vn -0.6128306014515688 0.18110240160952112 -0.7691817561901558
vn -0.5075382569260215 0.15888418191390857 -0.8468534315299454
vn -0.5972396165140178 0.6929798160809354 -0.40383637153013086
vn -0.4801287834972065 0.8155352875475513 -0.32307668752515273
vn -0.5203875430963256 0.7263940750984196 -0.4489414802088145
vn 0.6907013137102485 0.05139361380291703 -0.7213115774055022
vn 0.6858373601912664 0.1813781932856332 -0.7047900867395303
vn 0.7994214261916386 0.14252489743847715 -0.5836197708747349
vn 0.6907013137102485 0.05139361380291703 -0.7213115774055022
vn 0.7994214261916386 0.14252489743847715 -0.5836197708747349
vn 0.7561388376428707 0.07104819046835117 -0.6505430138271114
vn -0.6795134991318305 0.40960027868829674 -0.6086780891375058
vn -0.5349073443367618 0.5912454165109599 -0.6035751738013869
vn -0.6082512318388253 0.39763708086931776 -0.6869608364996357
vn -0.6795134991318305 0.40960027868829674 -0.6086780891375058
vn -0.625279435860399 0.5655532563273497 -0.5377500733125307
vn -0.5349073443367618 0.5912454165109599 -0.6035751738013869
vn -0.13306328840128998 0.6606164666886573 -0.7388369544220357
vn -0.0964082406190964 0.8478986035584922 -0.5213189131657218
vn -0.01257400785784669 0.762348003703787 -0.6470451418372922
vn 0.3318099128482755 0.9400670661474947 -0.07858812175171052
vn 0.20716211001885454 0.9767870213668947 -0.054506651536539816
vn 0.2595049670834172 0.9653842196036225 -0.026276997532814428
vn 0.4546133930295847 0.8831024275690932 -0.11600329865871425
vn 0.3318099128482755 0.9400670661474947 -0.07858812175171052
vn 0.44722016493468797 0.8941046365186509 -0.023896088207937653
vn -0.5972396165140178 0.6929798160809354 -0.40383637153013086
vn -0.5203875430963256 0.7263940750984196 -0.4489414802088145
vn -0.625279435860399 0.5655532563273497 -0.5377500733125307
vn -0.6294034893317818 0.05044870962968629 -0.7754393434135756
vn -0.5075382569260215 0.15888418191390857 -0.8468534315299454
vn -0.5255195631398176 0.04226981582872002 -0.8497308111555926
vn 0.9333746784081365 0.3571074809189388 -0.03586023951729524
vn 0.8771005489533368 0.4797668873570152 -0.022767538767210282
vn 0.9645509791856473 0.258892091061234 0.05114971884527531
vn -0.1670299890102605 0.8736958360625521 -0.4568988606006698
vn -0.0897253097387168 0.9492267541445623 -0.30152601547539803
vn -0.05240076157079001 0.9550551994142571 -0.2917597063656915
vn 0.11713219936617623 0.06409007178201032 -0.9910461697472116
vn 0.0656161922691592 0.1638269023235316 -0.9843044556371635
vn 0.25208386446100356 0.18085337936584367 -0.9506554478097523
vn 0.11713219936617623 0.06409007178201032 -0.9910461697472116
vn 0.25208386446100356 0.18085337936584367 -0.9506554478097523
vn 0.22929076940603976 0.05517869091876409 -0.9717927017289635
vn 0.06616490225505783 0.4094717435282099 -0.9099203794627015
vn -0.037294618010001675 0.3209111027755263 -0.9463747543034333
vn 0.08130305130791905 0.5972907447951545 -0.7978932134252501
vn -0.037294618010001675 0.3209111027755263 -0.9463747543034333
vn 0.06616490225505783 0.4094717435282099 -0.9099203794627015
vn 0.12830189971861145 0.25535257877200307 -0.9582972832284788
vn -0.7070377505808786 0.29896578348088587 -0.6408721241879626
vn -0.6795134991318305 0.40960027868829674 -0.6086780891375058
vn -0.6082512318388253 0.39763708086931776 -0.6869608364996357
vn 0.9804923003037305 0.1860453796740601 -0.06341896993040837
vn 0.9333746784081365 0.3571074809189388 -0.03586023951729524
vn 0.9645509791856473 0.258892091061234 0.05114971884527531
vn 0.7789304782051344 0.6178829614080703 -0.10718188337920685
vn 0.7641000805002152 0.6448325563167636 -0.018494358425003087
vn 0.8771005489533368 0.4797668873570152 -0.022767538767210282
vn -0.13306328840128998 0.6606164666886573 -0.7388369544220357
vn -0.01257400785784669 0.762348003703787 -0.6470451418372922
vn -0.026124060295543622 0.5736312301253114 -0.8186969801450331
vn -0.7313558670306188 0.44960509047794595 -0.5128097682145007
vn -0.5972396165140178 0.6929798160809354 -0.40383637153013086
vn -0.625279435860399 0.5655532563273497 -0.5377500733125307
vn 0.20850980297267968 0.8854035741685867 -0.41543251306775
vn 0.12091769383779827 0.9057839592026706 -0.40612107870447106
vn 0.1048938955819638 0.9681863426743001 -0.22718379459944466
vn 0.20850980297267968 0.8854035741685867 -0.41543251306775
vn 0.1048938955819638 0.9681863426743001 -0.22718379459944466
vn 0.15695938074696617 0.9541774153046021 -0.25477286534903537
vn -0.7123623568998254 0.1765263845148426 -0.6792483404780935
vn -0.6082512318388253 0.39763708086931776 -0.6869608364996357
vn -0.6128306014515688 0.18110240160952112 -0.7691817561901558
vn 0.8787054641623517 0.45973948806294296 -0.12851579812166739
vn 0.7789304782051344 0.6178829614080703 -0.10718188337920685
vn 0.8771005489533368 0.4797668873570152 -0.022767538767210282
vn -0.7123623568998254 0.1765263845148426 -0.6792483404780935
vn -0.7070377505808786 0.29896578348088587 -0.6408721241879626
vn -0.6082512318388253 0.39763708086931776 -0.6869608364996357
vn 0.5661918442768438 0.39473503283143435 -0.7236097355135243
vn 0.664101586728194 0.39574479227328724 -0.6343147025677931
vn 0.6407274993416112 0.3084610899229136 -0.7030789625575591
vn 0.6199972506694127 0.7739360179132921 -0.12894358975492337
vn 0.44722016493468797 0.8941046365186509 -0.023896088207937653
vn 0.6116911778888992 0.7883043302040577 -0.0664092303405418
vn 0.6199972506694127 0.7739360179132921 -0.12894358975492337
vn 0.4546133930295847 0.8831024275690932 -0.11600329865871425
vn 0.44722016493468797 0.8941046365186509 -0.023896088207937653
vn -0.1670299890102605 0.8736958360625521 -0.4568988606006698
vn -0.05240076157079001 0.9550551994142571 -0.2917597063656915
vn -0.0964082406190964 0.8478986035584922 -0.5213189131657218
vn 0.39616384983230524 0.6177910547766228 -0.6792557815168264
vn 0.329268389951195 0.7927895045082931 -0.5129007008383232
vn 0.45256767087499955 0.6910439196339853 -0.5635963133446457
vn 0.39616384983230524 0.6177910547766228 -0.6792557815168264
vn 0.45256767087499955 0.6910439196339853 -0.5635963133446457
vn 0.4883034981715949 0.6027191106500163 -0.6311017091805701
vn -0.7313558670306188 0.44960509047794595 -0.5128097682145007
vn -0.625279435860399 0.5655532563273497 -0.5377500733125307
vn -0.6795134991318305 0.40960027868829674 -0.6086780891375058
vn 0.8787054641623517 0.45973948806294296 -0.12851579812166739
vn 0.8771005489533368 0.4797668873570152 -0.022767538767210282
vn 0.9333746784081365 0.3571074809189388 -0.03586023951729524
vn 0.9804923003037305 0.1860453796740601 -0.06341896993040837
vn 0.9645509791856473 0.258892091061234 0.05114971884527531
vn 0.9984427272329384 0.054812838368567526 0.010376569068513204
vn 0.5896675577438008 0.19132678180681925 -0.7846567618442521
vn 0.5661918442768438 0.39473503283143435 -0.7236097355135243
vn 0.6407274993416112 0.3084610899229136 -0.7030789625575591
vn 0.5896675577438008 0.19132678180681925 -0.7846567618442521
vn 0.6407274993416112 0.3084610899229136 -0.7030789625575591
vn 0.6858373601912664 0.1813781932856332 -0.7047900867395303
vn 0.6199972506694127 0.7739360179132921 -0.12894358975492337
vn 0.6116911778888992 0.7883043302040577 -0.0664092303405418
vn 0.7789304782051344 0.6178829614080703 -0.10718188337920685
vn 0.9378877155214883 0.31108295496511107 -0.15360347718739495
vn 0.8787054641623517 0.45973948806294296 -0.12851579812166739
vn 0.9333746784081365 0.3571074809189388 -0.03586023951729524
vn 0.9378877155214883 0.31108295496511107 -0.15360347718739495
vn 0.9333746784081365 0.3571074809189388 -0.03586023951729524
vn 0.9804923003037305 0.1860453796740601 -0.06341896993040837
vn 0.5669268517042791 0.8052827329154089 -0.1735328928041153
vn 0.4546133930295847 0.8831024275690932 -0.11600329865871425
vn 0.6199972506694127 0.7739360179132921 -0.12894358975492337
vn 0.7801624040714183 0.5988173561746808 -0.18100938433537195
vn 0.6199972506694127 0.7739360179132921 -0.12894358975492337
vn 0.7789304782051344 0.6178829614080703 -0.10718188337920685
vn -0.761556862303 0.3271706097912682 -0.5594555724702536
vn -0.7860882294235194 0.22559937869115662 -0.5754739054865654
vn -0.7313558670306188 0.44960509047794595 -0.5128097682145007
vn -0.761556862303 0.3271706097912682 -0.5594555724702536
vn -0.7313558670306188 0.44960509047794595 -0.5128097682145007
vn -0.6795134991318305 0.40960027868829674 -0.6086780891375058
vn -0.761556862303 0.3271706097912682 -0.5594555724702536
vn -0.6795134991318305 0.40960027868829674 -0.6086780891375058
vn -0.7070377505808786 0.29896578348088587 -0.6408721241879626
vn -0.7860882294235194 0.22559937869115662 -0.5754739054865654
vn -0.7070377505808786 0.29896578348088587 -0.6408721241879626
vn -0.7123623568998254 0.1765263845148426 -0.6792483404780935
vn -0.7860882294235194 0.22559937869115662 -0.5754739054865654
vn -0.761556862303 0.3271706097912682 -0.5594555724702536
vn -0.7070377505808786 0.29896578348088587 -0.6408721241879626
vn 0.6906839676754832 0.6884255476628368 -0.22141798057333809
vn 0.5669268517042791 0.8052827329154089 -0.1735328928041153
vn 0.6199972506694127 0.7739360179132921 -0.12894358975492337
vn 0.6906839676754832 0.6884255476628368 -0.22141798057333809
vn 0.6199972506694127 0.7739360179132921 -0.12894358975492337
vn 0.7801624040714183 0.5988173561746808 -0.18100938433537195
vn -0.7697306121402706 0.1468289912179896 -0.6212535972306895
vn -0.7860882294235194 0.22559937869115662 -0.5754739054865654
vn -0.7123623568998254 0.1765263845148426 -0.6792483404780935
vn -0.17118169057282048 0.9850959599418898 -0.016816019707342818
vn -0.0852711591397978 0.996000668750424 -0.02667390611934001
vn -0.223458069278136 0.9731505034530763 -0.05517779357234165
vn -0.14350248489157363 0.9702138641084482 -0.19517196192511163
vn -0.0654938827186372 0.9915951644259794 -0.11157769137893278
vn -0.03921662910272144 0.9937838047835179 -0.10419119613390729
vn -0.14350248489157363 0.9702138641084482 -0.19517196192511163
vn -0.03921662910272144 0.9937838047835179 -0.10419119613390729
vn -0.12399777897930372 0.9626536468609221 -0.2406709517028724
vn 0.0656161922691592 0.1638269023235316 -0.9843044556371635
vn -0.037294618010001675 0.3209111027755263 -0.9463747543034333
vn 0.12830189971861145 0.25535257877200307 -0.9582972832284788
vn 0.0656161922691592 0.1638269023235316 -0.9843044556371635
vn 0.11713219936617623 0.06409007178201032 -0.9910461697472116
vn -0.030915608906173172 0.07879971038268387 -0.9964109748339617
vn -0.7281537548573461 0.04641943731525239 -0.6838401458868023
vn -0.6128306014515688 0.18110240160952112 -0.7691817561901558
vn -0.6294034893317818 0.05044870962968629 -0.7754393434135756
vn -0.7281537548573461 0.04641943731525239 -0.6838401458868023
vn -0.7123623568998254 0.1765263845148426 -0.6792483404780935
vn -0.6128306014515688 0.18110240160952112 -0.7691817561901558
vn 0.7944208432550641 0.5429406199558802 -0.27223336864506026
vn 0.6906839676754832 0.6884255476628368 -0.22141798057333809
vn 0.7801624040714183 0.5988173561746808 -0.18100938433537195
vn -0.13800820433250097 0.44057660416949707 -0.8870433988229623
vn -0.13306328840128998 0.6606164666886573 -0.7388369544220357
vn -0.026124060295543622 0.5736312301253114 -0.8186969801450331
vn -0.12399777897930372 0.9626536468609221 -0.2406709517028724
vn -0.03921662910272144 0.9937838047835179 -0.10419119613390729
vn -0.0897253097387168 0.9492267541445623 -0.30152601547539803
vn 0.9686388099287413 0.15875918713999645 -0.19113967771888557
vn 0.9378877155214883 0.31108295496511107 -0.15360347718739495
vn 0.9804923003037305 0.1860453796740601 -0.06341896993040837
vn -0.13800820433250097 0.44057660416949707 -0.8870433988229623
vn -0.026124060295543622 0.5736312301253114 -0.8186969801450331
vn -0.037294618010001675 0.3209111027755263 -0.9463747543034333
vn 0.9865145829933103 0.04681556741448765 -0.1568352007337463
vn 0.9804923003037305 0.1860453796740601 -0.06341896993040837
vn 0.9984427272329384 0.054812838368567526 0.010376569068513204
vn 0.8877710195159955 0.39757264068725573 -0.23194527864238143
vn 0.7801624040714183 0.5988173561746808 -0.18100938433537195
vn 0.7789304782051344 0.6178829614080703 -0.10718188337920685
vn 0.4576398879481263 0.414790497642709 -0.7864569765881285
vn 0.4883034981715949 0.6027191106500163 -0.6311017091805701
vn 0.5453206308384281 0.5086363561135118 -0.666269064884111
vn 0.4576398879481263 0.414790497642709 -0.7864569765881285
vn 0.39616384983230524 0.6177910547766228 -0.6792557815168264
vn 0.4883034981715949 0.6027191106500163 -0.6311017091805701
vn -0.037294618010001675 0.3209111027755263 -0.9463747543034333
vn 0.0656161922691592 0.1638269023235316 -0.9843044556371635
vn -0.030915608906173172 0.07879971038268387 -0.9964109748339617
vn 0.8877710195159955 0.39757264068725573 -0.23194527864238143
vn 0.7789304782051344 0.6178829614080703 -0.10718188337920685
vn 0.8787054641623517 0.45973948806294296 -0.12851579812166739
vn -0.47145744872269196 0.8725686020384277 -0.1278745822303801
vn -0.4528685045322238 0.8891347308276905 -0.06595110339272392
vn -0.35081765786095936 0.9324211672373296 -0.08670488925502895
vn -0.21283809382387225 0.7436516720862866 -0.6337839824582906
vn -0.1670299890102605 0.8736958360625521 -0.4568988606006698
vn -0.0964082406190964 0.8478986035584922 -0.5213189131657218
vn 0.7944208432550641 0.5429406199558802 -0.27223336864506026
vn 0.7801624040714183 0.5988173561746808 -0.18100938433537195
vn 0.8877710195159955 0.39757264068725573 -0.23194527864238143
vn -0.7697306121402706 0.1468289912179896 -0.6212535972306895
vn -0.7123623568998254 0.1765263845148426 -0.6792483404780935
vn -0.7281537548573461 0.04641943731525239 -0.6838401458868023
vn -0.7697306121402706 0.1468289912179896 -0.6212535972306895
vn -0.7281537548573461 0.04641943731525239 -0.6838401458868023
vn -0.8197384727709813 0.04858612790489089 -0.5706734832058596
vn 0.23698338928806528 0.7629553695796498 -0.6014465705539614
vn 0.20850980297267968 0.8854035741685867 -0.41543251306775
vn 0.329268389951195 0.7927895045082931 -0.5129007008383232
vn -0.1726752057432628 0.5155230715373522 -0.8392968700252706
vn -0.13306328840128998 0.6606164666886573 -0.7388369544220357
vn -0.13800820433250097 0.44057660416949707 -0.8870433988229623
vn 0.9865145829933103 0.04681556741448765 -0.1568352007337463
vn 0.9686388099287413 0.15875918713999645 -0.19113967771888557
vn 0.9804923003037305 0.1860453796740601 -0.06341896993040837
vn -0.30879396000869447 0.9506143866216893 -0.03128223473504187
vn -0.17118169057282048 0.9850959599418898 -0.016816019707342818
vn -0.223458069278136 0.9731505034530763 -0.05517779357234165
vn 0.8877710195159955 0.39757264068725573 -0.23194527864238143
vn 0.8787054641623517 0.45973948806294296 -0.12851579812166739
vn 0.9378877155214883 0.31108295496511107 -0.15360347718739495
vn -0.30879396000869447 0.9506143866216893 -0.03128223473504187
vn -0.223458069278136 0.9731505034530763 -0.05517779357234165
vn -0.35081765786095936 0.9324211672373296 -0.08670488925502895
vn 0.4576398879481263 0.414790497642709 -0.7864569765881285
vn 0.5453206308384281 0.5086363561135118 -0.666269064884111
vn 0.5661918442768438 0.39473503283143435 -0.7236097355135243
vn -0.21283809382387225 0.7436516720862866 -0.6337839824582906
vn -0.0964082406190964 0.8478986035584922 -0.5213189131657218
vn -0.13306328840128998 0.6606164666886573 -0.7388369544220357
vn 0.8829973025706895 0.3421145190671164 -0.32136182022194515
vn 0.7944208432550641 0.5429406199558802 -0.27223336864506026
vn 0.8877710195159955 0.39757264068725573 -0.23194527864238143
vn 0.9370946165529037 0.18662540370483363 -0.2949993869816925
vn 0.8877710195159955 0.39757264068725573 -0.23194527864238143
vn 0.9378877155214883 0.31108295496511107 -0.15360347718739495
vn -0.20820468235052042 0.885159951086372 -0.41610415912375887
vn -0.0897253097387168 0.9492267541445623 -0.30152601547539803
vn -0.1670299890102605 0.8736958360625521 -0.4568988606006698
vn -0.20820468235052042 0.885159951086372 -0.41610415912375887
vn -0.12399777897930372 0.9626536468609221 -0.2406709517028724
vn -0.0897253097387168 0.9492267541445623 -0.30152601547539803
vn 0.9370946165529037 0.18662540370483363 -0.2949993869816925
vn 0.9378877155214883 0.31108295496511107 -0.15360347718739495
vn 0.9686388099287413 0.15875918713999645 -0.19113967771888557
vn 0.12091769383779827 0.9057839592026706 -0.40612107870447106
vn 0.07065062875458647 0.9746432770112783 -0.21231808974578245
vn 0.1048938955819638 0.9681863426743001 -0.22718379459944466
vn 0.5770973648040681 0.05371468220647766 -0.8149069667463013
vn 0.5896675577438008 0.19132678180681925 -0.7846567618442521
vn 0.6858373601912664 0.1813781932856332 -0.7047900867395303
vn 0.5770973648040681 0.05371468220647766 -0.8149069667463013
vn 0.6858373601912664 0.1813781932856332 -0.7047900867395303
vn 0.6907013137102485 0.05139361380291703 -0.7213115774055022
vn -0.0652798346113845 0.9978143074422559 0.010254318926265337
vn -0.0852711591397978 0.996000668750424 -0.02667390611934001
vn -0.17118169057282048 0.9850959599418898 -0.016816019707342818
vn 0.23698338928806528 0.7629553695796498 -0.6014465705539614
vn 0.329268389951195 0.7927895045082931 -0.5129007008383232
vn 0.39616384983230524 0.6177910547766228 -0.6792557815168264
vn -0.22788329299204801 0.9735777921464897 0.01467948957787694
vn -0.0652798346113845 0.9978143074422559 0.010254318926265337
vn -0.17118169057282048 0.9850959599418898 -0.016816019707342818
vn -0.4528685045322238 0.8891347308276905 -0.06595110339272392
vn -0.30879396000869447 0.9506143866216893 -0.03128223473504187
vn -0.35081765786095936 0.9324211672373296 -0.08670488925502895
vn -0.154916987534431 0.3233847632952234 -0.9335004134127363
vn -0.13800820433250097 0.44057660416949707 -0.8870433988229623
vn -0.037294618010001675 0.3209111027755263 -0.9463747543034333
vn 0.9370946165529037 0.18662540370483363 -0.2949993869816925
vn 0.8829973025706895 0.3421145190671164 -0.32136182022194515
vn 0.8877710195159955 0.39757264068725573 -0.23194527864238143
vn -0.8197384727709813 0.04858612790489089 -0.5706734832058596
vn -0.7860882294235194 0.22559937869115662 -0.5754739054865654
vn -0.7697306121402706 0.1468289912179896 -0.6212535972306895
vn -0.1763723905823676 0.3081556797518694 -0.9348437606771112
vn -0.154916987534431 0.3233847632952234 -0.9335004134127363
vn -0.037294618010001675 0.3209111027755263 -0.9463747543034333
vn -0.8197384727709813 0.04858612790489089 -0.5706734832058596
vn -0.8397026182497159 0.17386728774636692 -0.5144605710414489
vn -0.7860882294235194 0.22559937869115662 -0.5754739054865654
vn -0.22788329299204801 0.9735777921464897 0.01467948957787694
vn -0.21540120866706072 0.9745855017106756 0.06152576013443711
vn -0.0652798346113845 0.9978143074422559 0.010254318926265337
vn -0.23814080651955835 0.6045842169796561 -0.7601097821034213
vn -0.21283809382387225 0.7436516720862866 -0.6337839824582906
vn -0.13306328840128998 0.6606164666886573 -0.7388369544220357
vn 0.23698338928806528 0.7629553695796498 -0.6014465705539614
vn 0.39616384983230524 0.6177910547766228 -0.6792557815168264
vn 0.34651871614929597 0.6187529403063731 -0.7050316150503194
vn 0.2509255161111496 0.9465707728728096 -0.20258370444664406
vn 0.18110069293722214 0.9801536019060979 -0.08063160477232614
vn 0.26936107178659763 0.9490813367967372 -0.1633683847936734
vn -0.6264350480826398 0.7719501338952041 -0.1080375921282835
vn -0.4528685045322238 0.8891347308276905 -0.06595110339272392
vn -0.47145744872269196 0.8725686020384277 -0.1278745822303801
vn -0.6264350480826398 0.7719501338952041 -0.1080375921282835
vn -0.47145744872269196 0.8725686020384277 -0.1278745822303801
vn -0.6578399039389536 0.725866984041637 -0.20090739723535891
vn -0.14304269639133815 0.2202863958747916 -0.9648899889632964
vn -0.1763723905823676 0.3081556797518694 -0.9348437606771112
vn -0.037294618010001675 0.3209111027755263 -0.9463747543034333
vn 0.9022992002737319 0.17304369326705382 -0.39485697841861894
vn 0.8624416439559648 0.3225572649101841 -0.39006566322119957
vn 0.8829973025706895 0.3421145190671164 -0.32136182022194515
vn -0.22788329299204801 0.9735777921464897 0.01467948957787694
vn -0.17118169057282048 0.9850959599418898 -0.016816019707342818
vn -0.30879396000869447 0.9506143866216893 -0.03128223473504187
vn 0.9022992002737319 0.17304369326705382 -0.39485697841861894
vn 0.8829973025706895 0.3421145190671164 -0.32136182022194515
vn 0.9370946165529037 0.18662540370483363 -0.2949993869816925
vn 0.9504269818002141 0.045900750231367346 -0.3075413360742471
vn 0.9370946165529037 0.18662540370483363 -0.2949993869816925
vn 0.9686388099287413 0.15875918713999645 -0.19113967771888557
vn 0.9504269818002141 0.045900750231367346 -0.3075413360742471
vn 0.9686388099287413 0.15875918713999645 -0.19113967771888557
vn 0.9865145829933103 0.04681556741448765 -0.1568352007337463
vn 0.30751088724686293 0.5490392529198005 -0.7771698353499799
vn 0.23698338928806528 0.7629553695796498 -0.6014465705539614
vn 0.34651871614929597 0.6187529403063731 -0.7050316150503194
vn 0.4920939289576233 0.22727750622785603 -0.8403502247550698
vn 0.4576398879481263 0.414790497642709 -0.7864569765881285
vn 0.5661918442768438 0.39473503283143435 -0.7236097355135243
vn 0.4920939289576233 0.22727750622785603 -0.8403502247550698
vn 0.5661918442768438 0.39473503283143435 -0.7236097355135243
vn 0.5896675577438008 0.19132678180681925 -0.7846567618442521
vn 0.39516773863178917 0.2687555852493984 -0.8784149894792844
vn 0.4576398879481263 0.414790497642709 -0.7864569765881285
vn 0.4920939289576233 0.22727750622785603 -0.8403502247550698
vn 0.010223860773029884 0.977066866916958 -0.21268711819001507
vn 0.021058259159634166 0.9946833077088643 -0.10080509454644859
vn 0.07065062875458647 0.9746432770112783 -0.21231808974578245
vn -0.1381910867631153 0.06900392359346293 -0.9879988269567614
vn -0.14304269639133815 0.2202863958747916 -0.9648899889632964
vn -0.037294618010001675 0.3209111027755263 -0.9463747543034333
vn 0.08612357979352944 0.9925576626282305 -0.08609306221485764
vn 0.09924863564694114 0.9941343951425908 -0.04297106836809877
vn 0.18110069293722214 0.9801536019060979 -0.08063160477232614
vn -0.42842451334135667 0.9035735852095049 0.0026856060513555623
vn -0.30879396000869447 0.9506143866216893 -0.03128223473504187
vn -0.4528685045322238 0.8891347308276905 -0.06595110339272392
vn 0.2509255161111496 0.9465707728728096 -0.20258370444664406
vn 0.26936107178659763 0.9490813367967372 -0.1633683847936734
vn 0.38146323016028294 0.8865914356502969 -0.26161313091515215
vn -0.2718706751166693 0.5261619733797149 -0.8057542514816601
vn -0.23814080651955835 0.6045842169796561 -0.7601097821034213
vn -0.13306328840128998 0.6606164666886573 -0.7388369544220357
vn -0.8709689700925141 0.15146889806365632 -0.46740798672612244
vn -0.8585294166787851 0.3063190082464927 -0.41121272582943
vn -0.8397026182497159 0.17386728774636692 -0.5144605710414489
vn -0.8709689700925141 0.15146889806365632 -0.46740798672612244
vn -0.8397026182497159 0.17386728774636692 -0.5144605710414489
vn -0.8197384727709813 0.04858612790489089 -0.5706734832058596
vn -0.9057571163482057 0.18781690033176002 -0.379906380749722
vn -0.8585294166787851 0.3063190082464927 -0.41121272582943
vn -0.8709689700925141 0.15146889806365632 -0.46740798672612244
vn -0.28971630598168674 0.7587313124950963 -0.5834305935480193
vn -0.1670299890102605 0.8736958360625521 -0.4568988606006698
vn -0.21283809382387225 0.7436516720862866 -0.6337839824582906
vn -0.28971630598168674 0.7587313124950963 -0.5834305935480193
vn -0.20820468235052042 0.885159951086372 -0.41610415912375887
vn -0.1670299890102605 0.8736958360625521 -0.4568988606006698
vn -0.23564110279729764 0.49829207969938283 -0.8343729825331938
vn -0.13306328840128998 0.6606164666886573 -0.7388369544220357
vn -0.1726752057432628 0.5155230715373522 -0.8392968700252706
vn 0.4931502943062708 0.13693700744107346 -0.859098971724866
vn 0.4920939289576233 0.22727750622785603 -0.8403502247550698
vn 0.5896675577438008 0.19132678180681925 -0.7846567618442521
vn -0.23564110279729764 0.49829207969938283 -0.8343729825331938
vn -0.2718706751166693 0.5261619733797149 -0.8057542514816601
vn -0.13306328840128998 0.6606164666886573 -0.7388369544220357
vn 0.4931502943062708 0.13693700744107346 -0.859098971724866
vn 0.5896675577438008 0.19132678180681925 -0.7846567618442521
vn 0.5770973648040681 0.05371468220647766 -0.8149069667463013
vn 0.34651871614929597 0.6187529403063731 -0.7050316150503194
vn 0.39616384983230524 0.6177910547766228 -0.6792557815168264
vn 0.4576398879481263 0.414790497642709 -0.7864569765881285
vn 0.15812270261506234 0.765800829740572 -0.6233348218143763
vn 0.12091769383779827 0.9057839592026706 -0.40612107870447106
vn 0.20850980297267968 0.8854035741685867 -0.41543251306775
vn -0.23871981143979706 0.9188972322018537 -0.31407121529665916
vn -0.14350248489157363 0.9702138641084482 -0.19517196192511163
vn -0.12399777897930372 0.9626536468609221 -0.2406709517028724
vn -0.23755758511975503 0.16940928647029735 -0.9564867418891362
vn -0.14304269639133815 0.2202863958747916 -0.9648899889632964
vn -0.1381910867631153 0.06900392359346293 -0.9879988269567614
vn 0.15812270261506234 0.765800829740572 -0.6233348218143763
vn 0.20850980297267968 0.8854035741685867 -0.41543251306775
vn 0.23698338928806528 0.7629553695796498 -0.6014465705539614
vn -0.22788329299204801 0.9735777921464897 0.01467948957787694
vn -0.4095709403789354 0.9099983154451916 0.0644570452629353
vn -0.21540120866706072 0.9745855017106756 0.06152576013443711
vn -0.22788329299204801 0.9735777921464897 0.01467948957787694
vn -0.30879396000869447 0.9506143866216893 -0.03128223473504187
vn -0.42842451334135667 0.9035735852095049 0.0026856060513555623
vn 0.30751088724686293 0.5490392529198005 -0.7771698353499799
vn 0.34651871614929597 0.6187529403063731 -0.7050316150503194
vn 0.4576398879481263 0.414790497642709 -0.7864569765881285
vn -0.7643991750714833 0.6266022955003925 -0.15186660075103675
vn -0.6264350480826398 0.7719501338952041 -0.1080375921282835
vn -0.6578399039389536 0.725866984041637 -0.20090739723535891
vn 0.39516773863178917 0.2687555852493984 -0.8784149894792844
vn 0.4920939289576233 0.22727750622785603 -0.8403502247550698
vn 0.4931502943062708 0.13693700744107346 -0.859098971724866
vn -0.42842451334135667 0.9035735852095049 0.0026856060513555623
vn -0.4095709403789354 0.9099983154451916 0.0644570452629353
vn -0.22788329299204801 0.9735777921464897 0.01467948957787694
vn 0.04257439538831301 0.9258030251362408 -0.3756010909274685
vn 0.010223860773029884 0.977066866916958 -0.21268711819001507
vn 0.07065062875458647 0.9746432770112783 -0.21231808974578245
vn -0.2823334947745192 0.3939118108802808 -0.8747121143424414
vn -0.1726752057432628 0.5155230715373522 -0.8392968700252706
vn -0.13800820433250097 0.44057660416949707 -0.8870433988229623
vn -0.2823334947745192 0.3939118108802808 -0.8747121143424414
vn -0.23564110279729764 0.49829207969938283 -0.8343729825331938
vn -0.1726752057432628 0.5155230715373522 -0.8392968700252706
vn -0.23871981143979706 0.9188972322018537 -0.31407121529665916
vn -0.12399777897930372 0.9626536468609221 -0.2406709517028724
vn -0.20820468235052042 0.885159951086372 -0.41610415912375887
vn -0.2823334947745192 0.3939118108802808 -0.8747121143424414
vn -0.2718706751166693 0.5261619733797149 -0.8057542514816601
vn -0.23564110279729764 0.49829207969938283 -0.8343729825331938
vn -0.7643991750714833 0.6266022955003925 -0.15186660075103675
vn -0.6578399039389536 0.725866984041637 -0.20090739723535891
vn -0.8036953812028779 0.5398560169819394 -0.25025829688854834
vn 0.3520663031662058 0.4026972891241889 -0.8449166890924279
vn 0.30751088724686293 0.5490392529198005 -0.7771698353499799
vn 0.4576398879481263 0.414790497642709 -0.7864569765881285
vn 0.08612357979352944 0.9925576626282305 -0.08609306221485764
vn 0.18110069293722214 0.9801536019060979 -0.08063160477232614
vn 0.2509255161111496 0.9465707728728096 -0.20258370444664406
vn 0.21241661238098275 0.41396822223315816 -0.8851607163480008
vn 0.30751088724686293 0.5490392529198005 -0.7771698353499799
vn 0.3520663031662058 0.4026972891241889 -0.8449166890924279
vn -0.8908317710110827 0.04422264558558266 -0.4521759761140235
vn -0.8709689700925141 0.15146889806365632 -0.46740798672612244
vn -0.8197384727709813 0.04858612790489089 -0.5706734832058596
vn 0.04257439538831301 0.9258030251362408 -0.3756010909274685
vn 0.07065062875458647 0.9746432770112783 -0.21231808974578245
vn 0.12091769383779827 0.9057839592026706 -0.40612107870447106
vn 0.8983760443487936 0.05435543487598452 -0.43585085710556676
vn 0.9022992002737319 0.17304369326705382 -0.39485697841861894
vn 0.9370946165529037 0.18662540370483363 -0.2949993869816925
vn 0.8983760443487936 0.05435543487598452 -0.43585085710556676
vn 0.9370946165529037 0.18662540370483363 -0.2949993869816925
vn 0.9504269818002141 0.045900750231367346 -0.3075413360742471
vn -0.42842451334135667 0.9035735852095049 0.0026856060513555623
vn -0.5951630671542594 0.7999190954797134 0.0768788929580268
vn -0.4095709403789354 0.9099983154451916 0.0644570452629353
vn -0.313155269982449 0.8398823311557047 -0.4433186739746916
vn -0.23871981143979706 0.9188972322018537 -0.31407121529665916
vn -0.20820468235052042 0.885159951086372 -0.41610415912375887
vn -0.1381910867631153 0.06900392359346293 -0.9879988269567614
vn -0.037294618010001675 0.3209111027755263 -0.9463747543034333
vn -0.030915608906173172 0.07879971038268387 -0.9964109748339617
vn -0.88834474212488 0.3520356625226658 -0.29481267179568116
vn -0.8585294166787851 0.3063190082464927 -0.41121272582943
vn -0.9057571163482057 0.18781690033176002 -0.379906380749722
vn -0.05343847263005022 0.9974471765642634 -0.047365172932719746
vn -0.03921662910272144 0.9937838047835179 -0.10419119613390729
vn -0.0654938827186372 0.9915951644259794 -0.11157769137893278
vn -0.3496901372760444 0.6127970779348008 -0.7086582738996496
vn -0.28971630598168674 0.7587313124950963 -0.5834305935480193
vn -0.21283809382387225 0.7436516720862866 -0.6337839824582906
vn -0.8606780849997091 0.4760724053748238 -0.1805222945839727
vn -0.7643991750714833 0.6266022955003925 -0.15186660075103675
vn -0.8036953812028779 0.5398560169819394 -0.25025829688854834
vn 0.36641860544426885 0.8666351564384993 -0.33864570159547996
vn 0.2509255161111496 0.9465707728728096 -0.20258370444664406
vn 0.38146323016028294 0.8865914356502969 -0.26161313091515215
vn -0.6025773163074527 0.797902090853098 -0.015900669292905803
vn -0.42842451334135667 0.9035735852095049 0.0026856060513555623
vn -0.4528685045322238 0.8891347308276905 -0.06595110339272392
vn -0.6025773163074527 0.797902090853098 -0.015900669292905803
vn -0.4528685045322238 0.8891347308276905 -0.06595110339272392
vn -0.6264350480826398 0.7719501338952041 -0.1080375921282835
vn -0.006592034777272962 -0.9907299204051477 -0.13568629220192013
vn -0.006592034777272962 -0.9907299204051477 -0.13568629220192013
vn -0.006592034777272962 -0.9907299204051477 -0.13568629220192013
vn -0.313155269982449 0.8398823311557047 -0.4433186739746916
vn -0.20820468235052042 0.885159951086372 -0.41610415912375887
vn -0.28971630598168674 0.7587313124950963 -0.5834305935480193
vn -0.2823334947745192 0.3939118108802808 -0.8747121143424414
vn -0.13800820433250097 0.44057660416949707 -0.8870433988229623
vn -0.154916987534431 0.3233847632952234 -0.9335004134127363
vn -0.9291247771578837 0.17853699713107168 -0.3238081054061693
vn -0.88834474212488 0.3520356625226658 -0.29481267179568116
vn -0.9057571163482057 0.18781690033176002 -0.379906380749722
vn -0.3496901372760444 0.6127970779348008 -0.7086582738996496
vn -0.21283809382387225 0.7436516720862866 -0.6337839824582906
vn -0.23814080651955835 0.6045842169796561 -0.7601097821034213
vn -0.8908317710110827 0.04422264558558266 -0.4521759761140235
vn -0.9057571163482057 0.18781690033176002 -0.379906380749722
vn -0.8709689700925141 0.15146889806365632 -0.46740798672612244
vn -0.2823334947745192 0.3939118108802808 -0.8747121143424414
vn -0.154916987534431 0.3233847632952234 -0.9335004134127363
vn -0.1763723905823676 0.3081556797518694 -0.9348437606771112
vn -0.8606780849997091 0.4760724053748238 -0.1805222945839727
vn -0.8036953812028779 0.5398560169819394 -0.25025829688854834
vn -0.88834474212488 0.3520356625226658 -0.29481267179568116
vn -0.6025773163074527 0.797902090853098 -0.015900669292905803
vn -0.5951630671542594 0.7999190954797134 0.0768788929580268
vn -0.42842451334135667 0.9035735852095049 0.0026856060513555623
vn 0.39381448506336625 0.05838244939807448 -0.9173339855017675
vn 0.39516773863178917 0.2687555852493984 -0.8784149894792844
vn 0.4931502943062708 0.13693700744107346 -0.859098971724866
vn -0.2857819725520941 0.2998512611760869 -0.9101746455133455
vn -0.2823334947745192 0.3939118108802808 -0.8747121143424414
vn -0.1763723905823676 0.3081556797518694 -0.9348437606771112
vn 0.8413506383564868 0.25425461639725316 -0.47695250641737663
vn 0.8624416439559648 0.3225572649101841 -0.39006566322119957
vn 0.9022992002737319 0.17304369326705382 -0.39485697841861894
vn -0.17804919105143246 0.9718236880583423 -0.1544577770609578
vn -0.05343847263005022 0.9974471765642634 -0.047365172932719746
vn -0.0654938827186372 0.9915951644259794 -0.11157769137893278
vn -0.7422431539169616 0.6690595594413161 -0.037873557841766346
vn -0.6025773163074527 0.797902090853098 -0.015900669292905803
vn -0.6264350480826398 0.7719501338952041 -0.1080375921282835
vn 0.36641860544426885 0.8666351564384993 -0.33864570159547996
vn 0.38146323016028294 0.8865914356502969 -0.26161313091515215
vn 0.5047851219662206 0.7907792949004288 -0.34620815616956296
vn -0.6025773163074527 0.797902090853098 -0.015900669292905803
vn -0.7387131585340642 0.672181677979519 0.0497459666431857
vn -0.5951630671542594 0.7999190954797134 0.0768788929580268
vn 0.36025320523534854 0.30666079299972576 -0.8810089591794383
vn 0.3520663031662058 0.4026972891241889 -0.8449166890924279
vn 0.4576398879481263 0.414790497642709 -0.7864569765881285
vn 0.36025320523534854 0.30666079299972576 -0.8810089591794383
vn 0.3516145827912757 0.3475859943915621 -0.8692244598901632
vn 0.3520663031662058 0.4026972891241889 -0.8449166890924279
vn -0.7422431539169616 0.6690595594413161 -0.037873557841766346
vn -0.6264350480826398 0.7719501338952041 -0.1080375921282835
vn -0.7643991750714833 0.6266022955003925 -0.15186660075103675
vn -0.23755758511975503 0.16940928647029735 -0.9564867418891362
vn -0.2857819725520941 0.2998512611760869 -0.9101746455133455
vn -0.1763723905823676 0.3081556797518694 -0.9348437606771112
vn 0.06421195074284522 0.8104322683533551 -0.5823026393495343
vn 0.12091769383779827 0.9057839592026706 -0.40612107870447106
vn 0.15812270261506234 0.765800829740572 -0.6233348218143763
vn 0.06421195074284522 0.8104322683533551 -0.5823026393495343
vn 0.04257439538831301 0.9258030251362408 -0.3756010909274685
vn 0.12091769383779827 0.9057839592026706 -0.40612107870447106
vn -0.23755758511975503 0.16940928647029735 -0.9564867418891362
vn -0.1763723905823676 0.3081556797518694 -0.9348437606771112
vn -0.14304269639133815 0.2202863958747916 -0.9648899889632964
vn -0.923415715517976 0.32682880584224777 -0.20121219646471405
vn -0.8606780849997091 0.4760724053748238 -0.1805222945839727
vn -0.88834474212488 0.3520356625226658 -0.29481267179568116
vn 0.19752186895537177 0.6112740746894275 -0.7663740058854821
vn 0.23698338928806528 0.7629553695796498 -0.6014465705539614
vn 0.30751088724686293 0.5490392529198005 -0.7771698353499799
vn 0.4844616078650722 0.7618808782763457 -0.42992380466968005
vn 0.36641860544426885 0.8666351564384993 -0.33864570159547996
vn 0.5047851219662206 0.7907792949004288 -0.34620815616956296
vn 0.19752186895537177 0.6112740746894275 -0.7663740058854821
vn 0.15812270261506234 0.765800829740572 -0.6233348218143763
vn 0.23698338928806528 0.7629553695796498 -0.6014465705539614
vn 0.22682017476455352 0.9476581974228726 -0.2247143724308912
vn 0.2509255161111496 0.9465707728728096 -0.20258370444664406
vn 0.36641860544426885 0.8666351564384993 -0.33864570159547996
vn 0.3384884803593054 0.23167129733019481 -0.9120054597738945
vn 0.36025320523534854 0.30666079299972576 -0.8810089591794383
vn 0.4576398879481263 0.414790497642709 -0.7864569765881285
vn 0.09872822574024077 0.9943629018507905 -0.03866725830802689
vn 0.01910489054318093 0.9978504190225999 0.06268607830894361
vn 0.0596027242280212 0.9981406616159889 0.012756758733874987
vn 0.021058259159634166 0.9946833077088643 -0.10080509454644859
vn -0.011719458819376168 0.9951804946721008 -0.0973572663398768
vn 0.01910489054318093 0.9978504190225999 0.06268607830894361
vn 0.09924863564694114 0.9941343951425908 -0.04297106836809877
vn 0.01910489054318093 0.9978504190225999 0.06268607830894361
vn 0.09872822574024077 0.9943629018507905 -0.03866725830802689
vn -0.0652798346113845 0.9978143074422559 0.010254318926265337
vn -0.05005126522180157 0.9977603705621152 0.04437469758147857
vn -0.015228918939812581 0.9978161576232708 0.06427282173560492
vn -0.0852711591397978 0.996000668750424 -0.02667390611934001
vn -0.0652798346113845 0.9978143074422559 0.010254318926265337
vn -0.015228918939812581 0.9978161576232708 0.06427282173560492
vn 0.08612357979352944 0.9925576626282305 -0.08609306221485764
vn 0.021058259159634166 0.9946833077088643 -0.10080509454644859
vn 0.01910489054318093 0.9978504190225999 0.06268607830894361
vn 0.08612357979352944 0.9925576626282305 -0.08609306221485764
vn 0.01910489054318093 0.9978504190225999 0.06268607830894361
vn 0.09924863564694114 0.9941343951425908 -0.04297106836809877
vn -0.05343847263005022 0.9974471765642634 -0.047365172932719746
vn -0.0852711591397978 0.996000668750424 -0.02667390611934001
vn -0.015228918939812581 0.9978161576232708 0.06427282173560492
vn 0.01910489054318093 0.9978504190225999 0.06268607830894361
vn -0.05343847263005022 0.9974471765642634 -0.047365172932719746
vn -0.015228918939812581 0.9978161576232708 0.06427282173560492
vn -0.03921662910272144 0.9937838047835179 -0.10419119613390729
vn -0.05343847263005022 0.9974471765642634 -0.047365172932719746
vn 0.01910489054318093 0.9978504190225999 0.06268607830894361
vn -0.011719458819376168 0.9951804946721008 -0.0973572663398768
vn -0.03921662910272144 0.9937838047835179 -0.10419119613390729
vn 0.01910489054318093 0.9978504190225999 0.06268607830894361
vn 0.5345647323509082 0.8125896436310334 -0.23224689016258593
vn 0.39693518173132447 0.8927836721815992 -0.21302529471839518
vn 0.4546133930295847 0.8831024275690932 -0.11600329865871425
vn 0.8018102687253846 0.5008567597488229 -0.3259490745199875
vn 0.7944208432550641 0.5429406199558802 -0.27223336864506026
vn 0.8829973025706895 0.3421145190671164 -0.32136182022194515
vn 0.26936107178659763 0.9490813367967372 -0.1633683847936734
vn 0.3020751854443116 0.9447099221018178 -0.1275685910448254
vn 0.39693518173132447 0.8927836721815992 -0.21302529471839518
vn 0.6420543401864413 0.6859403474869444 -0.3424208871217459
vn 0.5345647323509082 0.8125896436310334 -0.23224689016258593
vn 0.6889744210398863 0.6750576309394606 -0.26383980378850486
vn 0.38146323016028294 0.8865914356502969 -0.26161313091515215
vn 0.26936107178659763 0.9490813367967372 -0.1633683847936734
vn 0.39693518173132447 0.8927836721815992 -0.21302529471839518
vn 0.5202897343242066 0.7982579703186048 -0.3034514873578116
vn 0.39693518173132447 0.8927836721815992 -0.21302529471839518
vn 0.5345647323509082 0.8125896436310334 -0.23224689016258593
vn 0.8624416439559648 0.3225572649101841 -0.39006566322119957
vn 0.8018102687253846 0.5008567597488229 -0.3259490745199875
vn 0.8829973025706895 0.3421145190671164 -0.32136182022194515
vn 0.7669564893133789 0.49295188765372017 -0.4108237821240766
vn 0.6889744210398863 0.6750576309394606 -0.26383980378850486
vn 0.8018102687253846 0.5008567597488229 -0.3259490745199875
vn 0.7669564893133789 0.49295188765372017 -0.4108237821240766
vn 0.6420543401864413 0.6859403474869444 -0.3424208871217459
vn 0.6889744210398863 0.6750576309394606 -0.26383980378850486
vn 0.3020751854443116 0.9447099221018178 -0.1275685910448254
vn 0.20716211001885454 0.9767870213668947 -0.054506651536539816
vn 0.3318099128482755 0.9400670661474947 -0.07858812175171052
vn 0.5047851219662206 0.7907792949004288 -0.34620815616956296
vn 0.39693518173132447 0.8927836721815992 -0.21302529471839518
vn 0.5202897343242066 0.7982579703186048 -0.3034514873578116
vn 0.5047851219662206 0.7907792949004288 -0.34620815616956296
vn 0.38146323016028294 0.8865914356502969 -0.26161313091515215
vn 0.39693518173132447 0.8927836721815992 -0.21302529471839518
vn 0.620101208767227 0.6602043459571802 -0.4237979618458255
vn 0.5202897343242066 0.7982579703186048 -0.3034514873578116
vn 0.5345647323509082 0.8125896436310334 -0.23224689016258593
vn 0.620101208767227 0.6602043459571802 -0.4237979618458255
vn 0.5345647323509082 0.8125896436310334 -0.23224689016258593
vn 0.6420543401864413 0.6859403474869444 -0.3424208871217459
vn 0.7669564893133789 0.49295188765372017 -0.4108237821240766
vn 0.8018102687253846 0.5008567597488229 -0.3259490745199875
vn 0.8624416439559648 0.3225572649101841 -0.39006566322119957
vn 0.620101208767227 0.6602043459571802 -0.4237979618458255
vn 0.5047851219662206 0.7907792949004288 -0.34620815616956296
vn 0.5202897343242066 0.7982579703186048 -0.3034514873578116
vn 0.8413506383564868 0.25425461639725316 -0.47695250641737663
vn 0.7669564893133789 0.49295188765372017 -0.4108237821240766
vn 0.8624416439559648 0.3225572649101841 -0.39006566322119957
vn 0.4546133930295847 0.8831024275690932 -0.11600329865871425
vn 0.3020751854443116 0.9447099221018178 -0.1275685910448254
vn 0.3318099128482755 0.9400670661474947 -0.07858812175171052
vn 0.7116463313039825 0.512356171335886 -0.48067728554157263
vn 0.6420543401864413 0.6859403474869444 -0.3424208871217459
vn 0.7669564893133789 0.49295188765372017 -0.4108237821240766
vn 0.7116463313039825 0.512356171335886 -0.48067728554157263
vn 0.620101208767227 0.6602043459571802 -0.4237979618458255
vn 0.6420543401864413 0.6859403474869444 -0.3424208871217459
vn 0.7116463313039825 0.512356171335886 -0.48067728554157263
vn 0.7322783877131737 0.41368820195202893 -0.5409532645745772
vn 0.620101208767227 0.6602043459571802 -0.4237979618458255
vn 0.7116463313039825 0.512356171335886 -0.48067728554157263
vn 0.7669564893133789 0.49295188765372017 -0.4108237821240766
vn 0.8413506383564868 0.25425461639725316 -0.47695250641737663
vn 0.7322783877131737 0.41368820195202893 -0.5409532645745772
vn 0.7116463313039825 0.512356171335886 -0.48067728554157263
vn 0.8413506383564868 0.25425461639725316 -0.47695250641737663
vn 0.8036268451095413 0.28263667569215 -0.523736960098269
vn 0.7322783877131737 0.41368820195202893 -0.5409532645745772
vn 0.8413506383564868 0.25425461639725316 -0.47695250641737663
vn 0.8036268451095413 0.28263667569215 -0.523736960098269
vn 0.8413506383564868 0.25425461639725316 -0.47695250641737663
vn 0.763428890781236 0.2460429000452915 -0.5971927829920872
vn 0.8036268451095413 0.28263667569215 -0.523736960098269
vn 0.763428890781236 0.2460429000452915 -0.5971927829920872
vn 0.7322783877131737 0.41368820195202893 -0.5409532645745772
vn 0.5345647323509082 0.8125896436310334 -0.23224689016258593
vn 0.4546133930295847 0.8831024275690932 -0.11600329865871425
vn 0.5669268517042791 0.8052827329154089 -0.1735328928041153
vn 0.3020751854443116 0.9447099221018178 -0.1275685910448254
vn 0.09872822574024077 0.9943629018507905 -0.03866725830802689
vn 0.20716211001885454 0.9767870213668947 -0.054506651536539816
vn 0.6889744210398863 0.6750576309394606 -0.26383980378850486
vn 0.5669268517042791 0.8052827329154089 -0.1735328928041153
vn 0.6906839676754832 0.6884255476628368 -0.22141798057333809
vn 0.6889744210398863 0.6750576309394606 -0.26383980378850486
vn 0.5345647323509082 0.8125896436310334 -0.23224689016258593
vn 0.5669268517042791 0.8052827329154089 -0.1735328928041153
vn 0.39693518173132447 0.8927836721815992 -0.21302529471839518
vn 0.3020751854443116 0.9447099221018178 -0.1275685910448254
vn 0.4546133930295847 0.8831024275690932 -0.11600329865871425
vn 0.8018102687253846 0.5008567597488229 -0.3259490745199875
vn 0.6906839676754832 0.6884255476628368 -0.22141798057333809
vn 0.7944208432550641 0.5429406199558802 -0.27223336864506026
vn 0.26936107178659763 0.9490813367967372 -0.1633683847936734
vn 0.09924863564694114 0.9941343951425908 -0.04297106836809877
vn 0.09872822574024077 0.9943629018507905 -0.03866725830802689
vn 0.26936107178659763 0.9490813367967372 -0.1633683847936734
vn 0.09872822574024077 0.9943629018507905 -0.03866725830802689
vn 0.3020751854443116 0.9447099221018178 -0.1275685910448254
vn 0.8018102687253846 0.5008567597488229 -0.3259490745199875
vn 0.6889744210398863 0.6750576309394606 -0.26383980378850486
vn 0.6906839676754832 0.6884255476628368 -0.22141798057333809
vn 0.26936107178659763 0.9490813367967372 -0.1633683847936734
vn 0.18110069293722214 0.9801536019060979 -0.08063160477232614
vn 0.09924863564694114 0.9941343951425908 -0.04297106836809877
vn -0.35081765786095936 0.9324211672373296 -0.08670488925502895
vn -0.2458025095625058 0.9642881263212477 -0.09863840899280557
vn -0.4174136861072549 0.8934551570793021 -0.165842385832915
vn -0.5561547280226024 0.781662464263857 -0.2823042870008526
vn -0.4174136861072549 0.8934551570793021 -0.165842385832915
vn -0.39708508102571904 0.8932964440056487 -0.21058229164310405
vn -0.35081765786095936 0.9324211672373296 -0.08670488925502895
vn -0.223458069278136 0.9731505034530763 -0.05517779357234165
vn -0.2458025095625058 0.9642881263212477 -0.09863840899280557
vn -0.5657678838935387 0.7960059041667388 -0.2151308952389683
vn -0.4174136861072549 0.8934551570793021 -0.165842385832915
vn -0.5561547280226024 0.781662464263857 -0.2823042870008526
vn -0.7937142732421939 0.3510630377242028 -0.4967619107736328
vn -0.7313558670306188 0.44960509047794595 -0.5128097682145007
vn -0.7860882294235194 0.22559937869115662 -0.5754739054865654
vn -0.47145744872269196 0.8725686020384277 -0.1278745822303801
vn -0.35081765786095936 0.9324211672373296 -0.08670488925502895
vn -0.4174136861072549 0.8934551570793021 -0.165842385832915
vn -0.690752819198371 0.6058774125304645 -0.3946810151944125
vn -0.6934001968887741 0.5590844095555719 -0.4545555961007484
vn -0.7313558670306188 0.44960509047794595 -0.5128097682145007
vn -0.6836667457764865 0.6797907154442858 -0.2654889148630037
vn -0.5561547280226024 0.781662464263857 -0.2823042870008526
vn -0.690752819198371 0.6058774125304645 -0.3946810151944125
vn -0.7882806617774263 0.4484186745225431 -0.4213481821572136
vn -0.690752819198371 0.6058774125304645 -0.3946810151944125
vn -0.7313558670306188 0.44960509047794595 -0.5128097682145007
vn -0.39708508102571904 0.8932964440056487 -0.21058229164310405
vn -0.26017430744801834 0.951551568294858 -0.16388698123871973
vn -0.3600606016417648 0.90277612012557 -0.23526929267627147
vn -0.7506730666794129 0.5735109532706296 -0.32798648362507116
vn -0.690752819198371 0.6058774125304645 -0.3946810151944125
vn -0.7882806617774263 0.4484186745225431 -0.4213481821572136
vn -0.7506730666794129 0.5735109532706296 -0.32798648362507116
vn -0.6836667457764865 0.6797907154442858 -0.2654889148630037
vn -0.690752819198371 0.6058774125304645 -0.3946810151944125
vn -0.26017430744801834 0.951551568294858 -0.16388698123871973
vn -0.2458025095625058 0.9642881263212477 -0.09863840899280557
vn -0.13523129983727886 0.9879422685139432 -0.07538282050868053
vn -0.6836667457764865 0.6797907154442858 -0.2654889148630037
vn -0.5657678838935387 0.7960059041667388 -0.2151308952389683
vn -0.5561547280226024 0.781662464263857 -0.2823042870008526
vn -0.7882806617774263 0.4484186745225431 -0.4213481821572136
vn -0.7313558670306188 0.44960509047794595 -0.5128097682145007
vn -0.7937142732421939 0.3510630377242028 -0.4967619107736328
vn -0.5657678838935387 0.7960059041667388 -0.2151308952389683
vn -0.47145744872269196 0.8725686020384277 -0.1278745822303801
vn -0.4174136861072549 0.8934551570793021 -0.165842385832915
vn -0.6520442718065349 0.705483469726505 0.27772529871608226
vn -0.6520442718065349 0.705483469726505 0.27772529871608226
vn -0.6520442718065349 0.705483469726505 0.27772529871608226
vn -0.7937142732421939 0.3510630377242028 -0.4967619107736328
vn -0.7860882294235194 0.22559937869115662 -0.5754739054865654
vn -0.8397026182497159 0.17386728774636692 -0.5144605710414489
vn -0.4801287834972065 0.8155352875475513 -0.32307668752515273
vn -0.39708508102571904 0.8932964440056487 -0.21058229164310405
vn -0.3600606016417648 0.90277612012557 -0.23526929267627147
vn -0.7937142732421939 0.3510630377242028 -0.4967619107736328
vn -0.8397026182497159 0.17386728774636692 -0.5144605710414489
vn -0.8585294166787851 0.3063190082464927 -0.41121272582943
vn -0.5561547280226024 0.781662464263857 -0.2823042870008526
vn -0.39708508102571904 0.8932964440056487 -0.21058229164310405
vn -0.4801287834972065 0.8155352875475513 -0.32307668752515273
vn -0.6836667457764865 0.6797907154442858 -0.2654889148630037
vn -0.8036953812028779 0.5398560169819394 -0.25025829688854834
vn -0.6578399039389536 0.725866984041637 -0.20090739723535891
vn -0.6836667457764865 0.6797907154442858 -0.2654889148630037
vn -0.6578399039389536 0.725866984041637 -0.20090739723535891
vn -0.5657678838935387 0.7960059041667388 -0.2151308952389683
vn -0.8220201606479484 0.45019748126478193 -0.34871920416169766
vn -0.7506730666794129 0.5735109532706296 -0.32798648362507116
vn -0.7882806617774263 0.4484186745225431 -0.4213481821572136
vn -0.8585294166787851 0.3063190082464927 -0.41121272582943
vn -0.7882806617774263 0.4484186745225431 -0.4213481821572136
vn -0.7937142732421939 0.3510630377242028 -0.4967619107736328
vn -0.8585294166787851 0.3063190082464927 -0.41121272582943
vn -0.8220201606479484 0.45019748126478193 -0.34871920416169766
vn -0.7882806617774263 0.4484186745225431 -0.4213481821572136
vn -0.8220201606479484 0.45019748126478193 -0.34871920416169766
vn -0.8585294166787851 0.3063190082464927 -0.41121272582943
vn -0.88834474212488 0.3520356625226658 -0.29481267179568116
vn -0.2458025095625058 0.9642881263212477 -0.09863840899280557
vn -0.0852711591397978 0.996000668750424 -0.02667390611934001
vn -0.13523129983727886 0.9879422685139432 -0.07538282050868053
vn -0.8036953812028779 0.5398560169819394 -0.25025829688854834
vn -0.6836667457764865 0.6797907154442858 -0.2654889148630037
vn -0.7506730666794129 0.5735109532706296 -0.32798648362507116
vn -0.8036953812028779 0.5398560169819394 -0.25025829688854834
vn -0.7506730666794129 0.5735109532706296 -0.32798648362507116
vn -0.8220201606479484 0.45019748126478193 -0.34871920416169766
vn -0.8220201606479484 0.45019748126478193 -0.34871920416169766
vn -0.88834474212488 0.3520356625226658 -0.29481267179568116
vn -0.8036953812028779 0.5398560169819394 -0.25025829688854834
vn -0.4174136861072549 0.8934551570793021 -0.165842385832915
vn -0.2458025095625058 0.9642881263212477 -0.09863840899280557
vn -0.26017430744801834 0.951551568294858 -0.16388698123871973
vn -0.5972396165140178 0.6929798160809354 -0.40383637153013086
vn -0.5561547280226024 0.781662464263857 -0.2823042870008526
vn -0.4801287834972065 0.8155352875475513 -0.32307668752515273
vn -0.4174136861072549 0.8934551570793021 -0.165842385832915
vn -0.26017430744801834 0.951551568294858 -0.16388698123871973
vn -0.39708508102571904 0.8932964440056487 -0.21058229164310405
vn 0.08960317188531533 0.3201422731818555 -0.943122577669544
vn 0.08960317188531533 0.3201422731818555 -0.943122577669544
vn 0.08960317188531533 0.3201422731818555 -0.943122577669544
vn -0.2458025095625058 0.9642881263212477 -0.09863840899280557
vn -0.223458069278136 0.9731505034530763 -0.05517779357234165
vn -0.0852711591397978 0.996000668750424 -0.02667390611934001
vn -0.6934001968887741 0.5590844095555719 -0.4545555961007484
vn -0.690752819198371 0.6058774125304645 -0.3946810151944125
vn -0.5972396165140178 0.6929798160809354 -0.40383637153013086
vn -0.690752819198371 0.6058774125304645 -0.3946810151944125
vn -0.5561547280226024 0.781662464263857 -0.2823042870008526
vn -0.5972396165140178 0.6929798160809354 -0.40383637153013086
vn 0.03054945834256039 0.7421605984617431 0.6695254862108563
vn -0.031038341149179013 0.7843217623676412 0.619577270770341
vn 0.006408988818751486 0.6832333648533786 0.7301719619469453
vn 0.026337499004452467 0.8032789293018774 0.5950204180411122
vn 0.10117191454779938 0.7619478987602768 0.6396871448462378
vn 0.039033938262511086 0.8423581136997047 0.5375027069215503
vn -0.0038758508537225797 0.6925342953976519 0.7213745403590547
vn -0.031038341149179013 0.7843217623676412 0.619577270770341
vn -0.053714681585677 0.5987968463655752 0.7990976597167527
vn 0.10117191454779938 0.7619478987602768 0.6396871448462378
vn 0.09195445539295263 0.825545733712948 0.556793156999739
vn 0.039033938262511086 0.8423581136997047 0.5375027069215503
vn 0.01641910936762758 0.9998588215989419 -0.00357067477504943
vn 0.01641910936762758 0.9998588215989419 -0.00357067477504943
vn 0.01641910936762758 0.9998588215989419 -0.00357067477504943
vn 0.006408988818751486 0.6832333648533786 0.7301719619469453
vn -0.031038341149179013 0.7843217623676412 0.619577270770341
vn -0.0038758508537225797 0.6925342953976519 0.7213745403590547
vn 0.03054945834256039 0.7421605984617431 0.6695254862108563
vn 0.10117191454779938 0.7619478987602768 0.6396871448462378
vn 0.026337499004452467 0.8032789293018774 0.5950204180411122
vn 0.07504724920280373 0.7082036930950801 0.7020081477259233
vn 0.10117191454779938 0.7619478987602768 0.6396871448462378
vn 0.03054945834256039 0.7421605984617431 0.6695254862108563
vn 0.06405972750065622 0.6730089847413897 0.7368549774344375
vn 0.07504724920280373 0.7082036930950801 0.7020081477259233
vn 0.03054945834256039 0.7421605984617431 0.6695254862108563
vn 0.6689410143935471 0.5384734220054381 0.5124102780544955
vn 0.6689410143935471 0.5384734220054381 0.5124102780544955
vn 0.6689410143935471 0.5384734220054381 0.5124102780544955
vn 0.06405972750065622 0.6730089847413897 0.7368549774344375
vn 0.03054945834256039 0.7421605984617431 0.6695254862108563
vn 0.006408988818751486 0.6832333648533786 0.7301719619469453
vn -0.0005798679011998058 0.9062726212554557 0.42269326906869786
vn -0.024476279082158974 0.9212489319648922 0.3882026753074189
vn -0.056368939401525826 0.8686990710636521 0.4921224101825634
vn -0.0005798679011998058 0.9062726212554557 0.42269326906869786
vn -0.056368939401525826 0.8686990710636521 0.4921224101825634
vn -0.02993970936624276 0.8655059972684371 0.500002982486538
vn -0.02993970936624276 0.8655059972684371 0.500002982486538
vn -0.056368939401525826 0.8686990710636521 0.4921224101825634
vn -0.031038341149179013 0.7843217623676412 0.619577270770341
vn -0.031038341149179013 0.7843217623676412 0.619577270770341
vn -0.0005798679011998058 0.9062726212554557 0.42269326906869786
vn -0.02993970936624276 0.8655059972684371 0.500002982486538
vn -0.08572858569792709 0.7426860330571394 0.6641295550538937
vn -0.031038341149179013 0.7843217623676412 0.619577270770341
vn -0.07587032088693725 0.8362221197398976 0.5431171704763398
vn 0.039033938262511086 0.8423581136997047 0.5375027069215503
vn -0.0005798679011998058 0.9062726212554557 0.42269326906869786
vn -0.031038341149179013 0.7843217623676412 0.619577270770341
vn -0.031038341149179013 0.7843217623676412 0.619577270770341
vn -0.08572858569792709 0.7426860330571394 0.6641295550538937
vn -0.053714681585677 0.5987968463655752 0.7990976597167527
vn 0.0329912268889298 0.8858202133737824 0.46285432754462813
vn 0.05038647234748105 0.8888904838611684 0.45534043429661997
vn 0.01898312024146525 0.9229105780387186 0.384546103985122
vn 0.0329912268889298 0.8858202133737824 0.46285432754462813
vn 0.01898312024146525 0.9229105780387186 0.384546103985122
vn -0.0005798679011998058 0.9062726212554557 0.42269326906869786
vn 0.039033938262511086 0.8423581136997047 0.5375027069215503
vn 0.0329912268889298 0.8858202133737824 0.46285432754462813
vn -0.0005798679011998058 0.9062726212554557 0.42269326906869786
vn 0.0329912268889298 0.8858202133737824 0.46285432754462813
vn 0.039033938262511086 0.8423581136997047 0.5375027069215503
vn 0.05038647234748105 0.8888904838611684 0.45534043429661997
vn 0.026337499004452467 0.8032789293018774 0.5950204180411122
vn -0.031038341149179013 0.7843217623676412 0.619577270770341
vn 0.03054945834256039 0.7421605984617431 0.6695254862108563
vn 0.026337499004452467 0.8032789293018774 0.5950204180411122
vn 0.039033938262511086 0.8423581136997047 0.5375027069215503
vn -0.031038341149179013 0.7843217623676412 0.619577270770341
vn -0.053714681585677 0.5987968463655752 0.7990976597167527
vn -0.08572858569792709 0.7426860330571394 0.6641295550538937
vn -0.12158869600535914 0.5667121842619637 0.814894771864902
f 1//1 2//2 3//3
f 4//4 5//5 6//6
f 7//7 8//8 9//9
f 10//10 11//11 12//12
f 13//13 14//14 15//15
f 16//16 17//17 18//18
f 19//19 20//20 21//21
f 22//22 23//23 24//24
f 25//25 26//26 27//27
f 28//28 29//29 30//30
f 31//31 32//32 33//33
f 34//34 35//35 36//36
f 37//37 38//38 39//39
f 40//40 41//41 42//42
f 43//43 44//44 45//45
f 46//46 47//47 48//48
f 49//49 50//50 51//51
f 52//52 53//53 54//54
f 55//55 56//56 57//57
f 58//58 59//59 60//60
f 61//61 62//62 63//63
f 64//64 65//65 66//66
f 67//67 68//68 69//69
f 70//70 71//71 72//72
f 73//73 74//74 75//75
f 76//76 77//77 78//78
f 79//79 80//80 81//81
f 82//82 83//83 84//84
f 85//85 86//86 87//87
f 88//88 89//89 90//90
f 91//91 92//92 93//93
f 94//94 95//95 96//96
f 97//97 98//98 99//99
f 100//100 101//101 102//102
f 103//103 104//104 105//105
f 106//106 107//107 108//108
f 109//109 110//110 111//111
f 112//112 113//113 114//114
f 115//115 116//116 117//117
f 118//118 119//119 120//120
f 121//121 122//122 123//123
f 124//124 125//125 126//126
f 127//127 128//128 129//129
f 130//130 131//131 132//132
f 133//133 134//134 135//135
f 136//136 137//137 138//138
f 139//139 140//140 141//141
f 142//142 143//143 144//144
f 145//145 146//146 147//147
f 148//148 149//149 150//150
f 151//151 152//152 153//153
f 154//154 155//155 156//156
f 157//157 158//158 159//159
f 160//160 161//161 162//162
f 163//163 164//164 165//165
f 166//166 167//167 168//168
f 169//169 170//170 171//171
f 172//172 173//173 174//174
f 175//175 176//176 177//177
f 178//178 179//179 180//180
f 181//181 182//182 183//183
f 184//184 185//185 186//186
f 187//187 188//188 189//189
f 190//190 191//191 192//192
f 193//193 194//194 195//195
f 196//196 197//197 198//198
f 199//199 200//200 201//201
f 202//202 203//203 204//204
f 205//205 206//206 207//207
f 208//208 209//209 210//210
f 211//211 212//212 213//213
f 214//214 215//215 216//216
f 217//217 218//218 219//219
f 220//220 221//221 222//222
f 223//223 224//224 225//225
f 226//226 227//227 228//228
f 229//229 230//230 231//231
f 232//232 233//233 234//234
f 235//235 236//236 237//237
f 238//238 239//239 240//240
f 241//241 242//242 243//243
f 244//244 245//245 246//246
f 247//247 248//248 249//249
f 250//250 251//251 252//252
f 253//253 254//254 255//255
f 256//256 257//257 258//258
f 259//259 260//260 261//261
f 262//262 263//263 264//264
f 265//265 266//266 267//267
f 268//268 269//269 270//270
f 271//271 272//272 273//273
f 274//274 275//275 276//276
f 277//277 278//278 279//279
f 280//280 281//281 282//282
f 283//283 284//284 285//285
f 286//286 287//287 288//288
f 289//289 290//290 291//291
f 292//292 293//293 294//294
f 295//295 296//296 297//297
f 298//298 299//299 300//300
f 301//301 302//302 303//303
f 304//304 305//305 306//306
f 307//307 308//308 309//309
f 310//310 311//311 312//312
f 313//313 314//314 315//315
f 316//316 317//317 318//318
f 319//319 320//320 321//321
f 322//322 323//323 324//324
f 325//325 326//326 327//327
f 328//328 329//329 330//330
f 331//331 332//332 333//333
f 334//334 335//335 336//336
f 337//337 338//338 339//339
f 340//340 341//341 342//342
f 343//343 344//344 345//345
f 346//346 347//347 348//348
f 349//349 350//350 351//351
f 352//352 353//353 354//354
f 355//355 356//356 357//357
f 358//358 359//359 360//360
f 361//361 362//362 363//363
f 364//364 365//365 366//366
f 367//367 368//368 369//369
f 370//370 371//371 372//372
f 373//373 374//374 375//375
f 376//376 377//377 378//378
f 379//379 380//380 381//381
f 382//382 383//383 384//384
f 385//385 386//386 387//387
f 388//388 389//389 390//390
f 391//391 392//392 393//393
f 394//394 395//395 396//396
f 397//397 398//398 399//399
f 400//400 401//401 402//402
f 403//403 404//404 405//405
f 406//406 407//407 408//408
f 409//409 410//410 411//411
f 412//412 413//413 414//414
f 415//415 416//416 417//417
f 418//418 419//419 420//420
f 421//421 422//422 423//423
f 424//424 425//425 426//426
f 427//427 428//428 429//429
f 430//430 431//431 432//432
f 433//433 434//434 435//435
f 436//436 437//437 438//438
f 439//439 440//440 441//441
f 442//442 443//443 444//444
f 445//445 446//446 447//447
f 448//448 449//449 450//450
f 451//451 452//452 453//453
f 454//454 455//455 456//456
f 457//457 458//458 459//459
f 460//460 461//461 462//462
f 463//463 464//464 465//465
f 466//466 467//467 468//468
f 469//469 470//470 471//471
f 472//472 473//473 474//474
f 475//475 476//476 477//477
f 478//478 479//479 480//480
f 481//481 482//482 483//483
f 484//484 485//485 486//486
f 487//487 488//488 489//489
f 490//490 491//491 492//492
f 493//493 494//494 495//495
f 496//496 497//497 498//498
f 499//499 500//500 501//501
f 502//502 503//503 504//504
f 505//505 506//506 507//507
f 508//508 509//509 510//510
f 511//511 512//512 513//513
f 514//514 515//515 516//516
f 517//517 518//518 519//519
f 520//520 521//521 522//522
f 523//523 524//524 525//525
f 526//526 527//527 528//528
f 529//529 530//530 531//531
f 532//532 533//533 534//534
f 535//535 536//536 537//537
f 538//538 539//539 540//540
f 541//541 542//542 543//543
f 544//544 545//545 546//546
f 547//547 548//548 549//549
f 550//550 551//551 552//552
f 553//553 554//554 555//555
f 556//556 557//557 558//558
f 559//559 560//560 561//561
f 562//562 563//563 564//564
f 565//565 566//566 567//567
f 568//568 569//569 570//570
f 571//571 572//572 573//573
f 574//574 575//575 576//576
f 577//577 578//578 579//579
f 580//580 581//581 582//582
f 583//583 584//584 585//585
f 586//586 587//587 588//588
f 589//589 590//590 591//591
f 592//592 593//593 594//594
f 595//595 596//596 597//597
f 598//598 599//599 600//600
f 601//601 602//602 603//603
f 604//604 605//605 606//606
f 607//607 608//608 609//609
f 610//610 611//611 612//612
f 613//613 614//614 615//615
f 616//616 617//617 618//618
f 619//619 620//620 621//621
f 622//622 623//623 624//624
f 625//625 626//626 627//627
f 628//628 629//629 630//630
f 631//631 632//632 633//633
f 634//634 635//635 636//636
f 637//637 638//638 639//639
f 640//640 641//641 642//642
f 643//643 644//644 645//645
f 646//646 647//647 648//648
f 649//649 650//650 651//651
f 652//652 653//653 654//654
f 655//655 656//656 657//657
f 658//658 659//659 660//660
f 661//661 662//662 663//663
f 664//664 665//665 666//666
f 667//667 668//668 669//669
f 670//670 671//671 672//672
f 673//673 674//674 675//675
f 676//676 677//677 678//678
f 679//679 680//680 681//681
f 682//682 683//683 684//684
f 685//685 686//686 687//687
f 688//688 689//689 690//690
f 691//691 692//692 693//693
f 694//694 695//695 696//696
f 697//697 698//698 699//699
f 700//700 701//701 702//702
f 703//703 704//704 705//705
f 706//706 707//707 708//708
f 709//709 710//710 711//711
f 712//712 713//713 714//714
f 715//715 716//716 717//717
f 718//718 719//719 720//720
f 721//721 722//722 723//723
f 724//724 725//725 726//726
f 727//727 728//728 729//729
f 730//730 731//731 732//732
f 733//733 734//734 735//735
f 736//736 737//737 738//738
f 739//739 740//740 741//741
f 742//742 743//743 744//744
f 745//745 746//746 747//747
f 748//748 749//749 750//750
f 751//751 752//752 753//753
f 754//754 755//755 756//756
f 757//757 758//758 759//759
f 760//760 761//761 762//762
f 763//763 764//764 765//765
f 766//766 767//767 768//768
f 769//769 770//770 771//771
f 772//772 773//773 774//774
f 775//775 776//776 777//777
f 778//778 779//779 780//780
f 781//781 782//782 783//783
f 784//784 785//785 786//786
f 787//787 788//788 789//789
f 790//790 791//791 792//792
f 793//793 794//794 795//795
f 796//796 797//797 798//798
f 799//799 800//800 801//801
f 802//802 803//803 804//804
f 805//805 806//806 807//807
f 808//808 809//809 810//810
f 811//811 812//812 813//813
f 814//814 815//815 816//816
f 817//817 818//818 819//819
f 820//820 821//821 822//822
f 823//823 824//824 825//825
f 826//826 827//827 828//828
f 829//829 830//830 831//831
f 832//832 833//833 834//834
f 835//835 836//836 837//837
f 838//838 839//839 840//840
f 841//841 842//842 843//843
f 844//844 845//845 846//846
f 847//847 848//848 849//849
f 850//850 851//851 852//852
f 853//853 854//854 855//855
f 856//856 857//857 858//858
f 859//859 860//860 861//861
f 862//862 863//863 864//864
f 865//865 866//866 867//867
f 868//868 869//869 870//870
f 871//871 872//872 873//873
f 874//874 875//875 876//876
f 877//877 878//878 879//879
f 880//880 881//881 882//882
f 883//883 884//884 885//885
f 886//886 887//887 888//888
f 889//889 890//890 891//891
f 892//892 893//893 894//894
f 895//895 896//896 897//897
f 898//898 899//899 900//900
f 901//901 902//902 903//903
f 904//904 905//905 906//906
f 907//907 908//908 909//909
f 910//910 911//911 912//912
f 913//913 914//914 915//915
f 916//916 917//917 918//918
f 919//919 920//920 921//921
f 922//922 923//923 924//924
f 925//925 926//926 927//927
f 928//928 929//929 930//930
f 931//931 932//932 933//933
f 934//934 935//935 936//936
f 937//937 938//938 939//939
f 940//940 941//941 942//942
f 943//943 944//944 945//945
f 946//946 947//947 948//948
f 949//949 950//950 951//951
f 952//952 953//953 954//954
f 955//955 956//956 957//957
f 958//958 959//959 960//960
f 961//961 962//962 963//963
f 964//964 965//965 966//966
f 967//967 968//968 969//969
f 970//970 971//971 972//972
f 973//973 974//974 975//975
f 976//976 977//977 978//978
f 979//979 980//980 981//981
f 982//982 983//983 984//984
f 985//985 986//986 987//987
f 988//988 989//989 990//990
f 991//991 992//992 993//993
f 994//994 995//995 996//996
f 997//997 998//998 999//999
f 1000//1000 1001//1001 1002//1002
f 1003//1003 1004//1004 1005//1005
f 1006//1006 1007//1007 1008//1008
f 1009//1009 1010//1010 1011//1011
f 1012//1012 1013//1013 1014//1014
f 1015//1015 1016//1016 1017//1017
f 1018//1018 1019//1019 1020//1020
f 1021//1021 1022//1022 1023//1023
f 1024//1024 1025//1025 1026//1026
f 1027//1027 1028//1028 1029//1029
f 1030//1030 1031//1031 1032//1032
f 1033//1033 1034//1034 1035//1035
f 1036//1036 1037//1037 1038//1038
f 1039//1039 1040//1040 1041//1041
f 1042//1042 1043//1043 1044//1044
f 1045//1045 1046//1046 1047//1047
f 1048//1048 1049//1049 1050//1050
f 1051//1051 1052//1052 1053//1053
f 1054//1054 1055//1055 1056//1056
f 1057//1057 1058//1058 1059//1059
f 1060//1060 1061//1061 1062//1062
f 1063//1063 1064//1064 1065//1065
f 1066//1066 1067//1067 1068//1068
f 1069//1069 1070//1070 1071//1071
f 1072//1072 1073//1073 1074//1074
f 1075//1075 1076//1076 1077//1077
f 1078//1078 1079//1079 1080//1080
f 1081//1081 1082//1082 1083//1083
f 1084//1084 1085//1085 1086//1086
f 1087//1087 1088//1088 1089//1089
f 1090//1090 1091//1091 1092//1092
f 1093//1093 1094//1094 1095//1095
f 1096//1096 1097//1097 1098//1098
f 1099//1099 1100//1100 1101//1101
f 1102//1102 1103//1103 1104//1104
f 1105//1105 1106//1106 1107//1107
f 1108//1108 1109//1109 1110//1110
f 1111//1111 1112//1112 1113//1113
f 1114//1114 1115//1115 1116//1116
f 1117//1117 1118//1118 1119//1119
f 1120//1120 1121//1121 1122//1122
f 1123//1123 1124//1124 1125//1125
f 1126//1126 1127//1127 1128//1128
f 1129//1129 1130//1130 1131//1131
f 1132//1132 1133//1133 1134//1134
f 1135//1135 1136//1136 1137//1137
f 1138//1138 1139//1139 1140//1140
f 1141//1141 1142//1142 1143//1143
f 1144//1144 1145//1145 1146//1146
f 1147//1147 1148//1148 1149//1149
f 1150//1150 1151//1151 1152//1152
f 1153//1153 1154//1154 1155//1155
f 1156//1156 1157//1157 1158//1158
f 1159//1159 1160//1160 1161//1161
f 1162//1162 1163//1163 1164//1164
f 1165//1165 1166//1166 1167//1167
f 1168//1168 1169//1169 1170//1170
f 1171//1171 1172//1172 1173//1173
f 1174//1174 1175//1175 1176//1176
f 1177//1177 1178//1178 1179//1179
f 1180//1180 1181//1181 1182//1182
f 1183//1183 1184//1184 1185//1185
f 1186//1186 1187//1187 1188//1188
f 1189//1189 1190//1190 1191//1191
f 1192//1192 1193//1193 1194//1194
f 1195//1195 1196//1196 1197//1197
f 1198//1198 1199//1199 1200//1200
f 1201//1201 1202//1202 1203//1203
f 1204//1204 1205//1205 1206//1206
f 1207//1207 1208//1208 1209//1209
f 1210//1210 1211//1211 1212//1212
f 1213//1213 1214//1214 1215//1215
f 1216//1216 1217//1217 1218//1218
f 1219//1219 1220//1220 1221//1221
f 1222//1222 1223//1223 1224//1224
f 1225//1225 1226//1226 1227//1227
f 1228//1228 1229//1229 1230//1230
f 1231//1231 1232//1232 1233//1233
f 1234//1234 1235//1235 1236//1236
f 1237//1237 1238//1238 1239//1239
f 1240//1240 1241//1241 1242//1242
f 1243//1243 1244//1244 1245//1245
f 1246//1246 1247//1247 1248//1248
f 1249//1249 1250//1250 1251//1251
f 1252//1252 1253//1253 1254//1254
f 1255//1255 1256//1256 1257//1257
f 1258//1258 1259//1259 1260//1260
f 1261//1261 1262//1262 1263//1263
f 1264//1264 1265//1265 1266//1266
f 1267//1267 1268//1268 1269//1269
f 1270//1270 1271//1271 1272//1272
f 1273//1273 1274//1274 1275//1275
f 1276//1276 1277//1277 1278//1278
f 1279//1279 1280//1280 1281//1281
f 1282//1282 1283//1283 1284//1284
f 1285//1285 1286//1286 1287//1287
f 1288//1288 1289//1289 1290//1290
f 1291//1291 1292//1292 1293//1293
f 1294//1294 1295//1295 1296//1296
f 1297//1297 1298//1298 1299//1299
f 1300//1300 1301//1301 1302//1302
f 1303//1303 1304//1304 1305//1305
f 1306//1306 1307//1307 1308//1308
f 1309//1309 1310//1310 1311//1311
f 1312//1312 1313//1313 1314//1314
f 1315//1315 1316//1316 1317//1317
f 1318//1318 1319//1319 1320//1320
f 1321//1321 1322//1322 1323//1323
f 1324//1324 1325//1325 1326//1326
f 1327//1327 1328//1328 1329//1329
f 1330//1330 1331//1331 1332//1332
f 1333//1333 1334//1334 1335//1335
f 1336//1336 1337//1337 1338//1338
f 1339//1339 1340//1340 1341//1341
f 1342//1342 1343//1343 1344//1344
f 1345//1345 1346//1346 1347//1347
f 1348//1348 1349//1349 1350//1350
f 1351//1351 1352//1352 1353//1353
f 1354//1354 1355//1355 1356//1356
f 1357//1357 1358//1358 1359//1359
f 1360//1360 1361//1361 1362//1362
f 1363//1363 1364//1364 1365//1365
f 1366//1366 1367//1367 1368//1368
f 1369//1369 1370//1370 1371//1371
f 1372//1372 1373//1373 1374//1374
f 1375//1375 1376//1376 1377//1377
f 1378//1378 1379//1379 1380//1380
f 1381//1381 1382//1382 1383//1383
f 1384//1384 1385//1385 1386//1386
f 1387//1387 1388//1388 1389//1389
f 1390//1390 1391//1391 1392//1392
f 1393//1393 1394//1394 1395//1395
f 1396//1396 1397//1397 1398//1398
f 1399//1399 1400//1400 1401//1401
f 1402//1402 1403//1403 1404//1404
f 1405//1405 1406//1406 1407//1407
f 1408//1408 1409//1409 1410//1410
f 1411//1411 1412//1412 1413//1413
f 1414//1414 1415//1415 1416//1416
f 1417//1417 1418//1418 1419//1419
f 1420//1420 1421//1421 1422//1422
f 1423//1423 1424//1424 1425//1425
f 1426//1426 1427//1427 1428//1428
f 1429//1429 1430//1430 1431//1431
f 1432//1432 1433//1433 1434//1434
f 1435//1435 1436//1436 1437//1437
f 1438//1438 1439//1439 1440//1440
f 1441//1441 1442//1442 1443//1443
f 1444//1444 1445//1445 1446//1446
f 1447//1447 1448//1448 1449//1449
f 1450//1450 1451//1451 1452//1452
f 1453//1453 1454//1454 1455//1455
f 1456//1456 1457//1457 1458//1458
f 1459//1459 1460//1460 1461//1461
f 1462//1462 1463//1463 1464//1464
f 1465//1465 1466//1466 1467//1467
f 1468//1468 1469//1469 1470//1470
f 1471//1471 1472//1472 1473//1473
f 1474//1474 1475//1475 1476//1476
f 1477//1477 1478//1478 1479//1479
f 1480//1480 1481//1481 1482//1482
f 1483//1483 1484//1484 1485//1485
f 1486//1486 1487//1487 1488//1488
f 1489//1489 1490//1490 1491//1491
f 1492//1492 1493//1493 1494//1494
f 1495//1495 1496//1496 1497//1497
f 1498//1498 1499//1499 1500//1500
f 1501//1501 1502//1502 1503//1503
f 1504//1504 1505//1505 1506//1506
f 1507//1507 1508//1508 1509//1509
f 1510//1510 1511//1511 1512//1512
f 1513//1513 1514//1514 1515//1515
f 1516//1516 1517//1517 1518//1518
f 1519//1519 1520//1520 1521//1521
f 1522//1522 1523//1523 1524//1524
f 1525//1525 1526//1526 1527//1527
f 1528//1528 1529//1529 1530//1530
f 1531//1531 1532//1532 1533//1533
f 1534//1534 1535//1535 1536//1536
f 1537//1537 1538//1538 1539//1539
f 1540//1540 1541//1541 1542//1542
f 1543//1543 1544//1544 1545//1545
f 1546//1546 1547//1547 1548//1548
f 1549//1549 1550//1550 1551//1551
f 1552//1552 1553//1553 1554//1554
f 1555//1555 1556//1556 1557//1557
f 1558//1558 1559//1559 1560//1560
f 1561//1561 1562//1562 1563//1563
f 1564//1564 1565//1565 1566//1566
f 1567//1567 1568//1568 1569//1569
f 1570//1570 1571//1571 1572//1572
f 1573//1573 1574//1574 1575//1575
f 1576//1576 1577//1577 1578//1578
f 1579//1579 1580//1580 1581//1581
f 1582//1582 1583//1583 1584//1584
f 1585//1585 1586//1586 1587//1587
f 1588//1588 1589//1589 1590//1590
f 1591//1591 1592//1592 1593//1593
f 1594//1594 1595//1595 1596//1596
f 1597//1597 1598//1598 1599//1599
f 1600//1600 1601//1601 1602//1602
f 1603//1603 1604//1604 1605//1605
f 1606//1606 1607//1607 1608//1608
f 1609//1609 1610//1610 1611//1611
f 1612//1612 1613//1613 1614//1614
f 1615//1615 1616//1616 1617//1617
f 1618//1618 1619//1619 1620//1620
f 1621//1621 1622//1622 1623//1623
f 1624//1624 1625//1625 1626//1626
f 1627//1627 1628//1628 1629//1629
f 1630//1630 1631//1631 1632//1632
f 1633//1633 1634//1634 1635//1635
f 1636//1636 1637//1637 1638//1638
f 1639//1639 1640//1640 1641//1641
f 1642//1642 1643//1643 1644//1644
f 1645//1645 1646//1646 1647//1647
f 1648//1648 1649//1649 1650//1650
f 1651//1651 1652//1652 1653//1653
f 1654//1654 1655//1655 1656//1656
f 1657//1657 1658//1658 1659//1659
f 1660//1660 1661//1661 1662//1662
f 1663//1663 1664//1664 1665//1665
f 1666//1666 1667//1667 1668//1668
f 1669//1669 1670//1670 1671//1671
f 1672//1672 1673//1673 1674//1674
f 1675//1675 1676//1676 1677//1677
f 1678//1678 1679//1679 1680//1680
f 1681//1681 1682//1682 1683//1683
f 1684//1684 1685//1685 1686//1686
f 1687//1687 1688//1688 1689//1689
f 1690//1690 1691//1691 1692//1692
f 1693//1693 1694//1694 1695//1695
f 1696//1696 1697//1697 1698//1698
f 1699//1699 1700//1700 1701//1701
f 1702//1702 1703//1703 1704//1704
f 1705//1705 1706//1706 1707//1707
f 1708//1708 1709//1709 1710//1710
f 1711//1711 1712//1712 1713//1713
f 1714//1714 1715//1715 1716//1716
f 1717//1717 1718//1718 1719//1719
f 1720//1720 1721//1721 1722//1722
f 1723//1723 1724//1724 1725//1725
f 1726//1726 1727//1727 1728//1728
f 1729//1729 1730//1730 1731//1731
f 1732//1732 1733//1733 1734//1734
f 1735//1735 1736//1736 1737//1737
f 1738//1738 1739//1739 1740//1740
f 1741//1741 1742//1742 1743//1743
f 1744//1744 1745//1745 1746//1746
f 1747//1747 1748//1748 1749//1749
f 1750//1750 1751//1751 1752//1752
f 1753//1753 1754//1754 1755//1755
f 1756//1756 1757//1757 1758//1758
f 1759//1759 1760//1760 1761//1761
f 1762//1762 1763//1763 1764//1764
f 1765//1765 1766//1766 1767//1767
f 1768//1768 1769//1769 1770//1770
f 1771//1771 1772//1772 1773//1773
f 1774//1774 1775//1775 1776//1776
f 1777//1777 1778//1778 1779//1779
f 1780//1780 1781//1781 1782//1782
f 1783//1783 1784//1784 1785//1785
f 1786//1786 1787//1787 1788//1788
f 1789//1789 1790//1790 1791//1791
f 1792//1792 1793//1793 1794//1794
f 1795//1795 1796//1796 1797//1797
f 1798//1798 1799//1799 1800//1800
f 1801//1801 1802//1802 1803//1803
f 1804//1804 1805//1805 1806//1806
f 1807//1807 1808//1808 1809//1809
f 1810//1810 1811//1811 1812//1812
f 1813//1813 1814//1814 1815//1815
f 1816//1816 1817//1817 1818//1818
f 1819//1819 1820//1820 1821//1821
f 1822//1822 1823//1823 1824//1824
f 1825//1825 1826//1826 1827//1827
f 1828//1828 1829//1829 1830//1830
f 1831//1831 1832//1832 1833//1833
f 1834//1834 1835//1835 1836//1836
f 1837//1837 1838//1838 1839//1839
f 1840//1840 1841//1841 1842//1842
f 1843//1843 1844//1844 1845//1845
f 1846//1846 1847//1847 1848//1848
f 1849//1849 1850//1850 1851//1851
f 1852//1852 1853//1853 1854//1854
f 1855//1855 1856//1856 1857//1857
f 1858//1858 1859//1859 1860//1860
f 1861//1861 1862//1862 1863//1863
f 1864//1864 1865//1865 1866//1866
f 1867//1867 1868//1868 1869//1869
f 1870//1870 1871//1871 1872//1872
f 1873//1873 1874//1874 1875//1875
f 1876//1876 1877//1877 1878//1878
f 1879//1879 1880//1880 1881//1881
f 1882//1882 1883//1883 1884//1884
f 1885//1885 1886//1886 1887//1887
f 1888//1888 1889//1889 1890//1890
f 1891//1891 1892//1892 1893//1893
f 1894//1894 1895//1895 1896//1896
f 1897//1897 1898//1898 1899//1899
f 1900//1900 1901//1901 1902//1902
f 1903//1903 1904//1904 1905//1905
f 1906//1906 1907//1907 1908//1908
f 1909//1909 1910//1910 1911//1911
f 1912//1912 1913//1913 1914//1914
f 1915//1915 1916//1916 1917//1917
f 1918//1918 1919//1919 1920//1920
f 1921//1921 1922//1922 1923//1923
f 1924//1924 1925//1925 1926//1926
f 1927//1927 1928//1928 1929//1929
f 1930//1930 1931//1931 1932//1932
f 1933//1933 1934//1934 1935//1935
f 1936//1936 1937//1937 1938//1938
f 1939//1939 1940//1940 1941//1941
f 1942//1942 1943//1943 1944//1944
f 1945//1945 1946//1946 1947//1947
f 1948//1948 1949//1949 1950//1950
f 1951//1951 1952//1952 1953//1953
f 1954//1954 1955//1955 1956//1956
f 1957//1957 1958//1958 1959//1959
f 1960//1960 1961//1961 1962//1962
f 1963//1963 1964//1964 1965//1965
f 1966//1966 1967//1967 1968//1968
f 1969//1969 1970//1970 1971//1971
f 1972//1972 1973//1973 1974//1974
f 1975//1975 1976//1976 1977//1977
f 1978//1978 1979//1979 1980//1980
f 1981//1981 1982//1982 1983//1983
f 1984//1984 1985//1985 1986//1986
f 1987//1987 1988//1988 1989//1989
f 1990//1990 1991//1991 1992//1992
f 1993//1993 1994//1994 1995//1995
f 1996//1996 1997//1997 1998//1998
f 1999//1999 2000//2000 2001//2001
f 2002//2002 2003//2003 2004//2004
f 2005//2005 2006//2006 2007//2007
f 2008//2008 2009//2009 2010//2010
f 2011//2011 2012//2012 2013//2013
f 2014//2014 2015//2015 2016//2016
f 2017//2017 2018//2018 2019//2019
f 2020//2020 2021//2021 2022//2022
f 2023//2023 2024//2024 2025//2025
f 2026//2026 2027//2027 2028//2028
f 2029//2029 2030//2030 2031//2031
f 2032//2032 2033//2033 2034//2034
f 2035//2035 2036//2036 2037//2037
f 2038//2038 2039//2039 2040//2040
f 2041//2041 2042//2042 2043//2043
f 2044//2044 2045//2045 2046//2046
f 2047//2047 2048//2048 2049//2049
f 2050//2050 2051//2051 2052//2052
f 2053//2053 2054//2054 2055//2055
f 2056//2056 2057//2057 2058//2058
f 2059//2059 2060//2060 2061//2061
f 2062//2062 2063//2063 2064//2064
f 2065//2065 2066//2066 2067//2067
f 2068//2068 2069//2069 2070//2070
f 2071//2071 2072//2072 2073//2073
f 2074//2074 2075//2075 2076//2076
f 2077//2077 2078//2078 2079//2079
f 2080//2080 2081//2081 2082//2082
f 2083//2083 2084//2084 2085//2085
f 2086//2086 2087//2087 2088//2088
f 2089//2089 2090//2090 2091//2091
f 2092//2092 2093//2093 2094//2094
f 2095//2095 2096//2096 2097//2097
f 2098//2098 2099//2099 2100//2100
f 2101//2101 2102//2102 2103//2103
f 2104//2104 2105//2105 2106//2106
f 2107//2107 2108//2108 2109//2109
f 2110//2110 2111//2111 2112//2112
f 2113//2113 2114//2114 2115//2115
f 2116//2116 2117//2117 2118//2118
f 2119//2119 2120//2120 2121//2121
f 2122//2122 2123//2123 2124//2124
f 2125//2125 2126//2126 2127//2127
f 2128//2128 2129//2129 2130//2130
f 2131//2131 2132//2132 2133//2133
f 2134//2134 2135//2135 2136//2136
f 2137//2137 2138//2138 2139//2139
f 2140//2140 2141//2141 2142//2142
f 2143//2143 2144//2144 2145//2145
f 2146//2146 2147//2147 2148//2148
f 2149//2149 2150//2150 2151//2151
f 2152//2152 2153//2153 2154//2154
f 2155//2155 2156//2156 2157//2157
f 2158//2158 2159//2159 2160//2160
f 2161//2161 2162//2162 2163//2163
f 2164//2164 2165//2165 2166//2166
f 2167//2167 2168//2168 2169//2169
f 2170//2170 2171//2171 2172//2172
f 2173//2173 2174//2174 2175//2175
f 2176//2176 2177//2177 2178//2178
f 2179//2179 2180//2180 2181//2181
f 2182//2182 2183//2183 2184//2184
f 2185//2185 2186//2186 2187//2187
f 2188//2188 2189//2189 2190//2190
f 2191//2191 2192//2192 2193//2193
f 2194//2194 2195//2195 2196//2196
f 2197//2197 2198//2198 2199//2199
f 2200//2200 2201//2201 2202//2202
f 2203//2203 2204//2204 2205//2205
f 2206//2206 2207//2207 2208//2208
f 2209//2209 2210//2210 2211//2211
f 2212//2212 2213//2213 2214//2214
f 2215//2215 2216//2216 2217//2217
f 2218//2218 2219//2219 2220//2220
f 2221//2221 2222//2222 2223//2223
f 2224//2224 2225//2225 2226//2226
f 2227//2227 2228//2228 2229//2229
f 2230//2230 2231//2231 2232//2232
f 2233//2233 2234//2234 2235//2235
f 2236//2236 2237//2237 2238//2238
f 2239//2239 2240//2240 2241//2241
f 2242//2242 2243//2243 2244//2244
f 2245//2245 2246//2246 2247//2247
f 2248//2248 2249//2249 2250//2250
f 2251//2251 2252//2252 2253//2253
f 2254//2254 2255//2255 2256//2256
f 2257//2257 2258//2258 2259//2259
f 2260//2260 2261//2261 2262//2262
f 2263//2263 2264//2264 2265//2265
f 2266//2266 2267//2267 2268//2268
f 2269//2269 2270//2270 2271//2271
f 2272//2272 2273//2273 2274//2274
f 2275//2275 2276//2276 2277//2277
f 2278//2278 2279//2279 2280//2280
f 2281//2281 2282//2282 2283//2283
f 2284//2284 2285//2285 2286//2286
f 2287//2287 2288//2288 2289//2289
f 2290//2290 2291//2291 2292//2292
f 2293//2293 2294//2294 2295//2295
f 2296//2296 2297//2297 2298//2298
f 2299//2299 2300//2300 2301//2301
f 2302//2302 2303//2303 2304//2304
f 2305//2305 2306//2306 2307//2307
f 2308//2308 2309//2309 2310//2310
f 2311//2311 2312//2312 2313//2313
f 2314//2314 2315//2315 2316//2316
f 2317//2317 2318//2318 2319//2319
f 2320//2320 2321//2321 2322//2322
f 2323//2323 2324//2324 2325//2325
f 2326//2326 2327//2327 2328//2328
f 2329//2329 2330//2330 2331//2331
f 2332//2332 2333//2333 2334//2334
f 2335//2335 2336//2336 2337//2337
f 2338//2338 2339//2339 2340//2340
f 2341//2341 2342//2342 2343//2343
f 2344//2344 2345//2345 2346//2346
f 2347//2347 2348//2348 2349//2349
f 2350//2350 2351//2351 2352//2352
f 2353//2353 2354//2354 2355//2355
f 2356//2356 2357//2357 2358//2358
f 2359//2359 2360//2360 2361//2361
f 2362//2362 2363//2363 2364//2364
f 2365//2365 2366//2366 2367//2367
f 2368//2368 2369//2369 2370//2370
f 2371//2371 2372//2372 2373//2373
f 2374//2374 2375//2375 2376//2376
f 2377//2377 2378//2378 2379//2379
f 2380//2380 2381//2381 2382//2382
f 2383//2383 2384//2384 2385//2385
f 2386//2386 2387//2387 2388//2388
f 2389//2389 2390//2390 2391//2391
f 2392//2392 2393//2393 2394//2394
f 2395//2395 2396//2396 2397//2397
f 2398//2398 2399//2399 2400//2400
f 2401//2401 2402//2402 2403//2403
f 2404//2404 2405//2405 2406//2406
f 2407//2407 2408//2408 2409//2409
f 2410//2410 2411//2411 2412//2412
f 2413//2413 2414//2414 2415//2415
f 2416//2416 2417//2417 2418//2418
f 2419//2419 2420//2420 2421//2421
f 2422//2422 2423//2423 2424//2424
f 2425//2425 2426//2426 2427//2427
f 2428//2428 2429//2429 2430//2430
f 2431//2431 2432//2432 2433//2433
f 2434//2434 2435//2435 2436//2436
f 2437//2437 2438//2438 2439//2439
f 2440//2440 2441//2441 2442//2442
f 2443//2443 2444//2444 2445//2445
f 2446//2446 2447//2447 2448//2448
f 2449//2449 2450//2450 2451//2451
f 2452//2452 2453//2453 2454//2454
f 2455//2455 2456//2456 2457//2457
f 2458//2458 2459//2459 2460//2460
f 2461//2461 2462//2462 2463//2463
f 2464//2464 2465//2465 2466//2466
f 2467//2467 2468//2468 2469//2469
f 2470//2470 2471//2471 2472//2472
f 2473//2473 2474//2474 2475//2475
f 2476//2476 2477//2477 2478//2478
f 2479//2479 2480//2480 2481//2481
f 2482//2482 2483//2483 2484//2484
f 2485//2485 2486//2486 2487//2487
f 2488//2488 2489//2489 2490//2490
f 2491//2491 2492//2492 2493//2493
f 2494//2494 2495//2495 2496//2496
f 2497//2497 2498//2498 2499//2499
f 2500//2500 2501//2501 2502//2502
f 2503//2503 2504//2504 2505//2505
f 2506//2506 2507//2507 2508//2508
f 2509//2509 2510//2510 2511//2511
f 2512//2512 2513//2513 2514//2514
f 2515//2515 2516//2516 2517//2517
f 2518//2518 2519//2519 2520//2520
f 2521//2521 2522//2522 2523//2523
f 2524//2524 2525//2525 2526//2526
f 2527//2527 2528//2528 2529//2529
f 2530//2530 2531//2531 2532//2532
f 2533//2533 2534//2534 2535//2535
f 2536//2536 2537//2537 2538//2538
f 2539//2539 2540//2540 2541//2541
f 2542//2542 2543//2543 2544//2544
f 2545//2545 2546//2546 2547//2547
f 2548//2548 2549//2549 2550//2550
f 2551//2551 2552//2552 2553//2553
f 2554//2554 2555//2555 2556//2556
f 2557//2557 2558//2558 2559//2559
f 2560//2560 2561//2561 2562//2562
f 2563//2563 2564//2564 2565//2565
f 2566//2566 2567//2567 2568//2568
f 2569//2569 2570//2570 2571//2571
f 2572//2572 2573//2573 2574//2574
f 2575//2575 2576//2576 2577//2577
f 2578//2578 2579//2579 2580//2580
f 2581//2581 2582//2582 2583//2583
f 2584//2584 2585//2585 2586//2586
f 2587//2587 2588//2588 2589//2589
f 2590//2590 2591//2591 2592//2592
f 2593//2593 2594//2594 2595//2595
f 2596//2596 2597//2597 2598//2598
f 2599//2599 2600//2600 2601//2601
f 2602//2602 2603//2603 2604//2604
f 2605//2605 2606//2606 2607//2607
f 2608//2608 2609//2609 2610//2610
f 2611//2611 2612//2612 2613//2613
f 2614//2614 2615//2615 2616//2616
f 2617//2617 2618//2618 2619//2619
f 2620//2620 2621//2621 2622//2622
f 2623//2623 2624//2624 2625//2625
f 2626//2626 2627//2627 2628//2628
f 2629//2629 2630//2630 2631//2631
f 2632//2632 2633//2633 2634//2634
f 2635//2635 2636//2636 2637//2637
f 2638//2638 2639//2639 2640//2640
f 2641//2641 2642//2642 2643//2643
f 2644//2644 2645//2645 2646//2646
f 2647//2647 2648//2648 2649//2649
f 2650//2650 2651//2651 2652//2652
f 2653//2653 2654//2654 2655//2655
f 2656//2656 2657//2657 2658//2658
f 2659//2659 2660//2660 2661//2661
f 2662//2662 2663//2663 2664//2664
f 2665//2665 2666//2666 2667//2667
f 2668//2668 2669//2669 2670//2670
f 2671//2671 2672//2672 2673//2673
f 2674//2674 2675//2675 2676//2676
f 2677//2677 2678//2678 2679//2679
f 2680//2680 2681//2681 2682//2682
f 2683//2683 2684//2684 2685//2685
f 2686//2686 2687//2687 2688//2688
f 2689//2689 2690//2690 2691//2691
f 2692//2692 2693//2693 2694//2694
f 2695//2695 2696//2696 2697//2697
f 2698//2698 2699//2699 2700//2700
f 2701//2701 2702//2702 2703//2703
f 2704//2704 2705//2705 2706//2706
f 2707//2707 2708//2708 2709//2709
f 2710//2710 2711//2711 2712//2712
f 2713//2713 2714//2714 2715//2715
f 2716//2716 2717//2717 2718//2718
f 2719//2719 2720//2720 2721//2721
f 2722//2722 2723//2723 2724//2724
f 2725//2725 2726//2726 2727//2727
f 2728//2728 2729//2729 2730//2730
f 2731//2731 2732//2732 2733//2733
f 2734//2734 2735//2735 2736//2736
f 2737//2737 2738//2738 2739//2739
f 2740//2740 2741//2741 2742//2742
f 2743//2743 2744//2744 2745//2745
f 2746//2746 2747//2747 2748//2748
f 2749//2749 2750//2750 2751//2751
f 2752//2752 2753//2753 2754//2754
f 2755//2755 2756//2756 2757//2757
f 2758//2758 2759//2759 2760//2760
f 2761//2761 2762//2762 2763//2763
f 2764//2764 2765//2765 2766//2766
f 2767//2767 2768//2768 2769//2769
f 2770//2770 2771//2771 2772//2772
f 2773//2773 2774//2774 2775//2775
f 2776//2776 2777//2777 2778//2778
f 2779//2779 2780//2780 2781//2781
f 2782//2782 2783//2783 2784//2784
f 2785//2785 2786//2786 2787//2787
f 2788//2788 2789//2789 2790//2790
f 2791//2791 2792//2792 2793//2793
f 2794//2794 2795//2795 2796//2796
f 2797//2797 2798//2798 2799//2799
f 2800//2800 2801//2801 2802//2802
f 2803//2803 2804//2804 2805//2805
f 2806//2806 2807//2807 2808//2808
f 2809//2809 2810//2810 2811//2811
f 2812//2812 2813//2813 2814//2814
f 2815//2815 2816//2816 2817//2817
f 2818//2818 2819//2819 2820//2820
f 2821//2821 2822//2822 2823//2823
f 2824//2824 2825//2825 2826//2826
f 2827//2827 2828//2828 2829//2829
f 2830//2830 2831//2831 2832//2832
f 2833//2833 2834//2834 2835//2835
f 2836//2836 2837//2837 2838//2838
f 2839//2839 2840//2840 2841//2841
f 2842//2842 2843//2843 2844//2844
f 2845//2845 2846//2846 2847//2847
f 2848//2848 2849//2849 2850//2850
f 2851//2851 2852//2852 2853//2853
f 2854//2854 2855//2855 2856//2856
f 2857//2857 2858//2858 2859//2859
f 2860//2860 2861//2861 2862//2862
f 2863//2863 2864//2864 2865//2865
f 2866//2866 2867//2867 2868//2868
f 2869//2869 2870//2870 2871//2871
f 2872//2872 2873//2873 2874//2874
f 2875//2875 2876//2876 2877//2877
f 2878//2878 2879//2879 2880//2880
f 2881//2881 2882//2882 2883//2883
f 2884//2884 2885//2885 2886//2886
f 2887//2887 2888//2888 2889//2889
f 2890//2890 2891//2891 2892//2892
f 2893//2893 2894//2894 2895//2895
f 2896//2896 2897//2897 2898//2898
f 2899//2899 2900//2900 2901//2901
f 2902//2902 2903//2903 2904//2904
f 2905//2905 2906//2906 2907//2907
f 2908//2908 2909//2909 2910//2910
f 2911//2911 2912//2912 2913//2913
f 2914//2914 2915//2915 2916//2916
f 2917//2917 2918//2918 2919//2919
f 2920//2920 2921//2921 2922//2922
f 2923//2923 2924//2924 2925//2925
f 2926//2926 2927//2927 2928//2928
f 2929//2929 2930//2930 2931//2931
f 2932//2932 2933//2933 2934//2934
f 2935//2935 2936//2936 2937//2937
f 2938//2938 2939//2939 2940//2940
f 2941//2941 2942//2942 2943//2943
f 2944//2944 2945//2945 2946//2946
f 2947//2947 2948//2948 2949//2949
f 2950//2950 2951//2951 2952//2952
f 2953//2953 2954//2954 2955//2955
f 2956//2956 2957//2957 2958//2958
f 2959//2959 2960//2960 2961//2961
f 2962//2962 2963//2963 2964//2964
f 2965//2965 2966//2966 2967//2967
f 2968//2968 2969//2969 2970//2970
f 2971//2971 2972//2972 2973//2973
f 2974//2974 2975//2975 2976//2976
f 2977//2977 2978//2978 2979//2979
f 2980//2980 2981//2981 2982//2982
f 2983//2983 2984//2984 2985//2985
f 2986//2986 2987//2987 2988//2988
f 2989//2989 2990//2990 2991//2991
f 2992//2992 2993//2993 2994//2994
f 2995//2995 2996//2996 2997//2997
f 2998//2998 2999//2999 3000//3000
f 3001//3001 3002//3002 3003//3003
f 3004//3004 3005//3005 3006//3006
f 3007//3007 3008//3008 3009//3009
f 3010//3010 3011//3011 3012//3012
f 3013//3013 3014//3014 3015//3015
f 3016//3016 3017//3017 3018//3018
f 3019//3019 3020//3020 3021//3021
f 3022//3022 3023//3023 3024//3024
f 3025//3025 3026//3026 3027//3027
f 3028//3028 3029//3029 3030//3030
f 3031//3031 3032//3032 3033//3033
f 3034//3034 3035//3035 3036//3036
f 3037//3037 3038//3038 3039//3039
f 3040//3040 3041//3041 3042//3042
f 3043//3043 3044//3044 3045//3045
f 3046//3046 3047//3047 3048//3048
f 3049//3049 3050//3050 3051//3051
f 3052//3052 3053//3053 3054//3054
f 3055//3055 3056//3056 3057//3057
f 3058//3058 3059//3059 3060//3060
f 3061//3061 3062//3062 3063//3063
f 3064//3064 3065//3065 3066//3066
f 3067//3067 3068//3068 3069//3069
f 3070//3070 3071//3071 3072//3072
f 3073//3073 3074//3074 3075//3075
f 3076//3076 3077//3077 3078//3078
f 3079//3079 3080//3080 3081//3081
f 3082//3082 3083//3083 3084//3084
f 3085//3085 3086//3086 3087//3087
f 3088//3088 3089//3089 3090//3090
f 3091//3091 3092//3092 3093//3093
f 3094//3094 3095//3095 3096//3096
f 3097//3097 3098//3098 3099//3099
f 3100//3100 3101//3101 3102//3102
f 3103//3103 3104//3104 3105//3105
f 3106//3106 3107//3107 3108//3108
f 3109//3109 3110//3110 3111//3111
f 3112//3112 3113//3113 3114//3114
f 3115//3115 3116//3116 3117//3117
f 3118//3118 3119//3119 3120//3120
f 3121//3121 3122//3122 3123//3123
f 3124//3124 3125//3125 3126//3126
f 3127//3127 3128//3128 3129//3129
f 3130//3130 3131//3131 3132//3132
f 3133//3133 3134//3134 3135//3135
f 3136//3136 3137//3137 3138//3138
f 3139//3139 3140//3140 3141//3141
f 3142//3142 3143//3143 3144//3144
f 3145//3145 3146//3146 3147//3147
f 3148//3148 3149//3149 3150//3150
f 3151//3151 3152//3152 3153//3153
f 3154//3154 3155//3155 3156//3156
f 3157//3157 3158//3158 3159//3159
f 3160//3160 3161//3161 3162//3162
f 3163//3163 3164//3164 3165//3165
f 3166//3166 3167//3167 3168//3168
f 3169//3169 3170//3170 3171//3171
f 3172//3172 3173//3173 3174//3174
f 3175//3175 3176//3176 3177//3177
f 3178//3178 3179//3179 3180//3180
f 3181//3181 3182//3182 3183//3183
f 3184//3184 3185//3185 3186//3186
f 3187//3187 3188//3188 3189//3189
f 3190//3190 3191//3191 3192//3192
f 3193//3193 3194//3194 3195//3195
f 3196//3196 3197//3197 3198//3198
f 3199//3199 3200//3200 3201//3201
f 3202//3202 3203//3203 3204//3204
f 3205//3205 3206//3206 3207//3207
f 3208//3208 3209//3209 3210//3210
f 3211//3211 3212//3212 3213//3213
f 3214//3214 3215//3215 3216//3216
f 3217//3217 3218//3218 3219//3219
f 3220//3220 3221//3221 3222//3222
f 3223//3223 3224//3224 3225//3225
f 3226//3226 3227//3227 3228//3228
f 3229//3229 3230//3230 3231//3231
f 3232//3232 3233//3233 3234//3234
f 3235//3235 3236//3236 3237//3237
f 3238//3238 3239//3239 3240//3240
f 3241//3241 3242//3242 3243//3243
f 3244//3244 3245//3245 3246//3246
f 3247//3247 3248//3248 3249//3249
f 3250//3250 3251//3251 3252//3252
f 3253//3253 3254//3254 3255//3255
f 3256//3256 3257//3257 3258//3258
f 3259//3259 3260//3260 3261//3261
f 3262//3262 3263//3263 3264//3264
f 3265//3265 3266//3266 3267//3267
f 3268//3268 3269//3269 3270//3270
f 3271//3271 3272//3272 3273//3273
f 3274//3274 3275//3275 3276//3276
f 3277//3277 3278//3278 3279//3279
f 3280//3280 3281//3281 3282//3282
f 3283//3283 3284//3284 3285//3285
f 3286//3286 3287//3287 3288//3288
f 3289//3289 3290//3290 3291//3291
f 3292//3292 3293//3293 3294//3294
f 3295//3295 3296//3296 3297//3297
f 3298//3298 3299//3299 3300//3300
f 3301//3301 3302//3302 3303//3303
f 3304//3304 3305//3305 3306//3306
f 3307//3307 3308//3308 3309//3309
f 3310//3310 3311//3311 3312//3312
f 3313//3313 3314//3314 3315//3315
f 3316//3316 3317//3317 3318//3318
f 3319//3319 3320//3320 3321//3321
f 3322//3322 3323//3323 3324//3324
f 3325//3325 3326//3326 3327//3327
f 3328//3328 3329//3329 3330//3330
f 3331//3331 3332//3332 3333//3333
f 3334//3334 3335//3335 3336//3336
f 3337//3337 3338//3338 3339//3339
f 3340//3340 3341//3341 3342//3342
f 3343//3343 3344//3344 3345//3345
f 3346//3346 3347//3347 3348//3348
f 3349//3349 3350//3350 3351//3351
f 3352//3352 3353//3353 3354//3354
f 3355//3355 3356//3356 3357//3357
f 3358//3358 3359//3359 3360//3360
f 3361//3361 3362//3362 3363//3363
f 3364//3364 3365//3365 3366//3366
f 3367//3367 3368//3368 3369//3369
f 3370//3370 3371//3371 3372//3372
f 3373//3373 3374//3374 3375//3375
f 3376//3376 3377//3377 3378//3378
f 3379//3379 3380//3380 3381//3381
f 3382//3382 3383//3383 3384//3384
f 3385//3385 3386//3386 3387//3387
f 3388//3388 3389//3389 3390//3390
f 3391//3391 3392//3392 3393//3393
f 3394//3394 3395//3395 3396//3396
f 3397//3397 3398//3398 3399//3399
f 3400//3400 3401//3401 3402//3402
f 3403//3403 3404//3404 3405//3405
f 3406//3406 3407//3407 3408//3408
f 3409//3409 3410//3410 3411//3411
f 3412//3412 3413//3413 3414//3414
f 3415//3415 3416//3416 3417//3417
f 3418//3418 3419//3419 3420//3420
f 3421//3421 3422//3422 3423//3423
f 3424//3424 3425//3425 3426//3426
f 3427//3427 3428//3428 3429//3429
f 3430//3430 3431//3431 3432//3432
f 3433//3433 3434//3434 3435//3435
f 3436//3436 3437//3437 3438//3438
f 3439//3439 3440//3440 3441//3441
f 3442//3442 3443//3443 3444//3444
f 3445//3445 3446//3446 3447//3447
f 3448//3448 3449//3449 3450//3450
f 3451//3451 3452//3452 3453//3453
f 3454//3454 3455//3455 3456//3456
f 3457//3457 3458//3458 3459//3459
f 3460//3460 3461//3461 3462//3462
f 3463//3463 3464//3464 3465//3465
f 3466//3466 3467//3467 3468//3468
f 3469//3469 3470//3470 3471//3471
f 3472//3472 3473//3473 3474//3474
f 3475//3475 3476//3476 3477//3477
f 3478//3478 3479//3479 3480//3480
f 3481//3481 3482//3482 3483//3483
f 3484//3484 3485//3485 3486//3486
f 3487//3487 3488//3488 3489//3489
f 3490//3490 3491//3491 3492//3492
f 3493//3493 3494//3494 3495//3495
f 3496//3496 3497//3497 3498//3498
f 3499//3499 3500//3500 3501//3501
f 3502//3502 3503//3503 3504//3504
f 3505//3505 3506//3506 3507//3507
f 3508//3508 3509//3509 3510//3510
f 3511//3511 3512//3512 3513//3513
f 3514//3514 3515//3515 3516//3516
f 3517//3517 3518//3518 3519//3519
f 3520//3520 3521//3521 3522//3522
f 3523//3523 3524//3524 3525//3525
f 3526//3526 3527//3527 3528//3528
f 3529//3529 3530//3530 3531//3531
f 3532//3532 3533//3533 3534//3534
f 3535//3535 3536//3536 3537//3537
f 3538//3538 3539//3539 3540//3540
f 3541//3541 3542//3542 3543//3543
f 3544//3544 3545//3545 3546//3546
f 3547//3547 3548//3548 3549//3549
f 3550//3550 3551//3551 3552//3552
f 3553//3553 3554//3554 3555//3555
f 3556//3556 3557//3557 3558//3558
f 3559//3559 3560//3560 3561//3561
f 3562//3562 3563//3563 3564//3564
f 3565//3565 3566//3566 3567//3567
f 3568//3568 3569//3569 3570//3570
f 3571//3571 3572//3572 3573//3573
f 3574//3574 3575//3575 3576//3576
f 3577//3577 3578//3578 3579//3579
f 3580//3580 3581//3581 3582//3582
f 3583//3583 3584//3584 3585//3585
f 3586//3586 3587//3587 3588//3588
f 3589//3589 3590//3590 3591//3591
f 3592//3592 3593//3593 3594//3594
f 3595//3595 3596//3596 3597//3597
f 3598//3598 3599//3599 3600//3600
f 3601//3601 3602//3602 3603//3603
f 3604//3604 3605//3605 3606//3606
f 3607//3607 3608//3608 3609//3609
f 3610//3610 3611//3611 3612//3612
f 3613//3613 3614//3614 3615//3615
f 3616//3616 3617//3617 3618//3618
f 3619//3619 3620//3620 3621//3621
f 3622//3622 3623//3623 3624//3624
f 3625//3625 3626//3626 3627//3627
f 3628//3628 3629//3629 3630//3630
f 3631//3631 3632//3632 3633//3633
f 3634//3634 3635//3635 3636//3636
f 3637//3637 3638//3638 3639//3639
f 3640//3640 3641//3641 3642//3642
f 3643//3643 3644//3644 3645//3645
f 3646//3646 3647//3647 3648//3648
f 3649//3649 3650//3650 3651//3651
f 3652//3652 3653//3653 3654//3654
f 3655//3655 3656//3656 3657//3657
f 3658//3658 3659//3659 3660//3660
f 3661//3661 3662//3662 3663//3663
f 3664//3664 3665//3665 3666//3666
f 3667//3667 3668//3668 3669//3669
f 3670//3670 3671//3671 3672//3672
f 3673//3673 3674//3674 3675//3675
f 3676//3676 3677//3677 3678//3678
f 3679//3679 3680//3680 3681//3681
f 3682//3682 3683//3683 3684//3684
f 3685//3685 3686//3686 3687//3687
f 3688//3688 3689//3689 3690//3690
f 3691//3691 3692//3692 3693//3693
f 3694//3694 3695//3695 3696//3696
f 3697//3697 3698//3698 3699//3699
f 3700//3700 3701//3701 3702//3702
f 3703//3703 3704//3704 3705//3705
f 3706//3706 3707//3707 3708//3708
f 3709//3709 3710//3710 3711//3711
f 3712//3712 3713//3713 3714//3714
f 3715//3715 3716//3716 3717//3717
f 3718//3718 3719//3719 3720//3720
f 3721//3721 3722//3722 3723//3723
f 3724//3724 3725//3725 3726//3726
f 3727//3727 3728//3728 3729//3729
f 3730//3730 3731//3731 3732//3732
f 3733//3733 3734//3734 3735//3735
f 3736//3736 3737//3737 3738//3738
f 3739//3739 3740//3740 3741//3741
f 3742//3742 3743//3743 3744//3744
f 3745//3745 3746//3746 3747//3747
f 3748//3748 3749//3749 3750//3750
f 3751//3751 3752//3752 3753//3753
f 3754//3754 3755//3755 3756//3756
f 3757//3757 3758//3758 3759//3759
f 3760//3760 3761//3761 3762//3762
f 3763//3763 3764//3764 3765//3765
f 3766//3766 3767//3767 3768//3768
f 3769//3769 3770//3770 3771//3771
f 3772//3772 3773//3773 3774//3774
f 3775//3775 3776//3776 3777//3777
f 3778//3778 3779//3779 3780//3780
f 3781//3781 3782//3782 3783//3783
f 3784//3784 3785//3785 3786//3786
f 3787//3787 3788//3788 3789//3789
f 3790//3790 3791//3791 3792//3792
f 3793//3793 3794//3794 3795//3795
f 3796//3796 3797//3797 3798//3798
f 3799//3799 3800//3800 3801//3801
f 3802//3802 3803//3803 3804//3804
f 3805//3805 3806//3806 3807//3807
f 3808//3808 3809//3809 3810//3810
f 3811//3811 3812//3812 3813//3813
f 3814//3814 3815//3815 3816//3816
f 3817//3817 3818//3818 3819//3819
f 3820//3820 3821//3821 3822//3822
f 3823//3823 3824//3824 3825//3825
f 3826//3826 3827//3827 3828//3828
f 3829//3829 3830//3830 3831//3831
f 3832//3832 3833//3833 3834//3834
f 3835//3835 3836//3836 3837//3837
f 3838//3838 3839//3839 3840//3840
f 3841//3841 3842//3842 3843//3843
f 3844//3844 3845//3845 3846//3846
f 3847//3847 3848//3848 3849//3849
f 3850//3850 3851//3851 3852//3852
f 3853//3853 3854//3854 3855//3855
f 3856//3856 3857//3857 3858//3858
f 3859//3859 3860//3860 3861//3861
f 3862//3862 3863//3863 3864//3864
f 3865//3865 3866//3866 3867//3867
f 3868//3868 3869//3869 3870//3870
f 3871//3871 3872//3872 3873//3873
f 3874//3874 3875//3875 3876//3876
f 3877//3877 3878//3878 3879//3879
f 3880//3880 3881//3881 3882//3882
f 3883//3883 3884//3884 3885//3885
f 3886//3886 3887//3887 3888//3888
f 3889//3889 3890//3890 3891//3891
f 3892//3892 3893//3893 3894//3894
f 3895//3895 3896//3896 3897//3897
f 3898//3898 3899//3899 3900//3900
f 3901//3901 3902//3902 3903//3903
f 3904//3904 3905//3905 3906//3906
f 3907//3907 3908//3908 3909//3909
f 3910//3910 3911//3911 3912//3912
f 3913//3913 3914//3914 3915//3915
f 3916//3916 3917//3917 3918//3918
f 3919//3919 3920//3920 3921//3921
f 3922//3922 3923//3923 3924//3924
f 3925//3925 3926//3926 3927//3927
f 3928//3928 3929//3929 3930//3930
f 3931//3931 3932//3932 3933//3933
f 3934//3934 3935//3935 3936//3936
f 3937//3937 3938//3938 3939//3939
f 3940//3940 3941//3941 3942//3942
f 3943//3943 3944//3944 3945//3945
f 3946//3946 3947//3947 3948//3948
f 3949//3949 3950//3950 3951//3951
f 3952//3952 3953//3953 3954//3954
f 3955//3955 3956//3956 3957//3957
f 3958//3958 3959//3959 3960//3960
f 3961//3961 3962//3962 3963//3963
f 3964//3964 3965//3965 3966//3966
f 3967//3967 3968//3968 3969//3969
f 3970//3970 3971//3971 3972//3972
f 3973//3973 3974//3974 3975//3975
f 3976//3976 3977//3977 3978//3978
f 3979//3979 3980//3980 3981//3981
f 3982//3982 3983//3983 3984//3984
f 3985//3985 3986//3986 3987//3987
f 3988//3988 3989//3989 3990//3990
f 3991//3991 3992//3992 3993//3993
f 3994//3994 3995//3995 3996//3996
f 3997//3997 3998//3998 3999//3999
f 4000//4000 4001//4001 4002//4002
f 4003//4003 4004//4004 4005//4005
f 4006//4006 4007//4007 4008//4008
f 4009//4009 4010//4010 4011//4011
f 4012//4012 4013//4013 4014//4014
f 4015//4015 4016//4016 4017//4017
f 4018//4018 4019//4019 4020//4020
f 4021//4021 4022//4022 4023//4023
f 4024//4024 4025//4025 4026//4026
f 4027//4027 4028//4028 4029//4029
f 4030//4030 4031//4031 4032//4032
f 4033//4033 4034//4034 4035//4035
f 4036//4036 4037//4037 4038//4038
f 4039//4039 4040//4040 4041//4041
f 4042//4042 4043//4043 4044//4044
f 4045//4045 4046//4046 4047//4047
f 4048//4048 4049//4049 4050//4050
f 4051//4051 4052//4052 4053//4053
f 4054//4054 4055//4055 4056//4056
f 4057//4057 4058//4058 4059//4059
f 4060//4060 4061//4061 4062//4062
f 4063//4063 4064//4064 4065//4065
f 4066//4066 4067//4067 4068//4068
f 4069//4069 4070//4070 4071//4071
f 4072//4072 4073//4073 4074//4074
f 4075//4075 4076//4076 4077//4077
f 4078//4078 4079//4079 4080//4080
f 4081//4081 4082//4082 4083//4083
f 4084//4084 4085//4085 4086//4086
f 4087//4087 4088//4088 4089//4089
f 4090//4090 4091//4091 4092//4092
f 4093//4093 4094//4094 4095//4095
f 4096//4096 4097//4097 4098//4098
f 4099//4099 4100//4100 4101//4101
f 4102//4102 4103//4103 4104//4104
f 4105//4105 4106//4106 4107//4107
f 4108//4108 4109//4109 4110//4110
f 4111//4111 4112//4112 4113//4113
f 4114//4114 4115//4115 4116//4116
f 4117//4117 4118//4118 4119//4119
f 4120//4120 4121//4121 4122//4122
f 4123//4123 4124//4124 4125//4125
f 4126//4126 4127//4127 4128//4128
f 4129//4129 4130//4130 4131//4131
f 4132//4132 4133//4133 4134//4134
f 4135//4135 4136//4136 4137//4137
f 4138//4138 4139//4139 4140//4140
f 4141//4141 4142//4142 4143//4143
f 4144//4144 4145//4145 4146//4146
f 4147//4147 4148//4148 4149//4149
f 4150//4150 4151//4151 4152//4152
f 4153//4153 4154//4154 4155//4155
f 4156//4156 4157//4157 4158//4158
f 4159//4159 4160//4160 4161//4161
f 4162//4162 4163//4163 4164//4164
f 4165//4165 4166//4166 4167//4167
f 4168//4168 4169//4169 4170//4170
f 4171//4171 4172//4172 4173//4173
f 4174//4174 4175//4175 4176//4176
f 4177//4177 4178//4178 4179//4179
f 4180//4180 4181//4181 4182//4182
f 4183//4183 4184//4184 4185//4185
f 4186//4186 4187//4187 4188//4188
f 4189//4189 4190//4190 4191//4191
f 4192//4192 4193//4193 4194//4194
f 4195//4195 4196//4196 4197//4197
f 4198//4198 4199//4199 4200//4200
f 4201//4201 4202//4202 4203//4203
f 4204//4204 4205//4205 4206//4206
f 4207//4207 4208//4208 4209//4209
f 4210//4210 4211//4211 4212//4212
f 4213//4213 4214//4214 4215//4215
f 4216//4216 4217//4217 4218//4218
f 4219//4219 4220//4220 4221//4221
f 4222//4222 4223//4223 4224//4224
f 4225//4225 4226//4226 4227//4227
f 4228//4228 4229//4229 4230//4230
f 4231//4231 4232//4232 4233//4233
f 4234//4234 4235//4235 4236//4236
f 4237//4237 4238//4238 4239//4239
f 4240//4240 4241//4241 4242//4242
f 4243//4243 4244//4244 4245//4245
f 4246//4246 4247//4247 4248//4248
f 4249//4249 4250//4250 4251//4251
f 4252//4252 4253//4253 4254//4254
f 4255//4255 4256//4256 4257//4257
f 4258//4258 4259//4259 4260//4260
f 4261//4261 4262//4262 4263//4263
f 4264//4264 4265//4265 4266//4266
